ticker,last_close,last_date,ret_1w,ret_1m,ret_3m,ret_6m,ret_12m,rs_rating,rs_vs_bench_3m,vol_surge,near_high_pct,new_high_20d,new_high_60d,new_high_250d
1101,25.700000762939453,2026-10-08,0.005870901383876692,0.05761323332651491,0.11255412720925251,0.04662604869790843,,68.9,0.034297269019273324,0.7320364650621723,0.9771863691434786,False,False,False
1102,36.34999847412109,2026-10-08,0.01963525717478687,0.03708985065214976,0.08721959888632513,0.09332761480822604,,68.4,0.00896274069634595,0.6260338114052486,0.9980118176561441,True,True,False
1103,13.149999618530272,2026-10-08,-0.0037878932922233988,-0.0037878932922233988,0.016853166547703635,-0.01606651496521805,,48.9,-0.06140369164227555,0.6820830476568847,0.9564108390473381,False,False,False
1104,26.850000381469727,2026-10-08,0.005617963080303712,-0.023636349764737163,-0.009225092121066703,-0.019386866581588613,,44.0,-0.08748195031104589,0.4275487134717153,0.8758147809534949,False,False,False
1108,11.100000381469728,2026-10-08,-0.004484236661089103,-0.04721023648667977,-0.13856000629990117,-0.19366897639233172,,9.1,-0.21681686448988036,0.35946843739585815,0.7826154020770062,False,False,False
1109,13.149999618530272,2026-10-08,-0.011278238349882619,-0.029520337016533893,-0.04688933422030994,-0.09315685565647192,,29.1,-0.12514619241028913,0.7322310840141262,0.8839574762622852,False,False,False
1110,14.449999809265137,2026-10-08,-0.013651864469140462,-0.09119495874548744,-0.07667730597541256,-0.018200193445092272,,30.7,-0.15493416416539174,0.886522134729753,0.8463791189970848,False,False,False
1240,53.79999923706055,2026-10-08,-0.005545272560479764,-0.027124774334440493,0.03054806007736177,0.011301806609691045,,54.3,-0.04770879811261741,2.2644463556515673,0.9530508805012534,False,False,False
1301,81.30000305175781,2026-10-08,0.2170658583468199,0.22072079451095972,0.4017241905475486,0.7387998456706899,,93.0,0.3234673323575694,2.0425728636101477,1.0,True,True,False
1303,310.0,2026-10-08,0.22047244094488194,0.34490238611713675,0.7032967032967032,2.6603606298848,,98.1,0.6250398451067241,0.9525739938384132,0.9872611464968153,False,False,False
1304,13.149999618530272,2026-10-08,0.05622488513969315,0.07786883804241285,-0.03627311079630158,-0.16878553772843563,,24.5,-0.11452996898628076,1.049507751104397,0.7287359308164637,True,False,False
1305,13.0,2026-10-08,0.069958881329788,0.069958881329788,-0.007335232177003714,-0.17590096898146912,,28.8,-0.0855920903669829,1.1603860091901192,0.7101991174694289,True,False,False
1307,31.299999237060547,2026-10-08,-0.004769523759620031,0.026229483182313107,-0.02187502384185791,0.04872339881644683,,47.8,-0.1001318820318371,0.9650058340626764,0.8916952682842963,False,False,False
1308,14.550000190734863,2026-10-08,0.02464791451908055,0.0430107806217479,-0.016527753595829586,-0.11927859124114981,,32.7,-0.09478461178580877,0.7950691872498477,0.7604166666666666,False,False,False
1309,14.350000381469728,2026-10-08,0.047445297901756556,0.06296299121997984,-0.02377591853187211,-0.3921623502317141,,10.7,-0.10203277672185129,0.8313573399508113,0.5470539201493105,False,False,False
1310,10.050000190734863,2026-10-08,0.11419065196217959,0.16860462150553235,-0.09049773599447297,-0.024271844210729476,,27.4,-0.16875459418445216,1.0990263819681425,0.820408178835499,True,False,False
1312,15.149999618530272,2026-10-08,0.03767117963631028,0.07446802898249971,0.10989011296115403,0.17898826216201869,,74.6,0.031633254771174846,0.734242726612744,0.9680511174321066,True,False,False
1313,12.800000190734863,2026-10-08,0.03225811165403902,0.08474576134203637,-0.030303001841675226,0.09417828934861139,,50.8,-0.10855986003165441,1.2935497819565156,0.8951048965039967,True,False,False
1314,9.0600004196167,2026-10-08,0.01912261751729094,0.11851851764638832,-0.06597931981783445,0.09288304720227725,,44.0,-0.14423617800781363,1.0252179020259617,0.8711539184553412,False,False,False
1315,72.80000305175781,2026-10-08,0.05967985859743963,0.10303034926905785,0.17655779938051586,0.21927665089101867,,80.6,0.09830094119053667,1.8534232112953815,1.0,True,True,False
1316,10.399999618530272,2026-10-08,-0.009523845854259805,-0.032558175020439895,0.004830843982388755,-0.14403292633285603,,34.1,-0.07342601420759043,0.6653081216824371,0.6322187924732895,False,False,False
1319,80.80000305175781,2026-10-08,0.027989880665978184,-0.011015837577748377,0.060367536584550185,0.04403376912052526,,61.6,-0.017889321605429,0.6125692462260373,0.73990218211598,True,False,False
1321,32.650001525878906,2026-10-08,0.004615431565504702,0.0030722670095948423,0.034865366574279744,-0.02827371998168038,,51.5,-0.04339149161569944,0.965731810200682,0.8969780262966773,False,False,False
1323,21.549999237060547,2026-10-08,0.0023255459097928366,0.014117611155790355,0.056372531374249135,0.014294138859939576,,59.0,-0.02188432681573005,0.8003313667502019,0.9134820185205906,False,False,False
1324,9.880000114440918,2026-10-08,-0.016915430155978406,-0.03137251968706389,-0.05904760814848398,-0.16271186824229822,,21.5,-0.13730446633846316,2.311799435269958,0.774901969760072,False,False,False
1325,30.549999237060547,2026-10-08,0.18871588833238517,0.16603047127671355,0.24693874436981833,0.11700178467854405,,81.5,0.16868188617983915,3.17922043542613,0.8533519521820229,True,True,False
1326,77.5999984741211,2026-10-08,0.1462334117008548,0.07927672916933926,0.19938179496667474,0.7402851407601472,,90.2,0.12112493677669556,1.207952089911028,1.0,True,True,False
1336,17.799999237060547,2026-10-08,-0.02732240551067433,0.09202454418461081,0.25659477136415876,0.2971300471305163,,85.4,0.17833791317417957,0.6277889870956884,0.9726775944893257,False,False,False
1337,4.400000095367432,2026-10-08,-0.015659887720311794,-0.03508768627628134,-0.16190474373953678,-0.22261480318250904,,6.4,-0.24016160192951597,0.5737924024866415,0.6842924125713856,False,False,False
1338,15.100000381469728,2026-10-08,-0.013071882795547163,0.04498273915462758,-0.11377459809629553,-0.04199306127832669,,22.6,-0.19203145628627472,0.5858020953074704,0.698909606414105,False,False,False
1339,42.25,2026-10-08,-0.010538659365318392,-0.012850449693099564,-0.010818882672782748,0.07878084225208348,,52.7,-0.08907574086276193,0.7821381868903591,0.9604630098152843,False,False,False
1340,5.139999866485596,2026-10-08,-0.017208442114658773,0.005870789077760508,-0.10139859177977728,-0.23283581898349992,,11.1,-0.17965544996975646,0.8375996801552732,0.633785460428923,False,False,False
1341,59.09999847412109,2026-10-08,0.0016948893918828922,-0.015000025431315178,0.026041667356535347,0.061897522263561155,,57.8,-0.052215190833443836,0.8672232154359021,0.9736408192964101,False,False,False
1342,101.0,2026-10-08,0.010000000000000009,-0.024154589371980673,-0.094170403587444,0.13610796700153904,,42.0,-0.17242726177742318,0.412576573585786,0.8595744680851064,False,False,False
1343,31.600000381469727,2026-10-08,-0.042424230864553714,0.029315947757784455,0.29508200309443855,0.21538463005652786,,85.3,0.21682514490445937,0.6804936947971368,0.7900000095367432,False,False,False
1402,28.399999618530277,2026-10-08,0.016100137506525725,-0.01045300126948323,0.06954102361264147,0.12828477633297752,,68.3,-0.008715834577337711,0.3948949948951955,0.9357495638079126,False,False,False
1409,26.049999237060547,2026-10-08,0.06762293624288418,0.06981514697981339,-0.0759345592048074,0.6946027870111533,,80.0,-0.1541914173947866,1.3114180206656318,0.8526471469596704,False,False,False
1410,23.75,2026-10-08,-0.01656313146371058,-0.04040404040404044,-0.10881799850060225,-0.23886340527792538,,9.8,-0.18707485669058144,0.38660667012165517,0.681016992609569,False,False,False
1413,9.210000038146973,2026-10-08,-0.004324320200327247,-0.008611401941286734,-0.012861724173671485,-0.07157258394016297,,38.2,-0.09111858236365067,0.3787278853142085,0.8372727307406339,False,False,False
1414,17.950000762939453,2026-10-08,0.03458215379122076,0.011267648616307246,-0.08418365236820202,0.040579754373301524,,35.0,-0.1624405105581812,0.4797696907808995,0.8688094475366114,True,False,False
1416,12.0,2026-10-08,0.030042952182850247,0.03448272460139279,0.09090909090909083,0.09240938160757972,,69.0,0.012652232719111645,1.1170403356016427,0.9958506066436988,True,False,False
1417,8.15999984741211,2026-10-08,0.003690004003555236,-0.008505431192915691,-0.04993261772023494,-0.07910131771132611,,30.0,-0.12818947591021412,0.8358072556898695,0.9079563516928825,False,False,False
1418,18.649999618530277,2026-10-08,0.008108087488122973,0.04481788347136617,0.019125704702813273,-0.02099735614435594,,48.8,-0.05913115348716591,1.1042734823008067,0.8817966881753672,False,False,False
1419,65.9000015258789,2026-10-08,0.001519733578772664,-0.03513911301087613,0.018936025693625735,0.08414798914477006,,58.6,-0.05932083249635345,0.37457485875870117,0.8491133046620478,False,False,False
1423,34.75,2026-10-08,-0.021126760563380254,-0.022503495196324885,-0.05442176870748294,-0.05787886268721021,,31.1,-0.13267862689746213,0.20200211867817666,0.8376731024797578,False,False,False
1432,15.0,2026-10-08,-0.003322271767520979,-0.003322271767520979,-0.006622541651882696,-0.03295135810454375,,43.0,-0.08487939984186188,0.5506387485645263,0.8720929845724334,False,False,False
1434,19.450000762939453,2026-10-08,0.08356545605819599,0.07458565486284852,0.10584493600569189,0.20972726156518084,,75.5,0.027588077815712708,1.1778865365306108,0.9974359365609976,True,False,False
1435,20.5,2026-10-08,-0.06818181818181823,-0.09890109890109888,-0.24214415607400652,0.38983050847457634,,38.6,-0.3204010142639857,0.6432734179871034,0.6202723289933504,False,False,False
1436,36.0,2026-10-08,0.018387596999608347,-0.05013196436368339,-0.10167734710893195,-0.2497342479660658,,10.0,-0.17993420529891113,0.4964218958712975,0.5966767579808149,False,False,False
1437,31.25,2026-10-08,-0.018838316304033875,-0.029503128584793537,0.034044122960620316,0.03912129305655898,,57.3,-0.04421273522935887,0.46562813030431793,0.9258671132046598,False,False,False
1438,21.600000381469727,2026-10-08,-0.00917425975184516,0.03728117901370265,0.07272362323510917,-0.16056028268383604,,46.4,-0.005533234954870014,0.4644253562638495,0.6287391661701358,False,False,False
1439,28.049999237060547,2026-10-08,-0.031088134789655997,-0.04915256823523573,0.20423549441997335,0.03220197310668471,,76.7,0.12597863622999417,0.3384623879481539,0.9236370236664166,False,False,False
1440,14.350000381469728,2026-10-08,0.07089558134208773,0.06296299121997984,0.05592645332933621,0.15569901818626186,,68.3,-0.02233040486064297,1.9144494936406347,0.9408574840079316,True,True,False
1441,9.600000381469728,2026-10-08,-0.027355573173247327,-0.061163570610104245,-0.11733322366854815,-0.1603901647261161,,13.6,-0.19559008185852733,0.9409704602740182,0.5901257713416744,False,False,False
1442,26.649999618530277,2026-10-08,0.005660362963406662,-0.03429111402888474,0.009604712706202001,0.04618463852007171,,53.5,-0.06865214548377718,0.8467158903553434,0.7432354511013148,False,False,False
1443,22.549999237060547,2026-10-08,-0.034261290421393364,-0.052521010086989506,-0.1458333498901795,-0.054507384637998424,,16.7,-0.22409020808015867,1.0722566966245095,0.7884615012687536,False,False,False
1444,7.0,2026-10-08,0.014492739601511984,-0.004267455037411327,-0.18604654773239548,0.11287759021508914,,23.0,-0.26430340592237467,0.8116492070058874,0.7,False,False,False
1445,10.449999809265137,2026-10-08,0.04499998092651358,0.004807710823929057,-0.09523812669302989,-0.16064257274217986,,16.0,-0.17349498488300907,1.4681448355109612,0.6870277773772031,True,False,False
1446,13.350000381469728,2026-10-08,-0.007434901800260518,-0.0037312864540235413,-0.14968154568609982,-0.1162852858001775,,12.6,-0.227938403876079,0.5140580519640524,0.7481062853050734,False,False,False
1447,6.599999904632568,2026-10-08,0.013824834498691096,-0.01197603679070025,-0.236994197029343,0.28404670740686755,,28.9,-0.3152510552193222,0.4969290463645806,0.6606606662508303,False,False,False
1449,13.069307327270508,2026-10-08,0.07317084248710204,0.07566318828011953,-0.06313207842552815,-0.12579882983203017,,23.5,-0.14138893661550733,1.6937680331573963,0.7969090019065346,True,False,False
1451,17.149999618530273,2026-10-08,0.008823506972369,-0.008670498563314366,0.0,-0.009744691119106474,,47.0,-0.07825685818997918,1.3700714412608175,0.9661971616073394,False,False,False
1452,10.699999809265137,2026-10-08,-0.009259294417005237,-0.048888905843098907,-0.09322036980418236,-0.09166669162881913,,21.9,-0.17147722799416154,0.8036766624071495,0.861660085425956,False,False,False
1453,10.800000190734863,2026-10-08,-0.009174259751845049,-0.022624433998618243,-0.006785656996221245,-0.09927119255156258,,36.6,-0.08504251518620043,0.8493044124141809,0.7945714604656071,False,False,False
1454,12.199999809265137,2026-10-08,0.004115242164996369,-0.012145794945047639,-0.035357919189848985,-0.027732214459357585,,38.1,-0.11361477737982817,1.0422578101209485,0.740914855263423,False,False,False
1455,10.25,2026-10-08,0.04166665051364671,0.04591834699050068,0.01990047815616136,0.20664495928771842,,67.1,-0.05835638003381782,4.225611630172773,0.9318181818181818,False,False,False
1456,14.949999809265137,2026-10-08,0.01013510922953742,0.09926466102418718,0.07942233916954433,0.06785712923322396,,65.6,0.0011654809795651477,1.2730080304352376,0.9583332976724355,False,False,False
1457,14.300000190734863,2026-10-08,-0.010380596575101375,0.0,-0.00694440489197834,-0.062295069460008956,,40.0,-0.08520126308195752,1.2562232068571342,0.9196141488959733,False,False,False
1459,18.399999618530277,2026-10-08,0.08235291873707506,0.19869701376310434,0.3893207969113466,0.4257776108006117,,91.0,0.3110639387213674,7.1014513448017205,0.8953771436325463,False,False,False
1460,6.130000114440918,2026-10-08,-0.016051349009055138,-0.0698027355835995,-0.1614226863988103,-0.13172802207877632,,9.9,-0.23967954458878948,0.9161160320868663,0.7144522341432747,False,False,False
1463,17.649999618530273,2026-10-08,0.008571406773158374,0.020231236815314135,-0.008426945222445026,-0.016713154967022525,,44.7,-0.08668380341242421,0.8561588178482328,0.8914141564962274,False,False,False
1464,9.93000030517578,2026-10-08,-0.006999969482422097,-0.011940286893696972,-0.04508401264348716,-0.022129242771783075,,36.8,-0.12334087083346634,0.698646035313304,0.8546097428051765,False,False,False
1465,11.649999618530272,2026-10-08,0.0,-0.02100840403479587,-0.09263462119110422,-0.025971105829146635,,26.9,-0.1708914793810834,0.39679408937969557,0.8741285662540093,False,False,False
1466,14.25,2026-10-08,-0.0306122323199971,-0.08653848387550744,-0.17537410629060157,-0.15112039526720134,,7.8,-0.25363096448058076,0.36781136871343884,0.7233559686735361,False,False,False
1467,8.199999809265137,2026-10-08,0.03274556047493227,0.018633492543629337,-0.02497027847290545,0.15492956611377506,,57.0,-0.10322713666288463,1.265404653089903,0.7809523627871559,False,False,False
1468,13.149999618530272,2026-10-08,-0.029520337016533893,-0.025925954182942856,0.07786883804241285,0.07786883804241285,,66.2,-0.00038802014756633696,2.042221314879571,0.8795986479130702,False,False,False
1470,24.200000762939453,2026-10-08,-0.008196674537606863,-0.012244866818797884,0.11009181696661918,0.10695105099003155,,71.8,0.03183495877664,0.7424189742491979,0.9738430741025272,False,False,False
1471,9.3100004196167,2026-10-08,-0.01896726615834854,-0.03921560136451219,-0.10480761912447178,-0.2337447973728508,,10.7,-0.18306447731445097,0.744184066431126,0.6354949257364352,False,False,False
1472,89.69999694824219,2026-10-08,0.010135066053542863,-0.008839812726605611,0.023972585738588625,0.0007211019172697064,,52.1,-0.05428427245139056,1.6446806281670616,0.9904044016932596,True,False,False
1473,18.950000762939453,2026-10-08,-0.015584375951197216,-0.05721391028382583,-0.06650239038711281,-0.1859764800423167,,18.9,-0.144759248577092,1.3344680951698227,0.5982884757095466,False,False,False
1474,10.050000190734863,2026-10-08,0.0,0.0060060481472847815,-0.014234413059990625,0.03738669475507961,,48.4,-0.09249127124996981,2.511425989776898,0.8584374958251915,True,False,False
1475,26.0,2026-10-08,-0.0019193565652552147,-0.013282746732552586,-0.04411767387060073,-0.0745464788334611,,31.5,-0.12237453206057991,1.3154861285974062,0.7012089518610617,False,False,False
1476,310.0,2026-10-08,0.12932604735883424,0.013071895424836555,-0.07738095238095233,-0.005658734154218026,,31.8,-0.1556378105709315,1.6311828624883973,0.717157660695036,True,False,False
1477,204.0,2026-10-08,0.07086614173228356,0.04615384615384621,-0.06351081176232087,-0.04648373804132455,,30.5,-0.14176766995230006,1.0391499706072709,0.6412496165263843,True,False,False
1503,197.0,2026-10-08,-0.0025316455696202667,-0.050602409638554224,-0.1052329482615495,0.08187653312933652,,34.9,-0.18348980645152868,0.5558711689836906,0.7528730323565443,False,False,False
1504,71.69999694824219,2026-10-08,0.03762660682394703,0.0,0.04518948313520088,0.2210999767223587,,70.9,-0.0330673750547783,1.3384065526341953,0.6171919442593543,False,False,False
1506,9.600000381469728,2026-10-08,0.010526355944181942,-0.04950494862528321,-0.04950494862528321,-0.12727269259366103,,25.8,-0.1277618068152624,0.6780511473511373,0.7058823611909542,False,False,False
1512,6.269999980926514,2026-10-08,0.011290350615296818,0.004807726107171506,-0.11440677281187639,-0.1595174331280632,,14.2,-0.19266363100185557,0.8125533716596933,0.6837513553719112,False,False,False
1513,167.0,2026-10-08,0.0030030030030030463,0.0,0.009063444108761365,0.1692863445517534,,62.9,-0.06919341408121782,0.6943661675134668,0.9254244585750719,False,False,False
1514,102.5,2026-10-08,0.004901960784313708,0.0,-0.12134552338059301,0.011910065661385527,,25.4,-0.1996023815705722,0.6796513270175302,0.7140904187397709,False,False,False
1515,28.100000381469727,2026-10-08,-0.039316226274539234,-0.08019636388791462,-0.32289155707301864,0.2010483793848885,,10.6,-0.4011484152629978,0.25753341977609995,0.6265329172237033,False,False,False
1516,14.0,2026-10-08,0.03703703703703698,-0.05084745762711862,-0.23497264570111742,-0.33014352844354244,,1.8,-0.3132295038910966,1.28326564592995,0.5490196078431373,False,False,False
1517,10.399999618530272,2026-10-08,0.0,-0.009164320760585154,-0.02734482518109993,-0.061775157581172135,,36.3,-0.10560168337107911,0.3054789000899785,0.7439958601666916,False,False,False
1519,692.0,2026-10-08,0.005813953488372103,-0.06359945872801087,0.04640673230939063,-0.06705906312807675,,49.8,-0.03185012588058855,0.8076994792291152,0.7169824445754467,False,False,False
1521,25.799999237060547,2026-10-08,0.0,0.005847938431231325,-0.011494296552661099,0.05637603673449587,,50.7,-0.08975115474264028,0.95338937440734,0.8945405872439004,False,False,False
1522,26.399999618530277,2026-10-08,-0.0018904023806016745,-0.024029561436723523,-0.08193014838539858,-0.1460809974190319,,19.2,-0.16018700657537777,0.7449836669428962,0.5207612551783777,False,False,False
1524,26.950000762939453,2026-10-08,0.03853564433909962,0.007476664035119818,-0.05272407591475303,-0.06172344500410021,,31.1,-0.13098093410473222,1.3473933011798507,0.7899894664805969,True,False,False
1525,63.20000076293945,2026-10-08,-0.007849293469567753,-0.04819278146691419,-0.055306437646465256,0.04114965035158402,,40.7,-0.13356329583644444,0.6667872558512354,0.9186046215055323,False,False,False
1526,14.899999618530272,2026-10-08,-0.003344494406205767,-0.04180067937181642,0.031141855723527456,-0.10510510751317825,,43.4,-0.04711500246645173,0.0675218585964396,0.6326963949570834,False,False,False
1527,32.45000076293945,2026-10-08,-0.010670685434822635,-0.009160282047650292,0.0091917341066865,0.04651163935105895,,53.4,-0.06906512408329268,0.8347936600835704,0.9141131126420764,False,False,False
1528,23.700000762939453,2026-10-08,-0.051999969482421915,0.23759797572039743,0.03947375245592055,-0.12867646697895763,,42.6,-0.03878310573405863,0.5984687406918081,0.7476340754744455,False,False,False
1529,15.649999618530272,2026-10-08,0.0,-0.030959753053263817,-0.2105805077599262,-0.28278353281976476,,2.9,-0.2888373659499054,0.8880991649706497,0.605266718126576,False,False,False
1530,26.200000762939453,2026-10-08,-0.024208551556627378,-0.09655169782967399,0.0037984219511213446,0.0834950923310025,,55.6,-0.07445843623885784,0.791600631052317,0.800515193379342,False,False,False
1531,11.75,2026-10-08,0.012931001172197032,-0.008438850485279481,-0.02872056652963706,-0.039757784647307615,,38.3,-0.10697742471961624,0.8355849387130978,0.9251968642887636,False,False,False
1532,21.75,2026-10-08,-0.020270303940290058,-0.04605259965771458,-0.025917860885532162,0.01805876410188101,,44.7,-0.10417471907551135,1.0519841471573774,0.7996453956659424,False,False,False
1533,30.100000381469727,2026-10-08,-0.014729913807818407,-0.022727236134101436,-0.17307694726139333,0.02380955006877805,,18.6,-0.2513338054513725,0.9441839413415407,0.7413793476040601,False,False,False
1535,45.79999923706055,2026-10-08,-0.001090495937284719,-0.004347842672596802,-0.021007791121713915,-0.0722883923110137,,36.5,-0.0992646493116931,0.5015167685731861,0.8697296406088617,False,False,False
1536,46.400001525878906,2026-10-08,-0.005359056630712344,-0.05209395704424946,-0.07199996948242182,-0.05112474278097823,,28.4,-0.150256827672401,0.47458856020323975,0.7105666057795056,False,False,False
1537,114.0,2026-10-08,-0.008695652173912993,-0.012987012987012991,-0.037267387690221976,-0.02562145600985344,,37.9,-0.11552424588020116,0.744016948539904,0.9329957062314528,False,False,False
1538,9.100000381469728,2026-10-08,0.16219673948126467,0.011111153496636383,-0.09452734241149008,-0.2806323592184421,,9.2,-0.17278420060146926,1.0016505845074204,0.3285198603187352,True,False,False
1539,15.600000381469728,2026-10-08,-0.0031948395066631052,-0.00952378530350928,-0.018867876997362698,-0.05740174618639726,,38.5,-0.09712473518734188,0.37935928422336224,0.7238979551628788,False,False,False
1540,18.950000762939453,2026-10-08,-0.028205089080028056,-0.028205089080028056,-0.10719757990778533,-0.10317595646034594,,19.0,-0.18545443809776452,0.6057306791791063,0.7110533249664772,False,False,False
1541,20.5,2026-10-08,-0.012048192771084376,-0.0442890782820311,-0.046511627906976716,-0.2278719175485131,,18.7,-0.1247684860969559,0.951613986821136,0.6984667711603432,False,False,False
1558,107.5,2026-10-08,-0.0444444444444444,0.009389671361502261,0.2304072552448162,0.22509817355667594,,83.0,0.15215039705483702,0.5799004483935991,0.9429824561403509,False,False,False
1560,1010.0,2026-10-08,0.010000000000000009,0.3835616438356164,0.45669362385796375,1.0294853417998242,,94.8,0.37843676566798456,0.605431851992841,0.9711538461538461,False,False,False
1563,79.30000305175781,2026-10-08,0.04204999529303444,-0.002515684883549474,-0.08445091022351303,0.5222382181892207,,72.7,-0.16270776841349222,0.694603939608209,0.8897590154141998,False,False,False
1568,31.25,2026-10-08,-0.04434252994216481,0.06837606837606836,-0.07407407407407407,0.41702290441434986,,68.7,-0.15233093226405325,0.779598423687343,0.62751004977414,False,False,False
1569,70.0,2026-10-08,0.09717869650597044,0.39442228956454617,0.46750521761807917,0.33843214189565374,,91.6,0.3892483594281,3.497756482650878,0.9695291268527436,False,False,False
1570,32.650001525878906,2026-10-08,0.012403148089268345,0.0,-0.18881983786636258,0.054579886964439606,,18.5,-0.26707669605634177,0.43116903664735085,0.6110020316758684,False,False,False
1580,97.0,2026-10-08,-0.004106791782468533,-0.03482587064676612,-0.1632966731688833,-0.1956018078419749,,7.2,-0.24155353135886248,0.7118542259744287,0.7467352171320093,False,False,False
1582,71.0999984741211,2026-10-08,0.0,-0.032653081984747034,-0.11457041379820132,-0.29995493645619664,,7.0,-0.1928272719881805,0.7806275655865633,0.6151023584419972,False,False,False
1583,47.29999923706055,2026-10-08,0.005313496366713633,-0.0405679519462655,0.0697054935005832,0.17025543170602853,,70.7,-0.00855136468939599,0.8266785911772973,0.8611129649840252,False,False,False
1584,17.799999237060547,2026-10-08,-0.04301081333343315,0.0,-0.08010341673654531,-0.1893416219359343,,16.3,-0.1583602749265245,0.9279590171160716,0.7059549821909938,False,False,False
1586,17.799999237060547,2026-10-08,-0.005586613608986046,-0.016574648513063672,-0.0704961048752929,-0.2158590908013872,,15.6,-0.14875296306527208,0.5166025513445314,0.5855262980401679,False,False,False
1587,23.850000381469727,2026-10-08,0.0,-0.008315960995234684,-0.1358695633394882,-0.36058978902678274,,4.4,-0.21412642152946737,0.5080386601943271,0.4198943785532344,False,False,False
1589,5.539999961853027,2026-10-08,0.0,0.0,0.0,0.0,,47.5,-0.07825685818997918,,0.23083333174387613,True,True,False
1590,1205.0,2026-10-08,0.016877637130801704,-0.12043795620437958,-0.08488374108800023,0.14495937578038176,,45.5,-0.16314059927797941,1.0961047108903614,0.7554858934169278,False,False,False
1591,41.400001525878906,2026-10-08,0.0,0.16455702993995525,0.32905303476315884,-0.06015885941155974,,81.3,0.25079617657317965,0.7083539082584434,0.61152146812547,False,False,False
1593,31.549999237060547,2026-10-08,-0.0047319092198342405,-0.0062992366280142376,0.04817271884433172,-0.007789089875622768,,55.3,-0.030084139345647465,0.47513493267182044,0.9515120905695456,False,False,False
1594,7.53000020980835,2026-10-08,-0.05639095340721356,-0.04562733368430316,-0.06459626939201901,-0.0321336752259751,,31.8,-0.1428531275819982,0.5385305370294662,0.4796178535852354,False,False,False
1595,73.4000015258789,2026-10-08,-0.1188475529794113,0.07828944809745342,0.05518325155148607,0.7544616137636284,,86.2,-0.023073606638493116,2.021553823957269,0.7349535281941942,False,False,False
1597,142.5,2026-10-08,-0.07766990291262132,-0.0625,0.01952126098682272,0.5336481958956525,,80.7,-0.058735597203156464,0.7195239475129586,0.6481571771160306,False,False,False
1598,20.100000381469727,2026-10-08,-0.021897755342943137,-0.019512176513671875,0.05789475691945922,0.07464355779159715,,63.2,-0.02036210127051996,0.6005626920638241,0.8473575951364571,False,False,False
1599,22.549999237060547,2026-10-08,-0.023809572957859237,0.0017949396479823854,-0.019519798574646807,-0.09286277911131868,,34.5,-0.09777665676462599,0.5776274445837125,0.7432672315719273,False,False,False
1603,30.600000381469727,2026-10-08,-0.0016312964986244793,0.008237232186416588,0.009281390244480825,0.006171033508882484,,49.7,-0.06897546794549836,0.6598732697169432,0.7601921157140802,False,False,False
1604,23.649999618530277,2026-10-08,0.012847932854794575,0.0,0.012847932854794575,-0.012282059441936721,,48.7,-0.06540892533518461,0.872722938556847,0.9819305116536535,True,True,False
1605,39.09999847412109,2026-10-08,0.014267165964864326,0.03166218733323256,0.12195122485173004,0.2396865439892828,,78.7,0.04369436666175086,1.1314772484272266,0.8954846382085955,False,False,False
1608,36.54999923706055,2026-10-08,0.016689804211064807,0.013869625813639042,0.14883711477390404,0.20752384504581411,,79.4,0.07058025658392486,0.5441292902929632,0.9568062436407151,False,False,False
1609,38.25,2026-10-08,-0.011627926461706739,0.028225785363601652,-0.03164556962025311,0.16633327653080388,,56.7,-0.1099024278102323,1.019554280053247,0.8235842403540021,False,False,False
1611,11.350000381469728,2026-10-08,-0.008733574625432783,-0.029914481495824208,-0.14339619762492617,-0.0772357556531369,,15.2,-0.22165305581490535,0.5912029311933605,0.7566666920979819,False,False,False
1612,34.349998474121094,2026-10-08,-0.022759687539951168,-0.010086521069825771,0.02080228578010157,0.05083977126852601,,55.8,-0.05745457240987761,0.7766603219582026,0.9060746518141727,False,False,False
1614,31.149999618530277,2026-10-08,-0.0032000122070311443,0.009724448406838393,0.00813442392326591,0.003408804166652235,,49.2,-0.07012243426671327,0.7194884787467397,0.8713455824307532,False,False,False
1615,46.04999923706055,2026-10-08,0.0784542954160472,0.05017105677296274,0.08441124104613151,0.06792724167762065,,66.5,0.0061543828561523295,2.4544364155783396,0.9815978821342358,True,True,False
1616,18.700000762939453,2026-10-08,0.01907358987431773,0.0,-0.1457910313767724,-0.16023858227938326,,10.2,-0.2240478895667516,0.5675538348820774,0.533880570502972,False,False,False
1617,24.100000381469727,2026-10-08,-0.028225761174410002,0.35014004853961755,0.017396077425979373,0.6751067362861214,,83.6,-0.06086078076399981,2.5751078385150548,0.9316604402804447,False,False,False
1618,38.09999847412109,2026-10-08,-0.018041257131542476,-0.030534371151026418,-0.019277864165910485,0.018442256444643368,,46.1,-0.09753472235588967,0.795406278212324,0.7927993961580724,False,False,False
1623,194.0,2026-10-08,-0.02267002518891692,-0.0536585365853659,-0.1601731601731602,0.06301369863013706,,23.1,-0.23843001836313937,0.5823745994496214,0.5943627562123235,False,False,False
1626,9.739999771118164,2026-10-08,0.002057562092585119,0.0010277728008543097,-0.10642200807420932,-0.03564362344104954,,23.7,-0.1846788662641885,0.4014989412889853,0.7609374707797547,False,False,False
1708,57.0,2026-10-08,0.06343286609458554,0.1399999999999999,-0.050000000000000044,0.5269550516144907,,75.7,-0.12825685818997923,1.9427491415512645,0.9238249480579822,False,False,False
1709,61.0,2026-10-08,0.1466165249097935,0.7836256912047248,1.623804434914545,2.500842054633008,,98.7,1.5455475767245659,2.0022243971097247,0.9486780265142212,False,False,False
1710,18.100000381469727,2026-10-08,0.06470590479233684,0.15654957333280373,0.046242842756628155,0.3260073910110921,,75.3,-0.03201401543335103,1.092312708946895,0.9602122023967024,True,True,False
1711,46.25,2026-10-08,0.14056722244596132,0.1308068037781358,0.07060183294434319,0.38680666015289455,,79.7,-0.0076550252456359935,4.499186532734432,0.7459677419354839,False,False,False
1712,39.95000076293945,2026-10-08,0.0075661847544883365,-0.008684825824989861,0.015247835122864428,-0.0730857963503877,,43.5,-0.06300902306711476,0.36915646347450676,0.889754997890447,False,False,False
1713,44.95000076293945,2026-10-08,0.05889281401809998,0.033333350872171374,0.00896782425283904,0.020737298446930952,,51.1,-0.06928903393714014,1.2518729223705793,0.9132403412371113,False,False,False
1714,19.950000762939453,2026-10-08,0.23148147057985513,0.21276594757887324,0.13615311403105723,1.107285005039269,,92.3,0.05789625584107805,3.3810915213900796,0.8864490800191468,True,True,False
1717,74.4000015258789,2026-10-08,0.01224491871944089,0.01224491871944089,-0.029986903701121892,0.12301384720251218,,53.1,-0.10824376189110108,0.7400117243904489,0.8711943816925266,False,False,False
1718,12.199999809265137,2026-10-08,0.14553992922572223,0.1674641178891143,-0.14385966250770965,0.6621252800606194,,73.6,-0.22211652069768884,1.5560623578251453,0.8026315764707211,True,False,False
1721,27.75,2026-10-08,0.04323306774579572,0.23883930681159327,0.15625,0.6228069813420039,,87.3,0.07799314181002082,3.6371971992494223,0.7985611510791367,False,False,False
1722,41.45000076293945,2026-10-08,0.007290382161271092,-0.07062775378813979,-0.09832328097443332,-0.05608795427400726,,23.5,-0.1765801391644125,0.7122186527900819,0.8545476465996286,False,False,False
1723,84.30000305175781,2026-10-08,0.05771651542851264,0.0035714649018787625,0.04396288608987997,0.10411443474611404,,63.3,-0.03429397210009921,0.7032007853808376,0.9397993970991969,True,False,False
1725,34.79999923706055,2026-10-08,0.03880594737494181,0.08411217729858111,0.06912442558334098,0.21098082412464803,,72.5,-0.009132432606638208,2.6379534605081956,0.8725535441024659,True,True,False
1726,76.19999694824219,2026-10-08,-0.003921608519710018,-0.020565630343885588,0.0202488165589505,0.06372156628020176,,56.9,-0.058008041631028684,0.8671366282964623,0.9719387176681301,False,False,False
1727,107.0,2026-10-08,-0.044642857142857095,0.17582417582417587,0.16684845758930078,1.1266408365964629,,92.6,0.0885915993993216,2.4886438594471048,0.8699186991869918,False,False,False
1730,51.29999923706055,2026-10-08,0.0,-0.009652509794677244,0.0,0.02179779143147864,,49.4,-0.07825685818997918,0.9729803040535884,0.988439262597725,False,False,False
1732,28.0,2026-10-08,0.07692307692307687,0.0748560775451097,0.07303004821889503,0.08934998072497091,,66.4,-0.0052268099710841565,3.0255080590859906,0.8577814992295777,True,True,False
1735,23.200000762939453,2026-10-08,0.15136482392805317,0.14567905002170134,0.052154266016755324,0.04924058366967432,,61.3,-0.02610259217322386,4.405417607125414,0.7530038947510286,False,False,False
1736,123.0,2026-10-08,-0.03529411764705881,-0.023809523809523836,-0.03477002331252976,0.019282903225867676,,42.4,-0.11302688150250895,1.0451095130583405,0.6962315064283445,False,False,False
1742,17.600000381469727,2026-10-08,-0.011235891245119367,-0.011235891245119367,0.1540983856701461,0.0897833310952989,,74.5,0.07584152748016693,0.7660164608852091,0.9513513719713366,False,False,False
1773,175.5,2026-10-08,0.047761194029850795,0.09345794392523366,0.0028571428571428914,0.2050074118806544,,64.5,-0.07539971533283629,1.9080013695740063,0.9207492660427292,False,False,False
1776,19.350000381469727,2026-10-08,0.0720222271112343,0.1282799307215372,-0.025188916392503313,0.3001976638929469,,67.4,-0.1034457745824825,1.2373912682307426,0.9462102523016428,True,True,False
1785,103.5,2026-10-08,0.024752475247524774,0.014705882352941124,-0.2666230797982433,0.10198516433210858,,11.5,-0.3448799379882225,2.5308773073243103,0.5688626003679547,False,False,False
1802,63.900001525878906,2026-10-08,0.08673473392843034,0.05271829856208532,-0.031818158698804444,0.08305087331998151,,49.2,-0.11007501688878363,2.1938329802959182,0.8342036918899833,False,False,False
1805,9.989999771118164,2026-10-08,-0.01089114912840794,-0.01089114912840794,-0.01089114912840794,-0.07926272627790176,,37.8,-0.08914800731838712,0.8480842456340812,0.7744186098089474,False,False,False
1806,7.920000076293945,2026-10-08,0.0,-0.016149082156611816,-0.04563905653809697,-0.036517275632108714,,35.0,-0.12389591472807615,0.9901358692487133,0.8524682682315243,False,False,False
1808,32.54999923706055,2026-10-08,0.02681383134586013,-0.007081398084770374,0.13169592973203748,0.09173237418503466,,72.8,0.05343907154205829,0.4648520192337726,0.7910091908792778,False,False,False
1809,45.45000076293945,2026-10-08,-0.006557360372908105,0.19920841512117748,-0.07697575125975631,0.7357058908581291,,81.0,-0.1552326094497355,1.67444089602854,0.7673800681728026,False,False,False
1810,23.399999618530277,2026-10-08,-0.025000015894571792,-0.02702701202287916,-0.04294483074212152,0.3540568875807344,,68.6,-0.1212016889321007,0.12454376649727725,0.6852122568954421,False,False,False
1815,135.0,2026-10-08,0.1637931034482758,0.09464352967901157,0.4731227232630031,0.2705683461699031,,91.1,0.3948658650730239,1.5741627281393733,1.0,True,True,False
1817,39.70000076293945,2026-10-08,-0.007499980926513716,-0.009975005645942225,0.02583979277224291,0.07558140376109246,,59.1,-0.052417065417736275,0.5213415818625693,0.9802469324182581,False,False,False
2002,18.950000762939453,2026-10-08,0.0,-0.002631538792660315,0.021390350142229897,-0.04260651725677411,,47.6,-0.05686650804774929,0.6646819100203293,0.8988235894399881,False,False,False
2006,85.30000305175781,2026-10-08,0.008274285936906267,0.05569306720344369,0.23982557075741928,0.20821536678963382,,83.2,0.1615687125674401,0.3873733114887278,0.9638418423927436,False,False,False
2007,6.909999847412109,2026-10-08,-0.012857164655412978,-0.011444910776192696,-0.04951858795858277,-0.1490147851231972,,23.7,-0.12777544614856196,0.6679600720159939,0.7652270267718462,False,False,False
2008,30.549999237060547,2026-10-08,-0.009724510233373507,-0.027070076171851754,0.06967600707133581,0.12487276091159027,,68.0,-0.008580851118643373,0.7451343347507285,0.9713831000303357,False,False,False
2009,39.59999847412109,2026-10-08,0.007633568521233869,0.016688002527591728,0.04124214409438798,-0.01389742365564739,,53.8,-0.037014714095591206,0.40743648903807517,0.7292488083297424,False,False,False
2010,22.700000762939453,2026-10-08,0.008888922797309018,0.017937288769684923,0.07328610744045427,-0.012264306282487869,,59.8,-0.00497075074952491,0.5568384854108572,0.9609367417830171,False,False,False
2012,14.050000190734863,2026-10-08,-0.020905936080828136,-0.03767124495646745,-0.10945879429277217,-0.1038928809494134,,18.5,-0.18771565248275135,1.058486910572714,0.8192979587750983,False,False,False
2013,41.34999847412109,2026-10-08,-0.003614494599491924,-0.009580874871351175,0.002424205433238402,-0.008263514625011958,,47.3,-0.07583265275674078,0.43511763409397247,0.9686727142727308,False,False,False
2014,16.950000762939453,2026-10-08,-0.008771907320705097,-0.002941131591796875,-0.014534883076207206,-0.09115275551543378,,35.9,-0.09279174126618639,0.5145001763590605,0.8496240659011395,False,False,False
2015,65.0,2026-10-08,0.012461107317540465,0.00463683254881464,0.041666641194596954,0.025236568385065494,,57.4,-0.03659021699538223,0.6170743871040577,0.9689387731659842,True,False,False
2017,9.0,2026-10-08,-0.009901006719154726,0.007838711358570505,-0.018538721360910726,-0.08814588608374652,,35.2,-0.09679557955088991,0.5848775109001281,0.8294930583938718,False,False,False
2020,24.149999618530277,2026-10-08,-0.07824431621043892,0.11547344314316965,0.13114750290546828,0.0322091217329723,,69.8,0.0528906447154891,3.1762150951600656,0.8977695152788909,False,False,False
2022,7.150000095367432,2026-10-08,-0.02588556584068602,-0.044117636746601296,-0.11069650133188214,-0.216867469250271,,10.9,-0.18895335952186132,0.5526809527726867,0.7281059386525183,False,False,False
2023,13.949999809265137,2026-10-08,0.010869537424425646,0.0,-0.0035714421953473297,-0.027874603593816993,,44.5,-0.08182830038532651,0.7466544215705224,0.8971060860550308,False,False,False
2024,12.850000381469728,2026-10-08,-0.033834571639977606,-0.03745318245039286,-0.051660501801599756,-0.12286684531948977,,25.8,-0.12991735999157894,1.7768946933902658,0.6871657677649119,False,False,False
2025,13.600000381469728,2026-10-08,-0.03202845574065427,0.0923695252869623,0.12863071918676372,0.18260872882345458,,76.7,0.050373860996784536,1.7206423502001424,0.8888889027403677,False,False,False
2027,48.25,2026-10-08,0.004162346849429177,-0.01731157842233111,0.2368582839238269,0.30271699774329375,,84.8,0.15860142573384772,0.5167051980608822,0.946078431372549,False,False,False
2028,16.75,2026-10-08,0.009036121390558316,0.06349206349206349,0.05015675237000039,-0.07318619684644823,,50.0,-0.028100105819978793,0.7786324287545415,0.8293736762172473,False,False,False
2029,21.799999237060547,2026-10-08,-0.009090943769975102,0.018691571292548614,0.07897840717388216,0.08945387176990294,,67.2,0.0007215489839029754,0.7271570627412236,0.9710467036174034,False,False,False
2030,35.54999923706055,2026-10-08,-0.0557769509617394,0.5557986277273728,1.0028168584259465,1.2410638057522614,,97.4,0.9245600002359673,1.4143187615154473,0.9257811933445457,False,False,False
2031,45.95000076293945,2026-10-08,-0.005411255321894792,0.037246084747074804,0.20287957709987348,0.18489103995227962,,81.0,0.12462271890989429,0.3928072391861399,0.9849946250794627,False,False,False
2032,18.549999237060547,2026-10-08,-0.053571485917004114,0.08479525282128653,0.12765947578873216,0.12424237800366944,,73.8,0.049402617598752974,1.6666595282646366,0.9137931002083426,False,False,False
2033,52.20000076293945,2026-10-08,0.1213749005044169,1.0311283740588126,2.283018994673699,2.2123077392578123,,98.8,2.20476213648372,1.6227826220863966,0.981203007788364,False,False,False
2034,24.049999237060547,2026-10-08,0.0190677478100445,0.1507176878480625,0.23861371345529303,0.22066271187129827,,83.3,0.16035685526531385,1.6274049007295388,0.9697580635857755,False,False,False
2035,27.649999618530277,2026-10-08,0.02788104128757518,0.049335833709313937,0.0018115665351265964,-0.033216809449938545,,45.0,-0.07644529165485259,0.43443122259548983,0.9065573645419763,False,False,False
2038,12.5,2026-10-08,-0.03100772328362633,0.004016079638624159,-0.05660377358490565,-0.19354838709677424,,19.5,-0.13486063177488483,0.8079658527683568,0.7530120308884763,False,False,False
2049,332.5,2026-10-08,-0.007462686567164201,-0.08779149519890261,-0.022058823529411797,0.3848513202459145,,72.1,-0.10031568171939098,0.7379021513225045,0.8167072008407421,False,False,False
2059,10615.0,2026-10-08,-0.10308407266582176,-0.23660553757641134,0.31592855306586953,2.213406141599193,,96.7,0.23767169487589035,1.3581978754225736,0.7341448232934504,False,False,False
2061,67.30000305175781,2026-10-08,0.0907617863788106,0.28680696048783205,-0.18915658973785765,2.9588237089269303,,96.4,-0.26741344792783683,1.567551328399901,0.8108434102621424,False,False,False
2062,18.0,2026-10-08,0.0,-0.024660710085247728,-0.019620097468867836,-0.09449404197907874,,34.2,-0.09787695565884702,0.7873310081472235,0.8021289960111073,False,False,False
2063,23.549999237060547,2026-10-08,-0.002118692525464483,-0.01464436765925159,-0.020790021449543783,-0.13577984451153957,,30.1,-0.09904687963952297,1.6898451960550265,0.79966039480367,False,False,False
2064,11.899999618530272,2026-10-08,-0.008333365122477399,-0.03643730761455277,-0.11851854677553542,0.008474527642289953,,25.6,-0.1967754049655146,0.6228711661886279,0.772727267097554,False,False,False
2065,35.79999923706055,2026-10-08,0.004207509249971597,-0.01513065364919075,0.09815953719996995,0.1642276174653836,,73.0,0.019902679009990765,1.0824004648839722,0.9546666463216146,False,False,False
2066,52.20000076293945,2026-10-08,0.009671179741227665,-0.031539901944589666,-0.18848075725808255,0.09293327771192494,,21.2,-0.26673761544806174,0.40088976970424617,0.7425957318828932,False,False,False
2067,6.399139881134033,2026-10-08,-0.02240326177143559,-0.004149559568913053,-0.2660551356844052,-0.3725490901987546,,1.1,-0.3443119938743844,1.589631038003244,0.4067796009076723,False,False,False
2069,24.649999618530277,2026-10-08,-0.04271846141629987,0.2083333372290619,0.36187840326049137,0.38331763988354783,,89.6,0.2836215450705122,1.1580269889455832,0.9232209331149289,False,False,False
2070,61.900001525878906,2026-10-08,-0.01746029324001741,0.0,0.004076460158153994,0.6583284465929526,,82.8,-0.07418039803182519,0.28767481899402225,0.7567129789825293,False,False,False
2071,23.799999237060547,2026-10-08,-0.24921139860396524,-0.31313136539733954,-0.1185185467755353,-0.014492769647961978,,23.6,-0.1967754049655145,3.4548432030240037,0.6583678625856407,False,False,False
2072,131.0,2026-10-08,-0.02238805970149249,-0.007575757575757569,-0.07785569948712456,-0.23371703046712633,,14.1,-0.15611255767710375,0.4602666961895588,0.4550958640486599,False,False,False
2073,25.600000381469727,2026-10-08,-0.007751893856784764,0.001956992011829639,-0.041638381953764236,-0.02355610700615074,,37.5,-0.11989524014374342,0.6564955447203398,0.8982456274199904,False,False,False
2101,30.0,2026-10-08,0.011804397503296649,-0.03536978675167923,-0.09325593885122596,-0.1605144436558279,,16.6,-0.17151279704120515,1.8809818529035114,0.7902985355853513,False,False,False
2102,16.399999618530273,2026-10-08,-0.026706276127704265,-0.08379888446741546,-0.13910759709506282,-0.1820448756817702,,9.6,-0.217364455285042,0.6267587298964065,0.7790973972890459,False,False,False
2103,29.200000762939453,2026-10-08,0.044722717920546495,0.06569347333829367,0.2268908276883559,0.5526292409959084,,88.4,0.1486339694983767,0.7495111088112881,1.0,True,True,False
2104,11.600000381469728,2026-10-08,0.05454548922452074,0.15422887177293942,0.07407409042651425,-0.04918028173572153,,56.4,-0.004182767763464934,0.9385761362718605,0.8467153680998444,False,False,False
2105,30.350000381469727,2026-10-08,-0.006546607547806449,-0.011400663608199024,-0.057453426634665905,0.023936886613379338,,38.9,-0.1357102848246451,0.5174256056021317,0.8709028739540172,False,False,False
2106,16.799999237060547,2026-10-08,0.009008986304320121,-0.008849647146145223,-0.050847541643237903,-0.04987016674232003,,32.7,-0.1291043998332171,0.3512053621357107,0.8204650753799035,False,False,False
2107,28.5,2026-10-08,0.05751388471914409,0.07547169811320753,0.11111112763568243,0.18475648288739732,,74.9,0.032854269445703244,1.878037097790498,1.0,True,True,False
2108,30.200000762939453,2026-10-08,0.06525574450005767,0.041379336653084575,0.037800699898622225,0.20318726310597368,,69.3,-0.04045615829135696,1.1939884633953088,0.9393467909676516,True,False,False
2109,14.300000190734863,2026-10-08,-0.00694440489197834,-0.007174209025776146,0.0029222900009135966,0.0063336461689538215,,48.6,-0.07533456818906559,1.1943467312207898,0.97750733441606,False,False,False
2114,90.0999984741211,2026-10-08,0.0011110941569010269,0.0011110941569010269,0.006703893565598751,0.08547500015855292,,56.3,-0.07155296462438043,0.7134796156881262,0.9955800936366972,True,True,False
2115,24.899999618530277,2026-10-08,0.044025124539467386,0.04621850490469126,0.16627630789841552,0.24125954445974007,,80.8,0.08801944970843634,1.2515316777732377,0.9902441603393849,True,True,False
2201,28.899999618530277,2026-10-08,-0.010274011526394733,-0.06168830083099708,0.03393200293067178,0.06958485326875907,,60.2,-0.044324855259307405,0.8716526228823395,0.6797477042920956,False,False,False
2204,51.59999847412109,2026-10-08,-0.01149429655266121,-0.03731343389805564,-0.04202791672305817,0.005085379237475429,,39.8,-0.12028477491303735,0.7887757947323466,0.8786495124716169,False,False,False
2206,63.59999847412109,2026-10-08,0.01597444128394665,0.0031545259215892685,0.04370156034790451,0.12263697129391615,,64.5,-0.03455529784207467,0.5481172892359427,0.9814814117110728,False,False,False
2207,518.0,2026-10-08,0.005825242718446644,-0.038961038961038974,0.0780437044745057,0.08994152821095747,,67.1,-0.00021315371547347972,0.7429759436911569,0.8696715923291445,False,False,False
2208,18.549999237060547,2026-10-08,-0.015915179752680086,-0.013297872880078332,-0.083950654959973,-0.10386480418533084,,22.4,-0.1622075131499522,0.7802558171584271,0.7618069382527418,False,False,False
2211,79.69999694824219,2026-10-08,0.005044059030153036,-0.03975907291274472,-0.09982051452846519,-0.1481883779963925,,16.5,-0.17807737271844437,0.506017359872036,0.7074964250782135,False,False,False
2221,192.0,2026-10-08,0.07262569832402233,1.2145329499217787,3.039929863398976,5.406361297018487,,98.9,2.961673005208997,0.25785429681200717,0.9721518987341772,False,False,False
2227,44.400001525878906,2026-10-08,-0.013333299424913236,-0.08074529550280352,-0.08241949309311236,-0.11563910592520277,,21.6,-0.16067635128309155,0.697644857532185,0.7872968300382386,False,False,False
2228,74.0,2026-10-08,-0.022457027962689557,-0.012016041489237406,-0.07994651937202468,-0.1415527183333144,,20.2,-0.15820337756200387,0.5837798771521113,0.7013860420726281,False,False,False
2230,22.299999237060547,2026-10-08,0.03720926684002546,-0.006681582217428206,-0.05708246948181661,-0.2724691677685456,,14.4,-0.1353393276717958,1.284838874552291,0.21653524115716086,False,False,False
2231,91.3000030517578,2026-10-08,-0.017222803528968766,0.011074196746447829,-0.20562980538621467,-0.2257404698983787,,4.2,-0.28388666357619385,0.3618441760538545,0.6438579544115575,False,False,False
2233,164.0,2026-10-08,-0.02670623145400597,-0.02670623145400597,-0.3452567362157889,-0.24327641427536462,,1.0,-0.4235135944057681,0.341310270586502,0.43935591515367944,False,False,False
2235,28.5,2026-10-08,0.017857142857142794,0.0017574423803066175,-0.003863159823137785,-0.1229348578941808,,34.6,-0.08212001801311697,0.6441926875665465,0.8130630677201043,False,False,False
2236,81.5999984741211,2026-10-08,-0.247926281344506,-0.3200000127156576,-0.5350427437372017,-0.29957082854831674,,0.3,-0.6132996019271809,3.4172365655654557,0.4422764144938813,False,False,False
2237,25.100000381469727,2026-10-08,-0.06168222873010365,-0.09874326615197249,-0.3724999904632569,-0.1770491678206647,,1.0,-0.45075684865323606,0.7263160930505347,0.5990453333508136,False,False,False
2239,17.799999237060547,2026-10-08,-0.06561680052817043,-0.10552765938318276,-0.1816092304799749,-0.2277657342200201,,5.5,-0.2598660886699541,1.0869058875530642,0.4611398948368961,False,False,False
2241,50.5,2026-10-08,0.1464245374495461,0.4701601817550629,0.16091954022988508,0.8035714285714286,,90.0,0.0826626820399059,5.123508589048047,0.9711538461538461,False,False,False
2243,59.29999923706055,2026-10-08,0.1360152944511428,0.31049722070852037,0.10841120069272048,1.878640686356615,,95.2,0.030154342502741294,1.3065373473397026,0.8984848369251598,False,False,False
2245,23.0,2026-10-08,-0.033613414399392694,-0.074446694288554,-0.06524142352224815,-0.07831501651196748,,27.0,-0.14349828171222734,1.5140217184672684,0.8110827805099454,False,False,False
2247,226.0,2026-10-08,0.0022172949002217113,-0.03418803418803418,0.0006150506903377373,-0.016201996697721155,,46.5,-0.07764180749964145,0.8224102347359117,0.7989274803177384,False,False,False
2248,60.29999923706055,2026-10-08,-0.017915346278203792,-0.0016556669915895883,0.09364723890322857,0.29108057106770224,,78.5,0.015390380713249385,0.15338617589679904,0.9013452595174414,False,False,False
2249,84.5,2026-10-08,-0.03428571428571425,-0.10487289582474113,-0.18471997730438983,-0.2631122183324288,,4.3,-0.262976835494369,1.8269829215949625,0.6891756040095647,False,False,False
2250,54.79999923706055,2026-10-08,-0.01615801640128045,-0.04028019787256121,-0.13032709420097222,-0.07736627871988677,,17.4,-0.2085839523909514,0.6247194401469941,0.6557214154261487,False,False,False
2252,24.799999237060547,2026-10-08,-0.15068497982586948,0.0853391169819051,0.3777777353922527,0.36639117125605547,,89.9,0.2995208772022735,1.1835384529360644,0.7584097449064169,False,False,False
2254,92.3000030517578,2026-10-08,-0.019128538273657014,0.4791666794027014,0.553872065332276,0.3396226561343374,,92.5,0.47561520714229677,4.051059117448262,0.9093596359779094,False,False,False
2255,16.0,2026-10-08,-0.07780981854683788,0.1510791682807091,-0.05882352941176472,-0.12568302365841988,,24.3,-0.1370803876017439,0.40118648635819226,0.5333333333333333,False,False,False
2256,71.80000305175781,2026-10-08,-0.008287271567344212,-0.13389623968409703,0.00984535292066857,0.24869570524796192,,68.6,-0.06841150526931061,0.38456676023921427,0.7311609499295717,False,False,False
2258,30.549999237060547,2026-10-08,-0.042319761680672086,-0.03015875437903026,-0.052713201951611,0.10889292497563363,,47.7,-0.13097006014159018,0.9879312091674123,0.7022988330358746,False,False,False
2301,297.5,2026-10-08,0.04569420035149374,-0.0050167224080267525,0.40301156254589743,0.9184949412224175,,94.0,0.32475470435591824,0.6341605741582549,0.937007874015748,False,False,False
2302,50.09999847412109,2026-10-08,0.07741932202410928,0.15704386505486134,0.041580042899087566,1.7883511190472472,,94.6,-0.03667681529089162,1.7162547320895818,0.9043320775129936,True,True,False
2303,147.5,2026-10-08,-0.08668730650154799,0.03146853146853146,-0.0950920245398773,1.487966260746202,,91.8,-0.1733488827298565,1.0900564599764595,0.8404725745411035,False,False,False
2305,64.69999694824219,2026-10-08,0.04523417372118588,0.9371255686354234,0.8406826213252747,2.8858857916270257,,98.4,0.7624257631352955,1.5242811535815142,0.9363241443843625,False,False,False
2308,1965.0,2026-10-08,0.03149606299212593,0.06216216216216219,0.04244031830238737,0.1863513524369158,,68.8,-0.035816539887591814,0.8665723770672056,0.7838393132524242,False,False,False
2312,30.649999618530277,2026-10-08,-0.01129033488612008,-0.05108358072767649,-0.10248907030637533,0.3884891955790035,,62.7,-0.1807459284963545,0.5223210267007343,0.718239261493199,False,False,False
2313,248.0,2026-10-08,0.1046770601336302,0.03333333333333344,0.1071428571428572,-0.08586629302488091,,59.3,0.028885998952878023,1.5305022804933701,0.8391043676368304,False,False,False
2314,10.899999618530272,2026-10-08,-0.052173946214759015,-0.026785731771771237,-0.1985294622945939,-0.2101449660958421,,5.1,-0.2767863204845731,0.912938625742278,0.42745096543255967,False,False,False
2316,171.0,2026-10-08,0.0239520958083832,0.07547169811320753,-0.20798079080672605,0.7600427562013097,,72.2,-0.28623764899670523,1.5989174917349849,0.7362908029942141,False,False,False
2317,249.0,2026-10-08,-0.019685039370078705,-0.02734375,0.04842105263157892,0.27253168196408795,,73.4,-0.029835805558400263,1.1679470944442367,0.829822477552257,False,False,False
2321,25.600000381469727,2026-10-08,0.08936171836041384,-0.02777191644665844,0.1111177982772995,-0.014078596350912576,,64.4,0.03286094008732032,2.9224216974738546,0.72539294403722,False,False,False
2323,12.222220420837402,2026-10-08,0.0,0.12940553062886662,0.07943184636875156,0.08906959139942816,,67.3,0.0011749881787723737,0.0,0.9311129427688489,True,True,False
2324,35.5,2026-10-08,-0.031377939372441266,-0.11360797312700499,0.0,0.27240145108898317,,69.0,-0.07825685818997918,0.42860330734168356,0.7545164840733346,False,False,False
2327,635.0,2026-10-08,0.054817275747508276,0.07809847198641773,-0.287317620650954,1.3556401059103385,,84.9,-0.3655744788409332,1.4266930418892863,0.5570175438596491,False,False,False
2328,48.04999923706055,2026-10-08,0.006282706535299498,0.04456520080566406,-0.016376648148399675,0.07119826390625184,,51.1,-0.09463350633837886,0.7457137935390301,0.7934158801230788,False,False,False
2329,44.5,2026-10-08,0.0033822216694425755,0.027713643974209834,-0.14587329552218953,-0.15686296051090942,,10.4,-0.2241301537121687,1.129583293275751,0.6489380651585573,False,False,False
2330,2550.0,2026-10-08,0.015936254980079667,0.03963664476304252,0.0375279402833375,0.3150406770203289,,74.1,-0.04072891790664168,0.7778722797577283,0.9864603481624759,False,False,False
2331,18.799999237060547,2026-10-08,-0.018276782686254323,-0.02842383119205938,-0.08292686648485137,-0.14155253129989653,,19.5,-0.16118372467483055,0.4301288384001257,0.6277128132939458,False,False,False
2332,20.799999237060547,2026-10-08,0.03225804619532191,0.06940865918593775,-0.050228328795904886,0.35064933456444036,,67.4,-0.12848518698588407,0.3230703033563588,0.8015413728529098,False,False,False
2337,116.0,2026-10-08,-0.04132231404958675,-0.06827309236947787,-0.16245487364620936,-0.22666666666666668,,6.2,-0.24071173183618855,0.4196871733995957,0.6253369272237197,False,False,False
2338,47.09999847412109,2026-10-08,-0.002118692525464705,0.22178986786699828,-0.018750031789144028,0.04318929971961327,,47.9,-0.09700688997912321,0.9437688618230189,0.813471454799001,False,False,False
2340,52.900001525878906,2026-10-08,0.20638548156618186,0.5933735033202228,0.43750007126642454,0.8178694444129466,,93.8,0.35924321307644536,5.41323542093303,1.0,True,True,False
2342,49.150001525878906,2026-10-08,-0.004052623189989668,0.23647802580827437,-0.07264148064379428,0.6493289524905046,,79.2,-0.15089833883377346,1.7290269358652046,0.8302365015618027,False,False,False
2344,177.0,2026-10-08,-0.01666666666666672,-0.01666666666666672,0.05044510385756684,0.8514644646978093,,87.6,-0.027811754332412342,0.5839737098075437,0.7972972972972973,False,False,False
2345,2070.0,2026-10-08,0.08947368421052637,-0.014285714285714235,-0.136072424363338,0.22010831966799982,,42.0,-0.21432928255331718,1.4541597361461822,0.7586855542269594,False,False,False
2347,96.4000015258789,2026-10-08,0.010482180125843454,0.07950725903117806,0.1358344989518423,0.2478773571628845,,79.5,0.057577640761863114,0.6847044309112674,0.9927909684939001,False,False,False
2348,71.30000305175781,2026-10-08,0.01278411230641896,0.0014045801657593948,0.05846127151708225,0.010651195751936626,,59.1,-0.019795586672896937,0.5893991643256634,0.9174133658907513,False,False,False
2349,10.350000381469728,2026-10-08,-0.01428567795526392,-0.041666648270171525,-0.1945525234073231,-0.2188678957381337,,5.0,-0.2728093815973023,0.8292505834142923,0.6349693782768662,False,False,False
2351,216.0,2026-10-08,0.016470588235294015,-0.07494646680942185,0.06844907362505004,0.8426219013709175,,88.0,-0.009807784564929145,0.7333410923791768,0.8404669260700389,False,False,False
2352,28.549999237060547,2026-10-08,-0.018900382721623865,-0.015517267687567338,-0.14182885059333572,0.24038184254157757,,43.3,-0.2200857087833149,0.6870340008661568,0.8339290119556911,False,False,False
2353,31.299999237060547,2026-10-08,-0.017268481564262972,-0.030959753053263706,-0.030959753053263706,0.17967867869659648,,58.2,-0.10921661124324289,0.5965221401058772,0.746133161890143,False,False,False
2354,62.0,2026-10-08,-0.06344406558698057,-0.056316546729172745,0.07081171616702919,0.25222619189879336,,74.4,-0.007445142022949991,0.8152336665081917,0.8707420482356694,False,False,False
2355,45.20000076293945,2026-10-08,0.09443103142673293,0.07109004610811853,-0.09593232037401478,-0.10984100897580751,,20.2,-0.17418917856399396,1.763939394143823,0.6908696406610663,True,False,False
2356,57.5,2026-10-08,-0.03685093358164859,-0.13010588007030122,-0.10326497578568905,0.3918840254241045,,62.8,-0.18152183397566823,0.5023378866222395,0.6951271353906157,False,False,False
2357,996.0,2026-10-08,0.032124352331606154,-0.0030030030030030463,0.44978165938864634,0.8853639354853693,,94.3,0.37152480119866715,0.4944766598669134,0.9717073170731707,False,False,False
2359,127.0,2026-10-08,-0.0078125,-0.10563380281690138,-0.05593880022803366,0.1472671349060346,,50.9,-0.13419565841801284,0.2095994275099668,0.7154929577464789,False,False,False
2360,2330.0,2026-10-08,0.12019230769230771,0.04484304932735417,0.2560646900269541,0.3621491392082028,,86.4,0.1778078318369749,1.1135380583106596,0.8951265552923319,False,False,False
2362,46.75,2026-10-08,0.003218916969755181,-0.025026084334641596,0.08342985740016773,0.2595407506391878,,75.7,0.005172999210188545,0.29154387358035705,0.9148728257531341,False,False,False
2363,57.79999923706055,2026-10-08,-0.04620460903569601,0.100952366420201,-0.12700288519176883,0.20724056406275482,,43.0,-0.20525974338174802,1.4247029837592187,0.7686045657534605,False,False,False
2364,64.4000015258789,2026-10-08,-0.0077041600653988684,-0.0271902644311387,0.06621519768725403,0.14308958249922754,,69.1,-0.012041660502725149,0.2794891755983206,0.8277992013699766,False,False,False
2365,27.5,2026-10-08,-0.024822721418482963,-0.04013960327547361,-0.13266784561450118,-0.12994892570303118,,13.6,-0.21092470380448036,0.4786848648184567,0.6608244777564735,False,False,False
2367,45.900001525878906,2026-10-08,0.05882360188040403,0.08254716684063723,-0.11919288842767828,-0.37881169570161843,,4.7,-0.19744974661765746,2.791876244770741,0.5902084072989889,False,False,False
2368,1285.0,2026-10-08,0.17351598173515992,0.1473214285714286,0.11739130434782608,0.2966872805230345,,79.8,0.03913444615784689,1.2438951795364603,0.8656146623745773,True,True,False
2369,32.0,2026-10-08,0.007874015748031482,0.033925661104275306,-0.25058549348379144,0.032258064516129004,,9.2,-0.3288423516737706,0.7336021331612262,0.7182940639285046,False,False,False
2371,30.399999618530277,2026-10-08,-0.0032787010317941734,0.07992895312577186,0.12592591179741763,-0.07317072177911887,,62.4,0.04766905360743845,1.3481625974115399,0.7111111021878428,False,False,False
2373,52.400001525878906,2026-10-08,-0.011320725926813102,-0.026022262658644046,-0.026022262658644046,-0.012042905142109483,,41.0,-0.10427912084862323,0.9670576907294313,0.952672920239996,False,False,False
2374,66.19999694824219,2026-10-08,-0.007496252217042643,-0.01925930447048607,-0.09121514657132679,-0.010756652707529901,,28.6,-0.16947200476130597,0.4942890929801705,0.7238321393573777,False,False,False
2375,130.5,2026-10-08,0.04819277108433728,0.027559055118110187,-0.31364345468683064,0.6873298171290321,,52.8,-0.3919003128768098,1.230268957072858,0.5667976688021864,True,False,False
2376,363.0,2026-10-08,-0.014925373134328401,-0.004115226337448541,0.12365290274713803,0.539565314380869,,85.0,0.04539604455715884,1.2511544382050817,0.9132075471698113,False,False,False
2377,154.5,2026-10-08,0.013114754098360715,-0.025236593059936863,0.12014139122915934,0.7251635851934921,,87.9,0.04188453303918016,0.3841564444373288,0.9411839068739073,False,False,False
2379,749.0,2026-10-08,-0.017060367454068248,0.06392045454545459,-0.05067564117758272,0.5358376246436563,,76.2,-0.1289324993675619,0.48596843038147663,0.8617755674346789,False,False,False
2380,15.850000381469728,2026-10-08,-0.06764703638413361,-0.13387972446628105,-0.2379807229401779,-0.20438832906484106,,3.5,-0.3162375811301571,1.5228171713291765,0.6262600616525861,False,False,False
2382,325.5,2026-10-08,-0.025449101796407136,-0.06330935251798564,-0.09974390013540169,0.10372860280849983,,38.4,-0.17800075832538087,0.6517038169489294,0.8139005820397527,False,False,False
2383,6000.0,2026-10-08,0.20603015075376874,0.09190172884440395,0.13403525144149286,0.9013872018444447,,90.6,0.05577839325151368,1.1655541661877291,0.9491964389375396,True,False,False
2385,104.0,2026-10-08,-0.014218009478673022,-0.05882352941176472,-0.032558139534883734,-0.11257966869177793,,30.1,-0.11081499772486292,0.9101916982088116,0.7480983746798703,False,False,False
2387,36.150001525878906,2026-10-08,-0.010943850055571414,-0.0013811943648281977,-0.102977612648817,-0.07780610147191847,,21.2,-0.18123447083879618,0.8274968891968709,0.8310345178362967,False,False,False
2388,70.9000015258789,2026-10-08,-0.03274217497895937,-0.08751603203913794,-0.0457604493435948,0.29933290553569636,,64.3,-0.12401730753357398,0.3797151298599107,0.8061770321475606,False,False,False
2390,10.149999618530272,2026-10-08,0.0,0.009950191631598049,-0.20078741960882096,-0.009756134777534453,,12.7,-0.27904427779880014,0.7736938025935498,0.7546468224883071,False,False,False
2392,40.20000076293945,2026-10-08,-0.033653792368587676,-0.09357379603075344,0.10009402513927612,0.19547788933077248,,74.4,0.021837166949296938,0.40731363610063687,0.8110496724766478,False,False,False
2393,67.80000305175781,2026-10-08,0.051162838011749034,0.06771658349224907,0.036156353158786736,0.04206031150123035,,57.9,-0.04210050503119245,1.0506970190787628,0.9912280926792949,False,False,False
2395,727.0,2026-10-08,0.0055325034578146415,0.0691176470588235,0.36013802391438565,1.1309479552240673,,94.5,0.28188116572440647,0.5857762727970285,0.9824324324324324,False,False,False
2397,65.0999984741211,2026-10-08,0.03169572184411784,0.051696233753796283,0.09411762141379998,0.2033985398503324,,74.2,0.015860763223820795,0.6290522539169636,0.957352918737075,True,False,False
2399,49.20000076293945,2026-10-08,-0.0409356433791912,0.05128208472230833,0.011305225484278258,0.2964426817874093,,71.3,-0.06695163270570093,1.1904261362162336,0.8945454684170809,False,False,False
2401,26.0,2026-10-08,-0.03165736943737052,0.017612554848405626,-0.1875,0.2967581540821924,,39.9,-0.2657568581899792,1.143934541588613,0.7449856407805766,False,False,False
2402,61.0,2026-10-08,0.06643355220936664,0.0873440580954612,-0.03503216673295595,0.1125111784846573,,51.6,-0.11328902492293513,1.7540480728203356,0.8146961327317954,False,False,False
2404,1305.0,2026-10-08,0.0,0.20833333333333326,0.12243979801341709,0.48996427827032996,,84.0,0.044182939823437906,0.8237439203280432,0.9725109481348599,False,False,False
2405,15.050000190734863,2026-10-08,-0.016339869077347524,0.0,-0.11209442399311687,-0.023354057701383657,,23.8,-0.19035128218309605,0.6398108840832388,0.6976042321639365,False,False,False
2406,30.049999237060547,2026-10-08,-0.042993643244283564,0.10275226558020356,-0.2304737561033936,-0.07822083915386735,,6.5,-0.3087306142933728,0.9177595451971189,0.718899516400415,False,False,False
2408,532.0,2026-10-08,0.025048169556840083,0.029013539651837617,0.3434343434343434,1.3933176035653654,,95.2,0.26517748524436424,0.5922260240633025,0.9797421731123389,True,False,False
2409,36.59999847412109,2026-10-08,-0.04438644378077361,0.27526123697470295,0.2598875283088202,1.1835587943449641,,93.8,0.18163067011884104,1.7678872379528412,0.9048207115895591,False,False,False
2412,146.5,2026-10-08,0.0068728522336769515,0.061594202898550776,0.0908413750634125,0.13561472134336472,,71.0,0.012584516873433316,0.6690388918794286,1.0,True,True,False
2413,57.20000076293945,2026-10-08,0.10852717934918021,0.18304038403548772,0.24968700812437072,0.1300880819284329,,82.2,0.17143014993439154,3.223429681667332,0.9257681437661666,False,False,False
2414,53.900001525878906,2026-10-08,0.013157908889112058,0.034549003924672084,-0.06910143169127314,0.31357737252396234,,62.1,-0.14735828988125232,0.37372945275989145,0.8804628948161934,False,False,False
2415,28.600000381469727,2026-10-08,0.04954129840255872,0.0,-0.1410958496082283,0.08515907898122999,,28.2,-0.21935270779820748,2.4957111257005464,0.7764163481875895,False,False,False
2417,37.5,2026-10-08,-0.03722723323587496,-0.05778892666206026,-0.16666666666666663,-0.05635256228731611,,14.0,-0.2449235248566458,0.45385945844878267,0.6625433390515528,False,False,False
2419,27.0,2026-10-08,-0.07056796182098546,0.0018552592076102048,-0.0391459205173218,-0.2692828297021098,,16.5,-0.11740277870730098,0.9967213152838089,0.7152317880794702,False,False,False
2420,56.59999847412109,2026-10-08,-0.024137957342739935,0.044280399951999394,-0.007079236915196518,0.15171153632692103,,60.3,-0.0853360951051757,0.8426380193119359,0.9153725722793817,False,False,False
2421,168.0,2026-10-08,0.024390243902439046,-0.020408163265306145,0.1707317073170731,0.3208270788764862,,82.6,0.09247484912709392,0.7488800737762316,0.9165633768345236,False,False,False
2423,70.80000305175781,2026-10-08,-0.011173120662180347,-0.04710632377177537,-0.02344823376885774,0.5022378814975437,,77.6,-0.10170509195883692,0.5723852498750827,0.8349056663187255,False,False,False
2424,9.789999961853027,2026-10-08,0.19975491972072312,0.20864191367811435,-0.06761905125209267,-0.6012219850877186,,2.5,-0.14587590944207185,1.3767585864485694,0.19083820872224222,True,True,False
2425,35.75,2026-10-08,-0.052980132450331174,-0.04155494018135253,-0.09836069043612616,0.3272229500365771,,59.4,-0.17661754862610535,0.1478670538219637,0.6758033831532301,False,False,False
2426,103.0,2026-10-08,0.0,0.039354203692519185,0.4013605442176871,1.637441330948639,,96.1,0.3231036860277079,0.8463456712420772,0.9035087719298246,False,False,False
2427,22.899999618530277,2026-10-08,-0.017167366164288822,0.05045873486085739,-0.07564675959630285,0.01798383461821418,,34.3,-0.15390361778628203,0.6222016898460108,0.8088090308670224,False,False,False
2428,282.0,2026-10-08,0.08045977011494254,0.08670520231213863,-0.040662275513133284,0.8510298315727944,,84.6,-0.11891913370311247,1.3114321358955414,0.8406424181918963,True,False,False
2429,30.0,2026-10-08,-0.024390243902439046,-0.032258064516129004,-0.32508437603868967,-0.25,,1.2,-0.40334123422866885,0.601995574840232,0.2459016393442623,False,False,False
2430,17.399999618530273,2026-10-08,-0.038674074485440024,-0.027932961489138486,-0.036011060720472665,-0.20728933878177513,,21.8,-0.11426791891045185,0.48239456774432954,0.7316092826514914,False,False,False
2431,10.050000190734863,2026-10-08,-0.009852160744207805,-0.004950513747167706,-0.13362070170367346,-0.15546214177306805,,11.9,-0.21187755989365264,0.6164884421362942,0.5694051222632113,False,False,False
2432,28.799999237060547,2026-10-08,0.04347821880453617,0.03225805128443504,0.01587297529226661,0.1392700143062402,,61.8,-0.06238388289771257,1.9394563940742922,0.9520660304508661,True,True,False
2433,39.400001525878906,2026-10-08,-0.01990047815616136,-0.05288454396484599,-0.05854234259428215,-0.08256361957876435,,28.0,-0.13679920078426133,1.6830930136137416,0.8565238321711609,False,False,False
2434,59.0,2026-10-08,-0.062003202404920965,-0.08950621571923645,0.04424778761061954,1.0274913823564749,,89.8,-0.034009070579359646,0.3722727296704723,0.6497797138439393,False,False,False
2436,71.19999694824219,2026-10-08,-0.03783787907780822,-0.006973500994162274,0.0333816454488669,0.16751715919419863,,66.2,-0.04487521274111228,1.066315634729639,0.9093581297888964,False,False,False
2438,19.299999237060547,2026-10-08,-0.03258152887324173,-0.07434058110553954,-0.06537532234423415,-0.06310685050173914,,28.5,-0.14363218053421334,0.6080716699825397,0.6843971175498931,False,False,False
2439,80.5999984741211,2026-10-08,0.05359475129570068,0.04811439369083814,-0.05017337001348798,-0.03614175438135503,,34.0,-0.12843022820346717,1.7119324035510741,0.7506152515307128,True,False,False
2440,14.149999618530272,2026-10-08,-0.01736111157102349,-0.020761259148426414,-0.13455661844710576,-0.027491447901100585,,20.4,-0.21281347663708494,0.6970512727574333,0.690243883830745,False,False,False
2441,127.0,2026-10-08,0.02008032128514059,0.07627118644067798,-0.05562805297105833,0.3790828755692106,,68.5,-0.1338849111610375,0.6531404935315901,0.8987816285138623,False,False,False
2442,14.0,2026-10-08,-0.020979034037302835,-0.13187885434055135,-0.12285948473357933,-0.18034196118299595,,11.8,-0.2011163429235585,0.6496930067093897,0.6509258581830291,False,False,False
2444,15.5,2026-10-08,0.03333333333333344,0.30801683553005677,0.22529647963743193,0.24,,83.2,0.14703962144745275,3.637167663847979,0.9393939393939394,False,False,False
2449,304.5,2026-10-08,0.028716216216216228,0.11538461538461542,0.050559622172118734,0.14623573646536592,,67.2,-0.02769723601786045,1.082838034398793,0.9066270596918677,False,False,False
2450,28.100000381469727,2026-10-08,-0.0070670975612221465,-0.008818342033018345,-0.024305516463002053,0.0078006164808057665,,43.8,-0.10256237465298124,1.1194399073752115,0.940507066494344,False,False,False
2451,284.5,2026-10-08,-0.01727115716753025,-0.01727115716753025,0.1379999999999999,0.1950712918498667,,78.0,0.05974314181002072,0.4377899383790234,0.8153443811487575,False,False,False
2453,53.09999847412109,2026-10-08,-0.003752359583532483,0.023121327802732905,-0.014842356755290886,0.05194798815366508,,49.4,-0.09309921494527007,0.5026221605552182,0.8741539154647386,False,False,False
2454,4690.0,2026-10-08,-0.05823293172690758,-0.014705882352941124,0.17396745932415514,1.9860900615894752,,96.0,0.09571060113417595,0.7876924196631504,0.8874172185430463,False,False,False
2455,558.0,2026-10-08,0.0219780219780219,0.1160000000000001,0.6656716417910449,0.9338708609530688,,95.6,0.5874147836010657,0.8500775076189528,0.9207920792079208,False,False,False
2457,21.75,2026-10-08,-0.013605408047195011,-0.05021832478982735,-0.23415491929060872,-0.12298384398749085,,5.5,-0.3124117774805879,0.6149028688441519,0.5642023457964261,False,False,False
2458,132.0,2026-10-08,-0.04693140794223827,0.007633587786259444,-0.26813610469904603,0.03913498631524148,,7.9,-0.3463929628890252,0.7132040403473717,0.7202469974347282,False,False,False
2459,65.0,2026-10-08,0.0015408085018491224,-0.021084359844980805,0.02685625250283019,0.05547451648748414,,57.5,-0.05140060568714899,0.7164899067740834,0.9658246218801956,False,False,False
2460,30.399999618530277,2026-10-08,-0.006535972563600501,0.06854125846390136,-0.17615180592309765,0.12592591179741763,,25.7,-0.25440866411307683,0.5875017941495574,0.7515450938231613,False,False,False
2461,17.0,2026-10-08,-0.02298848432756806,-0.07103821263707111,-0.02298848432756806,-0.07859082400972428,,35.3,-0.10124534251754724,1.0095458987545534,0.8457711282270607,False,False,False
2462,20.0,2026-10-08,0.005025144893802125,0.023017942736611285,-0.1285403339813055,-0.09942920746925743,,15.6,-0.20679719217128467,1.935394048601428,0.7243370309722302,False,False,False
2464,187.0,2026-10-08,-0.03359173126614989,-0.0788177339901478,0.17541705175113198,1.7570444188454983,,95.3,0.0971601935611528,0.9621450790873352,0.8423423423423423,False,False,False
2465,85.69999694824219,2026-10-08,-0.08047210563928531,-0.16390246879763715,0.05282549559899219,0.435510818308783,,79.9,-0.025431362590986994,0.4490083541837341,0.8161904471261161,False,False,False
2466,198.5,2026-10-08,0.5447470817120623,0.9751243781094527,1.0485035797134326,2.324958081461613,,98.3,0.9702467215234534,2.4658245105927667,1.0,True,True,False
2467,552.0,2026-10-08,0.016574585635359185,-0.10823909531502418,0.0,0.24106683272832696,,66.8,-0.07825685818997918,0.8205529731652594,0.8341901091304201,False,False,False
2468,40.650001525878906,2026-10-08,-0.08754203766489144,0.21343288136951966,0.12786616858942357,0.22889385698031806,,78.7,0.049609310399444384,1.4721152402273725,0.8046890887443098,False,False,False
2471,51.0,2026-10-08,-0.019230769230769273,0.025125628140703515,0.018113873209436582,0.04748251041461815,,55.0,-0.0601429849805426,0.6435186499344345,0.9586466027934339,False,False,False
2472,243.5,2026-10-08,0.07743362831858414,0.07743362831858414,-0.2957339117859725,0.7594119569993005,,61.7,-0.3739907699759517,1.529196493860243,0.5450879657964647,True,False,False
2474,195.5,2026-10-08,-0.05783132530120483,-0.062350119904076684,0.002564102564102555,0.05172866831175482,,52.6,-0.07569275562587663,0.6243216563254387,0.7877733826383618,False,False,False
2476,130.5,2026-10-08,0.060975609756097615,0.069672131147541,0.012146063298893228,0.4078322699834589,,76.1,-0.06611079489108596,1.1064234768057772,0.9823770648565778,False,False,False
2477,22.399999618530277,2026-10-08,-0.03030306283029216,0.03464203294295087,0.05164321224743551,-0.014208547372428937,,55.4,-0.026613645942543673,0.6806859282431947,0.889796823536115,False,False,False
2478,134.5,2026-10-08,0.08032128514056236,0.059055118110236116,-0.24860335195530725,1.1900611344793321,,83.3,-0.32686021014528643,1.141829046990354,0.5619950338124359,True,False,False
2480,165.0,2026-10-08,0.03125,0.04761904761904767,0.034482758620689724,0.240392881010407,,70.7,-0.04377409956928946,1.2000506843758119,0.9821428571428571,False,False,False
2481,172.5,2026-10-08,-0.028169014084507005,0.09177215189873422,-0.18439716312056742,0.7221756067777025,,72.8,-0.2626540213105466,0.9927183172802855,0.7582417582417582,False,False,False
2482,16.149999618530273,2026-10-08,-0.009202431015409296,0.04193545926001763,-0.06910208669088524,-0.04726278170992304,,29.2,-0.14735894488086443,0.4133881509339211,0.8061622406970854,False,False,False
2483,38.29999923706055,2026-10-08,0.046448110213487714,0.15885023059585812,-0.39968652515574643,0.810874701080587,,48.5,-0.4779433833457256,2.126897463197642,0.5479255851358005,False,False,False
2484,90.5999984741211,2026-10-08,0.0709219870947797,0.2887623690061232,-0.009353524571031557,2.027704419561292,,95.0,-0.08761038276101074,1.7925869255165234,0.9485131621112415,True,True,False
2485,41.54999923706055,2026-10-08,0.025925907087914757,0.020884483002149734,-0.17231078474932693,-0.43082192825944454,,2.2,-0.2505676429393061,3.5863619275108087,0.5098159415590251,False,False,False
2486,238.5,2026-10-08,-0.04024144869215296,-0.06286836935166995,-0.012422360248447228,0.5075046656411097,,78.6,-0.09067921843842641,0.5987423027343844,0.7783045038213781,False,False,False
2488,49.79999923706055,2026-10-08,0.01736462637125502,0.022587237307770014,-0.017751509119044995,0.0655908594779746,,50.4,-0.09600836730902418,0.9340134052516204,0.9607785717965512,True,False,False
2489,41.0,2026-10-08,0.008610048240669244,0.002444950376293331,0.06080202797786716,0.08153963996926428,,64.0,-0.017454830212112027,0.7081545816701829,0.7446353284260494,False,False,False
2491,38.84999847412109,2026-10-08,-0.04074077841676327,-0.09651166339253292,0.019685040158451184,1.581395214734819,,93.4,-0.058571818031528,0.6035378996228324,0.6888297415434452,False,False,False
2492,420.0,2026-10-08,0.27659574468085113,0.30030959752321973,-0.1092200516879891,2.4895017482295843,,95.7,-0.18747690987796828,2.355171146817259,0.6843269061995148,False,False,False
2493,216.5,2026-10-08,0.09898477157360408,0.17663043478260865,-0.18609022556390975,0.9026461295683443,,79.8,-0.26434708375388893,0.9299877124195803,0.6772130553347002,True,False,False
2495,37.84999847412109,2026-10-08,-0.01943005258155206,0.012032003472802089,-0.2451788831296381,0.14679055485123071,,17.1,-0.3234357413196173,0.7238816578564036,0.7183427889812717,False,False,False
2496,54.79999923706055,2026-10-08,-0.005444632402330174,-0.003636377507990063,-0.035771034290005055,-0.10579071138469098,,30.2,-0.11402789247998424,0.5759111782732363,0.8712231281730102,False,False,False
2497,44.150001525878906,2026-10-08,0.0034091255881569804,-0.002259852522510597,-0.280749340387758,-0.09668912028469734,,3.8,-0.3590061985777372,0.5102939366195084,0.6869489377796043,False,False,False
2498,42.0,2026-10-08,-0.0389016186100658,0.024390243902439046,-0.06562849194369047,0.04318225100883155,,39.1,-0.14388535013366965,0.9626660829676768,0.7448686990285561,False,False,False
2501,20.649999618530277,2026-10-08,-0.019002357863559083,-0.07399101681528863,-0.08758028251557215,-0.0640339275313917,,24.6,-0.16583714070555133,1.0627156727408547,0.8059707459163037,False,False,False
2504,31.950000762939453,2026-10-08,0.04582656500300497,0.02076682241925676,-0.009302301924357992,-0.0647106683831038,,39.5,-0.08755916011433718,1.0723591427239179,0.8680616870440812,True,False,False
2505,17.0,2026-10-08,-0.0029325067036874986,-0.01449275362318836,0.007751967785028402,-0.07751939348443504,,41.2,-0.07050489040495078,0.7134904551201674,0.8994186355701466,False,False,False
2506,8.399999618530273,2026-10-08,-0.003558800184987887,-0.02097905673384104,-0.03460670147533118,-0.04533335529953131,,36.4,-0.11286355966531036,0.4929215443844998,0.884860976061339,False,False,False
2509,13.399999618530272,2026-10-08,-0.0629371021119085,-0.10067114351697948,0.01515150092083739,-0.05633804235778128,,45.3,-0.06310535726914179,1.2617864316983185,0.8121211890018346,False,False,False
2511,8.25,2026-10-08,-0.008413425167282718,-0.031690192870546086,0.005220650573379171,0.04577358032559542,,52.5,-0.07303620761660001,0.6404198621011945,0.9390152312398081,False,False,False
2514,11.350000381469728,2026-10-08,-0.021551723429195646,-0.034042520725980574,-0.12692304757925166,-0.16236160725439974,,12.3,-0.20517990576923084,0.8102815963832944,0.7394136872577062,False,False,False
2515,11.949999809265137,2026-10-08,0.0,0.004201696835099522,-0.1162890564199831,-0.07046701186395932,,19.8,-0.1945459146099623,0.8657179714493587,0.685721079337005,False,False,False
2516,15.149999618530272,2026-10-08,0.0,0.07446802898249971,0.10181815407492878,0.11808113692053279,,71.5,0.023561295884949596,1.3057803086798627,0.9558359150730477,False,False,False
2520,37.34999847412109,2026-10-08,0.01632648909173029,0.020491804133005775,0.12086672953819155,0.2338360231000589,,78.4,0.04260987134821237,0.6543048289061633,0.9739243796665388,False,False,False
2524,33.650001525878906,2026-10-08,-0.02745656040860045,-0.05742294658964464,-0.038571384974888434,-0.13717944805438698,,26.7,-0.11682824316486762,0.63404679258436,0.7511161182797997,False,False,False
2527,51.09999847412109,2026-10-08,0.04073319882187221,0.17741927828391346,0.2805499778458307,0.7087790335232023,,91.6,0.2022931196558515,0.9337606009241646,0.9864864715588907,False,False,False
2528,18.600000381469727,2026-10-08,-0.033766213949624646,-0.07462686425532883,-0.0343114177695486,-0.12693868623738347,,28.4,-0.11256827595952779,1.0497269191244754,0.7078346296833696,False,False,False
2530,20.049999237060547,2026-10-08,0.0,0.038967197633062334,0.04959603133499213,-0.14323168883454196,,43.1,-0.028660826854987054,0.44005860440977784,0.6710933486006596,False,False,False
2534,16.649999618530273,2026-10-08,-0.011869481211371213,-0.01769918176435259,0.009090885971531737,-0.08861271603881338,,40.5,-0.06916597221844745,0.6388522230131956,0.8169642928169262,False,False,False
2535,91.4000015258789,2026-10-08,0.028121484331721236,0.024663729292650816,0.048165191796160745,0.35608307799199324,,77.2,-0.03009166639381844,1.0059909255552262,0.945191358949059,True,False,False
2536,18.700000762939453,2026-10-08,-0.020942387986459976,-0.00795753928353915,-0.01319261160606,-0.0921513696827646,,36.1,-0.09144946979603918,0.43694107725072684,0.7507527485919633,False,False,False
2537,10.949999809265137,2026-10-08,-0.013513564599060834,-0.03097348456300908,-0.004545471884987551,0.052884635664303126,,51.6,-0.08280233007496673,0.7848610463832815,0.8830645279135099,False,False,False
2538,8.90999984741211,2026-10-08,0.009060014088027035,0.013651864172907757,-0.0458853321653202,-0.07139139140731021,,31.5,-0.12414219035529939,0.5806226007944714,0.8120300725739864,False,False,False
2539,33.45000076293945,2026-10-08,-0.023357641957972186,-0.048364173233046426,0.06120708486602555,-0.13355047475931014,,46.8,-0.017049773323953632,0.7239344191372875,0.8309251929032965,False,False,False
2540,49.5,2026-10-08,0.013306070546210247,0.055437065874858193,0.052530708716216346,0.1614132835333968,,68.2,-0.025726149473762838,0.4033573957321714,0.9110429661064608,False,False,False
2542,39.04999923706055,2026-10-08,0.01692702305606919,-0.1079501076423216,-0.01566904584335127,0.18119709955590535,,61.0,-0.09392590403333045,0.8540334227485306,0.8774261549668918,False,False,False
2543,39.59999847412109,2026-10-08,0.03664915401100921,0.024579480226051054,0.05212747433711051,-0.3039771767261612,,27.9,-0.02612938385286867,0.9294339249873075,0.5193537519347747,True,False,False
2545,34.150001525878906,2026-10-08,-0.001461965963308609,-0.010144883307857788,-0.024285670689174088,0.015285388956431722,,44.8,-0.10254252887915327,0.6151827419772963,0.8192147296931753,False,False,False
2546,107.5,2026-10-08,0.014150943396226356,0.018957345971563955,0.38225985532527873,0.605373546059365,,92.2,0.30400299713529955,0.45011420735066937,0.9227467811158798,False,False,False
2547,9.739999771118164,2026-10-08,-0.004089975761264686,-0.021105531876636552,-0.06697734747036965,-0.023580988590393148,,32.3,-0.14523420566034884,0.5176387478973998,0.9048711091170474,False,False,False
2548,91.8000030517578,2026-10-08,0.0,-0.025477643038598674,-0.040895501425495584,-0.1879946344146679,,22.5,-0.11915235961547477,0.7191614421962845,0.7812475550323463,False,False,False
2596,34.150001525878906,2026-10-08,-0.021489970407131964,-0.008708250520077732,0.13763389222642752,0.10268355009143226,,73.8,0.05937703403644834,0.6736978115561532,0.9086670740952653,False,False,False
2597,164.0,2026-10-08,-0.020895522388059695,-0.040935672514619936,-0.017964071856287456,0.12783815482854521,,55.6,-0.09622093004626664,1.0514083909594074,0.8486429960428943,False,False,False
2603,232.5,2026-10-08,-0.02310924369747902,-0.0021459227467811592,0.18622448979591844,0.24104309025359205,,81.7,0.10796763160593925,0.5825701847914682,0.9244532803180915,False,False,False
2605,36.70000076293945,2026-10-08,0.03672314070693439,0.009628674099327661,0.18387099235288562,-0.020131702440686294,,72.4,0.10561413416290644,0.7630139631990485,0.8758915453987695,False,False,False
2606,74.9000015258789,2026-10-08,0.01904763980787627,-0.04707375343601827,0.1888889131091891,0.28758686968146074,,82.7,0.11063205491920991,0.406809565421287,0.9397742082037915,False,False,False
2607,56.5,2026-10-08,0.05018588849866634,0.06403016240265891,0.21767237374955628,0.16155177374801033,,81.2,0.1394155155595771,1.0853676108447745,1.0,True,True,False
2608,28.600000381469727,2026-10-08,-0.006944404891978451,0.0017513536162996335,-0.027210858756485323,-0.019355301570750383,,40.2,-0.10546771694646451,0.8201138453956214,0.876895356219365,False,False,False
2609,59.70000076293945,2026-10-08,0.015306148597900915,0.02753876645162112,0.1889547224682857,0.20275299068623265,,80.9,0.11069786427830652,0.3084176250919719,0.9255814071773558,False,False,False
2610,20.149999618530277,2026-10-08,-0.007389144047671881,-0.014669982064394516,-0.05001245439757118,0.12923049789426444,,50.2,-0.12826931258755037,0.3313393166724635,0.8655877984633864,False,False,False
2611,15.199999809265137,2026-10-08,0.05923340802785071,0.06666665328176391,0.05923340802785071,0.09747288018862488,,64.8,-0.019023450162128475,1.127046497334145,0.8837208799441635,True,False,False
2612,62.5,2026-10-08,0.01791528414958532,-0.0234375,0.14889702659783577,0.1541293054521129,,77.2,0.07064016840785659,0.4447039188786028,0.8710117877920979,False,False,False
2613,22.0,2026-10-08,-0.009009043066040445,-0.03083703697853135,0.004566227543908674,-0.06581737950213262,,41.7,-0.07369063064607051,0.3605688916338684,0.8243781250982736,False,False,False
2614,15.350000381469728,2026-10-08,-0.11887609094609708,-0.06029715027137894,-0.07059532880615715,-0.18843843934692828,,17.9,-0.14885218699613634,3.7917559035571324,0.7171939305935465,False,False,False
2615,111.5,2026-10-08,-0.008888888888888835,-0.026200873362445365,0.4042820888820602,0.4681690863021981,,91.7,0.326025230692081,0.28365377778438794,0.8814229249011858,False,False,False
2616,13.149999618530272,2026-10-08,-0.011278238349882619,-0.01865671694902782,-0.007629767363129369,-0.1268430537196945,,33.6,-0.08588662555310855,1.0206016597890242,0.5626199447938746,False,False,False
2617,32.04999923706055,2026-10-08,0.03054658662180776,-0.025835934632092772,0.1079422518589026,0.10251116523977477,,71.1,0.02968539366892342,0.5387841652993062,0.9524516429044481,False,False,False
2618,41.400001525878906,2026-10-08,-0.018957327549697922,-0.016627006499120633,0.03889593754349585,0.23436095880774466,,71.0,-0.03936092064648333,0.3703828202521634,0.9324324347545028,False,False,False
2630,45.20000076293945,2026-10-08,-0.035218735643994914,-0.09236944868661423,-0.19141324634822932,-0.041357384938135566,,11.8,-0.2696701045382085,0.1517161952002919,0.7255216904730108,False,False,False
2633,25.700000762939453,2026-10-08,-0.003875909964270452,-0.011538432194636461,0.010082002526141665,0.010082002526141665,,50.4,-0.06817485566383752,0.7788381395509235,0.9361735684519934,False,False,False
2634,63.20000076293945,2026-10-08,-0.01863355177805759,-0.04675719677415868,0.060402724513181294,0.35133567094474727,,78.0,-0.01785413367679789,0.2130131898809345,0.8622100700093197,False,False,False
2636,70.0999984741211,2026-10-08,-0.008486541725883479,0.008633071570087747,0.0679519466506795,0.11520652868452097,,67.6,-0.010304911539299688,0.27762441089811685,0.9396782829484768,False,False,False
2637,98.4000015258789,2026-10-08,0.032528839190461456,-0.008064470231593845,0.23000001907348633,0.4819828706825815,,87.3,0.15174316088350714,0.4813806424872419,0.9600000148866235,False,False,False
2640,155.0,2026-10-08,-0.01273885350318471,0.006493506493506551,0.04220175956087924,-0.029139445654267182,,52.4,-0.036055098629099946,0.6700956187609878,0.8364337046697551,False,False,False
2641,17.200000762939453,2026-10-08,-0.008645510964396141,-0.04972373478244052,-0.04709133019661649,-0.02630694972127845,,35.8,-0.12534818838659567,0.4245942549124801,0.7960598464775509,False,False,False
2642,20.399999618530277,2026-10-08,0.0024569649200634203,0.0,-0.023923445412730615,-0.1068898115475061,,32.5,-0.1021803036027098,0.9451868111270708,0.6603089058904966,False,False,False
2643,62.900001525878906,2026-10-08,0.009630855476181699,-0.0015872773670014828,0.017799390006443705,-0.028533058734988237,,48.1,-0.06045746818353548,0.5708424303079734,0.8869915005374497,False,False,False
2644,77.5,2026-10-08,-0.008951367973907831,0.00911454323472416,-0.08711839661220966,-0.08282251518459427,,23.1,-0.16537525480218884,0.3350718630924527,0.7874756541857125,False,False,False
2645,171.5,2026-10-08,-0.014367816091954033,-0.014367816091954033,-0.2562677869630031,0.1676595744680851,,16.9,-0.3345246451529823,0.250398449390802,0.6819085487077535,False,False,False
2646,20.100000381469727,2026-10-08,-0.002481351762139483,-0.019512176513671875,-0.05188680857939776,-0.056337976458839645,,31.9,-0.13014366676937694,0.5991696505141623,0.8088531216465492,False,False,False
2718,39.70000076293945,2026-10-08,-0.007499980926513716,-0.041062818847404925,-0.13635811781463136,-0.07149232444068454,,17.0,-0.21461497600461055,0.2675410587937402,0.7224987554097415,False,False,False
2724,13.199999809265137,2026-10-08,0.11864403355090847,0.23943664620400917,0.11392399867821523,-0.2686980405981023,,43.7,0.03566714048823605,0.23718248994239893,0.5999999913302335,False,False,False
2762,77.4000015258789,2026-10-08,-0.012755101792567114,-0.058394107062870515,-0.01290696898291488,0.11200721069266018,,55.1,-0.09116382717289406,0.6491722379281538,0.8992537902163409,False,False,False
2801,27.950000762939453,2026-10-08,0.014519112049223626,0.0547170099222436,0.23900942828692373,0.4168577632929913,,86.7,0.16075257009694455,0.5687050842242817,0.9442567703626379,False,False,False
2812,18.799999237060547,2026-10-08,0.0,-0.02337666300984176,-0.006206487062987542,-0.025135902287039213,,44.2,-0.08446334525296673,0.636310037449849,0.9155035266888969,False,False,False
2816,40.79999923706055,2026-10-08,0.02900372426041531,0.05154639276615414,0.17748910361774195,0.3750317789221942,,83.9,0.09923224542776277,0.5123496286229818,0.9963369591432423,False,False,False
2820,16.850000381469727,2026-10-08,0.005970172028043397,0.0,-0.023188383682914426,0.04719757612827746,,47.7,-0.10144524187289361,0.7086366350454416,0.9628571646554129,False,False,False
2832,56.79999923706055,2026-10-08,0.0,-0.018998311914149135,0.007092157807799149,0.27587183441559815,,69.6,-0.07116470038218004,0.4889531057846578,0.9235772233668381,False,False,False
2834,17.450000762939453,2026-10-08,-0.0028570992606026246,0.014534883076207317,0.04146472180330618,0.23822349107166896,,71.4,-0.036792136386673,0.3477880751053229,0.9306667073567708,False,False,False
2836,12.050000190734863,2026-10-08,0.0,-0.012295050891423576,0.01187744688947956,0.02431853849781307,,52.1,-0.06637941130049962,0.4093785729113819,0.9612835706958766,False,False,False
2838,20.399999618530277,2026-10-08,-0.012106537753911795,-0.026253036963231446,-0.10553027865069597,0.054577560611606346,,32.3,-0.18378713684067516,0.6217364323420674,0.894469721349304,False,False,False
2845,12.949999809265137,2026-10-08,-0.01145042502569471,-0.058181832053444626,0.02821891737400728,0.07698818022703025,,59.7,-0.050037940815971904,0.6001808021360693,0.9418181679465554,False,False,False
2849,15.350000381469728,2026-10-08,-0.04062497615814198,-0.022292957455251727,0.10441965696632205,0.1737005312615192,,74.0,0.026162798776342866,0.5435795399536829,0.9446154080904449,False,False,False
2850,164.5,2026-10-08,0.047770700636942776,0.047770700636942776,0.12671232876712324,0.45376421225522345,,83.6,0.048455470577144055,0.5274032038637205,0.9762611275964391,True,False,False
2851,47.95000076293945,2026-10-08,0.04013020282108881,0.0667408220040222,0.25032601488358686,0.6388524621369664,,90.2,0.17206915669360767,0.5546131835948167,0.9958462978898981,False,False,False
2852,27.75,2026-10-08,0.005434768712212712,-0.007155662163868204,0.03738317757009346,0.13714354137441487,,64.6,-0.04087368061988572,0.8127135590140986,0.9234609219482453,False,False,False
2855,58.59999847412109,2026-10-08,0.03900703703408093,0.12692304757925177,0.1626983472219088,0.8452680677797033,,90.7,0.0844414890319296,0.7853918490292812,1.0,True,True,False
2867,9.699999809265137,2026-09-11,0.0,0.008316000484173136,0.17718447557054384,0.22474743886670745,,80.9,0.09892761738056466,0.0,0.9797979982856982,False,False,False
2880,45.79999923706055,2026-10-08,0.012154679272056379,0.03269449408855252,0.20316370998112632,0.40693959398393686,,85.4,0.12490685179114713,0.4169972920342089,0.9561586174964151,False,False,False
2881,153.0,2026-10-08,0.01661129568106312,0.02341137123745818,0.2142857142857142,0.77344869790377,,90.9,0.136028856095735,0.674909437583038,0.9839228295819936,False,False,False
2882,110.0,2026-10-08,-0.004524886877828038,-0.0393013100436681,0.12244897959183665,0.5437475734933066,,85.0,0.044192121401857465,0.8117990398228644,0.9565217391304348,False,False,False
2883,37.54999923706055,2026-10-08,0.017615113395748283,0.016238118044178407,0.2231269805826943,0.8201707355363237,,91.5,0.14487012239271513,0.9164787230148778,0.9283065149275372,False,False,False
2884,45.0,2026-10-08,-0.007717717439854277,0.033295081247797675,0.29496402877697836,0.44549161533180737,,88.7,0.21670717058699918,0.38064635483894516,0.9513742225336349,False,False,False
2885,68.30000305175781,2026-10-08,0.013353138063852077,-0.027065441297457915,0.022721643699401994,0.5525393076661873,,81.4,-0.05553521449057719,0.6828681467310201,0.9646892670587544,False,False,False
2886,49.29999923706055,2026-10-08,0.009211888986605743,-0.017928316976109304,0.09268360940639542,0.29955762325848023,,78.8,0.014426751216416234,0.6804985228190905,0.939047604515439,False,False,False
2887,41.0,2026-10-08,-0.0060606060606061,-0.0024330529886528174,0.18926290048630978,0.7261164490184833,,89.5,0.1110060422963306,0.6356626387764401,0.9234233916884623,False,False,False
2889,16.5,2026-10-08,0.021671850757701616,0.003039467157545106,0.09493848246364811,0.11990448109917673,,70.8,0.016681624273668927,0.5417367138048313,0.9537572674947427,False,False,False
2890,44.04999923706055,2026-10-08,0.016844165077660955,0.034037577814006736,0.10273301515385613,0.4129820253360339,,81.8,0.02447615696387695,0.6280837375374332,0.9586506747697089,False,False,False
2891,67.30000305175781,2026-10-08,-0.008836501629420623,-0.0014836568524808635,-0.021086410749161177,0.2353370572086313,,63.4,-0.09934326893914036,0.6312511565096834,0.9452248024768959,False,False,False
2892,38.650001525878906,2026-10-08,-0.0012919699244148264,0.03619309159333772,0.1772190006031411,0.3938599190774652,,84.2,0.09896214241316192,0.38462433114847827,0.9484662951135928,False,False,False
2897,10.699999809265137,2026-10-08,-0.009259294417005237,-0.004651180533475685,0.06202971417450587,0.1146054143946087,,66.7,-0.016227144015473316,0.5055866177705309,0.9511110941569011,False,False,False
2904,12.600000381469728,2026-10-08,-0.007873970810806985,-0.003952508977731695,-0.09999997275216221,-0.20932563169290452,,12.9,-0.1782568309421414,0.5127296452865068,0.7482370181560514,False,False,False
2916,40.59999847412109,2026-10-08,0.0024690981264465783,0.013732815169484214,0.0037082251755866658,-0.07896904170704055,,40.3,-0.07454863301439252,0.5575508332580925,0.8786635521564602,False,False,False
2923,24.0,2026-10-08,-0.055118096045518206,-0.11439115637760011,-0.15675070580653883,0.23676566463669735,,40.0,-0.235007563996518,0.44183269128394737,0.5882178161076976,False,False,False
2924,18.149999618530277,2026-10-08,-0.037135318237318304,0.08682627481123562,-0.013586956803424588,-0.02419358890915746,,42.3,-0.09184381499340377,1.4065306850466932,0.6324041510816795,False,False,False
2937,45.0,2026-10-08,0.006711392213426315,0.02739727816990678,0.016427088799336298,0.1379311043357212,,61.8,-0.061829769390642886,0.33181112304097987,0.9909910515368305,True,True,False
2938,18.549999237060547,2026-10-08,0.0027026614627323475,-0.16441447749732496,-0.29063099397080894,-0.21063833033784907,,2.0,-0.3688878521607881,1.187911975691387,0.6245790828466169,False,False,False
2941,31.149999618530277,2026-10-08,0.004838697371944312,0.008090614986612454,-0.04006166760691987,-0.18241467543132583,,22.9,-0.11831852579689905,1.141941776829684,0.5780595166344076,False,False,False
2942,36.20000076293945,2026-10-08,-0.021621601001636348,-0.06338940921642666,0.029348363372404318,0.05859914291247348,,58.1,-0.048908494817574866,0.9046830652790918,0.9366105907835733,False,False,False
2947,60.20000076293945,2026-10-08,0.011194601278632366,-0.00686238039968623,-0.11337278126455486,-0.23144124517954423,,9.6,-0.19162963945453404,1.5091667492499932,0.7019022486303826,False,False,False
2948,36.79999923706055,2026-10-08,0.008219157179740977,-0.03285151182821855,0.044330660611282546,0.0012520192352003523,,55.5,-0.03392619757869664,0.5450797701652788,0.948453607233846,False,False,False
2949,64.80000305175781,2026-10-08,-0.05950650774051336,0.0605565412444955,-0.12503017105015235,0.12224380423079739,,34.9,-0.20328702924013153,0.3754338819841003,0.8008374718194787,False,False,False
3002,18.75,2026-10-08,-0.0359897550376066,0.08381507669857124,-0.08388401343867902,-0.010309876182017619,,30.0,-0.1621408716286582,1.047147805346391,0.6530263016732538,False,False,False
3003,58.0,2026-10-08,-0.03010032207400115,-0.016949152542372836,-0.11424237784878899,0.17982905290492024,,42.7,-0.19249923603876817,0.3816486642111104,0.8044382971910601,False,False,False
3004,120.5,2026-10-08,-0.004132231404958664,0.004166666666666652,-0.17182130584192434,0.10093473852324575,,24.3,-0.2500781640319035,0.6963400283334851,0.7554858934169278,False,False,False
3005,118.5,2026-10-08,0.008510638297872353,0.04867256637168138,0.10232558139534875,0.1732673267326732,,73.7,0.02406872320536957,0.4312427726236749,0.8346161885760129,False,False,False
3006,267.0,2026-10-08,-0.04982206405693945,-0.101010101010101,0.23897911832946628,0.6713983806700548,,90.4,0.1607222601394871,0.6795292302228445,0.8557692307692307,False,False,False
3008,6660.0,2026-10-08,0.07332796132151498,0.0,0.7014764396743218,1.947733449919935,,97.6,0.6232195814843426,0.8619353417030514,0.852752880921895,False,False,False
3010,132.5,2026-10-08,0.051587301587301626,0.02316602316602312,0.08163265306122458,0.09141961521686937,,67.7,0.0033757948712453967,1.0513495213753685,0.9722857491240938,True,True,False
3011,9.869999885559082,2026-10-08,-0.0179104777870277,-0.013000011444091797,-0.2634328233927491,-0.21666669946498884,,2.5,-0.3416896815827283,0.8343756366081736,0.6409090993536689,False,False,False
3013,97.9000015258789,2026-10-08,0.041489377934881944,0.1344148095471569,-0.0310240422074074,0.012148113068247035,,42.5,-0.10928090039738658,2.912960731150862,0.7301925936143402,True,True,False
3014,145.0,2026-10-08,0.021126760563380254,0.0984848484848484,1.1681002554109199e-05,0.3008626014938527,,70.5,-0.07824517718742507,2.114114891305302,0.9109898446037337,False,False,False
3015,51.70000076293945,2026-10-08,-0.053113512678139574,-0.024528287491708434,-0.21428573913176563,0.06655277277381422,,15.4,-0.2925425973217448,0.711831413159507,0.6911764525887207,False,False,False
3016,183.5,2026-10-08,0.09226190476190466,0.8258706467661692,0.5291666666666666,2.4180742718119257,,97.8,0.4509098084766874,0.5175157839159491,0.941025641025641,False,False,False
3017,3440.0,2026-10-08,-0.019943019943019946,0.005847953216374213,0.4883472528577577,0.5517521450212677,,92.9,0.4100903946677785,0.8917057472886935,0.9335142469470827,False,False,False
3018,11.0,2026-10-08,-0.10204081632653061,-0.05172416911539002,-0.09090911956947534,-0.0350876870101019,,26.6,-0.16916597775945452,0.5781169961487822,0.6376811594202898,False,False,False
3019,137.0,2026-10-08,0.0,-0.035211267605633756,-0.05517241379310345,0.12012039529689345,,48.4,-0.13342927198308263,0.6794889413808709,0.8605803298898677,False,False,False
3021,27.100000381469727,2026-10-08,-0.037300151022715,0.06483298896136058,0.003703717832212128,0.7560966716775097,,84.5,-0.07455314035776706,1.8874128016100993,0.6775000095367432,False,False,False
3022,90.3000030517578,2026-10-08,-0.02483796393372595,-0.013114720745816433,-0.006379809864120567,0.5064049691831554,,79.0,-0.08463666805409975,0.2964440889250031,0.8291892675780941,False,False,False
3023,329.0,2026-10-08,0.06472491909385103,-0.030927835051546393,0.0631668108295429,0.24653878685110753,,73.6,-0.015090047360436287,0.7402675325850047,0.9676470588235294,True,False,False
3024,13.949999809265137,2026-10-08,-0.010638338166410466,-0.024475550825271752,0.14063780305868234,0.3720714950755961,,82.5,0.06238094486870316,0.46172983652496163,0.7978056959773947,False,False,False
3025,56.20000076293945,2026-10-08,-0.03270219898590754,0.10412571862823783,-0.020881990188146404,-0.07273558081900788,,36.5,-0.09913884837812559,4.186448485481474,0.7554615550521365,False,False,False
3026,877.0,2026-10-08,0.02934272300469476,0.13748378728923472,-0.07974816369359916,4.285483528485985,,98.1,-0.15800502188357834,1.4478579114936536,0.872636815920398,True,True,False
3027,19.100000381469727,2026-10-08,0.021390353059397293,0.058171811013338015,-0.07506049712803187,-0.017994877518803354,,30.9,-0.15331735531801105,2.326990815900087,0.6690017825526298,False,False,False
3028,63.59999847412109,2026-10-08,0.024154589965490914,0.0031545259215892685,-0.12836340359253795,0.2083037792527418,,42.8,-0.20662026178251713,0.6484083446457544,0.7653429559800452,True,False,False
3029,114.5,2026-10-08,-0.037815126050420145,0.04566210045662111,0.106280193236715,0.15656565656565657,,73.3,0.02802333504673582,0.6005106078998775,0.916,False,False,False
3030,313.5,2026-10-08,0.08477508650519039,0.11170212765957444,0.029556650246305383,0.17594358640100927,,66.4,-0.0487002079436738,2.5837679651088563,0.7638727684770779,True,True,False
3031,33.20000076293945,2026-10-08,0.08852461517834276,0.34959350602074735,0.0854548089524525,0.45643296811703093,,82.0,0.007197950762473315,4.008951756326394,0.9707602345704144,False,False,False
3032,77.0,2026-10-08,-0.029003820469674313,-0.02035621507865415,0.01583109366661639,0.2068965661565676,,66.7,-0.06242576452336279,0.5508000781747973,0.7623762376237624,False,False,False
3033,41.54999923706055,2026-10-08,-0.02004722307143214,-0.03930637602172149,-0.1272447015895931,0.30781453453317864,,52.3,-0.2055015597795723,0.2902115697347939,0.7785730634357798,False,False,False
3034,531.0,2026-10-08,-0.029250457038391242,-0.01666666666666672,0.019359849011221675,0.41642857107969333,,77.5,-0.05889700917875751,0.608381465517352,0.9516129032258065,False,False,False
3035,202.0,2026-10-08,-0.05164319248826288,0.12849162011173187,-0.06481481481481477,0.354260410803662,,65.5,-0.14307167300479395,0.9650031825786786,0.8669527896995708,False,False,False
3036,215.5,2026-10-08,0.014117647058823568,0.11948051948051952,0.02375296912114022,-0.05075548340802449,,47.4,-0.05450388906883896,0.6635996922412437,0.7351529177584902,True,False,False
3037,1270.0,2026-10-08,0.04526748971193406,0.3382507903055849,0.4716106604866743,1.0525815397794407,,94.9,0.39335380229669514,0.6907404366546821,0.9584905660377359,False,False,False
3038,20.399999618530277,2026-10-08,-0.023923445412730615,0.014925334893880038,-0.07482991726172183,-0.01686748826360107,,31.2,-0.15308677545170102,0.8572753229361827,0.8095237698774863,False,False,False
3040,32.04999923706055,2026-10-08,-0.04041922835759015,-0.10224093691527347,-0.1476063686779251,-0.3590000152587891,,3.8,-0.22586322686790428,2.007186026548322,0.493076911339393,False,False,False
3041,23.850000381469727,2026-10-08,-0.03245433060612146,0.041484750164394235,-0.10506563891706977,0.08409092643044214,,35.1,-0.18332249710704895,0.675827011443307,0.76442307045709,False,False,False
3042,211.0,2026-10-08,-0.034324942791762014,0.1954674220963173,0.024271844660194164,1.1963568810551082,,91.3,-0.05398501352978502,1.5368993326188751,0.8473895582329317,False,False,False
3043,20.549999237060547,2026-10-08,0.014814777138792534,-0.019093150897946942,-0.05949661884270119,0.04846932842353269,,40.4,-0.13775347703268037,1.0494737823819327,0.8253011868228097,False,False,False
3044,582.0,2026-10-08,0.10018903591682427,0.18052738336713992,0.2671456901112279,0.6164668775170712,,90.5,0.18888883192124872,0.7814669534508787,1.0,True,True,False
3045,124.0,2026-10-08,0.016393442622950838,0.05982905982905984,0.14543606929534825,0.18204814876606945,,78.2,0.06717921110536906,0.4995117057982899,0.9959839357429718,False,False,False
3046,52.29999923706055,2026-10-08,-0.02242992080260664,-0.03860298216755298,-0.04909092296253548,0.1707706868122696,,54.3,-0.12734778115251466,0.40915556062341124,0.8394863543746036,False,False,False
3047,14.350000381469728,2026-10-08,-0.010344801277949789,0.07089558134208773,-0.1533923459846992,-0.10312497615814198,,12.9,-0.23164920417467838,0.60808439868796,0.6721311533991589,False,False,False
3048,57.0,2026-10-08,0.07954547014446645,0.06542056074766345,-0.04201680672268904,0.6217429923704685,,79.9,-0.12027366491266822,1.5537037220135144,0.7698966460858808,True,False,False
3049,12.0,2026-10-08,-0.02439025903112113,-0.05882352941176472,-0.04761907645273744,0.05263161417079787,,43.4,-0.12587593464271662,0.5184473533622123,0.6666666666666666,False,False,False
3050,11.600000381469728,2026-10-08,-0.012765924981299692,0.01754392716069586,-0.0476596044534221,-0.10852349108390236,,27.6,-0.12591646264340128,0.8244346440995993,0.7749435873872751,False,False,False
3051,22.25,2026-10-08,-0.03260869565217395,0.03488372093023262,-0.11767997810198383,0.08917973955649483,,33.1,-0.195936836291963,1.0428817225845757,0.7390862666291762,False,False,False
3052,10.449999809265137,2026-10-08,0.0,0.0,0.01790896504469397,-0.005016948352246087,,50.5,-0.060347893145285214,0.38414739210469767,0.9015765549692023,False,False,False
3055,223.0,2026-10-08,0.06190476190476191,0.6579925650557621,0.3276434652986031,2.7284655663234827,,97.7,0.24938660710862393,0.227169993849072,1.0,True,True,False
3056,13.75,2026-10-08,0.0,-0.021352326452827808,-0.027425629655682515,-0.05310415498337073,,37.3,-0.1056824878456617,0.6543709100517138,0.6798801880172928,False,False,False
3057,15.600000381469728,2026-10-08,-0.018867876997362698,-0.08504392495449764,-0.19379844579182215,-0.028037313207575743,,12.6,-0.27205530398180133,0.8266750695190364,0.6527196916511518,False,False,False
3058,8.319999694824219,2026-10-08,0.020858906043065728,0.039999961853027344,-0.0907103779573023,-0.09956711029037324,,21.5,-0.16896723614728149,1.1198047140981533,0.6791836485570791,True,False,False
3059,38.09999847412109,2026-10-08,-0.005221952138994568,0.002937208212212994,-0.1677755009669042,0.052881552688584854,,21.4,-0.24603235915688337,0.6947355031693199,0.7639560798642213,False,False,False
3060,28.75,2026-10-08,0.015901087458339846,0.09732821232080213,-0.19241569572258832,-0.04582451372010876,,11.7,-0.2706725539125675,1.1182709592508457,0.6941540356895294,False,False,False
3062,22.200000762939453,2026-10-08,-0.0022471567218222965,0.08292686648485148,-0.08264462549368412,-0.27213112252657534,,11.0,-0.1609014836836633,0.8619245369665806,0.6809816503691715,False,False,False
3066,27.149999618530277,2026-10-08,-0.060553634017279534,0.1312499841054282,-0.06379311660240428,0.4327176002877833,,70.6,-0.14204997479238346,0.7921547730007926,0.8990065871735988,False,False,False
3067,16.299999237060547,2026-10-08,-0.035502981953434265,-0.012121258359966802,-0.11891896015888936,-0.07909612799623444,,19.0,-0.19717581834886855,0.5124707217607558,0.7652582075542829,False,False,False
3071,22.75,2026-10-08,-0.013015151713245965,-0.0789473968707437,-0.24292843335774483,-0.1672191517744246,,3.9,-0.321185291547724,0.9095345468013027,0.677844858852601,False,False,False
3073,22.450000762939453,2026-10-08,0.09512198843607078,0.006726526054297688,-0.006637151150371778,-0.1315280297236484,,33.2,-0.08489400934035096,0.45181343834949467,0.5816062603730617,True,False,False
3078,46.54999923706055,2026-10-08,0.017486322121541997,0.03559507112267424,-0.1523148679759282,-0.1288900846845582,,11.3,-0.23057172616590738,0.4995943177717864,0.6265498669452153,True,False,False
3081,2960.0,2026-10-08,0.11278195488721798,-0.03583061889250816,0.5568454905173514,0.5988192841118705,,93.9,0.47858863232737225,1.2939928509867373,0.8385269121813032,False,False,False
3085,15.586210250854492,2026-10-08,0.0,0.05217419351391284,-0.00411489834015355,-0.0970145996395203,,37.6,-0.08237175653013273,0.0,0.7707008243688825,True,False,False
3088,132.0,2026-10-08,-0.0037735849056603765,0.06451612903225801,-0.08694465465760237,0.5900314247446568,,75.1,-0.16520151284758156,0.5671282148189574,0.8571428571428571,False,False,False
3090,174.0,2026-10-08,0.029585798816567976,0.014577259475218707,-0.4266886326194399,0.8736351640464919,,49.3,-0.5049454908094191,0.9278707129654008,0.5117647058823529,True,False,False
3092,24.149999618530277,2026-10-08,-0.006172824001636212,0.025477724030050553,-0.18412164502373707,-0.16435986376118727,,6.9,-0.26237850321371625,0.9274121442293265,0.6388888916921646,False,False,False
3093,46.150001525878906,2026-10-08,0.006543142022723325,0.012061470836889576,-0.2029360913703644,-0.18912359070384832,,5.3,-0.2811929495603436,0.5954005334776366,0.6199557778619558,False,False,False
3094,69.30000305175781,2026-10-08,0.023633769211819367,0.5468750944627199,0.6305883071001839,1.9620350353892864,,97.4,0.5523314489102047,2.1677519306536794,0.9857752495506471,False,False,False
3095,32.650001525878906,2026-10-08,-0.016566241699442985,-0.08671324403135927,-0.13395223169398152,0.034865366574279744,,25.2,-0.2122090898839607,0.48755356363390445,0.6837696654634325,False,False,False
3097,24.549999237060547,2026-10-08,-0.027722802492651577,-0.019960080448236828,-0.07007577303793622,0.016443918679874603,,35.5,-0.1483326312279154,2.232390019067477,0.8073652800569152,False,False,False
3105,581.0,2026-10-08,0.07992565055762091,0.28967813540510545,0.40507859733978235,0.32600267147824336,,90.1,0.32682173914980317,1.0300018561503907,0.9447154471544715,False,False,False
3114,38.34999847412109,2026-10-08,0.06380025757936969,0.23510465109279077,-0.016312530363451594,0.5371266839330304,,79.4,-0.09456938855343078,3.560278378420583,0.71261935738507,False,False,False
3115,8.0,2026-10-08,-0.02439022120941492,-0.12948853478986422,-0.09909911070945099,-0.1534391363525216,,15.8,-0.17735596889943017,1.3864253663037733,0.64,False,False,False
3117,28.950000762939453,2026-10-08,0.03392859867640907,-0.049261082509582166,-0.06612900764711438,3.0208335458128595,,96.9,-0.14438586583709356,2.178450888712545,0.5676470737831265,False,False,False
3122,23.950000762939453,2026-10-08,-0.022448948451450845,-0.041999969482421906,-0.20563843893982292,-0.04960317310141993,,9.5,-0.2838952971298021,0.898406750157771,0.595771151950302,False,False,False
3128,20.200000762939453,2026-10-08,0.007481373146470904,0.01507543468140704,-0.11321001335968706,-0.10410549519265178,,17.9,-0.19146687154966624,0.47943171917729505,0.7094319536702989,False,False,False
3130,207.5,2026-10-08,-0.011904761904761862,-0.011904761904761862,0.008118788921866793,0.010409985692436674,,50.0,-0.07013806926811239,0.45180275872958997,0.969626168224299,False,False,False
3131,2465.0,2026-10-08,0.03571428571428581,-0.03522504892367906,-0.19280761705946048,-0.24839270004506675,,4.2,-0.27106447524943966,0.722206599491981,0.6428599852984388,False,False,False
3135,157.5,2026-10-08,0.0031847133757962887,-0.08959537572254339,-0.019496795243848175,0.47505519710188415,,76.4,-0.09775365343382736,0.3207214779547715,0.6455136422879878,False,False,False
3138,99.5999984741211,2026-10-08,0.006060590647687825,0.06410256514757218,-0.12809646394336793,-0.44428127089036773,,3.0,-0.20635332213334712,1.5957405634553168,0.46501521094820675,False,False,False
3141,79.0999984741211,2026-10-08,-0.06390534350152555,-0.22148545884345217,0.06303192378336941,0.8233865378897911,,87.5,-0.01522493440660977,1.0267023534519104,0.7747169328015419,False,False,False
3147,308.0,2026-10-08,0.15140186915887854,0.39051918735891644,0.4035602225883137,0.9641151833469448,,94.2,0.3253033643983345,2.812917944961541,0.9062988505747126,True,True,False
3149,76.5999984741211,2026-10-08,0.030955522582698736,0.25986841176520414,-0.04605515068260435,0.7629458487710046,,82.9,-0.12431200887258353,1.4764167045431509,0.7330143394652736,False,False,False
3150,15.600000381469728,2026-10-08,-0.006369390382819917,-0.0630630186857164,-0.12085230394207058,-0.11111105073286742,,15.8,-0.19910916213204977,1.6276748387418858,0.7227226934448399,False,False,False
3152,243.0,2026-10-08,0.04516129032258065,0.04068522483940051,-0.08005983186124022,-0.11473274128174027,,22.2,-0.1583166900512194,0.6056792784159496,0.6505221497606524,True,False,False
3158,85.0,2026-10-08,0.00591715976331364,0.01918463363126688,0.024096385542168752,-0.06490650634586836,,46.2,-0.05416047264781043,1.0186084676544653,0.718900066998106,False,False,False
3162,82.19999694824219,2026-10-08,-0.06057146344866071,0.16761356770746128,-0.006465190514253316,0.24340571720319648,,65.9,-0.0847220487042325,1.5935352356479398,0.8661053844331521,False,False,False
3163,689.0,2026-10-08,0.05837173579109067,-0.08377659574468088,0.044815561700393136,-0.2909853971045442,,27.9,-0.03344129648958605,1.201484591264224,0.6268893602289651,False,False,False
3167,1055.0,2026-10-08,0.08205128205128198,0.19479048697621737,0.30879464522333033,0.9668340711327885,,93.3,0.23053778703335115,0.6271862217765433,1.0,True,True,False
3168,42.09999847412109,2026-10-08,-0.022067381644030992,-0.023201856969912393,-0.06026787519911159,0.06445315306860677,,41.8,-0.13852473338909077,1.124685695842075,0.8611650843771147,False,False,False
3169,106.5,2026-10-08,-0.08974358974358976,-0.009302325581395321,-0.018433179723502335,0.17429789877318935,,60.1,-0.09669003791348152,0.884273970322419,0.8907479148652035,False,False,False
3171,58.0,2026-10-08,0.012216418364046078,-0.07199999999999995,-0.11124267189667547,-0.08506424831710535,,19.4,-0.18949953008665466,0.5649939271078179,0.7824198588836253,False,False,False
3178,67.5,2026-10-08,-0.027377542998618054,0.09046847069591535,0.04006160882884324,0.04651162790697683,,59.0,-0.03819524936113594,0.9136781434071238,0.8893280453622279,False,False,False
3188,22.850000381469727,2026-10-08,-0.015086222843097019,-0.07302228255238707,-0.0358649938441733,-0.18392855780465267,,23.4,-0.11412185203415248,1.3081027841277189,0.7308013811069974,False,False,False
3189,1075.0,2026-10-08,0.06435643564356441,0.3222632226322264,0.42384105960264895,1.7330972163772311,,96.4,0.34558420141266977,0.9350022883952266,0.9772727272727273,False,False,False
3191,17.450000762939453,2026-10-08,0.035608330438351654,0.014534883076207317,-0.06434310349253458,0.25992781821769895,,59.5,-0.14259996168251377,0.6807421839948407,0.6597353595312407,False,False,False
3206,34.20000076293945,2026-10-08,-0.011560628000628848,-0.021459226999367975,-0.07598260251171063,-0.07238248034587857,,26.0,-0.1542394607016898,0.7270929064161765,0.8503160376879791,False,False,False
3207,39.25,2026-10-08,-0.03562655370414125,0.003836356310299882,-0.3617886178861789,-0.4236416904632454,,0.6,-0.44004547607615807,0.9279632471073306,0.4694976162248386,False,False,False
3209,46.54999923706055,2026-10-08,0.026460877691633078,0.014161169707481713,-0.1094650296458134,0.18324267445281284,,44.4,-0.18772188783579258,0.9651351794409907,0.6257813033650891,False,False,False
3211,388.0,2026-10-08,-0.015228426395939132,0.01041666666666674,-0.09239766081871348,0.05473915622420478,,34.8,-0.17065451900869266,0.8753895349128441,0.848087431693989,False,False,False
3213,123.5,2026-10-08,-0.0040322580645161255,-0.019841269841269882,-0.06792452830188678,0.2540690794277456,,58.3,-0.14618138649186596,0.7987425302314474,0.8666666666666667,False,False,False
3217,127.0,2026-10-08,-0.019305019305019266,-0.06617647058823528,-0.22547370113724008,-0.14160780634064063,,5.4,-0.30373055932721926,0.48734158869940297,0.6510511181391379,False,False,False
3219,130.0,2026-10-08,-0.011406844106463865,0.39335472398519666,0.7487478382294126,1.1068248542709287,,96.5,0.6704909800394334,2.3266216198857768,0.9252669039145908,False,False,False
3221,55.0,2026-10-08,0.024208551556627267,0.07421873399289347,-0.04513886359370711,0.5288549377103209,,76.5,-0.1233957217836863,1.8389036681841227,0.8336064241127171,False,False,False
3224,32.29999923706055,2026-10-08,0.04530743157973083,-0.028571451516976043,-0.144370881137469,-0.17391303075270503,,9.5,-0.22262773932744817,3.8759647811319935,0.6152380807059151,False,False,False
3226,57.29999923706055,2026-10-08,-0.11846155019906845,0.03992741967085056,0.232258048108829,0.2934537296588584,,84.4,0.1540011899188498,0.5902371852068878,0.8815384498009315,False,False,False
3227,187.0,2026-10-08,0.008086253369272267,-0.018372703412073532,-0.14101715101494738,0.03623331964398213,,24.0,-0.21927400920492657,0.7493162694501119,0.8026561094007099,False,False,False
3228,164.5,2026-10-08,-0.08356545961002781,-0.07062146892655363,-0.08356545961002781,0.2140221402214022,,51.9,-0.161822317800007,1.287477801932097,0.6388349514563106,False,False,False
3229,55.400001525878906,2026-10-08,-0.06101692329018804,0.09486172325109332,0.4714475240538689,1.946808711389124,,96.9,0.39319066586388973,0.4292657466091008,0.8207407633463542,False,False,False
3230,39.900001525878906,2026-10-08,-0.05562126565967085,-0.05450235060375719,-0.2326922783484826,0.021767024466716522,,10.6,-0.3109491365384618,0.46582401644007077,0.7202166142042521,False,False,False
3231,188.5,2026-10-08,-0.01049868766404205,-0.043147208121827374,0.2866894197952219,0.49169838788126463,,89.1,0.2084325616052427,0.572413753818062,0.952020202020202,False,False,False
3232,19.950000762939453,2026-10-08,-0.03623188272257327,0.015267234108558014,-0.0591183574336025,-0.0843769277831794,,27.7,-0.13737521562358168,0.6729967000040741,0.7565314608149961,False,False,False
3234,183.0,2026-10-08,0.06395348837209291,-0.08270676691729328,0.4186046511627908,0.9102295842426094,,94.2,0.3403477929728116,1.310257362740371,0.8672985781990521,False,False,False
3236,58.900001525878906,2026-10-08,0.2131823367963661,0.2818280859177733,-0.0390552791403187,0.9187945915089546,,85.9,-0.11731213733029788,3.9072615782162194,0.8161448474185874,True,True,False
3257,49.25,2026-10-08,-0.009054341167636593,0.003055020988605106,-0.2526555559993494,-0.018599014371962208,,7.1,-0.3309124141893286,0.6225454672429029,0.6617876037026421,False,False,False
3259,11.949999809265137,2026-10-08,0.02136752171585732,0.07657652239493551,-0.24367090727804996,-0.3112392192205331,,1.8,-0.32192776546802915,1.2224252776679623,0.5010482020180468,False,False,False
3260,362.5,2026-10-08,-0.046052631578947345,-0.07828430084228077,-0.0600325250396988,-0.023786974117665616,,33.5,-0.138289383229678,0.5639774446261462,0.7472363941566295,False,False,False
3264,256.0,2026-10-08,0.042769857433808456,0.12775330396475781,0.10344827586206895,0.5871642006512237,,85.1,0.025191417672089766,1.546452225814812,0.9014084507042254,False,False,False
3265,238.5,2026-10-08,0.2891891891891891,0.35511363636363646,0.41543026706231445,0.5430562677242807,,92.2,0.33717340887233527,1.8970978007028192,1.0,True,True,False
3266,14.0,2026-10-08,0.0,-0.0035587323883337074,0.0836154005879104,0.07558864042671676,,66.9,0.00535854239793121,0.9722138978897852,0.9893993199594269,False,False,False
3268,24.399999618530277,2026-10-08,0.1296295920190178,0.3333333680755688,0.15914491700178934,0.67697589681598,,88.2,0.08088805881181016,4.256275705351721,1.0,True,True,False
3272,13.899999618530272,2026-10-08,0.0,-0.0446735782600538,-0.128526659263284,-0.11182108898762688,,14.9,-0.20678351745326318,0.29600472439887543,0.5731958605579494,False,False,False
3276,14.199999809265137,2026-10-08,0.021582748127196405,0.010676129287826575,-0.10915933606795758,0.01088300617306337,,27.2,-0.18741619425793676,0.295247464138338,0.7759563060804818,False,False,False
3284,21.25,2026-10-08,0.08142495738070621,0.051980158287268985,-0.2543859649122807,0.10886187169608053,,13.3,-0.3326428231022599,1.9917711157312077,0.7009013540883291,False,False,False
3285,44.09999847412109,2026-10-08,0.06265056564147198,0.07299270343985476,0.11095404309412493,0.5400122369198768,,84.4,0.03269718490414575,0.7455005434939446,0.8722725519828203,True,True,False
3287,43.45000076293945,2026-10-08,0.04321726701359507,0.22566995283011249,0.47914905818527265,0.5939330343245739,,93.1,0.40089219999529346,1.1476676121891696,1.0,True,True,False
3288,22.149999618530277,2026-10-08,0.04235292322495421,0.0911330271427937,0.19086017012113832,0.45245899137903445,,85.8,0.11260331193115913,0.5203798424331887,0.7559727029109787,False,False,False
3289,142.5,2026-10-08,0.007067137809187329,0.014234875444839812,-0.1184811817997582,0.05721522151371761,,29.9,-0.19673803998973738,0.8655230673683395,0.6826012507134734,False,False,False
3290,55.79999923706055,2026-10-08,0.11599998474121098,0.20648646999049824,-0.172106854988192,0.23676362302321508,,37.4,-0.2503637131781712,1.7801112465770128,0.7996465351666842,True,False,False
3294,31.5,2026-10-08,-0.046898616424851824,0.055276368423585076,-0.1839377915748156,-0.03076923076923077,,13.4,-0.2621946497647948,0.830605925637237,0.7062780510693898,False,False,False
3296,28.549999237060547,2026-10-08,-0.001748291739239849,0.1773195561674452,0.04578754706714738,0.3248259975787735,,75.2,-0.0324693111228318,0.9091517560570657,0.9299673787476138,False,False,False
3297,32.54999923706055,2026-10-08,0.03333330911303323,0.1944953848462585,0.06372545200266311,-0.004587202519240052,,58.6,-0.014531406187316076,2.033642171916419,0.6016635888193407,False,False,False
3303,50.70000076293945,2026-10-08,0.04106776116360944,-0.009765624854480848,-0.04117762571453387,0.17635259472966958,,55.9,-0.11943448390451306,0.3934647705594932,0.8086124425202093,False,False,False
3305,110.5,2026-10-08,0.04245283018867929,0.009132420091324311,-0.14005750027579278,0.02411338811975372,,23.3,-0.21831435846577196,0.5998763158194323,0.6725520743605663,True,False,False
3306,46.84999847412109,2026-10-08,-0.01368424265008239,0.049272046429093,-0.009267182007570929,0.022960169804721486,,47.8,-0.08752404019755011,0.48172334765525443,0.7084890998978925,False,False,False
3308,22.25,2026-10-08,-0.02197802197802201,0.015981752856907727,0.027713643974209612,0.05450235060375719,,57.6,-0.05054321421576957,0.5370422705034997,0.8444022648154117,False,False,False
3310,68.30000305175781,2026-10-08,0.004411809584673687,0.016369139188545656,-0.00437311121043904,0.005316864745501082,,47.3,-0.08262996940041822,1.6132421798652243,0.8175355647163822,False,False,False
3311,46.900001525878906,2026-10-08,0.03875968861256718,0.4771654023898868,0.25066670735677077,0.4527866214472642,,87.7,0.17240984916679158,5.331472078603814,0.9446122877042284,False,False,False
3312,50.900001525878906,2026-10-08,-0.011650455808176585,-0.007797226454784645,-0.07791752504224592,0.406734950755268,,67.5,-0.1561743832322251,0.42278877079027727,0.7129763531190048,False,False,False
3313,10.350000381469728,2026-10-08,-0.01895732754969781,-0.03271022747984942,-0.12658227440613457,-0.17857142316511176,,11.4,-0.20483913259611375,0.5767532751117351,0.5321336748320799,False,False,False
3317,71.5,2026-10-08,0.09662581819994487,0.14951767078758227,-0.2721791202464743,0.40456655646679796,,33.9,-0.35043597843645347,2.980723419653879,0.6829788031039243,False,False,False
3321,17.350000381469727,2026-10-08,-0.051912507934257945,-0.019774031999058583,-0.22717150147668708,0.051515174634528815,,13.2,-0.30542835966666626,0.7613781559341943,0.646182500371347,False,False,False
3322,10.550000190734863,2026-10-08,-0.09051725484528206,-0.045248867997236486,-0.2156133575951864,-0.20676691432799554,,4.1,-0.2938702157851656,1.1389227561002475,0.5861111217074924,False,False,False
3323,29.799999237060547,2026-10-08,0.017064846860731953,0.0401396032754735,-0.1581921482326638,-0.09969786674282233,,12.4,-0.236449006422643,1.3626519923258407,0.6313559058341995,False,False,False
3324,1520.0,2026-10-08,-0.003278688524590123,0.05555555555555558,0.6432432432432433,0.5297801729735279,,94.5,0.5649863850532642,1.071144652527039,0.8888888888888888,False,False,False
3325,11.25,2026-10-08,-0.0384615227864179,-0.013157861714876984,-0.13127411847904924,-0.11067190994057352,,14.6,-0.20953097666902842,0.9823086018510434,0.598404279603523,False,False,False
3332,64.5999984741211,2026-10-08,-0.004622543061700624,0.062499988235925175,0.016573730626151972,0.18449795953996895,,65.2,-0.06168312756382721,1.6730544532938967,0.8388331064842641,False,False,False
3338,68.5,2026-10-08,0.008836501629420734,0.037878787878787845,0.01783056305835995,0.1541649395625504,,63.1,-0.060426295131619234,1.5758854615071531,0.7859252445809831,False,False,False
3339,45.75,2026-10-08,0.015538307986553646,0.03273139476098241,0.16709181401988804,0.0066006431688592215,,72.2,0.08883495582990886,0.6898534032014969,0.6407562888274999,False,False,False
3346,22.0,2026-10-08,-0.08333333333333337,0.1764705402365887,-0.16982488450472977,0.2156134432349086,,35.4,-0.24808174269470895,0.9042850382924225,0.7550910040146183,False,False,False
3349,18.5,2026-10-08,-0.04639173382615047,-0.1777777777777778,-0.22594141023933412,-0.3392857142857143,,2.1,-0.3041982684293133,0.47979103812310436,0.578125,False,False,False
3354,32.0,2026-10-08,0.07382553084778065,0.21212122963589208,0.2524462213518839,0.2573673493400723,,84.5,0.1741893631619047,2.3200086363604457,0.9039547632958896,False,False,False
3356,66.69999694824219,2026-10-08,0.015220700859206904,-0.03802689540843218,-0.03160302035665796,0.24610678131369035,,62.5,-0.10985987854663715,0.6969603770972546,0.8856027415438507,False,False,False
3357,226.5,2026-10-08,0.0658823529411765,0.060889929742388826,-0.16727941176470584,0.5258186654962207,,63.2,-0.24553626995468503,1.073274679313546,0.6620649495089698,True,False,False
3360,15.399999618530272,2026-10-08,0.009836040559362047,0.03355704783899305,-0.2000000198166093,0.054794466860144775,,16.9,-0.2782568780065885,0.23386776287154087,0.6739605847455016,False,False,False
3362,190.0,2026-10-08,0.0826210826210827,0.0,0.13095238095238093,0.9587628865979381,,91.2,0.05269552276240175,0.9966744147532716,0.9004739336492891,False,False,False
3363,667.0,2026-10-08,0.040561622464898583,-0.0774550484094052,0.042187500000000044,-0.07361111111111107,,48.5,-0.03606935818997914,0.8168912565498293,0.6737373737373737,False,False,False
3372,16.399999618530273,2026-10-08,-0.003039583105784893,0.1310344564503636,-0.17587940035641558,-0.15681239201906527,,7.5,-0.25413625854639477,1.0463339917358627,0.6393762129603485,False,False,False
3373,18.5,2026-10-08,0.15625,0.15625,0.12119164342248379,0.07582567577070498,,71.1,0.0429347852325046,3.525014601341285,0.9012969632644002,True,True,False
3374,497.0,2026-10-08,0.08991228070175428,0.05857294994675177,0.5315870570107859,2.0279632588119307,,97.0,0.4533301988208067,0.6384870805988156,0.9969909729187563,False,False,False
3376,169.5,2026-10-08,-0.025862068965517238,-0.17917675544794187,-0.12058107577044885,-0.1808721871486989,,12.0,-0.19883793396042804,0.47286313864480467,0.6793942427137918,False,False,False
3379,27.299999237060547,2026-10-08,-0.010869606531259235,-0.030195395843281014,-0.1673365332727692,-0.25377604473507975,,5.6,-0.2455933914627484,0.2964476409623643,0.46244009515633816,False,False,False
3380,30.299999237060547,2026-10-08,-0.03194888256789341,0.015075338353099932,-0.10167618527158273,-0.2504849742438525,,9.9,-0.17993304346156191,0.7323940975846368,0.740495592711543,False,False,False
3388,87.0,2026-10-08,0.030805668567717603,-0.033333333333333326,0.0915935173309792,0.29137973306667564,,78.3,0.013336659141000018,0.3609820644130622,0.7460119899531789,True,False,False
3390,22.200000762939453,2026-10-08,-0.006711392213426426,0.009090943769975102,-0.16436187359595533,0.024947397360348678,,19.8,-0.24261873178593452,0.6495631011729848,0.7477496252962457,False,False,False
3402,139.5,2026-10-08,0.018248175182481674,0.1160000000000001,0.014391796342106744,0.18828754039206075,,65.1,-0.06386506184787244,0.8668450734301575,0.9212989061437784,False,False,False
3406,1060.0,2026-10-08,0.11578947368421044,0.07396149949341435,0.7320261437908497,1.4374387597904512,,97.0,0.6537692856008706,1.207845540725302,0.954954954954955,False,False,False
3413,289.5,2026-10-08,-0.011945392491467532,0.01936619718309851,-0.14601769911504425,-0.009961918384969626,,20.0,-0.22427455730502344,0.39875709160677764,0.7578534031413613,False,False,False
3416,182.0,2026-10-08,0.0930930930930931,0.07374631268436582,0.021693208303128042,0.3227435939122232,,73.1,-0.05656364988685114,1.3398229193284603,0.9747786969837933,True,False,False
3419,11.949999809265137,2026-10-08,0.008438770006436558,0.0391304181969685,-0.13718415305942167,-0.2290322703699912,,7.6,-0.21544101124940085,0.610976922579165,0.6657381226377302,False,False,False
3430,111.0,2026-10-08,-0.004484304932735439,-0.004484304932735439,-0.1321344904164009,0.5631234595317975,,70.2,-0.2103913486063801,0.6631133837517331,0.6124718517060397,False,False,False
3432,14.5,2026-10-08,-0.016949152542372836,0.010452934811344461,-0.1966758663220125,-0.09937890332668842,,8.1,-0.2749327245119917,1.0947916531875082,0.6415929095244127,False,False,False
3434,30.899999618530277,2026-10-08,-0.01592356707243181,0.051020408825263264,0.08215934906780187,0.133690696157019,,70.0,0.003902490877822684,0.5866317771158672,0.8927815106896824,False,False,False
3437,21.149999618530277,2026-10-08,-0.04081631064265956,0.17827290916876803,0.004750612118487485,0.016826942034022574,,49.9,-0.0735062460714917,1.0885999522112124,0.70735785579819,False,False,False
3438,60.59999847412109,2026-10-08,-0.01463417115250265,-0.05312502384185802,-0.12173915254896972,0.38517651927393226,,60.5,-0.1999960107389489,0.5117066427581021,0.7837643876643218,False,False,False
3441,249.5,2026-10-08,0.23209876543209873,0.9045801526717556,2.6002884417430248,7.242133104956917,,99.0,2.5220315835530456,1.2470282906930539,0.9784313725490196,False,False,False
3443,8360.0,2026-10-08,0.05822784810126591,0.4085930918281382,0.8999999999999999,2.3458513275021122,,98.3,0.8217431418100207,0.5985985525136795,0.9720930232558139,False,False,False
3444,78.30000305175781,2026-10-08,-0.02973970244414803,-0.04628496337379451,-0.041067470369665404,0.1518212364437408,,54.1,-0.11932432855964459,0.6036843501878588,0.6822703178908273,False,False,False
3447,30.25,2026-10-08,0.09403256482243405,0.04852684922075379,-0.16666664915198648,-0.20048790279934126,,6.9,-0.24492350734196566,1.181637882227447,0.4844396443525316,True,False,False
3450,522.0,2026-10-08,0.013592233009708687,-0.10769230769230764,0.0235294117647058,0.9265088440302247,,87.9,-0.054727446425273385,1.0794159197087896,0.8080495356037152,False,False,False
3455,284.0,2026-10-08,-0.010452961672473893,0.2085106382978723,0.21977847118219573,0.718613247604386,,90.6,0.14152161299221655,1.6513399383030531,0.9286055049698156,False,False,False
3465,29.350000381469727,2026-10-08,-0.021666653951009085,-0.0033955986037043084,-0.13024138010555675,-0.2266139712405003,,8.4,-0.20849823829553593,0.620203477838938,0.5655105880263785,False,False,False
3466,28.600000381469727,2026-10-08,0.20421054237767278,0.18181816032289366,-0.14626864532926187,-0.17101448169652966,,9.4,-0.22452550351924105,2.605082533883461,0.5933609943728467,True,False,False
3467,70.5,2026-10-08,-0.028925599425042137,0.39603960396039595,0.21132248506980789,0.7133645601136536,,90.0,0.1330656268798287,1.4014696787486,0.815028901734104,False,False,False
3479,133.5,2026-10-08,-0.02197802197802201,0.06374501992031867,-0.02197802197802201,0.5954870745220271,,80.2,-0.1002348801680012,0.34179817520643535,0.853035143769968,False,False,False
3481,51.0,2026-10-08,-0.024856582333166566,0.0210210054258817,-0.21779137443080854,0.9915200579520551,,80.3,-0.2960482326207877,0.7099458501224905,0.7193229746459837,False,False,False
3483,79.0,2026-10-08,0.006369426751592355,0.006369426751592355,-0.0913935573430863,0.06101779007978414,,35.8,-0.16965041553306548,1.5810711635732213,0.72130599397916,False,False,False
3484,49.20000076293945,2026-10-08,0.04016916609990595,0.08131869808658143,0.0026372948079691483,0.11021640443377789,,57.9,-0.07561956338201004,0.7742589124736314,0.9389489205369098,False,False,False
3485,221.5,2026-10-08,0.04235294117647048,0.05476190476190479,-0.21244444444444444,-0.05493333333333328,,8.8,-0.2907013026344236,0.8137616151922562,0.5868460543337646,False,False,False
3489,22.649999618530277,2026-10-08,-0.048319313251889984,0.0,0.07282931385619484,0.10492254410363167,,67.5,-0.00542754433378434,0.27041096668215536,0.862857128324963,False,False,False
3490,45.20000076293945,2026-10-08,-0.07282049717047279,-0.020585064605181724,0.4067807376056547,0.6980182660533747,,92.8,0.3285238794156755,1.6605738586748937,0.827838864947277,False,False,False
3491,1685.0,2026-10-08,0.1308724832214765,0.11589403973509937,0.33374817139511204,-0.05370934635737068,,81.7,0.25549131320513285,1.1081539158578395,0.7699364930906339,False,False,False
3492,19.149999618530277,2026-10-08,0.0,0.0,-0.11101002360135082,-0.17294781171005147,,13.7,-0.18926688179133,0.47955522851073057,0.7105659522210737,False,False,False
3494,7.090000152587891,2026-10-08,0.0,-0.001408415799858398,-0.09566326344425313,-0.09566326344425313,,20.9,-0.17392012163423232,0.6917327666476584,0.6445454684170809,False,False,False
3498,225.5,2026-10-08,0.02733485193621865,0.1899736147757256,0.887029288702929,1.9477124183006538,,98.0,0.8087724305129498,1.3067271325682854,0.9534883720930233,False,False,False
3499,13.149999618530272,2026-10-08,-0.04363639137961661,-0.09931511815436611,-0.11148652371217738,-0.26944446563720714,,8.2,-0.18974338190215656,1.0280476047839633,0.6159250296755746,False,False,False
3501,37.95000076293945,2026-10-08,0.006631299600549534,-0.04166661047373321,-0.01479652402702103,-0.16335077662218045,,28.7,-0.09305338221700021,0.55803378633589,0.6887931143709803,False,False,False
3504,82.5999984741211,2026-10-08,0.02992520719704972,-0.02248522515833029,0.11021501048477722,0.5793498982613661,,85.2,0.03195815229479804,0.4888236602014552,0.8759278451855934,False,False,False
3508,24.700000762939453,2026-10-08,-0.0499999706561749,0.17061612873861787,0.3646408973685229,-0.15555552947215545,,80.7,0.2863840391785437,0.7872950512483965,0.47227535608521903,False,False,False
3511,19.950000762939453,2026-10-08,0.017857161972334668,0.033678836869109885,-0.23563216584841895,0.03906249844779586,,11.4,-0.31388902403839813,0.6792019310112759,0.7087034114844883,False,False,False
3512,19.0,2026-10-08,-0.010416705989173769,-0.010416705989173769,-0.005253800547309173,-0.03081975570732176,,43.6,-0.08351065873728836,0.756323964265517,0.9300654021326908,False,False,False
3515,218.5,2026-10-08,0.016279069767441756,-0.05411255411255411,0.040476190476190554,0.056589250244232225,,60.2,-0.03778066771378863,0.46168356151117124,0.6793477858645948,False,False,False
3516,26.0,2026-10-08,0.02564101020706122,-0.01140681542826072,-0.02806427223436392,0.38225151595043494,,71.8,-0.1063211304243431,0.470123611185249,0.8939819090404824,False,False,False
3518,49.5,2026-10-08,0.22676584564798352,0.6638655462184875,0.5325077761365524,1.3913042596898375,,96.1,0.45425091794657324,4.696807645958279,0.9840954423619331,False,False,False
3520,18.200000762939453,2026-10-08,0.07058828017290897,0.045977078272876115,0.08333342794388487,0.28169021178890574,,77.1,0.005076569753905691,0.9023229078021276,0.9215190259716178,True,False,False
3521,11.449999809265137,2026-10-08,-0.04583334922790527,-0.06530613801917251,-0.07661289020085749,-0.14869888686706778,,20.1,-0.15486974839083667,1.0935947123279046,0.681547638645519,False,False,False
3523,14.449999809265137,2026-10-08,0.07037035624186205,-0.02364867411885807,-0.06774194778934606,0.09469697106530406,,43.8,-0.14599880597932524,0.6499784459814408,0.621505368140436,False,False,False
3526,275.5,2026-10-08,0.012867647058823595,-0.019572953736654797,-0.1112903225806452,-0.0020726628046231488,,26.0,-0.18954718077062438,0.831795395054971,0.6974683544303798,False,False,False
3527,51.59999847412109,2026-10-08,0.003890991095427898,0.023809462537933035,-0.16372118702041494,-0.005634451169376442,,17.6,-0.24197804521039412,1.0073808998360174,0.7440161359166053,False,False,False
3528,86.0,2026-10-08,-0.010356749252885655,0.03614457831325302,-0.09098781217024976,0.30712949766009023,,58.8,-0.16924467036022894,0.7880779221264954,0.6246211580939538,False,False,False
3529,2915.0,2026-10-08,-0.10169491525423724,0.13424124513618674,0.08768656716417911,0.0030678830665926693,,62.3,0.009429708974199924,0.7135399243959931,0.6235863359017357,False,False,False
3530,57.59999847412109,2026-10-08,-0.023728839421676473,0.0,-0.133834609411713,-0.0637787095524125,,17.7,-0.21209146760169217,1.067468061722737,0.7371261485762199,False,False,False
3531,21.649999618530277,2026-10-08,0.023640662364926568,0.011682243198898323,-0.046255555467796805,0.016994474676774285,,40.1,-0.12451241365777599,2.1366259562474834,0.9193206080643839,True,False,False
3532,509.0,2026-10-08,0.07383966244725748,0.26302729528535984,0.24565519538569647,2.6177007773249934,,97.2,0.16739833719571728,1.03861224968878,0.9732313575525813,False,False,False
3533,1915.0,2026-10-08,0.032345013477088846,0.12979351032448383,-0.020624185020401087,-0.12602782127238643,,31.0,-0.09888104321038027,1.2057243234886739,0.6838448557671686,True,False,False
3535,92.5,2026-10-08,0.013143449158067755,0.017601743094201927,-0.11904761904761907,-0.23553719008264462,,8.9,-0.19730447723759825,1.0523412665436904,0.622895622895623,False,False,False
3537,56.900001525878906,2026-10-08,-0.029010187585464364,0.03454548228870746,-0.11490271580663569,0.3534402221254356,,58.7,-0.19315957399661488,1.3895525645806535,0.6608594951715502,False,False,False
3540,23.799999237060547,2026-10-08,0.030302980261088797,0.021459228170475964,-0.008184390743454673,-0.09902364565312205,,36.3,-0.08644124893343386,0.9504250324873774,0.6741571370391609,False,False,False
3541,24.5,2026-10-08,0.004098376353816713,0.13163974280306223,0.1111111495560333,0.012396662297629923,,66.3,0.03285429136605411,1.04945853705969,0.9297912578866331,False,False,False
3543,56.09999847412109,2026-10-08,0.09784736104311587,0.2635134357241573,0.8453947098053716,0.2298022636430126,,94.7,0.7671378516153924,1.7433508405098495,1.0,True,True,False
3545,49.0,2026-10-08,-0.05038756881795381,-0.039215686274509776,-0.14415418882894548,0.008304166950892755,,21.7,-0.22241104701892467,0.7755267460175114,0.7686762991051557,False,False,False
3548,73.80000305175781,2026-10-08,-0.03529407775479987,-0.11510789326715087,-0.11288251274786465,-0.08465112493943794,,19.2,-0.19113937093784383,0.8600586840791749,0.6446896705243399,False,False,False
3550,23.899999618530277,2026-10-08,-0.0700389529561749,0.04139428427056613,-0.17013888015055323,0.3095890201934399,,44.9,-0.2483957383405324,0.7269263552527905,0.6416107280142356,False,False,False
3551,198.0,2026-10-08,0.02590673575129543,0.09695290858725758,0.0015647751537817278,0.14952317759940192,,61.2,-0.07669208303619746,1.7809799589882003,0.8991825737696978,False,False,False
3552,43.20000076293945,2026-10-08,-0.024830665757683668,0.00699298896014211,-0.08091244060933367,-0.18853787329761018,,16.1,-0.15916929879931285,1.2029910739181024,0.5706752980183777,False,False,False
3555,158.0,2026-10-08,-0.053892215568862256,-0.23671497584541068,-0.14130434782608692,-0.12947658402203854,,12.7,-0.2195612060160661,0.4750294838839836,0.572463768115942,False,False,False
3556,65.69999694824219,2026-10-08,0.11167510396825353,0.13275856807314113,-0.10368357144745532,0.47584687503615086,,68.7,-0.1819404296374345,2.2857547563074387,0.8407187469064051,True,False,False
3557,24.0,2026-10-08,0.0389610218038019,-0.020408163265306145,-0.07692307692307687,-0.20796534485819063,,15.4,-0.15517993511305606,1.7530473438981895,0.5920941816069971,False,False,False
3558,135.5,2026-10-08,0.050387596899224896,0.14345991561181437,0.012414554526345656,0.23289588143044693,,67.8,-0.06584230366363353,2.6814372151632573,0.8977397200932382,True,False,False
3563,730.0,2026-10-08,-0.03183023872679047,0.044349070100142995,0.02384291725105192,-0.11732457313711209,,40.6,-0.05441394093892726,1.373652748464732,0.7766067879461125,False,False,False
3564,66.9000015258789,2026-10-08,0.3117647358015472,0.3597561074891733,0.19849478739083737,0.6260111207989649,,88.5,0.12023792920085818,5.450557703331759,1.0,True,True,False
3567,26.200000762939453,2026-10-08,0.001912089680251583,0.03353058653565366,-0.1067636369878977,0.03868670236999261,,30.4,-0.1850204951778769,0.6902625132774057,0.8328640001785012,True,False,False
3570,170.5,2026-10-08,0.0,0.042813455657492394,0.04923076923076919,0.08375363881642128,,62.5,-0.029026088959209995,0.6108190398306254,0.9301287659396652,True,True,False
3576,18.149999618530277,2026-10-08,-0.018918939538904,0.06451615429276547,0.13084115148246767,-0.1478873113314242,,57.8,0.05258429329248848,0.9314846290302443,0.6797752471873754,False,False,False
3577,106.0,2026-10-08,-0.08225108225108224,-0.06607929515418498,-0.11054114128263692,0.4142513364438729,,63.5,-0.1887979994726161,0.21932526055986273,0.6625,False,False,False
3580,102.5,2026-10-08,-0.059633027522935755,0.1808755345190538,0.10810810810810811,0.3453059118787216,,80.5,0.02985124991812893,1.0879394887172207,0.9190939698003617,False,False,False
3581,110.5,2026-10-08,-0.05555555555555558,0.02314814814814814,-0.14617689351404917,0.6641231267570809,,73.5,-0.22443375170402835,1.0105930139082806,0.39641785083750114,False,False,False
3583,736.0,2026-10-08,0.04101838755304099,0.01939058171745156,-0.053704103924248736,0.33364860874402646,,65.6,-0.13196096211422792,1.0418275694674337,0.7689878614232886,False,False,False
3585,76.80000305175781,2026-10-08,0.5530839609069522,0.567347001056282,0.16012094550099665,2.2201258626153995,,96.2,0.08186408731101746,4.074877817048123,0.46545456395004736,False,False,False
3587,243.0,2026-10-08,0.008298755186721962,-0.03762376237623766,-0.13927051055354123,-0.02935412919122793,,19.3,-0.2175273687435204,1.5350274340002557,0.6238115155731875,False,False,False
3588,53.20000076293945,2026-10-08,-0.1013513500451868,0.0,-0.21186849869234936,0.04878561444836116,,14.5,-0.29012535688232854,2.2783053698253743,0.7060993533037164,False,False,False
3591,29.100000381469727,2026-10-08,0.08178441613894893,0.15085950230439216,0.04062393042418244,0.21795000034726097,,70.3,-0.03763292776579674,1.3174609895079368,0.9614260162072904,True,True,False
3592,235.5,2026-10-08,-0.010504201680672232,0.06320541760722342,-0.1405109489051095,0.10638017839888314,,30.4,-0.2187678070950887,0.9289921163487822,0.8548094373865699,False,False,False
3593,11.600000381469728,2026-10-08,0.008695685345193827,0.10476194109235504,-0.19999997369174283,-0.13432830509721827,,6.8,-0.278256831881722,0.7629342893879301,0.5814536309702162,True,False,False
3594,46.25,2026-10-08,-0.030398338359483468,-0.042443049056770654,-0.11550825359103001,0.19519786010750528,,44.4,-0.1937651117810092,0.1962409705906812,0.7768785937529635,False,False,False
3595,1395.0,2026-10-08,0.0219780219780219,-0.14939024390243905,-0.29031088147255724,-0.08974660223329034,,3.6,-0.3685677396625364,0.576557447097205,0.5696824399659063,False,False,False
3596,156.5,2026-10-08,0.02287581699346397,-0.018808777429467072,-0.19948849104859334,-0.09275362318840574,,8.2,-0.2777453492385725,1.0354301379022928,0.7650071843538616,False,False,False
3597,40.400001525878906,2026-10-08,0.4377224547128582,0.5131086281448927,0.45848376942758473,0.7272227031561806,,93.6,0.38022691123760555,7.5369206268718205,1.0,True,True,False
3603,6.099999904632568,2026-10-08,-0.02400001525878903,-0.043887179433520496,-0.18990707374922866,-0.14084507231437082,,7.3,-0.26816393193920784,0.8385157600744779,0.455223886439306,False,False,False
3605,163.0,2026-10-08,-0.0842696629213483,0.3526970954356847,0.8209431246764409,1.4826074149131427,,97.2,0.7426862664864617,1.0119337445722663,0.888283378746594,False,False,False
3607,13.850000381469728,2026-10-08,-0.007168417861123655,0.010948947028681655,-0.14506174511088865,0.024119753395132726,,22.7,-0.22331860330086784,0.6344224424351461,0.79467214061124,False,False,False
3609,25.100000381469727,2026-10-08,0.09130436441172729,0.3141361193804493,-0.1223776207453372,-0.041984746161752184,,21.0,-0.20063447893531638,0.44691000905911743,0.482692315028264,True,False,False
3611,184.5,2026-10-08,0.0,0.013736263736263687,-0.03179308733406039,0.046288116651588496,,46.2,-0.11004994552403957,0.9065182638377071,0.9030607546523002,True,False,False
3615,42.900001525878906,2026-10-08,-0.008092450268695761,0.17857142108575919,-0.08998846987403608,0.32894989355144877,,60.9,-0.16824532806401526,1.9815721171512952,0.7157562078416,False,False,False
3617,241.5,2026-10-08,-0.006172839506172867,-0.028169014084507005,0.06473113240580908,0.4906236455356572,,81.8,-0.013525725784170106,0.4840078016420822,0.9288461538461539,False,False,False
3622,46.20000076293945,2026-10-08,0.006535930873366125,-0.08151090529441307,-0.1256376207946447,-0.1363942725456726,,14.3,-0.20389447898462387,0.7493877262671161,0.6731392652403877,False,False,False
3623,29.899999618530277,2026-10-08,-0.021276583789296755,0.23045269783091293,0.2536687270563358,0.3560090999130665,,86.1,0.17541186886635662,1.2274361066041206,0.9373040744853731,False,False,False
3624,175.0,2026-10-08,0.1589403973509933,0.8059855236768296,0.25,2.691504691791481,,97.3,0.17174314181002082,2.164589232106995,0.9997389249023365,True,True,False
3625,19.860450744628903,2026-10-08,-0.09821435530780309,-0.1652893098615522,-0.4325843388509151,-0.4058824314792625,,0.4,-0.5108411970408943,1.1033164491125225,0.2927535772259525,False,False,False
3628,71.5,2026-10-08,-0.01785718402832437,0.04532161410768709,0.02495910727652051,0.15823553762494336,,64.4,-0.053297750913458675,0.6426121602878424,0.7519800799638728,False,False,False
3630,27.75,2026-10-08,0.03159852764028259,0.0183486238532109,-0.010695160257408465,-0.021164034334966053,,43.5,-0.08895201844738765,1.7493072391148807,0.7207792207792207,False,False,False
3631,47.04999923706055,2026-10-08,0.1631643596943526,0.24306475914998282,0.4279210363472914,0.7721280824514869,,93.5,0.3496641781573122,2.6068683029560806,1.0,True,True,False
3632,13.196229934692385,2026-10-08,0.002824555763343284,-0.02739748654586116,-0.17345772638498425,-0.2486774583962047,,5.3,-0.25171458457496343,2.888469862619244,0.6960782281811565,False,False,False
3633,143.0,2026-10-08,-0.0034843205574912606,-0.03050847457627115,0.22188932933201255,0.6010080647916698,,88.8,0.14363247114203337,0.32654729799696547,0.9315960912052117,False,False,False
3645,73.0,2026-10-08,-0.01617246627488733,0.016713048708050238,-0.11868283452312878,-0.02985902103551663,,22.7,-0.19693969271310796,1.2611455099440474,0.6307980628003059,False,False,False
3646,25.100000381469727,2026-10-08,0.010060362018602609,0.05241090062921705,0.10508662368295973,0.08666846461968669,,69.9,0.02682976549298055,0.4409744968262216,0.8962214415855885,False,False,False
3652,35.25,2026-10-08,0.021739130434782705,0.08796291172531912,0.05825769190289787,0.3561375266679414,,78.1,-0.019999166287081316,0.2510558235742245,0.8575108161193818,False,False,False
3653,7165.0,2026-10-08,0.0421818181818181,0.2670203359858532,1.2529647667184594,0.7978770379685667,,97.6,1.1747079085284802,0.7420064835222522,0.9944482997918113,False,False,False
3659,7.659999847412109,2026-09-22,-0.011612922914566504,-0.40758310023288535,,,,,,,,False,False,False
3661,4345.0,2026-10-08,0.154050464807437,0.07549504950495045,0.07723512524279541,0.5311052204683737,,82.9,-0.0010217329471837733,1.3631899020311846,0.8146903840357833,True,True,False
3663,61.59999847412109,2026-10-08,-0.05376344212037654,-0.008051529988496897,-0.2222222115188065,-0.12000002179827018,,6.0,-0.3004790697087857,0.8284913713686342,0.6717557309068362,False,False,False
3664,8.199999809265137,2026-10-08,-0.07344638917367408,0.11111106803639115,0.09625665619728618,-0.006060629179983401,,62.9,0.017999798007307,0.5052744916111899,0.4110275436429076,False,False,False
3665,2360.0,2026-10-08,-0.07632093933463802,0.14009661835748788,0.2529894660229255,0.1814789399156942,,83.1,0.1747326078329463,1.185889654415422,0.8097550988747017,False,False,False
3666,26.600000381469727,2026-10-08,0.051383445992554844,0.06400001525878896,0.05555553873590324,0.021113288311606082,,59.6,-0.02270131945407594,2.2820215563373205,0.8072837561627041,True,True,False
3669,32.25,2026-10-08,-0.03443118183655969,-0.024205726339729172,-0.06926411025080115,-0.07297484804513854,,26.9,-0.14752096844078033,0.245010659831918,0.7579318584784046,False,False,False
3672,11.899999618530272,2026-10-08,-0.016528988151582436,0.004219344763796817,-0.13768119898144837,0.11737089622285857,,32.2,-0.21593805717142756,3.1551942171609917,0.7933333079020181,False,False,False
3673,74.4000015258789,2026-10-08,0.015006799840709073,0.13069905889451694,-0.023691098257747734,0.47484957354278956,,75.8,-0.10194795644772692,2.6340257352396743,0.8111672531804922,False,False,False
3675,344.0,2026-10-08,-0.04178272980501396,0.23725360720457456,-0.20703286276450283,0.7621492351774151,,72.4,-0.285289720954482,1.8597402690247717,0.7753456392365534,False,False,False
3678,47.79999923706055,2026-10-08,-0.02448981148856022,-0.047808794609635274,-0.041384872351124535,-0.27145254088720516,,15.7,-0.11964173054110372,1.5400761259707483,0.6320944826281607,False,False,False
3679,108.0,2026-10-08,-0.004608294930875556,0.0,-0.00917431192660545,-0.03328565699918817,,42.1,-0.08743117011658463,0.6227712744291732,0.896069883922425,False,False,False
3680,571.0,2026-10-08,0.0362976406533575,0.07939508506616266,0.13745019920318735,0.4236985320111595,,83.4,0.05919334101320817,0.9210135143663474,0.9348799305280399,True,True,False
3684,62.5,2026-10-08,0.15101290751663266,0.15313651513333326,0.18147444607208052,0.08689703302451446,,77.1,0.10321758788210134,5.74651885964173,0.9349484933770678,True,True,False
3685,37.900001525878906,2026-10-08,0.093795089664648,0.025710439602813162,0.27181216430183164,0.3251748608519165,,86.3,0.19355530611185245,1.5230609283932446,0.8284153338989925,True,False,False
3686,15.5,2026-10-08,-0.03125,0.07638891740345755,-0.06626508169828937,-0.11174788983854322,,24.2,-0.14452193988826856,0.7465653324135042,0.6652360732847573,False,False,False
3687,60.70000076293945,2026-10-08,-0.014610352816156857,-0.030351401876904105,-0.19778753254295878,-0.11208108114442317,,7.5,-0.27604439073293796,0.427886468499745,0.7333165736280276,False,False,False
3689,117.5,2026-10-08,0.06334841628959276,0.03982300884955747,-0.014334396548491113,-0.037709862240507874,,40.9,-0.0925912547384703,0.9823002920892512,0.8572513825378314,False,False,False
3691,103.5,2026-10-08,-0.07999999999999996,0.04969575660962078,-0.29109589041095896,-0.05909090909090908,,4.1,-0.36935274860093814,1.0846956097498162,0.6106194690265486,False,False,False
3693,736.0,2026-10-08,0.10843373493975905,0.07917888563049846,0.436047109149057,0.36516361530235475,,91.2,0.3577902509590778,1.8838427803626114,1.0,True,True,False
3694,51.0,2026-10-08,-0.003906264842953311,0.00990099009900991,-0.14125732006466896,-0.04687304838215689,,18.0,-0.21951417825464814,0.5439857963111416,0.6713012998276122,False,False,False
3701,63.0,2026-10-08,0.24999996215578224,0.5365853658536586,0.489361728990374,0.11702124637519229,,89.4,0.4111048708003948,5.201945833825025,0.8015267331174648,True,True,False
3702,117.5,2026-10-08,-0.012605042016806678,0.11904761904761907,0.1526263573948794,0.323199971681849,,82.1,0.07436949920490021,0.5033359075034569,0.9354006423493856,False,False,False
3703,19.5,2026-10-08,-0.00255750583180403,-0.012658227848101222,-0.05339807578155231,-0.07641098111259981,,29.6,-0.1316549339715315,0.38975970678029426,0.8507749299565576,False,False,False
3704,39.09999847412109,2026-10-08,-0.023720369064585856,-0.015113407488356434,-0.13781698368890916,0.14806356546966248,,35.1,-0.21607384187888834,0.3677142163901507,0.7757935970308334,False,False,False
3706,80.5999984741211,2026-10-08,-0.018270402288409482,-0.006644153716423351,0.04291092938634966,0.15995898355279548,,67.0,-0.03534592880362952,0.4532103615154426,0.8596704928301951,False,False,False
3707,85.9000015258789,2026-10-08,0.10838711646295374,0.4035947786768148,0.05398774878379031,0.6976285398469269,,85.3,-0.02426910940618887,3.5029766715876898,0.8547263833420786,False,False,False
3708,94.0999984741211,2026-10-08,-0.04853390270678415,-0.05522088438012429,-0.11226416533848027,-0.12129087340824973,,16.8,-0.19052102352845945,0.6571214021977224,0.7584295589571198,False,False,False
3709,66.19999694824219,2026-10-08,0.00455228247977324,0.003030256791548336,-0.0703797198207563,-0.015221397869024766,,32.4,-0.1486365780107355,0.38448093742818906,0.7324887070346037,True,False,False
3710,8.260000228881836,2026-10-08,0.022277265702401294,0.018439228622564974,-0.13837628832135518,-0.2018502263942471,,8.8,-0.21663314651133436,1.2002850777143308,0.5651715383232021,False,False,False
3711,744.0,2026-10-08,0.04788732394366191,0.19806763285024154,0.1903999999999999,0.960314304596537,,92.1,0.11214314181002072,0.6722682508695131,1.0,True,True,False
3712,20.200000762939453,2026-10-08,-0.021791712537709507,-0.021791712537709507,0.1509972445060206,0.11602211807794482,,75.3,0.0727403863160414,0.3720675946818829,0.5056320494911843,False,False,False
3713,14.850000381469728,2026-10-08,0.07608696929148029,0.038461551286636864,0.024137957342739824,0.060714312962123484,,57.5,-0.05411890084723936,3.1800562993704555,0.6200417498294536,True,False,False
3714,67.0,2026-10-08,-0.026162833894116,-0.0029761451982837084,0.0823909264685383,0.304807857174908,,77.9,0.004134068278559111,1.0564039468588904,0.8351411461519639,False,False,False
3715,137.5,2026-10-08,0.06589147286821695,0.15062761506276146,-0.09240924092409242,-0.2885921321030852,,9.0,-0.1706660991140716,1.797437376019807,0.6799450834481829,False,False,False
3717,27.75,2026-10-08,0.014625214367502526,0.27002286112241314,0.015135143734256618,0.1726194458114756,,64.0,-0.06312171445572257,3.0523743022967915,0.9528781238147552,False,False,False
4113,14.949999809265137,2026-10-08,-0.009933812477823989,-0.016447368627439896,-0.0033333460489909372,-0.09118546407935124,,38.1,-0.08159020423897012,1.3261202288902714,0.5885826784957326,False,False,False
4154,12.449999809265137,2026-10-08,-0.004000015258789014,-0.004000015258789014,0.050632861475148117,-0.13840830632521028,,44.2,-0.027623996714831067,0.8579858435481694,0.6955307304239695,False,False,False
4171,19.850000381469727,2026-10-08,0.21406727329295516,0.18154769541185,0.1642229483695805,0.07008092710925529,,74.5,0.08596609017960133,3.2668856609137187,0.749056618168669,True,True,False
4303,31.649999618530277,2026-10-08,-0.05097448076077071,-0.09829056995926855,-0.0016233976228553493,-0.17316270448305582,,30.3,-0.07988025581283453,0.7311625624632148,0.5967985884899119,False,False,False
4304,16.649999618530273,2026-10-08,-0.03757223394194298,-0.03757223394194298,-0.13506495488154424,-0.441275166281762,,2.8,-0.21332181307152343,0.5406301316613077,0.47167138748971627,False,False,False
4305,40.95000076293945,2026-10-08,-0.0144403967542297,-0.05645162849772134,-0.0353356884108601,0.004863688388451859,,40.9,-0.11359254660083928,1.0892751781418781,0.9161073839822145,False,False,False
4306,14.550000190734863,2026-10-08,0.006920441715549952,-0.0299999872843425,-0.044628458019343786,0.12875375939140388,,51.2,-0.12288531620932297,0.7353139620794507,0.9207357470389927,False,False,False
4401,13.949999809265137,2026-10-08,0.0035971361228104293,-0.0035714421953473297,-0.04144736148001926,-0.02541804865809083,,37.3,-0.11970421966999845,0.9944438838889174,0.8278408559051235,False,False,False
4402,13.350000381469728,2026-10-08,-0.056537050079697226,-0.056537050079697226,-0.16562497615814198,-0.20535708406344289,,6.7,-0.24388183434812116,1.2057085371657885,0.6560196624677193,False,False,False
4406,10.149999618530272,2026-10-08,-0.004901979575474891,0.009950191631598049,0.027327884712745387,0.019076263017630213,,54.4,-0.050928973477233797,3.2130931144443635,0.9485981120991591,False,False,False
4413,19.850000381469727,2026-10-08,-0.02457002410944864,0.015345327678605303,0.39229389312006924,0.1575929322999834,,87.4,0.31403703493009005,0.46349601914856553,0.9385343139239788,False,False,False
4414,8.069999694824219,2026-10-08,-0.00493217799585155,0.0,-0.0798176426912014,-0.31319151533410905,,9.1,-0.15807450088118058,0.999107932349142,0.661475395163167,False,False,False
4416,12.25,2026-10-08,-0.06488552341357756,-0.008097196630031833,0.13953488372093026,-0.046692635304116825,,66.0,0.061278025530951075,0.6112642268992419,0.20976026849197313,False,False,False
4417,48.79999923706055,2026-10-08,-0.01612901737240857,0.03389827220887209,0.09085790421778572,0.04848394046719351,,65.9,0.01260104602780654,0.7603317083173639,0.9266531186267198,False,False,False
4420,35.79999923706055,2026-10-08,0.004207509249971597,-0.02550593241995358,0.0317389206926606,-0.080106081191751,,46.3,-0.046517937497318584,1.096911419417319,0.7801726234145185,False,False,False
4426,7.599999904632568,2026-10-08,-0.00783289085832184,0.0013174903614814326,-0.0887290448940461,-0.12543149923865182,,19.9,-0.16698590308402528,0.770275236604499,0.7450980437988962,False,False,False
4430,19.549999237060547,2026-10-08,0.09831461095551108,0.12356319917620073,0.16734744081877406,0.12169706716767781,,77.6,0.08909058262879488,2.4955178260012225,1.0,True,True,False
4431,22.350000381469727,2026-10-08,0.21467395895821006,0.09024392104730383,0.2881844317041131,0.30320704831508816,,86.5,0.20992757351413394,1.9707462470684258,1.0,True,True,False
4432,15.199999809265137,2026-10-08,-0.009772024005007207,-0.028753982123572386,-0.06447616058016448,0.004933572961798305,,35.5,-0.14273301877014366,1.0886138260729303,0.8951994608028981,False,False,False
4433,17.899999618530273,2026-10-08,-0.008310228524679997,-0.045333353678385424,-0.11386143849206909,-0.10114168043483462,,18.1,-0.19211829668204827,0.8756402043503314,0.7762866967373601,False,False,False
4438,56.59999847412109,2026-10-08,-0.010489550363906863,-0.02245255643347044,-0.038802393006207025,0.03383645938909963,,43.2,-0.11705925119618621,0.6513482347423085,0.7011357876649699,False,False,False
4439,96.8000030517578,2026-10-08,-0.009211810896587735,0.005192107831307746,0.05886770206354419,0.1201829406324062,,66.6,-0.019389156126434992,0.2908650970841301,0.8921659267443115,False,False,False
4440,17.450000762939453,2026-10-08,-0.005697919001040552,-0.014124293176498326,-0.0332409140987201,0.008670608814685288,,41.6,-0.11149777228869928,1.449267579120364,0.8313407521464292,False,False,False
4441,171.5,2026-10-08,0.008823529411764675,-0.017191977077363862,-0.0423527565337426,-0.0597194105778287,,33.3,-0.12060961472372178,0.7327026508735852,0.6141257695679841,False,False,False
4442,53.400001525878906,2026-10-08,-0.011111082854094345,0.013282746732552697,0.07336686484178712,-0.06948264500968537,,54.5,-0.004889993348192068,0.04763289847498174,0.7355372265594993,False,False,False
4502,15.699999809265137,2026-10-08,-0.006329137991299971,0.003194900444321025,-0.0031746152847532683,-0.0031746152847532683,,47.0,-0.08143147347473245,0.6777428957529489,0.9048991045575517,False,False,False
4503,24.299999237060547,2026-10-08,0.006211164426486171,0.02531639049815282,-0.442660548451994,-0.395522418510429,,0.3,-0.5209174066419732,0.4952981578761953,0.46110054810756634,True,False,False
4506,118.0,2026-10-08,0.0,-0.03673469387755102,0.005916153015063097,0.04872111456236072,,52.8,-0.07234070517491609,1.050291261550157,0.9515422968704454,False,False,False
4510,41.650001525878906,2026-10-08,-0.0414269092164401,-0.08762321722448152,-0.0035884620554884616,-0.018845682513131456,,45.4,-0.08184532024546765,0.3690843102504007,0.7670350296699852,False,False,False
4513,16.149999618530273,2026-10-08,-0.015243902793602881,0.028662408581659804,-0.06916430758244174,-0.041543071044037316,,29.9,-0.14742116577242093,0.16991866429002328,0.708333340304637,False,False,False
4523,24.0,2026-10-08,0.0,0.014799170702543663,-0.06066533398608698,-0.12448537150454442,,23.9,-0.13892219217606616,0.629892102346014,0.6610355409822837,False,False,False
4526,33.0,2026-10-08,-0.040697716970323206,0.02009278381879631,-0.07576418843070598,-0.007451042619330495,,32.1,-0.15402104662068516,0.9003380569894229,0.7660612475157199,False,False,False
4527,45.0,2026-10-08,-0.009779831036498265,-0.009779914157556413,0.031847143786457366,0.0018236933382453913,,53.6,-0.04640971440352182,0.49020108456989964,0.9429569434090583,False,False,False
4528,14.800000190734863,2026-10-08,-0.0033670161246094343,-0.0067113711648049135,-0.045161278017105566,-0.1516080328166749,,24.4,-0.12341813620708475,0.9970396724229058,0.6916452117008806,False,False,False
4529,3.309999942779541,2026-10-08,-0.006006000415836432,-0.10298105922718004,-0.3031579067832545,0.08524589984527808,,7.2,-0.3814147649732337,0.3273161305874257,0.5444078921570011,False,False,False
4532,24.399999618530277,2026-10-08,-0.01612901737240857,0.038297856107671446,-0.1062270952225316,-0.00011849171921851642,,26.8,-0.18448395341251078,0.5973053549725306,0.83848794840799,False,False,False
4533,25.450000762939453,2026-10-08,-0.003913834720434939,-0.014122157963089688,-0.13548658549748982,-0.15542593829219586,,11.7,-0.213743443687469,0.7927103771653112,0.6214017565617254,False,False,False
4534,30.75,2026-10-08,0.0016286396031919281,0.07894736842105265,-0.06534958742137842,0.31691646670818985,,62.8,-0.1436064456113576,0.5057135669428027,0.7260921158896966,False,False,False
4535,26.5,2026-10-08,-0.01851851851851849,-0.046762563767537846,-0.08777966623170796,-0.03191490547716269,,27.2,-0.16603652442168715,0.9499383204757609,0.9024793115720543,False,False,False
4536,159.0,2026-10-08,-0.01851851851851849,-0.024539877300613466,-0.0358168750256771,0.10101442245057513,,50.2,-0.11407373321565628,0.579990752738864,0.8576024535133085,False,False,False
4537,170.5,2026-10-08,0.036474164133738496,0.1071428571428572,-0.02011494252873558,0.5335169939856135,,79.0,-0.09837180071871476,0.5753481104319421,0.8549356848406465,False,False,False
4538,17.600000381469727,2026-10-08,0.008595966302124447,0.005714307512555861,-0.058823547411279264,-0.016171938005456354,,34.2,-0.13708040560125845,0.8379769110813455,0.9287598771969485,False,False,False
4540,57.5,2026-10-08,-0.0695792765395683,-0.03846152619405285,-0.02707273291761081,0.32641296479689896,,68.9,-0.10532959110758999,0.5578731957647735,0.743855080594236,False,False,False
4541,58.79999923706055,2026-10-08,-0.021630603495278233,-0.03648917283323838,-0.026490103450292568,0.46020582238199514,,75.0,-0.10474696164027175,0.12078363493936606,0.776750351486321,False,False,False
4542,329.0,2026-10-08,0.0030487804878047697,0.14236111111111116,-0.15964240102171134,0.9232407190687957,,81.5,-0.23789925921169053,1.0430509539998964,0.6659919028340081,False,False,False
4543,32.54999923706055,2026-10-08,0.07960197840451122,0.107142845557892,-0.012967887514628629,0.08854639580792645,,52.9,-0.09122474570460781,2.1319055919226755,0.7421373916468016,False,False,False
4544,13.199999809265137,2026-10-08,0.011494223474170395,-0.025830286091733656,-0.08650519145325641,-0.16946569603406347,,17.1,-0.1647620496432356,0.41621462264150944,0.7967334809311163,False,False,False
4545,38.34999847412109,2026-10-08,-0.026649822616584218,0.18547141523978095,0.026534718734881224,0.2220650997560174,,69.1,-0.05172213945509796,1.7643064462847997,0.9068327295432235,False,False,False
4546,65.0,2026-08-07,,,,,,,,,,False,False,False
4549,98.0,2026-10-08,0.011351893259024637,-0.03420290282228833,0.02287739532036226,0.02287739532036226,,53.9,-0.055379462869616924,0.4828417767632653,0.7486277064128645,False,False,False
4550,24.100000381469727,2026-10-08,-0.014314943580707173,0.004166682561238533,-0.06949804106455404,0.030098612058048868,,37.2,-0.14775489925453322,0.5676804024284324,0.8920254092245857,False,False,False
4551,184.0,2026-10-08,0.06666666666666665,0.09850746268656718,-0.2319336029558262,0.43139652938134176,,44.8,-0.3101904611458054,2.579927818477203,0.6700153476581847,False,False,False
4552,15.350000381469728,2026-10-08,-0.019169280790609866,-0.06686932100015086,-0.22474742560906547,-0.2707838034290957,,2.7,-0.30300428379904465,0.8371300548357363,0.621457486126935,False,False,False
4553,19.049999237060547,2026-10-08,0.2699999491373697,0.229032208842616,0.14759028911383099,-0.07815902902764316,,65.0,0.0693334309238518,7.031338268983191,0.6214992354535018,False,False,False
4554,27.850000381469727,2026-10-08,-0.01065716664745775,-0.0591216208596923,0.039868154701370395,0.12027033942499044,,63.9,-0.03838870348860879,0.511908557876531,0.9298831276135293,False,False,False
4555,41.84999847412109,2026-10-08,-0.010638316100611167,-0.06792879617164149,-0.15197568858959465,0.1809706441106511,,35.7,-0.23023254677957383,0.9494704695828695,0.7266729892527075,False,False,False
4556,145.0,2026-10-08,0.3004484304932735,1.0567375886524824,0.5743757046938835,4.405356440590485,,98.7,0.49611884650390436,3.482258737393817,1.0,True,True,False
4557,50.29999923706055,2026-10-08,0.0,0.010040160796386255,0.02443993483160578,-0.08524144439778636,,44.3,-0.0538169233583734,0.8461530260871419,0.6551958003367149,False,False,False
4558,17.049999237060547,2026-10-08,0.011869368015609227,-0.0058309261629182485,-0.0783784196183488,-0.12113404266385053,,22.0,-0.15663527780832798,0.4741019676081301,0.690283348599844,False,False,False
4559,7.860000133514404,2026-10-08,0.02745098503647614,-0.07092197422306257,-0.17088602182988788,-0.005063286249386678,,16.7,-0.24914288001986706,0.2591832773920695,0.5171052784305532,False,False,False
4560,30.100000381469727,2026-10-08,0.02380955006877805,0.05244755174800164,-0.05902697219624986,-0.023111988476225975,,33.8,-0.13728383038622904,0.8150838340259567,0.8588747260957558,True,False,False
4561,43.09999847412109,2026-10-08,0.014117611155790355,0.0213269595950345,0.05055803194723474,0.3212048328305612,,75.5,-0.027698826242744445,0.5961289674927599,0.7629492784587816,False,False,False
4562,30.0,2026-10-08,-0.0306946927147419,-0.016393442622950838,-0.12280703711243035,-0.0275526862547556,,22.3,-0.20106389530240953,0.7258936302790553,0.6586169155320489,False,False,False
4563,53.20000076293945,2026-10-08,-0.005607462374963457,0.17960094374429403,0.2636580211669497,0.30392161170962484,,85.7,0.1854011629769705,1.4706281665173253,0.7777777715810638,False,False,False
4564,15.899999618530272,2026-10-08,-0.02453985504617784,-0.0031348082340302286,-0.1451613283636991,-0.147453086125946,,10.9,-0.2234181865536783,0.49933266211077204,0.7361110804502861,False,False,False
4565,143.5,2026-10-08,0.03985507246376807,0.0034965034965035446,0.2300000268118727,0.5961334681263073,,88.9,0.15174316862189352,1.3761165109758389,0.9663299663299664,True,False,False
4566,76.0,2026-10-08,0.010638338885950116,0.19496858212857493,0.21405753757994872,0.32364407819587404,,84.3,0.13580067938996954,1.0238703449939555,0.9806451612903225,False,False,False
4568,39.0,2026-10-08,-0.0012803902186275806,-0.01015232259867238,-0.008154798857123224,-0.023504771481600573,,43.9,-0.08641165704710241,0.9490955307702625,0.9331694505502932,False,False,False
4569,159.5,2026-10-08,0.029032258064516148,-0.10140845070422533,-0.0403206119331031,0.14958052321185544,,54.0,-0.11857747012308228,0.9753867106512655,0.7934909552361599,True,False,False
4571,151.5,2026-10-08,-0.016233766233766267,-0.04113924050632911,-0.10089020771513357,0.016920050739974934,,29.3,-0.17914706590511276,0.4170050050076087,0.6728328700819866,False,False,False
4572,138.5,2026-10-08,0.0,-0.03146853146853146,-0.03584647960602505,0.011850149964856671,,41.3,-0.11410333779600423,0.5497853944363269,0.8300104364708982,False,False,False
4573,694.0,2026-10-08,0.017595307917888547,0.08437500000000009,0.7909677419354839,1.2031746031746033,,96.6,0.7127108837455047,0.8211052605679496,0.9559228650137741,False,False,False
4575,21.5,2026-10-08,-0.0444444444444444,-0.05286346795629193,-0.14171654072581585,0.05681740621374032,,25.7,-0.21997339891579504,0.6341876532204145,0.594284610452335,False,False,False
4576,228.5,2026-10-08,-0.037894736842105314,-0.0748987854251012,0.03628117913832196,0.539078419948215,,81.6,-0.04197567905165722,0.5581071071678342,0.8060551281228698,False,False,False
4577,90.5999984741211,2026-10-08,0.002212355584805259,0.011160714475780154,0.05594400060181526,-0.22231760966419667,,37.0,-0.022312857588163926,0.6747129999915684,0.500552477757575,False,False,False
4580,82.19999694824219,2026-10-08,0.0,-0.0012151409454107531,0.05487027704972447,0.08671538777784371,,63.6,-0.023386581140254714,0.5063546272036279,0.9448275511292206,False,False,False
4581,48.09999847412109,2026-10-08,0.005224660563682315,0.002083301544189231,0.011391252664009421,0.024578922503799117,,52.0,-0.06686560552596976,0.6455895164301287,0.9423479258164578,False,False,False
4582,22.0,2026-10-08,-0.0178571261313496,-0.04555311374467741,-0.14220156842989162,-0.2605666366538377,,6.5,-0.2204584266198708,0.5651285476223298,0.5271885916311545,False,False,False
4583,417.0,2026-10-08,-0.005959475566150174,-0.09740259740259738,-0.31639344262295077,-0.3849557522123894,,0.9,-0.39465030081292996,0.7032900416800597,0.5205820351663645,False,False,False
4584,38.0,2026-10-08,0.01333333333333342,-0.018087874654767466,0.005425061381415519,-0.03226322902750223,,45.9,-0.07283179680856366,1.0521654880951858,0.7342370042485845,False,False,False
4585,292.0,2026-10-08,-0.008488964346349714,-0.01848739495798324,-0.08176100628930816,-0.02549790652648387,,28.9,-0.16001786447928734,0.4326040287815629,0.6662977800649427,False,False,False
4587,42.95000076293945,2026-10-08,0.11125482709700263,0.015366466609990415,-0.1270325183553228,0.23242475304075727,,45.9,-0.205289376545302,1.0295373621019228,0.5749665665006448,False,False,False
4588,56.5,2026-10-08,0.012544816711655749,0.08445300680890555,0.03553196286773508,0.02660498175056758,,56.2,-0.042724895322244105,0.9945532960562143,0.8046363491065093,False,False,False
4590,88.9000015258789,2026-10-08,0.007936560111759361,-0.007812466073248481,-0.003363262739484507,0.24920905303673146,,66.8,-0.08162012092946369,0.4162653785968192,0.9073857359719001,False,False,False
4609,4.610000133514404,2026-10-08,0.02672613998070572,0.13827158429785902,-0.05532786364646358,-0.1219047364734468,,25.3,-0.13358472183644277,0.28824819606471913,0.667149093388318,False,False,False
4702,9.359999656677246,2026-10-08,0.008620681681899223,-0.0010672602992501945,-0.06024100192487092,-0.01501502616595174,,34.1,-0.1384978601148501,0.7564955728706169,0.937142866418434,False,False,False
4706,45.0,2026-10-08,0.2987012415105099,0.1494252425572482,0.4193111832261476,0.4842469376384977,,91.9,0.3410543250361684,5.566636755000738,1.0,True,True,False
4707,32.79999923706055,2026-10-08,0.14285708589302404,0.1590106049934792,-0.10749709568583754,1.9325094557769766,,93.9,-0.18575395387581672,1.7609779648118336,0.7526774500862202,False,False,False
4711,17.200000762939453,2026-10-08,0.06501555227310485,0.04242428866299708,0.01202204557926878,0.14260557669578522,,61.7,-0.0662348126107104,7.2039314762715465,0.9322493252948326,False,False,False
4714,12.449999809265137,2026-10-08,0.050632861475148117,0.1800947473156329,0.050632861475148117,-0.1263158028585869,,45.5,-0.027623996714831067,1.3132630469263002,0.619079213179434,True,True,False
4716,19.75,2026-10-08,0.14492753623188404,0.1516035241575442,-0.1559828922236337,0.40070918196254257,,55.4,-0.2342397504136129,3.7330118200735,0.8161156767501302,False,False,False
4720,25.549999237060547,2026-10-08,0.341207362746486,0.38482374962189003,0.08955217082295142,0.41999029846221303,,81.4,0.011295312632972232,6.418507111322297,0.8749434282336892,True,True,False
4721,81.9000015258789,2026-10-08,0.016129070426412095,0.14866757391898555,-0.02804630625260085,0.14007537915259194,,55.0,-0.10630316444258003,1.2320822246127094,0.8353027969594558,False,False,False
4722,215.5,2026-10-08,0.02863961813842475,0.0774999999999999,-0.16955684007707128,0.2763171236421007,,41.1,-0.24781369826705046,2.8032595210602875,0.7058262845701254,False,False,False
4729,19.450000762939453,2026-10-08,-0.04656857222330024,0.029100590238633428,-0.10161657710644212,-0.020151113896384576,,26.2,-0.1798734352964213,1.41442782072224,0.7150735374037368,False,False,False
4738,6.389999866485596,2026-10-08,0.014285662385072895,0.020766714512881146,-0.060294163639568854,0.18333328771002577,,53.0,-0.13855102182954804,0.8860589181308093,0.3454053981884106,False,False,False
4739,87.19999694824219,2026-10-08,-0.00342860630580355,0.05696965997869308,-0.20727275501598008,0.10999784691372039,,19.7,-0.28552961320595927,0.9734388915167377,0.6762447732115793,False,False,False
4741,40.29999923706055,2026-10-08,0.0,-0.014669982064394738,-0.22500001467191255,-0.11694602367119611,,5.9,-0.30325687286189174,0.7455383989689162,0.4998521413901151,False,False,False
4749,759.0,2026-10-08,0.0026420079260238705,-0.03557814485387545,-0.1345496009122007,-0.11794748266761201,,14.4,-0.21280645910217988,1.5014431620370634,0.6515928148531934,False,False,False
4754,37.84999847412109,2026-10-08,0.0,-0.024484556227311716,0.028532588555140626,0.07485722500152447,,59.5,-0.04972426963483856,0.6120022795989689,0.9755154437726883,False,False,False
4755,127.0,2026-10-08,0.0672268907563025,0.09482758620689657,-0.052238805970149294,-0.05119825794986499,,32.4,-0.13049566416012848,2.835496245971999,0.7696768975566415,False,False,False
4760,367.0,2026-10-08,0.27209705372616977,0.34678899082568804,0.12915570141257882,0.6453411428458069,,86.8,0.05089884322259963,2.8941367580578485,0.7998185655102877,True,True,False
4763,46.650001525878906,2026-10-08,-0.004268878436626933,-0.015645728287872585,0.018575121366349645,0.1583331809919215,,63.6,-0.05968173682362954,0.5371207469466408,0.7856202854581058,False,False,False
4764,199.0,2026-10-08,0.07567567567567557,-0.1271929824561403,-0.370253164556962,0.46980057891934757,,22.5,-0.4485100227469412,1.158045146650773,0.5530530741077984,False,False,False
4765,15.149999618530272,2026-10-08,-0.03194888256789341,-0.09009009215415287,-0.04416408492695234,-0.2819905523871372,,14.8,-0.12242094311693152,0.7970153171225558,0.48635633399873157,False,False,False
4766,354.5,2026-10-08,0.035036496350364876,0.029027576197387495,0.026049204052098318,0.1641420093674486,,64.9,-0.052207654137880866,1.0259439276532176,0.9503199609997807,False,False,False
4767,28.399999618530277,2026-10-08,0.010676129287826797,-0.02237520260245074,0.08363864037648017,0.18097145187168517,,72.5,0.005381782186500983,0.7720984804042162,0.9546218359169841,False,False,False
4768,365.5,2026-10-08,-0.004087193460490468,0.20627062706270638,0.11377662372734831,-0.2217544532704535,,48.0,0.03551976553736913,1.5971363029769576,0.6914523363549302,False,False,False
4770,282.0,2026-10-08,0.025454545454545396,0.17991631799163188,0.3146853146853146,0.2341356673960613,,86.1,0.2364284564953354,1.2470893734082429,0.9572211984760414,False,False,False
4772,274.5,2026-10-08,0.037807183364839236,0.09580838323353302,0.0,-0.05148351224228187,,42.2,-0.07825685818997918,2.8308976816669307,0.7378751991668033,False,False,False
4903,45.95000076293945,2026-10-08,0.03607671575799465,0.25890413049149186,0.143034823156047,0.014348819797487478,,70.5,0.0647779649660678,2.972101705377778,0.8637218064656393,False,False,False
4904,106.0,2026-10-08,0.00952380952380949,0.03921568627450989,0.13733909303523006,0.17975115031755795,,77.4,0.05908223484525088,0.6183536904571305,0.9784069431409667,False,False,False
4905,89.0,2026-10-08,0.058263990663290244,0.04952826411667366,0.34682707183596184,0.07746155795030285,,84.7,0.26857021364598266,3.6028692588623676,0.9165808588938352,False,False,False
4906,41.79999923706055,2026-10-08,0.032098746594087624,0.1358695680342461,0.04369538160641517,0.07659844763214774,,61.6,-0.03456147658356401,2.2096301042150874,0.7913199767145387,False,False,False
4907,42.84999847412109,2026-10-08,-0.048834645953326095,-0.0477778116861981,0.055173146495479664,0.06920816190395662,,62.4,-0.02308371169449952,0.6901880595960843,0.8720267158603178,False,False,False
4908,243.5,2026-10-08,0.19070904645476783,0.09192825112107617,0.44180747796610853,1.2695117120154937,,95.4,0.36355061977612935,1.8152418096626362,0.8351184377617592,False,False,False
4909,37.0,2026-10-08,0.02351309649358102,0.010929003894952105,-0.13752916820573546,-0.3686006661529193,,4.0,-0.21578602639571465,1.2126955842799696,0.5300859367092564,False,False,False
4911,28.0,2026-10-08,-0.00709222544427357,-0.0443685757990131,-0.06655657847424001,-0.1916572342067141,,18.4,-0.1448134366642192,0.3848298692262971,0.6310603452693206,False,False,False
4912,109.5,2026-10-08,0.02336448598130847,0.08241602186252939,0.2405217623546465,0.2294463013947401,,83.7,0.16226490416466732,1.5190320032788653,0.9685897684645138,True,True,False
4915,63.29999923706055,2026-10-08,-0.026153857891376253,0.0514949906118527,-0.07184747698596394,-0.07030313210247885,,26.8,-0.15010433517594313,0.705771906105691,0.759235039944026,False,False,False
4916,102.0,2026-10-08,-0.009708737864077666,0.05046345626035054,-0.07597432644588253,0.8025808777637842,,82.5,-0.15423118463586172,1.4635722104009636,0.8238301576932658,False,False,False
4919,155.5,2026-10-08,0.023026315789473673,0.2693877551020407,-0.018927444794952675,0.7013128818818661,,82.7,-0.09718430298493186,3.286189019894379,0.7100456621004566,False,False,False
4923,61.400001525878906,2026-10-08,-0.05828214110776475,0.20628683075110565,-0.0766917063777608,0.6798906376890219,,79.6,-0.15494856456773998,2.7061775566958257,0.9205397951295865,False,False,False
4924,17.149999618530273,2026-10-08,0.0786163540874063,0.3091602381011658,0.2992424141167498,0.7358299007976019,,92.0,0.2209855559267706,1.6109893796295849,0.9146666463216145,False,False,False
4925,145.5,2026-10-08,-0.07619047619047614,0.2226890756302522,0.028268551236749095,0.4696969696969697,,79.6,-0.04998830695323009,1.1603120548458905,0.6995192307692307,False,False,False
4927,54.20000076293945,2026-10-08,0.23744296134779708,0.2604651340218478,0.30602411476962543,0.31234871099714434,,86.9,0.22776725657964625,3.7957031656077715,0.8756058065730375,False,False,False
4930,15.699999809265137,2026-10-08,-0.01567398137865672,-0.030864254946096237,-0.06824929057386064,-0.19693092470801954,,17.6,-0.14650614876383983,0.9422938566284981,0.7021938028677495,False,False,False
4931,244.5,2026-10-08,-0.01609657947686116,-0.012121212121212088,-0.10110294117647056,0.8510695296818818,,82.4,-0.17935979936644975,1.051825796118033,0.8732142857142857,False,False,False
4933,53.0,2026-10-08,-0.02214023516693342,-0.013035395772704517,-0.1447587415863243,-0.036930473189233703,,18.3,-0.22301559977630347,0.576179748466892,0.7158116439167794,False,False,False
4934,17.100000381469727,2026-10-08,0.17931037113584325,0.25735293395791503,-0.005813975408954342,0.03636365948301368,,49.7,-0.08407083359893353,2.7766443090296917,0.8240964039262518,True,True,False
4935,34.29999923706055,2026-10-08,0.0073421440705319085,0.03625380115584176,-0.04323568488237006,-0.024692320858835437,,36.9,-0.12149254307234925,1.724726387503752,0.7780907588331502,False,False,False
4938,89.69999694824219,2026-10-08,-0.005543237438100146,-0.041666683648047265,0.0704056525253387,0.1775987804499395,,71.2,-0.007851205664640482,0.4142680364474531,0.9402515252990798,False,False,False
4939,78.30000305175781,2026-10-08,-0.007604543251172102,-0.163461492219933,0.3593750889930485,1.6354539518534348,,96.0,0.2811182308030693,0.3756747235797333,0.836538507780067,False,False,False
4942,31.649999618530277,2026-10-08,-0.004716969249340619,-0.040909102468779435,-0.10369900924468722,-0.13159947846927356,,17.3,-0.1819558674346664,0.9839437038819124,0.806670865536634,False,False,False
4943,6.639999866485596,2026-10-08,-0.004497782528515182,0.004538537422879241,-0.22790702651680228,-0.379439253752508,,1.5,-0.30616388470678146,1.048700848287905,0.36888888147142196,False,False,False
4949,85.30000305175781,2026-10-08,0.1238471849394347,0.10492236300146707,0.1863699755424324,0.2185714721679688,,81.1,0.10811311735245321,2.5691116011207806,0.7898148430718316,True,True,False
4950,15.899999618530272,2026-10-08,-0.018518588288927162,-0.006250023841858021,-0.02453985504617784,-0.07558145853169218,,35.3,-0.10279671323615702,0.45803865994908766,0.604562740675857,False,False,False
4951,88.30000305175781,2026-10-08,-0.022148393492895435,0.11349305994510295,-0.03812636038831774,0.27615052934687156,,63.8,-0.11638321857829692,0.5793351151112575,0.6553944624043664,False,False,False
4952,48.650001525878906,2026-10-08,-0.020140986289371443,-0.038537490257820606,-0.15243902033791834,0.23758776225571143,,40.8,-0.23069587852789752,0.6110982715262676,0.8094842389526429,False,False,False
4953,117.0,2026-10-08,-0.004255319148936176,-0.025000000000000022,-0.0677290836653387,0.01681602099695212,,36.1,-0.14598594185531788,0.7387265250504838,0.8532721791217777,False,False,False
4956,42.09999847412109,2026-10-08,-0.10899474128844266,0.19943020809989576,0.11968085592070454,0.18926544235723264,,75.9,0.04142399773072536,1.2982263027226784,0.7696526121923719,False,False,False
4958,592.0,2026-10-08,0.1607843137254903,0.1816367265469061,0.04778761061946901,1.4082691290648564,,92.7,-0.030469247570510172,1.3223407735876396,0.9164086687306502,False,False,False
4960,23.799999237060547,2026-10-08,-0.004184116446269592,0.1333332970028831,-0.004184116446269592,0.16097557253953898,,61.1,-0.08244097463624878,1.003293547068235,0.5294771709255066,False,False,False
4961,178.0,2026-10-08,-0.043010752688172005,0.07552870090634434,0.017142857142857126,0.22450507424922828,,67.9,-0.06111400104712206,1.2793032247218328,0.956989247311828,False,False,False
4966,558.0,2026-10-08,-0.02447552447552448,-0.014134275618374548,-0.14403708300786267,0.1854549702922179,,37.7,-0.22229394119784185,0.5285762013185202,0.6513189278962526,False,False,False
4967,269.5,2026-10-08,-0.009191176470588203,-0.028828828828828867,0.19408101451324167,0.23929120938647408,,82.1,0.11582415632326248,0.49331301192585414,0.9136974178950469,False,False,False
4968,96.6999969482422,2026-10-08,-0.04257428764116633,0.07087479158573307,-0.13561389588012696,-0.09159425267354326,,15.3,-0.21387075407010614,1.0839258046382338,0.5892361649935014,False,False,False
4971,596.0,2026-10-08,0.11610486891385774,-0.022950819672131195,0.3651634514161408,-0.0740170789094472,,82.6,0.28690659322616163,1.3069741762874993,0.6849300386652425,False,False,False
4972,16.200000762939453,2026-10-08,-0.006134876000100209,-0.018181771943063474,-0.04424778561897458,-0.07428567068917413,,31.6,-0.12250464380895376,1.7799932629289712,0.8709677650909472,False,False,False
4973,149.0,2026-10-08,0.0875912408759123,-0.009966777408637828,-0.053968253968254,0.9807422115837405,,86.4,-0.13222511215823318,0.47255880870367795,0.7095238095238096,True,False,False
4974,68.9000015258789,2026-10-08,-0.03366060902040502,-0.04038999167992252,-0.015714263916015603,0.02841854215584494,,47.4,-0.09397112210599479,0.9050919934333459,0.9190676759096249,False,False,False
4976,37.29999923706055,2026-10-08,0.03467406453409749,0.0026881309696293876,0.014965965634300638,0.32269497262143143,,72.6,-0.06329089255567855,0.38291182231744103,0.849658267439292,False,False,False
4977,172.5,2026-10-08,0.011730205278592365,-0.03899721448467963,0.14181838529037782,-0.06021925191525179,,65.4,0.06356152710039864,1.0657792567438515,0.647944955491383,False,False,False
4979,565.0,2026-10-08,0.014362657091562037,-0.0423728813559322,0.3070625382778456,0.34737528501033044,,87.7,0.2288056800878664,0.637367340293557,0.7909730420320635,False,False,False
4980,38.650001525878906,2026-10-08,0.009138441143353493,-0.033749961853027366,-0.10116275521211848,0.4183486798487672,,64.8,-0.17941961340209767,0.6704679471705921,0.7224299350631571,False,False,False
4989,73.19999694824219,2026-10-08,0.19803598651882215,0.18446598465886765,-0.2560976035250283,0.056276965724974204,,9.8,-0.3343544617150075,3.105121230880012,0.6283261540621647,False,False,False
4991,511.0,2026-10-08,0.05252317198764156,0.03441295546558698,0.06016597510373445,-0.011605415860735047,,57.4,-0.018090883086244736,1.423315124683314,0.5873563218390805,False,False,False
4994,80.5,2026-10-08,-0.01348037370944255,-0.014687845692361479,-0.11538461538461542,-0.1754864969872617,,13.0,-0.1936414735745946,1.7091514280764686,0.7931034482758621,False,False,False
4995,46.79999923706055,2026-10-08,-0.06400001525878907,-0.06024096477831742,0.0331125833391368,0.19712613748479102,,68.0,-0.04514427485084238,1.0020349288390804,0.9017340628347507,False,False,False
4999,17.75,2026-10-08,0.005665744115072924,-0.03269756779272992,-0.1057653704936875,-0.15415921702226354,,15.1,-0.1840222286836667,1.6308523993989497,0.6808377144144763,False,False,False
5007,55.70000076293945,2026-10-08,-0.012411360709241537,-0.015901020060859805,0.0036036173502604907,-0.015901020060859805,,47.1,-0.0746532408397187,0.4224907454408141,0.9521367651784521,False,False,False
5009,33.650001525878906,2026-10-08,0.02591470453017397,0.027480962622256744,0.0014881861318036815,0.07586674230905532,,54.7,-0.0767686720581755,0.9052397252668699,0.8695360651882005,True,False,False
5011,22.450000762939453,2026-10-08,0.2069892635757844,0.23013702810627135,-0.046709066231731766,0.7137404663510949,,81.9,-0.12496592442171095,5.041178081509698,0.8408239745858304,False,False,False
5013,53.0,2026-10-08,0.244131499962301,0.8727915699232005,0.9954012925211688,0.8683275598187592,,96.8,0.9171444343311896,6.956102693994618,1.0,True,True,False
5014,10.100000381469728,2026-10-08,-0.019417456850635784,0.010000038146972923,-0.03349276882140162,0.027500379105141137,,43.9,-0.1117496270113808,0.5300893493835953,0.8893490915564632,False,False,False
5015,22.899999618530277,2026-10-08,0.05045873486085739,0.040909073569558085,0.040909073569558085,-0.09042178788535138,,47.1,-0.0373477846204211,4.421225232092382,0.7794222747945384,False,False,False
5016,26.75,2026-10-08,-0.04804271754956879,0.08739835712156285,0.10766047298297865,-0.11012483578204868,,57.1,0.029403614792999466,7.902257009637748,0.8623248559733382,False,False,False
5201,28.149999618530277,2026-10-08,-0.035958942362146584,0.02737226315480612,0.04646840214595871,-0.26141218152115575,,30.8,-0.031788456044020474,1.3328751448695382,0.5860369235607483,False,False,False
5202,14.050000190734863,2026-10-08,-0.0070670975612220355,0.19574469708381814,-0.014680646693505328,0.11183893757277041,,54.9,-0.09293750488348451,1.944345846951873,0.7345567991546996,False,False,False
5203,60.20000076293945,2026-10-08,0.034364260717906436,0.034364260717906436,-0.06754824461007902,0.010771804579421174,,35.4,-0.1458051028000582,1.7015524621821003,0.6192203735286076,True,False,False
5205,33.29999923706055,2026-10-08,0.6048192403402672,0.6526054524803717,0.4799999660915799,0.15224912375808652,,89.8,0.4017431079016007,7.446532279664911,0.9866666440610532,True,True,False
5206,23.0,2026-10-08,0.008771963580347819,-0.0021691643694354834,0.09579903042525117,-0.1271394129726372,,53.2,0.01754217223527199,0.7423478970139168,0.7358417293545992,False,False,False
5209,181.0,2026-10-08,0.055393586005831,0.17532467532467533,0.14920634920634912,0.17204794896825937,,77.9,0.07094949101636994,1.6667954173937636,1.0,True,True,False
5210,29.899999618530277,2026-10-08,-0.008291874068427796,0.06595366958247362,-0.01482704307358751,0.36842101128233806,,72.1,-0.09308390126356669,0.7359176089054917,0.8992481088279782,False,False,False
5211,20.600000381469727,2026-10-08,-0.023696682036039474,0.07012988994647928,-0.07623313514583352,-0.03286379721426802,,29.3,-0.1544899933358127,0.5645015274583494,0.6417445906758337,False,False,False
5212,48.900001525878906,2026-10-08,0.0010236039574147426,0.040425564380402346,0.02408380158908696,-0.039292729666877246,,48.3,-0.05417305660089222,1.6745751860094076,0.91401865493784,False,False,False
5213,20.049999237060547,2026-10-08,-0.029055709082498993,-0.038369358742083026,-0.10089686443848422,-0.1723043467751011,,14.6,-0.1791537226284634,1.4619522244621102,0.8097348050330627,False,False,False
5215,37.70000076293945,2026-10-08,-0.0013244831009416869,-0.0333333137707833,-0.1045130135547705,0.06876796811397856,,33.8,-0.18276987174474968,0.33910041120527,0.785108888773257,False,False,False
5220,22.100000381469727,2026-10-08,-0.047413807986890544,0.12468197508915257,0.0728155326321882,0.1647307705452945,,70.9,-0.005441325557790977,1.876564453726013,0.9059016699514445,False,False,False
5222,102.0,2026-10-08,-0.04225352112676062,-0.033175355450236976,-0.09518871925834049,-0.036939053403665434,,25.6,-0.17344557744831968,0.9786181020294548,0.7258001103791468,False,False,False
5223,22.399999618530277,2026-10-08,-0.04273504343171475,-0.04477616674830154,-0.10400001525878888,-0.14011515260766405,,16.4,-0.18225687344876806,0.4933466293520335,0.738055991333913,False,False,False
5225,56.09999847412109,2026-10-08,0.010810783317497075,-0.00531920290144261,-0.2520000203450522,-0.2996254738725618,,1.7,-0.3302568785350314,1.1179054772195849,0.5373182502214486,False,False,False
5227,28.799999237060547,2026-10-08,-0.06946692965686085,-0.04950495174156044,-0.14029853023699856,0.3031673637982646,,49.5,-0.21855538842697775,0.7095623555837011,0.6923076993614968,False,False,False
5228,61.29999923706055,2026-10-08,0.40274595347483566,0.4140715431317761,0.11454544067382821,1.676855906471617,,94.6,0.03628858248384903,5.069286416844308,0.8044619644630397,True,True,False
5230,25.0,2026-10-08,0.10375277797122595,0.4044944422215855,0.17096016643157586,0.5916148785487783,,87.2,0.09270330824159667,2.414473488367708,1.0,True,True,False
5234,334.0,2026-10-08,0.10413223140495864,0.10596026490066235,-0.12105263157894741,-0.14795918367346939,,14.0,-0.1993094897689266,3.0924305105267273,0.7229437229437229,False,False,False
5236,125.0,2026-10-08,-0.08759124087591241,-0.09090909090909094,-0.22600619195046434,-0.06376725564833952,,7.4,-0.3042630501404435,1.3613423790949764,0.6963788300835655,False,False,False
5240,18.299999237060547,2026-10-08,0.12615379920372605,0.05475497606359969,-0.007909758746929563,-0.20940600904400497,,25.9,-0.08616661693690875,1.3860278670210078,0.5986440135661039,True,False,False
5243,105.0,2026-10-08,0.12660947894999208,0.1283335809302495,0.0895042545697824,0.040029218175754666,,65.3,0.01124739637980321,2.456421971084578,0.7973557741052418,True,True,False
5244,40.84999847412109,2026-10-08,0.142657299975415,0.1927006853757982,0.1979472229338266,0.06568334822933286,,77.8,0.11969036474384742,5.282256922078725,0.8128982049119368,True,True,False
5245,19.950000762939453,2026-10-08,-0.04086531275475258,-0.12499993725826652,-0.2297296889276349,-0.14743585093304,,5.1,-0.3079865471176141,1.6385094677001129,0.5884955712379492,False,False,False
5248,29.899999618530277,2026-10-08,-0.03236245994644982,-0.24494947548873858,-0.3070683995086775,0.47654319103853227,,33.9,-0.38532525769865666,0.3989274020260751,0.29899999618530276,False,False,False
5251,29.799999237060547,2026-10-08,0.003366951904118398,0.1417624061882281,0.0016806466238838969,0.038327471947022795,,51.5,-0.07657621156609529,1.9567726549332085,0.6882217035134419,False,False,False
5254,40.5,2026-10-08,0.03846153846153855,-0.07216498088806145,0.0573917754792177,0.3396969841892561,,77.5,-0.020865082710761484,0.44416529804533955,0.7335884200506562,False,False,False
5258,41.900001525878906,2026-10-08,-0.008283987553161953,-0.06493090565841131,-0.16822331814848435,-0.079964166307534,,12.3,-0.24648017633846353,0.4686258245678738,0.5588499118312411,False,False,False
5262,52.0,2026-10-08,0.20231213872832376,0.21495329268541585,0.17117113092195213,-0.11224082362033483,,65.8,0.09291427273197295,3.5744999497917553,0.8064377351311007,True,True,False
5263,96.0999984741211,2026-10-08,0.05953695377697077,-0.06699030607649425,-0.04851486659286042,0.018008441957240384,,39.7,-0.1267717247828396,1.2429059784482974,0.7687999877929688,False,False,False
5267,47.75,2026-10-08,0.0010482020180468954,-0.13023681834523304,0.05127360108468482,0.739005206925609,,86.0,-0.026983257105294367,0.6818712600006436,0.501326751813425,False,False,False
5269,1490.0,2026-10-08,0.01016949152542379,0.03472222222222232,0.008169872288857682,0.38509825157172894,,74.8,-0.0700869859011215,0.4872948992836371,0.966955391453948,False,False,False
5271,10.75,2026-10-08,-0.09663862650377997,-0.25900199945096614,-0.4963286505028093,-0.5930790833287788,,0.2,-0.5745855086927885,1.362586046607012,0.1420611501837034,False,False,False
5272,17.5,2026-10-08,-0.02777777777777779,0.04477611940298498,-0.14425431065438377,-0.21171173880253225,,7.8,-0.22251116884436295,0.5429364157249305,0.646950110668531,False,False,False
5274,17485.0,2026-10-08,-0.08167016806722693,-0.0900338277387458,0.25116279069767433,0.5316853077500387,,88.6,0.17290593250769515,1.3221083273958734,0.8364027744558719,False,False,False
5278,23.100000381469727,2026-10-08,-0.017021260362990343,-0.032705141527852644,-0.042616009673243416,0.0016812887564638945,,39.3,-0.1208728678632226,1.2230295541323775,0.6983259509034779,False,False,False
5283,51.79999923706055,2026-10-08,-0.022641523829046273,-0.04251385031296728,0.13805706117380057,0.10470740472092577,,74.0,0.05980020298382138,0.8879617914258683,0.9200710468742282,False,False,False
5284,282.0,2026-10-08,-0.05369127516778527,-0.11459968602825743,-0.1657678465801864,-0.02006285629205562,,15.9,-0.24402470477016558,0.7377307992748334,0.6220470426738062,False,False,False
5285,94.4000015258789,2026-10-08,0.0021231909141843364,0.0763968621525819,-0.06534651954575343,0.876569979529136,,84.1,-0.14360337773573262,3.4513936365953097,0.8700460970127089,False,False,False
5287,137.0,2026-10-08,-0.0036363636363636598,0.007352941176470562,0.03394809480219063,-0.04042062994241624,,50.1,-0.04430876338778855,0.8368520459321049,0.9056703655673796,False,False,False
5288,188.5,2026-10-08,-0.007894736842105288,-0.01308900523560208,0.049064769572004785,0.37898264006174287,,78.4,-0.0291920886179744,0.7860619848134679,0.9544303797468354,False,False,False
5289,1250.0,2026-10-08,-0.03100775193798455,-0.11032028469750887,-0.14873502773303238,0.19968962717184535,,38.2,-0.22699188592301156,0.5247681715845344,0.6480735791350687,False,False,False
5291,62.20000076293945,2026-10-08,0.018003311232229757,-0.08663726642260816,0.1127012355114867,-0.12762976015881122,,56.2,0.03444437732150751,0.6167237139781201,0.7893400806353388,False,False,False
5292,243.0,2026-10-08,0.025316455696202445,0.1045454545454545,0.22924806850892265,0.28082491400108434,,84.0,0.15099121031894347,1.839102674948806,0.9759036144578314,False,False,False
5299,98.0999984741211,2026-10-08,-0.052173927786269614,0.013429704353089766,-0.1796732655410167,0.2791711338766243,,39.7,-0.2579301237309959,0.7145476849800293,0.7159742533175893,False,False,False
5302,9.81999969482422,2026-10-08,-0.004056791404240756,-0.041951249285441916,-0.29097477080486944,-0.09908256527550918,,3.4,-0.3692316289948486,0.530002389130085,0.6355986935957961,False,False,False
5309,67.80000305175781,2026-10-08,0.07961789610574677,0.31906616807436916,0.05937504768371582,0.1805035525302363,,70.3,-0.018881810506263363,3.8065698873517007,0.8288508621308768,True,True,False
5310,28.600000381469727,2026-10-08,0.0514705727669611,0.21443742284551814,0.2016807268184606,0.10000001467191266,,79.2,0.12342386862848143,2.3931835465087965,0.6753247086643084,False,False,False
5314,27.149999618530277,2026-10-08,-0.11274512156635941,-0.22746409664479406,0.6771989081207432,0.43092650417272615,,94.3,0.598942049930764,1.2991018499223617,0.5810526646648413,False,False,False
5315,19.25,2026-10-08,0.018518539075872198,0.03217160288162013,-0.058679741719822154,-0.09257656691810678,,27.0,-0.13693659990980134,0.690959357929873,0.806598534662407,False,False,False
5321,70.80000305175781,2026-10-08,0.007112375224676448,-0.08645157352570565,0.16639212787267277,1.9561586971351863,,95.8,0.08813526968269358,0.35218139141809285,0.8166090604827092,False,False,False
5324,12.5,2026-10-08,0.004016079638624159,0.016260146842582035,0.04166666666666674,0.04166666666666674,,58.7,-0.03659019152331244,0.4319529863363915,0.9803921568627451,False,False,False
5328,58.29999923706055,2026-10-08,-0.0017123679144775972,-0.03378748223636385,-0.18316024676981268,1.4335725479296353,,89.1,-0.26141710495979187,0.7492027022417658,0.7117608754656976,False,False,False
5340,94.4000015258789,2026-10-08,0.17412934992910079,0.16256163883910668,0.14009659476546155,-0.20816921115505627,,54.2,0.06183973657548236,2.196414237811877,0.7091022219940029,True,True,False
5344,14.100000381469728,2026-10-08,0.048327180774889955,0.040590419409066936,-0.15820893244956846,0.02173914395568488,,20.6,-0.23646579063954765,1.859196618934571,0.7460317812729241,False,False,False
5345,21.549999237060547,2026-10-08,0.011737089622285923,-0.011467890309601159,-0.15490199070350796,-0.082978755869764,,13.9,-0.23315884889348715,0.7494851076004527,0.6096181093992634,False,False,False
5347,186.5,2026-10-08,0.01084010840108407,0.19551282051282048,0.056657223796033884,0.457358645482947,,80.6,-0.0215996343939453,0.914995768862157,0.8677908185224488,False,False,False
5348,17.299999237060547,2026-10-08,0.05810390418507283,0.042168604789444286,0.011695839247322315,0.011695839247322315,,50.8,-0.06656101894265687,3.304843335019185,0.8715364687453787,False,False,False
5351,115.0,2026-10-08,0.05022831050228316,-0.029535864978902926,0.28779390895817336,0.619718309859155,,90.8,0.20953705076819418,0.7420719324346989,0.8487084870848709,False,False,False
5353,28.899999618530277,2026-10-08,0.01403507433439577,0.03214284351893837,-0.038269539025877264,0.21044498219194097,,59.8,-0.11652639721585645,1.2345960522711146,0.8749990615887667,False,False,False
5355,7.769999980926514,2026-10-08,0.09436620919625471,0.2949999968210857,0.2654723371148695,0.1719456782515798,,83.4,0.18721547892489032,1.8067501144287896,0.8010309416196949,False,False,False
5356,25.75,2026-10-08,-0.005791491148245398,-0.011516285829050843,0.005859360011527537,0.09436934329811031,,57.1,-0.07239749817845165,0.6081973941595641,0.9666293320575174,False,False,False
5371,83.5,2026-08-21,,,,,,,,,,False,False,False
5381,21.600000381469727,2026-10-08,-0.07096772552818376,-0.11836733136858257,-0.2173913013431812,-0.18400005822075216,,4.6,-0.29564815953316037,1.5887329309236875,0.5400000095367432,False,False,False
5386,282.5,2026-10-08,-0.020797227036395194,0.08863198458574173,0.033424049981457093,0.2782231778751134,,72.3,-0.04483280820852209,0.49862140878977385,0.7188658008348725,False,False,False
5388,73.0,2026-10-08,0.023842873428885136,-0.030544528001903215,-0.12154029674581068,-0.077117554889926,,18.8,-0.19979715493578987,0.5522418177378707,0.7493254645822799,False,False,False
5392,38.20000076293945,2026-10-08,-0.04260653378263268,-0.0947867281441579,-0.1865017254311384,0.067647104919488,,19.6,-0.2647585836211176,0.42252242828624054,0.7313881459171026,False,False,False
5398,15.300000190734863,2026-10-08,0.1086956506715906,0.06250004139211573,-0.03470032665600886,-0.2933025191538774,,15.3,-0.11295718484598805,3.3111884610608873,0.49918435175068776,True,False,False
5403,91.8000030517578,2026-10-08,-0.012903192991851609,-0.020277416844889706,-0.026511133818604926,-0.0773869040024342,,34.7,-0.10476799200858411,0.7912857809421826,0.7913953161806611,False,False,False
5410,33.5,2026-10-08,0.018237034841750432,-0.0616246699138252,-0.1927854048411234,0.1787471205215907,,27.3,-0.27104226303110257,0.46763748175505093,0.7416284331615723,False,False,False
5425,100.5,2026-10-08,0.03076923076923066,0.08766231970085503,-0.24302634169417237,0.7842013141699076,,70.1,-0.32128319988415155,1.4363742753095317,0.7149195570481746,False,False,False
5426,29.25,2026-10-08,0.022727259086031903,0.03210022247252464,-0.012698782630416905,0.4784835256562101,,77.3,-0.09095564082039609,1.1493351475013454,0.745767189154496,False,False,False
5432,179.5,2026-10-08,0.13249211356466883,0.09118541033434657,0.28673835125448033,0.34392674528823,,86.8,0.20848149306450114,3.9137479216462143,0.9181585677749361,False,False,False
5434,596.0,2026-10-08,0.051146384479717755,0.1016635859519408,0.19988044035549635,0.696497643459854,,89.4,0.12162358216551716,1.0430532606842418,0.9612903225806452,False,False,False
5438,17.100000381469727,2026-10-08,-0.008695630059725956,0.014836794916333051,-0.10937501552204232,-0.08223340973092141,,20.3,-0.1876318737120215,0.6215186840865813,0.6706090667397515,False,False,False
5439,260.5,2026-10-08,0.03784860557768921,-0.007619047619047636,-0.2070314307122897,-0.12123481642376754,,6.7,-0.28528828890226887,0.9256918323617164,0.6070744840527863,False,False,False
5443,110.5,2026-10-08,-0.013392857142857095,-0.07916666666666672,0.03755868544600949,0.04525939666406553,,58.5,-0.040698172743969696,0.6764819842995313,0.8210037936289436,False,False,False
5450,14.800000190734863,2026-10-08,0.013698616715036138,0.006802747127023556,-0.018613300658649634,0.024781352177761784,,46.7,-0.09687015884862882,0.47598380723458,0.8034285686477352,False,False,False
5452,30.450000762939453,2026-10-08,0.1092896144487665,0.13197030463761528,-0.04545456719690544,-0.06721470228419069,,32.2,-0.12371142538688462,4.603704240988197,0.7779121571478482,False,False,False
5455,30.799999237060547,2026-10-08,0.0032572792063838563,0.044067770747815205,0.11999997225674708,0.3162393050925636,,80.4,0.041743114066767895,0.3925182887190079,1.0,True,True,False
5457,23.299999237060547,2026-10-08,-0.025104618872233586,-0.14338240501789756,-0.2682298723993396,-0.3103092587937911,,1.3,-0.3464867305893188,1.386660675027473,0.5033260306022503,False,False,False
5460,20.75,2026-10-08,0.2028985507246377,0.28086413720853187,0.1959653915720696,0.43598617812405727,,85.6,0.11770853338209042,6.535055900212752,1.0,True,True,False
5464,94.5999984741211,2026-10-08,0.022702686206714562,0.23821985058570072,-0.013555818885018556,2.325131667390051,,95.8,-0.09181267707499774,0.8030525748171993,0.8799999858057777,True,True,False
5465,32.75,2026-10-08,-0.03249626362500613,0.34773666782886736,0.37922771456632653,0.34683893011752587,,89.6,0.30097085637634735,1.2840743940423496,0.9438040138309707,False,False,False
5468,23.950000762939453,2026-10-08,-0.05893909450031587,-0.028397519936049442,-0.22491905959192993,0.28418237280515535,,31.2,-0.3031759177819091,0.3677677172836914,0.6597796492096798,False,False,False
5469,80.19999694824219,2026-10-08,0.07506700520997667,0.10926685426042049,-0.009617624026102778,-0.015512736788643733,,44.6,-0.08787448221608196,1.7065957498235529,0.7416764568154075,False,False,False
5471,50.79999923706055,2026-10-08,-0.03053439393562163,-0.16721312726130255,-0.18230492134370324,0.3054066156316113,,41.5,-0.2605617795336824,0.3389051448552644,0.7608435321602278,False,False,False
5474,159.5,2026-10-08,-0.033333333333333326,0.049342105263157965,-0.009316770186335366,0.2102981830577113,,63.3,-0.08757362837631455,0.7637192609619639,0.8252032892582496,False,False,False
5475,203.0,2026-10-08,0.1404494382022472,0.046391752577319645,-0.049180327868852514,-0.2864674868189807,,14.5,-0.1274371860588317,1.3663083791631925,0.5075,True,False,False
5478,97.0999984741211,2026-10-08,-0.004102579752604196,-0.008171634722051957,-0.043349768727870996,-0.02607822019764816,,36.7,-0.12160662691785018,0.748096676685629,0.906129383557333,False,False,False
5481,20.450000762939453,2026-10-08,-0.07466061493436693,0.01995020155110727,-0.016826850334565435,-0.06833712746528064,,37.7,-0.09508370852454462,1.4706607927820659,0.8415638438272309,False,False,False
5483,216.5,2026-10-08,0.023640661938534313,0.17983651226158037,0.05210586620704438,0.9539107908945301,,89.0,-0.0261509919829348,1.139795731855375,0.7871871178782492,False,False,False
5484,38.650001525878906,2026-10-08,-0.014030592509083006,-0.019035532257717813,-0.13823850968065565,-0.09058819939108453,,15.0,-0.21649536787063484,0.6547748530565376,0.6675302332868498,False,False,False
5487,28.950000762939453,2026-10-08,0.008710801162166826,0.03392859867640907,0.012237775412635932,0.041366962497819904,,53.6,-0.06601908277734325,1.8386868727462709,0.9278846171480664,False,False,False
5488,11.899999618530272,2026-10-08,-0.020576132333265162,-0.008333365122477399,-0.18987968161721092,0.18309641482946803,,28.3,-0.2681365398071901,0.5573107625347528,0.6675572741654098,False,False,False
5489,41.5,2026-10-08,-0.02007080294561281,0.0060606060606061,-0.33897991597935573,0.04795863872771999,,4.4,-0.4172367741693349,0.42018138540770245,0.6337213183529571,False,False,False
5490,25.399999618530277,2026-10-08,-0.00781252968590651,-0.021194648487049772,-0.161716163099337,-0.003975745528950192,,18.3,-0.2399730212893162,0.2135165859314073,0.717514082590132,False,False,False
5493,91.3000030517578,2026-10-08,0.0066152825105163515,0.0869047982352118,0.05801197218531762,0.18892774418480318,,70.6,-0.020244886004661566,0.7562847233702971,0.9369459359199588,False,False,False
5498,54.09999847412109,2026-10-08,0.0691699625601776,-0.0042572211412730265,-0.1101872774133349,-0.08162912451258075,,20.0,-0.18844413560331408,1.628205095368595,0.6542425690687255,False,False,False
5508,53.79999923706055,2026-10-08,0.007490593628312725,0.005607462374963568,-0.024904257605894875,0.11494241424194596,,53.5,-0.10316111579587406,0.6628509418387862,0.7067318422792536,False,False,False
5511,70.0,2026-10-08,0.010100965619285418,0.008645510964396141,0.11324612114285415,0.197378151317531,,75.6,0.03498926295287497,0.5500669969486832,0.9333333333333333,False,False,False
5512,7.539999961853027,2026-10-08,-0.007877735853034307,-0.010448024591538596,-0.04746378500914972,-0.02807367315448317,,35.6,-0.1257206431991289,1.1608305705617834,0.8661385070004143,False,False,False
5514,15.100000381469728,2026-10-08,0.0,0.0066666920979818745,0.11029411455339222,-0.0473186108485415,,61.9,0.032037256363413036,0.46526128076216805,0.8628571646554131,False,False,False
5515,52.70000076293945,2026-10-08,0.02330098568814476,0.01737454708754127,0.2980296242259972,0.5124615876600553,,89.7,0.21977276603601803,0.6835556859109081,0.9461400366443786,True,False,False
5516,12.699999809265137,2026-10-08,0.05833331743876147,0.06722690893948702,0.23300966738710738,-0.011673195933978309,,77.4,0.1547528091971282,0.3804504533367507,0.7582089438367245,True,False,False
5519,24.700000762939453,2026-10-08,-0.017892598903232915,-0.07835815425013515,-0.1568634408546844,-0.13666854378616222,,10.2,-0.23512029904466358,0.7329449517221029,0.8168631703471275,False,False,False
5520,84.5,2026-10-08,0.011976047904191711,0.02053136335248107,0.024242424242424176,0.030487804878048808,,54.7,-0.05401443394755501,0.675807128741258,0.9532030797292753,True,True,False
5521,11.050000190734863,2026-10-08,0.0375587405194473,0.04739336407207895,0.05741630549483423,-0.09216943234013963,,49.6,-0.020840552695144954,1.3891474553443723,0.40993444100075704,False,False,False
5522,60.79999923706055,2026-10-08,0.0,-0.039494471250108854,-0.050000011920928955,-0.10507247190569613,,27.4,-0.12825687011090814,0.7189389951047119,0.8012976429161799,False,False,False
5523,30.350000381469727,2026-10-08,0.0,0.0,-0.0016447117660512989,0.015050192932462902,,48.6,-0.07990156995603048,1.8351522548784105,0.9918300654613262,True,False,False
5525,21.950000762939453,2026-10-08,0.0022831573187274135,-0.0134831117780021,0.06167708328624477,-0.08519525683379658,,51.0,-0.016579774903734412,0.46011853149536447,0.8050281407097044,False,False,False
5529,25.75,2026-10-08,-0.011516285829050843,0.05102040816326525,0.19767441860465107,0.040629871539357154,,76.4,0.11941756041467189,2.7702419825525073,0.8855691636739178,False,False,False
5530,48.150001525878906,2026-10-08,-0.012307661007612158,-0.026289165156794803,-0.025303642943111382,0.027748198379897726,,45.7,-0.10356050113309057,0.8852643776765328,0.8301724401013605,False,False,False
5531,6.96999979019165,2026-10-08,0.008683059928288106,-0.034626039787372886,-0.11883692482345576,-0.21242943618561327,,10.3,-0.19709378301343494,0.9374983287225871,0.7414893694731275,False,False,False
5533,14.050000190734863,2026-10-08,0.010791408368430844,0.010791408368430844,0.04074075486924911,0.015532537036883953,,56.1,-0.037516103320730076,0.7362980257579449,0.9825174827506661,False,False,False
5534,72.19999694824219,2026-10-08,-0.015006903925214088,-0.04497356606485614,-0.02694367358505334,-0.04265765590781734,,38.4,-0.10520053177503252,1.3326078193060986,0.8858168094057564,False,False,False
5536,1030.0,2026-10-08,0.07403545359749741,0.17848970251716256,-0.18253968253968256,0.5015166407850247,,60.1,-0.26079654072966174,2.1964428920700487,0.7177700348432056,False,False,False
5538,36.20000076293945,2026-10-08,0.006954102773141679,-0.021621601001636348,0.10703363664647747,0.2257582217953349,,76.6,0.028776778456498286,0.8256340596759929,0.95894041756131,False,False,False
5543,26.600000381469727,2026-10-08,-0.014814800686306473,-0.04488330279635111,-0.06993006899733556,-0.02385319701028521,,31.4,-0.14818692718731474,0.2828520919269299,0.720867189200913,False,False,False
5546,13.5,2026-10-08,-0.025270784969652627,-0.09698995503441488,-0.10502543504095829,-0.12139692403370594,,17.8,-0.18328229323093748,0.5882924407119957,0.5775186182938078,False,False,False
5547,20.149999618530277,2026-10-08,0.0,0.028061185018166235,-0.004938290442949245,0.04993229467147908,,51.3,-0.08319514863292843,0.9469364547491611,0.835088422403926,False,False,False
5601,29.299999237060547,2026-10-08,0.013840817432876129,-0.039344287309490245,-0.06984129406156991,-0.18783671971776106,,18.2,-0.1480981522515491,0.4938817026061673,0.7699729535739777,False,False,False
5603,14.0,2026-10-08,0.03703703703703698,0.0035842431124375462,-0.008480159355725658,-0.14342063558378548,,31.9,-0.08673701754570484,0.9651467806897333,0.7385811475267149,False,False,False
5604,31.600000381469727,2026-10-08,0.0063694511264076326,0.009584701332962409,0.02597406377356548,-0.08670515101020027,,44.6,-0.0522827944164137,0.8312913584884355,0.8335722898701111,False,False,False
5607,52.79999923706055,2026-10-08,0.017340995852049623,-0.04347828791136965,0.07049419121757516,0.18378625757292233,,71.7,-0.00776266697240402,0.40325121947960557,0.9230768974267266,False,False,False
5608,16.5,2026-10-08,-0.02941176470588236,-0.046242732505257345,0.11864406779661008,-0.006024119227211244,,66.0,0.04038720960663089,0.2704518394976009,0.7951807228915663,False,False,False
5609,79.0999984741211,2026-10-08,0.015404325092901905,0.007643292663962908,-0.003778375894111674,0.07700129818203605,,54.0,-0.08203523408409086,1.1435288643250696,0.9949685342656741,False,False,False
5859,14.350000381469728,2026-10-08,0.0,0.03237415649562725,0.05904060365120034,-0.10031344494850658,,49.0,-0.019216254538778843,1.2519156355355505,0.8776758438325972,False,False,False
5863,10.800000190734863,2026-10-08,-0.0313900842842848,0.0,0.039140812375631606,0.01155299169775259,,55.5,-0.03911604581434758,0.6408064622489307,0.939130451368249,False,False,False
5864,39.45000076293945,2026-10-08,0.03137256896573737,0.05906042316615978,-0.02230477683311083,0.8622909519822084,,85.6,-0.10056163502309001,0.96087239233806,0.8269127590084129,False,False,False
5871,105.5,2026-10-08,-0.018604651162790753,-0.06222222222222218,-0.01999749685796126,0.03370120621059636,,47.2,-0.09825435504794044,0.6288979316719325,0.9017094017094017,False,False,False
5876,49.650001525878906,2026-10-08,0.02582644546677626,0.05750800253598154,0.22595206038539994,0.31894464971348513,,84.6,0.14769520219542076,0.44787941174020335,0.993994009359793,False,False,False
5878,37.5,2026-10-08,-0.009246987800022977,-0.017038047179053994,-0.03474899683767951,-0.08073648059647398,,32.8,-0.1130058550276587,1.4672089586052885,0.8973763626808499,False,False,False
5880,26.450000762939453,2026-10-08,0.017307721651517394,-0.0018867636626621609,0.11516535746377521,0.17361218427804848,,74.9,0.036908499273796025,0.5502744969057042,0.9600726495614067,False,False,False
5902,34.0,2026-10-08,-0.008746333636544312,-0.0014684064076608827,0.013412839736889337,-0.08458218335602474,,41.7,-0.06484401845308985,2.399695664782241,0.769109217371975,False,False,False
5903,185.5,2026-10-08,-0.0026881720430107503,0.002702702702702675,0.016438356164383494,0.008434919146797837,,51.4,-0.06181850202559569,0.8226686122594772,0.9776429890752956,False,False,False
5904,69.5,2026-10-08,0.005788734221589209,-0.030683361811441823,0.007256177658261809,0.42727798958751095,,76.8,-0.07100068053171738,0.38119454597306457,0.7979334238524659,False,False,False
6005,32.04999923706055,2026-10-08,0.004702182455298187,-0.019877722040165358,0.013525695020593531,0.2603878261787922,,69.5,-0.06473116316938565,0.9110720046016425,0.8155450568013106,False,False,False
6015,18.149999618530277,2026-10-08,0.031249955973843058,0.0771512882866272,0.0,0.4010876147698761,,74.7,-0.07825685818997918,1.0668522973381758,0.792576415758698,True,True,False
6016,23.950000762939453,2026-10-08,0.010548522867177779,0.08371042305596088,0.005084857552589472,0.5869760440729153,,81.3,-0.07317200063738971,0.8652563261503556,0.7538136280799297,False,False,False
6020,20.5,2026-10-08,-0.0024330529886530394,-0.02147974923874485,-0.09492272206359476,0.05670105170615769,,34.3,-0.17317958025357394,0.32156694772637334,0.7976653459700248,False,False,False
6021,43.25,2026-10-08,0.037170244812995135,0.058751569535537174,0.12777057942219927,0.5309401680779837,,84.9,0.04951372123222009,0.8932365096197081,0.9515951435421457,False,False,False
6023,84.0999984741211,2026-10-08,-0.008254770665626854,0.01447523433238529,-0.05167013141019139,0.014027474119113315,,39.0,-0.12992698960017057,0.4888219699050018,0.9351586896933778,False,False,False
6024,58.70000076293945,2026-10-08,-0.020033401208195523,-0.06677266551752703,0.021058436579243667,0.1455777618213283,,63.0,-0.05719842161073552,0.5697652901250874,0.9244094608336921,False,False,False
6026,15.800000190734863,2026-10-08,-0.003154586090314604,0.0429043292786333,-0.006289272339281449,0.15210680980444047,,60.4,-0.08454613052926063,0.6077059625653665,0.8924351133590486,False,False,False
6027,14.149999618530272,2026-10-08,-0.003521140239892251,0.0282007389676322,0.3148230954655842,0.29759828854347514,,87.1,0.236566237275605,0.04652934874751365,0.9528619026964512,False,False,False
6028,113.5,2026-10-08,0.14415326100482506,0.17494825872493536,0.4294710052745636,0.34798104648113637,,91.1,0.3512141470845844,1.973016963280451,0.8875028232840728,True,True,False
6035,50.400001525878906,2026-10-08,-0.01945525234073231,-0.0019801678043780413,-0.007195844788691508,0.004172099384631922,,46.9,-0.08545270297867069,0.4967704266698675,0.7948432633960161,False,False,False
6103,37.79999923706055,2026-10-08,0.024390180866264988,0.10850442605583788,0.2663316165491916,-0.08915664489010733,,76.9,0.1880747583592124,1.5929359706797885,0.7269230622511643,False,False,False
6104,87.30000305175781,2026-10-08,-0.04798248683659012,-0.0896767292730476,-0.1482926531535823,-0.004560933984073423,,20.3,-0.2265495113435615,0.9708257072842811,0.7946275594558198,False,False,False
6108,25.600000381469727,2026-10-08,0.024000015258789142,0.1154683891257029,0.3950953596339555,0.5705522441537421,,92.1,0.3168385014439763,0.8480979901689122,0.9846153992872971,False,False,False
6109,10.5,2026-10-08,0.0047847073346865,-0.032258098540483005,-0.22794119812625446,-0.11392407915705827,,5.8,-0.30619805631623365,0.5712515550085339,0.7394366296504468,False,False,False
6112,45.04999923706055,2026-10-08,-0.05555558665604521,-0.004419906363302806,0.04977176665877603,-0.0017096636869631254,,56.3,-0.028485091531203155,0.738861184098429,0.8466513767025654,False,False,False
6113,23.700000762939453,2026-10-08,-0.048192725862445385,0.037199140799972996,-0.05952380772170396,0.18796991762357562,,53.9,-0.13778066591168314,2.1992506048514833,0.79396986465876,False,False,False
6114,22.600000381469727,2026-10-08,-0.03624734984286537,-0.09236944868661434,-0.2361909298829621,-0.21936124166327853,,3.3,-0.31444778807294127,1.132328925439882,0.6773189305492676,False,False,False
6115,43.95000076293945,2026-10-08,-0.0022701129592066494,-0.0034013087612612125,-0.03193834172258614,-0.0072218628476821145,,40.4,-0.11019519991256532,0.5679918488098966,0.9350815816289055,False,False,False
6116,15.100000381469728,2026-10-08,-0.035143722074556516,0.06338032283756534,-0.12463765904523316,0.7976191746675028,,80.1,-0.20289451723521235,1.3970814917792913,0.665198232333205,False,False,False
6117,66.30000305175781,2026-10-08,0.06420551948125497,0.045741347887746864,-0.05075397238056201,-0.048109911807969974,,33.0,-0.1290108305705412,4.123276617844984,0.7194285616833127,False,False,False
6118,16.100000381469727,2026-10-08,-0.012269869015459345,0.052287593513842934,-0.052941154031192594,-0.07736391532640363,,29.5,-0.13119801222117178,0.751585848702493,0.7684964102698566,False,False,False
6120,13.699999809265137,2026-10-08,-0.07118645360914322,0.10931169118188722,-0.024911058841161515,0.028148917825259856,,45.8,-0.1031679170311407,2.4469288271997574,0.865305483957881,False,False,False
6121,364.0,2026-10-08,-0.040843214756258184,-0.05821474773609314,-0.15642705716149818,0.07749472705151761,,24.9,-0.23468391535147737,0.7612703457320493,0.8020709377965515,False,False,False
6122,63.0,2026-10-08,0.011235967439997108,0.2233009708737863,0.3018720231089751,0.3274491249202549,,87.2,0.2236151649189959,3.2660763395400925,0.9859154694149043,False,False,False
6123,42.5,2026-10-08,-0.01047731676241892,-0.02522932368389863,0.011904761904761862,0.029894156197051602,,52.3,-0.06635209628521732,0.6508727896809716,0.849912072695116,False,False,False
6124,27.450000762939453,2026-10-08,0.009191176212782759,-0.005434768712212823,-0.056701017075620364,-0.13132910026684175,,24.1,-0.13495787526559955,1.1346841427050849,0.7233201636650847,True,False,False
6125,51.20000076293945,2026-10-08,0.027081290474245456,0.00787404590327423,-0.1035225839718722,-0.022178676956670196,,25.5,-0.18177944216185138,0.7152510469567545,0.6842162975717302,True,False,False
6126,31.899999618530277,2026-10-08,0.03571429898433687,0.09999998684587164,-0.08454765733172531,0.015423770119459057,,32.6,-0.1628045155217045,2.5897730813182336,0.7568448836951046,False,False,False
6127,64.0999984741211,2026-10-08,0.12852111505483066,0.2910371904160056,-0.15768725677544881,0.6105527563536515,,69.8,-0.235944114965428,3.5655777012500955,0.6615066817826832,True,False,False
6128,19.149999618530277,2026-10-08,-0.005194825011414217,-0.03282826482708323,-0.05432100649233196,-0.0635149704838035,,30.6,-0.13257786468231114,0.5205031055974231,0.6920410061306275,False,False,False
6129,14.25,2026-10-08,-0.015127813762484288,-0.03466993271274066,-0.3219399164176199,-0.2021564010119049,,1.4,-0.40019677460759906,0.9143812277281415,0.6065141686183335,False,False,False
6133,27.049999237060547,2026-10-08,-0.07679181087329356,0.1371396883519833,0.1325728484355,0.2261330975245961,,78.9,0.05431599024552081,1.6501806153661225,0.9138513137991194,False,False,False
6134,28.0,2026-10-08,-0.03281522410719939,-0.0410959154652657,-0.1028757473660229,-0.07493247446103235,,21.6,-0.18113260555600208,2.011210916757943,0.7089085463671493,False,False,False
6136,26.600000381469727,2026-10-08,0.05346536164236548,0.10602915697725601,0.10833334922790527,0.14983611650280526,,73.2,0.03007649103792609,2.014523085380093,0.9958402109749594,True,True,False
6138,267.0,2026-10-08,-0.05820105820105825,-0.07291666666666663,-0.25638403689685074,0.2820964993816697,,25.4,-0.3346408950868299,0.930117092063188,0.6337636147112768,False,False,False
6139,778.0,2026-10-08,0.025032938076416267,0.05277401894451961,-0.07396024642566545,0.44756399210189546,,70.4,-0.15221710461564464,0.8979921301019899,0.8397386805180459,False,False,False
6140,20.149999618530277,2026-10-08,0.0049875503877769845,0.2399999765249401,0.01511331140026595,0.11634351635638729,,60.8,-0.06314354678971323,1.8615022418273952,0.6096823020780926,False,False,False
6141,51.29999923706055,2026-10-08,-0.017241408289746296,-0.011560737402275034,0.445070401043959,1.3424657593899685,,95.5,0.3668135428539798,0.6222514780292063,0.8709677064188336,False,False,False
6142,9.029999732971191,2026-10-08,-0.015267212885273329,0.056140296085194885,-0.11902441629549354,-0.04444445341492609,,21.4,-0.19728127448547272,0.8344433448355653,0.8026666429307726,False,False,False
6143,77.0,2026-10-08,-0.04466499432102311,-0.10982658959537572,-0.2596153846153846,-0.18079867012771123,,3.1,-0.33787224280536376,1.0206809822005205,0.5789408592047208,False,False,False
6146,191.5,2026-10-08,0.05509641873278226,0.058011049723756924,-0.07449602093163643,0.06552640518184583,,39.4,-0.15275287912161561,1.4749473779026674,0.8756527375520936,True,True,False
6147,226.0,2026-10-08,0.0022172949002217113,0.18324607329842935,0.1328320802005012,1.318299922739698,,93.2,0.054575222010522006,1.1867207114643892,0.7489892202371176,False,False,False
6148,37.150001525878906,2026-10-08,-0.02365302836340255,0.305799667122419,0.14307697002704334,0.09425627955898719,,73.9,0.06482011183706415,1.232448085902104,0.8302912100213501,False,False,False
6150,64.0,2026-10-08,-0.08440631469363502,0.06489187395833707,0.05248149571020666,0.12976158546263306,,66.3,-0.025775362479772523,2.357275551667584,0.6963616660930484,False,False,False
6151,35.150001525878906,2026-10-08,0.014430013794561214,0.004285757882254382,-0.10102294379516519,0.07987718432441837,,35.7,-0.17927980198514437,0.6773598658880486,0.7058233346260919,False,False,False
6152,21.0,2026-10-08,0.35922331775089145,0.5555555555555556,0.5730336629165,0.2650602118926402,,92.3,0.49477680472652086,5.4037884069955355,0.9523809853337428,True,True,False
6153,17.299999237060547,2026-10-08,-0.028089888844431754,-0.0028819102772229543,-0.13715711245100115,-0.0028819102772229543,,22.1,-0.21541397064098033,0.8698082947027723,0.7075664088846715,False,False,False
6154,14.25,2026-10-08,0.003521140239892029,0.02150539031087395,0.025179884250006612,0.10304945892124429,,61.3,-0.05307697393997257,0.5645047619213347,1.0,True,True,False
6155,70.9000015258789,2026-10-08,0.018678205176127838,0.21821306866763046,-0.07077328060152022,0.6153049058015971,,78.3,-0.1490301387914994,2.6970422895031096,0.7264772151445519,False,False,False
6156,23.799999237060547,2026-10-08,0.09425283848554233,0.1553397473948257,-0.13468976147831357,0.2136249872223679,,41.9,-0.21294661966829276,1.5167262127940184,0.7490341774928391,False,False,False
6158,17.899999618530273,2026-10-08,0.037681137306102785,0.034682104504628386,-0.06527415273629855,-0.0137741049726946,,33.4,-0.14353101092627774,2.608938002304725,0.7336065532122525,True,False,False
6160,13.949999809265137,2026-10-08,0.0035971361228104293,-0.04452058597406405,-0.1493902357471335,-0.11146496950702267,,12.8,-0.2276470939371127,0.7153432319563425,0.6326530744644502,False,False,False
6161,49.0,2026-10-08,-0.025844915641722754,-0.03353058653565377,-0.060006109018911125,0.26497327417085526,,60.7,-0.1382629672088903,0.21913093795513866,0.7852564390594448,False,False,False
6163,43.84999847412109,2026-10-08,0.05917866806624872,0.07444728190405825,-0.04339526609806954,-0.2707849199393234,,15.5,-0.12165212428804872,1.482464820886215,0.6002985665754582,True,False,False
6164,13.0,2026-10-08,0.0358565579622343,0.11111112922458366,-0.14191416981295257,0.06557378715098938,,26.5,-0.22017102800293176,2.495927018311558,0.7471264531612715,False,False,False
6165,47.900001525878906,2026-10-08,-0.034274133075410385,-0.01743586613581727,-0.06262225134630439,0.05274728628305292,,40.3,-0.14087910953628358,1.1977944549597812,0.8538324924906221,False,False,False
6166,125.0,2026-10-08,-0.038461538461538436,0.07758620689655182,-0.06925495290545947,1.1267445789366355,,88.1,-0.14751181109543865,0.4176472873808307,0.7507507507507507,False,False,False
6167,10.510199546813965,2026-10-08,0.024370568118327718,0.029391921648941333,-0.11394110035146521,-0.20756243656253115,,11.1,-0.1921979585414444,0.5850557983180943,0.640231590196682,True,False,False
6168,40.34999847412109,2026-10-08,-0.1414893941676365,0.37244894549893903,0.33609263095242725,0.4780219634345184,,90.4,0.25783577276244807,2.033993574847831,0.8566878934463499,False,False,False
6170,49.59999847412109,2026-10-08,0.00915558360675206,0.027979242986965636,0.03441079634886912,0.04693295843780643,,58.0,-0.04384606184111006,0.8611667184627796,1.0,True,True,False
6171,24.100000381469727,2026-10-08,-0.04930966395226255,0.007805476060579908,0.09942415570245089,-0.02250445779317556,,62.2,0.021167297512471706,2.7762579249823562,0.8935182042260891,False,False,False
6173,302.1276550292969,2026-10-08,-0.059288887959802694,-0.006753493426693402,0.04928139926245945,3.5979747557964847,,97.9,-0.028975458927519737,0.6213501180532023,0.8172719180406645,False,False,False
6174,64.0,2026-10-08,0.28,0.4096915825766818,0.04575162095024243,1.8767835309564038,,94.8,-0.03250523723973675,3.059039252112094,1.0,True,True,False
6175,77.9000015258789,2026-10-08,0.0209698349951013,0.07894743516018243,-0.25834597024103567,0.5776736468936019,,52.9,-0.33660282843101486,1.527993394335651,0.6811758336732926,True,False,False
6176,91.0999984741211,2026-10-08,-0.0032823090453982795,-0.0032823090453982795,-0.23060553157648733,-0.2088130578131594,,3.6,-0.3088623897664665,0.318917821252985,0.5146938714636362,False,False,False
6177,45.95000076293945,2026-10-08,-0.015005374920537329,-0.03059073241058441,0.08376861413042258,0.030207077702075757,,63.7,0.005511755940443397,0.5853877424126388,0.8810493934076197,False,False,False
6179,37.79999923706055,2026-10-08,0.05146031807677298,0.2558139122260983,0.4362329609323572,0.590538894839495,,92.7,0.357976102742378,0.9767225900263837,0.911942063722653,False,False,False
6182,129.0,2026-10-08,-0.007692307692307665,0.15695067264573992,-0.19374999999999998,2.8703695501321405,,96.2,-0.27200685818997916,1.3507996846093653,0.6807387862796834,False,False,False
6183,91.4000015258789,2026-10-08,-0.009750828777050136,-0.01189187539590375,0.05515166728320042,0.025525349306215528,,60.0,-0.02310519090677876,0.8346274630628898,0.9611704957096265,False,False,False
6184,40.0,2026-10-08,-0.00990102749433508,-0.0024937276290826205,-0.06651105193953089,-0.10512297671960746,,24.8,-0.14476791012951007,0.5985349621518271,0.8606318952260511,False,False,False
6185,12.300000190734863,2026-10-08,-0.023809538226368776,-0.03529410268746169,-0.139860137994671,-0.09320735410218428,,14.7,-0.2181169961846502,0.8691661918103838,0.7187361797418197,False,False,False
6186,28.899999618530277,2026-10-08,-0.006872878361431467,-0.05245902890064669,-0.236267873348053,-0.18989494671949614,,3.7,-0.3145247315380322,0.4255150932204053,0.5411876543439175,False,False,False
6187,1525.0,2026-10-08,0.196078431372549,0.11313868613138678,0.6171568159791578,0.5759027952760003,,94.4,0.5388999577891787,1.2256125546757137,0.993485342019544,False,False,False
6188,62.5,2026-10-08,0.006441248562117252,-0.04580152671755722,-0.20201662244573726,-0.2930617880566103,,3.2,-0.28027348063571644,0.8434366987378609,0.5453650230888059,False,False,False
6189,49.29999923706055,2026-10-08,-0.017928316976109304,0.036803365469584515,-0.037109404249349165,0.13745791422114273,,53.1,-0.11536626243932835,0.6327542302354201,0.9174020760148217,False,False,False
6190,76.5,2026-10-08,0.07443824829951295,0.14008944470400042,-0.05605905204003392,0.2859260843812814,,62.1,-0.1343159102300131,2.4647225574156795,0.8526249168485165,False,False,False
6191,87.9000015258789,2026-10-08,0.04270460668798304,0.061594182199885994,-0.14577259259056052,-0.04431610816689935,,17.5,-0.2240294507805397,0.9488616372731349,0.6853307165058333,True,False,False
6192,111.5,2026-10-08,0.013636363636363669,-0.0304347826086957,-0.06302521008403361,-0.018186474411762688,,33.4,-0.1412820682740128,0.4990377108270389,0.8352059925093633,False,False,False
6194,32.25,2026-10-08,0.07142855784991498,0.08585855796483721,0.06168939483416658,0.03413410083516455,,61.5,-0.016567463355812606,1.8759074087351708,0.8541712785303655,True,True,False
6195,28.049999237060547,2026-10-08,-0.005319202901442388,0.012635323627476769,0.08720930490447354,0.19330792970018806,,73.2,0.008952446714494355,0.6783077699783144,0.9672413530020878,False,False,False
6196,674.0,2026-10-08,0.11960132890365438,0.311284046692607,0.2344322344322345,1.2587120279288881,,94.1,0.1561753762422553,1.3005859810983076,0.9926362297496318,False,False,False
6197,381.5,2026-10-08,0.156060606060606,0.23863636363636354,0.03387533875338744,1.138702133228859,,91.0,-0.04438151943659174,2.210799228629153,1.0,True,True,False
6198,19.700000762939453,2026-10-08,-0.017456283662802052,0.01025644938151049,-0.048309176963431066,-0.09006923279212509,,29.1,-0.12656603515341025,0.09772474400697918,0.6610738680301607,False,False,False
6199,142.0,2026-10-08,0.109375,0.47609152291760726,0.3588516746411483,0.2456140350877194,,87.8,0.2805948164511691,2.96081902875806,1.0,True,True,False
6201,44.150001525878906,2026-10-08,-0.008978624422711246,-0.014508877728817815,-0.030409547204466092,-0.057558079882740976,,36.2,-0.10866640539444528,1.0459701129690266,0.8195147131454427,False,False,False
6202,58.900001525878906,2026-10-08,-0.019966671858717255,-0.0016948893918828922,-0.12449201334694349,0.21128257733631273,,44.1,-0.20274887153692267,1.1342748606280146,0.8077956506858238,False,False,False
6203,59.900001525878906,2026-10-08,-0.006633461297555043,-0.00498337596774967,-0.04666462793699566,-0.05652183369878938,,33.0,-0.12492148612697485,0.6281870295196064,0.7350226693715066,False,False,False
6204,111.5,2026-10-08,0.06698564593301426,0.2308602420228163,0.08339489325343052,0.8688561527634324,,88.7,0.0051380350634513405,1.8414335809276046,0.8970509487379746,False,False,False
6205,70.5999984741211,2026-10-08,-0.016713154967022525,0.08282211316920152,-0.01944446563720703,0.3199471689237219,,69.3,-0.09770132382718621,1.5252072043822726,0.7325572530837687,False,False,False
6206,133.5,2026-10-08,-0.03956834532374098,-0.018382352941176516,0.04003558613101399,0.35154381108044097,,76.0,-0.038221272058965194,0.30485420371916633,0.8449367088607594,False,False,False
6207,146.0,2026-10-08,0.006896551724137945,0.2977777777777777,0.11930569341460395,1.792934397789998,,95.0,0.04104883522462477,1.9237451337772755,0.8859761268786094,False,False,False
6208,78.30000305175781,2026-10-08,-0.01509430123575084,0.044000040690104214,-0.13480659611317336,0.4102542856502909,,60.5,-0.21306345430315254,0.6733761910546167,0.7457143147786458,False,False,False
6209,90.0999984741211,2026-10-08,0.08948007012031933,0.1390644780302852,0.16041471783544137,0.6650353402363516,,88.0,0.08215785964546218,1.870522419915014,0.9335846326437346,False,False,False
6210,17.850000381469727,2026-10-08,-0.002793253526597095,0.020000021798270096,-0.06788507900556928,-0.10301503901294817,,24.7,-0.14614193719554847,1.2708111879039956,0.7968750306005993,False,False,False
6212,32.20000076293945,2026-10-08,-0.001550363939861965,0.00782472594773731,0.12000002653702446,0.19038823183488351,,76.0,0.04174316834704528,0.5174108759766131,0.7612293461870296,False,False,False
6213,806.0,2026-10-08,0.25545171339563866,0.571150097465887,1.0482846251588311,3.1257394922238024,,98.6,0.970027766968852,1.0674234460253602,1.0,True,True,False
6214,192.0,2026-10-08,0.015873015873015817,0.037837837837837895,0.4222222222222223,0.8066066010877619,,93.7,0.3439653640322431,0.25472983569703583,0.987146529562982,False,False,False
6215,93.3000030517578,2026-10-08,-0.03913486593283588,-0.04601226850288043,-0.1879558942967018,-0.023864089258713417,,13.3,-0.26621275248668097,0.6703841170256346,0.6977564672041249,False,False,False
6216,20.649999618530277,2026-10-08,0.045569600938241805,0.009779894774051723,-0.058073786002322936,-0.13688037962588917,,23.4,-0.13633064419230212,1.7061622196141486,0.7432007874537352,False,False,False
6217,168.0,2026-10-08,-0.03724928366762181,-0.07438016528925617,-0.3385826771653543,-0.14066496163682862,,1.6,-0.41683953535533347,0.8973569256435237,0.49266862170087977,False,False,False
6218,56.0,2026-10-08,-0.10828024394381874,0.25701461187488306,0.635036496350365,0.7806040903499807,,95.1,0.5567796381603858,1.6268240581634124,0.827178766977094,False,False,False
6219,12.0,2026-10-08,-0.02834011098452094,-0.032258034744817365,-0.055118096045518095,-0.1780822132559421,,20.7,-0.13337495423549728,0.5618179410327326,0.5660377154786554,False,False,False
6220,25.5,2026-10-08,0.007905168734016588,-0.013539666394768002,-0.25,-0.22429211586824593,,2.6,-0.3282568581899792,1.1901956557795255,0.5745033310366398,False,False,False
6221,29.649999618530277,2026-10-08,-0.04200326695842416,0.38551402556364156,0.40576002873530514,0.18253921343322133,,88.1,0.32750317054532596,1.8415308433545914,0.7747802101023658,False,False,False
6222,19.450000762939453,2026-10-08,0.007772100093707213,-0.025062655683143364,-0.06937793694049788,-0.06038647120428886,,28.1,-0.14763479513047706,0.3490863392333773,0.8419913611145124,False,False,False
6223,5575.0,2026-10-08,0.10834990059642147,0.015482695810564717,-0.1340478409443927,0.2979237153793888,,50.3,-0.2123046991343719,0.8638362068788845,0.7580015013177858,False,False,False
6224,79.9000015258789,2026-10-08,-0.022031768538542273,-0.10022523896414137,0.06391482222748457,1.0165251557476966,,90.3,-0.014342035962494615,0.587160162594167,0.8410526476408305,False,False,False
6225,71.5999984741211,2026-10-08,0.07025406339376672,0.17569781083987857,2.1130434119183086,2.5533498674747634,,98.8,2.0347865537283294,1.8267456922553087,0.9559412151598206,False,False,False
6226,44.400001525878906,2026-10-08,-0.07499996821085608,0.3703703529277682,0.7584159020150061,2.609756165640045,,98.2,0.6801590438250269,1.4383023699360546,0.9250000317891439,False,False,False
6227,138.5,2026-10-08,0.010948905109489093,0.24215246636771304,0.18005824277495575,0.5665625051507612,,87.0,0.10180138458497656,1.4018605809034863,0.9719298245614035,False,False,False
6228,18.0,2026-10-08,-0.008264441966000624,0.04046247363062827,-0.040000000000000036,-0.2484342619373342,,18.1,-0.11825685818997922,2.2185098877103595,0.5471124366313883,False,False,False
6229,24.100000381469727,2026-10-08,-0.0020703618157487114,0.00836823289253874,-0.06407765508855434,0.20594388785244044,,54.6,-0.14233451327853353,0.9635105617868682,0.7917031622471483,False,False,False
6230,115.5,2026-10-08,0.04054054054054057,0.022123893805309658,-0.04938271604938271,-0.20890410958904104,,19.4,-0.1276395742393619,0.7807190969588448,0.6328767123287671,False,False,False
6231,232.5,2026-10-08,-0.01898734177215189,0.08644859813084116,-0.11775965870994842,-0.11447987478563904,,16.2,-0.1960165168999276,0.8255911178123501,0.6835148130045239,False,False,False
6233,25.149999618530277,2026-10-08,0.06794057041631718,0.1976190294538227,0.039256149819866026,0.0144971101183331,,55.8,-0.03900070837011316,1.8081971083508102,0.8512446744928398,True,True,False
6234,39.5,2026-10-08,-0.0012642032370431266,0.10489510489510478,-0.12859270677022672,0.36465676299724814,,57.3,-0.2068495649602059,1.8479185206243436,0.6416087807194563,False,False,False
6235,36.09999847412109,2026-10-08,-0.07790556661260173,-0.0743590134840747,-0.16531795435558183,-0.2074643451420899,,6.6,-0.24357481254556101,1.193200910981904,0.48308596404088516,False,False,False
6236,16.899999618530273,2026-10-08,-0.09625674176316112,-0.11286087688379476,-0.008797631979022502,-0.21759262407103952,,25.0,-0.08705449016900169,0.5016477735896382,0.574829926456139,False,False,False
6237,34.650001525878906,2026-10-08,-0.05714281562234269,-0.014224750449352896,-0.1798322280880299,-0.048380695913961214,,13.0,-0.2580890862780091,0.8321484433260545,0.6191462706983574,False,False,False
6239,308.0,2026-10-08,0.052991452991453025,0.10000000000000009,-0.012372180184411885,0.488462859271225,,77.8,-0.09062903837439107,1.3527603981417113,0.8286692955163458,False,False,False
6240,26.399999618530277,2026-10-08,0.04347827725853848,0.1553610143455153,0.4505493687829085,0.4193547890908276,,91.9,0.37229251059292934,0.3624156249524818,0.9445437888336513,True,False,False
6241,16.799999237060547,2026-10-08,0.040247655348825795,0.05660375095112524,-0.19882214264851994,0.11945405244304408,,21.9,-0.2770790008384991,0.41088188420517985,0.6520224304223707,True,False,False
6243,38.45000076293945,2026-10-08,-0.051787879497709244,-0.015364877998554793,-0.038749980926513716,0.29461278704472327,,65.1,-0.1170068391164929,0.11942776618188267,0.7365900421640967,False,False,False
6244,22.299999237060547,2026-10-08,-0.06498956476384188,-0.0490405752010199,-0.1726409296272695,-0.1507033764700182,,8.0,-0.2508977878172487,1.0120073521131914,0.6176702512634068,False,False,False
6245,88.0,2026-10-08,-0.0033975429375915356,0.10970991946322939,0.1450022613483355,0.26420792293532336,,80.3,0.06674540315835631,0.6339233056156562,0.9876543379016939,False,False,False
6246,12.550000190734863,2026-10-08,-0.01181099376244421,-0.02713173939111202,-0.17161712826812858,-0.26176469466265506,,5.2,-0.24987398645810777,0.2955871383196765,0.6972222328186035,False,False,False
6248,17.149999618530273,2026-10-08,-0.005797123563462403,0.014792899742192,0.014987753373325363,-0.08827403718089843,,41.6,-0.06326910481665382,0.7201971019610393,0.8350580971865402,False,False,False
6257,283.0,2026-10-08,0.10331384015594547,0.32863849765258224,0.1574642126789365,0.6860705159697118,,88.3,0.07920735448895733,2.8890650480829465,0.9895104895104895,False,False,False
6259,33.099998474121094,2026-10-08,0.04088048013364398,0.10517521305306587,-0.14957718815421162,0.9343433110571995,,82.3,-0.2278340463441908,0.7156891677167251,0.7855431608182536,False,False,False
6261,76.4000015258789,2026-10-08,-0.03413396966278748,-0.03657000522416276,-0.13890174921447873,-0.005170600921045931,,21.3,-0.21715860740445792,0.779047034536014,0.5901908880321259,False,False,False
6263,176.0,2026-10-08,0.07317073170731714,0.032258064516129004,0.041420118343195256,0.4653647736011315,,80.0,-0.03683673984678393,3.2034387679679583,0.9756142452108836,False,False,False
6264,6.059999942779541,2026-10-08,0.004975079921621495,0.004975079921621495,-0.017828222391283455,-0.07621951285995665,,36.8,-0.09608508058126264,0.6040528861285207,0.7769230505888756,False,False,False
6265,49.20000076293945,2026-10-08,-0.00101521293523954,-0.10218975460010382,-0.03529410268746169,0.28795810943207845,,65.2,-0.11355096087744088,0.36561907938337357,0.7699530451969381,False,False,False
6266,26.5,2026-10-08,0.062124216018578426,0.07287446078792503,0.05577687638458495,0.0014537104792284872,,57.7,-0.022479981805394234,5.57446628904696,0.9216631265878198,False,False,False
6269,63.59999847412109,2026-10-08,-0.021538485013521735,-0.06194696738332717,-0.001569894625127688,-0.007800312198164461,,46.9,-0.07982675281510687,0.3899200614537359,0.7268571254185267,False,False,False
6270,29.700000762939453,2026-10-08,-0.027823191337103204,0.03664925509213823,-0.1428571585846098,0.23628594196757535,,42.7,-0.22111401677458897,0.867858503190233,0.7128525337529442,False,False,False
6271,245.5,2026-10-08,0.06507592190889366,0.05591397849462365,-0.03725490196078429,0.4754159666296829,,74.7,-0.11551176015076348,0.8341103954444394,0.8539130434782609,True,True,False
6272,25.799999237060547,2026-10-08,0.023809462537933257,-0.1313131793163267,-0.16774196009482112,-0.15410505093206073,,8.3,-0.2459988182848003,0.3945868710561961,0.45380932133135266,False,False,False
6274,1740.0,2026-10-08,0.1335504885993486,0.27007299270072993,0.05775075987841949,1.4191965067636647,,93.0,-0.020506098311559695,1.74772606244036,0.9157894736842105,False,False,False
6275,46.84999847412109,2026-10-08,-0.01264493739032757,0.012972939980996578,0.008954899193202026,0.022632063251172285,,51.3,-0.06930195899677716,0.7149993764794247,0.8065001247366951,False,False,False
6276,19.0,2026-10-08,-0.03307886163607432,-0.07766991999228168,-0.1383219656504232,-0.4302848315047568,,2.9,-0.2165788238404024,0.382397974893026,0.4112554044640049,False,False,False
6277,79.80000305175781,2026-10-08,0.02702710664087271,0.002512620370234586,0.17653848927025684,0.1438568502720441,,79.1,0.09828163108027765,0.3085850841604069,0.9120000348772321,True,False,False
6278,248.0,2026-10-08,0.1454965357967668,0.2717948717948717,0.2754902395488483,1.6937491334941503,,95.6,0.19723338135886914,2.4878484140867023,0.9900199600798403,False,False,False
6281,51.0,2026-10-08,-0.001956917360217303,-0.011627877749298854,-0.009708737864077666,-0.06250002629616602,,39.6,-0.08796559605405685,0.7425615504857538,0.7851865094462513,False,False,False
6282,43.20000076293945,2026-10-08,-0.002309433623165158,-0.025930050749667477,-0.25533461286361925,-0.0343899152315188,,6.4,-0.33359147105359843,0.7231664933975677,0.6205544484749412,False,False,False
6283,18.75,2026-10-08,-0.02849737092239979,-0.06483786965226512,-0.19527894360714837,-0.09200966845661884,,8.7,-0.27353580179712755,0.4455242431651635,0.6957328188941738,False,False,False
6284,78.9000015258789,2026-10-08,-0.017434638513980194,-0.012515644316678842,-0.19580393586793665,-0.039192178919289944,,11.5,-0.27406079405791584,1.3833692714241788,0.6485452325322014,False,False,False
6285,256.5,2026-10-08,0.08917197452229297,0.07098121085595,0.01988071570576544,0.20472841661769992,,67.0,-0.058376142484213744,1.613502862328206,0.8176292115605196,False,False,False
6290,280.5,2026-10-08,0.0108108108108107,0.04081632653061229,-0.04760175819256807,0.38614109846199884,,69.7,-0.12585861638254725,0.8508239366044424,0.783717370668085,False,False,False
6291,439.0,2026-10-08,-0.10224948875255624,-0.00790960451977396,-0.029834254143646377,0.16445623342175075,,57.0,-0.10809111233362556,0.7757590460357109,0.646539027982327,False,False,False
6292,66.9000015258789,2026-10-08,-0.0044642177974254516,0.01671730126297777,0.15146305134031146,0.527089693509877,,85.7,0.07320619315033228,1.9523252436419494,0.9396068032771251,False,False,False
6405,39.79999923706055,2026-10-08,-0.11751661677110126,0.015306083225598899,-0.2629629770914713,0.07567565505569052,,10.3,-0.3412198352814505,2.137524949446673,0.49135801527235246,False,False,False
6407,20.600000381469727,2026-10-08,-0.055045820990249905,-0.18253969215091248,-0.26428570066179546,-0.2691580256290258,,1.9,-0.34254255885177465,0.8831863762290973,0.3728281874273784,False,False,False
6409,868.0,2026-10-08,-0.02581369248035914,-0.11156601842374614,-0.20947027276540586,0.21949105437485072,,28.0,-0.28772713095538505,0.5030819500581588,0.6986076785718672,False,False,False
6411,77.5,2026-10-08,-0.01147961107605111,-0.0348692770279605,-0.17178035409657721,0.04915085344310466,,20.6,-0.2500372122865564,0.7362043929013934,0.7003541869653791,False,False,False
6412,73.0,2026-10-08,-0.021447701164178157,-0.051948051948051965,-0.1797752808988764,-0.029487357250569057,,14.1,-0.2580321390888556,0.9126785871282787,0.7168975530007107,False,False,False
6414,399.0,2026-10-08,-0.008695652173912993,0.024390243902439046,-0.012376237623762387,0.4601655670742093,,76.3,-0.09063309581374157,0.3676680563852886,0.7932405566600398,False,False,False
6415,462.5,2026-10-08,0.11985472154963683,0.10645933014354059,-0.16061705989110708,0.5442404006677797,,65.3,-0.23887391808108627,0.7715257481838266,0.687221396731055,True,False,False
6416,120.5,2026-10-08,0.0,0.20741479273810115,0.2747038509525106,0.5507035328234153,,89.5,0.1964469927625314,0.8801150236938601,0.9877049180327869,False,False,False
6417,103.5,2026-10-08,0.014705882352941124,-0.028169014084507005,-0.21684589717241454,0.03147131547653448,,13.2,-0.2951027553623937,1.0614463669091243,0.7216778734781326,False,False,False
6418,34.29999923706055,2026-10-08,-0.007235890174256077,-0.008670498563314366,0.04255311994683075,0.18276567338590155,,68.5,-0.03570373824314843,0.5996942811791117,0.4628556300276101,False,False,False
6419,158.5,2026-10-08,0.022580645161290214,0.04276315789473695,0.1161971830985915,0.7209555116826245,,87.6,0.03794032490861232,2.0819104184428228,0.8149100257069408,False,False,False
6423,87.69999694824219,2026-10-08,-0.07097462361586904,0.039099471122064244,0.0,0.008045941933818357,,48.2,-0.07825685818997918,2.3107290016934394,0.6988047565596988,False,False,False
6425,72.0999984741211,2026-10-08,-0.1131611836690799,0.1462638589039944,0.04341534104553624,0.10738840856663345,,63.5,-0.034841517144442946,1.024243712946486,0.7130501436883839,False,False,False
6426,341.0,2026-10-08,0.004418262150220897,0.15202702702702697,0.8075802334089273,0.9410946396483411,,96.3,0.7293233752189481,1.3408502518608632,0.8710089399744572,False,False,False
6432,66.19999694824219,2026-10-08,-0.05157601642003029,0.07467530175432735,-0.12807648920436487,1.053153141641857,,85.2,-0.20633334739434406,1.39889822522536,0.7725904113292098,False,False,False
6434,15.800000190734863,2026-10-08,0.09342563316880637,0.0675675666967912,-0.07871716955239805,1.2253521694311247,,89.2,-0.15697402774237723,2.5896400524874563,0.43287671755437984,False,False,False
6435,259.5,2026-10-08,-0.009541984732824416,0.031809145129224614,-0.313616026293976,0.6592959389740667,,50.6,-0.3918728844839552,1.8394579941716214,0.6340880679860728,False,False,False
6438,164.5,2026-10-08,0.0,0.05787781350482324,0.08940397350993368,-0.05797686140426628,,58.5,0.011147115319954493,1.8073552022106227,0.9012870462944238,False,False,False
6441,22.350000381469727,2026-10-08,-0.1024096094830006,-0.032467531931368754,0.009029379972184337,0.16710187084510464,,62.7,-0.06922747821779485,1.1336889766521285,0.6962617272237013,False,False,False
6442,1785.0,2026-10-08,0.20608108108108114,0.050000000000000044,0.21240039976897362,-0.1683996980862874,,67.8,0.13414354157899444,1.2715158252683236,0.7596686216615736,False,False,False
6443,27.0,2026-10-08,-0.032258051284435374,0.09756095858998859,-0.1428571428571429,-0.33168319355867615,,4.7,-0.2211140010471221,0.9848541785269469,0.5162523975883235,False,False,False
6449,271.0,2026-10-08,0.17826086956521747,0.17062634989200864,-0.15312499999999996,0.7656976811235721,,77.7,-0.23138185818997914,3.4803524130812518,0.5911083147771488,True,False,False
6451,420.5,2026-10-08,0.018159806295399594,-0.06243032329988851,-0.1986489744886808,0.17680923946333382,,26.4,-0.27690583267866,0.5313026466326359,0.5810902290581889,False,False,False
6456,100.0,2026-10-08,0.13765640800994405,0.45348830762072234,0.3966480744569252,0.798561200438608,,93.3,0.318391216266946,3.5135831690682275,0.9803921568627451,False,False,False
6462,100.5,2026-10-08,-0.06074766355140182,0.0,-0.1026785714285714,-0.033653846153846145,,24.6,-0.18093542961855058,0.8344823699275086,0.6421725239616614,False,False,False
6464,76.30000305175781,2026-10-08,-0.009090869457690776,-0.02179483266977167,0.03560435764283687,0.04769317849797239,,58.3,-0.042652500547142314,0.5079910617058538,0.9585427702811308,False,False,False
6465,41.70000076293945,2026-10-08,0.0024039012616929867,-0.09935202051664516,-0.2760416342428428,-0.10066109778958887,,4.0,-0.35429849243282197,0.8202569915000351,0.5856741931218433,False,False,False
6470,42.75,2026-10-08,0.0011709422989973906,0.026410526622372865,-0.06171087667628983,-0.05091469242196445,,30.5,-0.139967734866269,0.8514757988920258,0.8448096511628871,False,False,False
6473,7.170000076293945,2026-10-08,0.10307693481445312,0.1309148113138865,-0.07958920264379576,-0.15746182333110925,,19.1,-0.15784606083377495,2.0663913956852,0.42176471037023205,True,False,False
6474,35.45000076293945,2026-10-08,0.0,-0.030095718114426906,0.011820205101169545,0.0497633656391725,,54.4,-0.06643665308880964,0.6304229812123082,0.8305820077068101,False,False,False
6477,33.70000076293945,2026-10-08,-0.03160915224818861,-0.02601149568994321,-0.1064754601838197,0.010359721906279429,,27.8,-0.1847323183737989,0.16917939441537422,0.7957497515267348,False,False,False
6485,81.19999694824219,2026-10-08,-0.041322315538438015,0.3139158244446667,0.05260375143863305,0.023620890085635393,,59.3,-0.025653106751346133,3.2139944886657683,0.656926202316965,False,False,False
6486,78.0,2026-10-08,-0.040590441917412234,-0.05339807578155231,0.011223579011337526,-0.03526947226578647,,46.6,-0.06703327917864166,0.8865325069221427,0.9263658292998118,False,False,False
6488,1130.0,2026-10-08,0.041474654377880116,0.16374871266735314,-0.07774888459138585,1.6017634844275759,,92.5,-0.15600574278136503,1.4562065374731195,0.7487583394462918,False,False,False
6494,51.29999923706055,2026-10-08,-0.02099240948065806,-0.06896550530478307,-0.2021773436656451,0.0689247272939717,,17.5,-0.2804342018556243,0.6550740041720473,0.7413295014366856,False,False,False
6498,73.5,2026-10-08,0.0761346517700976,-0.0013586749482916716,-0.1741573033707865,-0.11823203995115661,,9.3,-0.2524141615607657,1.4641423131155171,0.6858195314571154,False,False,False
6504,41.70000076293945,2026-10-08,0.12096773945454142,0.13607646505927828,0.18151958260213918,0.012531547233712637,,73.7,0.10326272441216,2.778775907504178,0.8731923427439334,True,True,False
6505,110.5,2026-10-08,0.17303613142061747,0.38644923752957716,0.8602693124823955,1.0812405487272363,,96.6,0.7820124542924163,0.8327580936314363,1.0,True,True,False
6506,19.0,2026-10-08,0.02425880223436394,0.038251409405626324,0.0687209397260724,0.2176941735037241,,72.9,-0.009535918463906778,1.3154126423540298,0.9706257603816763,True,True,False
6508,26.399999618530277,2026-10-08,-0.022222236350730507,0.01930501958935449,0.06816054662840987,0.002519407820376962,,60.4,-0.010096311561569316,0.4364834261593982,0.9056603761239207,False,False,False
6509,50.70000076293945,2026-10-08,0.03893445810622009,0.09503243193051625,-0.03286069955484827,0.1674599090026614,,56.6,-0.11111755774482746,1.3636501714173326,0.9116339274280267,True,True,False
6510,3320.0,2026-10-08,0.10666666666666669,-0.043227665706051854,0.17531895195241454,-0.028266112078331407,,71.6,0.09706209376243535,1.0361859563516305,0.7947395445970916,False,False,False
6512,20.100000381469727,2026-10-08,-0.007407388569396267,-0.004950513747167595,-0.009852160744208027,0.025510203585134228,,48.1,-0.08810901893418721,0.7945672120699319,0.8796498925999966,False,False,False
6515,5615.0,2026-10-08,-0.026863084922010394,-0.19785714285714284,-0.26586359431588713,-0.2757335676611491,,1.7,-0.3441204525058663,1.74888291967313,0.5239945287219768,False,False,False
6516,56.70000076293945,2026-10-08,0.0035398365122027986,-0.013913030209748656,-0.01903111572042704,-0.04856243844504027,,39.2,-0.09728797391040622,0.6519359279558063,0.880434773594761,False,False,False
6517,66.0,2026-10-08,0.03937007874015741,-0.019316537783185983,0.036936420106618906,0.20328982833467824,,69.2,-0.04132043808336028,0.3873741730642551,0.8222236183495614,False,False,False
6525,138.0,2026-10-08,0.01098901098901095,0.03370786516853941,-0.3065326633165829,0.7248647843501344,,57.7,-0.3847895215065621,0.8437369062355315,0.6244343891402715,False,False,False
6526,801.0,2026-10-08,-0.033775633293124274,0.2437888198757765,0.22103658536585358,0.674343407950551,,89.9,0.1427797271758744,1.2986531287351335,0.9513064133016627,False,False,False
6530,96.0999984741211,2026-10-08,-0.057843152214499094,0.02234040929916059,0.14404760088239388,-0.0043934353615111554,,69.4,0.0657907426924147,0.8990937861466738,0.7345861363346889,False,False,False
6531,980.0,2026-10-08,0.05037513397642024,0.02083333333333326,0.05831533477321815,1.064277778163472,,90.7,-0.01994152341676103,1.2673316557966292,0.8291804559410091,False,False,False
6532,108.5,2026-10-08,-0.11428571428571432,0.1071428571428572,0.3461538716385584,0.5092646717344416,,90.8,0.2678970134485792,1.8305542715203795,0.8857142857142857,False,False,False
6533,352.5,2026-10-08,-0.038199181446111896,0.3715953307392996,0.8311688311688312,0.9209809264305178,,96.5,0.752911972978852,1.4076637309401745,0.9618008185538881,False,False,False
6536,34.0,2026-10-08,0.013412839736889337,-0.05114265560089992,-0.2266004645831292,0.2714688225445052,,29.7,-0.3048573227731084,1.158262214427005,0.34179269580524624,False,False,False
6538,332.5,2026-10-08,-0.1001353179972937,0.0901639344262295,1.681451612903226,3.6059491297231476,,98.9,1.6031947547132468,1.5521556003667172,0.7463524130190797,False,False,False
6546,61.5,2026-10-08,0.030150740603975823,-0.006462060032610406,-0.10349852233305112,-0.07735583684950775,,21.1,-0.1817553805230303,0.592086294056699,0.7073604846002272,True,False,False
6548,77.30000305175781,2026-10-08,0.08111892380080854,0.05027180236882334,-0.07425146045799025,0.5918110200592521,,76.9,-0.15250831864796943,2.070996800854193,0.7918489127290772,False,False,False
6552,24.5,2026-10-08,-0.023904397304817637,0.02083333333333326,-0.16239316239316237,-0.07372403427948881,,13.5,-0.24065002058314156,0.574957003122987,0.6639566121106398,False,False,False
6555,13.449999809265137,2026-10-08,0.01127816664504766,-0.07876716042173315,-0.2864721730994233,-0.4641434420377657,,0.8,-0.3647290312894025,0.7872367650786424,0.44243420980396025,False,False,False
6556,61.900001525878906,2026-10-08,0.0048701795322909636,0.006504089851689487,-0.09454789595158075,-0.007723650293563478,,28.3,-0.17280475414155994,0.4819836846917809,0.8797915789227132,False,False,False
6558,25.100000381469727,2026-10-08,-0.009861932790452554,0.035051562122462965,-0.15771808644027419,-0.10035839696574334,,12.5,-0.23597494463025337,0.6854574895013131,0.5492341348454559,False,False,False
6559,16.950000762939453,2026-10-08,0.04953567574647311,-0.005865013407374997,-0.10554089284847967,-0.2552449202190179,,9.4,-0.18379775103845886,0.5210024655759575,0.36837346538380067,False,False,False
6560,32.79999923706055,2026-10-08,0.006134993015359136,0.06148866155295574,-0.1299735126450129,-0.17484278648904283,,11.2,-0.20823037083499207,2.386345915830957,0.6869109787866083,False,False,False
6561,308.5,2026-10-08,-0.006441223832528209,-0.04192546583850931,-0.06938159879336347,-0.13503441875635902,,22.2,-0.14763845698334266,1.2878519373779271,0.8017778990398267,False,False,False
6565,16.649999618530273,2026-10-08,-0.0263158335029684,-0.04584533578406669,-0.09016391733988438,-0.1190476214504268,,20.4,-0.16842077552986356,0.8785063135587907,0.4955357254362436,False,False,False
6568,129.0,2026-10-08,-0.07857142857142863,-0.0444444444444444,-0.17041800643086813,-0.4190554403665482,,2.3,-0.2486748646208473,1.2615647460624049,0.47493275271255914,False,False,False
6570,47.20000076293945,2026-10-08,-0.007360641003928858,-0.06534651954575343,-0.1094339478690669,0.2491852106418022,,50.5,-0.1876908060590461,0.35671572964358444,0.7342539658162243,False,False,False
6573,15.949999809265137,2026-10-08,-0.02147235853849816,-0.015432156907439154,-0.42105262246943986,0.2759999847412109,,6.0,-0.49930948065941905,0.741705590625384,0.5706618738420278,False,False,False
6577,80.0,2026-10-08,-0.006211180124223614,0.0,0.0012515453343102667,0.12346818688698558,,58.9,-0.07700531285566892,0.1583032074872112,0.8474576134203634,False,False,False
6578,16.649999618530273,2026-10-08,0.009090885971531737,-0.08011053770053633,0.009090885971531737,-0.06983240372284627,,42.1,-0.06916597221844745,0.4664622147087628,0.7853773122327801,False,False,False
6579,151.0,2026-10-08,-0.05919003115264798,-0.006578947368421018,-0.12463768115942031,0.2984170257476868,,52.2,-0.2028945393493995,0.4975864745714341,0.8228882833787466,False,False,False
6581,107.5,2026-10-08,-0.00462962962962965,-0.013761467889908285,0.009389671361502261,0.004672897196261738,,49.6,-0.06886718682847692,0.8636266237572925,0.9513274336283186,False,False,False
6582,31.799999237060547,2026-10-08,0.01597444128394665,-0.0031348082340302286,-0.027522981800628066,-0.03636365948301368,,38.8,-0.10577983999060725,1.0161761742185291,0.8502673245897212,False,False,False
6584,531.0,2026-10-08,0.0,-0.13876900817168736,-0.2125524506950568,-0.18485935436213274,,4.8,-0.290809308885036,0.8299462115805557,0.6622385004440853,False,False,False
6585,99.1999969482422,2026-10-08,-0.0321951517244663,-0.129824588173314,-0.2126984369187127,0.07049680711854256,,15.7,-0.2909552951086919,0.9273212835699486,0.6807079092283493,False,False,False
6588,107.5,2026-10-08,-0.022727272727272707,-0.08898305084745761,0.32880096381224533,-0.15354330708661412,,79.3,0.25054410562226614,0.37444586445432465,0.6739811912225705,False,False,False
6590,64.0,2026-10-08,-0.016897058370260454,0.09854194448522291,0.06980105348891774,0.04996162122701309,,63.1,-0.008455804701061442,0.7990557787580156,0.8938547676524321,False,False,False
6591,41.79999923706055,2026-10-08,-0.03016239635927387,-0.005945303318333095,-0.1771653569914654,-0.2606272835454634,,4.8,-0.2554222151814446,0.7365413912823341,0.5366841094250648,False,False,False
6592,56.70000076293945,2026-10-08,-0.005263144509834117,-0.06435639949474758,-0.05970146798788889,-0.025972702584144414,,33.2,-0.13795832617786807,1.4282257088261914,0.9130435129812126,False,False,False
6593,32.29999923706055,2026-10-08,0.0,0.02539680117652532,-0.045790230633113604,-0.12347352579284099,,26.6,-0.12404708882309279,0.4992127379288864,0.6835978674510169,True,False,False
6597,69.0,2026-10-08,0.09523809523809534,-0.0482758620689655,0.06153846153846154,0.17579267805151066,,70.2,-0.016718396651517642,0.9400716532076905,0.8834827317296756,False,False,False
6599,38.0,2026-10-08,-0.018087874654767466,-0.015544002534698231,-0.08212563769480985,-0.3197042981232624,,8.6,-0.16038249588478903,1.5733119109440676,0.612266131689064,False,False,False
6603,29.549999237060547,2026-10-08,-0.008389261959748318,0.21101302240521558,0.16860397975447916,0.41332342021,,84.2,0.09034712156449998,1.8608685395881148,0.8743267619992068,False,False,False
6606,24.450000762939453,2026-10-08,-0.02199996948242189,-0.023952035624552726,-0.027832956906888806,0.06111226033934991,,47.9,-0.10608981509686799,1.1132235643694266,0.8988970616593904,False,False,False
6609,38.650001525878906,2026-10-08,-0.02275594762435018,-0.023989822849690534,-0.03132831960392923,0.017105303312602738,,43.1,-0.10958517779390842,0.4280610970358214,0.7823886706892417,False,False,False
6613,286.0,2026-10-08,0.026929982046678624,0.0792452830188679,-0.09206349206349207,0.3901935752606265,,64.2,-0.17032035025347125,0.7267362860527362,0.7485657542107207,False,False,False
6614,35.25,2026-10-08,-0.0014164090124980655,-0.016736359823117164,-0.07943493181219774,-0.10519275406245265,,22.8,-0.15769179000217692,0.9963425506201561,0.5143577007907256,False,False,False
6616,8.729999542236328,2026-10-08,0.05690064168655806,0.04052433671044664,-0.027839645071712438,-0.1524272446044025,,27.1,-0.10609650326169162,0.823760232731209,0.8046082244518569,True,False,False
6618,3.1600000858306885,2026-10-05,0.1407942626677301,-0.8229691866499276,-0.8617067819222752,-0.8254143635783672,,0.1,-0.9399636401122544,1.3897402760634217,0.1179104543204935,False,False,False
6624,38.34999847412109,2026-10-08,0.009210486161081333,-0.056580638755783896,-0.06953242746252408,-0.34440736334328836,,8.6,-0.14778928565250327,1.4954249343414991,0.5326125113124017,False,False,False
6625,73.9000015258789,2026-10-08,-0.0013513307313661738,-0.02506598218184164,-0.0669191366992965,0.017102814189762006,,36.2,-0.14517599488927568,0.5220313761630783,0.8708380469686204,False,False,False
6629,101.0,2026-10-08,-0.024154589371980673,-0.05164319248826288,-0.06912442396313367,-0.1000428827077724,,24.8,-0.14738128215311286,0.7286921766019745,0.6874920868368068,False,False,False
6638,44.650001525878906,2026-10-08,-0.004459240915193785,-0.04287245304569831,-0.10610608921137188,0.3132353389964384,,56.5,-0.18436294740135106,0.26934805558920755,0.6674140584078606,False,False,False
6639,3.509999990463257,2026-10-08,-0.01126759503952346,-0.16428567860402055,-0.41500000158945716,-0.5612500011920929,,0.2,-0.49325685977943634,2.1907751739368018,0.3249999933772618,False,False,False
6640,1050.0,2026-10-08,-0.05405405405405406,-0.1923076923076923,0.06924643584521384,-0.27101495421088106,,34.4,-0.009010422344765345,1.0619566190955223,0.6047262375722874,False,False,False
6641,17.25,2026-10-08,0.020710082211242264,0.0,-0.07999999999999996,-0.04504159004305541,,27.5,-0.15825685818997914,0.4950704591349876,0.6477567439923645,True,False,False
6642,77.5999984741211,2026-10-08,-0.06506025934793858,-0.036024863675514385,-0.057108194451474414,0.43703700878002016,,71.6,-0.1353650526414536,0.6994520048607076,0.8443960520748093,False,False,False
6643,489.0,2026-10-08,-0.06142034548944342,0.1897810218978102,0.06372010261494987,0.025889057214633304,,61.2,-0.014536755575029314,0.8991257366061455,0.7035509062993628,False,False,False
6648,13.699999809265137,2026-10-08,-0.0551724269472319,-0.1016393567694992,-0.12179490549637961,-0.28083987622358175,,7.1,-0.2000517636863588,1.4556433314502164,0.4636209869028724,False,False,False
6651,141.5,2026-10-08,-0.04067796610169494,-0.0374149659863946,-0.11285266457680254,0.554945054945055,,71.9,-0.19110952276678173,1.5752566842725448,0.8372781065088757,False,False,False
6654,218.0,2026-10-08,0.03809523809523818,0.013953488372093092,0.09547738693467345,1.422222222222222,,93.4,0.017220528744694263,1.1991864343014347,0.9582417582417583,False,False,False
6655,125.5,2026-10-08,0.0040000000000000036,0.04583333333333339,0.04149377593361003,0.012375578916687058,,56.0,-0.03676308225636915,3.3274403796920504,0.9295120664240712,False,False,False
6658,214.5,2026-10-08,0.18508287292817682,0.22222222222222232,0.1171875,1.9172696377047918,,95.3,0.038930641810020816,3.352447635378784,0.8346303501945526,True,True,False
6664,373.5,2026-10-08,0.0053835800807537915,0.04768583450210384,0.060767504592974975,0.09401093309412989,,64.7,-0.01748935359700421,1.0800988928716728,0.7999955028699924,False,False,False
6667,283.0,2026-10-08,0.08429118773946365,0.1098039215686275,0.1098039215686275,0.21499847066283206,,76.3,0.03154706337864832,2.2138066822933142,1.0,True,True,False
6668,51.09999847412109,2026-10-08,0.08492569277253348,0.24938866913704816,0.369973177461868,0.5230998401238165,,91.4,0.2917163192718888,2.0535385419567294,0.9922329800800211,False,False,False
6669,2240.0,2026-10-08,0.06161137440758302,-0.10040160642570284,0.32306132704996093,0.9257608270051989,,93.1,0.24480446885998175,0.65831055864129,0.8565974380239284,False,False,False
6670,279.0,2026-10-08,0.029520295202952074,0.010869565217391353,0.079303675048356,0.12775692096734037,,69.4,0.00104681685837682,0.649397821276582,0.9704347826086956,False,False,False
6671,23.049999237060547,2026-10-08,0.008752685000084748,-0.0021645516702800682,-0.013692836571731481,-0.20448666320634024,,25.3,-0.09194969476171067,0.35510199621952954,0.6005731786237412,False,False,False
6672,555.0,2026-10-08,0.3686806411837238,0.8530884808013355,0.8137254901960784,3.00862064690119,,98.5,0.7354686320060992,1.5118999451466109,1.0,True,True,False
6673,16.899999618530273,2026-10-08,0.043209803865700946,0.11551155406364111,0.09032255603421113,0.5363636016845703,,83.8,0.012065697844231948,1.433433845638641,0.4157441324515393,False,False,False
6674,18.350000381469727,2026-10-08,0.0,0.11212123524058959,0.08902076949799831,0.0,,62.2,0.010763911308019125,0.6217698008070747,0.8048246050658847,False,False,False
6679,196.5,2026-10-08,-0.03911980440097795,-0.050724637681159424,-0.2092555331991952,-0.21143427357517974,,4.5,-0.2875123913891744,0.8586630680259922,0.5797270662771515,False,False,False
6680,50.09999847412109,2026-10-08,-0.027184495648134188,-0.09403256482243427,0.023810542788014866,-0.07026936490773594,,45.8,-0.05444631540196432,0.47170741664048366,0.6972980010004926,False,False,False
6682,34.75,2026-10-08,-0.09031415429411571,0.014598540145985384,-0.2614240050268063,0.029629629629629672,,8.0,-0.3396808632167855,1.2248899892580762,0.49012692880290065,False,False,False
6683,1415.0,2026-10-08,-0.10158730158730156,0.0035460992907800915,-0.1501501501501501,-0.01917791945410907,,18.8,-0.22840700834012928,1.6020987858458922,0.554460825534219,False,False,False
6684,48.04999923706055,2026-10-08,-0.04091814969055252,0.04798257003609718,-0.15404929784384314,0.11744184272233826,,28.8,-0.23230615603382232,0.5190753268459005,0.7035138666194233,False,False,False
6689,62.59999847412109,2026-10-08,-0.02492209579715421,0.009677394743888401,0.01875230977811282,-0.13146587700425805,,38.6,-0.059504548411866365,0.547165201893655,0.7578086988839068,False,False,False
6690,178.0,2026-10-08,0.005649717514124353,0.09202453987730053,0.06906906906906918,0.114175658238451,,67.6,-0.009187789120910006,0.9779605964555901,0.9468085106382979,False,False,False
6691,789.0,2026-10-08,0.07639836289222379,0.26442307692307687,0.254906102716687,0.541680274810058,,88.8,0.17664924452670783,1.5056203847606,0.9937027707808564,False,False,False
6692,22.799999237060547,2026-10-08,-0.010845987343810481,-0.02355465248067634,-0.10926972249117861,-0.29614577804617215,,7.4,-0.1875265806811578,0.9783296393711378,0.6537934545429088,False,False,False
6693,196.5,2026-10-08,-0.07529411764705884,0.06504065040650397,-0.194672131147541,0.5151894583353089,,58.9,-0.2729289893375202,1.0902514959575031,0.7123856560587353,False,False,False
6695,50.900001525878906,2026-10-08,-0.08122743458586235,0.047325167159882664,-0.07285974296584441,0.2902408248796775,,60.6,-0.1511166011558236,0.7419702315039266,0.7387518200091885,False,False,False
6697,40.79999923706055,2026-10-08,-0.007299251780980898,-0.0012239715771890092,0.003689980456363484,-0.025089588419216602,,46.1,-0.0745668777336157,0.9756332148106291,0.7915710859584338,False,False,False
6698,31.600000381469727,2026-10-08,-0.020155026931171216,0.0,-0.2138360574835637,0.033824643632383244,,13.8,-0.2920929156735429,0.9265957167870368,0.6700915789747015,False,False,False
6705,99.0,2026-10-08,0.007121026719334234,-0.03883495145631066,0.07027027027027022,0.5080018254823531,,82.3,-0.007986587919708965,0.5781868384721583,0.6927544662362406,False,False,False
6706,151.5,2026-10-08,-0.01941747572815533,0.22672064777327927,0.06690140845070425,0.20238095238095233,,72.0,-0.011355449739274937,0.8078744466879516,0.6997690531177829,False,False,False
6708,69.19999694824219,2026-10-08,0.2183098217911763,0.7974025181361608,0.774358896108774,0.7299999237060546,,95.7,0.6961020379187948,6.505815198052885,0.949245480107113,False,False,False
6715,464.0,2026-10-08,0.024282560706401668,0.3687315634218289,0.06666666666666665,0.23613552525234538,,73.4,-0.011590191523312532,1.5844356338118468,0.8190212803779348,False,False,False
6716,138.5,2026-10-08,0.17872340425531918,0.17372881355932202,0.3645320197044335,0.9007509828615416,,93.5,0.2862751615144543,3.1889470474948536,0.9022801302931596,False,False,False
6719,192.0,2026-10-08,0.02127659574468077,0.010526315789473717,-0.2919235616488306,0.19595844388398853,,14.2,-0.3701804198388098,0.8047405850311764,0.6276389526940579,True,False,False
6720,117.0,2026-10-08,-0.07509881422924902,-0.11363636363636365,-0.18466898954703836,-0.29940119760479045,,3.7,-0.26292584773701755,2.2189817275852066,0.6671280823532165,False,False,False
6721,48.5,2026-10-08,-0.03386455651599296,-0.03960396039603964,-0.11334553339056075,-0.13640703712999314,,15.2,-0.19160239158053993,1.405423592915539,0.8169122771712183,False,False,False
6723,28.450000762939453,2026-10-08,-0.10110581024201037,-0.2151723927464978,-0.1993448538401188,-0.17779292544437564,,5.7,-0.277601712030098,2.2282037463548034,0.5709344634645431,False,False,False
6725,213.5,2026-10-08,-0.0339366515837104,-0.06153846153846154,-0.28384336694248447,-0.22162408499245212,,2.1,-0.36210022513246365,0.835959937537446,0.536679726239923,False,False,False
6727,530.0,2026-10-08,0.08606557377049184,-0.013035381750465591,-0.01511983503366121,0.45987688879070654,,75.9,-0.0933766932236404,1.2481797412464795,0.8117800242463041,False,False,False
6728,108.5,2026-10-08,-0.004587155963302725,0.0,0.05339805825242716,-0.03475242631825759,,54.2,-0.024858799937552023,1.1886769798808023,0.8010214277683889,False,False,False
6729,55.59999847412109,2026-10-08,-0.08702796254455969,0.08171200045835714,0.1062686786936422,0.1062686786936422,,71.3,0.02801182050366302,1.0563796102590788,0.7751406055935056,False,False,False
6732,152.0,2026-10-08,0.0,0.023569023569023573,-0.23425692695214106,0.037813653921746404,,11.6,-0.31251378514212025,0.3606624148926257,0.7102803738317757,False,False,False
6735,62.59999847412109,2026-10-08,-0.06287431715208891,-0.0031847255632040383,-0.2092133109879174,-0.014596038283375412,,11.3,-0.2874701691778966,0.5898571079395948,0.436296073833201,False,False,False
6737,28.950000762939453,2026-10-08,0.03392859867640907,0.1768292810575085,-0.06310675985968095,-0.21224487719892648,,17.3,-0.14136361804966013,1.3077708516620288,0.5157363743267421,False,False,False
6738,76.80000305175781,2026-10-08,-0.0025973629641842244,-0.0375939835247151,0.20000004768371582,0.03225808436366906,,76.1,0.12174318949373664,0.2576766154175465,0.9564134512206176,False,False,False
6739,1080.0,2026-10-08,-0.022624434389140302,-0.027027027027026973,-0.027027027027026973,-0.2971599809151785,,16.0,-0.10528388521700616,0.8324685438183886,0.6391323353199545,False,False,False
6741,54.20000076293945,2026-10-08,-0.02517981564034144,-0.09515860797560838,-0.09816968154703298,-0.09174508040477869,,20.8,-0.17642653973701217,0.6587385422420258,0.7048971786758582,False,False,False
6742,57.900001525878906,2026-10-08,0.041366962497820126,0.3099547630421433,-0.00515462599876082,0.4208589331504027,,75.1,-0.08341148418874,2.105898148234179,0.8166431633255335,False,False,False
6743,35.5,2026-10-08,0.05970149253731338,0.23909251213529759,0.28133651731390974,0.6946708288126262,,91.4,0.20307965912393056,2.4529101782716607,0.993006993006993,False,False,False
6750,55.0,2026-10-08,-0.0054249410705143886,-0.08180302839828701,-0.10858990728739526,-0.07304733553956755,,20.7,-0.18684676547737444,1.2277918513038562,0.7822332563284855,False,False,False
6751,51.400001525878906,2026-10-08,0.16818185286088427,0.24154588481715522,0.20657284898974115,0.08134646723450545,,79.1,0.12831599079976197,6.003522189556542,0.7861513642503114,True,True,False
6752,97.0,2026-10-08,0.008316040302872585,-0.0010298504190784374,0.002106285982451217,-0.06626164961971448,,41.2,-0.07615057220752797,0.5204817172438502,0.7636309864233999,False,False,False
6753,131.0,2026-10-08,-0.015037593984962405,-0.047272727272727244,-0.14182673252926636,0.024485909854548904,,23.0,-0.22008359071924555,0.14741567472241746,0.8183199936709283,False,False,False
6754,41.5,2026-10-08,0.012195121951219523,-0.026963692490869273,-0.005988023952095856,-0.015489223931582918,,45.3,-0.08424488214207504,2.0772234147613537,0.9087791399517116,False,False,False
6755,11.550000190734863,2026-10-08,0.008733657915767745,0.06944444321801146,-0.25723472353288557,-0.32456140742248607,,1.4,-0.33549158172286475,0.575956518703732,0.4442307765667255,False,False,False
6756,97.5999984741211,2026-10-08,-0.004081648223254186,-0.023023053219493717,-0.04313726986155786,0.3533120085003125,,68.2,-0.12139412805153704,0.8680610355177685,0.8675555419921875,False,False,False
6757,53.29999923706055,2026-10-08,-0.001872701984285463,-0.03963965338629649,-0.06805492978366989,0.11238152120035472,,45.7,-0.14631178797364908,0.32766896400741535,0.7285008621188572,False,False,False
6761,166.5,2026-10-08,0.012158054711246091,-0.07499999999999996,-0.12368421052631584,0.003012048192771122,,24.1,-0.20194106871629502,0.3766809775234696,0.7239130434782609,False,False,False
6763,41.54999923706055,2026-10-08,0.008495108437860166,0.015892363983663005,-0.05656234622806677,-0.09106633162440869,,27.6,-0.13481920441804596,0.7373099884502852,0.6512221412884187,False,False,False
6768,63.79999923706055,2026-10-08,0.00789889425002177,0.0,-0.1014084614498515,-0.2172059160796611,,12.1,-0.17966531963983068,0.5723056552338484,0.5495404633192758,False,False,False
6770,72.19999694824219,2026-10-08,-0.03087252418466857,-0.009602257379764612,0.01737823527830784,0.25759249670249673,,69.7,-0.06087862291167134,0.6736999330820509,0.8166553402896705,False,False,False
6771,42.70000076293945,2026-10-08,-0.006976726443268522,0.021531137375738307,0.08651403541689251,0.04230432471294732,,64.7,0.008257177226913326,0.7127606371137003,0.9135611762153735,False,False,False
6775,39.5,2026-10-08,-0.059523809523809534,-0.10734463276836159,0.10955060935505245,0.6197252343901414,,85.8,0.03129375116507327,0.5496223892462239,0.5463346933986007,False,False,False
6776,53.0,2026-10-08,0.0037878932922232877,0.0,-0.04159130684976842,-0.058897991431640095,,33.7,-0.1198481650397476,0.5023813385055496,0.760564095781719,True,False,False
6781,1020.0,2026-10-08,-0.004878048780487809,-0.05555555555555558,-0.10986999016641041,0.021676312416404775,,28.1,-0.1881268483563896,0.6242155221958446,0.6913343272764579,False,False,False
6784,19.399999618530277,2026-10-08,0.05149045074833203,0.0630136777276864,-0.019666075739836697,-0.12032536033478036,,32.0,-0.09792293392981588,0.21998911524326809,0.48177780367169426,False,False,False
6786,58.400001525878906,2026-10-08,0.1564356737797803,0.15873015392454382,-0.17977522431170967,-0.3401129771087129,,3.2,-0.25803208250168885,1.9510721235803186,0.42318841685419495,False,False,False
6787,26.100000381469727,2026-10-08,0.0,-0.12709027710841614,-0.24675326891467741,-0.12562813909804582,,4.5,-0.3250101271046566,0.4270608082603499,0.5256797498357721,False,False,False
6788,375.5,2026-10-08,0.0836940836940836,0.04741980474198049,-0.07965686274509809,-0.008353938252939175,,31.0,-0.15791372093507727,2.136992310903366,0.7442085518893864,False,False,False
6789,481.0,2026-10-08,-0.01635991820040905,0.02123142250530785,-0.06237816764132553,0.4143340539870204,,69.5,-0.14063502583130472,0.6712162887067544,0.7916566839439344,False,False,False
6791,99.3000030517578,2026-10-08,-0.01194026814171345,-0.006005990640207126,-0.10135743844563083,0.02198162098505252,,29.8,-0.17961429663561002,0.8369317889038654,0.7118279788656473,False,False,False
6792,61.29999923706055,2026-10-08,0.03898303791628055,0.0182723996707701,-0.014469477730539748,0.13610660693940568,,57.2,-0.09272633592051893,1.409103466558514,0.8739281354200747,True,True,False
6793,7.590000152587891,2026-10-08,0.1517450647717058,0.40555555898956785,0.44571431477864576,0.248355303919382,,90.3,0.3674574565886666,2.836734484377596,0.9256097962358474,True,True,False
6799,91.4000015258789,2026-10-08,-0.008676740226058577,0.14824124721050258,-0.07645521363444119,0.2460524880160868,,55.9,-0.15471207182442037,0.8437200357708038,0.8448570584921986,False,False,False
6803,265.0,2026-10-08,-0.0074906367041198685,-0.023941068139963217,-0.031078610603290646,-0.03711770467397413,,38.0,-0.10933546879326983,1.3752510216718266,0.905327097727247,False,False,False
6804,17.850000381469727,2026-10-08,-0.02724795583682449,-0.019230789384494407,0.12264156035996843,0.10599847168781595,,72.6,0.04438470216998924,0.34787205608464095,0.8771498794527568,False,False,False
6805,2370.0,2026-10-08,-0.008368200836820106,0.04635761589403975,0.7108053237085494,0.26273726273726283,,93.7,0.6325484655185702,1.1011074273028008,0.9115384615384615,False,False,False
6807,34.0,2026-10-08,0.05263160381096532,0.007407407407407307,0.022556390977443552,-0.14056625705921733,,38.5,-0.05570046721253563,1.358266419565794,0.7201815851629711,False,False,False
6811,281.0,2026-10-08,0.1540041067761806,0.25727069351230436,0.2600896860986548,0.5678470234336548,,89.3,0.1818328279086756,2.450409060725796,1.0,True,True,False
6812,81.80000305175781,2026-10-08,0.36106497718100106,0.3840948420257013,0.19765738501899754,0.3794267133925273,,84.8,0.11940052682901836,6.822502450685488,0.7865384908822867,False,False,False
6818,47.20000076293945,2026-10-08,-0.013584069632377793,0.07885716029575884,-0.17192981117650086,-0.40096478331276064,,2.4,-0.25018666936648004,1.2191903323904194,0.4768439728775559,False,False,False
6819,64.0,2026-10-08,0.06135988075876164,0.04065040650406515,0.8181817787737895,1.962962910635155,,97.9,0.7399249205838103,0.7180146316036566,0.8976156698554609,False,False,False
6820,404.0,2026-10-08,0.12849162011173187,0.22610015174506826,0.686847599164927,0.925751428391463,,95.9,0.6085907409749478,1.3649663104710905,0.959449140528653,False,False,False
6821,44.900001525878906,2026-10-08,0.06272192960660128,0.09645911329296686,-0.15283015988907722,-0.14635521496277115,,10.1,-0.2310870180790564,2.4779815899963236,0.6236111323038737,False,False,False
6823,59.70000076293945,2026-10-08,-0.016474464372833286,-0.006655536128738371,-0.09818725808076234,-0.04173352337016445,,24.9,-0.17644411627074152,0.3565837481711434,0.5658767844828384,False,False,False
6825,39.0,2026-10-08,-0.03465350180697668,0.18003028442637392,0.034742710427347445,0.34940136873559546,,75.4,-0.04351414776263174,3.8684338421825624,0.9330143710964945,False,False,False
6826,441.5,2026-10-08,-0.05863539445628996,-0.014508928571428603,-0.17011278195488722,-0.2443121017797414,,5.6,-0.2483696401448664,0.9608479089494476,0.7128457545853832,False,False,False
6829,210.0,2026-10-08,0.024390243902439046,-0.18604651162790697,-0.02777777777777779,0.8024082033084015,,84.1,-0.10603463596775697,0.42891932119861853,0.7682926543336206,False,False,False
6830,530.0,2026-10-08,-0.0018832391713747842,-0.08516611358157777,0.2911084043848964,-0.19819012162532634,,74.1,0.2128515461949172,0.650914807253544,0.5435897435897435,False,False,False
6831,476.0,2026-10-08,0.0031612223393044925,-0.1619718309859155,-0.41880341880341876,0.13739545997610514,,3.0,-0.49706027699339794,0.9794018600091259,0.497907949790795,False,False,False
6832,76.0,2026-10-08,0.05555555555555558,0.14630462295257796,0.023054768065853715,0.426645148895183,,78.2,-0.05520209012412547,3.44440711497396,0.5573631621052636,False,False,False
6833,20.899999618530277,2026-10-08,-0.004761922927129625,-0.050000017339532854,-0.08333331939072575,-0.11063831410509462,,22.1,-0.16159017758070493,2.0593806438728093,0.6830065149667963,False,False,False
6834,132.0,2026-10-08,0.1357339436442666,0.3608247422680413,0.04347826086956519,3.0842370299271833,,97.3,-0.034778597320413995,2.3000425943367127,1.0,True,True,False
6835,32.04999923706055,2026-10-08,0.028892443966351822,0.023961661925919975,-0.07235890174256032,-0.1396340770941461,,21.1,-0.1506157599325395,0.9105826168056309,0.7950610103692646,False,False,False
6839,12.100000381469728,2026-10-08,-0.016260146842581924,0.047619063346515,-0.031999969482421786,0.0,,41.1,-0.11025682767240097,1.0632356573703947,0.7267267662879273,False,False,False
6840,94.5,2026-10-08,-0.04833839782719751,0.017222803528968544,0.4189189514279055,0.5785411354970855,,92.4,0.3406620932379263,0.6066332179177026,0.875,False,False,False
6854,92.9000015258789,2026-10-08,-0.008537838296891254,-0.023133511919465,-0.21271185147560245,-0.34346288674290526,,2.2,-0.29096870966558164,0.7966458592079453,0.48766405000461366,False,False,False
6855,111.5,2026-10-08,-0.03879310344827591,-0.06694560669456062,-0.04197227798424452,0.0625398510753048,,46.0,-0.1202291361742237,1.012069936627672,0.8787923686008139,False,False,False
6858,23.100000381469727,2026-10-08,0.031250034591981724,0.07943928940388467,-0.021186440335509094,-0.017021260362990343,,41.5,-0.09944329852548828,0.4934909245389526,0.7000000115596887,True,False,False
6859,120.5,2026-10-08,0.0,0.08071748878923768,-0.012295081967213073,0.06951390477856934,,51.7,-0.09055194015719226,0.6319588153916352,0.8810025087708807,False,False,False
6862,146.5,2026-10-08,0.03169014084507049,0.04270462633451966,-0.18384401114206128,-0.11294826212761433,,8.7,-0.26210086933204046,1.3797713404864067,0.6594529294926313,False,False,False
6863,95.5999984741211,2026-10-08,0.0010471044410584884,-0.07632851715825029,0.049001904371549054,0.07577998339945724,,62.0,-0.02925495381843013,0.1902060534345474,0.6731095938109395,False,False,False
6869,70.5999984741211,2026-10-08,0.017291021928792283,0.08615382267878613,0.014496482687957446,-0.13815887142815897,,37.1,-0.06376037550202174,0.7244520513170954,0.5842521540379843,False,False,False
6870,319.0,2026-10-08,0.014308426073131875,0.05804311774461035,0.20968358643394303,0.8903322533191831,,91.8,0.13142672824396384,0.5934573783299039,0.9479940564635958,False,False,False
6873,66.0999984741211,2026-10-08,-0.026509617250476403,-0.03644314949865646,-0.23136420435718197,-0.22441605563669997,,3.4,-0.30962106254716115,0.9686334025732813,0.49558972877003543,False,False,False
6874,70.30000305175781,2026-10-08,-0.0014204328402511734,0.02031932503445688,-0.007300268774689922,-0.09439886968436018,,37.2,-0.0855571269646691,0.37105371604210197,0.856467488325117,False,False,False
6877,134.0,2026-10-08,-0.032490974729241895,0.10288065843621408,0.046989513978847874,0.08937778312016098,,62.6,-0.03126734421113131,4.263320175404681,0.723323414000089,False,False,False
6878,19.75,2026-10-08,-0.061757685709164956,-0.03186272699435988,1.050882633987031,0.7633928871732591,,96.8,0.9726257757970518,0.08441834940756444,0.6798623242235384,False,False,False
6881,216.0,2026-10-08,0.0046511627906977715,0.014084507042253502,-0.03355704697986572,-0.03138204864433092,,38.0,-0.11181390516984491,0.8239392585975882,0.8435781389427837,True,False,False
6882,14.0,2026-10-08,0.018181818181818077,0.048689108610999954,-0.18604654773239548,0.07692307692307687,,20.5,-0.26430340592237467,1.4958992309461152,0.5919661829098172,False,False,False
6884,32.099998474121094,2026-10-08,0.022292957455251727,0.06467657977654961,-0.01984737483599719,-0.015204211059484773,,41.9,-0.09810423302597637,1.8069666610954351,0.49384613037109376,False,False,False
6887,36.84999847412109,2026-10-08,-0.028985566975076038,-0.028985566975076038,0.15808913972013072,-0.10976818691317669,,64.3,0.07983228153015154,0.789742897262317,0.5656948121718708,False,False,False
6890,152.0,2026-10-08,0.023569023569023573,-0.08433734939759041,-0.2093623068224173,-0.003647750707095554,,11.9,-0.2876191650123965,0.8219841558488455,0.549889889229017,False,False,False
6894,362.0,2026-10-08,0.005555555555555536,0.025495750708215192,0.026950354609929006,0.031339031339031376,,55.1,-0.05130650358005018,1.2157955929098303,0.8850855745721271,False,False,False
6895,155.5,2026-10-08,0.0298013245033113,0.013029315960912058,0.11870503597122295,-0.10188603221149517,,60.0,0.040448177781243766,0.5815475344310671,0.5546247391466956,False,False,False
6898,83.0999984741211,2026-10-08,-0.08075224478473086,0.014651977117033477,-0.06629215197616745,-0.23386209482115272,,15.0,-0.14454901016614663,1.5761835787221137,0.6465178642232609,False,False,False
6899,50.20000076293945,2026-10-08,0.014141429554332285,0.008032159277248097,-0.09386282707068849,-0.03411745976593128,,26.3,-0.17211968526066768,0.6250932022135653,0.7978394311365737,False,False,False
6901,17.700000762939453,2026-10-08,0.06306313324119261,0.18394655443206265,-0.1591448263913996,0.26881727634029695,,42.6,-0.23740168458137878,1.6532778344618901,0.8408551736086004,False,False,False
6902,136.5,2026-10-08,-0.11935483870967745,0.08333333333333326,0.014869888475836479,0.8175766015100105,,86.0,-0.0633869697141427,1.6995298613997047,0.773371104815864,False,False,False
6903,326.5,2026-10-08,0.03322784810126578,0.0365079365079366,-0.11035422343324253,0.031731269578661125,,29.0,-0.1886110816232217,0.771844694206692,0.7690439101258022,False,False,False
6904,123.0,2026-10-08,0.0,-0.004048582995951455,0.0003201648774660004,0.05818993950502094,,52.7,-0.07793669331251318,1.1411047320186856,0.9663470036711564,True,False,False
6906,78.9000015258789,2026-10-08,-0.06071426754906062,-0.08786125403608203,-0.010916984626414328,0.17139578448072168,,60.9,-0.08917384281639351,0.4593617678669433,0.7337197472899266,False,False,False
6908,26.0,2026-10-08,-0.054545454545454564,-0.13621263553185148,-0.29729729729729726,-0.31026262716624986,,1.1,-0.37555415548727644,2.2799623552518513,0.38433864935303386,False,False,False
6909,43.5,2026-10-08,0.01754385964912286,0.08478807120337262,-0.17457306697819308,-0.0869475922613574,,11.0,-0.25282992516817226,1.2742878059111715,0.6636031718135507,False,False,False
6914,118.0,2026-10-08,0.0,-0.024793388429752095,0.04066637115004146,-0.0177208501211773,,53.2,-0.037590487039937726,0.7358766294006899,0.944,False,False,False
6916,18.799999237060547,2026-10-08,0.016216174976245723,0.013477089503083794,-0.07389162839284924,0.0804597499553581,,40.8,-0.15214848658282842,1.1722811864418545,0.84304932198458,False,False,False
6920,95.8000030517578,2026-10-08,-0.08325355931332246,0.031216377591458233,0.031216377591458233,0.9432049601279011,,88.4,-0.04704048059852095,1.1047590233400093,0.7312977332195252,False,False,False
6921,65.69999694824219,2026-10-08,-0.010542237372749064,0.02656245231628418,-0.03240065579082829,-0.08876562637065888,,32.6,-0.11065751398080748,0.5054201958938966,0.6317307398869441,False,False,False
6922,203.0,2026-10-08,-0.08144796380090502,-0.028708133971291905,0.13407821229050287,0.32325072810176914,,81.1,0.05582135410052369,0.5549194261792373,0.9022222222222223,False,False,False
6923,73.4000015258789,2026-10-08,-0.021333312988281228,-0.04177541791104977,-0.0479895852330543,0.0025521576575047167,,38.7,-0.12624644342303348,0.6653277176418619,0.61035374269293,False,False,False
6924,133.5,2026-10-08,-0.003731343283582045,0.0948920839270897,0.07764971385928843,0.769680643359447,,86.9,-0.0006071443306907565,0.9828014020276251,0.7371382872348923,False,False,False
6925,71.30000305175781,2026-10-08,-0.011095637160802752,0.4302909776170243,0.2314335262994709,0.019403657465735025,,78.6,0.1531766681094917,2.8146330267159585,0.5919117761158571,False,False,False
6927,62.0,2026-10-08,-0.10144927536231885,-0.19165576966270115,-0.15989163365592507,0.4639906076475182,,60.6,-0.23814849184590425,1.0528354956860042,0.7673267036918903,False,False,False
6928,45.0,2026-10-08,-0.032258064516129004,-0.06054282742166772,-0.15413535047638183,-0.031216377591458455,,17.2,-0.232392208666361,0.40442546741566265,0.7377049180327869,False,False,False
6933,382.0,2026-10-08,-0.03168567807351075,0.220447284345048,1.7034522676935602,1.4095986811419197,,98.5,1.625195409503581,1.3843516796500546,0.9683143219264893,False,False,False
6937,286.5,2026-10-08,-0.04975124378109452,0.0,0.10404624277456653,0.08895053040339973,,69.9,0.02578938458458735,0.818268114231093,0.8194236611878006,False,False,False
6940,15.699999809265137,2026-10-08,-0.12534823721678,-0.1886305168086697,-0.37944662914190563,-0.2523809614635649,,0.9,-0.4577034873318848,1.183445550590599,0.4511494296972654,False,False,False
6944,860.0,2026-10-08,0.07499999999999996,0.19610570236439506,0.2141489632861049,0.2751273408798953,,83.5,0.1358921050961257,1.6933534393225642,0.947136563876652,False,False,False
6947,68.0,2026-10-08,0.0004560642230020395,-0.011093237920229204,-0.13141647618773822,-0.10533626519053962,,14.9,-0.2096733343777174,0.4833547066562149,0.7290557419637701,False,False,False
6951,68.0,2026-10-08,-0.020172932206015237,-0.04628335077857271,-0.022015711353341683,0.03143930337630496,,46.7,-0.10027256954332087,1.250638722540382,0.923913062632873,False,False,False
6952,38.95000076293945,2026-10-08,0.003866018784238312,-0.007643292663963019,0.10968667966344592,0.006459948193060727,,65.5,0.031429821473466735,0.6997980344271023,0.789260424868395,False,False,False
6953,255.0,2026-10-08,0.00990099009900991,0.0714285714285714,0.12334801762114544,0.146067415730337,,74.3,0.04509115943116626,3.5011478019943527,0.8717948717948718,False,False,False
6957,448.0,2026-10-08,0.16666666666666674,1.0271493212669682,1.233517836114061,2.031202876409023,,98.4,1.1552609779240819,2.3903170049627454,1.0,True,True,False
6958,16.649999618530273,2026-10-08,-0.04857145036969868,-0.04584533578406669,0.05024918377470322,-0.03388680441392711,,53.7,-0.028007674415275963,1.0432290754218594,0.8721520339285659,False,False,False
6959,136.5,2026-10-08,0.026315789473684292,0.19736842105263164,0.03409090909090917,0.5564424714924228,,81.9,-0.04416594909907001,1.9926889424235636,0.6423529411764706,False,False,False
6962,32.0,2026-10-08,-0.034690843829408124,0.006289332318799801,-0.11146926571668136,-0.012006873992777667,,25.0,-0.18972612390666055,0.9740873353845494,0.7187355147334386,False,False,False
6965,65.80000305175781,2026-10-08,0.04113927622518321,-0.12032085070601473,-0.17023958991765453,-0.19456631399700208,,6.8,-0.24849644810763372,2.6942420314291664,0.6972411217250144,False,False,False
6968,41.29999923706055,2026-10-08,-0.0036188545987440035,-0.010778461387771388,0.00311704772718735,-0.047478752793369994,,43.6,-0.07513981046279183,0.8138909320302299,0.723916211567297,False,False,False
6969,30.200000762939453,2026-10-08,-0.008210180418263713,-0.10650883299943448,0.09818184592507095,0.0360206229210962,,66.1,0.01992498773509177,0.4741442613418221,0.7645569813402393,False,False,False
6977,191.5,2026-10-08,-0.03282828282828287,-0.04249999999999998,0.011625662173945006,-0.1435876537191344,,35.9,-0.06663119601603418,1.2043035526005184,0.5821501904281876,False,False,False
6982,44.79999923706055,2026-10-08,0.002237102291148041,-0.03239740874119357,-0.15151515370448654,-0.11263455118876531,,12.5,-0.22977201189446572,0.7307646195742155,0.6459223851504496,False,False,False
6988,12.550000190734863,2026-10-08,0.07725327052998932,0.02448981148856033,-0.07720589421199664,-0.1520270250677801,,19.6,-0.15546275240197582,2.3799796256616754,0.5976190567016602,False,False,False
6994,30.200000762939453,2026-10-08,0.0360206229210962,-0.14929575315663512,-0.2860519785428235,-0.5571847197316064,,0.6,-0.3643088367328027,2.4755099371003553,0.29753695332945274,False,False,False
6997,66.69999694824219,2026-10-08,-0.004477657488922593,-0.027696815862112145,-0.01987042000434769,-0.1217650724868875,,31.7,-0.09812727819432687,1.3584875308879187,0.6570498786609339,False,False,False
7402,99.1999969482422,2026-10-08,-0.012935353748833811,-0.050717732552706174,-0.26534912118810283,-0.15995611884350647,,3.3,-0.343605979378082,0.1543444504855481,0.6912860900649459,False,False,False
7419,52.400001525878906,2026-10-08,0.015503935570057026,0.01945525234073231,-0.26713284579190344,-0.7088888804117839,,0.5,-0.3453897039818826,2.171468433240454,0.23926941336017765,False,False,False
7507,18.399999618530277,2026-10-08,0.1719745122335461,-0.02902380592431497,-0.08457715077989192,-0.30434786057505425,,9.0,-0.1628340089698711,2.557314665402178,0.4167610188585148,False,False,False
7516,8.630000114440918,2026-10-08,0.04479417376592121,0.03353290062028802,-0.046408847231177885,-0.07799140694578555,,30.7,-0.12466570542115707,1.805311353171097,0.6587786155066274,False,False,False
7547,60.0,2026-10-08,-0.06396253622028358,0.19284296043870697,0.07313659098818914,-0.19024419877954668,,43.2,-0.005120267201790041,1.6509576671865047,0.707266780534623,False,False,False
7551,13.550000190734863,2026-10-08,0.03831417568522233,0.04230770697960495,0.054474691710870715,0.04230770697960495,,61.0,-0.02378216647910847,0.8859858501861695,0.7188328868181368,True,True,False
7556,290.0,2026-10-08,0.10476190476190483,0.15999999999999992,0.09554322237312052,0.6974900682829828,,86.6,0.017286364183141334,3.986023814710083,0.9666666666666667,False,False,False
7558,17.950000762939453,2026-10-08,0.005602262147486492,0.019886384879754138,-0.18223233990741494,0.03914110644864688,,18.4,-0.2604891980973941,0.3619329835208561,0.6792971637538697,True,False,False
7578,23.700000762939453,2026-10-08,-0.014552951568570283,-0.012499968210856083,-0.21848243413129442,-0.3095657745909446,,2.4,-0.2967392923212736,0.7821882112075812,0.5490295105395542,False,False,False
7590,13.899999618530272,2026-10-08,-0.060810848689583974,-0.157575780695135,-0.2937161933493284,-0.20935453538748905,,2.0,-0.3719730515393076,1.0613348835172187,0.44473809796976493,False,False,False
7610,1700.0,2026-10-08,-0.0449438202247191,-0.15000000000000002,-0.17887847903841803,3.6060651562882553,,97.5,-0.2571353372283972,1.2086879804505413,0.6538461538461539,False,False,False
7702,23.0,2026-10-08,0.026785731771771015,0.09523809523809534,0.1499999999999999,0.13861381838151465,,76.5,0.07174314181002073,0.5964746920280758,0.5286881565951334,True,True,False
7704,62.59999847412109,2026-10-08,0.022875779309294186,0.04507507311290615,0.027914563311131957,0.1421141767997529,,63.7,-0.05034229487884723,0.8893238117079495,0.924490660737985,False,False,False
7711,635.0,2026-10-08,0.030844155844155896,-0.037878787878787845,1.0684039087947883,1.2214831873905614,,97.7,0.9901470506048091,1.1354692011262884,0.9621212121212122,True,False,False
7721,61.09999847412109,2026-10-08,-0.012924120065220923,0.0,-0.12288629095798997,-0.24004971253122465,,8.4,-0.20114314914796916,0.6331574602217989,0.6747762562648624,False,False,False
7722,264.0,2026-10-08,0.01538461538461533,-0.053763440860215006,-0.16506027933785872,-0.12298449703173797,,10.0,-0.2433171375278379,0.6738663416539089,0.46798720996647125,False,False,False
7728,631.0,2026-10-08,-0.027734976887519247,0.014469453376205754,0.00205979362517561,-0.190548566127685,,29.2,-0.07619706456480357,1.0531499054383486,0.7156019833317678,False,False,False
7730,201.5,2026-10-08,0.0359897172236503,0.11634349030470914,0.14399293653554812,0.13787522814798558,,75.6,0.06573607834556894,1.5249602126544877,0.9251420832297653,True,True,False
7740,118.5,2026-10-08,0.15609756097560967,-0.07421875,-0.0645230806109377,-0.22043590050911477,,16.3,-0.14277993880091688,1.2182208305375148,0.5747633805579249,False,False,False
7742,118.5,2026-10-08,0.11792452830188682,0.10747663551401865,-0.13503649635036497,-0.14748201438848918,,12.2,-0.21329335454034415,1.8660675954384853,0.4262589928057554,False,False,False
7749,364.0,2026-10-08,-0.09339975093399755,0.02824858757062154,-0.091811844792977,0.021555913444722075,,31.6,-0.17006870298295618,1.2544785295662277,0.6844800373149745,False,False,False
7750,1975.0,2026-10-08,0.04221635883905006,-0.16842105263157892,-0.050480769230769273,0.3667820069204153,,68.1,-0.12873762742074846,0.5870098142097786,0.6433224755700325,False,False,False
7765,236.0,2026-10-08,-0.0021141649048626032,0.07029478458049887,0.06306306306306309,0.07436319313340967,,63.9,-0.015193795126916099,0.9098748738045421,0.8048917698318587,False,False,False
7769,5925.0,2026-10-08,0.0792349726775956,-0.09748667174409753,-0.009024650740479312,0.40853424753099654,,74.2,-0.0872815089304585,0.8431506098921806,0.726435302993277,False,False,False
7786,116.0,2026-10-08,-0.021097046413502074,0.0043290043290042934,-0.055975202103181854,-0.06326493407549982,,30.3,-0.13423206029316104,0.676903249994142,0.48522875816993466,False,False,False
7788,305.0,2026-10-08,0.04991394148020656,-0.0363349131121643,0.26876473726130623,1.205558695383996,,94.1,0.19050787907132705,1.657072727034665,0.8344733242134063,False,False,False
7795,525.0,2026-10-08,-0.020522388059701524,-0.020522388059701524,-0.10562180579216351,0.5098565639774864,,70.1,-0.1838786639821427,0.9606883835529655,0.7882882882882883,False,False,False
7812,64.9000015258789,2026-10-08,0.006201574044634173,-0.1647361122921236,-0.19178083363151,-0.19876541326075425,,5.7,-0.2700376918214892,1.2303130438060297,0.5718061808447481,False,False,False
7815,389.5,2026-10-08,0.005161290322580614,0.15066469719350084,0.03866666666666663,0.005021827080762042,,54.8,-0.03959019152331256,1.5388751007229733,0.6711618554012099,False,False,False
7819,32.95000076293945,2026-10-08,-0.022255192374499577,-0.05179853919598698,-0.14415582433923502,-0.5227266172016221,,1.6,-0.2224126825292142,0.5568400434403349,0.2413255839995065,False,False,False
7823,79.9000015258789,2026-10-08,0.0,-0.039663407973634546,-0.046539395988686616,-0.007453397194050804,,37.8,-0.1247962541786658,1.2048667642285924,0.5398648751748575,False,False,False
7828,1840.0,2026-10-08,-0.01866666666666672,-0.016042780748663055,-0.04415584415584417,0.31795960943723034,,65.8,-0.12241270234582335,0.5605968966205012,0.7913978494623656,False,False,False
7833,24.0,2026-10-08,-0.040000000000000036,0.004184116446269259,0.14832537981106997,-0.23199999999999998,,53.3,0.07006852162109078,0.3556601481518264,0.44986766654801685,False,False,False
7861,1000.0,2026-10-08,-0.07407407407407407,-0.16317991631799167,-0.1301322014291868,0.12887339688987942,,34.5,-0.20838905961916598,1.1947400614271713,0.7125512439768675,False,False,False
8011,16.549999237060547,2026-10-08,0.03115264945592422,0.05414009160011557,-0.07282919420879819,-0.18654750358072392,,17.7,-0.15108605239877737,1.9143911337410593,0.6895598465908097,False,False,False
8016,291.0,2026-10-08,0.008665511265164572,-0.0017152658662092923,-0.17329545454545459,0.5001869041251061,,61.4,-0.25155231273543377,0.5513609117854829,0.8016528925619835,False,False,False
8021,557.0,2026-10-08,0.11463364854752034,0.2056277056277056,0.07962874322621061,0.9086950324483183,,89.2,0.0013718850362314239,1.5946890884109426,0.9625605141144578,False,False,False
8024,12.350000381469728,2026-10-08,0.0,-0.03515623457496997,-0.19281044264637004,-0.03515623457496997,,12.1,-0.2710673008363492,1.8515271532267628,0.7077363806022763,False,False,False
8027,202.5,2026-10-08,-0.03341288782816232,0.09164420485175206,-0.07954545454545459,0.4835164835164836,,71.7,-0.15780231273543377,1.2801541910893832,0.6911262798634812,False,False,False
8028,285.0,2026-10-08,0.017857142857142794,0.14228456913827658,-0.06710310965630117,0.5377317185982311,,74.8,-0.14535996784628036,0.9876878844264361,0.8066082090606094,False,False,False
8032,36.09999847412109,2026-10-08,-0.0027624941080317544,0.009790167108282066,-0.1363636571047051,0.08926259919837864,,29.5,-0.2146205152946843,0.7866054042384304,0.7754458113757202,False,False,False
8033,170.5,2026-10-08,-0.028490028490028463,-0.03672316384180796,-0.25054945054945055,0.24452554744525545,,23.3,-0.32880630873942973,0.3133637574692182,0.6326530612244898,False,False,False
8034,19.450000762939453,2026-10-08,-0.025062655683143364,-0.06937793694049788,-0.0889929547813656,-0.22085180302241347,,13.4,-0.16724981297134478,0.710531141891215,0.7079502167539112,False,False,False
8038,36.20000076293945,2026-10-08,0.06942399984493286,0.1734197833165423,-0.11707315212342795,-0.09499998092651363,,18.0,-0.19533001031340713,1.5453505417894506,0.6188034318451189,True,False,False
8039,305.5,2026-10-08,0.05892547660311953,-0.06574923547400613,1.182142857142857,1.4999516772731099,,98.0,1.1038859989528778,1.090125707498951,0.8666666666666667,True,False,False
8040,89.0,2026-10-08,-0.06708596879993545,0.07878787878787885,-0.05820105820105825,0.8388429172344707,,83.8,-0.13645791639103744,0.9454515721233585,0.712,False,False,False
8042,138.5,2026-10-08,0.17372881355932202,0.13991769547325106,-0.1450617283950617,1.5596588902229156,,91.5,-0.2233185865850409,2.0814228059266204,0.6579572446555819,True,False,False
8043,146.5,2026-10-08,0.05776173285198549,0.01736111111111116,-0.1762111022200974,1.2274656429769641,,86.5,-0.2544679604100766,0.9191090149139427,0.6510296529331013,True,False,False
8044,24.200000762939453,2026-10-08,0.0,0.018947400544819137,-0.1037036754466869,0.06607929293328185,,33.7,-0.1819605336366661,0.6279866857058666,0.6816901623363226,False,False,False
8045,57.09999847412109,2026-10-08,0.0438756431025078,0.14658633230716944,-0.015517267687567449,-0.2150309778179086,,23.9,-0.09377412587754663,0.7101188426217188,0.6376257782346562,True,False,False
8046,1475.0,2026-10-08,0.03873239436619724,0.40476190476190466,0.33484162895927594,1.3204011310496044,,94.9,0.25658477076929675,0.8543989917465543,0.9800664451827242,False,False,False
8047,44.5,2026-10-08,-0.12745098039215685,0.05700716420106744,-0.016574585635359074,-0.14913956693776298,,29.7,-0.09483144382533826,2.29754301414778,0.7416666666666667,False,False,False
8048,51.400001525878906,2026-10-08,0.011811068854911122,0.028000030517578045,-0.09061119743598589,-0.0031382105881500033,,29.4,-0.16886805562596507,0.9331544681439311,0.747307315848135,False,False,False
8049,24.450000762939453,2026-10-08,-0.014112842132594228,0.006172902493352117,-0.027628318385371275,0.018401119929312593,,44.3,-0.10588517657535046,0.7990862177442272,0.9187355193807994,False,False,False
8050,60.400001525878906,2026-10-08,-0.0473186108485415,0.067137864915231,0.0456805301769696,0.5420887481999141,,82.2,-0.03257632801300958,0.38108953229963904,0.8753623409547667,False,False,False
8054,81.0,2026-10-08,-0.09799557631067979,-0.02173916649052099,-0.19402985074626866,-0.18016196864318934,,5.9,-0.27228670893624785,1.0215494616672811,0.525974025974026,False,False,False
8059,17.600000381469727,2026-10-08,0.0028490681813586605,-0.2058922775808888,-0.34195433693306265,-0.41648439186149977,,0.7,-0.42021119512304184,0.6185989404577692,0.36736114179928936,False,False,False
8064,133.5,2026-10-08,-0.06968641114982577,0.0897959183673469,0.06374501992031867,0.8888275883211227,,88.5,-0.014511838269660515,0.7134701090166954,0.7796203952879115,False,False,False
8066,14.5,2026-10-08,-0.03010032207400115,-0.006849341017596711,-0.036544862708603576,-0.21409217342005893,,20.8,-0.11480172089858276,0.7733265152585735,0.6682027414839523,False,False,False
8067,11.5,2026-10-08,-0.04166666666666663,-0.021276595744680882,-0.0980392156862745,-0.15441178842399306,,16.1,-0.17629607387625368,0.4942387675863138,0.6515580877365261,False,False,False
8068,18.75,2026-10-08,0.05633802816901401,0.11607147925565253,0.016260120577509918,-0.11556606956460092,,39.5,-0.061996737612469266,1.4448513804173708,0.6487889358994233,True,False,False
8069,144.0,2026-10-08,0.0,-0.04318936877076407,-0.252119198638007,0.002210618786351537,,7.7,-0.3303760568279862,0.8773673355560523,0.597703904133127,False,False,False
8070,50.5,2026-10-08,0.005976080328708333,0.012024017149777633,-0.05253281945853483,0.18366832360136764,,54.6,-0.130789677648514,0.8646423904443146,0.8021029473557291,False,False,False
8071,21.75,2026-10-08,-0.011363636363636354,-0.05434782608695654,-0.29383115133882876,0.3679245611208686,,26.4,-0.37208800952880794,0.4506925116696982,0.6434911387853485,False,False,False
8072,26.899999618530277,2026-10-08,-0.032374087885961855,0.03861003917870898,-0.06759101341960227,-0.023871610748706473,,32.0,-0.14584787160958146,0.7973257429251667,0.7971248707805506,False,False,False
8074,56.5,2026-10-08,0.09073360679852716,0.03669724770642202,-0.12267082824065334,-0.0657109347151088,,19.1,-0.20092768643063252,2.688366689609385,0.6168122373491352,False,False,False
8076,21.399999618530277,2026-10-08,-0.009259294417005015,-0.022831050625997884,-0.14319100432354026,-0.059154282586212914,,16.8,-0.22144786251351944,0.8433500791491092,0.7714276815275747,False,False,False
8080,28.299999237060547,2026-10-08,0.010714258466448134,-0.019064164198848488,0.023508123960141347,-0.019064164198848488,,50.1,-0.05474873422983784,1.0268912499777179,0.5926701410902733,False,False,False
8081,262.0,2026-10-08,0.027450980392156765,0.035573122529644285,-0.11336717428087983,0.17577520291541093,,42.3,-0.19162403247085902,0.6617607354702233,0.808641975308642,False,False,False
8084,14.399999618530272,2026-10-08,-0.40495871220868607,-0.6828194023226632,-0.7021716634337074,-0.7102615815396901,,0.1,-0.7804285216236866,0.5882210533009818,0.2171945543846922,False,False,False
8085,15.100000381469728,2026-10-08,0.03424657444766899,-0.013071882795547163,0.23265309236487575,-0.022653684926618456,,76.8,0.15439623417489656,0.5380403515582997,0.7493796857238406,True,False,False
8086,154.0,2026-10-08,0.33913043478260874,0.3688888888888888,0.12391521913216641,0.0737058483281805,,71.4,0.045658360942187226,3.865097033446619,0.8727609574152448,True,True,False
8087,22.850000381469727,2026-10-08,-0.03177966050326364,-0.1537036895751953,-0.26879998779296876,-0.32892802075016103,,1.3,-0.34705684598294795,2.1731007581548396,0.5881596210792815,False,False,False
8088,43.79999923706055,2026-10-08,0.003436373561011452,0.0022882945623630135,-0.21785715648106163,-0.12079300794294379,,6.1,-0.2961140146710408,0.5205329499960999,0.6134002597863564,False,False,False
8089,19.399999618530277,2026-10-08,-0.010204120359534996,0.1378299405645531,-0.06954439982783533,-0.1453744948677198,,21.0,-0.14780125801781452,0.6187946725125517,0.5201072390171745,False,False,False
8091,230.0,2026-10-08,0.06728538283062635,0.06235565819861422,-0.17414721723518856,0.39243125639251986,,51.7,-0.25240407542516774,1.7115986362832663,0.7796610169491526,False,False,False
8092,12.75,2026-10-08,0.015936239539883656,-0.007782130622652206,-0.0892857142857143,0.07142860577458654,,37.4,-0.16754257247569349,2.012686745033196,0.669291365387338,False,False,False
8093,26.299999237060547,2026-10-08,0.04158412820041768,0.0019047328404018238,0.2892156729832007,0.34871790959284854,,87.1,0.21095881479322154,1.1183643207285932,0.7929648619198332,False,False,False
8096,90.3000030517578,2026-10-08,0.03200003487723202,-0.13572133133271447,-0.46460614690917523,-0.11893923750195601,,0.7,-0.5428630050991544,0.5382100123471207,0.5353938530908248,False,False,False
8097,48.20000076293945,2026-10-08,-0.007209031506099861,-0.014314943580707173,-0.16173911716627043,-0.13464990838905333,,9.7,-0.2399959753562496,0.5614251390401518,0.709867447419259,False,False,False
8099,58.70000076293945,2026-10-08,-0.026533971714177595,0.010327062040898616,0.048030823352267715,-0.08178564681443756,,48.8,-0.03022603483771147,0.2992345371965177,0.7332423363340582,False,False,False
8101,10.300000190734863,2026-10-08,-0.06787330199585473,-0.14166665077209473,-0.2167300007962999,-0.2847221900283545,,2.8,-0.2949868589862791,0.9110076937655421,0.559782630667119,False,False,False
8102,60.5,2026-10-08,0.025423728813559254,-0.08054715510558363,-0.11029411764705888,0.11009174311926606,,36.9,-0.18855097583703806,0.9015667088120499,0.7432432293108211,False,False,False
8103,114.5,2026-10-08,-0.0766129032258065,-0.07287449392712553,0.23143030016789679,0.4042112835091809,,86.3,0.1531734419779176,0.6910774551797864,0.8674242424242424,False,False,False
8104,30.950000762939453,2026-10-08,-0.02365930542427075,0.013093339962956918,-0.25868261645654,-0.03129890379094935,,6.3,-0.3369394746465192,0.5897063791718331,0.6939462291887303,False,False,False
8105,15.0,2026-10-08,-0.02912620160650603,-0.013157882353605488,-0.2628992767165411,0.10701105452799986,,12.2,-0.3411561349065203,0.5315505944742295,0.5964214802193534,False,False,False
8109,136.0,2026-10-08,-0.05882352941176472,0.054263565891472965,-0.12540192926045013,0.2592592592592593,,48.2,-0.2036587874504293,1.0111626952802715,0.8421052631578947,False,False,False
8110,49.25,2026-10-08,0.011293618653885007,0.12314713144325018,-0.011159900673230583,0.006497967879452782,,46.3,-0.08941675886320977,0.9175933687287532,0.5764488361491411,False,False,False
8111,93.6999969482422,2026-10-08,0.2012820121569514,0.2748298904522748,0.8408643249372527,0.550041384261259,,95.4,0.7626074667472735,2.086656686369827,0.9936372631590873,False,False,False
8112,85.0999984741211,2026-10-08,0.01551307130096835,-0.05862835135285449,-0.003512916234163055,0.07161775248458646,,53.3,-0.08176977442414224,0.4757680811818825,0.850999984741211,False,False,False
8114,177.5,2026-10-08,-0.002808988764044895,-0.0633245382585752,-0.1567695961995249,0.07948395488094406,,25.2,-0.2350264543895041,0.2695078118727558,0.703483971129958,False,False,False
8119,10.949999809265137,2026-10-08,0.07881775574398553,0.09609610211627873,0.057970957070651474,0.4407894666670431,,80.5,-0.02028590111932771,1.880104873617852,0.6384839680948945,True,True,False
8121,34.400001525878906,2026-10-08,-0.007215006897280607,0.24637684965303874,-0.234705207074409,0.4545455425261731,,46.5,-0.3129620652643882,2.2432936842840197,0.6323529514886925,False,False,False
8131,68.0,2026-10-08,0.08800000000000008,0.09854601492329262,-0.08106450119922848,0.11521299402835439,,42.9,-0.15932135938920766,1.1952724258798475,0.8079737688749244,False,False,False
8147,139.0,2026-10-08,-0.03135888501742157,-0.021126760563380254,-0.0794854538656643,0.008962645748214815,,32.9,-0.15774231205564349,1.2382089082230614,0.7441430060962599,False,False,False
8150,128.0,2026-10-08,0.10822510822510822,0.40197147559170454,0.2018779342723005,1.1286600265898277,,92.9,0.12362107608232131,1.4833200722694695,0.9961089494163424,False,False,False
8155,326.5,2026-10-08,0.04146730462519943,-0.05907780979827093,-0.07375886524822695,0.11953848705500358,,45.1,-0.15201572343820613,0.8189725613271898,0.7259219724691492,False,False,False
8162,67.5999984741211,2026-10-08,-0.005882375380572125,0.10638298138015645,-0.15075377173407034,0.718415095810653,,75.2,-0.22901062992404952,1.6322838517903298,0.7842227478814268,False,False,False
8163,29.850000381469727,2026-10-08,-0.024509803616021286,-0.03554120692581386,-0.21858639305501426,0.11631378423811722,,18.7,-0.29684325124499344,0.9599612232629116,0.6589404168697873,False,False,False
8171,21.149999618530277,2026-10-08,0.021739074348078535,0.07633587934452035,0.026698991595907495,-0.13849286045588338,,39.3,-0.05155786659407169,1.2945035692577869,0.6800642880741589,True,True,False
8176,9.649999618530272,2026-10-08,-0.006179239895054756,-0.015306180539302994,-0.07211538726056121,-0.1345291525846457,,21.8,-0.1503722454505404,1.1674304414102936,0.6942445959254366,False,False,False
8182,45.70000076293945,2026-10-08,0.032768378823490485,0.15404046777438052,-0.14107499868257334,0.6499995558216187,,73.3,-0.21933185687255252,2.4285042175180234,0.7788557238997589,False,False,False
8183,28.200000762939453,2026-10-05,0.0,-0.0342465744476691,-0.16761857599139207,-0.11263785020155559,,10.5,-0.24587543418137126,0.0,0.7105445755774953,False,False,False
8201,16.850000381469727,2026-10-08,-0.04532573679042173,0.4525861920131091,0.30115834977961287,0.3480000305175781,,87.5,0.22290149158963368,4.101836921768132,0.9546742632095783,False,False,False
8210,874.0,2026-10-08,0.03431952662721893,-0.06723585912486663,-0.26861924686192473,-0.016332546217982302,,6.1,-0.3468761050519039,1.712886624743082,0.5680600166741193,False,False,False
8213,38.34999847412109,2026-10-08,0.12794113159179665,0.16388460049006381,0.15329145416481804,0.18422928377797176,,78.8,0.07503459597483886,4.139880098445223,0.9504997506328723,True,True,False
8215,28.0,2026-10-08,-0.037800699898622114,0.10453647253068143,-0.007081413084729649,0.14305754413132843,,59.4,-0.08533827127470883,1.027932789898276,0.869565196788025,False,False,False
8222,35.099998474121094,2026-10-08,-0.012658249580785652,-0.04359679170454078,-0.13140339850633087,0.018570098126960977,,24.2,-0.20966025669631005,0.20827114507142666,0.7086148506200882,False,False,False
8227,335.0,2026-10-08,-0.07840440165061902,1.042682926829268,0.7091836734693877,1.6828616754541161,,97.1,0.6309268152794085,0.4338978505682625,0.9005376344086021,False,False,False
8234,63.400001525878906,2026-10-08,0.0063492305695065365,-0.04076755079566996,-0.1201523339301711,0.049160510240089605,,28.7,-0.1984091921201503,0.49091044783432236,0.7648556110356888,False,False,False
8240,54.5,2026-10-08,-0.09468439685549823,-0.0267857142857143,0.11909649170836012,0.02504819112261658,,67.9,0.040839633518380936,1.325643645269424,0.7468599346967624,False,False,False
8249,39.29999923706055,2026-10-08,-0.002538129059529992,-0.017500019073486306,-0.16382980346679688,-0.1607293275934376,,8.3,-0.24208666165677606,1.0346137277140135,0.6470206646999876,False,False,False
8261,180.5,2026-10-08,-0.0055096418732781816,-0.002762430939226568,-0.4737609329446064,0.6878450947682537,,22.9,-0.5520177911345856,1.822541180511141,0.5202590676628714,False,False,False
8271,199.5,2026-10-08,-0.007462686567164201,-0.10135135135135132,0.10220994475138112,0.312987816249239,,79.5,0.023953086561401937,0.21375193650106383,0.783760472873576,False,False,False
8277,15.449999809265137,2026-10-08,-0.0032258187570879393,-0.16642119727660698,-0.234448899100543,-0.137267531381992,,5.2,-0.3127057572905222,1.0365165081371206,0.40488113156092165,False,False,False
8284,68.0,2026-10-08,0.005917182469050486,0.030303030303030276,0.11111109725963253,0.13778010167504418,,73.0,0.032854239069653346,0.2180238059790001,0.9840810636988211,False,False,False
8289,60.900001525878906,2026-10-08,0.19411767697801774,0.34140968015529016,0.015000025431315178,0.6562257142166505,,83.0,-0.063256832758664,4.190757755649331,0.8062340819400318,True,True,False
8291,27.299999237060547,2026-10-08,-0.037037076905843236,-0.14150943735733124,-0.17272729584665014,1.06037730091023,,83.7,-0.2509841540366293,0.4743919853060158,0.20526315215834998,False,False,False
8298,38.5,2026-10-08,0.0,0.005221952138994457,-0.2735849056603774,-0.062075595122870086,,4.9,-0.3518417638503566,0.4677726268469918,0.6888892696126449,False,False,False
8299,2060.0,2026-10-08,-0.023696682464455,-0.01670644391408116,-0.03738317757009346,0.20292365237853627,,59.2,-0.11564003576007265,0.43293180732549297,0.7205011373960802,False,False,False
8341,73.80000305175781,2026-10-08,-0.005390753543607185,-0.017310192393828694,-0.04031207298582251,0.020784911345352874,,41.4,-0.1185689311758017,0.9695548402874762,0.850096222411306,False,False,False
8342,84.9000015258789,2026-10-08,0.016766485339867243,-0.02413791349564476,-0.06703295026506695,0.0140157811944579,,36.0,-0.14528980845504613,1.0354770736035293,0.9278688691352885,False,False,False
8345,49.34999847412109,2026-10-08,-0.014970060336177649,-0.0380117113438615,-0.0723684630376995,0.03133990577571755,,36.6,-0.1506253212276787,0.7677866039709226,0.9050207824905898,False,False,False
8349,41.25,2026-10-08,0.0185185185185186,0.05769230769230771,0.04828466580827118,0.038061805411025995,,59.9,-0.029972192381708007,1.4297972728761534,0.9160673177457714,False,False,False
8354,16.950000762939453,2026-10-08,0.011940344056086794,-0.02865329387617599,-0.01903246669453551,0.13792228085328917,,56.4,-0.0972893248845147,0.3725768247144587,0.8983597044920604,False,False,False
8358,535.0,2026-10-08,0.05940594059405946,0.03883495145631066,0.027626224033077573,1.0091533946569977,,89.0,-0.05063063415690161,1.267799853952656,0.7677836123872799,False,False,False
8367,40.900001525878906,2026-10-08,0.0024510365364791564,-0.0072815347452712675,0.011124864139724577,-0.04994187570927455,,45.2,-0.0671319940502546,1.221052960768064,0.9337900054407339,False,False,False
8374,74.0999984741211,2026-10-08,-0.03641096223925999,-0.10615202520847622,-0.13333335117987022,0.043164810832274414,,26.1,-0.2115902093698494,0.4510406735904294,0.6572861186807142,False,False,False
8383,69.0,2026-10-08,0.016200271714306824,0.05022835928527547,0.12163063148871323,0.5715223298926186,,85.5,0.04337377329873404,0.41490941766962264,0.7632743233997324,False,False,False
8390,90.9000015258789,2026-10-08,0.006644501149985604,-0.05900618052048112,-0.07902731168728983,0.01505053977390114,,33.5,-0.157284169877269,1.0845953888725217,0.7289552174883982,False,False,False
8401,22.700000762939453,2026-10-08,0.0,-0.004385898134529276,-0.010893245825233655,-0.0883533690479903,,37.0,-0.08915010401521284,0.7893988629496943,0.8017687320287575,False,False,False
8404,14.0,2026-10-08,0.052631563851613716,-0.12225704279522365,-0.1357224263392034,-0.21343675630448056,,8.5,-0.21397928452918258,1.5112155187391392,0.5154798485479052,False,False,False
8410,26.450000762939453,2026-10-08,-0.04856109752411042,-0.11980028504231144,-0.141999796071001,-0.2190152646459932,,7.6,-0.22025665426098018,2.608642853555438,0.6891610220645145,False,False,False
8411,11.75,2026-10-08,-0.012605010364596714,-0.09615384615384615,-0.0448988179111548,-0.041032084038958416,,34.6,-0.12315567610113398,1.8235209016565352,0.8834586339468901,False,False,False
8415,35.20000076293945,2026-10-08,-0.009845245615539233,-0.053763439757573916,0.021770681665900904,0.07648989501869607,,58.4,-0.05648617652407828,0.35568466562952994,0.9107373705889912,False,False,False
8416,171.0,2026-10-08,0.01183431952662728,0.008849557522123908,0.0,0.055736536143341064,,52.5,-0.07825685818997918,0.779186867722848,0.9496042671561907,True,False,False
8421,13.149999618530272,2026-10-08,0.01153843219463635,0.051999969482421804,-0.1023890811643915,-0.03663003765371797,,24.5,-0.18064593935437068,0.17253990472062888,0.780415389959966,False,False,False
8422,25.549999237060547,2026-10-08,-0.001953169674379085,-0.019193858527591257,-0.06410256589400642,-0.11796315195166318,,23.8,-0.1423594240839856,0.7296024880323595,0.5140965977779057,False,False,False
8424,69.5,2026-10-08,-0.016973083451766957,0.013119556062649584,0.008708250520077732,0.0013796927388765035,,49.1,-0.06954860766990145,0.5589822139531825,0.977756072533916,False,False,False
8426,20.600000381469727,2026-10-08,-0.002421270604561321,-0.009615329948400753,0.0351759184099496,-0.1516061368091901,,39.6,-0.04308093978002958,0.8267961847549967,0.7386877561902178,False,False,False
8431,59.59999847412109,2026-10-08,-0.07882532789299712,-0.11441313861033486,0.17554235852570899,-0.019736854901274414,,72.0,0.0972855003357298,0.7868569335299507,0.7563451290093773,False,False,False
8433,52.5,2026-10-08,-0.0056818038143071625,-0.03669724770642202,-0.0019011117304553737,-0.1010901891467817,,37.6,-0.08015796992043456,1.048288381576971,0.8875849893183925,False,False,False
8435,52.70000076293945,2026-10-08,-0.01125700718029099,-0.014953256767486822,0.0019011842532195011,-0.016791002552288603,,46.6,-0.07635567393675968,1.741403933797635,0.9292224517273092,False,False,False
8437,10.550000190734863,2026-10-08,-0.004716998956176721,0.1393088477287001,0.04975124283688581,-0.15936254737880529,,41.3,-0.028505615353093372,2.3389491771790922,0.5943662079287247,False,False,False
8438,80.9000015258789,2026-10-08,0.0,0.1775837717551585,-0.13696017509972747,0.004590978569370074,,22.6,-0.21521703328970665,1.1848186833086007,0.7706580823227208,False,False,False
8440,20.100000381469727,2026-10-08,-0.004950513747167595,0.011955709054411567,-0.04030483480798741,-0.08324815239277683,,31.4,-0.1185616929979666,0.5934708621056569,0.6945088912415155,False,False,False
8442,48.59999847412109,2026-10-08,0.06578947588567496,0.06462205585184555,0.11845952766976686,0.0005561875035142716,,66.6,0.04020266947978768,1.3140894816475877,0.7018827464145863,True,True,False
8444,3.490000009536743,2026-10-08,-0.19770112964369524,-0.3019999980926513,-0.32101165365924755,-0.5383597836042318,,0.5,-0.39926851184922674,2.5489311806620365,0.24405594146760606,False,False,False
8454,241.0,2026-10-08,0.008368200836819994,-0.004132231404958664,-0.11070110701107017,0.3543050196360893,,59.7,-0.18895796520104935,0.4818379127283886,0.5483503981797497,False,False,False
8455,23.200000762939453,2026-10-08,0.04977377205803335,0.008695685345193604,-0.12945586885457105,0.10739856410794268,,32.8,-0.20771272704455024,0.9248187872379104,0.5005394072643361,False,False,False
8462,156.0,2026-10-08,-0.006369426751592355,-0.05167173252279633,0.0,0.15685685214488232,,61.4,-0.07825685818997918,0.43042566200362353,0.8690807799442897,False,False,False
8463,21.200000762939453,2026-10-08,0.0,-0.013953452886537043,-0.01624122907249037,-0.01802476506827888,,42.4,-0.09449808726246955,0.9001809129821869,0.7855801740645526,False,False,False
8464,366.5,2026-10-08,0.011034482758620623,0.015235457063711877,0.02089136490250687,0.04564907275320973,,55.2,-0.05736549328747231,0.4744246983482332,0.8936406967429792,False,False,False
8466,15.050000190734863,2026-10-08,-0.0066006224629271415,-0.016339869077347524,-0.12308141209670032,-0.14744031703131388,,13.8,-0.2013382702866795,0.3789040155588605,0.6212985535747878,False,False,False
8467,90.6999969482422,2026-10-08,0.029511901465978374,0.004429611107046538,-0.1724437740094037,-0.38679442360977345,,2.6,-0.2507006321993829,0.6522207199954998,0.48203016733600046,False,False,False
8472,67.9000015258789,2026-10-08,-0.018786061845285973,-0.13171350158978246,-0.14698488910205187,-0.15124998092651365,,10.5,-0.22524174729203106,1.06498944319956,0.736442557194395,False,False,False
8473,39.79999923706055,2026-10-08,0.019206146341949504,-0.013863413688045112,-0.011691284242418276,0.23948096228096238,,64.9,-0.08994814243239746,0.5997460718711053,0.8012359669120701,False,False,False
8476,21.399999618530277,2026-10-08,0.05418721294636919,0.13527847137697124,-0.10272539722234053,0.13560492178735473,,40.5,-0.18098225541231971,0.8261092190025273,0.8716904392495847,True,False,False
8477,13.5,2026-10-08,-0.049295761877997,-0.11184209411824497,-0.15625,-0.0357142857142857,,16.4,-0.23450685818997918,1.0658527040280377,0.6506024096385542,False,False,False
8478,140.0,2026-10-08,-0.010600706713780883,-0.01754385964912286,-0.05931922485781427,-0.10534634890267669,,26.1,-0.13757608304779345,0.47127394464249833,0.7015629301116378,False,False,False
8481,40.59999847412109,2026-10-08,-0.0012300873279422753,-0.021686783756118433,0.027751190073374232,0.03263362350377674,,55.2,-0.05050566811660495,0.7629233051905051,0.9783132162438816,False,False,False
8482,50.09999847412109,2026-10-08,0.025588537135005307,0.023493313447551678,0.037267065538158395,0.042880880918716224,,58.2,-0.04098979265182079,0.8234217749313816,0.9395323775772386,False,False,False
8487,70.0999984741211,2026-10-08,-0.002845015205610535,-0.018207325265765295,-0.09897177732132167,0.06766714510280014,,34.7,-0.17722863551130086,0.6394559374305243,0.8435619706533636,False,False,False
8488,9.81999969482422,2026-10-08,-0.002032566814382575,-0.08651165629542135,-0.02772283921485974,0.008213544721354049,,42.8,-0.10597969740483892,0.4926224233003564,0.9050690644762922,False,False,False
8489,21.899999618530277,2026-10-08,-0.024498936557593387,-0.011286681909956076,0.0022882945623632356,-0.18738408168632537,,29.6,-0.07596856362761595,1.0881141149899423,0.45061729024933533,False,False,False
8499,253.5,2026-10-08,-0.009765625,-0.01744186046511631,-0.1507537688442211,-0.03773022303209195,,17.2,-0.22901062703420028,0.45564111862454404,0.6540049327381798,False,False,False
8905,33.95000076293945,2026-10-08,-0.01594200687132019,-0.018786061845285973,0.17240776966462623,-0.13917150741026474,,64.1,0.09415091147464705,0.5563648024914524,0.8544911149539587,False,False,False
8906,28.600000381469727,2026-10-08,-0.012089822875506862,-0.017182130358953218,0.021428585052490234,-0.02555366235952472,,48.9,-0.05682827313748895,0.5560046908901507,0.7167919620985461,False,False,False
8908,39.79999923706055,2026-10-08,-0.009950286524563201,-0.009950286524563201,0.05157121404797316,0.01262406022481044,,58.1,-0.026685644142006026,0.9273214395641947,0.8685465347774296,False,False,False
8916,40.84999847412109,2026-10-08,-0.0036585738019246916,-0.0108959024516313,0.0007246168240437889,-0.07706279217286993,,40.1,-0.0775322413659354,0.41020644104108206,0.8682176010606142,False,False,False
8917,52.900001525878906,2026-10-08,-0.014897564724294377,-0.020370342113353535,0.001893982770139191,0.04243304522145275,,51.9,-0.07636287541983999,0.20854066716793665,0.7942346499464894,False,False,False
8921,16.850000381469727,2026-10-08,0.0029762587309454247,0.01506024061776956,-0.037142835344587066,-0.017291240994133705,,38.8,-0.11539969353456625,0.42607406169719503,0.8813986120314948,False,False,False
8924,49.29999923706055,2026-10-08,-0.01202409359661416,-0.03333334829293044,-0.14111501870198484,-0.21513482911810722,,7.9,-0.21937187689196402,0.9449585356873609,0.7024126621581637,False,False,False
8926,61.09999847412109,2026-10-08,0.03735139034377721,0.05526764877220103,-0.2136422023951784,0.4458467714563432,,49.0,-0.2918990605851576,0.6871129144084542,0.7543209688163097,True,False,False
8927,18.25,2026-10-08,-0.04450263688446687,-0.05684756381313183,-0.16201669020512355,-0.2267461105594174,,6.3,-0.24027354839510273,0.9251005029221824,0.6256564868994253,False,False,False
8928,22.25,2026-10-08,-0.03260869565217395,-0.10821646013534458,0.020941745342362372,-0.016143786252336256,,49.8,-0.05731511284761681,0.9490373511985586,0.8311275559128365,False,False,False
8929,12.75,2026-10-08,-0.026717585593723503,-0.011627877749298854,-0.12068965517241381,-0.19811318830845637,,10.8,-0.198946513362393,0.6937004822079007,0.7005494211825938,False,False,False
8930,28.0,2026-10-08,-0.024390269837322398,-0.06354513855420818,-0.0774299951213353,-0.06821961028645518,,26.2,-0.1556868533113145,0.8385103238688217,0.8791208685915857,False,False,False
8931,42.54999923706055,2026-10-08,-0.0023447194663681614,0.036540804576818964,0.024955890762177857,0.05176811596936037,,56.6,-0.05330096742780133,1.249775636126443,0.8440237426598707,False,False,False
8932,92.6999969482422,2026-10-08,0.009803854755614516,-0.015923567394850013,-0.0675732287410361,0.33924264687484973,,64.1,-0.1458300869310153,0.31025105758036164,0.8604246514626168,False,False,False
8933,4.449999809265137,2026-10-08,-0.0326087170602698,-0.04094828937233741,-0.021978104896205664,-0.32575759491425704,,14.8,-0.10023496308618485,0.687894590107843,0.4842219817685274,False,False,False
8935,18.899999618530277,2026-10-08,-0.02072536965505034,0.044198851944752926,-0.1562500026609217,0.055865922978277194,,23.2,-0.2345068608509009,0.44723502927718606,0.7761806703261129,False,False,False
8936,54.0,2026-10-08,0.024667916854656857,0.0756971948069356,-0.0374331288991,0.07355866439483627,,47.5,-0.11568998708907918,1.1849148329880583,0.779220744906306,True,False,False
8937,25.200000762939453,2026-10-08,-0.011764675963158666,-0.12195121627033467,-0.043643248648261634,-0.3072164738710803,,13.7,-0.12190010683824082,0.3097777778078913,0.6017910629955691,False,False,False
8938,51.900001525878906,2026-10-08,-0.005747111737085198,-0.005747111737085198,-0.049450494939517364,-0.17488075887365884,,22.3,-0.12770735312949655,0.6491857647981608,0.7351944916371622,False,False,False
8941,43.25,2026-10-08,-0.015927207071398386,-0.026996642122444348,0.03848542728545312,0.015432471941489112,,55.7,-0.03977143090452606,1.1719667275244903,0.9526431397881482,False,False,False
8942,40.20000076293945,2026-10-08,0.0012453109628980386,-0.04852069200143305,0.022604411636986788,0.058002240860361765,,56.8,-0.055652446552992396,0.7847748815751542,0.8970018900711468,False,False,False
8996,1710.0,2026-10-08,0.09265175718849838,0.37903225806451624,0.2954545454545454,0.8566775244299674,,92.6,0.21719768726456623,0.5921182893409905,1.0,True,True,False
9802,65.9000015258789,2026-10-08,0.01697528429500994,-0.043057533572745,-0.04702829519947527,-0.10866940791153934,,27.7,-0.12528515338945445,0.45772939828070053,0.6134281953781634,False,False,False
9902,13.300000190734863,2026-10-08,0.0075757865844463534,-0.025640984437851122,-0.03971120401344719,-0.08591065179476587,,31.3,-0.11796806220342637,1.4971956138189455,0.740947054341901,False,False,False
9904,25.049999237060547,2026-10-08,0.008048243562199575,0.018292636122468897,0.030864198499897633,-0.08567300400451883,,45.6,-0.04739265969008155,0.7356100866818939,0.8206226538198771,True,False,False
9905,21.350000381469727,2026-10-08,-0.002336412988402814,-0.002336412988402814,0.05693077183321793,0.05941760727603329,,62.0,-0.021326086356761254,0.5844741131544666,0.9861432220625177,False,False,False
9906,39.150001525878906,2026-10-08,-0.027329154636548947,-0.07209779495542912,-0.03701856971200068,-0.07209779495542912,,33.1,-0.11527542790197987,1.3311780610434532,0.7101122168131068,False,False,False
9907,14.800000190734863,2026-10-08,-0.0033670161246094343,-0.03267973815469505,-0.03267973815469505,-0.14149549231784397,,27.3,-0.11093659634467423,0.45101982283470426,0.7903354126569984,False,False,False
9908,28.950000762939453,2026-10-08,0.0,-0.008561643611917247,0.012095761339080191,0.013796741145339464,,50.9,-0.06616109685089899,1.035243782388648,0.8742160896459037,False,False,False
9910,66.30000305175781,2026-10-08,-0.03633720769051807,-0.050143264283308064,-0.024999955121208672,-0.1432590738837618,,28.5,-0.10325681331118786,0.9180969817740188,0.5140445962128308,False,False,False
9911,81.30000305175781,2026-10-08,-0.002453950285180251,-0.004895886308756814,-0.02400960296192689,-0.03786978636973004,,39.2,-0.10226646115190607,0.8916337153540519,0.9338850326666616,False,False,False
9912,12.949999809265137,2026-10-08,0.0,0.003875983892514423,0.01968503966571844,0.01568625955020675,,52.4,-0.058571818524260744,0.2101805513106861,0.918439677936752,False,False,False
9914,67.80000305175781,2026-10-08,-0.007320643889592526,-0.12853469932831907,-0.05236593355959218,0.13593602841999664,,50.6,-0.13062279174957137,0.357869125236994,0.6480593730262452,False,False,False
9917,106.5,2026-10-08,0.0,0.0,0.05995262579809668,0.02710746722938251,,60.8,-0.018304232391882502,0.6609251539537618,0.9639656318864033,False,False,False
9918,42.900001525878906,2026-10-08,-0.006944426661166014,-0.005793742552942072,0.030908240553549016,0.03330565840241029,,56.0,-0.04734861763643017,0.8236712954156363,0.724831068462768,False,False,False
9919,16.100000381469727,2026-10-08,0.16666667818447234,0.15412190692480365,0.15827344052632952,0.03870970203030488,,72.9,0.08001658233635034,2.8240220727444547,0.8193384577110708,True,True,False
9921,92.8000030517578,2026-10-08,0.010893245825233766,-0.046248713862899526,0.27465045697179846,0.3473836890508337,,86.7,0.19639359878181928,0.40936941827314977,0.8470994834799164,False,False,False
9924,37.95000076293945,2026-10-08,-0.006544502487092707,-0.01300390091232273,-0.052434419828349066,-0.1132184523305998,,26.5,-0.13069127801832825,0.4483184218892341,0.7262021844101907,False,False,False
9925,39.400001525878906,2026-10-08,-0.003792609711129491,-0.003792609711129491,0.015951017040497728,0.015951017040497728,,52.0,-0.062305841149481456,0.42147152765529083,0.9704434238093119,False,False,False
9926,49.04999923706055,2026-10-08,-0.00101831443206446,-0.01009081751157781,0.036779985062107334,0.02947868190288605,,56.7,-0.04147687312787185,0.535350262348574,0.8944945940042213,False,False,False
9927,62.0,2026-10-08,-0.03125,-0.04215344990121517,-0.021086397142304092,-0.026794380136290097,,40.7,-0.09934325533228328,1.6132033634759098,0.913765211731014,False,False,False
9928,17.799999237060547,2026-10-08,-0.01385041609789639,0.0,-0.03783787907780822,-0.01385041609789639,,39.0,-0.1160947372677874,0.671368422885298,0.8516746201889296,False,False,False
9929,11.300000190734863,2026-10-08,0.018018000215478613,0.0,0.027272744612260258,-0.08502025573297256,,45.0,-0.050984113577718926,5.962889546643253,0.7533333460489909,False,False,False
9930,58.400001525878906,2026-10-08,-0.02990031917356173,-0.07448489796984337,-0.08749997615814209,-0.1276895868795921,,19.9,-0.16575683434812127,1.0107157590745275,0.8530859958401135,False,False,False
9931,34.0,2026-10-08,-0.0029325067036874986,-0.005847975394087768,0.024096362008327654,-0.003119970033971242,,51.8,-0.05416049618165153,0.8656920637945325,0.6985933209059136,False,False,False
9933,43.09999847412109,2026-10-08,0.03481385102330026,0.11132427066432604,0.10175574432150047,0.2440658769661077,,77.0,0.02349888613152129,3.8189028409490344,0.9298813353399656,False,False,False
9934,9.829999923706056,2026-10-08,-0.0030425693727964553,-0.08981483795351719,-0.04097561719940912,0.056098680530083156,,45.4,-0.1192324753893883,0.4320811608036164,0.819166660308838,False,False,False
9935,18.149999618530277,2026-10-08,-0.01089922391181064,-0.06683810248924171,-0.018918939538904,0.009345418686022011,,45.1,-0.09717579772888318,0.580517235426138,0.8684210502299815,False,False,False
9937,55.20000076293945,2026-10-08,0.0128440506961367,-0.008976660559270266,0.040219434280923894,0.00035035613895084694,,54.8,-0.03803742390905529,0.5076671725590692,0.9099859461814465,False,False,False
9938,39.54999923706055,2026-10-08,0.025940337737766717,-0.03771287821425362,-0.08208815616213183,-0.06998384369965738,,25.1,-0.16034501435211101,0.7198201397305533,0.7005915885856724,False,False,False
9939,128.0,2026-10-08,0.028112449799196693,-0.007751937984496138,0.032258064516129004,0.1648697524775642,,65.7,-0.04599879367385018,0.5338268988981284,0.8858131487889274,False,False,False
9940,20.0,2026-10-08,-0.0024937276290828425,-0.01960782480441514,0.017811724593606026,0.032085543601444666,,53.7,-0.06044513359637316,0.4887634404347078,0.8618668532361515,False,False,False
9941,76.5999984741211,2026-10-08,-0.0166881004659023,-0.04844722392396161,0.016870642774396538,0.06969516913508778,,56.9,-0.061386215415582646,0.9837560858593263,0.8195674382403011,False,False,False
9944,17.350000381469727,2026-10-08,0.011661852325836497,0.008720907667252753,-0.028011203883169355,0.07601114432032041,,49.3,-0.10626806207314854,0.8766781005013863,0.9403793855835877,False,False,False
9945,29.799999237060547,2026-10-08,0.01880339272001863,0.06810034568130785,0.168627421061198,0.21447458744094172,,80.2,0.0903705628712188,0.7556833389320992,0.9867549166962348,False,False,False
9946,16.549999237060547,2026-10-08,-0.017804221817056876,-0.037790784712024794,-0.10337699698833935,0.037371834401474624,,30.8,-0.18163385517831854,0.5689976516066972,0.8661551902234783,False,False,False
9950,10.25,2026-10-08,0.0,-0.014423040772329365,-0.023809523809523836,-0.04205605769034515,,38.9,-0.10206638199950302,0.568090989680561,0.7706766806770743,False,False,False
9955,24.100000381469727,2026-10-08,0.04329004257515834,0.00836823289253874,-0.08884689276691593,-0.22756410922602854,,13.1,-0.16710375095689511,1.2476388798330833,0.5943280107251792,False,False,False
9957,5.800000190734863,2026-10-08,-0.04918028173572164,0.012216434804252607,-0.02521002072919387,-0.02684561181007228,,39.9,-0.10346687891917306,2.0582678372130254,0.639470825345741,False,False,False
9958,89.0999984741211,2026-10-08,-0.03152175571607507,-0.027292576873855556,-0.21795714342346895,-0.17257076128068316,,4.9,-0.29621400161344813,0.41930609992950946,0.5451298913774598,False,False,False
9960,38.45000076293945,2026-10-08,0.025333353678385517,0.2689769548215193,0.20452278157053683,0.5949214421711764,,88.3,0.12626592338055764,0.7514381583597075,0.9265060424804688,False,False,False
9962,10.25,2026-10-08,-0.009661872249663417,0.0,0.04272635600749797,-0.046511627906976716,,51.2,-0.035530502182481216,1.5411846132587563,0.8471074113102617,False,False,False
