ticker,last_close,last_date,ret_1w,ret_1m,ret_3m,ret_6m,ret_12m,rs_rating,rs_vs_bench_3m,vol_surge,near_high_pct,new_high_20d,new_high_60d,new_high_250d
1101,24.450000762939453,2026-09-17,-0.014112842132594228,0.016632080605745392,0.03865667035414999,0.058212998885804224,,70.5,0.042470260346862077,0.6128113470917246,0.9525910141002152,False,False,False
1102,35.29999923706055,2026-09-17,-0.004231354658692177,0.04437869922657578,0.03983920707914956,0.10845031863648047,,73.7,0.04365279707186165,0.434120157932937,0.9691834355074516,False,False,False
1103,13.050000190734863,2026-09-17,-0.007604519444585733,0.0,-0.012896694006218179,0.001673076490910974,,56.0,-0.009083104013506094,0.7131212820159517,0.9491377942247902,False,False,False
1104,26.799999237060547,2026-09-17,-0.01651378946566795,0.01515150092083739,-0.012775189380206609,-0.019537013060100028,,53.7,-0.008961599387494523,0.4494125991397536,0.8741838036456371,False,False,False
1108,11.050000190734863,2026-09-17,-0.026431733978146132,-0.055555523856978484,-0.1424403813009283,-0.19999468355409233,,15.7,-0.1386267913082162,0.8864839079497842,0.779090094146277,False,False,False
1109,13.399999618530272,2026-09-17,0.0,-0.011070152774400599,-0.01537305182737636,-0.06989639322767305,,47.9,-0.011559461834664275,0.7674940613461675,0.900762751963903,False,False,False
1110,15.5,2026-09-17,-0.03125,-0.02515720931616261,0.01916934790556102,0.01263617035540432,,63.6,0.022982937898273104,1.2895083488810342,0.9078807278629288,False,False,False
1240,55.59999847412109,2026-09-17,0.0054249410705142775,0.02241681187235356,0.05589338836796465,0.03808740494067053,,71.5,0.05970697836067673,0.33577636399950006,0.9849373281241076,True,True,False
1301,64.5999984741211,2026-09-17,-0.015243902793602881,0.1373239320744788,0.24452098863509852,0.3418293264928003,,91.7,0.2483345786278106,0.4118848703121143,0.9528022944896645,False,False,False
1303,236.0,2026-09-17,-0.032786885245901676,0.2586666666666666,0.5550124569937123,1.816382604942897,,98.0,0.5588260469864244,0.6823685864089395,0.9672131147540983,False,False,False
1304,12.600000381469728,2026-09-17,0.012048238915872256,0.06779662523760033,-0.06984070282336452,-0.09942171567453306,,35.0,-0.06602711283065243,0.47286018438176936,0.6982565226343624,False,False,False
1305,12.300000190734863,2026-09-17,0.004081648223254186,0.0468085268710523,-0.07480451792901444,-0.19756508705067943,,25.9,-0.07099092793630235,0.5796790033206488,0.6719576369487467,False,False,False
1307,30.600000381469727,2026-09-17,-0.004878036374968198,0.009901028117592858,-0.10429756154208625,-0.06311577289615844,,32.2,-0.10048397154937416,0.43176305810351606,0.871753233698056,False,False,False
1308,14.399999618530272,2026-09-17,-0.003460220857775087,0.07865162599680375,0.03180209454644234,-0.09034266373823507,,55.8,0.035615684539154424,0.447216995143655,0.7525772897856587,False,False,False
1309,14.100000381469728,2026-09-17,0.014388544491241051,0.11023626718350332,-0.05353032809542657,-0.16942457363476204,,31.9,-0.049716738102714486,0.75196612999481,0.5375233643025016,False,False,False
1310,9.029999732971191,2026-09-17,0.03555039638181223,0.1148147293460644,-0.11034482045835359,-0.2379747306091461,,17.4,-0.1065312304656415,0.3944215807790934,0.737142835344587,True,False,False
1312,14.949999809265137,2026-09-17,0.0,0.2723404092991606,0.06785712923322396,0.038194458701728884,,73.2,0.07167071922593604,0.6307677353359309,0.9552715765924809,False,False,False
1313,12.300000190734863,2026-09-17,0.037974666226071596,0.07894742125619669,0.020746887638410483,-0.05290407961445531,,57.3,0.024560477631122568,0.42390059124144525,0.860139862005329,True,False,False
1314,8.960000038146973,2026-09-17,0.10209101008888877,0.1487179255187714,0.11442787072873406,0.03583820038010255,,77.2,0.11824146072144615,0.6652640186997368,0.8615384968074835,True,False,False
1315,66.9000015258789,2026-09-17,0.009049750324335637,0.04993720708288052,0.10901723092010496,0.12221507244017538,,80.9,0.11283082091281704,0.598428586311551,1.0,True,True,False
1316,10.649999618530272,2026-09-17,-0.03619914618100928,0.004716908986904356,0.014285677955264031,-0.1581027715661203,,44.9,0.018099267947976116,0.5212229048769507,0.6474163601574947,False,False,False
1319,79.9000015258789,2026-09-17,0.01913265268885067,-0.022031768538542273,-0.0577830347823004,0.026109487638610984,,49.0,-0.05396944478958832,0.41596879672631293,0.7316606837526822,False,False,False
1321,32.5,2026-09-17,0.007751937984496138,0.02201260313628106,0.04333869656507616,-0.013657078983912885,,65.5,0.04715228655778825,0.5891835363430945,0.8891929050177934,False,False,False
1323,21.450000762939453,2026-09-17,0.0046838585331605564,0.002336502116844885,0.0725000381469727,0.1673355902280762,,79.8,0.07631362813968479,1.3291928673394484,0.9092431873733476,False,False,False
1324,9.989999771118164,2026-09-17,0.0,0.0,-0.04401914320985245,-0.04401914320985245,,44.7,-0.040205553217140366,0.4770767210829929,0.7835293938131893,False,False,False
1325,25.799999237060547,2026-09-17,-0.0076923370361328125,-0.013384336006709296,0.007812455180101763,-0.033707921354374615,,56.9,0.011626045172813848,0.35118950352415884,0.720670385108615,False,False,False
1326,68.5999984741211,2026-09-17,-0.037868225274503065,0.20987650001866975,0.23459071603891357,0.4889270688880174,,92.7,0.23840430603162566,0.44714621410964467,0.9232839253900694,False,False,False
1336,16.75,2026-09-17,0.01208463880116617,-0.03458215379122087,0.0742942844857275,0.14663731292916937,,78.8,0.07810787447843959,0.9113381933929493,0.9204089204525208,False,False,False
1337,4.489999771118164,2026-09-17,-0.006637214587377094,-0.019650688665309834,-0.11089116801304699,-0.28503190746625984,,14.6,-0.10707757802033491,0.5340176110160884,0.698289252097583,False,False,False
1338,14.350000381469728,2026-09-17,-0.0034721693322965486,-0.023809485192973323,-0.15044762919637888,-0.06030214585155835,,24.6,-0.1466340392036668,0.5123129211138274,0.6567326343928241,False,False,False
1339,43.20000076293945,2026-09-17,0.0023202388018275233,0.00474700067437861,0.047379678175003104,0.09773450065754807,,73.8,0.05119326816771519,0.48612838931801344,0.9820592368472285,False,False,False
1340,5.150000095367432,2026-09-17,-0.013409903762017006,0.0,-0.09010596568794293,-0.26742532835460187,,18.4,-0.08629237569523085,0.42826032447518164,0.5974478148190149,False,False,False
1341,59.20000076293945,2026-09-17,-0.010033419427692092,0.013698616715036138,0.022452490549236037,0.0672818588166133,,68.8,0.026266080541948122,0.2099380221278778,0.97528830344075,False,False,False
1342,100.5,2026-09-17,-0.004950495049504955,-0.014705882352941124,-0.14102564102564108,0.15916959097468109,,45.5,-0.137212051032929,0.2511984213812979,0.8553191489361702,False,False,False
1343,29.450000762939453,2026-09-17,-0.039151676036737415,-0.14389536463292296,0.34474891670869634,0.0650994997917782,,90.4,0.3485625067014084,0.25183841845423965,0.6148225433151295,False,False,False
1402,28.100000381469727,2026-09-17,-0.019197181304840938,0.0035714421953474407,0.023335818653067886,0.10382285899284693,,71.6,0.02714940864577997,0.5376018307159404,0.9258649103222502,False,False,False
1409,24.799999237060547,2026-09-17,-0.013916516372901033,0.06771536846420312,-0.08589904547086213,0.5408347805683589,,81.9,-0.08208545547815005,0.422935026800957,0.8117331751779249,False,False,False
1410,24.25,2026-09-17,-0.010204081632653073,-0.05458088262577898,-0.010457532821734561,-0.22896850362089327,,33.9,-0.006643942829022476,0.8297685531263672,0.6904434983644169,False,False,False
1413,9.210000038146973,2026-09-17,-0.02332982607731804,-0.003246724427955372,-0.01812367528996328,-0.04162327084500406,,50.4,-0.014310085297251196,0.1860043864941407,0.8297297046513701,False,False,False
1414,17.399999618530273,2026-09-17,-0.016949216467680994,-0.13000001907348635,-0.008546987182399324,-0.06373724245261836,,50.0,-0.0047333971896872384,0.6875078006594688,0.8421884909846077,False,False,False
1416,11.300000190734863,2026-09-17,-0.013100403583316766,-0.038297856107671224,0.031963505713815676,0.019855707685367596,,66.7,0.03577709570652776,0.6086418931883277,0.9377593370847688,False,False,False
1417,8.020000457763672,2026-09-17,-0.015950818018571233,-0.01955988281698129,-0.020818143224782704,-0.07770913441475968,,45.9,-0.01700455323207062,0.7271718918677864,0.8923787368103603,False,False,False
1418,17.600000381469727,2026-09-17,0.0,-0.00845068273409988,-0.0222222010294596,-0.0460704794753789,,48.8,-0.018408611036747513,1.2109164813650302,0.8018223129716561,False,False,False
1419,66.19999694824219,2026-09-17,-0.004511324086583612,0.04416396458950178,0.028213107451831032,0.11040305984618604,,72.5,0.03202669744454312,0.5930819917908609,0.8529787082822031,False,False,False
1423,35.0,2026-09-17,-0.011299477645120626,0.005747148486326958,-0.09443729318962568,-0.04394858039226823,,35.4,-0.0906237031969136,0.15825941711784358,0.8436995276774538,False,False,False
1432,14.899999618530272,2026-09-17,-0.0066666920979818745,-0.0066666920979818745,-0.06875002384185802,-0.0738951196484452,,37.4,-0.06493643384914594,0.6481617139376613,0.866279009163479,False,False,False
1434,17.850000381469727,2026-09-17,-0.008333312140570759,0.020000021798270096,0.08393526600397316,0.09364203932933868,,77.0,0.08774885599668525,0.2634387021038401,0.9153846349471655,False,False,False
1435,22.399999618530277,2026-09-17,-0.0386265943347649,-0.0800821656012537,0.44516126571163084,0.2075471989118962,,93.4,0.4489748557043429,0.18350321020025298,0.6777609723334603,False,False,False
1436,36.70000076293945,2026-09-17,-0.006765899724980429,-0.03421050623843547,-0.096233478313966,-0.23796807963094302,,19.6,-0.09241988832125392,0.340220555207609,0.5370888129797866,False,False,False
1437,32.45000076293945,2026-09-17,0.028526198023539395,0.007763974971321641,0.10803932193499133,0.07375144252752586,,78.4,0.11185291192770341,0.6702346448287126,0.9614204329558963,True,True,False
1438,21.399999618530277,2026-09-17,-0.006960539389361475,0.039120759311394915,0.10299117470451624,-0.21054954652079283,,58.1,0.10680476469722833,0.5420657658658374,0.6179671974760851,False,False,False
1439,28.549999237060547,2026-09-17,-0.025597270291097818,-0.025597270291097818,0.1954373086359924,0.04870482860030578,,84.0,0.1992508986287045,0.3686788617419854,0.9401011421831488,False,False,False
1440,13.449999809265137,2026-09-17,-0.003703717832212128,0.007490593628312725,0.019025459041502435,0.02663014380694051,,64.9,0.02283904903421452,0.7220359839930073,0.881848964742416,False,False,False
1441,10.004647254943848,2026-09-15,-0.021590944489222164,-0.03583428710129832,-0.05695512509917555,-0.139000018302327,,33.7,-0.05314153510646347,2.0038206606055957,0.6149999941376274,False,False,False
1442,30.899999618530277,2026-09-17,0.019801993286384656,0.03344481648020681,0.12773722805576226,0.1423290384494702,,83.1,0.13155081804847435,0.8397840145306495,0.6331967233938738,True,True,False
1443,23.350000381469727,2026-09-17,-0.018907515546895404,-0.033126262927420935,-0.14936248697687404,-0.04106776116360955,,26.5,-0.14554889698416196,1.0668536415774958,0.8065630316445931,False,False,False
1444,7.010000228881836,2026-09-17,0.005738944030740933,-0.018207232497855386,0.0,0.08179015559387759,,66.5,0.0038135899927120853,0.3012921075391141,0.7010000228881836,False,False,False
1445,10.0,2026-09-17,-0.029126231570822836,-0.014778288095343983,-0.06542054408814157,-0.19162670770453816,,27.4,-0.06160695409542949,1.0036459433757206,0.6574428611645269,False,False,False
1446,13.550000190734863,2026-09-17,0.018796992211636,-0.003676484509735123,-0.10304612705602623,-0.1394442930256503,,25.9,-0.09923253706331414,0.39643545620557846,0.7276758140397206,False,False,False
1447,6.630000114440918,2026-09-17,-0.00896860123562837,-0.023564042461120205,0.10132892615400335,0.18181817409111733,,82.6,0.10514251614671544,0.23971274606367476,0.6636636903244727,False,False,False
1449,12.300000190734863,2026-09-17,-0.004048598315016028,0.020746887638410483,-0.1428571523511628,-0.057471263527833494,,26.1,-0.13904356235845072,0.6089061626022675,0.7500000290754372,False,False,False
1451,17.100000381469727,2026-09-17,-0.005813975408954342,-0.008695630059725956,0.020895545162371798,0.0038243593867723913,,62.9,0.024709135155083883,0.7907756824506028,0.963380303181393,False,False,False
1452,10.800000190734863,2026-09-17,-0.0313900842842848,-0.044247786863752636,0.004736927558039561,-0.01769023444723905,,57.7,0.008550517550751646,0.4209243838482549,0.7886644820567776,False,False,False
1453,10.949999809265137,2026-09-17,-0.013513564599060834,0.011524709215124718,-0.031888413822910744,-0.08304873034123039,,43.3,-0.02807482383019866,0.5732591024054091,0.8056071469341249,False,False,False
1454,12.600000381469728,2026-09-17,-0.01945525234073231,0.03271863707376421,-0.019116672857172223,-0.007621943777057383,,53.7,-0.015303082864460138,1.3046856782609875,0.7652071807301153,False,False,False
1455,9.890000343322754,2026-09-17,-0.00802406434938796,-0.010009952961612223,0.029468211210586848,0.06662529931418848,,69.9,0.03328180120329893,0.39151735601397086,0.8990909403020685,False,False,False
1456,13.899999618530272,2026-09-17,-0.02456143027857738,0.029629601372612724,-0.1089744052159628,0.057034222186831185,,42.1,-0.10516081522325071,2.034505798334018,0.8910255947840372,False,False,False
1457,14.449999809265137,2026-09-17,0.0,0.006968601054849977,0.01760563403929627,-0.043823365410513127,,57.6,0.021419224032008355,0.7204229317331402,0.9218229677204575,False,False,False
1459,15.75,2026-09-17,0.012861723910736922,0.125,0.19939265896458758,0.22043466498198416,,87.9,0.20320624895729966,0.8989558522279468,0.99683543100435,True,False,False
1460,6.380000114440918,2026-09-17,-0.019969294910953783,-0.021472372223182323,-0.1076923035882763,-0.07803467570801359,,30.1,-0.10387871359556422,0.3342248125425613,0.7435897635398968,False,False,False
1463,17.450000762939453,2026-09-17,0.023460501101340014,0.0,0.0,-0.008522705413586351,,57.6,0.0038135899927120853,2.018825200352583,0.8813132038044478,False,False,False
1464,9.9399995803833,2026-09-17,-0.006000041961669922,-0.015841662875575535,-0.0019513133062465382,-0.03961360250966539,,54.1,0.0018622766864655471,0.806471904408186,0.8554703145826904,False,False,False
1465,11.550000190734863,2026-09-17,-0.0374999841054281,-0.041493775276820744,-0.04601321759405119,-0.026383907903121617,,46.1,-0.04219962760133911,1.0172468922365863,0.8666253594465184,False,False,False
1466,14.949999809265137,2026-09-17,-0.0033333460489909372,-0.07401588635617751,0.0334363173877803,-0.14944707207769337,,49.7,0.037249907380492386,0.19827584374809618,0.7588892346456255,False,False,False
1467,8.140000343322754,2026-09-17,-0.010935504728973422,-0.020457288533059614,0.13846157129379,0.148095933446716,,83.7,0.14227516128650208,0.2511368414169899,0.7752381279355004,False,False,False
1468,13.100000381469728,2026-09-17,-0.02238800340305136,0.003831432184220551,0.09623435904266442,0.07818936565978052,,77.5,0.1000479490353765,1.09959329554196,0.8762542172977897,False,False,False
1470,24.25,2026-09-17,0.014644367659251367,0.021052631578947434,0.11666601087121498,0.09948643869892737,,80.7,0.12047960086392706,1.9762000229924377,0.9758551158044594,False,False,False
1471,9.350000381469728,2026-09-17,-0.031088005069396463,-0.0063761388857920265,-0.16143491467650906,-0.26377948646514593,,11.4,-0.15762132468379697,0.48733461360139535,0.6382252986302634,False,False,False
1472,87.5,2026-09-17,-0.022346368715083775,0.0011441472811815068,0.057709094400223204,-0.030889141130064468,,66.7,0.06152268439293529,0.28777035744544216,0.9661135796711804,False,False,False
1473,19.799999237060547,2026-09-17,-0.0100000381469727,0.005076064479612397,-0.002518949292104611,-0.13679604370958187,,43.7,0.0012946407006074745,0.8730237519757282,0.6251245849951943,False,False,False
1474,10.050000190734863,2026-09-17,0.010050289787604694,0.0060060481472847815,0.014901487558097282,0.030124994990229803,,64.3,0.018715077550809367,1.2267360046443363,0.8443647635228144,False,False,False
1475,26.049999237060547,2026-09-17,0.0,0.019569472208623262,-0.03339523192580207,-0.050268973478158174,,46.3,-0.029581641933089986,0.7362510013133979,0.7025574100384878,False,False,False
1476,284.0,2026-09-17,-0.020689655172413834,-0.0882825040128411,-0.10410094637223977,-0.2027703439962587,,20.9,-0.10028735637952768,0.6076678399989126,0.6570089536690007,False,False,False
1477,194.0,2026-09-17,-0.017721518987341756,0.007792207792207684,-0.06561796837869083,-0.29548582835322346,,20.0,-0.06180437838597874,0.5566074703021285,0.6098158117946988,False,False,False
1503,197.5,2026-09-17,-0.03658536585365857,0.002538071065989911,-0.17435884939838864,-0.0035366037487167823,,25.4,-0.17054525940567655,0.6121279316798067,0.7547838776163325,False,False,False
1504,70.9000015258789,2026-09-17,0.004249335102574747,-0.012534839660523822,-0.018005477525091962,0.06781132578017801,,61.4,-0.014191887532379877,0.5429317337484018,0.6103056018445366,False,False,False
1506,9.800000190734863,2026-09-17,-0.015075338834740326,-0.02970298805980931,-0.03921564960882995,-0.1441047725778234,,36.5,-0.035402059616117865,0.7454136330480781,0.7205882291067843,False,False,False
1512,6.190000057220459,2026-09-17,-0.009599990844726514,-0.05351680530184599,-0.10678207639949822,-0.1919059816545926,,21.3,-0.10296848640678613,0.6370600920964153,0.6750272634372919,False,False,False
1513,165.0,2026-09-17,-0.0030211480362537513,0.0060975609756097615,-0.055348737985735696,0.07198662871792116,,54.5,-0.05153514799302361,0.3945861932827985,0.9143415309274663,False,False,False
1514,101.0,2026-09-17,-0.009803921568627416,0.015075376884422065,-0.1716989914118876,-0.10472996916731192,,18.3,-0.16788540141917552,0.2915067321616536,0.7036403150508962,False,False,False
1515,29.299999237060547,2026-09-17,-0.015126076065191674,-0.06687899385293128,0.06934305273658925,0.21931551782642056,,81.6,0.07315664272930134,0.26039203637105396,0.6532887454604251,False,False,False
1516,13.350000381469728,2026-09-17,-0.07931031851932913,-0.09183669695999108,-0.3455882043574503,-0.40134525389206044,,1.0,-0.3417746143647382,1.5387244299480805,0.523529426724303,False,False,False
1517,10.5,2026-09-17,-0.0042899451629323515,-0.06922752815637845,0.019417456850636006,-0.05692660831000773,,56.8,0.02323104684334809,0.29068184423816457,0.7511496940664549,False,False,False
1519,705.0,2026-09-17,-0.01810584958217265,-0.01810584958217265,-0.05067641869414752,-0.14437323801874968,,34.3,-0.04686282870143543,0.5989380298104812,0.7304517679561994,False,False,False
1521,25.149999618530277,2026-09-17,0.005999984741211106,-0.00984251983285922,-0.02453812225273555,0.025683622851657262,,56.2,-0.020724532260023465,1.0286762307729433,0.872003724543798,False,False,False
1522,25.850000381469727,2026-09-17,-0.022684323786879457,-0.06509943080990999,-0.1412007460036514,-0.20462750929891627,,15.5,-0.13738715601093932,1.005425222957783,0.50991207725499,False,False,False
1524,25.950000762939453,2026-09-17,-0.00954198445496346,-0.038888860631872135,-0.12626262301916713,-0.05575768697009331,,28.5,-0.12244903302645505,0.48590443027663605,0.7606763145653301,False,False,False
1525,65.0,2026-09-17,-0.007633587786259555,-0.02985074626865669,0.02861951540783836,0.10748593719512956,,72.4,0.032433105400550444,0.1452316470991626,0.9447673999534696,False,False,False
1526,14.75,2026-09-17,-0.05144695697248458,-0.13235294117647056,0.010273946206237783,-0.1643059309466296,,43.6,0.014087536198949868,0.12186896422181621,0.6263269841974338,False,False,False
1527,32.349998474121094,2026-09-17,-0.007668712015384216,-0.010703433659091321,0.022799135915944957,0.041681532214453254,,67.0,0.026612725908657042,0.5838515318512324,0.9112960586712339,False,False,False
1528,24.100000381469727,2026-09-17,0.2487047323396805,0.2991914486616787,-0.056751424614039925,0.04329004257515834,,51.4,-0.05293783462132784,7.240240731528237,0.7602523596669781,False,False,False
1529,14.800000190734863,2026-09-17,-0.06918235560920649,-0.11904756768760538,-0.264966939692896,-0.39655510976691877,,2.4,-0.2611533497001839,2.233397355589302,0.5723928282472412,False,False,False
1530,27.200000762939453,2026-09-17,-0.04056435989616214,-0.0539130169412364,-0.003273813392916214,0.13126528300405016,,69.8,0.0005397765997958714,0.614993228537195,0.8310692075040931,False,False,False
1531,11.75,2026-09-17,0.004273520645296847,-0.024984867236460984,-0.01742659170758143,-0.021220320773454482,,52.6,-0.013613001714869344,0.3504013563516921,0.9251968642887636,False,False,False
1532,22.450000762939453,2026-09-17,-0.013186779651013003,-0.0022221883138020537,-0.0010407782573674806,0.029900386295791836,,60.9,0.0027728117353446047,0.6924859033280018,0.8253811375991461,False,False,False
1533,30.649999618530277,2026-09-17,-0.0016287017318102892,-0.014469477730539637,-0.1965924405602194,-0.01129033488612008,,21.4,-0.19277885056750732,0.6189170776168634,0.7549261273511364,False,False,False
1535,44.900001525878906,2026-09-17,-0.006637151150371778,-0.018579201620133157,-0.05073991014573187,-0.09397004118378871,,38.9,-0.046926320153019785,0.7827093859197147,0.852638926658338,False,False,False
1536,46.650001525878906,2026-09-17,-0.02405852990662849,-0.07071711520134805,-0.0959301762523258,-0.08886717127461474,,31.5,-0.09211658625961372,0.4051672361787844,0.6983532843514044,False,False,False
1537,115.5,2026-09-17,0.0,-0.045454545454545414,-0.036120362454728494,-0.01280068569419368,,49.4,-0.03230677246201641,0.4116181470648873,0.9416362539153424,False,False,False
1538,8.850000381469727,2026-09-16,0.09259258823194205,-0.03384273702034657,-0.24999997979503596,-0.4854651169237928,,1.7,-0.24618638980232388,1.5312762399362125,0.31949458980919493,False,False,False
1539,15.550000190734863,2026-09-17,0.0,-0.009554115946023956,-0.01582278461911668,-0.0906432839858009,,45.7,-0.012009194626404596,0.17251994561957665,0.7215777606150815,False,False,False
1540,19.5,2026-09-17,0.007751918117475443,0.026315789473684292,-0.06875724429599217,-0.07297100286923697,,37.5,-0.06494365430328009,0.4601145104245569,0.7316907271034608,False,False,False
1541,20.850000381469727,2026-09-17,-0.016509451361981786,-0.03472222160900573,-0.05656108499654566,-0.17425741063486233,,30.5,-0.05274749500383358,0.7339716286280847,0.7103918265920528,False,False,False
1558,110.0,2026-09-17,0.037735849056603765,0.10330996356103084,0.2742070186943062,0.23888782005316633,,90.9,0.2780206086870183,1.3741606205043089,1.0,True,True,False
1560,815.0,2026-09-17,0.11186903137789894,0.1527581329561527,0.15072182955063895,0.7568836976480016,,93.3,0.15453541954335104,1.521546819816236,1.0,True,True,False
1563,76.19999694824219,2026-09-17,-0.025575448568415315,-0.035720588842971246,-0.08303133224734438,0.5044194841402119,,80.8,-0.0792177422546323,0.4397373077646328,0.8549764394710211,False,False,False
1568,30.350000381469727,2026-09-17,0.021885508479223992,0.061188810372668545,-0.2990761913110357,0.3915379987863501,,38.2,-0.2952626013183236,0.6343708474811605,0.6094377680006796,True,False,False
1569,52.0,2026-09-17,0.06448314481622086,0.1872146325518922,0.06885916483145627,-0.007633616683796363,,70.2,0.07267275482416835,2.2867094846712606,0.7569141529828046,True,True,False
1570,32.599998474121094,2026-09-17,0.01557632472796211,-0.018072357681633844,-0.2049552388713053,0.049658773759556185,,24.8,-0.2011416488785932,0.3766302907764859,0.610066290028512,False,False,False
1580,96.6999969482422,2026-09-17,-0.01827414265743954,-0.10046514466751444,-0.16252109611104715,-0.20727187803457203,,13.5,-0.15870750611833506,1.2558957079069852,0.7444257032763946,False,False,False
1582,70.5,2026-09-17,0.0014204328402511734,-0.032921830941621155,-0.24920129015578185,-0.21376004329155351,,6.3,-0.24538770016306977,0.38381961347391674,0.6099116343292842,False,False,False
1583,46.29999923706055,2026-09-17,-0.043388475673818205,0.03742476442633613,-0.006395700899676338,0.1586358811243016,,71.3,-0.0025821109069642523,0.5462698073108028,0.8429076165934628,False,False,False
1584,18.200000762939453,2026-09-17,0.019607864089071114,0.02535215565856075,-0.0690536330846463,-0.18033425928296143,,27.7,-0.06524004309193421,0.4083452620734169,0.6985787842513127,False,False,False
1586,17.950000762939453,2026-09-17,-0.008287271567344212,-0.013736263160442963,-0.15330188127546918,-0.2246219845044194,,13.7,-0.1494882912827571,0.3512167033188176,0.5904605588217855,False,False,False
1587,23.75,2026-09-17,0.0063559159366815,-0.004192888044874943,-0.1487455080742719,-0.33098591549295775,,9.5,-0.1449319180815598,0.5042001870300221,0.41813380843328835,False,False,False
1589,5.539999961853027,2026-09-16,0.0,0.0,0.0,-0.3587963261906,,25.0,0.0038135899927120853,,0.23083333174387613,True,True,False
1590,1245.0,2026-09-17,-0.04597701149425293,-0.14432989690721654,-0.08839511601934391,0.30029532868918474,,69.7,-0.08458152602663183,1.0385979058427144,0.780564263322884,False,False,False
1591,39.400001525878906,2026-09-17,0.0794520965994221,0.11299434541198616,0.2648475765130003,-0.10454541986638854,,83.7,0.26866116650571237,2.75365517366087,0.5819793693048596,False,False,False
1593,31.549999237060547,2026-09-17,0.0031796016437282137,-0.00786163540874063,0.03273322504004805,0.014659089089772426,,66.3,0.03654681503276014,0.348514865142134,0.9515120905695456,False,False,False
1594,7.900000095367432,2026-09-17,0.014120684730817068,0.012820500280416924,-0.07058822407441978,0.0,,43.8,-0.0667746340817077,1.115143063378034,0.5031847255632039,False,False,False
1595,64.4000015258789,2026-09-17,0.017377603508316186,0.03870970203030488,-0.23966937607764072,0.5920890064576363,,68.9,-0.23585578608492863,0.3318037566879882,0.6407960350833722,False,False,False
1597,138.0,2026-09-17,-0.06756756756756754,0.02755023726109851,-0.11924263948060454,0.7537204640356112,,86.4,-0.11542904948789245,0.6228332068542314,0.6276890557334192,False,False,False
1598,20.299999237060547,2026-09-17,-0.026378951287597485,0.033078861636073986,0.04979651711314825,0.039324741632290605,,70.8,0.05361010710586034,0.3319125082454315,0.8557889655885551,False,False,False
1599,23.100000381469727,2026-09-17,0.01519431862494125,0.01519431862494125,0.013015828857199097,-0.08514462975978021,,52.5,0.016829418849911182,0.6838163604391623,0.7613957389687059,False,False,False
1603,30.25,2026-09-17,0.004983375967749781,-0.0065681693900931926,0.023036477718202608,-0.045065076444350205,,58.8,0.026850067710914693,0.4602450005344079,0.751497098486194,False,False,False
1604,23.5,2026-09-17,0.0,0.01731600051622273,0.015118807224064446,-0.008810019469394081,,60.4,0.01893239721677653,0.5723533838688928,0.9757026383112842,False,False,False
1605,37.150001525878906,2026-09-17,-0.017195706992087945,0.009510931958549573,-0.08834352083732744,0.17054493475320642,,57.9,-0.08452993084461535,0.47598880166129987,0.8508249865500345,False,False,False
1608,36.09999847412109,2026-09-17,-0.009602257379764723,0.02266286839521059,0.0943981959321738,0.15858100791818774,,81.2,0.09821178592488589,0.31735495888432425,0.9450261191917114,False,False,False
1609,37.650001525878906,2026-09-17,-0.0026489662018832627,0.02309788876197416,-0.00790511807719163,0.1179145356882465,,67.9,-0.004091528084479545,0.33991856168758056,0.8106653047324968,False,False,False
1611,11.5,2026-09-17,-0.012875504158101903,-0.037656888405658395,-0.14179102034472046,-0.10686128054414501,,22.8,-0.13797743035200838,0.6526168626281011,0.7666666666666667,False,False,False
1612,34.95000076293945,2026-09-17,0.004310388769180218,0.014513787777267195,-0.020253901742788738,0.05120020358691124,,59.4,-0.016440311750076653,0.3052223881042999,0.9219013443637627,False,False,False
1614,30.950000762939453,2026-09-17,-0.004823138800334137,0.013093339962956918,0.003236665332662536,-0.012293321002050273,,58.0,0.007050255325374621,0.9806758019998494,0.853019343226086,False,False,False
1615,43.09999847412109,2026-09-17,-0.019340211013946673,-0.020454580133611677,0.019438931729911513,-0.006954409261061167,,61.4,0.023252521722623598,0.36664982777621113,0.9187159158113067,False,False,False
1616,18.450000762939453,2026-09-17,-0.023809463739334014,-0.0314959841548883,-0.11933278021807847,-0.19196518967251297,,19.5,-0.11551919022536639,0.507169235721024,0.5225292081904043,False,False,False
1617,18.450000762939453,2026-09-17,0.022160750292865128,0.06340059696163225,0.1939540204134973,0.2570011396433449,,88.5,0.19776761040620938,0.20776607428675406,0.7132421394976941,False,False,False
1618,38.95000076293945,2026-09-17,-0.0038362587477058785,0.011688331504920768,-0.04119536788044409,-0.014432677428023344,,48.2,-0.037381777887732004,0.32574840132696287,0.8104865701291135,False,False,False
1623,204.0,2026-09-17,-0.06636155606407323,0.0049261083743843415,-0.06636155606407323,0.05721397716527199,,50.7,-0.06254796607136115,0.23814802325592851,0.6250000116871854,False,False,False
1626,9.6899995803833,2026-09-17,0.002068201027049188,0.01892737614819473,-0.0051334899291402,-0.05000002337437093,,52.3,-0.001319899936428115,0.4881432952471702,0.7570312059368014,False,False,False
1708,51.09999847412109,2026-09-17,0.03441289262615932,0.026104402750534605,-0.009689922767163739,0.14787344629011523,,70.1,-0.005876332774451654,0.39447425062209457,0.8282009374757523,False,False,False
1709,42.95000076293945,2026-09-17,0.21671392892970287,0.35931268241593384,1.057936159131239,1.3597666491556075,,98.3,1.0617497491239511,1.8610268388133882,1.0,True,True,False
1710,16.649999618530273,2026-09-17,0.04388713590193993,0.11744966743647622,0.17667844999275495,0.12121206672200757,,84.9,0.18049203998546703,0.5296958107269665,0.8832890865560863,True,False,False
1711,39.59999847412109,2026-09-17,0.014084487779927102,0.04347819968406852,-0.20080728387776503,-0.08439309886425228,,15.7,-0.19699369388505295,0.512296061060821,0.6387096528084046,False,False,False
1712,39.75,2026-09-17,-0.0257352758993874,0.008883209659045432,0.017925756123321923,-0.09142857142857141,,52.6,0.02173934611603401,0.5280647622995851,0.8853006380654439,False,False,False
1713,41.79999923706055,2026-09-17,-0.0245040670816985,-0.05322768307133319,-0.10668513469280938,-0.06760260791037098,,31.4,-0.1028715447000973,1.5188153101225221,0.8492423786216606,False,False,False
1714,16.049999237060547,2026-09-17,-0.02727277351148205,-0.03138204389503385,-0.11583927330642863,0.6404802273599679,,83.3,-0.11202568331371654,0.5280441815900128,0.7131582212483101,False,False,False
1717,71.30000305175781,2026-09-17,-0.0055787156695852325,0.024425353662454796,-0.04347057997483761,0.151745994186695,,64.9,-0.03965698998212552,0.3645684981144622,0.834894634400582,False,False,False
1718,10.899999618530272,2026-09-17,0.02830181379851493,0.04306218349077451,0.11451941882812511,0.4229764798510771,,88.7,0.1183330088208372,0.27520247201046044,0.717105247059687,False,False,False
1721,22.149999618530277,2026-09-17,-0.05139189478950734,0.15064933083274168,-0.15296367335950323,0.12151896802684936,,39.7,-0.14915008336679114,0.44214973209800607,0.6374100609649,False,False,False
1722,42.150001525878906,2026-09-17,-0.036571393694196375,-0.037000212743575456,-0.08214086526903763,-0.06658390186965035,,35.7,-0.07832727527632555,1.3457248345053732,0.8689791060345506,False,False,False
1723,81.0,2026-09-17,-0.015795905267953048,-0.06141370642338417,-0.07423768584534374,0.08166743859501846,,51.7,-0.07042409585263165,0.7257381469815206,0.9030100641668676,False,False,False
1725,33.599998474121094,2026-09-17,0.015105740877629392,0.10708395557832229,-0.15753452893155317,-0.022074616228672794,,26.7,-0.1537209389388411,0.6453425311123935,0.8424654710684468,True,False,False
1726,76.9000015258789,2026-09-17,-0.0051746637786168614,0.0013020634133791287,0.03225802156904822,0.06780597051292503,,70.3,0.03607161156176031,0.5737262354767524,0.9808673473111493,False,False,False
1727,105.0,2026-09-17,0.16150440517350595,0.13268612143132374,0.03116946657770492,0.9228387892700125,,93.0,0.034983056570417004,1.3086530433394177,1.0,True,True,False
1730,51.29999923706055,2026-09-17,-0.0038835099599894285,-0.0019455697636119318,0.019880716007311783,0.029538709866095525,,65.1,0.023694306000023868,0.3240114482206279,0.988439262597725,False,False,False
1732,25.950000762939453,2026-09-17,0.0019305461446186278,0.019283053511245152,0.009594029675752624,0.019283053511245152,,62.1,0.01340761966846471,0.18817356437374358,0.794979662837246,False,False,False
1735,19.899999618530277,2026-09-17,-0.007481278016859494,-0.005000019073486128,-0.14224142396067163,-0.35410445148628944,,9.2,-0.13842783396795955,0.25679257397402455,0.6458955485137106,False,False,False
1736,129.0,2026-09-17,0.03200000000000003,0.0,0.15194398818861932,0.06051985411389138,,81.8,0.1557575781813314,0.6530180139305637,0.7301940189370443,False,False,False
1742,17.549999237060547,2026-09-17,-0.0028409740525814353,-0.025000042385525223,0.1396103682978833,0.038461516757525294,,79.9,0.1434239582905954,0.4410224743140706,0.9486486074086782,False,False,False
1773,163.0,2026-09-17,0.009287925696594534,0.061889250814332275,-0.08683473389355745,0.11918067314271608,,52.8,-0.08302114390084536,0.6240251288251444,0.8551688339884038,False,False,False
1776,18.549999237060547,2026-09-17,0.05698005945711304,0.09117642570944384,-0.033854244794279564,0.17401931996140507,,68.1,-0.03004065480156748,0.6921218770629749,0.9070903933988018,True,False,False
1785,96.0,2026-09-17,-0.023397792272160767,-0.04950495049504955,-0.3492431556533545,-0.03829041799463462,,5.8,-0.3454295656606424,0.4361566530148632,0.5276406728050594,False,False,False
1802,58.5,2026-09-17,-0.018456350709450398,0.024518416169720725,-0.23629241298530945,-0.04255316757859362,,14.2,-0.23247882299259737,0.40042914446604705,0.7637075870146905,False,False,False
1805,10.149999618530272,2026-09-17,0.004950419323971111,0.0,-0.019323744499326834,-0.04694835848914347,,49.4,-0.015510154506614748,0.33018941442062494,0.7868216991223977,False,False,False
1806,7.96999979019165,2026-09-17,-0.007471973197356596,-0.003750026226043701,-0.011539421858553944,-0.05636500097444341,,50.3,-0.007725831865841859,0.330570383020727,0.8542380052097664,False,False,False
1808,34.150001525878906,2026-09-17,-0.007267441538103658,0.025525594843628818,0.11601310784815988,0.1252059669405896,,81.5,0.11982669784087197,1.1147055849152907,0.79432462135187,False,False,False
1809,37.29999923706055,2026-09-17,-0.01971090709693113,-0.007978703437103052,-0.3356709478355432,0.15491047468402264,,14.0,-0.3318573578428311,0.2943602658365832,0.6297750379956168,False,False,False
1810,23.700000762939453,2026-09-17,0.0,-0.09195400702883538,0.11007027351200227,0.3369397146420394,,87.1,0.11388386350471436,0.12208423730023756,0.6939970630742013,False,False,False
1815,112.0,2026-09-17,-0.11111111111111116,0.20468699980165406,0.1085382597324025,0.05882810310834663,,77.7,0.11235184972511458,1.1019301584031793,0.8745135688409553,False,False,False
1817,40.25,2026-09-17,-0.006172839506172867,0.006250000000000089,0.05273998550689796,0.09892471707205752,,74.4,0.05655357549961004,0.26063995206522295,0.9938271604938271,False,False,False
2002,18.700000762939453,2026-09-17,-0.020942387986459976,-0.01319261160606,-0.03343479249311321,0.0025543996107657563,,51.9,-0.029621202500401123,0.6958760564486134,0.8869657589221416,False,False,False
2006,82.5,2026-09-17,0.01600989040167633,0.014760109510429276,0.1853448535731712,0.16690245489538458,,86.8,0.1891584435658833,0.6481994791749149,0.9322033898305084,False,False,False
2007,6.809999942779541,2026-09-17,-0.00873361627060032,-0.018732004808222458,-0.08590602454642549,-0.1324840731831456,,29.0,-0.0820924345537134,0.7475786596941786,0.7541528398848367,False,False,False
2008,30.899999618530277,2026-09-17,0.0032467657125589966,0.013114741591156553,0.03802135900234105,0.15211020263145247,,75.5,0.041834948995053134,0.5075699549739794,0.9840764329275682,False,False,False
2009,39.20000076293945,2026-09-17,-0.026086937566721646,0.007712062346860504,0.0007919817785757566,-0.04617660135535895,,53.9,0.004605571771287842,0.6180355144819467,0.7218827006162671,False,False,False
2010,21.899999618530277,2026-09-17,-0.022321428951560196,-0.0331125833391368,-0.03359866800167244,-0.03359866800167244,,47.7,-0.029785078008960353,0.5299146813775631,0.9270710824308677,False,False,False
2012,14.100000381469728,2026-09-17,-0.01742160232433354,-0.031061443873520167,-0.0595596095100428,-0.11180635750556411,,35.6,-0.055746019517330714,0.5088999389792659,0.8222136209566869,False,False,False
2013,41.34999847412109,2026-09-17,-0.011947431737881375,0.0060827252866546555,0.01829045182256772,-0.00032969883786482246,,61.6,0.022104041815279807,0.4195267917517173,0.9686727142727308,False,False,False
2014,16.549999237060547,2026-09-17,-0.020710082211242375,-0.020710082211242375,-0.07022472211107933,-0.07282919420879819,,37.3,-0.06641113211836724,0.7226015419770561,0.8295738648694695,False,False,False
2015,64.19999694824219,2026-09-17,-0.007727975634990836,0.00784923358421108,0.05245896636462599,-0.00340554719877606,,67.8,0.05627255635733808,0.5413446244664029,0.9570133273890725,False,False,False
2017,8.739999771118164,2026-09-17,-0.01242944696159376,-0.03211516837527162,-0.06623930644236575,-0.11806257258414377,,33.9,-0.06242571644965367,0.6275255689829207,0.8055299045007273,False,False,False
2020,21.5,2026-09-17,-0.009216624696208542,-0.004629647208502563,-0.011494252873563204,-0.031071624953400323,,52.9,-0.007680662880851119,0.8729707761875051,0.9063557192628668,False,False,False
2022,7.179999828338623,2026-09-17,-0.034946267054058455,-0.0589777561406063,-0.08535032922720853,-0.20662986994306298,,23.4,-0.08153673923449645,0.5872747517709029,0.7311609013718148,False,False,False
2023,13.699999809265137,2026-09-17,-0.02836883414061986,-0.010830365925858065,-0.003636377507990063,-0.05190311487195387,,52.4,0.00017721248472202245,0.6268269849973389,0.8456789607446477,False,False,False
2024,12.899999618530272,2026-09-17,-0.019011407395610358,-0.02272728750528419,-0.09154931043637393,-0.11340209969586645,,29.7,-0.08773572044366185,0.7601834367413003,0.6683937890401173,False,False,False
2025,12.350000381469728,2026-09-17,-0.004032196661185816,-0.015936239539883545,-0.12411347181946575,0.1706161287386181,,50.6,-0.12029988182675366,0.6557428698749497,0.80718955735363,False,False,False
2027,47.09999847412109,2026-09-17,-0.022821623888108933,-0.058000030517578294,0.19122159001830652,0.3055788596370088,,89.5,0.1950351800110186,0.7613433349739087,0.9235293818455115,False,False,False
2028,15.600000381469728,2026-09-17,-0.02499997615814198,0.003215446310068648,-0.05694168147457079,-0.11007171747198297,,36.3,-0.05312809148185871,0.6552279477254892,0.772431621813135,False,False,False
2029,20.850000381469727,2026-09-17,-0.03248254665304118,-0.04357793068064875,0.03195876094014172,0.052193242553465025,,69.2,0.0357723509328538,0.9663652065840123,0.9287304976794917,False,False,False
2030,23.5,2026-09-17,-0.00634247868709259,0.09302325581395343,0.1989795685013056,0.5782603070498491,,92.9,0.2027931584940177,0.9144405441588473,0.9873949896354031,False,False,False
2031,44.29999923706055,2026-09-17,-0.0033746124477903594,-0.031694005747310405,0.1373555422163577,0.19144515592488287,,84.8,0.1411691322090698,0.3168589525932358,0.9516648756847095,False,False,False
2032,16.850000381469727,2026-09-17,0.0,0.0029762587309454247,-0.06128135569447146,0.12731219030587781,,59.1,-0.05746776570175938,0.6129721401933393,0.9034852936258451,False,False,False
2033,30.850000381469727,2026-09-17,0.11775362156088987,0.3711111280653212,0.8254438507586563,0.9712460788140851,,97.7,0.8292574407513684,1.9962022172536962,1.0,True,True,False
2034,21.049999237060547,2026-09-17,0.02933977759103268,0.06582274618028094,0.05817331750265886,0.10303354007891552,,75.1,0.061986907495370946,0.6786934069374666,0.9807459855330072,False,False,False
2035,27.799999237060547,2026-09-17,0.0018017743084881577,0.023941054425895336,-0.0017953732037450099,-0.01766784499927543,,56.5,0.0020182167889670755,1.8770909067697348,0.9114753848216572,True,False,False
2038,12.100000381469728,2026-09-17,-0.012244866818797662,-0.031999969482421786,-0.12949635154384753,-0.1824324171938455,,18.7,-0.12568276155113545,0.49532890266878654,0.7289156688801487,False,False,False
2049,336.0,2026-09-17,-0.07438016528925617,-0.08446866485013627,-0.016122122571882946,0.47260150573850623,,84.1,-0.012308532579170861,1.2293552948228885,0.8253041187443289,False,False,False
2059,12295.0,2026-09-17,-0.02420634920634923,-0.12462810836743132,0.6342208606253406,2.4512914573814815,,98.5,0.6380344506180526,0.6228551415543211,0.8503354312193098,False,False,False
2061,52.400001525878906,2026-09-17,0.08601039431873381,0.07267150793542965,-0.09655169782967399,2.073314010007708,,96.6,-0.0927381078369619,0.6595466084138292,0.6313253195889025,False,False,False
2062,18.049999237060547,2026-09-17,-0.01366120275533722,0.011864177889853167,-0.001414928044857322,-0.06749778684150154,,51.3,0.0023986619478547633,0.637356858698689,0.8043570981124795,False,False,False
2063,23.799999237060547,2026-09-17,-0.006263111528205911,-0.028571459711814406,-0.024590179952874602,-0.11359408197677756,,41.8,-0.020776589960162517,0.7198812397452082,0.8081493589301024,False,False,False
2064,11.949999809265137,2026-09-17,-0.02448981148856022,-0.04016064318554491,-0.12773722805576226,0.008438770006436558,,34.2,-0.12392363806305018,1.5055087215941423,0.775974032810113,False,False,False
2065,35.25,2026-09-17,-0.016736359823117164,-0.0028288112712169244,0.04599404160148013,0.17827811380908765,,77.4,0.049807631594192214,1.029229899808093,0.94,False,False,False
2066,52.29999923706055,2026-09-17,-0.007590161671500395,-0.04713442490420705,-0.21512515514153951,0.09282368434771016,,26.6,-0.21131156514882743,0.32418071757246786,0.744018307342506,False,False,False
2067,5.210000038146973,2026-09-17,0.09915617926663645,-0.09391303684400476,-0.21536142426091498,-0.3677184244096189,,4.3,-0.2115478342682029,0.8801152366719528,0.4415254198248036,False,False,False
2069,24.200000762939453,2026-09-17,0.05217394621475879,0.21914359183239696,0.27034129827469555,0.3764166348086109,,92.4,0.27415488826740764,2.8002954700951865,0.981744468050517,False,False,False
2070,61.70000076293945,2026-09-17,-0.003231030016305203,-0.03938665080995607,-0.08195441615622778,0.6112286532651012,,84.4,-0.0781408261635157,0.20994791997712647,0.754268016633709,False,False,False
2071,32.20000076293945,2026-09-17,-0.052941154031192594,-0.044510384748999154,0.23371648629555408,0.3388774130736738,,91.1,0.23753007628826617,0.1463785954984777,0.890733040215455,False,False,False
2072,129.0,2026-09-17,-0.011494252873563204,-0.10104529616724733,-0.23422379795157,-0.4109787264105492,,3.0,-0.23041020795885792,0.5176774705556496,0.4481478355899018,False,False,False
2073,26.0,2026-09-16,0.005802693087687549,-0.018867924528301883,0.030591075858948935,-0.0194003024924152,,62.4,0.03440466585166102,0.6785669704156784,0.9122807017543859,False,False,False
2101,30.350000381469727,2026-09-17,-0.0016447117660512989,-0.04291713529448171,-0.035451568877585826,-0.061279355408096814,,44.7,-0.03163797888487374,0.5861049173402554,0.7225890638077,False,False,False
2102,18.100000381469727,2026-09-17,0.011173227217972093,-0.024258699412330942,0.002770146621752456,-0.044854899590931585,,54.4,0.0065837366144645415,0.5015565233876949,0.8598575314721597,False,False,False
2103,28.200000762939453,2026-09-17,0.0909091043245902,0.03486241331887907,0.3347970285284241,0.30135100046561947,,92.9,0.33861061852113616,0.5311024313843555,0.9791667190966796,False,False,False
2104,10.75,2026-09-17,0.014150906899257354,0.04368930106136548,0.033653884068044926,-0.15354329437410996,,49.3,0.03746747406075701,0.6024918329168869,0.7846715437711109,False,False,False
2105,30.100000381469727,2026-09-17,-0.016339869077347524,-0.03059577709930905,0.001663931636560978,0.0756422454480683,,66.2,0.005477521629273063,0.5290024661287345,0.8255902779884919,False,False,False
2106,16.649999618530273,2026-09-17,-0.011869481211371213,-0.04310344922084264,-0.03478263080983923,-0.04004362220932167,,47.1,-0.030969040817127147,0.47361402534422387,0.8131395126469656,False,False,False
2107,26.850000381469727,2026-09-17,-0.007393673243317744,0.03468206520500794,0.04271846141630009,0.12950593548678024,,74.8,0.046532051409012176,0.6759491770365482,0.9926063267566823,False,False,False
2108,29.0,2026-09-17,0.0,-0.003436439180715789,0.008695652173912993,0.09387549662661177,,68.7,0.012509242166625079,0.7576366536794319,0.9020217301282759,False,False,False
2109,14.800000190734863,2026-09-17,0.003389843439651763,0.017182130358953218,0.017182130358953218,0.013584077790129045,,63.3,0.020995720351665303,0.7548904047804535,0.9304023987339416,False,False,False
2114,89.0999984741211,2026-09-17,0.0,0.012499982660467035,-0.002239692842124552,0.061325804474565926,,64.1,0.0015738971505875332,0.40420462154016273,0.9845303698797911,False,False,False
2115,23.950000762939453,2026-09-17,-0.004157940843798391,0.03904562063637096,0.16829272014338792,0.19668530117367955,,86.7,0.1721063101361,0.7077805099003494,0.9506999817154125,False,False,False
2201,30.600000381469727,2026-09-17,0.013245020146527287,0.08334794164598103,0.13044999951380665,0.1325016384101505,,82.9,0.13426358950651873,0.7282536429717081,0.7197328818407475,False,False,False
2204,52.59999847412109,2026-09-17,-0.009416196127457144,-0.0075471986014888914,0.02084493052862002,0.00984832472578967,,63.8,0.024658520521332106,0.39643869936208764,0.8788836535031885,False,False,False
2206,64.0,2026-09-17,0.0,0.019108292635635626,0.10919158712449906,0.15097611492901142,,82.0,0.11300517711721114,0.688501808847669,0.9876542744740486,False,False,False
2207,532.0,2026-09-17,0.007575757575757569,0.05138339920948609,0.10602910602910609,0.14245606437545555,,81.4,0.10984269602181818,0.7566167961038741,0.8931762299596618,False,False,False
2208,19.0,2026-09-17,0.01604273929523581,-0.0026246319718100652,0.05555555555555558,-0.11627906976744184,,58.0,0.059369145548267666,0.2823223898582836,0.7238095238095238,False,False,False
2211,80.5,2026-09-17,-0.0359281437125748,-0.020681228848616673,-0.08790756339495642,-0.13533634767501657,,28.4,-0.08409397340224434,1.1504163069446574,0.71459804767348,False,False,False
2221,116.0,2026-09-17,0.20207253886010368,1.2053232578908033,1.2651281215090044,2.9667912847929236,,98.8,1.2689417115017165,4.080633791016084,1.0,True,True,False
2227,45.34999847412109,2026-09-17,-0.036131791509156796,-0.045341084808176,-0.06278664058476335,-0.07313738562282102,,38.5,-0.05897305059205127,1.374180732101781,0.8041420904029513,False,False,False
2228,76.9000015258789,2026-09-17,0.017195807910006966,0.002607621715704722,-0.08377317101638138,-0.0899292245014488,,33.3,-0.07995958102366929,0.5487756246263752,0.6858170687629891,True,False,False
2230,21.950000762939453,2026-09-17,-0.011261260874249501,-0.09670775917297358,-0.1546645560438309,-0.3405887286103303,,8.7,-0.1508509660511188,0.4495669937220988,0.213136720682214,False,False,False
2231,90.5,2026-09-17,0.007795065973870141,-0.05729166666666663,-0.03556940760690963,0.1255669696735926,,63.9,-0.031755817614197546,0.10302703642750823,0.6382162423501047,False,False,False
2233,157.0,2026-09-17,-0.04268292682926833,-0.1671087533156499,-0.4914104553077052,-0.30686820208350085,,0.5,-0.48759686531499313,0.4119280460247506,0.42060291877516875,False,False,False
2235,28.299999237060547,2026-09-17,0.0,0.02536227702593763,-0.03637997076280708,-0.14406247660029192,,36.8,-0.032566380770094994,0.5636893467746401,0.8073573402161776,False,False,False
2236,117.0,2026-09-17,-0.07874015748031493,-0.0714285714285714,-0.14598540145985406,0.08333333333333326,,37.9,-0.14217181146714197,1.0529404920764778,0.6341463414634146,False,False,False
2237,27.25,2026-09-17,-0.014466532515328034,0.013011166781899286,-0.32129516900675925,-0.1152597183440498,,5.4,-0.31748157901404717,0.47017110026259556,0.6503579715425415,False,False,False
2239,19.200000762939453,2026-09-17,-0.0375939835247151,-0.010309219563065963,-0.1541850168443245,-0.1777301734788691,,15.6,-0.15037142685161242,0.8500260278647558,0.497409365853003,False,False,False
2241,33.70000076293945,2026-09-17,-0.03160915224818861,-0.024601982428101743,-0.3468991907075154,0.06984129406157003,,9.6,-0.3430856007148033,0.27158004861902857,0.6531008092924846,False,False,False
2243,49.04999923706055,2026-09-17,0.01134019045485668,0.22624998092651372,0.053705693683656186,1.4898475805816038,,95.6,0.05751928367636827,0.5838274726428749,0.7431818066221295,False,False,False
2245,23.75,2026-09-17,0.0,-0.051896178708750074,-0.013776730819524685,-0.13174605100450854,,42.4,-0.0099631408268126,0.28367518775305034,0.8375311320483132,False,False,False
2247,231.0,2026-09-17,0.004347826086956497,0.04054054054054057,0.020571861563498217,0.009806292799224625,,63.6,0.024385451556210302,0.48712211768770597,0.8138898969225137,False,False,False
2248,60.79999923706055,2026-09-17,0.008291874068427907,-0.0333863630822705,0.15014424109742297,0.29001106254139963,,87.5,0.15395783109013506,0.24020321469654904,0.9088191009015344,False,False,False
2249,88.19999694824219,2026-09-17,-0.018909950487012495,-0.0239436507937848,-0.11513274520525818,-0.20956525490752187,,18.8,-0.1113191552125461,0.42187008974939416,0.7193524990585393,False,False,False
2250,56.09999847412109,2026-09-17,0.003577762840482057,-0.019332573273763698,-0.03852998943880537,-0.09046127387068836,,41.3,-0.03471639944609328,0.37591994255968414,0.6290086675465036,False,False,False
2252,26.649999618530277,2026-09-17,0.04101559458649784,0.43665772046431983,0.6604361922331812,0.42895443236638764,,96.1,0.6642497822258933,3.2788412071978073,0.8149846787995814,False,False,False
2254,75.19999694824219,2026-09-17,0.14634144355823797,0.28109022096844827,0.27457621946173205,0.08670520613588573,,88.2,0.27838980945444414,4.751468289245596,0.8734029997787387,True,True,False
2255,17.25,2026-09-17,0.19791669840062198,0.18556699476776917,-0.04958675688408398,-0.03631282862472174,,44.3,-0.0457731668913719,2.5161613298189955,0.575,False,False,False
2256,74.5,2026-09-17,-0.10348975489812184,-0.10456727484803108,0.0540490186575211,0.3116197359275783,,83.4,0.05786260865023318,0.9189761508533475,0.7586558280573711,False,False,False
2258,30.899999618530277,2026-09-17,-0.006430892620136963,-0.004830905707438271,-0.09649125937988856,0.006514620541386407,,39.4,-0.09267766938717648,0.6908789942970843,0.710344818816788,False,False,False
2301,278.0,2026-09-17,-0.044673539518900296,0.01645338208409508,0.2119420173241311,0.7480659887664813,,93.9,0.21575560731684318,0.5520963563654714,0.8755905511811024,False,False,False
2302,44.20000076293945,2026-09-17,0.04615386421158463,-0.0111856821357047,-0.06556801947128965,1.3251009338418411,,94.1,-0.061754429478577566,0.8082564575320069,0.7978339268148285,False,False,False
2303,147.5,2026-09-17,0.03508771929824572,0.277056277056277,-0.06234774097193385,1.5557812012110306,,94.9,-0.058534150979221766,0.8761949663468735,0.8404725745411035,True,False,False
2305,54.29999923706055,2026-09-17,0.4103895905730013,1.0261194321965297,0.4675675469475824,2.6689188200857985,,98.4,0.4713811369402945,4.6024664697225806,1.0,True,True,False
2308,1685.0,2026-09-17,0.005970149253731405,-0.04532577903682722,-0.21627906976744182,0.16413116648750936,,32.5,-0.21246547977472974,1.0270893044916891,0.6721471973691271,False,False,False
2312,31.0,2026-09-17,-0.004815397122542753,-0.03875968992248058,-0.12057061168039773,0.31914401110186397,,66.2,-0.11675702168768565,0.5078930141981891,0.7264410239283663,False,False,False
2313,218.5,2026-09-17,-0.03104212860310418,0.053012048192771166,-0.1579961464354528,-0.012624063975953725,,27.1,-0.1541825564427407,0.5117144702291005,0.739291549712288,False,False,False
2314,10.550000190734863,2026-09-17,-0.023148147739337155,-0.045248867997236486,-0.2648083686214975,-0.47249999046325686,,1.4,-0.2609947786287854,1.2580301653680117,0.413725497675877,False,False,False
2316,155.5,2026-09-17,-0.03416149068322982,0.0,-0.30526681192812843,0.4537935754946465,,42.6,-0.30145322193541635,0.5776293898674941,0.6695509933660836,False,False,False
2317,250.5,2026-09-17,-0.0019920318725099584,0.022448979591836782,-0.03925582327347732,0.25834058120259273,,73.5,-0.035442233280765234,0.4900913402194646,0.8348214081399212,False,False,False
2321,27.61125946044922,2026-09-16,-1.3815728849841946e-07,0.006666511362526162,0.07473295288726267,0.023728649589921602,,73.2,0.07854654287997476,0.0,0.7823833003959084,False,False,False
2323,10.75,2026-09-17,0.018957327549697922,-0.009216624696208764,-0.09663862650377997,-0.10041839568355027,,30.0,-0.09282503651106788,0.5920432168743871,0.8206106631268606,False,False,False
2324,37.400001525878906,2026-09-17,-0.03234152524322764,-0.04834599867854228,-0.002666625976562531,0.18875130858375155,,73.6,0.0011469640161495542,0.4803138675924444,0.7948990888913663,False,False,False
2327,529.0,2026-09-17,-0.07517482517482521,-0.08159722222222221,-0.5032863849765259,0.9374389390503166,,51.4,-0.4994727949838138,0.5438397373615803,0.46403508771929824,False,False,False
2328,46.34999847412109,2026-09-17,0.005422993671905241,0.007608662480893091,-0.11569697272726032,0.0210115181679833,,37.6,-0.11188338273454823,0.47257205250963835,0.765344961851405,False,False,False
2329,42.900001525878906,2026-09-17,0.016587695504361344,0.0046838585331605564,-0.2666666405832666,-0.27479560945468207,,4.2,-0.2628530505905545,0.5301873963072792,0.6256054828202925,False,False,False
2330,2425.0,2026-09-17,-0.007290510143820317,0.03495246447743017,-0.031020551109012584,0.3181766726735398,,76.7,-0.0272069611163005,0.6790678723918065,0.9689794488909874,False,False,False
2331,19.0,2026-09-17,0.01333333333333342,-0.02564102564102566,-0.16299562284509528,-0.1897654847829372,,14.1,-0.1591820328523832,0.45618747753815764,0.63439063492482,False,False,False
2332,19.399999618530277,2026-09-17,0.029177677768177812,-0.0628019853379258,0.0237466404999247,0.2516128786148566,,79.1,0.027560230492636784,0.2544371326100337,0.7475914854783521,False,False,False
2337,116.5,2026-09-17,-0.048979591836734726,-0.021008403361344574,-0.37196765498652296,-0.2579617834394905,,1.5,-0.36815406499381087,0.3504519730327691,0.628032345013477,False,False,False
2338,48.79999923706055,2026-09-17,0.06900323342587211,0.2910052968788206,-0.09629631042480469,-0.0878504815502702,,31.5,-0.0924827204320926,7.814167830095999,0.8428324343868794,False,False,False
2340,32.95000076293945,2026-09-17,0.0410742862583815,0.10200672853918569,-0.23014015536691823,0.15411564425428415,,28.8,-0.22632656537420615,0.6371860889771965,0.7566016381212559,False,False,False
2342,39.59999847412109,2026-09-17,0.010204023045831123,0.02061853744307318,-0.3242320903539063,0.19999995376124513,,18.2,-0.32041850036119424,1.041612964984976,0.6689188845232513,False,False,False
2344,170.0,2026-09-17,-0.05292479108635095,0.011904761904761862,-0.23423423423423428,0.4007381047140095,,51.5,-0.2304206442415222,0.6655818157531619,0.7657657657657657,False,False,False
2345,1800.0,2026-09-17,-0.08396946564885499,-0.15294117647058825,-0.30086779898242355,0.1410365111409615,,17.3,-0.29705420898971147,1.0412646728529735,0.6597265688930082,False,False,False
2347,89.5,2026-09-17,0.007882848245333918,0.037079916976631155,0.004909870350502832,0.1984575978344909,,74.6,0.008723460343214917,0.45894686241585037,0.9217301895617781,False,False,False
2348,73.9000015258789,2026-09-17,0.036465615187052824,0.055714307512555905,0.15953009098081306,0.007070752124121116,,80.4,0.16334368097352514,0.7423735109282378,0.7989106327580857,True,True,False
2349,10.399999618530272,2026-09-17,-0.009523845854259805,-0.05454548922452074,-0.2571428843906949,-0.2777777851363761,,4.5,-0.2533292943979828,0.6384476487771207,0.638036816276916,False,False,False
2351,238.0,2026-09-17,0.010615711252653925,0.28648648648648645,0.1168996218991718,1.543258730587202,,96.3,0.12071321189188389,1.612944975140093,0.9260700389105059,False,False,False
2352,29.0,2026-09-17,0.0,0.008695652173912993,-0.046537535820643794,0.23400799911501502,,71.1,-0.04272394582793171,0.39413047972549614,0.8155504119067174,False,False,False
2353,32.400001525878906,2026-09-17,0.028571477012028668,0.0485437516461682,-0.04705877865062036,0.18237087504077976,,67.1,-0.04324518865790827,0.5675723943815205,0.7723551492974345,False,False,False
2354,66.30000305175781,2026-09-17,0.020000046950120254,0.09046059019265162,0.17515312020104812,0.2811819562169746,,88.2,0.1789667101937602,1.1895227297697057,0.9311322654083666,True,True,False
2355,41.09999847412109,2026-09-17,-0.017921147606822063,-0.014388543833112166,-0.28297190051294174,-0.10542932196868504,,7.9,-0.27915831052022966,0.36887472198079296,0.6282022278253572,False,False,False
2356,61.5,2026-09-17,-0.017571861037278258,-0.05674842210773967,-0.0635174579865736,0.4613007451231981,,80.7,-0.059703867993861515,0.2942929212135274,0.7434838056786585,False,False,False
2357,948.0,2026-09-17,-0.04145601617795758,0.024864864864864833,0.2798358860233179,0.7448280704198218,,94.5,0.28364947601602997,0.7787829047754643,0.9248780487804878,False,False,False
2359,131.0,2026-09-17,0.007692307692307665,-0.1863354037267081,-0.033338674138840174,0.13261178257329664,,65.0,-0.02952508414612809,0.28853597605624365,0.7380281690140845,False,False,False
2360,2085.0,2026-09-17,-0.04357798165137616,-0.01650943396226412,-0.09740259740259738,0.31826647809943487,,69.7,-0.0935890074098853,0.52665912233261,0.8010038059160995,False,False,False
2362,47.29999923706055,2026-09-17,-0.006302505182298357,0.003181287514896658,0.04756615588913493,0.28262320905227445,,82.3,0.051379745881847017,0.3309678020497858,0.9256360205375544,False,False,False
2363,52.900001525878906,2026-09-17,0.005703480236894265,0.04133862835348867,-0.22529308591428976,0.04965187381092684,,21.7,-0.22147949592157767,0.3807175344758359,0.703446076779279,True,False,False
2364,65.0,2026-09-17,0.02685625250283019,-0.10885503968202082,0.07614885415525907,0.15555069687613887,,79.5,0.07996244414797116,0.5009471160753227,0.8355115964931515,False,False,False
2365,27.899999618530277,2026-09-17,-0.014134262519924223,-0.07154741008707521,-0.18144390898602036,-0.19432529338626336,,12.6,-0.17763031899330828,0.25954205286026755,0.6510597298559907,False,False,False
2367,40.650001525878906,2026-09-17,-0.012150667836198115,-0.03214282081240705,-0.3254916114611853,-0.4330761854580184,,1.1,-0.32167802146847324,0.3718204902062319,0.5227009119762999,False,False,False
2368,950.0,2026-09-17,-0.09090909090909094,-0.08653846153846156,-0.3141769832987502,-0.04803669188346804,,7.7,-0.3103633933060381,0.9037712973178649,0.6399485830784812,False,False,False
2369,30.299999237060547,2026-09-17,0.009999974568684955,-0.009803958845400862,-0.25185187068986303,-0.06769233116736784,,11.9,-0.24803828069715095,0.27593963858095955,0.6801346746568377,False,False,False
2371,29.700000762939453,2026-09-17,0.06642730183589673,0.10000002825701682,0.05506220836283271,-0.048076921901289094,,64.7,0.058875798355544795,1.205800179690446,0.6947368599518001,True,True,False
2373,52.79999923706055,2026-09-17,-0.005649703308499121,-0.00377359930074439,-0.028489184213114083,0.009745531954318709,,53.3,-0.024675594220401997,0.5847171605409843,0.9599451907839678,False,False,False
2374,66.80000305175781,2026-09-17,-0.007429420168309164,-0.001494745468464731,-0.07806133650206826,-0.03131516109085675,,39.4,-0.07424774650935617,0.50343451652692,0.7303926185349637,False,False,False
2375,117.5,2026-09-17,-0.03688524590163933,-0.07480314960629919,-0.45820593758020867,0.4364758169446945,,16.0,-0.4543923475874966,0.2560666804087312,0.5103350657797464,False,False,False
2376,355.0,2026-09-17,0.009957325746799528,0.01865136298421799,0.08432371546122153,0.4873854418523682,,88.8,0.08813730545393361,0.5177469973378875,0.8930817610062893,False,False,False
2377,153.0,2026-09-17,0.02684563758389258,0.07519323063085492,0.149750430855071,0.6703691459559467,,92.7,0.1535640208477831,0.4154050872336671,0.93204619904018,False,False,False
2379,715.0,2026-09-17,0.027298850574712707,0.0032393473004226347,-0.17734375071322372,0.5538103473728875,,74.2,-0.17353016072051164,0.6358230934342828,0.8226562492867763,False,False,False
2380,16.5,2026-09-17,-0.035087740823673386,-0.18518518518518523,-0.3085457198983962,-0.3158023655362041,,2.2,-0.3047321299056841,1.8096354099581684,0.6519426352410909,False,False,False
2382,344.0,2026-09-17,0.023809523809523725,0.0392749244712991,-0.05608850644041985,0.2519594297417489,,70.8,-0.052274916447707764,0.6390828629219224,0.8601591404659752,False,False,False
2383,4695.0,2026-09-17,-0.1265116279069768,-0.1978846637202093,-0.19031104280917444,0.631985514825053,,76.6,-0.18649745281646235,1.0859478723612734,0.7427462134686247,False,False,False
2385,105.5,2026-09-17,0.019323671497584627,-0.004716981132075526,-0.07456140350877194,-0.07736822246827657,,36.1,-0.07074781351605985,0.497958159935616,0.7588882550839069,False,False,False
2387,36.34999847412109,2026-09-17,-0.00953684690851031,0.015363107507867513,-0.08782936346341219,-0.11362307241449232,,30.3,-0.0840157734707001,0.3587598647776077,0.8356321488303698,False,False,False
2388,69.69999694824219,2026-09-17,-0.10296010700398084,-0.03194448682996964,-0.17417066720229113,0.3865374831989452,,62.0,-0.17035707720957904,0.5487777469858831,0.7925322351356798,False,False,False
2390,10.25,2026-09-17,0.02499999999999991,0.014851446818306302,-0.15637857433612867,-0.0888888888888889,,21.6,-0.1525649843434166,0.6803033445439557,0.7620817951937224,False,False,False
2392,42.09999847412109,2026-09-17,-0.02995398631455448,0.025578544618158894,0.08161108791654637,0.1835662785134733,,81.1,0.08542467790925845,0.5775776528958811,0.8493828190466571,False,False,False
2393,63.20000076293945,2026-09-17,0.02265374665311226,-0.021671791706659005,-0.03687186231270956,-0.005984313062454283,,50.2,-0.03305827231999747,0.4154972149821857,0.923976598728992,False,False,False
2395,686.0,2026-09-17,0.04097116843702575,-0.011527377521613813,0.4029100016445095,1.0489869710382544,,96.5,0.4067235916372216,0.8367805133028731,0.9648382559774965,False,False,False
2397,59.900001525878906,2026-09-17,0.0016722790985652658,-0.07704160065398835,0.015600906448696827,0.14162439976737717,,73.1,0.019414496441408913,0.3024200930057975,0.8605366683239029,False,False,False
2399,49.0,2026-09-17,0.08048515212104768,0.08647453786759618,-0.05038756881795381,0.4475628422099145,,81.0,-0.046573978825241724,1.0084679267895984,0.8909090909090909,True,False,False
2401,24.75,2026-09-17,-0.006024081157762318,-0.03696500913375056,-0.2720588235294118,0.1842105479301661,,24.9,-0.2682452335366997,0.35461449668818396,0.7091690234353566,False,False,False
2402,54.29999923706055,2026-09-17,0.0018449902714663402,0.04022985523808709,-0.20969069245802607,0.0920360433401417,,27.1,-0.205877102465314,0.3472122081611845,0.7252131046847978,False,False,False
2404,1030.0,2026-09-17,-0.028301886792452824,-0.05936073059360736,-0.16945908475488847,0.1618495744801116,,40.4,-0.16564549476217638,0.5265997706749203,0.7675756908650618,False,False,False
2405,14.899999618530272,2026-09-17,0.01016946566306931,-0.03246753327177798,-0.20702990184574188,-0.007474600644934659,,20.3,-0.2032163118530298,0.46127739807720686,0.6906513396276723,False,False,False
2406,26.600000381469727,2026-09-17,-0.011152388152968373,-0.06830118766026239,-0.25280894602267434,-0.2702332009683993,,4.7,-0.24899535602996226,0.1658865673821736,0.636363657104705,False,False,False
2408,488.0,2026-09-17,-0.05242718446601946,0.01455301455301461,-0.030557582116962134,0.88295539086424,,91.5,-0.02674399212425005,0.499587005199473,0.8987108655616943,False,False,False
2409,30.0,2026-09-17,-0.03846156197421824,0.14722755019627431,-0.014018509093409737,0.9375319203032715,,92.3,-0.010204919100697651,1.2476344748991135,0.9332149537101972,False,False,False
2412,145.0,2026-09-17,0.03942652329749108,0.06617647058823528,0.042313492999303426,0.11154455438827404,,74.1,0.04612708299201551,1.0695613792062915,1.0,True,True,False
2413,53.09999847412109,2026-09-17,0.04733723224982622,0.22353438165254746,-0.052677885344036834,-0.07391097178816874,,40.2,-0.04886429535132475,3.4271204898818017,0.8594106007988654,True,True,False
2414,52.59999847412109,2026-09-17,0.0,0.013487416717957945,-0.12312674889446296,0.25864117102921824,,59.6,-0.11931315890175087,0.3076066960672486,0.8592271913316394,False,False,False
2415,26.950000762939453,2026-09-17,-0.030575485519724332,0.047151204650295986,0.005679883095520255,0.048953575127225646,,64.3,0.00949347308823234,0.13963902809612083,0.7316231082839907,False,False,False
2417,38.95000076293945,2026-09-17,0.013003900912322841,-0.14676890556380895,-0.1651087303768426,0.09375427812281267,,35.2,-0.1612951403841305,0.22631495131424784,0.6881616949743583,False,False,False
2419,27.899999618530277,2026-09-17,0.039106116280921865,0.1624999841054282,-0.05263161644327463,-0.11987385025087338,,36.2,-0.048818026450562546,0.8417645630750765,0.739072837576961,True,False,False
2420,53.5,2026-09-17,-0.014732951165762342,-0.01223773477984691,-0.11993762061501623,0.08653847643715085,,43.0,-0.11612403062230414,0.5170448683510173,0.8652373487136811,False,False,False
2421,162.0,2026-09-17,-0.018181818181818188,0.11724137931034484,0.08000000000000007,0.15906987346647616,,80.0,0.08381358999271216,0.6646047810768577,0.8838289705190049,False,False,False
2423,72.80000305175781,2026-09-17,-0.0027396842224957085,-0.010869503246587309,-0.06298763437824517,0.5542583551402813,,83.8,-0.05917404438553309,0.3907098740025228,0.8584905711303361,False,False,False
2424,7.880000114440918,2026-09-17,-0.016229726682425505,-0.04019487480788575,-0.32360511824333993,-0.7200710400985669,,0.2,-0.31979152825062784,1.774580514362914,0.12351097505755977,False,False,False
2425,36.59999847412109,2026-09-17,-0.01876677687017092,-0.061538500663561924,-0.06767371888911888,0.18345284873267942,,63.4,-0.0638601288964068,0.12955616569857203,0.6918714067752193,False,False,False
2426,96.0,2026-09-17,-0.0010405668648165722,0.41176470588235303,0.06785315206435372,1.769899699123787,,96.7,0.0716667420570658,1.5037215925059366,0.8930232558139535,False,False,False
2427,23.299999237060547,2026-09-17,0.03555552164713549,0.061503345202631676,0.08242128153740391,0.003329920157642885,,72.8,0.086234871530116,1.8115543595756847,0.8229366862905996,False,False,False
2428,254.5,2026-09-17,0.015968063872255467,0.01598978632182657,-0.16205345663941617,0.6086505521705998,,78.2,-0.15823986664670409,0.6032332842191416,0.7586648774107717,False,False,False
2429,31.149999618530277,2026-09-17,0.004838697371944312,-0.056060617620294684,-0.2635933763507342,-0.36233366240466947,,2.9,-0.2597797863580221,0.18751624820778218,0.22654545177112928,False,False,False
2430,18.049999237060547,2026-09-17,0.005570945396701887,0.058651029017430245,-0.021680298609113913,-0.18693699924582408,,35.8,-0.017866708616401827,0.4127582947188125,0.7589394990343837,True,False,False
2431,9.920000076293944,2026-09-17,-0.012935334524746267,-0.022660054273936248,-0.15574467435796224,-0.22801558118247023,,13.1,-0.15193108436525016,0.4106606976648611,0.5620396765266326,False,False,False
2432,27.450000762939453,2026-09-17,-0.0018181540749290237,0.0036563210265063706,0.0172858003100409,0.04102851551957687,,65.8,0.021099390302752985,0.4644473993902279,0.9074379845335158,False,False,False
2433,40.25,2026-09-17,-0.023058270518140467,-0.03477219991391778,-0.034242294131468176,-0.0709033786873452,,44.0,-0.03042870413875609,1.0503403744384916,0.8723290374820616,False,False,False
2434,60.0,2026-09-17,-0.024390243902439046,0.19284296043870697,0.40515219971789107,1.0373513903437774,,96.5,0.40896578971060316,0.5086560785213833,0.6607929293328196,False,False,False
2436,67.5999984741211,2026-09-17,-0.008797631979022502,0.03840245865741165,-0.11575018405099002,0.051468073486861776,,40.1,-0.11193659405827794,0.6772520929620846,0.8633793654632547,False,False,False
2438,19.200000762939453,2026-09-17,-0.03030295440608144,0.06371199858655419,-0.1794871335068261,-0.1724137874335655,,13.6,-0.17567354351411402,0.5155826312171933,0.6808510724642308,False,False,False
2439,79.30000305175781,2026-09-17,0.02720215267525905,0.05501233401004679,-0.10073847693587612,-0.004159073794098522,,38.2,-0.09692488694316403,0.6413247236371611,0.7385085963269997,True,False,False
2440,14.199999809265137,2026-09-17,0.0,0.0364963508730749,-0.1622419368668756,-0.046979854173592406,,23.6,-0.15842834687416352,0.4216269645186151,0.6926829175251287,False,False,False
2441,118.5,2026-09-17,0.0304347826086957,0.07137360062803388,-0.13142207811816708,0.2759800697121386,,59.7,-0.127608488125455,0.5605483340775761,0.8386269525897062,False,False,False
2442,14.300000190734863,2026-09-17,-0.0862619463707176,-0.10869378363803928,-0.11554995780254229,-0.15663688005123177,,22.9,-0.1117363678098302,0.8880658146808464,0.6648742782979693,False,False,False
2444,12.199999809265137,2026-09-17,0.089285715806241,0.10909089175137598,-0.089552227121388,-0.12857144219534733,,28.5,-0.08573863712867591,1.9475012875608952,0.8133333206176758,True,False,False
2449,265.0,2026-09-17,-0.023941068139963217,0.12765957446808507,-0.17606908194371906,-0.1160993928089632,,16.7,-0.17225549195100698,0.5022629422844137,0.7890186233771591,False,False,False
2450,28.299999237060547,2026-09-17,0.0017698844977185324,0.008912656213897252,-0.020761259148426414,0.009812653783175751,,55.2,-0.01694766915571433,0.4964434292024449,0.947201028573362,False,False,False
2451,277.0,2026-09-17,-0.019469026548672552,-0.014234875444839812,-0.06764280261351119,-0.06613417172786873,,38.3,-0.0638292126207991,0.32348639037040106,0.7938502410481751,False,False,False
2453,54.59999847412109,2026-09-17,0.04798464631897814,0.06225674811762483,-0.0011067825693227284,0.04240220047653276,,62.2,0.002706807423389357,3.60930500282881,0.8988475296055404,False,False,False
2454,4500.0,2026-09-17,-0.04661016949152541,0.17035110533159958,0.013860493852150713,1.6945757190834643,,96.0,0.017674083844862798,0.748182942477833,0.9453781512605042,False,False,False
2455,534.0,2026-09-17,0.003759398496240518,0.3467843631778058,0.31288512951396097,1.3683985272656445,,96.9,0.31669871950667305,1.130148103539729,0.985239852398524,False,False,False
2457,22.200000762939453,2026-09-17,-0.006711392213426426,-0.030567636124517517,-0.2952380710177951,-0.2057245024345138,,4.4,-0.291424481025083,0.4812541157141354,0.5758755175693283,False,False,False
2458,129.0,2026-09-17,0.0078125,-0.08568452284068029,-0.25471763897441235,0.007624154725717425,,14.9,-0.25090404898170027,0.22522036745844703,0.7038777474930298,False,False,False
2459,65.5,2026-09-17,-0.004559316684557446,-0.02238805970149249,0.007692307692307665,0.06197471611291161,,66.1,0.01150589768501975,0.402483590937264,0.9732540420485049,False,False,False
2460,29.100000381469727,2026-09-17,-0.05825240321301228,0.024647914519080327,-0.16975746034537753,0.1547618849387431,,39.7,-0.16594387035266545,0.4613859465027861,0.7194066707689987,False,False,False
2461,17.549999237060547,2026-09-17,-0.014044944422215822,-0.0222842066226967,-0.025000042385525223,0.057228845407213846,,59.2,-0.021186452392813138,0.47860205704022774,0.8731342738301618,False,False,False
2462,19.350000381469727,2026-09-17,-0.0025772803115311493,-0.0025772803115311493,-0.23462072055086947,-0.1458568812672234,,10.0,-0.23080713055815738,0.5296744984630934,0.7007960912812652,False,False,False
2464,179.5,2026-09-17,-0.07235142118863047,-0.008485979855859638,0.040230051747494944,1.3371403521511445,,94.9,0.04404364174020703,0.6144492237149205,0.8085585585585585,False,False,False
2465,89.19999694824219,2026-09-17,-0.027262814429656723,0.03841670970598421,0.12342563267041196,0.3556229910518105,,87.7,0.12723922266312404,0.36723268640035966,0.8495237804594494,False,False,False
2466,102.5,2026-09-17,0.009852216748768461,0.03535353535353525,0.8602541350004094,0.9711538461538463,,97.8,0.8640677249931215,0.6207662125044824,0.8401639344262295,False,False,False
2467,519.0,2026-09-17,-0.09739130434782606,-0.051188299817184646,-0.17619047619047623,0.41029825202411296,,64.2,-0.17237688619776415,0.5381935202993935,0.7843200482584929,False,False,False
2468,41.70000076293945,2026-09-17,0.28110604425025487,0.240597412171772,0.12663176996249814,0.050787561620096566,,79.4,0.13044535995521023,8.509099023569515,0.8098994031223278,False,False,False
2471,52.29999923706055,2026-09-17,0.05656564115273821,0.07172131259670111,0.040177239652421814,0.07006735662327124,,71.6,0.0439908296451339,3.9413439064842635,1.0,True,True,False
2472,208.5,2026-09-17,-0.03917050691244239,-0.09544468546637741,-0.4620941749008334,0.6536401578698163,,32.4,-0.4582805849081213,0.3298339470551387,0.4667385661953301,False,False,False
2474,208.5,2026-09-17,0.022058823529411686,0.022058823529411686,0.04815742072192308,0.1485129540655541,,76.2,0.05197101071463517,0.5610398796358901,0.8401572904352861,False,False,False
2476,119.5,2026-09-17,0.004201680672268893,0.004201680672268893,-0.025165718549168936,0.42257795971541734,,82.1,-0.02135212855645685,0.36462231862438416,0.8995713352518088,False,False,False
2477,22.0,2026-09-17,0.0,0.05515585599472339,-0.0022675391741742157,-0.047619063346515,,53.0,0.0015460508185378696,0.296391653084092,0.8739076094269563,True,False,False
2478,118.0,2026-09-17,-0.048387096774193505,-0.12267657992565051,-0.49333995667615727,0.6595054283057311,,27.2,-0.4895263666834452,0.32343553159252497,0.4930514051291259,False,False,False
2480,161.5,2026-09-17,0.03194888178913735,0.018927444794952786,0.0453074433656957,0.18861127716205717,,78.0,0.049121033358407784,1.079465169255966,0.9548956193706587,True,False,False
2481,163.0,2026-09-17,0.055016181229773364,0.19413919413919412,-0.07386363636363635,0.643443379887497,,85.7,-0.07005004637092427,2.1657415052549527,0.7164835164835165,False,False,False
2482,16.0,2026-09-17,0.015873015873015817,0.025641000560833627,-0.0643433695719704,-0.003511216100989256,,44.6,-0.060529779579258314,0.15865554029568635,0.7986746845711196,False,False,False
2483,32.400001525878906,2026-09-17,0.04516133954448076,-0.10497235240256897,-0.2568806729406189,0.5251132033206607,,59.5,-0.2530670829479068,0.2128172814402651,0.4635193250158018,False,False,False
2484,70.30000305175781,2026-09-17,0.023289755088650832,-0.028092958929311518,0.060526352135241046,1.5429825897124059,,95.8,0.06433994212795313,0.21574528233105714,0.735987630398242,False,False,False
2485,39.34999847412109,2026-09-17,-0.012547051923344599,-0.024783148396928967,-0.350660074836053,-0.5087390858461205,,0.6,-0.3468464848433409,0.41354224961146735,0.4828220671671299,False,False,False
2486,229.0,2026-09-17,-0.05371900826446285,-0.025531914893617058,-0.15808823529411764,0.4249812165699809,,68.3,-0.15427464530140556,0.3976682965039099,0.7473028569186397,False,False,False
2488,48.650001525878906,2026-09-17,0.010384215662615714,0.001028869410035993,-0.05969520345464696,0.0657435959146222,,53.0,-0.055881613461934876,0.43123352381390995,0.9385919618478477,False,False,False
2489,43.20000076293945,2026-09-17,0.11917104846266735,0.38019175130805727,-0.12565259768234982,0.033319628273520197,,36.8,-0.12183900768963773,1.7428749715913576,0.7845913842955367,True,False,False
2491,40.29999923706055,2026-09-17,-0.019464702354289987,0.0563564252998312,-0.08409092643044214,1.4131734967637892,,94.3,-0.08027733643773005,0.7445996521766873,0.7145389742333439,False,False,False
2492,297.0,2026-09-17,-0.1107784431137725,-0.003355704697986628,-0.5160831163303431,1.1793920716101938,,71.5,-0.512269526337631,1.3989467597642147,0.4839168836696569,False,False,False
2493,206.5,2026-09-17,0.18338108882521498,0.12841530054644812,-0.21789081781744513,0.7991867408932449,,81.7,-0.21407722782473304,0.5670338836056013,0.6459330065894485,True,False,False
2495,37.5,2026-09-17,0.014884958747069632,0.005361950858721043,-0.2650772646735595,-0.030646209236412036,,12.4,-0.26126367468084744,0.4483977475579705,0.7117002819753274,False,False,False
2496,54.900001525878906,2026-09-17,0.0,0.0036563210265063706,-0.0903979147995384,-0.09660668193276889,,31.7,-0.08658432480682632,0.21228187783127145,0.8728129878099036,False,False,False
2497,43.650001525878906,2026-09-17,0.015116314555323473,-0.021300380734169955,-0.2362204661339663,0.0853710347499188,,23.0,-0.23240687614125422,0.21885426266469615,0.6791692218788365,False,False,False
2498,39.84999847412109,2026-09-17,-0.007472055799660482,0.0,-0.20932545103874067,-0.022230729271477512,,18.8,-0.2055118610460286,0.5308081673324933,0.579627271901041,False,False,False
2501,21.399999618530277,2026-09-17,-0.03820226433571794,-0.06140349409550083,-0.09249220412497683,-0.03004000175322663,,37.1,-0.08867861413226474,1.0753745438984312,0.8352432917082562,False,False,False
2504,30.850000381469727,2026-09-17,-0.019077913097438337,0.008169934538673873,-0.0594511860045267,-0.1242778559901555,,34.5,-0.055637596011814616,0.4406993167899469,0.8381753595296434,False,False,False
2505,17.25,2026-09-17,-0.00862066792062055,0.0029069322582984114,-0.013356391463691608,-0.05425345887838917,,50.0,-0.009542801470979523,0.6668405403995619,0.912645380210884,False,False,False
2506,8.609999656677246,2026-09-17,-0.012614748507231766,0.00937865488985068,-0.013796219295416079,0.00879724337918919,,56.8,-0.009982629302703994,0.7356474578820167,0.90511819359713,False,False,False
2509,14.350000381469728,2026-09-17,-0.020477764155098277,0.014134329917404598,0.047445297901756556,0.025000027247837675,,69.4,0.05125888789446864,0.6364886635909662,0.8200000217982701,False,False,False
2511,8.390000343322754,2026-09-17,-0.005924080514975172,0.023170797375255514,0.07269970399275394,0.07137865843618996,,75.0,0.07651329398546602,0.3462495156527541,0.9394810208890838,False,False,False
2514,11.600000381469728,2026-09-17,-0.0042917801457277305,-0.016949136104435936,-0.14705881940452292,-0.14391142301226634,,18.9,-0.14324522941181084,0.48696899382950387,0.7557003318040996,False,False,False
2515,12.050000190734863,2026-09-17,0.004166682561238533,0.016877620491715817,-0.0661471475870441,-0.10574520024255707,,35.1,-0.06233355759433201,0.6741239816466615,0.6914593530282201,False,False,False
2516,14.550000190734863,2026-09-17,-0.010204055814730828,0.03928572790963303,0.08178441613894916,0.0430107806217479,,74.6,0.08559800613166124,0.5324258925781444,0.9179810624954496,False,False,False
2520,37.34999847412109,2026-09-17,0.01632648909173029,0.01771110892831418,0.15218513329396588,0.23578208757537067,,86.9,0.15599872328667796,0.7852606603551314,1.0,True,True,False
2524,34.099998474121094,2026-09-17,-0.025714329310825845,0.002941131591796875,-0.06575346646243574,-0.12339338980654091,,33.7,-0.061939876469723654,0.8469979790168174,0.6608527031492694,False,False,False
2527,43.75,2026-09-17,-0.013528714650829055,0.026751051097534395,0.15362350620552445,0.5194537926096874,,91.6,0.15743709619823654,0.33524387175343745,0.8966281300345328,False,False,False
2528,19.75,2026-09-17,-0.019851098069621376,-0.019851098069621376,0.04665905057329933,-0.10424001796591387,,57.3,0.05047264056601142,0.5418431003732512,0.7515985833083035,False,False,False
2530,20.149999618530277,2026-09-17,0.05483094442808634,0.08536550785750419,0.08536550785750419,-0.16846995177246715,,58.9,0.08917909785021627,0.9431163766473862,0.6712339629395648,False,False,False
2534,17.049999237060547,2026-09-17,0.014880953056741975,0.008875717273141515,0.014880953056741975,-0.07138392426309215,,54.1,0.01869454304945406,0.34708642986223887,0.8217840796485503,False,False,False
2535,89.69999694824219,2026-09-17,-0.0044395286642961995,0.0033556534367220614,-0.0437100849693286,0.32533827404204807,,76.0,-0.039896494976616514,0.5488716363563623,0.9276111662780434,False,False,False
2536,19.450000762939453,2026-09-17,0.015665856416983148,-0.06490377517493962,0.00632369128307575,-0.04095326446752012,,55.6,0.010137281275787835,0.3672190861251315,0.7534163390994957,False,False,False
2537,11.399999618530272,2026-09-17,0.0,-0.012987062314069764,0.027026957364916893,0.12871279088717924,,73.5,0.030840547357628978,0.5527734700130389,0.9193548362287348,False,False,False
2538,8.6899995803833,2026-09-17,-0.01250006908720036,-0.03658546126750284,-0.08526320206491567,-0.09878147273623894,,32.5,-0.08144961207220358,0.8981470561929764,0.7919799226456912,False,False,False
2539,34.400001525878906,2026-09-17,-0.02687403081325901,0.03578661111078563,0.10546440149385194,-0.11448295853638446,,67.5,0.10927799148656403,0.5094263238085217,0.847742019181415,False,False,False
2540,49.75,2026-09-17,0.006066718552720118,0.07451405658291943,0.04596057295927358,0.18335368097171423,,77.7,0.04977416295198567,0.44672544690614296,0.9156441932080086,False,False,False
2542,46.84999847412109,2026-09-17,0.007526848905829775,-0.02699902410302346,0.09718964021151799,0.3068340437431405,,85.9,0.10100323020423008,1.1672825088867107,0.9600409673478323,False,False,False
2543,39.0,2026-09-17,-0.002557505831803808,0.023622088239458217,-0.06634675543767965,-0.4238446648514237,,12.6,-0.06253316544496756,0.8154444246493765,0.5114847754020214,False,False,False
2545,33.849998474121094,2026-09-17,-0.01598846009771393,0.008941855257306841,-0.03351618333620876,0.0022304481700905487,,51.8,-0.029702593343496675,0.4588757432402917,0.8120180413191891,False,False,False
2546,104.0,2026-09-17,0.004830917874396157,-0.06306306306306309,0.31864314340270106,0.4767538491888652,,93.6,0.32245673339541314,0.743601503172083,0.8927038626609443,False,False,False
2547,9.869999885559082,2026-09-17,-0.011022010192657472,-0.022772325467692478,-0.028620805974480912,-0.02416495155638476,,49.9,-0.024807215981768826,0.641038375278472,0.9169484551646635,False,False,False
2548,93.5999984741211,2026-09-17,-0.008474608462146094,-0.0031949206270793784,-0.022089579316442953,-0.09745296464310094,,43.8,-0.018275989323730868,0.7528391098151501,0.7965660950763798,False,False,False
2596,34.70000076293945,2026-09-17,-0.015602815235760237,0.04360904550193845,0.1996845558169238,0.0902962237675402,,85.3,0.20349814580963588,2.758714217918867,0.9233015155349154,False,False,False
2597,172.0,2026-09-17,0.0,0.03614457831325302,-0.008645533141210415,0.1945276053361582,,73.3,-0.00483194314849833,0.6092652595809442,0.8900402153620599,False,False,False
2603,242.5,2026-09-17,0.04978354978354971,0.008316008316008316,0.25647668393782386,0.20217513601408066,,89.6,0.26029027393053594,0.7620991887368193,0.9642147117296223,False,False,False
2605,37.150001525878906,2026-09-17,0.02482762830010765,0.010884395262011015,0.20298802379232428,-0.11336862202663045,,78.6,0.20680161378503636,1.082142663748337,0.8866313779733695,False,False,False
2606,77.0,2026-09-17,-0.017857161972334668,0.1079136690647482,0.24193548387096775,0.32806329935936085,,91.2,0.24574907386367983,0.7090467379510212,0.9661229980975333,False,False,False
2607,53.400001525878906,2026-09-17,0.00754719860148878,0.05952380772170396,0.14102448315796612,0.0687667552031841,,81.2,0.1448380731506782,0.48078279812736396,0.8076823259698225,False,False,False
2608,28.899999618530277,2026-09-17,0.006968601054850199,0.01760563403929627,-0.0017271552017775749,-0.015451614158776938,,56.6,0.0020864347909345105,1.4353649232519154,0.8860935357417049,True,False,False
2609,62.0,2026-09-17,0.06896551724137923,0.05084745762711873,0.23476033251233397,0.14297279588924594,,87.8,0.23857392250504605,0.9770886521738864,0.9612403100775194,False,False,False
2610,20.350000381469727,2026-09-17,0.007425723409153262,0.022613104098777148,-0.029580737107673616,0.13129077554558877,,65.4,-0.02576714711496153,0.3720291602429146,0.8741792735681578,False,False,False
2611,14.300000190734863,2026-09-17,0.02877702037281682,-0.07741934253323468,0.032490960062874885,0.009365482486361376,,65.7,0.03630455005558697,0.379314419145295,0.831395323048289,False,False,False
2612,63.400001525878906,2026-09-17,-0.013996912646403126,0.06554624413241861,0.16544117183008833,0.13447774997848105,,84.8,0.16925476182280041,0.7743064746206051,0.8835543788012402,False,False,False
2613,22.299999237060547,2026-09-17,0.004504435616418112,-0.0304348157799762,0.025287321244163108,-0.08606559075004705,,54.9,0.029100911236875193,0.3217809605905124,0.8356196163973139,False,False,False
2614,18.100000381469727,2026-09-17,0.005555576748318192,-0.005494526224051444,-0.02949057631690688,-0.11056510849251888,,41.0,-0.025676986324194795,0.7746692013854725,0.7653277240346334,False,False,False
2615,120.5,2026-09-17,0.09049773755656099,0.13145539906103276,0.5531685849635406,0.5927397531169964,,95.8,0.5569821749562527,0.8503348132695391,0.9525691699604744,False,False,False
2616,13.300000190734863,2026-09-17,0.0,-0.0037453325322946984,-0.007299230065903384,-0.21613831832558972,,35.8,-0.0034856400731912984,0.5524284386546008,0.56903768746315,False,False,False
2617,33.099998474121094,2026-09-17,-0.010463446362791728,0.0711973748462933,0.15947105623790714,0.09051964338095853,,83.4,0.16328464623061922,1.6285147935602042,0.9836551849385556,False,False,False
2618,42.04999923706055,2026-09-17,0.005980861353182654,0.010817326428975704,0.059584165922991206,0.27364155957717506,,82.8,0.06339775591570329,0.4072144407982889,0.9470720223410659,False,False,False
2630,47.0,2026-09-17,-0.016736385979694512,-0.09441235803115766,0.09557105660352527,-0.06374503414951893,,70.0,0.09938464659623736,0.1377896001888628,0.7544141344393629,False,False,False
2633,26.049999237060547,2026-09-17,0.0019230475792517687,0.005791491148245065,0.04948323848486291,0.04145664363638435,,70.9,0.053296828477575,0.7099255864456814,0.948922957975094,False,False,False
2634,63.900001525878906,2026-09-17,0.0015674340127620479,-0.06851307657120764,0.29267008842337705,0.29009496610410856,,92.1,0.29648367841608914,0.23716086427480498,0.8717598753817039,False,False,False
2636,70.9000015258789,2026-09-17,0.0,-0.005610119337421837,0.08166766922334134,0.08319979354756901,,76.4,0.08548125921605343,0.6797847294975843,0.950402184665919,False,False,False
2637,102.0,2026-09-17,0.014925373134328401,0.1111110741738357,0.32295722462610277,0.48692349553383885,,93.8,0.32677081461881485,1.0659998783833315,0.9951219512195122,False,False,False
2640,172.0,2026-09-17,0.10967741935483866,0.11326860841423958,0.1868423623909623,0.2525498377891138,,88.0,0.1906559523836744,1.6454052050514945,0.9281715948593412,True,True,False
2641,17.600000381469727,2026-09-17,-0.014005601941584733,-0.04087193375523679,-0.03296705254493748,-0.038110748302837005,,47.7,-0.029153462552225395,0.46235761158039024,0.8127423812467311,False,False,False
2642,20.399999618530277,2026-09-17,0.009900933071139262,0.007407388569396378,-0.033175391008722355,-0.11633073854284226,,39.8,-0.02936180101601027,0.64140036877689,0.6603089058904966,False,False,False
2643,62.59999847412109,2026-09-17,-0.004769523759620142,0.011308512616910571,0.015175155022524311,-0.05365034768236754,,56.3,0.018988745015236397,0.1617823650951412,0.8827609735010553,False,False,False
2644,77.30000305175781,2026-09-17,0.001295415899856378,-0.0025806057837701735,-0.07539946930585872,-0.12235998546140459,,32.0,-0.07158587931314664,0.2659547753475679,0.7301305410250947,False,False,False
2645,172.5,2026-09-17,0.0,-0.025423728813559365,0.015390244907963924,0.1365819416648386,,72.7,0.01920383490067601,0.22529549633687768,0.6858846918489065,False,False,False
2646,20.25,2026-09-17,-0.0024630166965359246,-0.031100460784409645,-0.031100460784409645,-0.05594408952249419,,46.1,-0.02728687079169756,0.7710100901897782,0.797244106461594,False,False,False
2718,40.09999847412109,2026-09-17,-0.01231527139880817,-0.10988984097455134,-0.1241601827670259,-0.09980623349758455,,25.7,-0.12034659277431381,0.4002258850195863,0.7297783487168934,False,False,False
2724,10.75,2026-09-17,0.00467291510524781,0.018957327549697922,-0.11885244524052796,-0.45707068615039426,,6.8,-0.11503885524781587,0.20142430314738596,0.48863636363636365,False,False,False
2762,79.4000015258789,2026-09-17,-0.016108989733878754,-0.030525029956318672,-0.01855760616376989,0.12832500859217366,,67.3,-0.014744016171057805,0.7417150408931475,0.9224903218051852,False,False,False
2801,29.600000381469727,2026-09-17,0.10242085515566268,0.23849375957814223,0.37244904230999887,0.5223524682358578,,94.4,0.37626263230271095,1.460585877608764,1.0,True,True,False
2812,19.5,2026-09-17,0.020942387986460087,0.026315789473684292,0.08063140671276581,0.04090236103523193,,74.3,0.08444499670547789,1.1232991603393843,0.9188272290081344,True,True,False
2816,40.95000076293945,2026-09-17,0.04865560980794337,0.19736841664970317,0.21153851145769176,0.389034160470187,,91.3,0.21535210145040384,1.1095425294550914,1.0,True,True,False
2820,17.450000762939453,2026-09-17,0.023460501101340014,0.07384620079627413,0.035608330438351654,0.0941696237953471,,72.5,0.03942192043106374,1.436282142946857,1.0,True,True,False
2832,59.09999847412109,2026-09-17,0.033216742759427875,-0.003372694190769354,0.04601767210833785,0.33173661774343355,,83.6,0.049831262101049933,1.465004959444251,0.9609755849450583,False,False,False
2834,18.75,2026-09-17,0.04748605584269372,0.143292709520217,0.17035551763265877,0.3569902931518121,,89.5,0.17416910762537086,0.9261805133050106,1.0,True,True,False
2836,12.5,2026-09-17,0.02459017995287449,0.05042020173979078,0.053932421826095256,0.07135278887503715,,73.4,0.05774601181880734,0.6931146399170108,0.9971821114938642,True,False,False
2838,21.799999237060547,2026-09-17,0.04306218349077451,0.08728179883245524,0.05400068241130951,0.17169294296988014,,78.1,0.057814272404021594,0.8043073516466857,0.9558548827263865,True,False,False
2845,13.75,2026-09-17,0.02230484721109116,0.07152080622094936,0.1257223679027586,0.17129814561303847,,83.5,0.12953595789547068,0.7950482901441042,1.0,True,True,False
2849,15.949999809265137,2026-09-17,0.022435860207487668,0.13523128773928494,0.14758911271602582,0.2760836147937855,,87.3,0.1514027027087379,0.9579687772401336,0.9845678430925608,False,False,False
2850,158.5,2026-09-17,0.006349206349206327,-0.006269592476489061,0.10839160839160833,0.436965337690014,,88.7,0.11220519838432041,0.571049819520057,0.9406528189910979,False,False,False
2851,47.0,2026-09-17,0.029572802387657804,0.16915420666681902,0.2712089330702754,0.6460794421634868,,94.1,0.27502252306298747,1.2132105927277381,0.9894736842105263,False,False,False
2852,28.149999618530277,2026-09-17,0.008960573599218202,0.01808318288962707,0.07034222186831118,0.15799722056318766,,79.0,0.07415581186102327,0.5048790377502921,0.9367720576782242,False,False,False
2855,52.5,2026-09-17,0.015473872828915214,0.14503820604557593,0.05231510607901724,0.6632335621123029,,90.7,0.05612869607172932,0.9564477115385072,0.9258948915918885,False,False,False
2867,9.699999809265137,2026-09-11,0.0,0.008316000484173136,0.15890082937763572,0.22784806229980004,,87.0,0.1627144193703478,0.0,0.9797979982856982,False,False,False
2880,47.900001525878906,2026-09-17,0.06919648083953311,0.22820516733022833,0.32860981451178994,0.5001719498612485,,93.9,0.33242340450450203,0.6586223695883967,1.0,True,True,False
2881,151.5,2026-09-17,0.02020202020202011,0.17898832684824906,0.13097989702752666,0.7759720400828216,,93.3,0.13479348702023874,0.6879000805249118,0.9837662337662337,False,False,False
2882,112.0,2026-09-17,0.013574660633484115,0.13936924234914572,0.026548684943022982,0.6201117232119613,,89.2,0.030362274935735067,0.742625440396922,0.9739130434782609,False,False,False
2883,39.650001525878906,2026-09-17,0.06586023421215281,0.3042763823493704,0.352024571598601,1.0568392758959106,,96.2,0.3558381615913131,0.8872688719171407,1.0,True,True,False
2884,47.29999923706055,2026-09-17,0.052280276623679844,0.25132275639534507,0.37719649673438993,0.5553195427218596,,94.5,0.381010086727102,0.9238873552419447,1.0,True,True,False
2885,69.0,2026-09-17,-0.010042998262424496,0.10400000000000009,0.07375056439184058,0.6694698316190473,,91.4,0.07756415438455266,0.6864221767721761,0.974576229178381,False,False,False
2886,51.900001525878906,2026-09-17,0.04008015909504059,0.10308187816075653,0.20300571179676097,0.3821438534390156,,91.0,0.20681930178947305,0.7582670460219944,0.9885714576357887,False,False,False
2887,44.04999923706055,2026-09-17,0.045077049641744305,0.21016476347515556,0.429226454515069,0.8734849905084134,,96.0,0.4330400445077811,0.783256221041291,0.992117065838064,False,False,False
2889,17.299999237060547,2026-09-17,0.045317222632887955,0.15910061986358293,0.19760889703886253,0.12299153990808365,,86.5,0.20142248703157462,1.5278995090087528,1.0,True,True,False
2890,45.95000076293945,2026-09-17,0.0710955507826887,0.16624362902012435,0.21125234798907555,0.5207522003089979,,92.5,0.21506593798178764,0.9682240690129766,1.0,True,True,False
2891,71.19999694824219,2026-09-17,0.057949386621647614,0.09707234629033334,0.04739298940118419,0.4310311766669104,,86.6,0.05120657939389628,0.9932305123065325,1.0,True,True,False
2892,40.75,2026-09-17,0.07236842105263164,0.21279767412447592,0.310349645348704,0.47987036272406747,,93.5,0.3141632353414161,0.7704333979812715,1.0,True,True,False
2897,11.25,2026-09-17,0.04166664827017175,0.10837442589273794,0.12191204989699589,0.19557303279685412,,84.0,0.12572563988970797,1.3776081659879356,1.0,True,True,False
2904,12.5,2026-09-17,-0.011857677711748393,-0.015748016714081325,-0.07474038135051808,-0.21325235684556643,,24.5,-0.070926791357806,1.058462202176351,0.7422986066496979,False,False,False
2916,40.650001525878906,2026-09-17,0.013715787348789199,0.012453299651252081,-0.02400960296192689,-0.0758973383262137,,45.5,-0.020196012969214805,0.3904713358044136,0.8797457162137864,False,False,False
2923,24.700000762939453,2026-09-17,-0.09523804200666497,0.08385775239218196,0.03418090411809582,0.3944013391510226,,84.7,0.03799449411080791,0.911680829385435,0.6053741877764464,False,False,False
2924,17.450000762939453,2026-09-17,0.026470633114085373,0.0028736290520334773,0.014534883076207317,-0.03856743087069592,,57.4,0.018348473068919402,2.1277985684021914,0.6080139477024956,False,False,False
2937,44.45000076293945,2026-09-17,0.02183909799860806,0.014419144690546837,-0.010222593931288881,0.04393853536125003,,60.7,-0.006409003938576796,0.5700235084322015,0.9788789554861842,False,False,False
2938,18.149999618530277,2026-09-17,-0.21258133538902202,-0.2651822243761618,-0.24688799455432175,-0.2437500158945718,,5.7,-0.24307440456160967,6.85950820060114,0.578947349208274,False,False,False
2941,30.0,2026-09-17,-0.05362778302917037,0.0,-0.1746904742964951,-0.22602527794639726,,11.8,-0.170876884303783,1.9466993193359021,0.457247260232875,False,False,False
2942,37.95000076293945,2026-09-17,0.02985080961647446,-0.0013157693963301575,0.09349777406403748,0.1390602021837828,,80.3,0.09731136405674956,0.19275639356547253,0.9818887261240921,False,False,False
2947,60.20000076293945,2026-09-17,-0.025889943266562354,-0.032154340441610696,-0.24085752274627403,-0.22043440893912458,,6.5,-0.23704393275356195,1.4386654656660762,0.6696687833782663,False,False,False
2948,37.75,2026-09-17,-0.014360293681895064,0.010709545976449464,0.10440820869878875,0.03747428313585943,,76.3,0.10822179869150084,0.5523018555123382,0.9729381634611575,False,False,False
2949,65.0,2026-09-16,0.017214373205853617,0.06557377049180335,-0.015828884566485235,0.10356240604552114,,65.4,-0.01201529457377315,0.22569985659953862,0.803309154579647,True,False,False
3002,18.600000381469727,2026-09-17,0.09411766949821931,0.11711716562258889,-0.17616473331174587,-0.06428580064377054,,20.5,-0.17235114331903378,0.715099587820409,0.6478021045457218,True,False,False
3003,58.29999923706055,2026-09-17,-0.006814335957069484,-0.09612404283627063,-0.1343564918583151,0.18711872837894328,,49.8,-0.13054290186560302,0.45677864308269034,0.808599174353467,False,False,False
3004,117.0,2026-09-17,-0.03703703703703709,-0.03703703703703709,-0.15217391304347827,0.1456768312448622,,42.5,-0.14836032305076619,0.3818493131252376,0.7335423197492164,False,False,False
3005,118.0,2026-09-17,0.026086956521739202,0.004255319148936065,0.17412935323383083,-0.051983311616564776,,78.9,0.17794294322654292,0.518317094362873,0.7624721526157439,False,False,False
3006,278.5,2026-09-17,-0.10737179487179482,0.1344195519348268,0.10162866437715179,0.2894638937907299,,85.5,0.10544225436986387,1.008423326474573,0.8926282051282052,False,False,False
3008,6020.0,2026-09-17,-0.10416666666666663,0.08468468468468471,0.17164631428656696,1.6185286832723285,,96.8,0.17545990427927904,1.003953464144979,0.7708066581306018,False,False,False
3010,124.0,2026-09-17,-0.004016064257028162,-0.0461538461538461,-0.017432622832348255,-0.04643835844689326,,49.9,-0.01361903283963617,0.40098238646162637,0.9099127010670766,False,False,False
3011,9.970000267028809,2026-09-17,-0.0020019524071637207,-0.0459329713873059,-0.30279719342322187,-0.2180391947428385,,4.0,-0.2989836034305098,1.088133265355722,0.6370607354663383,False,False,False
3013,82.5,2026-09-17,-0.0560640897063146,0.030012012348972883,-0.2410016237117364,-0.12005800398899502,,10.7,-0.2371880337190243,0.5754493178308104,0.6153308277248493,False,False,False
3014,133.5,2026-09-17,0.015209125475285079,0.015209125475285079,-0.11945477197808807,0.2027872756671396,,54.7,-0.11564118198537598,0.40794228977333813,0.8387389258937823,True,False,False
3015,51.400001525878906,2026-09-17,-0.011538432194636461,-0.04283052522129327,-0.21884499784220324,0.04376334798690862,,22.4,-0.21503140784949115,0.21392241109459148,0.6871657677649119,False,False,False
3016,115.5,2026-09-17,0.050000000000000044,0.13400262698695387,-0.16574007343163677,0.8062637751061517,,85.0,-0.16192648343892468,2.384524842504617,0.7604074213933903,True,False,False
3017,3185.0,2026-09-17,-0.07947976878612717,0.029079159935379684,0.32392328532238723,0.5900220926457809,,94.2,0.3277368753150993,0.6634406156237234,0.8921568627450981,False,False,False
3018,11.649999618530272,2026-09-17,0.0590908744118428,-0.13059701864319473,-0.029166698455810658,-0.05284557415651203,,46.9,-0.025353108463098573,0.3134245372589745,0.6753622967263926,False,False,False
3019,136.5,2026-09-17,-0.017985611510791366,0.0,-0.13730009534802512,0.061283662854554555,,37.2,-0.13348650535531303,0.7247851323513453,0.8522429092127146,False,False,False
3021,26.299999237060547,2026-09-17,0.11205072563527385,0.31829565069076615,-0.1320132046441611,0.6426564939186523,,82.4,-0.12819961465144902,2.6502684003975636,0.6574999809265136,False,False,False
3022,88.9000015258789,2026-09-17,0.05331753458108879,-0.032644177912828476,0.10872239981007947,0.34665262263993735,,87.2,0.11253598980279156,0.4240679816589973,0.816333606441667,False,False,False
3023,317.0,2026-09-17,-0.03353658536585369,-0.01552795031055898,-0.01714057329025731,0.33316580186460465,,79.1,-0.013326983297545225,0.44661828076444454,0.9323529411764706,False,False,False
3024,14.800000190734863,2026-09-17,0.017182130358953218,0.10037177699733268,0.2052984458106648,0.4015097979274822,,91.3,0.2091120358033769,0.5272156443236005,0.8464175350592211,False,False,False
3025,51.20000076293945,2026-09-17,0.01789267474214573,-0.03840291943002738,-0.24148147017867472,-0.16046320296523753,,9.1,-0.23766788018596263,0.259455804379046,0.6882496738424908,False,False,False
3026,760.0,2026-09-17,-0.0535491905354919,0.10144927536231885,-0.15273132664437017,5.295625957555297,,98.7,-0.14891773665165808,1.199344504068911,0.7562189054726368,False,False,False
3027,17.700000762939453,2026-09-17,-0.011173120662180347,-0.002816858425946256,-0.17865422786187712,-0.14077667790428317,,15.2,-0.17484063786916504,0.31892147927052245,0.6199650170204982,False,False,False
3028,61.09999847412109,2026-09-17,-0.019261649721266982,-0.06859756257121308,-0.2593939578894414,0.12588059380033845,,22.4,-0.25558036789672933,0.2964277937555647,0.7352587195672305,False,False,False
3029,116.0,2026-09-17,0.026548672566371723,0.05454545454545445,0.1428571428571428,0.04035874439461873,,80.3,0.14667073284985488,5.159456219608436,0.9707112970711297,False,False,False
3030,264.0,2026-09-17,-0.009380863039399667,-0.0736842105263158,-0.24571428571428566,0.024091523330979525,,16.8,-0.24190069572157358,0.2792211700502431,0.6432612787175392,False,False,False
3031,26.649999618530277,2026-09-17,0.10580909529865501,0.20588231486527975,-0.09155604570165954,0.1840828733224058,,58.8,-0.08774245570894745,0.6541130492672538,0.8031171159903151,True,False,False
3032,76.0999984741211,2026-09-17,-0.019329897287307718,-0.023106585577663208,-0.1047059003044577,0.1798449375832727,,55.4,-0.10089231031174561,0.8839445256474777,0.7534653314269415,False,False,False
3033,41.79999923706055,2026-09-17,-0.005945303318333095,-0.07111112806532116,-0.1494312215393424,0.23719088064452687,,52.1,-0.14561763154663032,0.2843844415435101,0.78325761865679,False,False,False
3034,545.0,2026-09-17,0.0,0.020599250936329527,0.003795733018268299,0.5238346183582951,,86.7,0.0076093230109803844,0.6776290442463869,0.9784560143626571,False,False,False
3035,179.0,2026-09-17,0.0,0.037681159420289934,-0.2200435729847494,0.12529210395327528,,27.8,-0.21622998299203733,0.5129765431529725,0.7682403433476395,False,False,False
3036,204.0,2026-09-17,0.05974025974025965,0.012406947890818865,-0.09333333333333338,-0.16071807136732374,,25.8,-0.0895197433406213,0.8373592930558128,0.6959220195950441,False,False,False
3037,940.0,2026-09-17,-0.05432595573440646,-0.16814159292035402,-0.06276137590711739,0.6212130718051567,,85.6,-0.058947785914405304,0.4948708770668941,0.7966101694915254,False,False,False
3038,20.399999618530277,2026-09-17,0.014925334893880038,0.0024569649200634203,-0.11111115728270549,-0.07272729006680556,,29.8,-0.1072975672899934,0.7698611851419687,0.8095237698774863,False,False,False
3040,33.70000076293945,2026-09-17,-0.023188383682914426,-0.10728474800160392,-0.13700380483090147,-0.30515462344454736,,11.7,-0.13319021483818938,1.6329331688906612,0.5052474108670493,False,False,False
3041,22.450000762939453,2026-09-17,-0.02178649165046731,0.006726526054297688,-0.27463650373082316,-0.06263047817188883,,10.2,-0.27082291373811107,0.33705524721470903,0.7048665775213248,False,False,False
3042,178.5,2026-09-17,-0.011080332409972304,-0.040322580645161255,-0.09848484848484851,0.9495657040254477,,90.3,-0.09467125849213642,0.5011179997086807,0.7168674698795181,False,False,False
3043,20.450000762939453,2026-09-17,0.0,-0.028503491490144084,-0.1241969837752841,-0.03309687320171528,,31.3,-0.12038339378257201,0.485223695694099,0.8212851837845335,False,False,False
3044,502.0,2026-09-17,-0.001988071570576566,0.04474505723205002,-0.08855000339102204,0.4095100310675057,,75.9,-0.08473641339830995,0.9234842655054146,0.9003153655602418,False,False,False
3045,124.0,2026-09-17,0.03333333333333344,0.09251101321585908,0.09227231888229537,0.18204814876606945,,81.8,0.09608590887500745,0.5472422521134364,0.9959839357429718,False,False,False
3046,53.20000076293945,2026-09-17,0.00377359930074439,-0.09369676198492405,-0.015563571154938671,0.16379543860275736,,70.4,-0.011749981162226586,0.40191757193649674,0.853932606973328,False,False,False
3047,13.850000381469728,2026-09-17,0.014652070954489282,0.010948947028681655,-0.14506174511088865,-0.16566264679546472,,17.6,-0.14124815511817657,0.4123238615422388,0.6487119500705273,False,False,False
3048,50.400001525878906,2026-09-17,-0.01945525234073231,-0.11578944691440518,-0.2929219183074727,0.20311292720588625,,23.2,-0.28910832831476063,0.2345444051465884,0.6807507392543412,False,False,False
3049,12.0,2026-09-17,-0.02439025903112113,0.12149534709423015,-0.16083917203197384,-0.26829266590706113,,11.1,-0.15702558203926176,0.4666390873561335,0.6666666666666666,False,False,False
3050,11.300000190734863,2026-09-17,0.008928605640421639,-0.008771879924703074,-0.10810808166116426,-0.12499998153838443,,26.3,-0.10429449166845217,0.6036748067674552,0.7549019308028219,False,False,False
3051,21.700000762939453,2026-09-17,0.028436036522381025,-0.02031597577159161,-0.2042596436844638,0.06736330337217589,,26.3,-0.20044605369175172,0.7964958894769234,0.7208167438081436,False,False,False
3052,10.350000381469728,2026-09-17,-0.009569323408671004,-0.031979969493276195,0.01754657044219754,-0.005579432882882096,,61.2,0.021360160434909625,0.8006052643777527,0.8929490773370266,False,False,False
3055,161.0,2026-09-17,0.006250000000000089,0.3999999999999999,0.7555555259763682,1.719042128251127,,98.3,0.7593691159690803,1.1856496124697844,0.8341968911917098,False,False,False
3056,14.050000190734863,2026-09-17,0.0071684862248750925,0.0035714421953474407,-0.016210416014479367,0.01092853203637989,,56.5,-0.012396826021767282,0.6413180182493472,0.6947139470050777,False,False,False
3057,16.25,2026-09-17,-0.038461516757525294,-0.05797101449275366,-0.19154230390060378,-0.11202182090308266,,15.2,-0.1877287139078917,0.6852959270467989,0.6799163288438281,False,False,False
3058,8.039999961853027,2026-09-17,-0.0049504903750891005,-0.00863128209464048,-0.16683934925610422,-0.2342857179187593,,12.1,-0.16302575926339213,0.8612718994607411,0.6563265274982063,False,False,False
3059,38.29999923706055,2026-09-17,0.013227513494491916,0.0017803348382483541,-0.2032445826212017,0.03883437082796126,,24.1,-0.19943099262848962,0.3064349305598634,0.7084662868465285,False,False,False
3060,26.649999618530277,2026-09-17,0.005660362963406662,-0.032667863646238526,-0.35654939873644487,-0.1964101774844912,,2.7,-0.3527358087437328,0.2826244042883191,0.6434506012635551,False,False,False
3062,21.200000762939453,2026-09-17,0.04691361792293591,0.04433505220216083,-0.17829451977321775,-0.12215316365170015,,16.0,-0.17448092978050567,0.5626396706610376,0.6503068023076345,True,False,False
3066,28.299999237060547,2026-09-17,0.1841004053874058,0.23043474943741504,0.2834467218255188,0.1791666348775227,,90.2,0.28726031181823086,1.5134632423964736,0.9370860437788289,True,False,False
3067,17.0,2026-09-16,0.030303030303030276,-0.005847975394087768,-0.1282051282051282,-0.06593410508987485,,27.4,-0.12439153821241611,0.12761545210432565,0.7981220943154382,False,False,False
3071,23.399999618530277,2026-09-17,0.006451596495925971,-0.040983607198115,-0.2861878726275042,-0.07930563191524187,,8.4,-0.28237428263479214,0.44825667054169804,0.6972118434537835,False,False,False
3073,20.850000381469727,2026-09-17,-0.06919639569003933,-0.07947016633006676,-0.05442171868985468,-0.2760416342428429,,23.1,-0.050608128697142596,0.3184494408881304,0.5024096477462585,False,False,False
3078,44.59999847412109,2026-09-17,0.024110201043746615,-0.08993545198207387,-0.12137408549910766,-0.18918749480309405,,19.4,-0.11756049550639558,0.535344636436794,0.5900418190267285,False,False,False
3081,2720.0,2026-09-17,-0.03886925795053009,0.014925373134328401,0.26195294204265185,0.9461935085249642,,95.1,0.26576653203536393,1.1161056063368,0.7705382436260623,False,False,False
3085,11.699999809265137,2026-09-17,0.008620640043697891,-0.020920502425963994,-0.025000015894571903,0.026315807085399046,,56.1,-0.021186425901859818,0.6558638083228248,0.726708045468821,False,False,False
3088,126.0,2026-09-17,0.0,-0.0039525691699604515,-0.10726367969874029,0.5469800766882875,,80.6,-0.1034500897060282,0.2875779657330514,0.8181818181818182,False,False,False
3090,160.0,2026-09-17,-0.06432748538011701,-0.09859154929577463,-0.5157440361861925,0.6344855348382445,,22.1,-0.5119304461934804,0.39123043248080147,0.47058823529411764,False,False,False
3092,22.149999618530277,2026-09-17,-0.04935620842000299,-0.05341880428964341,-0.32262999688874683,-0.33583206500839224,,1.8,-0.31881640689603474,0.5134362252478307,0.5859788377141971,False,False,False
3093,44.150001525878906,2026-09-17,-0.010089618018782831,-0.084024879106943,-0.31336129013579406,-0.1681352309668115,,4.4,-0.30954770014308197,0.15615895172413397,0.5930887894604793,False,False,False
3094,47.0,2026-09-17,0.12171833623851191,0.29655172413793096,0.12440193439833958,0.9836146257344109,,94.2,0.12821552439105166,1.511575778299183,1.0,True,True,False
3095,36.0,2026-09-17,0.024182032353406546,-0.01907358987431773,-0.07692307692307687,0.13029825961775288,,56.2,-0.07310948693036479,0.4330617798522244,0.7539267015706806,False,False,False
3097,25.299999237060547,2026-09-17,0.0059641996344108605,0.007968081774949676,-0.02980980097566943,0.1431371795364571,,66.6,-0.025996210982957346,1.7165314531636298,0.8320302079127414,False,False,False
3105,471.0,2026-09-17,0.020585048754062862,0.29573590096286106,-0.12939001848428833,0.33421441101443916,,65.7,-0.12557642849157624,1.183242242226284,0.7665786100632873,False,False,False
3114,30.350000381469727,2026-09-17,0.0016502028273328584,0.018488031047479758,-0.3801773256758333,0.22795067867751073,,13.5,-0.3763637356831212,0.15327442089525348,0.5639634583838209,False,False,False
3115,8.180000305175781,2026-09-17,-0.06300106138604167,-0.07986501807958324,-0.09111107720269096,-0.16530610755402497,,25.8,-0.08729748720997887,0.9477714446403271,0.6415686513863358,False,False,False
3117,28.399999618530277,2026-09-17,-0.003508785314727092,-0.008726003606586596,0.03839119643200983,3.1040461424012147,,98.2,0.04220478642472192,0.4777331647180936,0.5568627376182407,False,False,False
3122,24.450000762939453,2026-09-17,0.008247454141833144,-0.03168313810140777,-0.23233907472213344,-0.12050354554165477,,11.5,-0.22852548472942136,0.2519338798436003,0.6082089626595234,False,False,False
3128,20.25,2026-09-17,0.0175879592049748,0.003166492178257929,-0.11818435296905472,-0.1556359310472022,,22.6,-0.11437076297634263,1.6407629808060937,0.65086397628824,False,False,False
3130,208.0,2026-09-17,-0.004784688995215336,-0.01654846335697402,-0.003016369079181569,-0.0007810356481381397,,57.7,0.0007972209135305164,0.4214087992608643,0.9719626168224299,False,False,False
3131,2395.0,2026-09-17,-0.026422764227642226,0.01698513800424628,-0.31964294903688817,0.07923889384262228,,12.5,-0.3158293590441761,0.5058683500559906,0.6246043264867185,False,False,False
3135,161.5,2026-09-17,-0.03293413173652693,0.12697337605385584,-0.16701965543123276,0.20578270933544052,,45.1,-0.16320606543852068,0.30370995283426233,0.6619076395524446,False,False,False
3138,104.5,2026-09-17,0.15853662456289563,0.09538782315063754,-0.23103908629840597,-0.4279428045713709,,2.9,-0.22722549630569389,1.6309231250569636,0.4878924727766309,True,False,False
3141,94.4000015258789,2026-09-17,0.028970210402055496,0.332885454468677,0.20877744263576314,1.0759727139685502,,95.2,0.21259103262847523,1.5559629238648174,0.9245673963257606,False,False,False
3147,232.5,2026-09-17,0.04026845637583887,0.08103061271257017,-0.25172415892925637,0.3761394809384011,,45.1,-0.24791056893654428,1.0522037647010478,0.6841379310344827,False,False,False
3149,62.0,2026-09-17,0.009771961876388735,-0.04320992160326542,-0.40669856459330145,0.3932584269662922,,20.4,-0.40288497460058936,0.4482517120563933,0.5933014354066986,False,False,False
3150,15.0,2026-09-17,-0.07407411768057937,-0.12536441203224502,-0.2266992651188695,-0.03276795689646261,,15.6,-0.22288567512615742,1.045633324076118,0.6781252875167854,False,False,False
3152,219.5,2026-09-17,-0.028761061946902644,-0.015695067264574036,-0.3714250807350836,-0.07601707381649525,,4.1,-0.36761149074237154,0.3583642553959903,0.587611571491618,False,False,False
3158,86.0,2026-09-17,0.023809523809523725,0.03864730471376787,0.032412927362854616,-0.00421267753833765,,64.5,0.0362265173555667,3.248761857749228,0.7273577148451427,False,False,False
3162,72.69999694824219,2026-09-17,0.02683607082750261,0.16881022598891882,-0.1316764510553362,0.28651792378682006,,60.6,-0.12786286106262412,1.2405908796979064,0.7660080430999674,False,False,False
3163,652.0,2026-09-17,-0.07779349363507782,-0.08169014084507042,-0.11698153321674232,-0.1631524641851072,,22.0,-0.11316794322403023,0.4661113015973614,0.5932247646869162,False,False,False
3167,817.0,2026-09-17,-0.03655660377358494,0.17893217893217894,0.019835774609428425,1.2996296569262848,,94.6,0.02364936460214051,1.1651723986510876,0.8632679256687092,False,False,False
3168,42.75,2026-09-17,0.007067119709511571,0.03385735374948329,-0.05210639808490336,0.11120535322531655,,59.2,-0.048292808092191275,0.3800837150182989,0.8744610140485339,False,False,False
3169,101.5,2026-09-17,0.0,0.014999999999999902,-0.07594476703803521,0.05154319589803702,,47.9,-0.07213117704532312,0.4272999057381218,0.8489287639325648,False,False,False
3171,59.29999923706055,2026-09-17,-0.011666679382324241,-0.0617088841582083,-0.1165983686908667,0.026115918311737873,,38.0,-0.11278477869815462,0.6101048787548153,0.7999568454286207,False,False,False
3178,62.79999923706055,2026-09-17,0.04145937034213909,0.08089502386188419,-0.0872093539034221,0.17383176144038415,,58.6,-0.08339576391071002,0.5182466142545045,0.8452220276937769,True,False,False
3188,23.899999618530277,2026-09-17,0.0,0.0020964040360937908,0.00843877000643678,-0.22782846990834738,,37.5,0.012252359999148865,0.5285107629642787,0.7643830388660678,False,False,False
3189,805.0,2026-09-17,-0.026602176541717037,-0.051825677267373416,0.013037798432121495,1.1026808019608048,,93.7,0.01685138842483358,0.6794346902292815,0.8807439824945296,False,False,False
3191,16.549999237060547,2026-09-17,-0.0030121170638643946,-0.0881542928428608,-0.1704261351305305,0.1863798898454876,,42.9,-0.16661254513781842,0.28027499592980226,0.6257088377951829,False,False,False
3206,34.75,2026-09-17,-0.012784112306419071,-0.00429803780288307,-0.06475223722213619,-0.03618563504065431,,41.5,-0.0609386472294241,0.35318221784285775,0.8639906915346401,False,False,False
3207,37.150001525878906,2026-09-17,-0.032552082039829844,-0.05949363225623017,-0.44799405882183563,-0.45766421130103785,,0.3,-0.44418046882912354,0.522552373328645,0.44437801679361183,False,False,False
3209,45.34999847412109,2026-09-17,-0.02051837534759693,-0.023120727057586277,-0.20978557406657905,0.14740965795634708,,32.1,-0.20597198407386696,0.566108587141521,0.609649443992823,False,False,False
3211,360.5,2026-09-17,-0.03609625668449201,-0.023035230352303482,-0.18027928975687746,0.2221536285386141,,44.1,-0.17646569976416537,0.33028376538112014,0.7879781420765027,False,False,False
3213,124.0,2026-09-17,0.012244897959183598,-0.0641509433962264,-0.006937415761457122,0.27748338509680504,,77.1,-0.0031238257687450366,0.33060802499071373,0.8701754385964913,False,False,False
3217,128.0,2026-09-17,0.0039215686274509665,-0.05882352941176472,-0.2304320240372566,-0.14303635722455432,,10.6,-0.22661843404454451,0.3651175702440576,0.6561775048961389,False,False,False
3219,81.69999694824219,2026-09-17,-0.07474525340216553,0.18063584611642858,0.12268740065757733,0.2619618834688442,,86.1,0.1265009906502894,0.8241458090883484,0.8756698207493031,False,False,False
3221,47.09999847412109,2026-09-17,-0.007376233576201208,-0.015673981691046945,-0.19916077478956795,0.4149355158843844,,59.9,-0.19534718479685587,0.20530904212864703,0.7138702055223002,False,False,False
3224,33.29999923706055,2026-09-17,-0.0029940803667591886,-0.02915451959892512,-0.1417525801069236,-0.27292576873855534,,12.7,-0.1379389901142115,0.4663028426628652,0.6342856997535342,False,False,False
3226,56.70000076293945,2026-09-17,0.016129059824093295,0.08000001453217997,0.1595091818746186,0.15714287271305016,,85.1,0.16332277186733068,2.5052948233307117,0.9775862200506802,True,True,False
3227,182.5,2026-09-17,-0.00544959128065392,-0.07828282828282829,-0.16897750977015902,0.0033342354151737474,,26.9,-0.16516391977744693,0.28783194896570785,0.7451663455247634,False,False,False
3228,164.0,2026-09-17,-0.03244837758112096,0.17985611510791366,-0.16112531969309463,0.31726907630522083,,58.1,-0.15731172970038254,0.533742081840057,0.6368932038834951,False,False,False
3229,58.59999847412109,2026-09-17,-0.04560265443279632,0.13127411847904913,0.3022221883138019,2.301408364739216,,98.0,0.30603577830651396,4.31932934101545,0.8681481255425346,False,False,False
3230,41.79999923706055,2026-09-17,-0.010650905631703012,0.01703164936563728,0.3333332927730226,0.002398044899077467,,89.1,0.3371468827657347,0.2992057970420379,0.6582677045206385,False,False,False
3231,186.5,2026-09-17,0.008108108108108025,0.024725274725274637,0.18977934431843524,0.5163854475201923,,92.2,0.19359293431114732,0.5145586120969621,0.9419191919191919,False,False,False
3232,21.299999237060547,2026-09-17,0.09230765318259215,0.09230765318259215,-0.03108781541955008,-0.03108781541955008,,48.4,-0.027274225426837995,3.000625938260761,0.8077252592444236,False,False,False
3234,177.0,2026-09-17,-0.09230769230769231,0.2481903192733903,0.27338129496402885,0.893048128342246,,95.0,0.27719488495674094,1.0857474089663415,0.8388625592417062,False,False,False
3236,42.75,2026-09-17,-0.050000000000000044,-0.07304377862345379,-0.3487573767534753,0.3024852464930494,,22.2,-0.3449437867607632,0.27094489688089496,0.5923631803611227,False,False,False
3257,47.95000076293945,2026-09-17,0.026766594851792558,-0.033266083910113875,-0.2864582895759532,-0.10865393452071648,,7.5,-0.2826446995832411,0.21712101949364762,0.6443191086790977,False,False,False
3259,10.800000190734863,2026-09-17,-0.027027043281519503,-0.048458164955906824,-0.3665688754249584,-0.3513513250345528,,1.0,-0.36275528543224633,0.2802941632568755,0.4528301894337046,False,False,False
3260,395.0,2026-09-17,-0.029484029484029506,0.0,-0.08986175115207373,-0.2224409448818898,,21.5,-0.08604816115936165,0.46689149859597634,0.7775590551181102,False,False,False
3264,244.5,2026-09-17,0.018750000000000044,0.18401937046004835,0.03041288468821124,0.6192203514930106,,89.3,0.034226474680923324,1.139207849452455,0.9513618677042801,True,False,False
3265,168.0,2026-09-17,-0.01754385964912286,-0.06925207756232687,-0.11247876024222059,0.23996647938111404,,59.7,-0.1086651702495085,0.4665061330664189,0.8727272727272727,False,False,False
3266,13.899999618530272,2026-09-17,-0.010676197165001344,0.022058766812190544,0.06790583511620385,0.08805498978325188,,75.4,0.07171942510891594,0.7641267890470275,0.9823321550007246,False,False,False
3268,18.100000381469727,2026-09-17,0.016853997599312276,-0.016304306700008153,-0.237894720780222,0.20265781741401678,,32.1,-0.23408113078750992,0.36492400688108984,0.762105279219778,False,False,False
3272,14.0,2026-09-17,-0.020979034037302835,-0.007092225444273681,-0.15915913989457464,-0.18840579710144922,,14.7,-0.15534554990186256,0.30548904926406034,0.5645161463988565,False,False,False
3276,13.899999618530272,2026-09-17,-0.03135893735031159,-0.03806229743907763,-0.11131712951502448,-0.017442160687968222,,34.8,-0.1075035395223124,0.3644980495324627,0.7595628523514065,False,False,False
3284,19.850000381469727,2026-09-17,-0.0025125245235679827,-0.0364077663160941,-0.1618985671098936,0.04383694782177816,,31.6,-0.1580849771171815,0.3057506948450364,0.6547243362835755,False,False,False
3285,39.34999847412109,2026-09-17,-0.03316958878407805,0.07366976359702715,-0.21400399361716171,0.3670669033249623,,52.2,-0.21019040362444963,0.15334190005104825,0.7783202897316145,False,False,False
3287,38.5,2026-09-17,0.07843134950202169,0.05368426129877646,0.18637035964291848,0.354991623724662,,89.9,0.19018394963563057,0.8694923461613923,1.0,True,True,False
3288,20.049999237060547,2026-09-17,-0.014742070701991405,-0.0988764387837956,-0.12636171805980678,0.293548337874874,,62.3,-0.1225481280670947,0.5629022574819832,0.6843003330764597,False,False,False
3289,133.5,2026-09-17,-0.03260869565217395,-0.011111111111111072,-0.24797453392813074,-0.06420142526269901,,12.5,-0.24416094393541865,0.3966881636069442,0.6394895927736751,False,False,False
3290,46.75,2026-09-17,0.008630022417417171,-0.08153244403674398,-0.30570088381386273,0.07222851237431516,,13.1,-0.30188729382115065,0.47764518450813453,0.6699547675659033,False,False,False
3294,30.0,2026-09-17,0.022146494380989923,-0.016393442622950838,-0.25,-0.1746904742964951,,7.8,-0.24618641000728791,0.3418152335298111,0.5736137750981373,False,False,False
3296,25.75,2026-09-17,0.08879494356627093,0.05532788535146049,-0.16123780586074166,0.1839080459770115,,44.0,-0.15742421586802957,2.25520870956091,0.8387621941392583,False,False,False
3297,30.100000381469727,2026-09-17,0.11895913785571599,0.1168830994195007,-0.03679998779296878,-0.1853856627884084,,33.2,-0.032986397800256695,4.363770592286568,0.5,False,False,False
3303,48.400001525878906,2026-09-17,-0.012244866818797884,-0.08333329118863442,-0.1530957953594575,0.07787810479632196,,35.9,-0.1492822053667454,0.3117090590485225,0.7719298395046759,False,False,False
3305,101.0,2026-09-17,-0.0049261083743842304,-0.07762557077625576,-0.2995414254689929,-0.05099156010613348,,8.6,-0.2957278354762808,0.37863463342006154,0.6147308552978932,False,False,False
3306,44.79999923706055,2026-09-17,0.0011173013868279735,0.013574625877024404,-0.05549786482643959,-0.051654639055379814,,41.9,-0.051684274833727506,0.6305508644360241,0.6774879865241394,False,False,False
3308,21.700000762939453,2026-09-17,0.006960627897421912,0.09595967672173389,-0.02031597577159161,0.004629647208502563,,54.8,-0.016502385778879525,0.3476233508296066,0.823529428796505,False,False,False
3310,68.19999694824219,2026-09-17,0.0103703251591436,-0.01870507988140735,0.04441031793192707,-0.034036007029114246,,63.9,0.04822390792463915,0.9162006844155859,0.8163385143114097,False,False,False
3311,37.0,2026-09-17,0.1616954334960239,0.17834396335995373,-0.06601767409577508,0.14962655882975562,,60.1,-0.062204084103062995,4.936034951148136,0.9102370853277822,False,False,False
3312,48.75,2026-09-17,0.005154639175257714,-0.02562608162998281,-0.258377170808072,0.35278423614783705,,41.7,-0.2545635808153599,0.3122281138512197,0.6828604356107887,False,False,False
3313,10.449999809265137,2026-09-17,-0.03240744215634239,0.019512176513671875,-0.11440681013969145,-0.1961538608257587,,20.0,-0.11059322014697937,0.34538112057102,0.5318066163935501,False,False,False
3317,55.09999847412109,2026-09-17,-0.016071455819266278,-0.16999804051479883,-0.42814487706654203,0.19413184386250926,,8.1,-0.42433128707382994,0.16129487808770734,0.5263235106137522,False,False,False
3321,17.049999237060547,2026-09-17,-0.0029240434674705496,-0.05540166439158534,-0.3614232677953122,0.10355983479274311,,9.8,-0.3576096778026001,0.31405980202933154,0.6350092735502322,False,False,False
3322,10.649999618530272,2026-09-17,-0.04910716072333143,-0.05333336724175364,-0.30618896717509014,-0.1901140739561037,,4.2,-0.30237537718237806,0.6523251001914137,0.591666645473904,False,False,False
3323,27.0,2026-09-17,-0.0018484006828378696,-0.08629439265306071,-0.25,-0.23186347573494503,,5.9,-0.24618641000728791,0.3063744055903953,0.49815497453759994,False,False,False
3324,1385.0,2026-09-17,-0.03819444444444442,0.4004044489383216,0.28837209302325584,0.30923460008578285,,92.2,0.2921856830159679,1.228308185134878,0.9326599326599326,False,False,False
3325,11.149999618530272,2026-09-17,-0.00888892279730924,-0.013274386696699447,-0.12204726094594742,-0.18315018826858998,,19.9,-0.11823367095323534,0.6108904106463798,0.550617265112606,False,False,False
3332,60.5,2026-09-17,-0.03200000000000003,-0.024193548387096753,-0.03619195321131363,0.10932087066342788,,61.9,-0.03237836321860155,0.42045704162976083,0.7855944913470595,False,False,False
3338,66.0,2026-09-17,-0.01639342025537205,0.07317073170731714,-0.1138872425810129,0.016147470235927663,,37.4,-0.11007365258830082,0.5689492528983575,0.757241841494086,False,False,False
3339,44.95000076293945,2026-09-17,0.02978234115959455,0.19389107413562412,-0.06742738482483379,0.36626135799969806,,75.8,-0.0636137948321217,0.8602454659675772,0.6295518179596584,False,False,False
3346,20.299999237060547,2026-09-17,-0.0024570586472670852,0.025857907679163405,-0.1834171561756467,0.018183143597929607,,25.6,-0.1796035661829346,0.5743898769255952,0.696743036609456,False,False,False
3349,20.0,2026-09-17,-0.024390243902439046,-0.14893617021276595,0.09890105283544126,-0.24385635451386845,,53.6,0.10271464282815335,3.003254209059887,0.625,False,False,False
3354,29.25,2026-09-17,-0.03940889106314793,0.45161293070701647,-0.0051020279073654695,0.02811948033768319,,60.2,-0.0012884379146533842,3.0006988120195666,0.8262711508251491,False,False,False
3356,69.79060363769531,2026-09-16,0.02179771774232564,-0.05164394886114465,0.004880499817316197,0.25673460634420886,,77.2,0.008694089810028283,0.0,0.9266379721651855,False,False,False
3357,200.0,2026-09-17,-0.033816425120772986,-0.08466819221967958,-0.412864394126243,0.24050294353502633,,11.5,-0.4090508041335309,0.2683194346867526,0.5846048119284502,False,False,False
3360,14.600000381469728,2026-09-17,-0.0034129172943664354,-0.07006365867254716,-0.15362316629161,-0.04575162095024221,,25.3,-0.1498095762988979,0.12056326089490245,0.6389496777999899,False,False,False
3362,175.0,2026-09-17,-0.04109589041095896,-0.03581267217630857,-0.14634146341463417,0.7838940134761085,,85.4,-0.14252787342192208,0.8418419714048615,0.8293838862559242,False,False,False
3363,655.0,2026-09-17,-0.08263305322128855,0.12157534246575352,-0.0800561797752809,-0.019461077844311392,,40.1,-0.07624258978256881,0.7254087126971767,0.6616161616161617,False,False,False
3372,16.399999618530273,2026-09-17,0.13888889256818815,0.10437705031945188,-0.2053663573552651,-0.2807017470477505,,7.0,-0.201552767362553,1.1549087941208163,0.6393762129603485,True,False,False
3373,15.949999809265137,2026-09-17,-0.003125011920928955,-0.021562463838301626,-0.042007462412992025,-0.06435134918617391,,43.1,-0.03819387242027994,0.19603475150088634,0.7770641293058611,False,False,False
3374,429.0,2026-09-17,-0.12090163934426235,0.4347826086956521,0.5672576454062899,1.5747804174531903,,97.9,0.571071235399002,0.8939007129321133,0.8790983606557377,False,False,False
3376,175.5,2026-09-17,-0.07387862796833777,-0.05898123324396787,-0.14173148260150037,-0.22178688826071946,,14.7,-0.13791789260878828,1.2804376513027782,0.6846493376771884,False,False,False
3379,27.299999237060547,2026-09-17,0.014869874505675673,-0.0618557086190068,-0.20687650001817537,-0.2738152605796079,,7.2,-0.20306291002546328,0.2289049301182614,0.46244009515633816,False,False,False
3380,30.350000381469727,2026-09-17,-0.009787903451691338,0.1178637498306041,-0.13915175821501746,-0.15911694744823424,,19.0,-0.13533816822230538,0.7974689949586449,0.741717560632263,False,False,False
3388,80.5999984741211,2026-09-17,-0.030084236412814658,-0.13612008748372095,-0.09298171145177658,0.2748031093197296,,67.3,-0.0891681214590645,0.2408309911728446,0.6911329339299109,False,False,False
3390,21.649999618530277,2026-09-17,-0.006880716687148625,0.006976726443268744,-0.2571337564152578,-0.00951165361252504,,13.8,-0.25332016642254573,0.44060779590299654,0.7292242588317981,False,False,False
3402,125.5,2026-09-17,0.008032128514056325,0.028688524590164022,-0.07777093919877842,0.035229442579615355,,45.8,-0.07395734920606634,0.16776925348942337,0.8288388008677003,False,False,False
3406,965.0,2026-09-17,-0.09813084112149528,0.4687975646879756,0.24677002583979335,1.2066201143535835,,95.9,0.25058361583250544,2.084435974887889,0.8693693693693694,False,False,False
3413,281.0,2026-09-17,-0.00881834215167554,-0.025996533795493937,-0.12461059190031154,-0.04848252118534602,,29.6,-0.12079700190759945,0.3036393820445552,0.7356020942408377,False,False,False
3416,161.0,2026-09-17,0.0,-0.04242698154697566,-0.017759062154250604,0.15845688780520906,,69.6,-0.013945472161538519,0.26418400237547157,0.8623042319472017,False,False,False
3419,10.75,2026-09-17,-0.048672582429319045,-0.10788383154835313,-0.2482517582786432,-0.3404907666769562,,3.8,-0.24443816828593112,0.6231961207560828,0.5988857684170708,False,False,False
3430,102.5,2026-09-17,-0.009661835748792313,-0.12765957446808507,-0.30580432342831865,0.26255779295972315,,25.5,-0.30199073343560656,0.32503327761444456,0.5655708540528745,False,False,False
3432,14.149999618530272,2026-09-17,-0.013937335025978048,-0.01736111157102349,-0.25329820322733454,-0.1292307927058295,,9.2,-0.24948461323462245,0.3239029440832599,0.6261061672429081,False,False,False
3434,31.200000762939453,2026-09-17,0.07401038149206007,0.05535526253224976,0.09082937126181156,0.09635724207117846,,77.9,0.09464296125452365,3.3625738078661778,0.9014493255188334,False,False,False
3437,20.350000381469727,2026-09-17,0.032994903216099436,0.21492539590864035,-0.12473116638839887,-0.17777776236485954,,19.9,-0.12091757639568679,2.1407074807392688,0.6806020281303944,True,False,False
3438,62.400001525878906,2026-09-17,0.008077544227377054,0.08521741784137227,-0.18781500012810026,0.3711080010202559,,58.2,-0.18400141013538818,0.22187370098600356,0.8070445580467904,False,False,False
3441,192.5,2026-09-17,0.2748344370860927,1.175141242937853,1.2228637805060156,5.168586096553461,,98.9,1.2266773704987277,2.2245451871892414,1.0,True,True,False
3443,6500.0,2026-09-17,0.04417670682730934,0.2275731822474032,0.3669821240799158,1.5017672771959836,,97.2,0.3707957140726279,0.9865315706200275,1.0,True,True,False
3444,85.4000015258789,2026-09-17,0.04914004821889728,0.12073497304580871,-0.08539714883093374,0.36405663439402525,,73.9,-0.08158355883822166,0.7043496719363337,0.74413644850593,False,False,False
3447,27.450000762939453,2026-09-17,0.01478748751056802,0.020446139487314552,-0.3032995000035823,-0.31912541595133637,,2.4,-0.2994859100108702,0.5394472923318052,0.4031750064040918,False,False,False
3450,525.0,2026-09-17,0.003824091778202643,-0.07407407407407407,-0.0574506283662477,0.8854952269127614,,90.7,-0.05363703837353562,1.1150156679256111,0.8126934984520123,False,False,False
3455,246.0,2026-09-17,0.07423580786026207,0.009514960735828915,-0.06259319204696079,0.9711477728472153,,91.8,-0.0587796020542487,1.1751104138519837,0.8043554726146995,False,False,False
3465,29.25,2026-09-17,0.0017123025943206471,-0.0051020279073654695,-0.266917321268055,-0.317386206730782,,3.4,-0.2631037312753429,0.2684500745211833,0.5635837984593327,False,False,False
3466,23.799999237060547,2026-09-17,-0.04609224411676616,-0.04032258188563265,-0.2798789777165118,-0.34794522638190284,,2.8,-0.27606538772379974,0.4888102091356556,0.4852191561111801,False,False,False
3467,73.5,2026-09-17,0.3789868865306474,0.5995647177285957,0.07591231158843104,0.9663223793300235,,93.7,0.07972590158114312,7.366470277079931,0.9565207548833355,True,True,False
3479,130.0,2026-09-17,-0.022556390977443663,-0.007633587786259555,-0.005658969999067454,0.5254095417413474,,86.4,-0.0018453800063553683,0.2669871574793043,0.8306709265175719,False,False,False
3481,48.5,2026-09-17,-0.017223880453954288,0.03743315508021383,-0.26515151515151514,0.8175858586667246,,78.3,-0.26133792515880305,0.37882323865957995,0.6840620445162786,False,False,False
3483,74.0,2026-09-17,-0.03645837162103771,0.049645390070921946,-0.18664707328633112,-0.08194849393154302,,17.7,-0.18283348329361904,0.547994381243724,0.6756537158792132,False,False,False
3484,45.900001525878906,2026-09-17,0.026845654193687896,-0.06461275105802744,-0.08759958755325625,0.042461803333355475,,44.5,-0.08378599756054417,0.31568065485585756,0.8759706548181695,False,False,False
3485,196.0,2026-09-17,-0.01754385964912286,-0.02970297029702973,-0.37181846635367766,-0.02806779661016945,,4.9,-0.36800487636096557,0.2912176881408218,0.5192858990944372,False,False,False
3489,22.200000762939453,2026-09-17,0.0,-0.0672268287987855,0.13131743359392045,0.09703503865289842,,81.7,0.13513102358663254,0.20609307228260282,0.8457143147786458,False,False,False
3490,45.34999847412109,2026-09-17,0.1101591228418477,-0.030982922790118717,0.3797548568450786,0.8179019816858479,,95.5,0.3835684468377907,1.5718934554684574,0.8305860758515543,False,False,False
3491,1485.0,2026-09-17,0.09594095940959413,0.21224489795918378,0.015515996410459643,0.06629184518734599,,67.7,0.019329586403171728,0.8889738726583647,0.6785493722490156,False,False,False
3492,18.899999618530277,2026-09-17,-0.02072536965505034,-0.006652064077630637,-0.1302783641334636,-0.1786958319968237,,18.9,-0.12646477414075152,0.6887335294861683,0.7012896341221753,False,False,False
3494,7.070000171661377,2026-09-17,-0.002820871720180973,-0.008415139104699154,-0.11845389424917774,-0.14199024659657467,,23.4,-0.11464030425646565,0.7275907572106737,0.6312500260770325,False,False,False
3498,184.5,2026-09-17,-0.03403141361256545,-0.03149606299212604,0.5,1.4567244174256189,,97.6,0.5038135899927121,1.3350555405546503,0.8870192307692307,False,False,False
3499,13.75,2026-09-17,0.02230484721109116,0.07843137254901955,-0.06462583820350598,-0.2607527033333583,,22.8,-0.060812248210793896,1.0321356110030977,0.6440280915373667,False,False,False
3501,38.09999847412109,2026-09-17,-0.024327804903971906,-0.03787878933834454,-0.019366644889402318,-0.17727375470191153,,36.9,-0.015553054896690233,0.44503355015448043,0.6915155752025018,False,False,False
3504,78.69999694824219,2026-09-17,-0.06197859932139316,0.0038264721495477882,-0.13989074373505805,0.32046978126038894,,62.3,-0.13607715374234597,0.5647410629909206,0.8345704602474578,False,False,False
3508,21.600000381469727,2026-09-17,0.03349286008210339,-0.050549433781550523,0.15817698784338763,-0.5869980746354648,,32.3,0.16199057783609971,0.8780249773974156,0.41300192536453517,False,False,False
3511,18.600000381469727,2026-09-17,-0.02872058736379035,-0.038759689158364474,-0.23613962669075483,-0.005347613764161596,,16.1,-0.23232603669804275,0.15647840280538639,0.6607460260577027,False,False,False
3512,19.100000381469727,2026-09-17,-0.0052083529945868845,-0.03045687097629335,0.009666742152117713,0.009666742152117713,,61.1,0.013480332144829799,0.331511490298818,0.908480111537131,False,False,False
3515,211.0,2026-09-17,-0.04740406320541757,-0.040909090909090895,-0.09995998403527018,0.006408421981763723,,39.0,-0.09614639404255809,1.2848399281902083,0.6560292119790824,False,False,False
3516,25.0,2026-09-17,-0.027237382963384404,-0.013806720954748775,-0.0841374637891491,0.30498550220764886,,70.6,-0.08032387379643702,0.3239021704165699,0.8595979894620023,False,False,False
3518,31.100000381469727,2026-09-17,0.054237301066770494,0.12274366515827762,0.006472516679887352,0.37915749151589306,,82.8,0.010286106672599438,0.6484107529482709,0.7994858396285642,False,False,False
3520,17.399999618530273,2026-09-17,-0.002865394969802648,-0.046575363368204226,0.035714310042713304,0.14851485522468133,,75.1,0.03952790003542539,0.1344596370452693,0.8810126389129252,False,False,False
3521,12.0,2026-09-17,-0.0041493933563011565,-0.008264494075791218,-0.020408163265306145,-0.12408757904620171,,41.6,-0.01659457327259406,0.2634087738144956,0.7142857467236177,False,False,False
3523,15.050000190734863,2026-09-17,0.03082190393887063,0.0,-0.17307694726139333,-0.059374988079071045,,21.3,-0.16926335726868125,1.0659504737418424,0.6473118361606393,False,False,False
3526,265.0,2026-09-17,-0.02930402930402931,-0.06525573192239864,-0.1808346213292118,-0.04983488819678472,,20.8,-0.1770210313364997,0.5298819082835283,0.6708860759493671,False,False,False
3527,50.09999847412109,2026-09-17,0.014169978271670214,-0.017647088742723804,-0.2724670041808148,-0.05420713687070189,,10.9,-0.26865341418810273,0.517965322400099,0.7223877592329389,False,False,False
3528,82.19999694824219,2026-09-17,-0.022592170753291563,-0.004963950887095336,-0.24015430890696676,0.3267146913079406,,42.9,-0.23634071891425468,0.4607321248432398,0.5970215963852384,False,False,False
3529,2710.0,2026-09-17,-0.0073260073260073,0.1991150442477876,-0.14225178225533064,-0.017066925708598246,,29.2,-0.13843819226261855,0.9327908526506555,0.5797320652808589,False,False,False
3530,57.09999847412109,2026-09-17,0.008833922499637659,0.036297641658544544,-0.21352218216851593,-0.06740761891790814,,15.3,-0.20970859217580384,0.48605125876753796,0.7307274839225446,False,False,False
3531,21.299999237060547,2026-09-17,-0.0023419739351656643,-0.02293578061920243,-0.07592191140667337,0.036287538316762014,,46.4,-0.07210832141396128,0.33531612276761547,0.9044585956308999,False,False,False
3532,441.5,2026-09-17,0.076829268292683,0.23842917251051898,0.16895770570951418,1.891833145635966,,97.2,0.17277129570222627,1.0383727791904627,0.844168260038241,True,False,False
3533,1555.0,2026-09-17,-0.012698412698412653,-0.04012345679012341,-0.31638264360136414,-0.22040679414558462,,3.3,-0.31256905360865206,0.7338554936273896,0.5552891648657687,False,False,False
3535,86.5,2026-09-17,0.011695906432748648,-0.006888616356283461,-0.3268482490272373,-0.30522088353413657,,1.9,-0.3230346590345252,0.676842418307624,0.5824915824915825,False,False,False
3537,52.70000076293945,2026-09-17,-0.0075329137980404415,-0.06394313539797214,-0.3622991021311921,0.2407754803529356,,15.8,-0.35848551213848,0.157267055418392,0.6120789976410904,False,False,False
3540,23.0,2026-09-17,0.03139016981561671,0.14143922756449157,-0.08122298451150722,-0.19824450030039342,,24.7,-0.07740939451879514,0.5259959373478603,0.6235876016638761,False,False,False
3541,22.0,2026-09-17,0.0,0.011494252873563315,0.0068649709799311065,-0.0794978932575865,,51.8,0.010678560972643192,0.9301368333227116,0.8208955457572238,False,False,False
3543,44.29999923706055,2026-09-17,0.05100824752904454,0.017221584687463265,0.43134081244052247,-0.12991488839469345,,89.9,0.43515440243323456,0.3756141906182965,0.8128440226983586,False,False,False
3545,50.5,2026-09-17,0.01814519261222336,0.022267174901702047,-0.1611923521677835,0.1787607666114992,,43.6,-0.1573787621750714,0.5343933818192632,0.7323114300855544,False,False,False
3548,79.0,2026-09-17,-0.030674846625766916,0.06040268456375841,-0.10052436101861761,-0.04127742175018667,,34.6,-0.09671077102590553,0.5766186014065393,0.6901149304249217,False,False,False
3550,22.75,2026-09-17,0.013362994515162097,0.006637151150371778,-0.366295291558681,0.16368290986289535,,11.9,-0.36248170156596893,0.30786636402870304,0.610738255033557,False,False,False
3551,176.0,2026-09-17,-0.008450704225352101,0.014409221902017322,-0.15371050155682942,0.013163450547618583,,29.9,-0.14989691156411733,0.35750908352897603,0.799273398906398,False,False,False
3552,41.150001525878906,2026-09-17,-0.021403037515121626,-0.10054641473488735,-0.19720095655144942,-0.09696003284260846,,15.3,-0.19338736655873734,0.8518068716266209,0.5435946520719407,False,False,False
3555,173.5,2026-09-17,-0.08443271767810023,0.08437500000000009,-0.1410891089108911,-0.22717149220489974,,14.4,-0.13727551891817902,0.5407988755804666,0.6286231884057971,False,False,False
3556,56.900001525878906,2026-09-17,0.012455529420580813,-0.07779577273431248,-0.24934037948486087,0.38885250810606564,,47.0,-0.2455267894921488,0.199936958730242,0.7281111142135196,False,False,False
3557,23.0,2026-09-17,-0.033613414399392694,-0.05737703444335562,-0.11204704537493437,-0.23723386402654534,,17.2,-0.10823345538222229,0.8189369875362661,0.5633018975630255,False,False,False
3558,123.0,2026-09-17,0.020746887966804906,0.019477880003308412,-0.05688747388896931,-0.0007498471856309807,,46.5,-0.05307388389625722,0.30213322052587904,0.7630637135019939,False,False,False
3563,659.0,2026-09-17,-0.013473053892215536,-0.022255192878338326,-0.07839610171340439,-0.08717327427650379,,34.4,-0.0745825117206923,0.5105237489974455,0.7010737989814906,False,False,False
3564,48.20000076293945,2026-09-17,0.019027516710269587,0.04555319649299405,0.023057316382968374,0.08857889709558453,,70.5,0.02687090637568046,0.4592604306123035,0.836645237825965,False,False,False
3567,25.149999618530277,2026-09-17,-0.003960411147315712,-0.005928838855874141,-0.09954103088550936,-0.02898270035423467,,36.0,-0.09572744089279728,0.13251855723427475,0.7994858273594513,False,False,False
3570,169.5,2026-09-17,0.039877300613496924,0.04307692307692301,0.0049672287748789845,0.0521210582820415,,64.7,0.00878081876759107,1.6103722211102445,0.9222964154127885,True,True,False
3576,16.299999237060547,2026-09-17,-0.02102104441373087,-0.026865717190415084,-0.0969529126852744,-0.3278350830078125,,13.9,-0.09313932269256231,0.288208232467237,0.6104868453668931,False,False,False
3577,118.5,2026-09-17,0.08715596330275233,-0.008368200836820106,-0.021820376437154954,0.8828808575406333,,91.7,-0.018006786444442868,0.23384440992590644,0.740625,True,False,False
3580,94.5999984741211,2026-09-17,0.09744781697524418,0.21593823603306017,-0.06484901383267139,0.3538555926500493,,75.4,-0.0610354238399593,2.0980032847572736,0.8482564696652499,True,False,False
3581,96.1999969482422,2026-09-17,-0.0427861000174905,-0.08815168769438675,-0.45711977990515074,0.2549699408391446,,8.2,-0.45330618991243865,0.4319704959399567,0.3451167062515506,False,False,False
3583,688.0,2026-09-17,-0.035063113604488105,-0.025495750708215303,-0.2189020813562822,0.6672174168598184,,75.7,-0.2150884913635701,0.5307135088198932,0.7188364791565524,False,False,False
3585,44.650001525878906,2026-09-17,-0.046958314191993256,-0.07172551055481546,-0.4926136190241034,1.6656717328882928,,89.4,-0.4888000290313913,0.46938245047019606,0.2706060698538115,False,False,False
3587,236.0,2026-09-17,-0.03673469387755102,-0.06163021868787277,-0.25723436102496644,0.14791049286872537,,24.2,-0.25342077103225435,0.4811431951963554,0.6058416365237541,False,False,False
3588,51.29999923706055,2026-09-17,-0.02840909131959124,-0.019120459169937876,-0.2205293681841899,0.041913506064805484,,21.8,-0.2167157781914778,0.19481694916952258,0.6808814993665082,False,False,False
3591,26.370750427246094,2026-09-16,0.040716992053787315,0.20063219194319992,0.027680977009413965,0.23064792994870764,,78.3,0.03149456700212605,0.0,0.8712551613507369,False,False,False
3592,223.5,2026-09-17,0.009029345372460584,-0.00666666666666671,-0.17289149190373865,0.09639962723016304,,34.0,-0.16907790191102656,0.38301512022253165,0.7883810048314879,False,False,False
3593,9.899999618530272,2026-09-17,-0.03883500629100989,-0.10000003467906626,-0.381250023841858,-0.23255814641192973,,1.7,-0.37743643384914594,0.46651719946631953,0.49624056340495076,False,False,False
3594,46.09999847412109,2026-09-17,-0.005393743435387233,-0.08540280278416679,-0.03205134417712019,0.10229025876120423,,62.0,-0.028237754184408104,0.1518349487147916,0.7743589618721937,False,False,False
3595,1300.0,2026-09-17,-0.11564625850340138,0.0038610038610038533,-0.3996895404628392,-0.048288185944127315,,3.6,-0.39587595047012714,0.9857310795177251,0.5308868616169736,False,False,False
3596,154.0,2026-09-17,-0.003236245954692518,-0.03749999999999998,-0.18085106382978722,-0.17652017751348914,,13.3,-0.17703747383707513,0.506107508264454,0.717812023186952,False,False,False
3597,26.299999237060547,2026-09-17,-0.01865671694902782,-0.011278238349882397,0.01153843219463635,0.14122287233844455,,72.3,0.015352022187348435,0.435332668623627,0.8504654445643672,False,False,False
3603,6.170000076293945,2026-09-16,-0.03442876287768171,-0.09264707305439579,-0.24756094880362134,-0.15825373253559494,,8.3,-0.24374735881090925,0.3861455745783479,0.46044777999558467,False,False,False
3605,140.0,2026-09-17,0.09375,0.17647058823529416,0.7707137383048968,1.2868153704976804,,97.9,0.7745273282976088,1.3678252896232943,1.0,True,True,False
3607,13.699999809265137,2026-09-17,0.014814800686306473,-0.014388475881575769,-0.15132751706827918,-0.004498280470753291,,28.6,-0.1475139270755671,0.5008870966099663,0.7860655505373353,False,False,False
3609,22.200000762939453,2026-09-17,0.15624999379118298,-0.07499996821085608,-0.1956521573874963,-0.20855610100665856,,10.8,-0.19183856739478422,2.6005533589474403,0.4269230915949895,True,False,False
3611,181.0,2026-09-17,-0.010928961748633892,-0.037234042553191515,-0.023438273100033324,0.012826557570940977,,55.0,-0.01962468310732124,0.7837781707549554,0.8859295208242077,False,False,False
3615,36.20000076293945,2026-09-17,0.03133909790991529,0.005555576748318192,-0.3960285699683612,0.10290435964841826,,7.1,-0.39221497997564914,0.6757478584940528,0.6039714300316388,False,False,False
3617,243.5,2026-09-17,0.01882845188284521,-0.05252918287937747,0.1995522017037712,0.4642098403831201,,91.9,0.20336579169648328,0.4868426724293502,0.9365384615384615,False,False,False
3622,45.95000076293945,2026-09-17,-0.024416088077232057,0.0035577490411831114,-0.13498650938483192,-0.18135239537086034,,17.9,-0.13117291939211984,0.8422030967800956,0.6694967368089793,False,False,False
3623,28.399999618530277,2026-09-17,0.04797045087679974,0.31786545818941203,0.21888414371094767,0.1451613101701219,,87.4,0.22269773370365975,4.8270922834228935,0.890282130349403,True,True,False
3624,118.0,2026-09-17,0.0396475770925111,0.31549614286037486,-0.32589032492299597,1.3013608781494832,,88.6,-0.3220767349302839,4.618262115005655,0.674109675077004,False,False,False
3625,11.75,2026-09-17,-0.03292178033653781,-0.06746034569330539,-0.2610062715783813,-0.29850746268656714,,4.0,-0.2571926815856692,0.24687501042223756,0.34057971014492755,False,False,False
3628,74.0,2026-09-17,-0.03014420654999994,0.07402029551778067,0.02296137884497962,0.1968805650704213,,76.2,0.026774968837691704,1.8268005500705695,0.7782730897528194,False,False,False
3630,25.850000381469727,2026-09-17,-0.024528287491708434,0.027833032745801622,-0.23179794326043346,-0.15245900388623845,,9.9,-0.22798435326772137,0.33303010635940083,0.671428581336876,False,False,False
3631,40.150001525878906,2026-09-17,0.028169073247366283,-0.026666629675662912,0.1774194522720942,0.40384618847391907,,90.6,0.1812330422648063,0.8655052894207036,0.9083710595666694,False,False,False
3632,7.079999923706055,2026-09-17,-0.004219438712376067,-0.015299044873294254,-0.10718788436728732,-0.22707423126144466,,18.7,-0.10337429437457524,0.6561306335439435,0.6941176525586755,False,False,False
3633,144.0,2026-09-17,-0.0034602076124568004,0.047272727272727355,0.23043400995671215,0.6681589713721079,,93.8,0.23424759994942423,0.3638078906611198,0.9381107491856677,False,False,False
3645,68.80000305175781,2026-09-17,-0.025495686420206942,0.04400609193825411,-0.2731070483455842,-0.13653391351257882,,7.4,-0.2692934583528721,0.454038650994912,0.5945055978863556,False,False,False
3646,24.950000762939453,2026-09-17,0.0309917345601316,0.127138536770812,0.11024354174264706,0.062466709043005775,,78.2,0.11405713173535914,1.0782709494460228,0.8787859855218157,True,True,False
3652,33.5,2026-09-17,0.010558022866088423,-0.017595263958045004,-0.1850606428368995,0.26999679457491377,,48.0,-0.1812470528441874,0.1148430800639812,0.8149393571631005,False,False,False
3653,5355.0,2026-09-17,-0.07512953367875652,-0.019230769230769273,0.40318984947398806,0.3816022698154704,,94.0,0.40700343946670015,0.9964233511513702,0.8939899833055092,False,False,False
3659,7.699999809265137,2026-09-17,0.05741285565650234,-0.4087584361765041,-0.6342430136143093,-0.7356467860858744,,0.1,-0.6304294236215973,1.2482731608218443,0.21339767374814025,False,False,False
3661,3295.0,2026-09-17,-0.18742293464858195,-0.08519638699098231,-0.23219952326500892,0.031284798637171374,,19.3,-0.22838593327229684,1.3173394009888064,0.6178115195862116,False,False,False
3663,61.0,2026-09-17,0.016666666666666607,0.0,-0.2906976744186046,-0.18120805369127513,,5.3,-0.2868840844258925,0.648503637139302,0.6652126720836201,False,False,False
3664,8.149999618530273,2026-09-17,0.0751978496782797,0.35833326975504565,0.09838268662133753,-0.3607843436446845,,41.7,0.10219627661404962,1.131852854555765,0.3918269191091581,False,False,False
3665,2010.0,2026-09-17,0.041450777202072464,-0.08636363636363631,0.018901059189491365,0.17884478091250156,,74.9,0.02271464918220345,0.8458635393870407,0.6896643003127756,False,False,False
3666,25.0,2026-09-17,0.0,0.0,-0.017681758328068398,-0.021526389568840676,,52.5,-0.013868168335356312,0.37410953896341276,0.7587253238585285,False,False,False
3669,32.54999923706055,2026-09-17,-0.009132397290577798,-0.13084115957423292,-0.06565623328407644,-0.05109850350506251,,39.9,-0.06184264329136435,0.22190440704290934,0.7649823694640606,False,False,False
3672,11.800000190734863,2026-09-17,0.004255335381690539,-0.07812499883584678,-0.008403313529497303,0.017241362300696395,,58.7,-0.004589723536785217,0.1287497120908852,0.7612903348861202,False,False,False
3673,63.79999923706055,2026-09-17,0.019169341728267675,0.07226889474051346,-0.2611730609621049,0.44819901495235825,,51.0,-0.2573594709693928,0.45662661164678076,0.6955977025893285,False,False,False
3675,284.0,2026-09-17,0.0708175131903086,0.04177190887907889,-0.2887656280905001,0.3915454686420812,,39.5,-0.284952038097788,1.984105868193895,0.64011093471855,False,False,False
3678,50.0,2026-09-17,-0.015748016714081325,-0.011857677711748393,0.02064145172292431,0.2291596060072325,,77.5,0.024455041715636394,0.7822572449776576,0.6611867078630431,False,False,False
3679,107.5,2026-09-17,0.004672897196261738,-0.0182648401826484,-0.02714932126696834,-0.03375179831225583,,49.1,-0.023335731274256255,0.5024774818563339,0.891921412237599,False,False,False
3680,527.0,2026-09-17,-0.01495327102803734,0.14316702819956606,-0.03656307129798908,0.3524416177450822,,78.1,-0.032749481305276995,0.8642082688854942,0.862840146039014,False,False,False
3684,54.09999847412109,2026-09-17,0.0018518235948350448,0.0018518235948350448,-0.05131555640228014,-0.05605111464853696,,42.4,-0.04750196640956805,1.810817833850647,0.8092913930412988,False,False,False
3685,35.849998474121094,2026-09-17,-0.02713704318610133,-0.020491804133005553,0.18316829626425313,0.09633020298738626,,84.7,0.1869818862569652,0.5235688004948127,0.7836065240245048,False,False,False
3686,14.149999618530272,2026-09-17,-0.007017570629454628,-0.007017570629454628,-0.17492711759355106,-0.2942643313234984,,9.0,-0.17111352760083898,0.7519865246317373,0.6072961408523802,False,False,False
3687,61.0,2026-09-17,-0.025559081679251583,-0.06441713412312389,-0.19692340822856513,-0.07062356648243562,,16.9,-0.19310981823585305,0.25428347409075214,0.7369408637408308,False,False,False
3689,108.0,2026-09-17,-0.018181818181818188,0.014084507042253502,-0.07147115575530716,-0.09767963716407613,,34.7,-0.06765756576259507,0.4485512077151015,0.7879416962900918,False,False,False
3691,94.9000015258789,2026-09-17,-0.024665996409087843,-0.06502461550858218,-0.41419752144519195,-0.18189653857000943,,1.3,-0.41038393145247987,0.3571481523520398,0.5598820149019405,False,False,False
3693,697.0,2026-09-17,0.00868306801736618,0.3920771424675791,0.3785091048987228,0.2129934510143201,,92.8,0.3823226948914349,1.5769402132397603,0.9713945266100552,False,False,False
3694,50.20000076293945,2026-09-17,0.015166834953056041,-0.009861932790452554,-0.16018119154886168,-0.08651286376780887,,21.2,-0.1563676015561496,0.2942811529720677,0.6176603361894202,False,False,False
3701,41.25,2026-09-17,0.003649672298001727,0.05095541401273884,-0.14684588827694167,-0.375,,7.9,-0.1430322982842296,0.5608347450545389,0.5248091704935781,False,False,False
3702,111.0,2026-09-17,0.02777777777777768,0.07864000983372677,0.0211125254830844,0.2352167632990061,,77.9,0.024926115475796484,0.6223709909900217,0.8836550749002706,True,False,False
3703,19.950000762939453,2026-09-17,0.002512620370234364,0.020460436904807144,-0.022058859278446197,-0.0697632266778585,,46.5,-0.01824526928573411,0.38937722822121545,0.870408230857594,False,False,False
3704,40.29999923706055,2026-09-17,0.022842580617427055,-0.02891568103468567,-0.1619321154417478,0.1937237880052738,,44.8,-0.1581185254490357,1.1746606262656032,0.7996031352572022,False,False,False
3706,80.5,2026-09-17,-0.018292682926829285,0.012906588844036282,0.05115130764595244,0.11900889412655058,,75.2,0.05496489763866452,0.501492010413862,0.8586039203840735,False,False,False
3707,61.900001525878906,2026-09-17,0.0016181600332187962,0.008143322273196585,-0.32349725108329064,0.028239214973332816,,9.8,-0.31968366109057855,0.625371122736186,0.615920413192825,False,False,False
3708,96.5,2026-09-17,-0.01731157842233144,-0.049261083743842415,-0.11448341024387665,-0.14052800343667904,,23.9,-0.11066982025116456,0.8141350684145798,0.7661211053558497,False,False,False
3709,63.0,2026-09-17,0.0,-0.07352941176470584,-0.13191866741502323,-0.09680798073723773,,24.7,-0.12810507742231114,0.2458114983534914,0.6970814300680321,False,False,False
3710,8.321319580078125,2026-09-16,-3.4381830160690185e-07,-0.02471516166826171,-0.19212622833249005,-0.1805114008515396,,12.2,-0.18831263833977796,0.0,0.5480767581928987,False,False,False
3711,614.0,2026-09-17,-0.055384615384615365,0.04421768707482987,-0.08069410054743786,0.7856258709224675,,87.9,-0.07688051055472578,0.629696040440939,0.8522863386641105,False,False,False
3712,20.75,2026-09-17,-0.021226450318158285,0.012195121951219523,0.14958453612539602,-0.09978305046372982,,74.3,0.1533981261181081,0.3473607621312976,0.5193992391421735,False,False,False
3713,14.050000190734863,2026-09-17,-0.031034469604492188,-0.0506756750225934,-0.0664451818821653,-0.18786122483540024,,27.5,-0.06263159188945322,0.7730171898245153,0.5090579708892992,False,False,False
3714,65.5,2026-09-17,0.056451612903225756,0.18659418649819703,-0.08836025142572201,0.3702791300885695,,73.9,-0.08454666143300993,0.8915825136237073,0.8164439563127408,False,False,False
3715,118.5,2026-09-17,-0.06692913385826771,0.10232558139534875,-0.38689576475793164,-0.3740222341750109,,0.7,-0.38308217476521955,0.5083581390591946,0.585989035553525,False,False,False
3717,22.899999618530277,2026-09-17,0.06759901184227846,0.031531478897937504,0.03959686186427369,0.23088272111086483,,79.7,0.04341045185698578,0.2242140294221652,0.786339051238333,False,False,False
4113,15.850000381469728,2026-09-17,0.012779601777283656,0.06734006561022254,-0.03353653962522685,-0.0968660358685891,,41.8,-0.02972294963251476,0.5178279323829214,0.6096153992872972,False,False,False
4154,11.25,2026-09-17,-0.09999999999999998,-0.021739130434782594,-0.13127411847904924,0.0869564816771986,,40.5,-0.12746052848633715,0.8040731882675743,0.6232687244053352,False,False,False
4171,16.5,2026-09-17,-0.006024119227211244,-0.037900853235469434,-0.048991375376426505,-0.12234038991483287,,36.7,-0.04517778538371442,0.20222089797439793,0.6226415094339622,False,False,False
4303,34.849998474121094,2026-09-17,-0.05555563596169755,0.03458574241122769,0.04538502503806452,-0.12304821569456192,,55.1,0.049198615030776605,0.43722080984972395,0.6571383933304724,False,False,False
4304,15.699999809265137,2026-09-17,-0.1277777883741591,-0.26291078067513696,-0.34446766976477416,-0.4280510246665684,,0.9,-0.3406540797720621,1.7741369930435056,0.44475921100820076,False,False,False
4305,42.70000076293945,2026-09-17,0.01909305985505605,-0.0183907870588631,0.0406624993863991,0.052624110313884476,,70.4,0.04447608937911118,0.7836926053630342,0.9552572714571811,False,False,False
4306,14.600000381469728,2026-09-17,-0.02013417749940416,-0.04575162095024221,-0.05613947908048067,0.14108521238249438,,61.1,-0.052325889087768584,0.7019194067174179,0.9238997994352033,False,False,False
4401,13.949999809265137,2026-09-17,0.00722017509322237,-0.0035714421953473297,0.03333331920482485,-0.02866666896867165,,61.9,0.03714690919753694,1.0665929203539821,0.8208450807605341,False,False,False
4402,14.449999809265137,2026-09-17,0.010489483673395972,-0.08253969464983257,-0.14749267499388408,-0.1549707902390599,,18.1,-0.143679085001172,0.1786289018813357,0.6963855329766331,False,False,False
4406,10.100000381469728,2026-09-17,0.010000038146972923,0.010000038146972923,0.010000038146972923,0.0,,60.3,0.013813628139685008,2.5386036020226874,0.943925286122354,False,False,False
4413,19.299999237060547,2026-09-17,0.010471144062638604,-0.015306180539302772,0.21209686992664123,0.08820851257728757,,86.3,0.21591045991935331,0.5629140136227944,0.9649999618530274,False,False,False
4414,8.300000190734863,2026-09-17,0.01466991211273605,-0.001203396916590882,-0.010727073766989559,-0.29059826273140965,,28.1,-0.0069134837742774735,0.5323298818574601,0.6803278951227141,False,False,False
4416,11.050000190734863,2026-09-17,-0.022123893431876263,-0.10526317008746167,0.10500001907348633,-0.24829929699929287,,54.6,0.10881360906619841,1.5213604962665452,0.1854026925106866,False,False,False
4417,49.75,2026-09-17,0.04297692252142049,0.056263303858384406,0.14532615499835955,0.035879017460674456,,80.5,0.14913974499107163,2.037718554066396,0.944692487139805,True,True,False
4420,36.0,2026-09-17,-0.031311125673152196,0.047520099739462696,0.036087348464063584,-0.18955345583830885,,46.2,0.03990093845677567,2.704841038013975,0.7770021081647851,False,False,False
4426,7.559999942779541,2026-09-17,-0.015624985448084439,-0.02702703200289225,-0.032010243512374026,-0.16464090790636032,,35.9,-0.02819665351966194,0.4247493067972014,0.7234449838053322,False,False,False
4430,17.25,2026-09-17,-0.014285714285714235,-0.06510737658112564,0.0037516516068241135,-0.0212035083549732,,57.2,0.007565241599536199,0.5117527238237363,0.9179386905320744,False,False,False
4431,19.950000762939453,2026-09-17,-0.029197007123924257,0.06400004069010423,0.16666668525680883,0.05000004015470805,,82.5,0.17048027524952092,0.9166901156938928,0.9322430429234555,False,False,False
4432,15.600000381469728,2026-09-17,-0.0031948395066631052,0.0,-0.01013136959417571,0.04828714189596095,,61.0,-0.0063177796014636245,0.680997812293994,0.9083169784533156,False,False,False
4433,18.149999618530277,2026-09-17,-0.032000020345051894,-0.05468755743155629,-0.061649542807150515,-0.10359936455758101,,36.0,-0.05783595281443843,2.1153225458062135,0.7871286899396078,False,False,False
4438,56.70000076293945,2026-09-17,-0.01903111572042704,-0.017846133799121144,-0.014561369184530326,0.02664159020274548,,58.5,-0.01074777919181824,1.0272232153573628,0.7023745718598321,False,False,False
4439,94.5,2026-09-17,-0.008394575300520346,-0.12903225806451613,0.06974199434016226,0.16629843701389735,,79.4,0.07355558433287435,0.36560540287926363,0.8709677419354839,False,False,False
4440,17.600000381469727,2026-09-17,0.0028490681813586605,0.0,0.02623911212529917,0.02325579074346007,,65.9,0.030052702118011254,0.6829770639940117,0.8384869292374627,False,False,False
4441,173.0,2026-09-17,0.0,-0.06838986083441834,-0.08009350200042686,-0.13241044321896456,,30.2,-0.07627991200771478,0.4142467548172736,0.6194971319840306,False,False,False
4442,54.59999847412109,2026-09-17,0.011111082854094123,0.0601941451285648,0.038075664240801554,-0.05012690801687314,,60.8,0.04188925423351364,0.8550603773363595,0.7520661104915,False,False,False
4502,15.699999809265137,2026-09-17,-0.006329137991299971,0.0,-0.0031746152847532683,-0.0031746152847532683,,57.4,0.0006389747079588171,2.1367656539818523,0.8722222116258409,False,False,False
4503,22.799999237060547,2026-09-17,-0.015118807224064668,-0.05979384589441039,-0.3952254966669969,-0.3770491752019651,,0.7,-0.3914119066742848,0.23445994180541013,0.40211638324991344,False,False,False
4506,119.5,2026-09-17,-0.012396694214875992,-0.020491803278688492,0.04866508826758231,0.0665909804985998,,72.1,0.0524786782602944,0.915686837862162,0.941819987244055,False,False,False
4510,44.04999923706055,2026-09-17,0.0057077626564994155,-0.045503840073347956,-0.056745213759866076,0.05131259267028243,,52.0,-0.05293162376715399,0.44165738116347625,0.8112338831672722,False,False,False
4513,15.800000190734863,2026-09-17,0.01935485101515244,-0.039513710763405485,-0.08405795995739918,-0.14363146138875238,,28.2,-0.08024436996468709,0.11002859392333622,0.6766595260218303,False,False,False
4523,23.700000762939453,2026-09-17,-0.03462315684466255,-0.016597494282109215,-0.1411454448234657,-0.16995687867672205,,17.8,-0.1373318548307536,0.6858635802363601,0.652772617733759,False,False,False
4526,31.149999618530277,2026-09-17,-0.007961783536215905,0.04180602060025862,-0.24916943048106444,-0.00848901887314113,,14.6,-0.24535584048835235,0.43939613636842256,0.7231153808450153,False,False,False
4527,40.70000076293945,2026-09-17,-0.00122697514259007,-0.0048899940214649495,0.020050105425226006,0.029381668288834817,,65.3,0.02386369541793809,0.8623767790673327,0.9476135050050692,False,False,False
4528,14.850000381469728,2026-09-17,-0.003355653579907636,-0.013289023703020209,-0.045016064352347396,-0.18785370537560708,,31.7,-0.04120247435963531,1.6082653902073227,0.6939818598130575,False,False,False
4529,3.450000047683716,2026-09-17,-0.0750670160745257,0.061538476210374116,-0.28274426429824984,0.036036074092190784,,13.7,-0.27893067430553775,0.42019169057936806,0.5674342254893934,False,False,False
4532,25.0,2026-09-17,0.05485228671778786,0.05708246948181639,0.03305781867105084,-0.0043623713209084425,,64.6,0.03687140866376293,0.5992803840598061,0.8591065179476588,True,False,False
4533,24.600000381469727,2026-09-17,-0.002949063258056106,-0.043369973226937364,-0.18228655958406914,-0.22572760528180758,,11.1,-0.17847296959135706,0.3655757203294225,0.6006476616977054,False,False,False
4534,27.950000762939453,2026-09-17,-0.04607503444619643,-0.07142855784991498,-0.17307688183929804,0.0750000293438251,,32.3,-0.16926329184658595,0.2731193668922787,0.6599764290432956,False,False,False
4535,27.100000381469727,2026-09-17,-0.03214284351893837,-0.047451681731703554,0.011525874875741193,0.022641523829046273,,63.0,0.015339464868453279,0.9560119590873328,0.9229128184102343,False,False,False
4536,165.0,2026-09-17,0.003039513677811634,-0.026548672566371723,0.049079761743530126,0.12767533031888245,,75.5,0.05289335173624221,0.35666844634276557,0.887682848823082,False,False,False
4537,155.0,2026-09-17,-0.08823529411764708,0.25,-0.14591841256087013,0.8910323087902245,,87.6,-0.14210482256815804,0.7102053040336191,0.7772142589460423,False,False,False
4538,17.350000381469727,2026-09-17,-0.014204545146670244,0.005797123563462403,-0.08443273440911148,-0.022387908919246247,,39.1,-0.08061914441639939,0.7846750096042499,0.9155672655908885,False,False,False
4540,59.0,2026-09-17,0.01724137931034475,-0.006734032249218647,-0.04991946135736136,0.2868048410797901,,73.6,-0.046105871364649276,0.9082935410342002,0.7632599957401727,False,False,False
4541,57.5,2026-09-17,-0.008620689655172376,-0.14940826482396474,0.16053693373097655,0.4365870079211438,,90.5,0.16435052372368864,0.10856257799098923,0.7595773093533156,False,False,False
4542,278.5,2026-09-17,0.00723327305605781,0.09645669291338588,-0.30374999999999996,0.42868114955294057,,40.2,-0.2999364100072879,0.44167007635909145,0.5637651821862348,False,False,False
4543,28.25,2026-09-17,-0.013961592455713823,-0.0685201505271702,-0.20601252763598898,-0.10348559975996319,,14.1,-0.2021989376432769,0.5464004318086049,0.6440977513188858,False,False,False
4544,13.449999809265137,2026-09-17,0.03065131131678167,-0.07560139979724423,-0.023541399358210424,-0.16884765858660078,,37.0,-0.01972780936549834,0.5424032105350023,0.8118231304092148,False,False,False
4545,33.150001525878906,2026-09-17,0.05573254549709894,0.029503128584793537,-0.15437390776253834,0.02701802596288916,,31.1,-0.15056031776982626,1.645961834960584,0.7838724267058461,False,False,False
4546,65.0,2026-08-07,,,,,,,,,,False,False,False
4549,95.0999984741211,2026-09-17,-0.012461106330305616,-0.029980009643432726,-0.07172723067166276,0.0968650820294017,,53.5,-0.06791364067895067,0.375513727935114,0.7264744258933488,False,False,False
4550,23.950000762939453,2026-09-17,0.0,-0.016427088799336187,-0.022448948451450845,0.009298031086033776,,54.8,-0.01863535845873876,0.5269596399155818,0.8864733980633793,False,False,False
4551,158.0,2026-09-17,-0.0062893081761006275,-0.018633540372670843,-0.2820987613663899,0.2825745508856503,,31.2,-0.2782851713736778,0.30271133564369185,0.575339265923876,False,False,False
4552,16.200000762939453,2026-09-17,0.006211203670828613,-0.07428567068917413,-0.2447552360497237,-0.23764702292049633,,6.0,-0.24094164605701163,1.7587572464104264,0.6558704559736844,False,False,False
4553,15.5,2026-09-17,-0.012738841509227883,-0.05487802679662068,-0.07787432096969493,-0.12423814362019237,,31.6,-0.07406073097698285,0.7733850824270837,0.5056818128784191,False,False,False
4554,28.399999618530277,2026-09-17,-0.008726003606586596,0.04539841644713438,0.08462218202561345,0.14239413919323995,,79.7,0.08843577201832553,0.2471745673369504,0.948247041571793,False,False,False
4555,42.75,2026-09-17,0.013033157040688081,-0.09619448859304691,-0.12127443660490855,0.18157944707722762,,52.2,-0.11746084661219647,0.37589906196728584,0.7423003924304364,False,False,False
4556,82.80000305175781,2026-09-17,-0.03720926684002546,0.08235298106872957,0.0630026796521761,1.9241899983799797,,97.0,0.06681626964488818,3.173031625895547,0.6249056834094929,False,False,False
4557,49.84999847412109,2026-09-17,-0.01091275863306096,-0.024461840260779022,0.02056455209152852,-0.1525817737365729,,46.9,0.024378142084240606,0.594760113633809,0.6288951631408167,False,False,False
4558,17.549999237060547,2026-09-17,-0.0028409740525814353,0.04776114848122659,-0.06149740529198444,-0.07631582962839223,,38.4,-0.057683815299272356,0.451257285924929,0.672413754044255,False,False,False
4559,8.319999694824219,2026-09-17,-0.04914289202008926,-0.06411705584765925,0.002409578750574015,0.07078503413742898,,65.9,0.0062231687432861005,0.08989597373992496,0.5473684078438459,False,False,False
4560,29.200000762939453,2026-09-17,-0.015177027365274931,-0.09876545099491774,-0.052321251817612824,-0.056641989793214664,,42.1,-0.04850766182490074,0.8872420735339371,0.8331940976553873,False,False,False
4561,40.29999923706055,2026-09-17,-0.02184469682555157,-0.14799154572745432,-0.0576693458972628,0.22602777164954913,,68.5,-0.05385575590455072,0.233873492059455,0.713384139868738,False,False,False
4562,29.700000762939453,2026-09-17,0.001686379259780102,-0.06161133899190152,-0.1645569226348259,-0.08615382267878602,,20.6,-0.16074333264211382,0.351276723993012,0.6352941339666193,False,False,False
4563,46.20000076293945,2026-09-17,0.046432597196150116,0.17110265828793492,0.06084963426644063,0.0719258097115647,,74.0,0.06466322425915272,1.1076158332023778,0.6754385925775139,True,True,False
4564,15.800000190734863,2026-09-17,0.00958470133296263,-0.05389224737054299,0.0,-0.20802007085202356,,37.9,0.0038135899927120853,0.17466890525685325,0.7314814773933714,False,False,False
4565,135.0,2026-09-17,0.0,0.125,0.11176468592449074,0.5340909090909092,,90.4,0.11557827591720282,1.1628822406193795,0.9090909090909091,False,False,False
4566,64.69999694824219,2026-09-17,0.007788162363981055,-0.07571432931082589,-0.013719535774592284,0.07151139525742267,,62.6,-0.009905945781880199,0.26936482756076396,0.8479684713033785,False,False,False
4568,39.59999847412109,2026-09-17,0.028571388938209985,0.0050760644796121746,0.02068045350457237,-0.012010359475158716,,61.2,0.024494043497284457,0.36825547284211907,0.9358148963918453,False,False,False
4569,153.0,2026-09-17,-0.034700315457413256,-0.043749999999999956,-0.16557946037242055,0.03335528451514169,,29.6,-0.16176587037970847,0.6359974072460511,0.7611543332359402,False,False,False
4571,149.5,2026-09-17,-0.006644518272425293,-0.08841463414634143,-0.15131390602479755,-0.05499056160727467,,25.1,-0.14750031603208547,0.3517111631784497,0.663950587968693,False,False,False
4572,141.0,2026-09-17,0.0,0.0071428571428571175,0.012230687015324815,0.012230687015324815,,61.8,0.0160442770080369,0.5416039845652717,0.8449925743133332,False,False,False
4573,614.0,2026-09-17,-0.0032467532467532756,0.20628683693516692,0.27783558792924046,1.0813559322033899,,95.6,0.28164917792195254,1.108870890688423,0.9233082706766917,False,False,False
4575,22.799999237060547,2026-09-17,-0.006536013982236355,-0.004366828957883984,-0.14925373559222255,0.18205086774753498,,46.3,-0.14544014559951046,0.09297523103903525,0.6302180774376773,False,False,False
4576,231.5,2026-09-17,-0.027310924369747913,0.11298076923076916,-0.015536099481078813,0.952382162649398,,92.5,-0.011722509488366728,0.9548501948613789,0.8166379087984436,False,False,False
4577,83.19999694824219,2026-09-17,-0.05239186723950262,0.08900517390775087,-0.1342351897055728,-0.06935128044535865,,26.5,-0.13042159971286071,0.4809194272688806,0.4596684914267524,False,False,False
4580,81.0,2026-09-17,-0.001233026831104156,0.027918741916763246,0.024460355014854773,0.061504442651857394,,68.4,0.02827394500756686,0.7487037412343658,0.925354916748117,False,False,False
4581,48.09999847412109,2026-09-17,0.017989385695684312,0.005224660563682315,0.02150518731337092,0.03811496211770349,,66.3,0.025318777306083007,0.6582593986721847,0.9303325213817921,False,False,False
4582,22.299999237060547,2026-09-17,-0.026200890456968384,-0.017654971156755517,-0.12056726599202194,-0.2600927166961502,,15.0,-0.11675367599930986,0.3522604561141601,0.5343775086891713,False,False,False
4583,420.0,2026-09-17,-0.04977375565610864,-0.12681912681912677,-0.33333333333333337,-0.3339406122986477,,1.5,-0.3295197433406213,0.4528396702120614,0.5243272296639642,False,False,False
4584,37.0,2026-09-17,-0.027595249884731943,-0.05128205128205132,-0.037953957253828885,-0.11246326990452737,,39.3,-0.0341403672611168,0.894854586129754,0.7149149778209901,False,False,False
4585,300.0,2026-09-17,0.03270223752151469,0.006711409395973256,-0.04458598726114649,-0.02317912546192158,,46.8,-0.0407723972684344,1.1106046732377728,0.4490459965181394,False,False,False
4587,40.0,2026-09-17,-0.024390243902439046,-0.08675797496008286,-0.32773109243697474,0.4842300136409041,,40.8,-0.32391750244426265,0.5445360424721392,0.5354752561464632,False,False,False
4588,55.0,2026-09-17,0.07843137254901955,0.07212477228004466,-0.04194545291685303,-0.03073073882619881,,46.4,-0.03813186292414095,1.5298155878241464,0.7832743221390798,True,False,False
4590,89.30000305175781,2026-09-17,-0.029347792915675908,0.032369977476969014,0.13933552964263174,0.23287444698433313,,86.3,0.14314911963534382,0.47037558237004007,0.9114684769473753,False,False,False
4609,4.239999771118164,2026-09-17,0.00952380087370197,-0.07221015057932578,-0.1293634762310868,-0.17187502619344797,,19.6,-0.1255498862383747,0.3798030805322094,0.5492227832059183,False,False,False
4702,9.34000015258789,2026-09-17,0.0,-0.04401231167129416,-0.02298762855353742,-0.042051266401242016,,49.2,-0.019174038560825335,0.5577314790524344,0.9351404739743409,False,False,False
4706,33.70000076293945,2026-09-17,-0.059972044705487226,0.046553969671417006,0.06623843747075053,0.13755870077107502,,77.4,0.07005202746346262,0.8820578753080287,0.8607918122471363,False,False,False
4707,26.799999237060547,2026-09-17,0.0018691303574036588,-0.1186412631974848,0.19287351756945448,1.5864173731834015,,96.8,0.19668710756216656,0.2709272705678288,0.6149925474776055,False,False,False
4711,16.5,2026-09-17,-0.00900898630432001,-0.011976093042061042,-0.01223184568588942,0.002337038220597387,,56.4,-0.008418255693177334,0.35913884764479714,0.9158822085177687,False,False,False
4714,11.5,2026-09-17,0.045454545454545414,0.10047848898560896,-0.11196909888969475,-0.23841061526644347,,17.2,-0.10815550889698267,1.737495743318107,0.5375034812447826,False,False,False
4716,16.799999237060547,2026-09-17,-0.01176475076114425,-0.002967426900723824,-0.162094769260274,0.15068484918555547,,40.6,-0.1582811792675619,0.18414864872976547,0.6942148226205236,False,False,False
4720,18.649999618530277,2026-09-17,0.0108400459252318,0.053672249414810524,-0.2273676849408156,0.11906328471569982,,26.8,-0.22355409494810352,0.21723420035124422,0.6386573420763506,False,False,False
4721,73.0999984741211,2026-09-17,0.0027434423052952184,0.0,-0.25073976967357237,0.045842423572947544,,17.7,-0.24692617968086028,0.37310247804912006,0.7455510628271631,False,False,False
4722,183.0,2026-09-17,-0.016129032258064502,-0.09852216748768472,-0.3542716557542087,-0.014961340411520196,,6.1,-0.35045806576149663,0.7757541169291781,0.5993791650873919,False,False,False
4729,18.549999237060547,2026-09-17,0.0027026614627323475,-0.018518539075872642,-0.23347113007250286,-0.12085313262120223,,11.3,-0.22965754007979078,0.1981837084649356,0.6819852469392315,False,False,False
4738,6.730000019073486,2026-09-17,-0.10978835052753899,0.02124428880788698,-0.1587499976158142,0.35685483211967384,,62.2,-0.15493640762310212,1.067848153041694,0.363783784814783,False,False,False
4739,79.69999694824219,2026-09-17,0.02706183653884242,-0.04321735860296172,-0.3773437738418579,-0.03424755174546468,,4.5,-0.3735301838491458,0.4635934069592445,0.6180815165993429,False,False,False
4741,37.84999847412109,2026-09-17,-0.0039474085757609245,-0.08904935814389237,-0.4001584882819873,0.3903689887103239,,20.9,-0.3963448982892752,0.33613283272742944,0.46946409794230015,False,False,False
4749,740.0,2026-09-17,-0.022457067371202122,-0.025032938076416378,-0.23395445134575565,-0.18330873210219178,,8.4,-0.23014086135304357,0.5952084148101696,0.6352815322679356,False,False,False
4754,37.400001525878906,2026-09-17,-0.00795753928353915,-0.018372624049254105,0.012178640152852083,0.05223128042655123,,66.1,0.015992230145564168,0.5716160175464268,0.9639175840538572,False,False,False
4755,114.0,2026-09-17,0.004405286343612369,0.004405286343612369,-0.2033602778848811,-0.21929304735327726,,9.5,-0.199546687892169,0.42804304012570044,0.6908910733973002,False,False,False
4760,256.5,2026-09-17,-0.042910447761194015,0.04645036353135046,-0.31515029145047646,0.42039342146822345,,37.8,-0.3113367014577644,0.47773477391532454,0.5590012590010595,False,False,False
4763,47.70000076293945,2026-09-17,0.05334881311690953,0.004524924318821233,0.11687311195652872,0.08591491661023287,,80.1,0.1206867019492408,0.7370563855012415,0.7670092166712712,False,False,False
4764,203.5,2026-09-17,-0.07709750566893425,0.010924961695891522,-0.3870481927710844,0.29786078261050664,,16.3,-0.3832346027783723,0.3235761498523535,0.5655592994016932,False,False,False
4765,15.800000190734863,2026-09-16,-0.05952375546063715,-0.19592872786444226,-0.021671791706659005,-0.04819278146691419,,48.7,-0.01785820171394692,0.2530670027547318,0.5072231262993621,False,False,False
4766,342.0,2026-09-17,0.008849557522123908,0.030120481927710774,-0.03389830508474578,0.09737351787112991,,61.3,-0.030084715092033698,0.3206812092267931,0.8618461377079679,False,False,False
4767,28.100000381469727,2026-09-17,-0.039316226274539234,0.02181819568980825,0.08010461385426093,0.13894290586471003,,79.2,0.08391820384697302,0.7062451735294629,0.9445378279485622,False,False,False
4768,308.5,2026-09-17,0.004885993485342022,0.05364925456051317,-0.17480301128435738,-0.40757077086087745,,5.5,-0.1709894212916453,0.8803732653573217,0.5836198242558029,False,False,False
4770,242.0,2026-09-17,0.012552301255230214,0.14150943396226423,0.12037037037037046,0.07283563318474817,,79.8,0.12418396036308255,1.253894213861151,0.8081099432651679,False,False,False
4772,241.5,2026-09-17,-0.0020661157024793875,-0.024242424242424288,-0.13749999999999996,-0.2275712033308993,,14.9,-0.13368641000728787,0.5324254463735302,0.6491688910702478,False,False,False
4903,34.20000076293945,2026-09-17,-0.04735377968477217,-0.0101302020795897,-0.1503105400511937,-0.19906322829336787,,15.1,-0.14649695005848162,0.7390509467696501,0.6428571479789168,False,False,False
4904,106.5,2026-09-17,0.019138755980861344,0.049261083743842304,0.023981296116290185,0.1929879917234516,,76.1,0.02779488610900227,0.4510150072826337,0.9830220702312542,True,False,False
4905,79.19999694824219,2026-09-17,-0.0616114275311036,-0.10708585371862123,0.1186230020629151,-0.008117537222697147,,75.6,0.12243659205562718,1.110440793837049,0.8201716569670175,False,False,False
4906,36.09999847412109,2026-09-17,-0.006877579380862531,0.0633283553126931,-0.24239250119404443,0.08452411471978705,,21.8,-0.23857891120133234,0.42220917590907664,0.6834126907497341,False,False,False
4907,43.900001525878906,2026-09-17,-0.003405169438809974,-0.0372980317353665,0.13379540490638164,0.1352162584761767,,83.3,0.13760899489909373,0.4115777996485021,0.8933949946344856,False,False,False
4908,238.0,2026-09-17,-0.04417670682730923,0.5709570957095709,0.19189534566419053,1.1200970802458854,,95.3,0.19570893565690262,2.4444417064620776,0.8162553929663191,False,False,False
4909,34.20000076293945,2026-09-17,-0.0172413358412411,-0.07816705742466568,-0.3139417891718914,-0.42809362543027774,,1.1,-0.31012819917917933,0.6952595899833006,0.48997133621297423,False,False,False
4911,28.649999618530277,2026-09-17,-0.005208320225829954,0.03243241868577584,0.020406498221726688,-0.07516465846540565,,54.9,0.024220088214438773,0.22347139154930504,0.6136096381092907,False,False,False
4912,92.6999969482422,2026-09-17,0.029999966091579955,0.029376222293688192,0.03968149589047543,0.04312157615540424,,69.6,0.04349508588318751,0.70971092404635,0.8199842432898674,False,False,False
4915,63.900001525878906,2026-09-17,0.028985557101228077,0.0685619120589791,-0.10700176424572183,-0.053669919700645385,,32.7,-0.10318817425300975,1.9598999566077928,0.7664316081463649,False,False,False
4916,103.0,2026-09-17,0.08764523040369387,0.02487562189054726,-0.013596099338479495,0.6208514310326456,,87.6,-0.00978250934576741,0.3208339088059073,0.8319069239451606,False,False,False
4919,115.0,2026-09-17,-0.012875536480686733,-0.012875536480686733,-0.46759259259259256,0.15694163213930756,,4.6,-0.4637790025998805,0.4055178112521435,0.5251141552511416,False,False,False
4923,55.29999923706055,2026-09-17,0.0036297780123060175,0.03558048046610751,-0.1277602853922971,0.4514436076584709,,74.0,-0.12394669539958503,0.5708179336487251,0.8315789358956474,False,False,False
4924,14.25,2026-09-17,0.10465119545666601,0.4921465670571339,0.1399999999999999,0.3507108760542508,,88.1,0.143813589992712,4.13614363110882,0.9827586206896551,False,False,False
4925,115.0,2026-09-17,-0.09090909090909094,0.03603603603603611,-0.24342105263157898,0.03603603603603611,,18.0,-0.2396074626388669,1.8032155615747891,0.5528846153846154,False,False,False
4927,43.400001525878906,2026-09-17,0.015204714055646829,0.3457364814226018,-0.166986510615036,-0.05856826545792326,,22.5,-0.1631729206223239,0.6915648732457221,0.7011308635870455,True,False,False
4930,16.149999618530273,2026-09-17,0.012539173144626492,0.006230553658770122,-0.07449862966024279,-0.17372286293857298,,27.3,-0.0706850396675307,1.7011299984645805,0.7039950932156823,False,False,False
4931,233.0,2026-09-17,-0.04508196721311475,-0.13059701492537312,-0.11799754516180272,0.7315782311690904,,85.6,-0.11418395516909063,0.43988138100936847,0.8321428571428572,False,False,False
4933,51.29999923706055,2026-09-17,-0.009652509794677244,-0.032075486093197214,-0.21091900681316467,-0.11519439292723299,,13.3,-0.20710541682045258,0.3852592394329288,0.6928516374869781,False,False,False
4934,13.75,2026-09-17,0.007326035477244641,-0.021352326452827808,-0.2097700976178859,-0.3125,,5.9,-0.2059565076251738,0.504377794059005,0.6626506024096386,False,False,False
4935,31.649999618530277,2026-09-17,-0.03358779790747246,-0.08127724477212073,-0.1806202446863835,-0.09628902473892731,,17.6,-0.1768066546936714,1.145437196516942,0.7009365947734594,False,False,False
4938,90.4000015258789,2026-09-17,-0.0065933898255065015,0.01118568213570481,0.10243904299852336,0.22210043640738286,,83.8,0.10625263299123544,0.5365655536821755,0.9475890993707828,False,False,False
4939,77.5999984741211,2026-09-17,-0.05825246314164567,0.2826446028780345,0.2356687805232731,1.53544728066064,,97.0,0.2394823705159852,0.7073221576599227,0.829059826273141,False,False,False
4942,31.200000762939453,2026-09-17,-0.03703705884028974,-0.05740174618639737,-0.1211486487067317,-0.12811448105769552,,23.8,-0.11733505871401961,1.2633213973337618,0.7952016405538502,False,False,False
4943,7.360000133514404,2026-09-17,0.022222267845531718,-0.12589072840556303,-0.15011544304890345,-0.3486725655501278,,8.7,-0.14630185305619137,0.8882470204224558,0.4088888963063558,False,False,False
4949,73.5999984741211,2026-09-17,-0.040417191622745374,0.0514285496303013,-0.17488788125377297,0.044783075008455686,,28.9,-0.17107429126106088,0.7187787520484517,0.6814814673529731,False,False,False
4950,15.550000190734863,2026-09-17,-0.01269840058826266,-0.031152590036961025,-0.02201254315676271,0.04013380529261812,,58.4,-0.018198953164050624,1.236123746192357,0.5912547772557589,False,False,False
4951,82.5,2026-09-17,0.004872125862523502,0.07843137254901955,-0.19117647058823528,0.22294238392246224,,42.3,-0.1873628805955232,1.1294172398866158,0.6123447483537073,False,False,False
4952,47.45000076293945,2026-09-17,-0.013513466357620518,-0.08749998532808745,-0.20194287677185607,0.12154372234457167,,31.0,-0.198129286779144,0.21711595864627892,0.7895175036214237,False,False,False
4953,119.0,2026-09-17,0.012765957446808418,-0.03252032520325199,-0.06336832838622619,0.07916262465320445,,53.3,-0.059554738393514106,1.3898365849312246,0.8678580283375346,False,False,False
4956,38.75,2026-09-17,0.14644973001987371,0.333907091830993,-0.022698650472724236,0.110315137701821,,65.0,-0.01888506048001215,1.7523347210224431,0.7084094965178509,True,False,False
4958,476.0,2026-09-17,-0.037411526794742134,0.04157549234135671,-0.23472668810289388,1.2876071777239733,,91.4,-0.2309130981101818,0.601005726827985,0.7368421052631579,False,False,False
4960,22.0,2026-09-17,0.07317073170731714,0.09725689960800898,-0.24657536215128018,-0.15057913806840384,,9.1,-0.2427617721585681,0.6799814291747405,0.48943269469616213,False,False,False
4961,181.0,2026-09-17,0.049275362318840665,0.08708708708708701,0.06977055427603718,0.3466970488619221,,85.2,0.07358414426874926,1.7133670580510811,1.0,True,True,False
4966,556.0,2026-09-17,0.029629629629629672,-0.029868575710952805,-0.18760222411128114,0.14363716129281734,,35.6,-0.18378863411856905,0.42390333114230827,0.64898445145218,False,False,False
4967,271.0,2026-09-17,-0.019891500904159143,0.04230769230769238,-0.016627721772999093,0.032359468895911014,,58.5,-0.012814131780287008,0.6011580741010804,0.9187829322803626,False,False,False
4968,91.5999984741211,2026-09-17,0.031531478897937504,0.025755826917835734,-0.2124273740737349,-0.11491838118650455,,13.0,-0.20861378408102282,0.47859474677728553,0.5581596020441532,False,False,False
4971,555.0,2026-09-17,-0.07499999999999996,0.051136363636363535,-0.025967744993515618,0.20383633867005435,,71.7,-0.022154155000803533,1.0590199793716384,0.6378123682201503,False,False,False
4972,16.200000762939453,2026-09-17,-0.012195052453833122,-0.018181771943063474,-0.03857564414331349,-0.09243695144360642,,40.9,-0.03476205415060141,0.7730009110178221,0.8223350322613001,False,False,False
4973,138.0,2026-09-17,-0.04166666666666663,-0.0830564784053156,-0.27937336814621405,0.4235222778325838,,44.4,-0.27555977815350197,0.37050302767417587,0.6571428571428571,False,False,False
4974,70.5999984741211,2026-09-17,-0.01944446563720703,0.035190639784050015,-0.026206917598329715,0.0361809054229143,,57.0,-0.02239332760561763,0.5028725668929676,0.9072901802425942,False,False,False
4976,35.900001525878906,2026-09-17,-0.02710026988206693,-0.03234493254977444,-0.1233211023925278,0.20875422907988606,,54.6,-0.11950751239981572,0.3249179627517172,0.7821350834953263,False,False,False
4977,173.0,2026-09-17,0.0,0.193103448275862,-0.0797008119818069,-0.08449406788310698,,34.5,-0.07588722198909481,1.1500600156295673,0.6498230568116479,False,False,False
4979,556.0,2026-09-17,-0.02626970227670755,0.051039697542533125,0.012449584545199288,0.42751518443293746,,84.5,0.016263174537911373,0.14581838575834508,0.7783734714510219,False,False,False
4980,37.95000076293945,2026-09-17,-0.011718769402552898,-0.05124998092651367,-0.2010526155170641,0.5553279244364739,,71.9,-0.19723902552435202,0.5324151704753908,0.7093458086530738,False,False,False
4989,59.900001525878906,2026-09-17,-0.03697747924194483,-0.029173407047050293,-0.33209916956598595,-0.189445192299453,,3.3,-0.32828557957327387,0.3191403273017714,0.5141631032264283,False,False,False
4991,431.0,2026-09-17,-0.11680327868852458,-0.11408016443987667,-0.2358156028368794,0.10939510939510932,,24.6,-0.23200201284416733,0.8822969191175984,0.4954022988505747,False,False,False
4994,81.5,2026-09-17,-0.01807228915662651,-0.007308142329749523,-0.10439560439560436,-0.07857543457360527,,30.5,-0.10058201440289227,0.3892215397881885,0.8029556650246306,False,False,False
4995,50.5,2026-09-17,0.01814519261222336,0.028513270252275236,0.10867180781228236,0.28234177648635694,,85.8,0.11248539780499445,0.492841359093557,0.9730250195622668,False,False,False
4999,17.899999618530273,2026-09-17,-0.011049765675375856,-0.0324324530524176,-0.11795575058051033,-0.18899284627215185,,20.1,-0.11414216058779825,0.5756281792190945,0.6840003513018393,False,False,False
5007,55.59999847412109,2026-09-17,-0.010676197165001344,0.0,-0.010676197165001344,0.037552904662159214,,59.8,-0.006862607172289259,0.5810629664864649,0.9504273243439502,False,False,False
5009,32.54999923706055,2026-09-17,0.0,-0.01957835876330738,-0.08728043856130496,-0.021141373290453513,,38.7,-0.08346684856859288,0.44743046968968164,0.8411113514127336,False,False,False
5011,18.049999237060547,2026-09-17,-0.024324365564294737,0.04335260306794275,-0.21691974687620963,0.30797094112933965,,45.4,-0.21310615688349754,0.18601705548034203,0.6760299146550807,False,False,False
5013,29.799999237060547,2026-09-17,-0.01650165058052011,0.16033612192195457,0.09970587525216912,0.0633044525270201,,77.1,0.1035194652448812,1.2394612106043539,0.9506803933914864,False,False,False
5014,9.8100004196167,2026-09-17,-0.017033981003724108,-0.02871286642573656,-0.06551105258213963,-0.016327395550904233,,43.2,-0.06169746258942754,0.4702795574110173,0.8638133298847523,False,False,False
5015,21.600000381469727,2026-09-17,-0.0114416473974992,0.0023202388018275233,-0.06980934601424793,-0.1599989615533678,,29.4,-0.06599575602153585,0.4689249567591817,0.7315240711125913,False,False,False
5016,24.700000762939453,2026-09-17,0.006110041977209768,0.0,0.03495195832992004,0.041237123349065596,,68.6,0.038765548322632126,0.6566382858925487,0.7962401719791815,False,False,False
5201,28.950000762939453,2026-09-17,-0.0285234394591527,0.06433823348947887,0.07421150068204518,-0.2548262059206067,,47.4,0.07802509067475727,1.7348302259446537,0.5896378977164306,False,False,False
5202,14.0,2026-09-17,0.19658121608801316,0.20646494737394905,-0.07855746666172037,-0.011368938263357276,,41.1,-0.07474387666900828,4.73681437270074,0.7135982851938529,False,False,False
5203,58.20000076293945,2026-09-17,0.046762632377202795,-0.005128192086505057,-0.10636557757715637,-0.019701538301004073,,35.4,-0.10255198758444428,0.6576627576928672,0.5986482683564823,False,False,False
5205,18.649999618530277,2026-09-16,-0.0628140715558626,-0.09685230203129402,-0.25100401990965593,-0.3155963442741183,,4.1,-0.24719042991694384,0.8556372064983525,0.5453216141076872,False,False,False
5206,21.649999618530277,2026-09-17,-0.04835166511954825,-0.048101550952004524,0.0204367201818636,-0.16978407489444958,,44.9,0.024250310174575684,2.042422217674278,0.6353918814422459,False,False,False
5209,176.0,2026-09-17,0.05705705705705699,0.08978328173374606,0.09068795781863082,0.1261837815122604,,79.5,0.0945015478113429,3.543120482576802,1.0,True,True,False
5210,29.049999237060547,2026-09-17,-0.020236100815824276,0.013961592455713712,-0.02516778587924484,0.30855847922115576,,76.7,-0.021354195886532756,0.49678574835594647,0.8736841875807684,False,False,False
5211,20.450000762939453,2026-09-17,0.0073892380057363205,0.06510416407965969,0.06788517860602172,-0.09911893939992289,,61.7,0.07169876859873381,0.4379316807598379,0.6370717051412377,False,False,False
5212,47.09999847412109,2026-09-17,0.01948046961729899,0.01837834538640193,0.022801286741727322,-0.07134246829213198,,56.0,0.026614876734439408,2.236088781707753,0.8803737404815286,False,False,False
5213,20.450000762939453,2026-09-17,-0.01918463363126699,-0.030805668567717714,-0.09312632129360698,-0.16505174033183811,,25.5,-0.0893127313008949,0.7268068724746899,0.8258891775964189,False,False,False
5215,37.650001525878906,2026-09-17,-0.022077882444703767,-0.050441359975601285,-0.13035055437528376,0.021725476888529327,,35.0,-0.12653696438257167,0.42996199808839997,0.7840676462094981,False,False,False
5220,19.700000762939453,2026-09-17,0.0051020601797675535,-0.014999961853027322,-0.07684988228320444,0.027568063559848532,,45.3,-0.07303629229049236,0.6297422066480958,0.807523225391218,False,False,False
5222,103.5,2026-09-17,0.0,-0.03109319086653195,-0.08922761112338595,-0.12786022004410091,,28.8,-0.08541402113067387,0.27716164074081034,0.7364736414141343,False,False,False
5223,22.899999618530277,2026-09-17,-0.004347842672596691,-0.029661048797654965,-0.10721247722800442,-0.17625898392105044,,22.7,-0.10339888723529234,0.3200207275496308,0.7545304557067463,False,False,False
5225,54.70000076293945,2026-09-17,0.018621973664666003,-0.08221472880253955,-0.25981055976319356,-0.35575619974397876,,3.1,-0.2559969697704815,0.5880980293306265,0.5193336591465244,False,False,False
5227,32.70000076293945,2026-09-17,0.09547739849407,0.03809526231553817,-0.17315745565302998,0.3185484584238747,,55.7,-0.1693438656603179,0.5787202495811711,0.7860577394800092,True,False,False
5228,39.04999923706055,2026-09-17,-0.05333335182883525,-0.08225617068757884,-0.443732180418017,0.5343810635135835,,25.2,-0.4399185904253049,0.2931315976831659,0.5124672021126816,False,False,False
5230,18.700000762939453,2026-09-17,-0.01578943352950246,0.06552715532035092,-0.10848837724229698,0.14432842769992593,,51.1,-0.1046747872495849,0.37389565134342556,0.7791666984558105,False,False,False
5234,294.0,2026-09-17,0.01379310344827589,-0.001697792869269965,-0.265,-0.23735408560311289,,5.1,-0.26118641000728793,0.5962773314263706,0.6363636363636364,False,False,False
5236,132.5,2026-09-17,-0.014869888475836479,-0.022140221402214055,-0.24715909090909094,0.08087701014685189,,20.7,-0.24334550091637885,0.5271955800499026,0.7381615598885793,False,False,False
5240,17.950000762939453,2026-09-17,0.025714329310825956,0.026002727076190446,-0.1766781960665197,-0.2382652530564392,,11.0,-0.1728646060738076,0.35408739631912023,0.5871946239730534,False,False,False
5243,88.80000305175781,2026-09-17,0.009259994707087937,0.03214567173348715,-0.16862787170925442,0.26262484471025527,,50.8,-0.16481428171654233,0.5473136433656971,0.6743351921322113,False,False,False
5244,35.45000076293945,2026-09-17,0.033527742025030394,0.08079273132679488,-0.06310125114680054,-0.0655442947653615,,39.1,-0.059287661154088456,0.8864781807562734,0.705440466603109,False,False,False
5245,20.700000762939453,2026-09-17,-0.07795099957808937,-0.10967738654023862,-0.22905026186795285,-0.19298241439406516,,8.5,-0.22523667187524077,1.4226133584256304,0.6106194640474364,False,False,False
5248,32.599998474121094,2026-09-17,0.00928790229556209,-0.19206940007619921,-0.1068493568733947,0.7157893933747943,,86.0,-0.10303576688068261,0.1590296573060568,0.32599998474121095,False,False,False
5251,29.700000762939453,2026-09-17,0.16242667905286212,0.1927711332508244,-0.01980193033758304,-0.05564387782343694,,48.2,-0.015988340344870955,3.9601096884147933,0.6421621786581503,False,False,False
5254,39.54999923706055,2026-09-17,-0.02466091291775052,0.13598918422245498,-0.0899602762615026,0.2879255646788872,,68.2,-0.08614668626879052,0.5302684310018904,0.7163807766251828,False,False,False
5258,42.650001525878906,2026-09-17,-0.05116794656334822,-0.0944797684162817,-0.16861594229679133,-0.05011135687162893,,23.0,-0.16480235230407925,0.6219843943764493,0.5453964602339746,False,False,False
5262,42.29999923706055,2026-09-17,-0.016279087510219892,-0.017421603096205107,-0.013354826763716354,-0.30471848402460144,,27.0,-0.009541236771004269,0.4943796547297439,0.6560060688611999,False,False,False
5263,89.69999694824219,2026-09-17,-0.11625618770204738,0.019318147139115727,-0.10746271693291354,-0.09210532208939748,,28.6,-0.10364912694020145,1.6751946864985454,0.7175999755859375,False,False,False
5267,45.84999847412109,2026-09-17,-0.0848303419050066,-0.02926123539900305,-0.15301723773438558,0.8014670968855888,,85.5,-0.1492036477416735,0.3706593919083447,0.481378655616369,False,False,False
5269,1480.0,2026-09-17,0.08823529411764697,0.013698630136986356,0.05320042659092716,0.2673365357095894,,82.2,0.05701401658363925,0.9496949743143482,0.9426794103464153,True,False,False
5271,14.328359603881836,2026-09-16,1.33117044720521e-07,-0.06341449852374892,-0.4164133089256399,-0.42168668669978693,,0.6,-0.4125997189329278,0.0,0.18934913912308526,False,False,False
5272,16.75,2026-09-17,-0.014705882352941124,-0.02898550724637683,-0.2369020766376999,-0.2887473230300328,,5.3,-0.23308848664498782,0.45813152775431626,0.6192236773541654,False,False,False
5274,18275.0,2026-09-17,-0.022727272727272707,0.15445356917245734,0.047741624550442285,0.6759517368601018,,90.8,0.05155521454315437,0.621082941345894,0.9508324661810614,False,False,False
5278,23.850000381469727,2026-09-17,0.00494238743585429,-0.007464336279469963,-0.005417826881520593,0.03256753989304584,,60.5,-0.001604236888808508,0.6487935637268051,0.6999110352952661,False,False,False
5283,53.29999923706055,2026-09-17,-0.014787416998601643,0.09267008136290467,0.10433552233322874,0.10046135453793159,,79.6,0.10814911232594082,0.35373254033169915,0.9626910143051057,False,False,False
5284,293.5,2026-09-17,-0.04707792207792205,-0.03872436128157586,-0.25547364676637907,0.09088104331760771,,20.4,-0.251660056773667,0.4338635532791184,0.6474142093076671,False,False,False
5285,88.69999694824219,2026-09-17,0.05847247873556727,0.11712840357228615,-0.12267058727736879,0.8951793911116972,,88.6,-0.1188569972846567,0.754392762785495,0.817511492610527,False,False,False
5287,136.0,2026-09-17,0.007407407407407307,0.009684383003481845,0.043680524410793176,-0.0530613736645571,,61.5,0.04749411440350526,0.5241001181312105,0.8841581571361711,False,False,False
5288,188.5,2026-09-17,0.03287671232876721,0.0,0.04067223515459495,0.42427778080101985,,86.1,0.044485825147307034,0.7186037853170232,0.9544303797468354,False,False,False
5289,1260.0,2026-09-17,-0.023255813953488413,-0.14192490795489654,-0.34010980141447233,-0.02622936900645756,,6.4,-0.33629621142176025,0.421549819001445,0.6532581677681493,False,False,False
5291,58.20000076293945,2026-09-17,-0.03161393942463686,0.058181832053444626,-0.09366414799464451,-0.04433498678636505,,35.5,-0.08985055800193242,0.4826944126649101,0.7385786612814246,False,False,False
5292,216.5,2026-09-17,-0.015909090909090873,0.030952380952380842,0.07357862973399154,0.2552612255225484,,83.2,0.07739221972670363,0.4795228004586353,0.8983402489626556,False,False,False
5299,95.0,2026-09-17,0.013874099189948641,-0.046184724343307115,-0.23946585287897204,0.28079523059136213,,38.5,-0.23565226288625996,0.17027357604081025,0.6933491857608347,False,False,False
5302,9.770000457763672,2026-09-17,0.002051329001402147,-0.05145628380161982,-0.22460316174815476,-0.18583329518636071,,9.3,-0.22078957175544267,0.2705544572925514,0.632362496982346,False,False,False
5309,50.59999847412109,2026-09-17,0.009980040224118358,-0.03984824019765787,-0.27920226960368677,-0.14558341297032107,,6.5,-0.2753886796109747,0.2978738003224706,0.6185818653589126,False,False,False
5310,24.950000762939453,2026-09-17,0.018367378079161334,-0.021568597531786193,0.061702160125083116,-0.07421150068204518,,63.4,0.0655157501177952,0.9805702131140835,0.577546303757097,False,False,False
5314,27.75,2026-09-17,-0.40705127238495775,0.2906976744186047,0.8880125928134408,0.5652315923273594,,97.3,0.8918261828061529,0.7341129180606789,0.5929487276150422,False,False,False
5315,18.850000381469727,2026-09-17,0.03287673323121787,-0.01049862801053214,-0.13973045581843624,-0.12297204297449227,,21.5,-0.13591686582572415,0.6033990766739942,0.7898380616145089,False,False,False
5321,70.0999984741211,2026-09-17,-0.16348453554560272,-0.012676077829280374,0.6096440804174987,1.7707510113848364,,98.1,0.6134576704102108,1.4086305545473135,0.8085351896375396,False,False,False
5324,12.25,2026-09-17,0.0,-0.004065056094269548,0.0,0.11872148067389854,,69.3,0.0038135899927120853,0.6107443439289174,0.9879032561979989,False,False,False
5328,52.29999923706055,2026-09-17,-0.09982787245070202,-0.1661937552583722,-0.09287633528187722,0.8591226963828746,,89.2,-0.08906274528916513,0.18187951834147575,0.6385093264317235,False,False,False
5340,81.5,2026-09-17,-0.04900813416339722,0.07519784589388623,-0.1767676767676768,-0.27079990058318293,,9.6,-0.1729540867749647,1.5464824459419015,0.612201590660654,False,False,False
5344,13.199999809265137,2026-09-17,-0.00377359930074439,-0.03296701991509565,-0.23255818466549427,-0.011235997596883762,,16.2,-0.2287445946727822,0.2758782206073024,0.6984127024173776,False,False,False
5345,22.600000381469727,2026-09-17,-0.002207471872080924,0.053613033921994235,-0.29374998807907104,0.004444461398654509,,11.6,-0.28993639808635896,0.34762288144340536,0.6393211133520885,False,False,False
5347,165.5,2026-09-17,0.024767801857585203,0.09240924092409242,-0.11531608409507321,0.44184658108054675,,74.8,-0.11150249410236113,0.586782686605714,0.770077107053433,True,False,False
5348,15.949999809265137,2026-09-17,-0.03333334489302198,-0.04776120541700679,-0.03333334489302198,-0.06997083591585374,,44.2,-0.02951975490030989,0.2801421095650418,0.8035264233120469,False,False,False
5351,106.0,2026-09-17,-0.08225108225108224,-0.1620553359683794,0.06212421601857865,0.2574139521076768,,82.5,0.06593780601129073,0.35328254979319174,0.7822878228782287,False,False,False
5353,27.75,2026-09-17,0.0018050265589681924,-0.005376330486780767,-0.11299798554287732,0.14830317177785113,,50.5,-0.10918439555016524,0.49337810956388306,0.8401807709201315,False,False,False
5355,6.929999828338623,2026-09-17,0.19482751731782066,0.226548621480678,0.022123836856712042,-0.026685401723927082,,60.1,0.025937426849424128,3.218558252418481,0.7144329860418455,True,True,False
5356,25.799999237060547,2026-09-17,-0.015267233367592836,-0.0057804054515917525,0.0016623740454899671,0.12534939864082495,,70.1,0.0054759640382020525,0.2881914888747577,0.9685062535768658,False,False,False
5371,83.5,2026-09-03,0.0,-0.07734806629834257,,,,,,,,False,False,False
5381,23.350000381469727,2026-09-17,-0.01476794810981752,-0.01476794810981752,-0.20034247358289548,-0.22166665395100915,,9.7,-0.1965288835901834,0.42066964722179373,0.5837500095367432,False,False,False
5386,283.5,2026-09-17,-0.08842443729903537,0.22993492407809102,-0.19131110154313502,-0.029940119760479056,,20.8,-0.18749751155042294,1.9689097108600397,0.7214104585369429,False,False,False
5388,73.9000015258789,2026-09-17,0.03938119707241561,-0.0573979580665519,-0.10315533789560005,-0.04106097855682678,,34.1,-0.09934174790288797,0.4098997562381566,0.7226128265997813,False,False,False
5392,40.0,2026-09-17,-0.02080779696135293,-0.09551755116511074,-0.04713820501664234,0.04790418862467272,,53.5,-0.04332461502393026,0.15586574084721977,0.7015933813995349,False,False,False
5398,14.149999618530272,2026-09-17,-0.003521140239892251,-0.003521140239892251,-0.19602276637288085,-0.31476998160170566,,6.3,-0.19220917638016877,0.549543885951329,0.4616639410975885,False,False,False
5403,93.3000030517578,2026-09-17,0.006472557964058989,0.013029365879673627,-0.007446776045129777,-0.10509606390668724,,45.9,-0.0036331860524176918,0.5936931010497346,0.7978661401936626,False,False,False
5410,33.20000076293945,2026-09-17,-0.06214691152855345,-0.07262565724944336,-0.21163403949030746,0.141727358343416,,31.3,-0.20782044949759537,0.928286087629522,0.7349870013964714,False,False,False
5425,92.5999984741211,2026-09-17,0.0369540348218198,0.008714546794865052,-0.2703387911336179,0.5969015502313957,,64.0,-0.26652520114090583,1.1454035717860842,0.6587218894704507,False,False,False
5426,29.049999237060547,2026-09-17,0.05259802015259818,0.07968693786855874,-0.2593320931294736,0.47205433350698356,,53.4,-0.2555185031367615,0.4319230768959276,0.7406679068705264,False,False,False
5432,145.5,2026-09-17,-0.0490196078431373,-0.023489932885906062,-0.06029067511136488,0.032031715898968915,,49.1,-0.05647708511865279,0.28660939289041404,0.7949433022263943,False,False,False
5434,530.0,2026-09-17,0.005692599620493288,0.0,0.07333386731060365,0.6482759720316675,,91.1,0.07714745730331574,0.4411239352679262,0.889261744966443,False,False,False
5438,16.450000762939453,2026-09-17,-0.01497005919633243,-0.029498523745983052,-0.11938896921739661,-0.1520848916144223,,22.7,-0.11557537922468453,0.37376372788300033,0.56714852432872,False,False,False
5439,238.5,2026-09-17,-0.07558139534883723,0.017057569296375252,-0.2696785851188833,-0.15818862890779506,,6.7,-0.26586499512617123,0.45271004346668914,0.5558052377988082,False,False,False
5443,108.0,2026-09-17,0.0,0.03349282296650724,-0.027027027027026973,0.07120379149788536,,60.0,-0.023213437034314888,0.5522160650479628,0.8024290471667503,False,False,False
5450,14.649999618530272,2026-09-17,-0.010135173666990571,-0.03300330116104033,-0.0471816828301842,0.031945103149918275,,51.9,-0.043368092837472116,0.14704433473318435,0.7952856805754687,False,False,False
5452,26.700000762939453,2026-09-17,0.0,0.0,-0.24305915817152246,-0.25252087827591363,,5.7,-0.23924556817881037,0.24413707222694786,0.6821101697516803,False,False,False
5455,29.950000762939453,2026-09-17,0.010118082572307507,0.01182433705942909,0.08909093683416192,0.2690678084249365,,84.4,0.092904526826874,0.3063451344744832,0.9661290568690146,False,False,False
5457,24.75,2026-09-17,-0.0730337343527766,-0.07476635514018692,-0.2902826010361028,-0.2611711460570979,,3.7,-0.28646901104339073,1.1344332599435583,0.50517597827827,False,False,False
5460,17.600000381469727,2026-09-17,0.02325579074346007,0.10000002384185791,0.10691828954248717,0.18120810953455457,,82.9,0.11073187953519925,0.26184846536175,0.9119171542594456,True,False,False
5464,90.0999984741211,2026-09-17,0.005580357237890077,0.27439890188511873,0.11234566017433445,2.189380476960039,,97.4,0.11615925016704653,1.4297984205793806,0.8381395206894986,False,False,False
5465,24.299999237060547,2026-09-17,0.006211164426486171,0.0020618242086822836,-0.006498908998352038,-0.041914462790837104,,52.7,-0.0026853190056399523,0.9638527146177508,0.7305573274449264,False,False,False
5468,24.600000381469727,2026-09-17,-0.11827954416417974,-0.11827954416417974,-0.25454544298576587,0.24242430956385097,,32.9,-0.2507318529930538,0.47621139252809985,0.6776859751653744,False,False,False
5469,73.0,2026-09-17,0.018131145147694205,0.011080375146432564,-0.16917477766164557,-0.1377689882871106,,16.4,-0.16536118766893348,0.5220570195230291,0.6750920624406761,False,False,False
5471,51.09999847412109,2026-09-17,-0.037664784509828686,-0.10350879869963003,-0.18652894609635184,0.2466688710862206,,45.2,-0.18271535610363976,0.20774180697099243,0.765336691266498,False,False,False
5474,154.5,2026-09-17,0.04040404040404044,-0.031347962382445194,-0.11828244448637859,0.13862081676573945,,48.1,-0.1144688544936665,0.8048861361004466,0.799334847588712,True,False,False
5475,171.5,2026-09-17,-0.07046070460704612,-0.047222222222222276,-0.38086642599277976,-0.1910377358490566,,2.0,-0.37705283600006767,1.1552710636824823,0.42875,False,False,False
5478,97.5999984741211,2026-09-17,0.0061855512795989664,-0.012145794945047417,-0.07488153105098494,-0.0648084080656759,,37.1,-0.07106794105827285,0.575589234004678,0.9107953433812089,False,False,False
5481,21.850000381469727,2026-09-17,0.040476208641415656,0.12919896386121477,-0.03956042279253946,0.030660358261239473,,53.2,-0.03574683279982738,1.6503336166538862,0.8619329409336648,True,False,False
5483,182.0,2026-09-17,0.016759776536312776,0.031161473087818692,0.019199141543691844,0.4835923363507768,,86.5,0.02301273153640393,0.3972891763201286,0.6617462145673966,False,False,False
5484,39.400001525878906,2026-09-17,-0.014999961853027322,-0.014999961853027322,-0.16348189379396505,-0.041362457697233124,,24.0,-0.15966830380125296,0.3279101783583688,0.6804836008211284,False,False,False
5487,29.5,2026-09-17,0.008547008547008517,0.01374569117823743,0.03146851771069881,0.04982204980514848,,68.9,0.03528210770341089,0.25793024266797426,0.9394904572734766,False,False,False
5488,12.0,2026-09-17,0.016949136104436047,-0.02834011098452094,-0.10076941459772393,0.18716158275606265,,57.1,-0.09695582460501184,0.14543881152033056,0.6731670207376267,False,False,False
5489,40.900001525878906,2026-09-17,-0.001220982567253004,-0.009685174783797601,-0.17294713789935456,0.06261250073588198,,30.8,-0.16913354790664248,0.30627315363115265,0.6245591057257334,False,False,False
5490,25.5,2026-09-17,-0.0058479384312315474,-0.14429528010567483,-0.059491720729200503,-0.06602298031531129,,39.6,-0.05567813073648842,0.19491611677249926,0.7203389520014121,False,False,False
5493,85.30000305175781,2026-09-17,-0.00813949939816494,0.08801022183145357,-0.040622455240113764,-0.0036815984949236658,,49.5,-0.03680886524740168,0.3336047428417593,0.8753722729669267,False,False,False
5498,50.400001525878906,2026-09-17,-0.03708629948612763,0.029456491901636683,-0.26488741120210524,-0.19348311333685675,,6.1,-0.26107382120939315,0.43641170869414403,0.6094977339996014,False,False,False
5508,54.79999923706055,2026-09-17,0.032015081201329565,0.049808399159392724,0.02673919135741709,0.0784592245989304,,70.2,0.030552781350129177,0.6698532839697511,0.5453341077458332,False,False,False
5511,69.69999694824219,2026-09-17,-0.0014327521367222262,-0.018309902137433998,0.13847241471334093,0.18267018820519332,,84.5,0.14228600470605302,0.2397091079492415,0.9293332926432292,False,False,False
5512,7.710000038146973,2026-09-17,-0.00258731964775738,-0.010269566636432303,-0.03624999523162842,-0.03383458399513406,,47.5,-0.03243640523891633,0.4689809634036298,0.8741496944349534,False,False,False
5514,15.0,2026-09-17,0.0,0.027397233430072276,0.06761564386964247,-0.06832300344140185,,65.1,0.07142923386235456,0.09263090459977771,0.8333333333333334,False,False,False
5515,49.54999923706055,2026-09-17,-0.009000015258789018,-0.07899628364812972,0.28154523400874787,0.44690595080965223,,93.1,0.28535882400145995,0.43174878093340685,0.8895870477263822,False,False,False
5516,11.649999618530272,2026-09-17,-0.037190144525003466,-0.004273520645296958,0.06392692433408476,-0.10727973576571692,,60.3,0.06774051432679684,0.26637421538694256,0.6955223652853894,False,False,False
5519,25.25,2026-09-17,-0.03992392652167631,-0.08844767853643432,-0.12139044439155589,-0.126597079563735,,23.9,-0.1175768543988438,0.7197696921591571,0.8350524054320059,False,False,False
5520,82.0,2026-09-16,-0.003645237431754933,-0.012048192771084376,-0.003645237431754933,-0.01896836318137496,,55.8,0.00016835256095715234,1.4112334180073385,0.9250018051810719,False,False,False
5521,10.649999618530272,2026-09-17,-0.004672915105247921,0.0,0.03405300356236185,-0.21411974931120548,,43.3,0.037866593555073935,0.5292807241946299,0.39509516424634034,False,False,False
5522,60.70000076293945,2026-09-17,-0.03189792624663179,-0.030351401876904105,-0.10896566793160467,-0.0442102884516794,,33.1,-0.10515207793889259,0.8926032700033362,0.7999797392547665,False,False,False
5523,30.350000381469727,2026-09-17,0.0,0.0,-0.0032840846950465963,0.028813572253211017,,60.5,0.000529505297665489,0.38530089670599216,0.9918300654613262,True,False,False
5525,21.899999618530277,2026-09-17,-0.011286681909956076,0.0022882945623632356,0.05925862919457403,-0.09265869434725404,,60.7,0.06307221918728612,0.5681007674592178,0.7621068409167739,False,False,False
5529,25.5,2026-09-17,0.04081632653061229,0.21718372655668317,0.18329470546553206,-0.015444725997047382,,81.3,0.18710829545824414,2.725693890415397,0.8769714048032972,True,True,False
5530,49.84999847412109,2026-09-17,0.009109249683048048,-0.0010020651348454646,0.013211335388255696,0.04288701401214934,,65.2,0.01702492538096778,0.37658138802496305,0.8594827323124326,False,False,False
5531,7.260000228881836,2026-09-17,0.008333391834189907,-0.012244854002515959,-0.10259578591485541,-0.1933333079020182,,21.9,-0.09878219592214332,0.6980629588815499,0.7723404812240797,False,False,False
5533,13.899999618530272,2026-09-17,0.0,0.003610053117936163,0.04070086053141875,0.022378729884763526,,68.0,0.04451445052413083,1.016391070220574,0.9188466560222754,False,False,False
5534,74.4000015258789,2026-09-17,-0.001342261397598521,0.0027063051254150317,0.006518899844951687,0.03404085390235556,,63.2,0.010332489837663772,0.8433998963541585,0.9128085146413847,False,False,False
5536,825.0,2026-09-17,-0.04513888888888884,-0.054982817869415834,-0.3488663545880527,0.22566341589477834,,16.4,-0.3450527645953406,0.3664576895272369,0.5749128919860628,False,False,False
5538,35.25,2026-09-17,-0.03424657534246578,-0.054959766192802184,0.141855945192354,0.2273526378733166,,86.2,0.1456695351850661,0.5460216728873549,0.9337748344370861,False,False,False
5543,27.0,2026-09-17,-0.018181818181818188,0.12266115827536339,-0.0784982695204769,-0.014598526426977121,,40.7,-0.07468467952776481,0.745918457355214,0.7317072868158072,False,False,False
5546,14.75,2026-09-17,0.020761259148426303,0.09259259259259256,-0.03415543016922906,-0.08998460919487339,,42.5,-0.030341840176516977,0.5219439472466667,0.6078481184587484,False,False,False
5547,19.850000381469727,2026-09-17,0.0,-0.00501255025791747,0.04600080306067622,0.018353145674821825,,68.4,0.049814393053388306,0.5981370032788063,0.8226553755383127,False,False,False
5601,30.649999618530277,2026-09-16,-0.01129033488612008,0.0182723996707701,-0.05313559994159511,-0.14925081636715543,,33.6,-0.04932200994888303,1.0286229886209834,0.8054495340556408,False,False,False
5603,13.5,2026-09-17,-0.018181818181818188,-0.030612211356726093,-0.0471546757774014,-0.200046836088834,,29.8,-0.043341085784689315,0.7313865331374533,0.6979591619387516,False,False,False
5604,31.100000381469727,2026-09-17,-0.004799987792968752,0.016339869077347524,-0.0016051119638155198,-0.10632180852608974,,47.1,0.0022084780288965655,0.5017601220257115,0.8203828550630325,False,False,False
5607,52.900001525878906,2026-09-17,0.011472319265220632,-0.020370342113353535,0.051975282550056345,0.1683640447582755,,77.6,0.05578887254276843,0.7013662536911692,0.9248251891659665,False,False,False
5608,16.899999618530273,2026-09-17,0.0,-0.03428573608398433,0.14189185140078964,-0.03428573608398433,,76.6,0.14570544139350172,0.4357888862859826,0.814457812941218,False,False,False
5609,78.5,2026-09-17,-0.0025412573824331597,0.015523892637348435,0.028833510619256764,0.052799428965277784,,68.5,0.03264710061196885,0.5234979817413209,0.9874213836477987,False,False,False
5859,14.300000190734863,2026-09-17,0.02877702037281682,0.021428585052490234,0.04379564889219578,-0.10062889724416901,,57.2,0.04760923888490787,1.458783916588372,0.8746177282626714,True,True,False
5863,11.100000381469728,2026-09-17,0.009090943769975324,0.03507179929457305,0.08277091706628403,0.0041080698697117946,,72.9,0.08658450705899612,0.6929639748540162,0.9709143468284481,True,True,False
5864,34.849998474121094,2026-09-17,-0.018309902137433998,0.06574916394553543,-0.2246659238981361,0.5630487028913016,,69.0,-0.22085233390542403,0.6446839348121705,0.7304919602624415,False,False,False
5871,112.0,2026-09-17,-0.004444444444444473,0.022831050228310446,0.018339817822020654,0.13362351291715124,,72.9,0.02215340781473274,0.6041697945733876,0.9572649572649573,False,False,False
5876,49.95000076293945,2026-09-17,0.042797477489703084,0.14827587960780342,0.26609051931775096,0.33705614472697754,,92.0,0.26990410931046305,0.6230101986884999,1.0,True,True,False
5878,38.04999923706055,2026-09-16,-0.0026212918694256127,-0.012970168868883358,-0.026854201484317164,-0.08291151612019987,,44.2,-0.02304061149160508,0.56948148710599,0.9105378644096668,False,False,False
5880,27.549999237060547,2026-09-17,0.026070720508217127,0.10865186374822633,0.1924220646228314,0.270358193888248,,88.8,0.1962356546155435,1.0197329615853072,1.0,True,True,False
5902,34.45000076293945,2026-09-17,0.017725326908864414,0.0014534661291492057,0.010263997198826313,-0.07246633877078479,,53.1,0.014077587191538399,2.8502408365405207,0.7604017333822594,False,False,False
5903,184.0,2026-09-17,-0.00540540540540535,-0.00540540540540535,0.008219178082191858,0.00028045888415517695,,60.0,0.012032768074903943,0.5978266312784816,0.9697375201609401,False,False,False
5904,72.5999984741211,2026-09-17,0.015384594043651667,-0.06923078879331934,0.18618862911073997,0.4677353030999454,,91.8,0.19000221910345205,0.7515142137067442,0.8335246813545215,False,False,False
6005,31.299999237060547,2026-09-17,-0.009493706986949957,0.03642378961364057,-0.09847868476512567,0.2837406007905894,,67.0,-0.09466509477241358,0.7507350672937156,0.796460538637151,False,False,False
6015,17.350000381469727,2026-09-17,0.011661852325836497,0.12297738483240539,-0.08684208518580383,0.3197795356337254,,71.3,-0.08302849519309174,0.884221472798305,0.7576419506762966,False,False,False
6016,22.899999618530277,2026-09-17,0.015521081743298248,0.195822458208895,-0.12781330306469907,0.47429285039136126,,75.0,-0.12399971307198698,0.6683380554430586,0.7207653964748625,False,False,False
6020,20.549999237060547,2026-09-17,0.002438987173685181,0.009827953407457235,-0.1026201057037639,0.0744580074916048,,44.8,-0.09880651571105181,0.7305509649099795,0.7996108415177389,False,False,False
6021,45.09999847412109,2026-09-17,0.05373830088924314,0.2562673135712894,0.05128197832149395,0.5256976960116739,,88.0,0.055095568314206034,2.386523908709468,1.0,True,True,False
6023,88.0,2026-09-17,0.04265400958573751,0.05389221556886237,0.056807086100148174,0.12306808511466949,,75.9,0.06062067609286026,0.8217144223306083,0.9785251627363633,True,False,False
6024,61.5,2026-09-17,0.009852191446434233,0.011513170587554411,0.11117324939197504,0.25259530088428317,,85.1,0.11498683938468712,0.5553237119050222,0.968503937007874,False,False,False
6026,15.5,2026-09-17,0.019736854901274414,0.06896551724137923,-0.014754559864367356,0.14168642013726562,,68.8,-0.01094096987165527,0.6091105151711979,0.875490132283466,True,False,False
6027,13.699999809265137,2026-09-17,-0.014725999281628432,0.22948722249971154,0.16008074499752967,0.4604061488062845,,90.9,0.16389433499024175,1.7619830404093042,0.9225588860159495,False,False,False
6028,95.5999984741211,2026-09-17,0.015940489100140898,-0.039195995234963865,0.1964955775771431,-0.04732701516782445,,81.0,0.20030916756985517,0.20943738958055125,0.7475354057421632,False,False,False
6035,51.0,2026-09-17,0.00990099009900991,-0.009708737864077666,0.02591581291626155,-0.004765745944202759,,63.1,0.029729402908973634,0.272464175158594,0.7947019489639597,False,False,False
6103,35.45000076293945,2026-09-17,0.09752326935861477,0.2016949411165916,0.05820897799819269,-0.26145831743876136,,43.5,0.062022567990904776,0.9943366575864949,0.6817307839026818,False,False,False
6104,90.9000015258789,2026-09-17,-0.016233765965684377,-0.0172972808013091,-0.16221196750342026,0.012332595169856742,,28.1,-0.15839837751070818,0.2921166755276431,0.7706790286365712,False,False,False
6108,24.299999237060547,2026-09-17,0.04291845634095215,-0.018181849007654627,0.2722512435463462,0.4421364205892677,,93.1,0.2760648335390583,1.227150977284642,0.9346153552715595,False,False,False
6109,10.449999809265137,2026-09-17,-0.027906994486963987,-0.05855860809605906,-0.18039217182234224,-0.13991768416785977,,15.0,-0.17657858182963015,0.42664600553115156,0.7359154894105547,False,False,False
6112,48.75,2026-09-17,0.08816966138856186,0.10544221511952312,0.11597308255655459,0.028734569508723773,,77.0,0.11978667254926667,7.56721697251394,0.9161876873084528,False,False,False
6113,22.299999237060547,2026-09-17,-0.004464302820211041,-0.03671707971819371,-0.24662165710575956,0.08515815401316384,,21.1,-0.24280806711304748,0.2654855529598846,0.7470686416106023,False,False,False
6114,23.0,2026-09-17,-0.035639428422405195,-0.061224489795918324,-0.22652037039662165,-0.2403101400307237,,6.8,-0.22270678040390957,0.43424691978878555,0.6893068645877635,False,False,False
6115,44.04999923706055,2026-09-17,0.0034168042361732986,-0.01893100801630143,-0.03673038778393756,-0.0007106477304834602,,51.0,-0.03291679779122547,0.4321987956116896,0.9372091522709629,False,False,False
6116,13.949999809265137,2026-09-17,-0.051020408825263264,-0.021052644963850065,-0.3007519160009431,0.5924656900432268,,57.5,-0.296938326008231,0.5065415953607656,0.6145374158771055,False,False,False
6117,60.900001525878906,2026-09-17,-0.014563069940006224,-0.001639319247886739,-0.18679933731911724,-0.13527417015771093,,14.5,-0.18298574732640516,0.6583082305510214,0.6608325563736606,False,False,False
6118,15.149999618530272,2026-09-17,0.006644480167978362,-0.009803958845400973,-0.1559889150640158,-0.14647889473068887,,17.5,-0.1521753250713037,0.4436168471657158,0.6674008418213144,False,False,False
6120,12.300000190734863,2026-09-17,0.00819675270763387,-0.019920318422350647,-0.19344261044361555,-0.0630883853552644,,18.0,-0.18962902045090346,0.5250889289865871,0.7768801288981011,False,False,False
6121,374.0,2026-09-17,-0.011889035667106973,-0.06849315068493156,-0.09134551720405149,0.09919965787778029,,49.6,-0.0875319272113394,0.46625736504295734,0.824105853670083,False,False,False
6122,51.29999923706055,2026-09-17,0.017857096903449943,0.08456659755854523,0.16073783224404736,0.06419681709249869,,82.7,0.16455142223675945,0.6770942383609102,0.8774956089289048,False,False,False
6123,43.09999847412109,2026-09-17,0.01292595174905431,0.005834305925378036,0.010550924551998797,0.05164510738252903,,65.5,0.014364514544710882,0.7153739125983819,0.8326673634054148,False,False,False
6124,27.100000381469727,2026-09-17,0.022641523829046273,0.003703717832212128,-0.11292958892796268,-0.18126883290772378,,21.1,-0.10911599893525059,0.3434288749272962,0.7140974924020178,False,False,False
6125,48.34999847412109,2026-09-17,-0.029116481629589797,-0.06840082750262888,-0.21968966030138093,-0.19526481826817277,,9.4,-0.21587607030866884,0.41792942791507676,0.6000912068267248,False,False,False
6126,31.600000381469727,2026-09-17,0.09532062265643226,0.09467817619854291,-0.19705424215107548,-0.04901852173719379,,18.6,-0.1932406521583634,0.9876677130872926,0.7497272382281178,True,False,False
6127,48.400001525878906,2026-09-17,-0.012244866818797884,-0.02615692589747276,-0.43259085821472887,0.09009008699399623,,4.8,-0.4287772682220168,0.3956006665313997,0.4994840120095644,False,False,False
6128,19.149999618530277,2026-09-17,0.010554028893864809,-0.05665022964290467,-0.0703883852470103,-0.11624493959198412,,33.4,-0.06657479525429821,0.9582262234522341,0.6836014736209113,False,False,False
6129,14.550000190734863,2026-09-17,-0.01434718153321246,-0.05751472758621767,-0.24046772566278207,-0.2382272033834244,,6.2,-0.23665413567007,0.6834921983021635,0.6192828960758,False,False,False
6133,26.049999237060547,2026-09-17,0.1787329768058643,0.22611783125564466,0.16310527098823635,0.07134154530074155,,83.0,0.16691886098094844,2.2350743777267956,0.9381177696625409,True,False,False
6134,28.700000762939453,2026-09-17,0.01234569230194782,0.034234261727547954,-0.20658643735408622,-0.09625239186953849,,14.3,-0.20277284736137413,0.36720362522633676,0.726631279342553,False,False,False
6136,24.850000381469727,2026-09-17,0.00811362134014404,-0.004008031198871387,0.033693820095456184,0.08537851540595942,,71.8,0.03750741008816827,1.2058801725312212,0.9303244085609037,False,False,False
6138,269.0,2026-09-17,-0.009208103130755041,-0.09427609427609429,-0.2869421125513867,0.18292544225375784,,22.6,-0.2831285225586746,0.19425308969319044,0.6385109077053688,False,False,False
6139,696.0,2026-09-17,-0.07569721115537853,-0.06341240332603693,-0.11428881671632218,0.22219094975853637,,57.9,-0.1104752267236101,0.5529955986860351,0.7512315188182005,False,False,False
6140,19.850000381469727,2026-09-17,0.23291924913964945,0.21779149144606746,-0.05023919886245376,-0.06146568607602121,,42.0,-0.046425608869741675,4.924440919013282,0.5898959727001457,False,False,False
6141,49.5,2026-09-17,-0.10649821955551475,0.1123595505617978,0.39044949779936955,0.7491166549282722,,95.4,0.39426308779208163,0.7719235470631525,0.8404074485168082,False,False,False
6142,8.829999923706055,2026-09-17,0.032748506049697035,-0.018888897365993973,-0.07539269661243908,-0.11611610350239998,,32.9,-0.071579106619727,0.4153919114878654,0.7848888821072049,False,False,False
6143,82.0,2026-09-17,-0.0060606060606061,-0.0817469518733025,-0.08990009557489187,-0.12145401803095224,,29.3,-0.08608650558217978,0.42853066677493423,0.5934667714169538,False,False,False
6146,176.0,2026-09-17,-0.027624309392265234,-0.07326616275475717,-0.06368752524576882,-0.03789766996013488,,41.6,-0.05987393525305673,0.9826232771631347,0.8047774507006187,False,False,False
6147,209.5,2026-09-17,0.09973753280839892,0.2972136222910218,-0.2436823104693141,1.983271372839499,,95.3,-0.23986872047660202,1.5894920799672563,0.6943063789366201,True,False,False
6148,36.25,2026-09-17,0.28546095813018146,0.31340577894838617,0.08208955223880587,-0.04709283051350199,,69.2,0.08590314223151796,7.982683916723679,0.7872709376289564,False,False,False
6150,61.400001525878906,2026-09-17,0.023333358764648482,0.0406779919640492,-0.04619876033895309,0.013024221484647214,,50.3,-0.04238517034624101,1.5177305166600232,0.6680719900105742,False,False,False
6151,34.349998474121094,2026-09-17,-0.005788734221589209,-0.04583337571885848,-0.18019099705986086,0.17168097743765087,,39.3,-0.17637740706714877,0.5916183083317987,0.6897590160715956,False,False,False
6152,14.75,2026-09-17,-0.029605250981045383,0.061151108258778786,0.03873240831848479,-0.27518428877126544,,38.6,0.042545998311196875,1.4815122159141454,0.668934263508224,False,False,False
6153,17.25,2026-09-17,-0.00862066792062055,0.03293408454693614,-0.27974950102327856,0.008771907320705097,,12.8,-0.27593591103056647,0.36035261514163924,0.705521450377499,False,False,False
6154,14.050000190734863,2026-09-17,0.010791408368430844,0.0071684862248750925,0.0035714421953474407,0.0755285295347976,,66.6,0.007385032188059526,0.8739047952091621,0.9964538872778631,False,False,False
6155,55.5,2026-09-17,-0.028020989787700956,-0.0447504052049017,-0.42073339993569103,0.13505739302396114,,6.4,-0.41691980994297895,0.2686597254501393,0.568681023593572,False,False,False
6156,20.600000381469727,2026-09-17,0.0,-0.021377618617608007,-0.2244351548683433,0.053114636769533874,,22.2,-0.22062156487563123,0.2840789352254026,0.6483237326352144,False,False,False
6158,17.200000762939453,2026-09-17,0.00879774384698262,0.036144600462750365,-0.01714281354631697,-0.04972373478244052,,49.5,-0.013329223553604885,0.5567457378663755,0.7020408474669164,False,False,False
6160,14.5,2026-09-17,-0.006849341017596711,0.039426537509310355,-0.1265060441693675,-0.14201181495286874,,22.3,-0.12269245417665542,0.42302658526382636,0.6236559139784946,False,False,False
6161,48.900001525878906,2026-09-17,-0.019057110879057704,-0.02976190386085198,-0.05320626834070785,0.22152277426211509,,69.0,-0.049392678347995767,0.36706323505256794,0.7836538993512875,False,False,False
6163,41.54999923706055,2026-09-17,0.029739796984356692,0.013196288075964846,-0.17354967875516836,-0.2631299972337142,,10.3,-0.16973608876245627,0.7148691200271906,0.5688119920446306,False,False,False
6164,11.800000190734863,2026-09-17,0.044247786863752525,0.012875586018561203,-0.13868610547317872,-0.09578543921305571,,23.6,-0.13487251548046664,0.312203159796206,0.6781609453696973,False,False,False
6165,48.59999847412109,2026-09-17,0.018867876242905313,0.03846152278641779,0.012499968210855972,0.011446394293307849,,61.6,0.016313558203568057,0.33298189948785456,0.8663101567915417,False,False,False
6166,112.0,2026-09-17,-0.004444444444444473,-0.09311740890688258,-0.2848107821222573,0.8677667612251274,,78.9,-0.2809971921295452,0.2941659958867625,0.6726726726726727,False,False,False
6167,10.25,2026-09-17,-0.014423040772329365,-0.037558650972559615,-0.14937760682517398,-0.3471337500302959,,9.0,-0.1455640168324619,0.5012967739764352,0.6250000145377186,False,False,False
6168,35.349998474121094,2026-09-17,0.1862415899044163,0.4607436925480206,0.13665588554730812,0.488420988384046,,90.6,0.1404694755400202,2.7384099501548356,0.9957746049048195,True,True,False
6170,48.25,2026-09-17,-0.007201614919956412,0.014721362232827717,-0.008617542301954328,-0.01049512372401773,,55.7,-0.004803952309242243,0.48427842585025344,0.9820649824786649,False,False,False
6171,25.399999618530277,2026-09-17,-0.03422051880754573,0.09247310187226998,0.03885475770744362,-0.0729927017461498,,59.0,0.04266834770015571,1.486248359382118,0.8273615305310594,False,False,False
6173,303.5,2026-09-17,0.028813559322034,0.4215456674473068,4.70606217231051e-05,3.6858038479556097,,98.5,0.0038606506144351904,2.65840404297843,0.871652974225419,False,False,False
6174,43.900001525878906,2026-09-17,0.03294121237362124,-0.018994379309968612,-0.13329845878180469,1.0606890485780625,,91.0,-0.1294848687890926,0.29855535595027477,0.6968254210456969,False,False,False
6175,69.0999984741211,2026-09-17,-0.026760584871533877,-0.08718624491667637,-0.354198254146445,0.46345938445052126,,34.4,-0.3503846641537329,0.13576630786182303,0.6042265487221584,False,False,False
6176,93.4000015258789,2026-09-17,0.04826041667112646,-0.13837638181599998,-0.205058934583356,-0.2027934244739138,,10.2,-0.20124534459064392,0.804685621303408,0.5148626051731346,False,False,False
6177,47.650001525878906,2026-09-17,0.003157926860608562,0.0495594696999615,0.10672496588875302,0.07967437145934975,,78.6,0.1105385558814651,0.7706165374515361,0.9136453589377947,False,False,False
6179,41.45000076293945,2026-09-17,0.08507853233220497,0.5437616452156842,0.5808153969144194,0.4993879771120482,,95.7,0.5846289869071315,3.213368102877239,1.0,True,True,False
6182,110.5,2026-09-17,0.018433179723502224,0.00454545454545463,-0.05150214592274682,1.9624665485303647,,96.6,-0.04768855593003474,0.554022064960408,0.58311345646438,False,False,False
6183,90.9000015258789,2026-09-17,-0.004381177574026229,0.01226310007207232,0.049379502897708205,0.016621663881457138,,69.1,0.05319309289042029,0.5639017420085845,0.9463341959950605,False,False,False
6184,39.54999923706055,2026-09-17,-0.023456808961467956,-0.05495816776391993,-0.09722947238340918,-0.11146874172984556,,28.9,-0.09341588239069709,1.714276287356317,0.8349735018722444,False,False,False
6185,12.399999618530272,2026-09-17,-0.023622062617355555,-0.06060607593140577,-0.12951536128647856,-0.11131708133914076,,23.8,-0.12570177129376647,1.2320223835567197,0.7245795297902351,False,False,False
6186,30.049999237060547,2026-09-17,-0.02117268761320612,-0.06441626456878602,-0.16694951693728144,-0.19075102288374934,,13.8,-0.16313592694456935,0.5559704751622345,0.5141975653147927,False,False,False
6187,1210.0,2026-09-17,-0.0546875,-0.07279693486590033,-0.027475577052264888,0.6448063167019447,,87.5,-0.023661987059552803,0.5007730234409453,0.8461538461538461,False,False,False
6188,61.900001525878906,2026-09-17,-0.02519682636411169,-0.10419677434491825,-0.21067394660545868,-0.34225712699075406,,5.2,-0.2068603566127466,0.5414526602288279,0.49027144361274455,False,False,False
6189,47.400001525878906,2026-09-17,0.022653788270221353,0.005302226763721052,-0.08564475721871934,0.06560932673777975,,47.5,-0.08183116722600725,0.5224627035709266,0.8820458514380245,False,False,False
6190,68.4000015258789,2026-09-17,0.004405331255210143,0.052307715782752506,-0.16205580403228614,0.2524272319358065,,51.2,-0.15824221403957406,0.8352775517375064,0.7623470014828876,False,False,False
6191,82.19999694824219,2026-09-17,0.002438987173685181,-0.0036364006273674754,-0.18572979509319532,-0.13650646234563435,,14.5,-0.18191620510048323,0.17554729146542303,0.636052531436555,False,False,False
6192,110.5,2026-09-17,-0.030701754385964897,-0.04741379310344829,-0.0714285714285714,-0.026991976883406155,,40.9,-0.06761498143585931,0.7365649485443342,0.8277153558052435,False,False,False
6194,30.399999618530277,2026-09-17,0.01502500314282651,0.03401360588350877,-0.008537842990180233,-0.013134956701935319,,55.4,-0.004724252997468148,0.8948305359513375,0.8051722958599264,True,False,False
6195,27.700000762939453,2026-09-17,0.001808359678083571,0.001808359678083571,0.06144286224858586,0.16887636209015966,,78.5,0.06525645224129795,0.7274070940859815,0.9551724401013605,False,False,False
6196,516.0,2026-09-17,-0.03551401869158877,0.03200000000000003,-0.07077406697039479,0.8617646757641413,,89.8,-0.0669604769776827,0.8132928478304388,0.8745762711864407,False,False,False
6197,304.5,2026-09-17,0.011627906976744207,0.011627906976744207,-0.11988436429692095,0.5851062046810238,,80.9,-0.11607077430420887,0.43942327679872717,0.8174496644295302,False,False,False
6198,19.5,2026-09-16,0.002570654760889024,-0.020100483728542895,-0.06921244439783047,-0.10344827586206895,,34.7,-0.06539885440511839,0.2774256013893474,0.6331168987996708,False,False,False
6199,105.0,2026-09-17,0.07913665680098969,0.09489049352794265,0.034482758620689724,0.01941747572815533,,67.2,0.03829634861340181,3.3272515118173285,0.8898305084745762,True,False,False
6201,44.79999923706055,2026-09-17,0.011286681909956187,0.007873981284898246,-0.010023802653687741,-0.07153688676064307,,48.6,-0.006210212660975656,0.5024020415067083,0.8244112126177048,False,False,False
6202,54.29999923706055,2026-09-17,-0.04063603001883742,-0.06379311660240439,-0.2552919850660983,-0.025133541952541028,,13.4,-0.2514783950733862,0.15381490145080123,0.7447080149339017,False,False,False
6203,59.59999847412109,2026-09-17,-0.00831946776529946,-0.011608636348194756,-0.06676113870826461,-0.03560604031129189,,41.0,-0.06294754871555253,0.502680546453427,0.731341383256224,False,False,False
6204,100.0,2026-09-17,0.13505925175216205,0.2043861886660967,-0.12929652922976764,0.5837204671511398,,80.2,-0.12548293923705556,0.8438889684040619,0.8045299988681387,True,False,False
6205,63.29999923706055,2026-09-17,0.003169584275370285,0.0377049055255827,-0.233069418531476,0.12367352071433646,,26.2,-0.22925582853876392,0.4335331486113823,0.6568112544407956,False,False,False
6206,141.5,2026-09-17,0.04814814814814805,-0.02076124567474047,0.10235981601152422,0.4607625045484689,,89.0,0.1061734060042363,0.4922858646400439,0.8955696202531646,False,False,False
6207,113.5,2026-09-17,0.013392857142857206,0.11274509803921573,-0.3112445862964235,1.2661834919432713,,88.4,-0.3074309963037114,0.6646484563655476,0.6887554137035765,False,False,False
6208,73.5999984741211,2026-09-17,-0.03664925387219231,-0.0969325340598639,-0.2921780489839637,0.553397991028135,,55.3,-0.2883644589912516,0.2800469883130031,0.7009523664202009,False,False,False
6209,78.0,2026-09-17,-0.03703703703703709,0.16417910447761197,-0.19179131432364172,0.3049481973928265,,50.4,-0.18797772433092963,1.335629948687784,0.8082086856763583,False,False,False
6210,17.100000381469727,2026-09-17,-0.036619696818606995,0.0,-0.18377089457105777,-0.15346535962301733,,13.9,-0.1799573045783457,1.020166201720954,0.7633928871732589,False,False,False
6212,32.29999923706055,2026-09-17,0.028662408581659582,0.09677413922880418,0.11958401421050735,0.11379307714001885,,81.3,0.12339760420321944,1.1425757202659443,0.7459584250850267,False,False,False
6213,495.0,2026-09-17,-0.046242774566473965,0.022727272727272707,0.6206433151121,2.294773488588354,,98.4,0.6244569051048121,0.996870278579099,0.8490566037735849,False,False,False
6214,193.0,2026-09-17,0.029333333333333433,0.08123249299719881,0.4296296296296296,0.7998016417912572,,95.7,0.43344321962234167,0.9388530102990591,1.0,True,True,False
6215,98.0,2026-09-17,-0.02487562189054726,-0.013091671820797401,-0.0964173049576541,-0.08386751576693163,,31.9,-0.09260371496494202,0.33171256459566395,0.7329060187497597,False,False,False
6216,19.350000381469727,2026-09-17,-0.03249998092651363,-0.08350117035721427,-0.128736053298651,-0.21163306313270114,,16.6,-0.12492246330593892,0.8712493202900814,0.6964133552735587,False,False,False
6217,162.5,2026-09-17,-0.05523255813953487,0.06209150326797386,-0.4014732965009208,-0.114441416893733,,2.6,-0.3976597065082087,0.718689120138416,0.47653958944281527,False,False,False
6218,56.0,2026-09-17,0.2134344127507264,0.45265891331493635,0.5094340243453788,1.2718053089908699,,97.3,0.5132476143380909,4.95305029419602,1.0,True,True,False
6219,12.0,2026-09-17,-0.008264494075791218,-0.008264494075791218,-0.055118096045518095,-0.16666664459087166,,31.8,-0.05130450605280601,0.38491647737160034,0.5660377154786554,False,False,False
6220,25.149999618530277,2026-09-17,-0.013725505155675388,-0.015655562836575987,-0.35588972247436246,-0.2676805925270984,,1.8,-0.3520761324816504,0.33373368679665716,0.5666179826045437,False,False,False
6221,28.649999618530277,2026-09-17,0.3514150277114356,0.35530270035530953,0.2779386265184127,0.10707874097343417,,88.9,0.2817522165111248,7.619039446036093,0.7486493426463623,False,False,False
6222,19.100000381469727,2026-09-17,-0.037783374588755025,-0.04975124283688592,-0.0705595576361796,-0.09047617231096539,,35.5,-0.06674596764346752,1.3930499635408335,0.8268398296993663,False,False,False
6223,5500.0,2026-09-17,-0.02135231316725983,0.04662226450999052,-0.14104362589399633,0.5058102834115694,,75.3,-0.13723003590128424,0.7102584092227147,0.7478041717036451,False,False,False
6224,86.5,2026-09-17,-0.028089887640449396,0.31859759164665014,0.04091457988338876,1.1830966538302206,,94.4,0.04472816987610084,1.2008001940908424,0.9105263157894737,False,False,False
6225,60.20000076293945,2026-09-17,-0.1897712208571003,0.12313437456542009,1.7870370231374633,1.7301588592238257,,98.7,1.7908506131301754,1.4869663857430926,0.8037383115691872,False,False,False
6226,43.84999847412109,2026-09-17,0.34509204069229016,1.058685448111429,2.507999877929687,1.9931740352168172,,98.9,2.511813467922399,2.1707533201028237,1.0,True,True,False
6227,137.5,2026-09-17,0.18534482758620685,0.22160361638701964,0.14342103702090792,0.6619492160462053,,92.6,0.14723462701362,4.992736780802448,1.0,True,True,False
6228,17.850000381469727,2026-09-16,0.031791975067313905,0.020000021798270096,-0.12926827407464747,-0.2859999847412109,,12.9,-0.12545468408193539,0.020278285673729142,0.5425531779209507,True,False,False
6229,23.299999237060547,2026-09-17,-0.008510670763380968,-0.023060844260468172,-0.14541533918012717,0.1193856089164449,,40.7,-0.14160174918741508,0.3565013995809853,0.7654225221722597,False,False,False
6230,110.5,2026-09-17,0.027906976744185963,0.04245283018867929,-0.18148148148148147,-0.38611111111111107,,5.6,-0.17766789148876938,2.559200362601024,0.6054794520547945,False,False,False
6231,212.0,2026-09-17,-0.02752293577981646,-0.007025761124121788,-0.2866933206255209,-0.11706550913223357,,7.1,-0.2828797306328088,1.0488232931985535,0.6232479155138024,False,False,False
6233,20.399999618530277,2026-09-17,0.019999980926513894,-0.03773590168013996,-0.1944483651153711,-0.2762513528660323,,8.0,-0.19063477512265903,0.33120443650866743,0.6904728150427172,False,False,False
6234,35.0,2026-09-17,-0.005681839733083893,-0.0014766110383640507,-0.24684027271569087,0.23029236111115758,,33.1,-0.24302668272297878,0.292897033021368,0.5685141094982524,False,False,False
6235,38.0,2026-09-17,-0.010416705989173769,0.0187667768701707,-0.07990313070270694,-0.20668054664375513,,24.3,-0.07608954070999485,0.2582766626346343,0.5085115625894933,False,False,False
6236,19.049999237060547,2026-09-16,0.0,0.2742474568631412,0.002631538792660315,-0.118055606452525,,46.6,0.0064451287853724,0.0,0.6057233314763217,True,True,False
6237,33.900001525878906,2026-09-17,0.01345293729972119,0.019548918071546018,-0.2868356317596851,-0.10807654697348901,,7.5,-0.283022041766973,0.395607251100492,0.6057448368578148,False,False,False
6239,274.5,2026-09-17,-0.031746031746031744,0.04571428571428582,-0.23522970488105177,0.3620725671686247,,47.2,-0.23141611488833969,0.5341546742586342,0.7385380572053147,False,False,False
6240,25.0,2026-09-17,0.10864748761999588,0.20481927710843384,0.38504160978963364,0.32978728800782897,,93.4,0.38885519978234573,1.8948447763921954,0.8944543584109296,False,False,False
6241,15.75,2026-09-17,0.050000000000000044,-0.1702604140028282,-0.19637095063233145,-0.061886053535711305,,17.8,-0.19255736063961937,0.1903168797345735,0.6112710562806634,False,False,False
6243,37.20000076293945,2026-09-17,-0.005347613764161596,-0.14087756539496876,-0.02998690370112167,0.20388353469852993,,71.2,-0.026173313708409585,0.10079881293827725,0.7126436823608328,False,False,False
6244,22.350000381469727,2026-09-17,-0.011061946715938187,-0.11133197930538086,-0.21427608729528846,-0.3127919707087431,,5.6,-0.21046249730257638,0.38746630844933166,0.6190551938861558,False,False,False
6245,84.4000015258789,2026-09-17,0.013205263311186322,0.061292516425964116,0.07809739120841797,0.3431228627607865,,85.7,0.08191098120113005,2.051229280511986,0.9684003629725301,False,False,False
6246,12.600000381469728,2026-09-17,-0.03448274350100178,0.03278693266050836,-0.17915309001032698,-0.24999994323366892,,10.4,-0.1753395000176149,0.15020065780398664,0.7000000211927627,False,False,False
6248,16.75,2026-09-17,-0.011799454509568319,-0.008685408328880095,-0.022191095213572876,-0.10286032086820185,,43.2,-0.01837750522086079,0.7866759939218279,0.8155815416323158,False,False,False
6257,222.5,2026-09-17,0.025345622119815614,0.11528822055137855,-0.0679655536591135,0.6804338822164944,,86.9,-0.06415196366640141,0.8937650951749225,0.8279060366255944,True,False,False
6259,28.149999618530277,2026-09-17,-0.022569431796853445,-0.08006538341166436,-0.27675519840989804,0.6356140955741127,,66.5,-0.27294160841718595,0.09443809930104771,0.6680676947662632,False,False,False
6261,75.4000015258789,2026-09-17,-0.016949093534391224,0.020461942812252998,-0.23010696112825912,0.16755557030990564,,30.1,-0.22629337113554704,0.7813931656894536,0.5824658765629546,False,False,False
6263,156.5,2026-09-17,-0.006349206349206327,-0.03095975232198145,-0.039877300613496924,0.3187712459227918,,76.0,-0.03606371062078484,0.30149783259294033,0.8675206214517232,False,False,False
6264,6.010000228881836,2026-09-17,0.001666704813639397,-0.0016610883847775204,-0.006611563734210235,-0.06821699122397817,,49.8,-0.00279797374149815,1.923080014619724,0.76854221188655,False,False,False
6265,48.70000076293945,2026-09-17,-0.09814813401963973,-0.1773648625790768,-0.18561870594877805,0.05525458619173862,,27.8,-0.18180511595606597,0.6189683441663674,0.7621283192492008,False,False,False
6266,25.0,2026-09-17,0.0,0.0,-0.04030707362043773,-0.07484689892099583,,42.8,-0.03649348362772564,0.5341775741214201,0.8694935156488867,False,False,False
6269,63.70000076293945,2026-09-17,-0.04354351017453095,0.01594896312331584,-0.27199999128069197,0.11169287279395812,,19.3,-0.2681864012879799,0.4659422679132399,0.728000008719308,False,False,False
6270,28.600000381469727,2026-09-17,0.0017513536162996335,-0.04347823590789901,-0.24073058727201757,0.2176665565773086,,33.0,-0.23691699727930549,0.1144170897340645,0.6864505795806611,False,False,False
6271,225.0,2026-09-17,-0.008810572687224627,0.1597938144329898,-0.15572232645403372,0.45126173436879036,,70.9,-0.15190873646132164,0.4076447087675054,0.782608695652174,False,False,False
6272,27.0,2026-09-17,-0.08783784959331908,0.17647054912523763,-0.1601866650529845,-0.16264688220036883,,15.8,-0.15637307506027243,1.1292895107439993,0.4749167456697381,False,False,False
6274,1320.0,2026-09-17,-0.053763440860215006,-0.12,-0.3052631578947368,1.2783529145791483,,89.1,-0.3014495679020247,1.6317490513432924,0.6947368421052632,False,False,False
6275,45.150001525878906,2026-09-17,-0.007692274156507528,0.0,-0.08062421968073452,-0.0529876515077079,,37.2,-0.07681062968802244,0.32898181149607403,0.7772354972988382,False,False,False
6276,20.0,2026-09-17,0.058201079559347724,0.05263157894736836,-0.17012449446358435,-0.43422911277799536,,4.8,-0.16631090447087227,0.2616527326190738,0.4329004257515841,False,False,False
6277,78.0999984741211,2026-09-17,0.006443299095769239,-0.06690559950180142,0.12731753607111784,0.35924466070080596,,87.8,0.13113112606382993,0.2945996423573053,0.8925714111328125,False,False,False
6278,184.0,2026-09-17,-0.03916449086161877,0.054441260744985565,-0.08123159491556775,0.9117807511175127,,90.3,-0.07741800492285567,0.3289774972347542,0.7678145828193026,False,False,False
6281,50.900001525878906,2026-09-17,-0.007797226454784645,-0.003913834720434828,-0.009727626170366155,-0.11453056906932713,,44.5,-0.0059140361776540695,0.6620623744708175,0.7791105578816341,False,False,False
6282,42.75,2026-09-17,-0.010416684143336852,-0.06147089536683026,-0.31959942865726076,-0.130448047544932,,5.0,-0.3157858386645487,0.3067296535647313,0.6140903287914351,False,False,False
6283,17.899999618530273,2026-09-17,-0.09595958039099106,-0.10050251448938041,-0.25879917593060264,-0.1331719152930294,,8.6,-0.25498558593789056,1.4359054001905074,0.6641929169495842,False,False,False
6284,75.0999984741211,2026-09-17,-0.046954370994204964,-0.050568901101921915,-0.2604210792051759,-0.08764699846873847,,10.4,-0.2566074892124638,0.34209789081469144,0.6173098229610494,False,False,False
6285,226.5,2026-09-17,-0.0022026431718061845,-0.03821656050955413,-0.1406044778478429,0.33131798732190343,,63.5,-0.13679088785513083,0.4655326960701093,0.7220000640095816,False,False,False
6290,266.0,2026-09-17,-0.032727272727272716,0.1901565995525727,-0.14227678038110547,0.1317676260231473,,43.0,-0.1384631903883934,0.8551999837596826,0.7432043515069897,False,False,False
6291,517.0,2026-09-17,0.04444444444444451,0.375,-0.1252115059221658,0.4555394774578141,,74.4,-0.1213979159294537,2.0443215645839916,0.7614138438880707,True,False,False
6292,66.19999694824219,2026-09-17,0.001512836254606631,0.06430861955368417,0.0,0.35728538730377113,,81.6,0.0038135899927120853,1.335621234567403,0.9728182724173154,False,False,False
6405,41.34999847412109,2026-09-17,0.05484687931981602,0.08104571174172781,-0.3963503872391082,0.35573765488921594,,19.1,-0.3925367972463961,0.4169627947250713,0.5104938083224826,False,False,False
6407,22.549999237060547,2026-09-17,-0.021691974687620963,0.008948494504574578,-0.23055054384816953,0.28514444145153006,,40.5,-0.22673695385545745,0.5117824295559786,0.4081201546775032,False,False,False
6409,877.0,2026-09-17,0.0011415525114155667,-0.1485436893203883,-0.03441338002505101,0.23047053562513353,,72.0,-0.030599790032338925,0.4140734483579359,0.7058513065754926,False,False,False
6411,77.69999694824219,2026-09-17,-0.006393862142103801,-0.005121658562022291,-0.29783847496905036,0.03285696581265052,,12.3,-0.2940248849763383,0.31749787362902687,0.7021615250309496,False,False,False
6412,74.0,2026-09-17,0.004070597885756921,-0.038961038961038974,-0.2210526315789474,-0.022435155747955404,,16.9,-0.2172390415862353,0.3509377227175526,0.7267180674253779,False,False,False
6414,371.5,2026-09-17,-0.0026845637583892135,-0.09057527539779686,-0.02493438320209973,0.4196171295221367,,82.1,-0.021120793209387645,0.38078679876245675,0.7385685884691849,False,False,False
6415,411.0,2026-09-17,0.014814814814814836,-0.06590909090909092,-0.3893016344725111,0.47809583179909754,,29.4,-0.385488044479799,0.6310571231581451,0.6106983655274889,False,False,False
6416,119.0,2026-09-17,0.07692307692307687,0.22807015610024406,0.4706595390158923,0.4903638210898533,,95.0,0.4744731290086044,2.031985973668399,1.0,True,True,False
6417,104.0,2026-09-17,-0.014218009478673022,-0.028037383177570097,-0.19821464303742198,0.002231725678167651,,22.3,-0.1944010530447099,2.480175639011107,0.7251642400166743,False,False,False
6418,34.5,2026-09-17,-0.017093974364798536,0.06976744186046502,0.07476640622938913,0.11022536648062586,,76.8,0.07857999622210121,0.4817613306869298,0.4618596258392684,False,False,False
6419,152.0,2026-09-17,-0.04100946372239744,-0.05882352941176472,-0.003278688524590123,0.7078651685393258,,89.6,0.0005349014681219622,0.6208304487207077,0.781491002570694,False,False,False
6423,79.5999984741211,2026-09-17,-0.043269214016445345,0.008871951010198442,-0.05463181283662888,-0.0975740362823756,,38.1,-0.050818222843916794,0.16340446378062506,0.6342629360487737,False,False,False
6425,62.900001525878906,2026-09-17,-0.02177296204406065,0.08823533488125568,-0.21087109210561827,-0.03828632099968221,,17.4,-0.2070575021129062,0.559907703178578,0.6220645780197328,False,False,False
6426,363.0,2026-09-17,0.1273291925465838,0.5743440395304518,0.6759146334590491,1.0900773817101466,,97.5,0.6797282234517612,1.688788900675757,1.0,True,True,False
6432,53.5,2026-09-17,-0.036036036036036,-0.20974885654866915,-0.33261820853910773,0.4585521684422553,,38.1,-0.32880461854639564,0.1376162532669264,0.6243744548572862,False,False,False
6434,14.449999809265137,2026-09-17,-0.0034482890161974256,-0.05863195764418727,-0.28641976250542533,1.2936506939342833,,89.8,-0.28260617251271325,0.2799278658426864,0.39589040573329143,False,False,False
6435,241.0,2026-09-17,0.004166666666666652,-0.0622568093385214,-0.29131520363669616,0.5081158434712747,,50.9,-0.2875016136439841,0.25479394012953915,0.5888833309620175,False,False,False
6438,145.5,2026-09-17,-0.03642384105960261,0.02464788732394374,-0.08777429467084641,-0.06362157124802492,,34.9,-0.08396070467813432,0.3808241061155084,0.7971870227102654,False,False,False
6441,23.450000762939453,2026-09-17,-0.10153255095014091,0.0881671272921154,0.02625822194542704,0.17839202072664984,,75.8,0.030071811938139126,3.3343755642057062,0.7305296535090107,False,False,False
6442,1510.0,2026-09-17,-0.1611111111111111,-0.013071895424836555,-0.26952520957439563,-0.21086016543080743,,5.5,-0.26571161958168354,0.8545896502186097,0.6426328396128718,False,False,False
6443,23.75,2026-09-17,0.004228346007725481,-0.08653846153846156,-0.3910256410256411,-0.5192307840808827,,0.4,-0.387212051032929,0.6514513541188935,0.4541109052860253,False,False,False
6449,211.5,2026-09-17,-0.06622516556291391,-0.06415929203539827,-0.501530845046029,0.31848177440984493,,7.2,-0.4977172550533169,0.7147273583260328,0.46132623090541314,False,False,False
6451,419.0,2026-09-17,-0.014117647058823568,0.012077294685990392,-0.32056961376989224,0.5412078987371784,,48.0,-0.31675602377718015,0.6410481541577646,0.5790173744955557,False,False,False
6456,65.0999984741211,2026-09-17,0.0156006243963287,0.0,-0.1445466520441615,0.006182404091902738,,30.9,-0.14073306205144942,0.4661406758892107,0.7145993366027787,False,False,False
6462,97.5999984741211,2026-09-17,-0.013144621149653313,0.0061855512795989664,-0.20000001250720412,-0.008130112188539096,,21.0,-0.19618642251449203,0.5623438691855411,0.6236421627739367,False,False,False
6464,77.80000305175781,2026-09-17,0.0012870798898774183,-0.015189834787875833,0.05596355127760644,0.07807802029671196,,73.7,0.05977714127031852,0.2713589075717736,0.9773869917478896,False,False,False
6465,41.45000076293945,2026-09-17,-0.03379955038147864,-0.10086763264844745,-0.383663248960848,-0.074197261581194,,3.7,-0.37984965896813594,0.37462007098574146,0.5821629570162894,False,False,False
6470,43.09999847412109,2026-09-17,-0.009195437376526727,0.0373044347899294,-0.09430301153066845,-0.09609295459458389,,30.7,-0.09048942153795636,0.5387418632017217,0.8517261912524726,False,False,False
6473,6.5,2026-09-17,0.06382976398746365,0.004636817740524268,-0.13217620846073397,-0.18238991749097522,,18.5,-0.12836261846802188,0.7076645862913539,0.38235294117647056,False,False,False
6474,35.54999923706055,2026-09-17,-0.005594426935369268,-0.04778681797634876,-0.0026819615850552925,0.051264494029231056,,63.0,0.0011316284076567928,0.3957314862415109,0.8063422401528233,False,False,False
6477,33.79999923706055,2026-09-17,-0.0014770824021977935,-0.09866668701171877,0.0524533639851148,-0.09309855718152349,,59.5,0.05626695397782688,0.12555696862492896,0.7637064287935591,False,False,False
6485,59.400001525878906,2026-09-17,-0.018181792960679233,-0.026229483182312996,-0.341808207161992,-0.3648657996961736,,1.3,-0.3379946171692799,0.4497228863430461,0.4805593458936982,False,False,False
6486,81.19999694824219,2026-09-17,0.007444149943920175,0.09433962652158612,0.06946025399244671,0.03402252649580184,,73.1,0.07327384398515879,0.4831801380051667,0.9643705450269303,False,False,False
6488,912.0,2026-09-17,-0.005452562704471142,-0.0722278738555443,-0.1789003968721058,0.9396737662645165,,87.3,-0.1750868068793937,0.7135696148958288,0.6043076155531133,False,False,False
6494,49.59999847412109,2026-09-17,-0.03501951358603661,-0.10469319299654667,-0.2832369846602859,0.052961552608549844,,14.2,-0.2794233946675738,0.323161750683281,0.7167630153397141,False,False,False
6498,65.80000305175781,2026-09-17,-0.0626779784581536,-0.10960755489679619,-0.33584782623092657,-0.2675310235275693,,2.1,-0.3320342362382145,1.1312631152432624,0.6139717994943307,False,False,False
6504,36.95000076293945,2026-09-17,-0.006720429969696795,0.03409687428237551,0.0454918913084541,-0.02937705786708722,,64.6,0.04930548130116619,0.6101716282523781,0.7636087930471087,False,False,False
6505,86.19999694824219,2026-09-17,0.0,0.2279202378284526,0.6325757233673981,0.5358725432003006,,96.4,0.6363893133601102,0.9013031963876735,0.9248927014033337,False,False,False
6506,18.0,2026-09-17,-0.010989052448102776,0.04956270556130593,0.012472469214173776,0.139789352628092,,72.4,0.01628605920688586,0.6178301764776716,0.9195401940457986,False,False,False
6508,25.25,2026-09-17,0.0019840966486825984,-0.01941747572815533,0.07048226426524962,-0.09982172239638065,,62.4,0.0742958542579617,0.4450230351790031,0.8786723041781809,False,False,False
6509,45.84999847412109,2026-09-17,0.001091686416887061,0.0,-0.019555057709306323,0.023855515204711075,,57.0,-0.015741467716594237,0.3352287085976068,0.8244263028115323,False,False,False
6510,3200.0,2026-09-17,-0.12806539509536785,0.20300751879699241,-0.08730246600746217,-0.09372993342850622,,32.6,-0.08348887601475008,1.3509904538764148,0.7660140188887631,False,False,False
6512,20.549999237060547,2026-09-17,0.009827953407457235,0.03007511033461685,0.032663298039715016,0.027499961853027388,,67.4,0.0364768880324271,1.4519589284689955,0.8993434964546271,False,False,False
6515,6120.0,2026-09-17,-0.14940931202223762,-0.039246467817896424,-0.3482817165758417,-0.14490215409780438,,3.8,-0.34446812658312964,0.9003825897229185,0.5711213741368653,False,False,False
6516,57.59999847412109,2026-09-17,0.012302230746405352,-0.015384641468015658,-0.01369868203519331,-0.031898847863319646,,52.3,-0.009885092042481225,1.1798453957475474,0.8944098930024829,False,False,False
6517,63.5,2026-09-17,-0.023076923076923106,-0.046546524701883696,-0.15761910381488065,0.1102148486583363,,38.3,-0.15380551382216856,0.2302183830654221,0.791078784321169,False,False,False
6525,129.0,2026-09-17,-0.0038610038610038533,-0.09473684210526312,-0.16774193548387095,0.58391990830133,,76.5,-0.16392834549115887,0.27508523079870106,0.583710407239819,False,False,False
6526,629.0,2026-09-17,-0.02024922118380057,0.08448275862068955,-0.0898911193712848,0.2781409393047336,,67.7,-0.08607752937857271,0.5885152104058342,0.8520940123768384,False,False,False
6530,99.6999969482422,2026-09-17,0.03638253753670151,0.24780970017816895,0.02047082970800429,0.2607304181451946,,79.3,0.024284419700716375,1.3523311674521474,0.7621044403087265,False,False,False
6531,920.0,2026-09-17,-0.10679611650485432,0.09916367980884111,-0.17488789237668156,0.6811488748847181,,80.6,-0.17107430238396948,1.0152897044837434,0.7784143055772739,False,False,False
6532,93.9000015258789,2026-09-17,-0.025933609548012937,0.06947606221067182,0.02399132661780179,0.3942525261610803,,84.1,0.027804916610513875,0.932561440931355,0.8524508151144773,False,False,False
6533,251.5,2026-09-17,0.022357723577235866,0.012072434607645954,0.21497584541062809,0.4454022988505748,,92.1,0.21878943540334017,0.7856969652546124,0.7726574500768049,False,False,False
6536,35.93954086303711,2026-09-16,0.024390299593879172,-0.0029672865101962875,-0.16625302334258085,0.2584271448884876,,51.1,-0.16243943334986877,0.15361519242546595,0.36129036934059583,False,False,False
6538,353.0,2026-09-17,0.042836041358936594,0.8433420365535249,1.844338828109497,4.441532628908876,,99.0,1.848152418102209,0.2641080354375566,0.9277266754270697,False,False,False
6546,60.400001525878906,2026-09-17,0.01172530576203945,-0.025806427001953125,-0.17731882228889273,-0.20046325518826624,,12.7,-0.17350523229618064,0.4691595421153081,0.6947085260032547,False,False,False
6548,72.5999984741211,2026-09-17,0.025423663061813873,0.021097046866266345,-0.23336852361462845,0.574051139727368,,68.1,-0.22955493362191637,0.3792183425201924,0.7437028148287785,False,False,False
6552,23.950000762939453,2026-09-17,0.027897062109986104,-0.026422748311007882,-0.2753403535306842,-0.12909088134765623,,7.6,-0.2715267635379721,0.31660302510308597,0.6490514843513682,False,False,False
6555,14.100000381469728,2026-09-17,-0.05999997456868478,-0.056856149741796536,-0.2949999809265136,-0.2949999809265136,,3.0,-0.2911863909338015,0.7998373441274215,0.4638158078421518,False,False,False
6556,61.400001525878906,2026-09-17,0.0,0.049572675656049725,-0.10805577213687345,-0.04056441531871691,,33.5,-0.10424218214416137,0.48530313512153705,0.8715089189248018,False,False,False
6558,23.799999237060547,2026-09-17,0.006342478687092257,-0.03448277462977134,-0.24324328586006383,-0.19047620592281078,,7.6,-0.23942969586735174,0.4744331628877525,0.4731610258062378,False,False,False
6559,16.100000381469727,2026-09-17,-0.003095928064492215,0.04545459612201341,-0.21208856754017014,0.3336369459895203,,48.7,-0.20827497754745805,0.38053013729494795,0.34990045228611544,False,False,False
6560,34.25,2026-09-17,0.13036306476562975,0.10483870967741926,-0.11269426544245831,-0.15744160604285562,,23.1,-0.10888067544974622,1.6285046650189332,0.7172774869109948,False,False,False
6561,316.5,2026-09-17,-0.0031496062992125706,-0.010937500000000044,-0.052925491112848166,-0.07457296447619821,,40.0,-0.04911190112013608,0.9846032722519781,0.7661374191742084,False,False,False
6565,17.200000762939453,2026-09-17,-0.07027022903029978,-0.04444440205891931,-0.1589241994499001,0.127868902487833,,39.2,-0.15511060945718802,0.9271148505595426,0.5119048078584584,False,False,False
6568,139.0,2026-09-17,0.04119850187265928,0.10756972111553775,-0.22777777777777775,-0.31600342542510895,,4.9,-0.22396418778506566,0.9827292705923666,0.511749245170897,False,False,False
6570,46.70000076293945,2026-09-17,-0.031120331457615613,-0.15245005342653273,-0.14936248697687404,0.258840430802427,,54.3,-0.14554889698416196,0.4073038999825476,0.726475851897286,False,False,False
6573,16.75,2026-09-17,0.043613756773464685,-0.05633802816901412,-0.05898872371153774,0.21818181818181825,,67.8,-0.05517513371882565,0.18350965061154295,0.5992844201353228,False,False,False
6577,79.30000305175781,2026-09-17,0.014066574762703343,-0.017348128245683547,0.053120847780717684,0.09917501675092888,,74.5,0.05693443777342977,0.08121276822258071,0.8400423916308776,False,False,False
6578,16.700000762939453,2026-09-17,-0.04571424211774555,-0.0722221798366971,0.015197567684205326,-0.059154886594960376,,55.6,0.019011157676917412,0.4724932106266889,0.7106383303378491,False,False,False
6579,152.0,2026-09-17,0.023569023569023573,0.0066225165562914245,-0.09253731343283578,0.3524771996671443,,72.7,-0.08872372344012369,0.2796100908687855,0.8283378746594006,True,False,False
6581,109.5,2026-09-17,-0.017937219730941756,0.018604651162790642,0.004587155963302836,0.03571788873344883,,62.8,0.008400745956014921,0.7867320261437908,0.9690265486725663,False,False,False
6582,31.299999237060547,2026-09-17,-0.009493706986949957,-0.001594932816611161,-0.02187502384185791,-0.03987727907694616,,49.6,-0.018061433849145825,0.8087412660777609,0.8368983411779417,False,False,False
6584,551.0,2026-09-17,-0.005415162454873612,-0.07803136941629485,-0.16184670725107497,0.21178787822044476,,46.8,-0.1580331172583629,0.396785153448489,0.6871815701406611,False,False,False
6585,104.5,2026-09-17,0.009661835748792313,-0.08333333333333337,-0.28292360178723797,0.2986762381254342,,32.8,-0.2791100117945259,0.3604384016608716,0.717076398212762,False,False,False
6588,118.5,2026-09-17,0.05333333333333323,0.24736842105263168,0.12857142857142856,0.18737471319058074,,84.2,0.13238501856414064,1.0090164498406535,0.7429467084639498,True,True,False
6590,65.5,2026-09-17,0.10084033613445387,0.1500360808881671,0.08854573758212614,0.06923998503226225,,76.3,0.09235932757483822,5.41830906974861,0.9148044887692859,False,False,False
6591,42.650001525878906,2026-09-17,0.011862395774600687,-0.028473803110533602,-0.16618076367066426,-0.27073908650049217,,10.7,-0.16236717367795217,0.46302315013344775,0.5443535147098175,False,False,False
6592,59.79999923706055,2026-09-17,-0.0033333460489909372,-0.009933812477823878,-0.01493606030752237,0.012812199066992491,,56.9,-0.011122470314810284,0.37174167756257237,0.9245528223016408,False,False,False
6593,31.450000762939453,2026-09-17,-0.01100624158862229,-0.03675346728508766,-0.09235211030364554,-0.1820546127725189,,24.2,-0.08853852031093346,0.2536811629436043,0.6059730219325241,False,False,False
6597,69.9000015258789,2026-09-17,-0.03586204791891168,-0.042465732522206756,-0.007102272573335067,0.13395494618749115,,69.4,-0.0032886825806229814,0.40803404814425714,0.8950064390723477,False,False,False
6599,38.70000076293945,2026-09-17,0.010443904277988914,0.015748092200736252,-0.0894117467543658,-0.30953308999159257,,15.4,-0.08559815676165372,1.3221398588907742,0.6235447306181253,True,False,False
6603,27.899999618530277,2026-09-17,0.12500001922730553,0.046352243372096646,0.11858565583805714,0.26589942892906815,,86.0,0.12239924583076922,1.311276526378868,0.825506495974963,True,False,False
6606,25.049999237060547,2026-09-17,-0.029069768301491217,-0.04206502476161622,0.006024081157762096,0.06932958494905606,,66.4,0.009837671150474181,0.5956482125468524,0.9209558284715813,False,False,False
6609,39.0,2026-09-17,-0.006369426751592355,0.0,-0.07801416776786363,0.13372087994416337,,56.4,-0.07420057777515154,0.37299821208007844,0.7894736598250768,False,False,False
6613,261.0,2026-09-17,-0.015094339622641506,0.03984063745019917,-0.3168683152132934,0.3592926835199324,,32.0,-0.3130547252205813,0.41219427906987405,0.6831316847867066,False,False,False
6614,35.650001525878906,2026-09-17,0.0,0.0014045801657593948,-0.07362647340574013,-0.14101845754852083,,30.4,-0.06981288341302805,0.5846141423812198,0.5116080081082682,False,False,False
6616,8.359999656677246,2026-09-17,-0.010650905872117145,-0.022222284189362895,-0.0883315608372447,-0.17635468267261067,,25.3,-0.08451797084453261,0.44198730068631414,0.7705068537098807,False,False,False
6618,4.5,2026-09-17,-0.7337278046405455,-0.7686375412090256,-0.7520661104915002,-0.7637795180985866,,0.1,-0.7482525204987881,5.764398339203737,0.14240506157205,False,False,False
6624,38.75,2026-09-17,-0.0064102564102563875,-0.07651677379793809,-0.07432590488304258,-0.32844810391876333,,16.2,-0.0705123148903305,1.3778163792738212,0.5381678131560491,False,False,False
6625,74.4000015258789,2026-09-17,-0.017172991740701415,-0.033766213949624646,-0.06766918946577605,0.016107666750476035,,46.0,-0.06385559947306396,0.6780448506187101,0.8767300498711079,False,False,False
6629,103.5,2026-09-17,0.009756097560975618,-0.0717488789237668,-0.04920197443727781,0.018390320528339776,,50.2,-0.04538838444456572,0.5060114401796215,0.704509217699104,False,False,False
6638,47.650001525878906,2026-09-17,0.05888892279730906,-0.0072916348775228235,-0.09924385347005482,0.2490170280479731,,63.5,-0.09543026347734274,2.1173216549498672,0.7122571067124187,False,False,False
6639,3.7799999713897705,2026-09-17,0.02717388663546627,-0.10213778215224578,-0.4000000227065307,-0.4973404280615371,,0.5,-0.3961864327138186,2.623845674070488,0.3499999911696824,False,False,False
6640,1120.0,2026-09-17,-0.07438016528925617,0.1594202898550725,0.018181818181818077,0.036778761077946864,,65.6,0.021995408174530162,0.7894343662966389,0.6450413200771066,False,False,False
6641,17.049999237060547,2026-09-17,0.002941131591796875,-0.05540166439158534,-0.05611361384403146,-0.08343659369487189,,38.8,-0.05230002385131938,0.18547079061452595,0.6402464922243849,False,False,False
6642,75.5999984741211,2026-09-17,-0.033248063626421076,-0.04424778846418165,-0.1655629166956839,0.41573026805033964,,66.8,-0.16174932670297182,0.19646215965029942,0.8226332667995903,False,False,False
6643,438.0,2026-09-17,0.03423848878394331,0.06959706959706957,-0.12153688249786798,-0.13023450497444433,,23.5,-0.1177232925051559,0.8790553715350476,0.6301744314092452,False,False,False
6648,14.800000190734863,2026-09-17,-0.0067113711648049135,-0.03896100276999037,-0.12426032397615161,-0.1708683543727596,,20.5,-0.12044673398343952,0.7881910550783614,0.5008460430744525,False,False,False
6651,147.0,2026-09-17,0.050000000000000044,0.0652173913043479,-0.09815950920245398,0.6641383907603604,,84.9,-0.09434591920974189,0.395107958364547,0.8698224852071006,False,False,False
6654,200.0,2026-09-17,-0.024390243902439046,0.19402985074626855,-0.05213270142180093,1.2050717390225456,,93.5,-0.048319111429088846,0.30962750455247673,0.8791208791208791,False,False,False
6655,124.5,2026-09-17,0.024691358024691468,0.07792207792207795,0.049035115063048584,-0.003416611860617369,,67.5,0.05284870505576067,1.2386176364253378,0.922105595775274,True,True,False
6658,169.0,2026-09-17,-0.020289855072463725,0.07987220447284349,-0.0840108401084011,1.546192332790366,,94.8,-0.08019725011568901,0.1897475203198153,0.6575875486381323,False,False,False
6664,332.0,2026-09-17,-0.0418470418470418,-0.004497751124437732,-0.12141208827861494,0.21904078904463242,,56.1,-0.11759849828590285,0.5125274604353895,0.7111071136622155,False,False,False
6667,238.5,2026-09-17,-0.04980079681274896,0.08062932341821338,-0.1496327014527421,-0.012694779352133367,,28.2,-0.14581911146003002,1.0999625478404076,0.8445825382558486,False,False,False
6668,44.79999923706055,2026-09-17,0.09135201144204763,0.25666191639682,-0.006651868009101669,0.31571219503287185,,79.3,-0.0028382780163895838,2.3976083003171094,0.9491525108668358,True,True,False
6669,2135.0,2026-09-17,-0.08955223880597019,-0.0010562921347415655,0.311692384904654,0.7404254518832853,,94.6,0.3155059748973661,0.8219756721178377,0.8164444331165568,False,False,False
6670,273.5,2026-09-17,-0.009057971014492794,0.02434456928838946,-0.004647434170974685,0.0668420204941611,,64.2,-0.0008338441782625994,0.4071592544205007,0.951304347826087,False,False,False
6671,22.950000762939453,2026-09-17,-0.002173879872197637,0.03146070844671689,-0.033684178402549336,-0.21945410615295968,,30.6,-0.02987058840983725,0.15107176299445071,0.5979676947431227,False,False,False
6672,293.5,2026-09-17,-0.018394648829431426,0.03345070422535201,0.1487279843444227,1.678233888706099,,96.9,0.15254157433713478,1.0885345454526918,0.9317460317460318,False,False,False
6673,16.200000762939453,2026-09-17,-0.04142005156161632,0.11340209969586645,-0.2636363289572976,0.4086957185164741,,46.0,-0.2598227389645855,0.5530766127965083,0.3985239890489571,False,False,False
6674,15.649999618530272,2026-09-17,-0.02187502384185802,0.06825938744292759,-0.10057471484863278,-0.17847767741196519,,23.3,-0.0967611248559207,0.2015646238580158,0.686403515009412,False,False,False
6679,196.5,2026-09-17,0.0025510204081633514,-0.015037593984962405,-0.32474226804123707,-0.2004164001196348,,3.4,-0.320928678048525,0.536430335052665,0.5797270662771515,False,False,False
6680,53.900001525878906,2026-09-16,0.011257078750597227,0.01890359113715334,0.07793843262588229,-0.05908760099389532,,67.6,0.08175202261859438,0.44086277623395526,0.7501869154214222,False,False,False
6682,35.04999923706055,2026-09-17,-0.07884362838772441,0.021865889699193897,-0.44276632135469907,0.03698224935547989,,3.5,-0.438952731361987,0.38238503467629337,0.4943582296576834,False,False,False
6683,1575.0,2026-09-17,0.22093023255813948,0.32352941176470584,-0.013703907834397344,0.3529958722426434,,80.2,-0.009890317841685259,2.109292282371389,0.6171560425557562,False,False,False
6684,47.5,2026-09-17,0.05555555555555558,0.030368797661996183,-0.14414414414414412,0.04052570454071791,,34.0,-0.14033055415143203,0.28096160690266325,0.6954611695112876,False,False,False
6689,65.5,2026-09-17,0.08985027725423556,0.07907741642058097,0.011854010524195546,-0.17924667734718547,,42.7,0.01566760051690763,8.288503205615697,0.7929148719934181,False,False,False
6690,178.0,2026-09-17,0.10903426791277249,0.0953846153846154,0.045897468335250435,0.07895750360256537,,73.0,0.04971105832796252,7.570154279007046,0.9468085106382979,False,False,False
6691,610.0,2026-09-17,-0.019292604501607746,-0.01742567579856824,-0.04711881448943378,0.1279634428536136,,61.5,-0.043305224496721695,0.4892131111839698,0.8703857447580635,False,False,False
6692,23.450000762939453,2026-09-17,-0.014705818711795882,-0.04285711171675699,-0.10638951404723795,-0.2508399945183506,,17.1,-0.10257592405452587,0.5366609902644346,0.672432347406193,False,False,False
6693,180.5,2026-09-17,0.011204481792717047,0.03735632183908044,-0.23494293980125092,0.791445387768466,,80.1,-0.23112934980853883,1.188846668554991,0.6543796993313065,False,False,False
6695,49.54999923706055,2026-09-17,0.03229165077209473,0.043157878674958905,-0.22819312161326766,0.2055961332519285,,33.8,-0.22437953162055557,0.3647645904696413,0.7191581732904537,False,False,False
6697,40.84999847412109,2026-09-17,0.013647624006770442,0.006157635699404196,-0.021556922775542886,-0.047208824139149286,,48.8,-0.0177433327828308,1.7412661474198003,0.7925411337799336,False,False,False
6698,31.649999618530277,2026-09-17,-0.004716969249340619,0.020967729630009035,-0.2806397292238777,-0.03471384306018055,,11.0,-0.2768261392311656,0.3918787973315705,0.6711518342691629,False,False,False
6705,99.5,2026-09-17,-0.0050000000000000044,-0.04784688995215314,0.09325929849706927,0.6320174994024625,,91.5,0.09707288848978135,0.325419117609537,0.6962532261667267,False,False,False
6706,145.0,2026-09-17,0.15999999999999992,0.2554112554112553,-0.1470588235294118,0.1934156378600822,,47.8,-0.1432452335366997,5.302178452130071,0.6697459584295612,False,False,False
6708,39.150001525878906,2026-09-17,0.035714346985879386,-0.01509430123575084,-0.034525221640500425,-0.0025477318247412173,,51.3,-0.03071163164778834,1.6393610777896914,0.8088843035458556,True,False,False
6715,394.0,2026-09-17,0.17087667161961373,-0.11955307262569836,-0.23606588301231624,0.10845346323022365,,24.4,-0.23225229301960415,2.752917579383685,0.6954620354933325,False,False,False
6716,117.0,2026-09-17,-0.025000000000000022,-0.1428571428571429,0.13043478260869557,0.4815580826202537,,90.1,0.13424837260140765,0.895484778563388,0.850909090909091,False,False,False
6719,181.0,2026-09-17,-0.01897018970189701,-0.07888040712468192,-0.3534959623255758,0.09733035112488708,,10.3,-0.3496823723328637,0.1974117477458441,0.5916804710292942,False,False,False
6720,129.0,2026-09-17,-0.01526717557251911,-0.06181818181818177,-0.09154929577464788,-0.22289156626506024,,21.2,-0.08773570578193579,0.22546636000756745,0.7355514754150849,False,False,False
6721,51.0,2026-09-17,0.011904731268966628,-0.007782130622652095,-0.08108108108108103,-0.09795611250071523,,33.2,-0.07726749108836894,0.9764863744616877,0.8590211574377759,False,False,False
6723,32.849998474121094,2026-09-17,-0.022321429585113073,-0.13892536932567556,-0.06819022383309936,-0.09797960033619557,,35.2,-0.06437663384038728,0.13245186740645454,0.6424225379011117,False,False,False
6725,216.0,2026-09-17,-0.027027027027026973,-0.052631578947368474,-0.35817257469183095,-0.05299663472653937,,5.1,-0.35435898469911886,0.7142761567711905,0.542964032167791,False,False,False
6727,470.5,2026-09-17,-0.09692898272552786,0.06087936865839905,-0.02033672544578702,0.588068522438062,,87.1,-0.016523135453074933,0.8377859215391124,0.7206462290714832,False,False,False
6728,107.5,2026-09-17,0.0,0.018957345971563955,0.043689320388349495,-0.07835497603305885,,59.3,0.04750291038106158,0.6886706999779536,0.7881654360718101,False,False,False
6729,52.900001525878906,2026-09-17,0.05800003051757807,0.3564102955353565,-0.01622188234845101,-0.23545593449035662,,32.7,-0.012408292355738926,0.5549190802021893,0.7374989270503814,True,False,False
6732,150.5,2026-09-17,0.03436426116838498,0.0,-0.09609609609609615,-0.017953335307416274,,37.7,-0.09228250610338407,0.1710353725631062,0.623146080378094,False,False,False
6735,60.5,2026-09-17,-0.008196721311475419,-0.011437920820474012,-0.3425731804781311,0.08405487631912267,,10.8,-0.33875959048541904,0.3368800665083405,0.421659953838829,False,False,False
6737,28.549999237060547,2026-09-17,0.057407379150390625,-0.04355112655932136,-0.05149505397891618,-0.2134909403730707,,27.7,-0.0476814639862041,1.0288241655950197,0.5017489318861508,False,False,False
6738,78.0999984741211,2026-09-17,0.0012820317195012532,0.00514802498828093,0.18873671387911184,0.04691689104007368,,83.6,0.19255030387182392,0.32951548202525477,0.9409638370376036,False,False,False
6739,1080.0,2026-09-17,-0.18181818181818177,0.10429447852760743,-0.09243697478991597,-0.09676345751862525,,31.2,-0.08862338479720389,2.075339885756986,0.6391323353199545,False,False,False
6741,59.09999847412109,2026-09-17,-0.013355643261748318,0.0904058605573328,-0.08229818208355222,-0.03313905677713691,,38.6,-0.07848459209084013,0.42566290411205976,0.7442827560682302,False,False,False
6742,51.20000076293945,2026-09-17,0.11912569973638143,0.19906322829336798,-0.25797100343566015,0.23076929425347026,,30.6,-0.25415741344294807,0.8137069924821356,0.722143859817142,True,False,False
6743,29.299999237060547,2026-09-17,-0.0017036164824293376,0.17907439787844504,0.10989008924703425,0.27030381914654766,,85.3,0.11370367923974634,0.8790381977627004,0.9304657611179712,False,False,False
6750,56.79999923706055,2026-09-17,-0.03891707777399811,0.0327272588556462,-0.0905751711854269,-0.1605309154160045,,26.2,-0.08676158119271482,0.9671346507862576,0.807833606593843,False,False,False
6751,42.0,2026-09-17,0.024390243902439046,0.016949171328586976,-0.08475581416517497,-0.15959253010015761,,27.0,-0.08094222417246288,0.5439401341738064,0.6423804731190325,False,False,False
6752,96.0999984741211,2026-09-17,0.01051524727702402,-0.019970292602537465,-0.015094537020066356,-0.12804895988013665,,42.6,-0.011280947027354271,3.1309997289619242,0.751023503494317,False,False,False
6753,133.0,2026-09-17,-0.01845018450184499,-0.061703649169711605,0.04825291741661086,0.024247157385017593,,69.5,0.05206650740932295,0.19239599536886756,0.8058640854720247,False,False,False
6754,41.79999923706055,2026-09-17,-0.01647060618681062,0.009661780107220741,0.0004031697394817346,-0.007283735837696259,,57.8,0.00421675973219382,1.0213144075764178,0.9107395956351798,False,False,False
6755,11.149999618530272,2026-09-17,0.027649698296130953,-0.04291845634095204,-0.32012195866566084,-0.28064518590127274,,2.6,-0.31630836867294876,0.3917064440348521,0.4288461391742412,False,False,False
6756,95.6999969482422,2026-09-17,-0.02247195652040057,0.009493606197386262,-0.11388891714590554,0.2881459078310926,,64.4,-0.11007532715319346,0.5636918667057985,0.8506666395399307,False,False,False
6757,53.400001525878906,2026-09-17,-0.014760133317333168,-0.06315786796703671,-0.05203950306613647,0.0635214135785005,,54.2,-0.04822591307342439,0.3983108428066723,0.6838318842675322,False,False,False
6761,162.0,2026-09-17,-0.02409638554216864,-0.10989010989010994,-0.2702702702702703,-0.004098391795599565,,12.9,-0.2664566802775582,0.3372785099061303,0.7043478260869566,False,False,False
6763,41.29999923706055,2026-09-17,0.01599010299588377,-0.014319863173460234,-0.08409357508792714,-0.11412324356558767,,31.0,-0.08027998509521506,0.45714941119890795,0.6473038371172627,False,False,False
6768,62.5,2026-09-17,0.001602539610189302,-0.024960975229462057,-0.24875306489399784,-0.29044442933482195,,4.6,-0.24493947490128576,0.6758033794751477,0.5383429368052948,False,False,False
6770,71.19999694824219,2026-09-17,-0.03129255852731716,0.07258326079206112,-0.12458283823930982,-0.04754611871251346,,29.7,-0.12076924824659774,0.646901152286809,0.8053443240180894,False,False,False
6771,42.400001525878906,2026-09-17,0.01678658873218941,0.01923084329571534,0.09289101567158986,0.04321411402262454,,75.6,0.09670460566430195,1.3330155158201382,0.882719673180502,False,False,False
6775,40.0,2026-09-17,-0.012345679012345734,0.3029315637114691,-0.09909913006003679,0.6597510110728313,,84.6,-0.0952855400673247,0.5553508790156227,0.5532503224289628,False,False,False
6776,52.0,2026-09-17,0.0,-0.022556404994930057,-0.07196756121588255,-0.2537861701764267,,22.0,-0.06815397122317046,0.41987011853499245,0.7462138298235733,False,False,False
6781,996.0,2026-09-17,-0.03300970873786413,-0.06478873239436622,-0.15966680124249188,0.012601434889525143,,28.7,-0.1558532112497798,0.33303482757759423,0.6750676372228942,False,False,False
6784,21.100000381469727,2026-09-17,0.16253448071302667,0.12206352196109838,-0.15457929714958318,0.020543573311251784,,30.4,-0.1507657071568711,0.7422041028859766,0.5239954660383919,True,False,False
6786,52.0,2026-09-17,0.0358565579622343,-0.061371867007813496,-0.3459119496855346,-0.44206006756762295,,0.9,-0.34209835969282254,0.6906245286969849,0.37681159420289856,False,False,False
6787,26.5,2026-09-17,-0.046762563767537846,-0.1377369781119404,-0.22401174770319487,0.1447084421888385,,29.0,-0.2201981577104828,0.8353956571136926,0.5337361366683442,False,False,False
6788,324.5,2026-09-17,-0.02552552552552556,-0.07285714285714284,-0.2683201803833145,-0.09337602414113344,,9.4,-0.2645065903906024,0.37718261388384683,0.6431309589563405,False,False,False
6789,433.5,2026-09-17,-0.07667731629392971,0.028469750889679624,-0.21453087100092993,0.26725403438009376,,42.0,-0.21071728100821785,0.5449224801089154,0.7134785290846062,False,False,False
6791,100.0,2026-09-17,0.005025125628140614,0.009081751157785645,-0.04761904761904767,0.029185890812479354,,51.7,-0.04380545762633559,0.5257828722492064,0.7168458781362007,False,False,False
6792,59.09999847412109,2026-09-17,0.008532423430365865,0.03502627063828112,-0.13596495386391472,0.09925868007021532,,40.6,-0.13215136387120263,0.45736994830687977,0.8425636559974382,False,False,False
6793,6.139999866485596,2026-09-17,-0.04658388013498638,0.13703699223135146,0.0,0.00655737089809616,,59.1,0.0038135899927120853,1.2430698056705831,0.7487804889395293,False,False,False
6799,81.19999694824219,2026-09-17,0.030456774156569555,0.03969268290252659,-0.23571770235458678,0.03575383829658696,,19.1,-0.2319041123618747,0.35301871365535253,0.7505731884680918,False,False,False
6803,267.5,2026-09-17,-0.005576208178438624,-0.001865671641791078,-0.01790923203012562,-0.03136260604196062,,51.6,-0.014095642037413536,0.5695621070161071,0.9138679194039191,False,False,False
6804,18.399999618530277,2026-09-17,0.008219157179741199,-0.02902380592431497,0.1539378406519205,0.12989752810220567,,83.9,0.1577514306446326,0.43857518532980616,0.904176868482269,False,False,False
6805,2090.0,2026-09-17,-0.045662100456621,0.1692307692307693,0.15638201871240143,0.06562800599619911,,82.4,0.1601956087051135,0.717051016212586,0.8912579957356077,False,False,False
6807,32.900001525878906,2026-09-17,-0.038011672750290715,-0.13192611606059956,-0.01497005919633243,-0.19045855728326433,,36.6,-0.011156469203620345,0.3030568332581303,0.6954988772232359,False,False,False
6811,249.5,2026-09-17,0.1315192743764173,0.10643015521064303,0.14285282939953658,0.35602740279280787,,88.4,0.14666641939224867,2.912770954591938,0.9940239043824701,False,False,False
6812,58.20000076293945,2026-09-17,-0.06280189705329664,0.14341844829511508,-0.14159294773909992,0.2791208958887792,,58.3,-0.13777935774638783,0.32182146322570615,0.5596153919513409,False,False,False
6818,41.900001525878906,2026-09-17,-0.017584993509201174,-0.03567316938651499,-0.3016666412353516,-0.30487492305980657,,2.8,-0.2978530512426395,0.9920512601738888,0.42330006076744564,False,False,False
6819,69.0,2026-09-17,-0.011461361271927095,0.7922077922077921,0.7692307692307692,1.4999999654465834,,98.1,0.7730443592234812,2.0633200509456358,0.9801136151202459,False,False,False
6820,328.0,2026-09-17,-0.02235469448584204,-0.03529411764705881,0.1488616462346759,1.2259735407503016,,95.4,0.152675236227388,2.425226402715283,0.7789587081519757,False,False,False
6821,41.400001525878906,2026-09-17,0.03500003814697261,-0.004807619124471807,-0.3956204156805999,0.14274014521636458,,8.8,-0.3918068256878878,0.1817976280976402,0.5750000211927626,False,False,False
6823,59.400001525878906,2026-09-17,-0.011647204093417685,-0.035714237057431486,-0.17154806061208394,-0.03414631665237555,,23.5,-0.16773447061937186,0.5253867815914421,0.5630331898187574,False,False,False
6825,33.70000076293945,2026-09-17,-0.05734263600169365,-0.06389848940600584,-0.11382383193910539,0.13289559384970961,,48.3,-0.1100102419463933,0.13775578313926023,0.8502756049883203,False,False,False
6826,429.0,2026-09-17,-0.016055045871559592,-0.046666666666666634,-0.21316425972532593,-0.22152003672693865,,8.9,-0.20935066973261385,0.7947049694293747,0.6926632587024448,False,False,False
6829,211.5,2026-09-17,-0.1169102296450939,-0.00936768149882905,0.03667941019759713,0.9036369284741337,,93.0,0.040493000190309214,0.6813792298948204,0.7737804590074322,False,False,False
6830,512.0,2026-09-17,-0.12969427072618056,0.2503052503052503,-0.1578947368421053,0.2237972209357737,,48.6,-0.15408114684939322,0.713589994705297,0.5251282051282051,False,False,False
6831,525.0,2026-09-17,-0.048913043478260865,-0.12353923205342232,-0.357405140758874,0.5882838950365481,,45.2,-0.3535915507661619,0.5243531885835288,0.549163179916318,False,False,False
6832,65.0,2026-09-17,-0.015151515151515138,-0.06340059696163214,-0.184066792579211,0.06910867621806416,,29.5,-0.1802532025864989,0.21896654210191585,0.4766921781163439,False,False,False
6833,22.0,2026-09-17,-0.022222222222222254,0.0068649709799311065,-0.04347826086956519,-0.03930129404028515,,45.3,-0.0396646708768531,0.4011935189522187,0.7006369511869995,False,False,False
6834,101.5,2026-09-17,-0.03791469194312791,0.03571428571428581,-0.08968609865470856,2.240740772317867,,97.1,-0.08587250866199647,1.8198355931553793,0.7689393939393939,False,False,False
6835,30.75,2026-09-17,-0.008064516129032251,0.0016286396031919281,-0.13976348353546386,-0.16802358164867182,,18.4,-0.13594989354275178,0.38247652097702833,0.7628120639885898,False,False,False
6839,11.699999809265137,2026-09-17,0.012986979744866067,-0.03305789748710786,-0.040983607198115,-0.10344830358149648,,39.5,-0.03717001720540292,0.4287580512348494,0.6862170283171367,False,False,False
6840,101.5,2026-09-17,0.1129386337326661,0.23179609369451848,0.5294447658297059,0.6843885792653381,,96.1,0.533258355822418,1.346931885787436,1.0,True,True,False
6854,89.0,2026-09-17,-0.006696411655569223,-0.00890871965000617,-0.32830188679245287,-0.3407407407407408,,1.6,-0.3244882967997408,0.5183369837595709,0.4671916010498688,False,False,False
6855,112.0,2026-09-16,-0.06666666666666665,-0.05485232067510548,-0.03767618954471208,0.020900055780678883,,52.9,-0.033862599551999994,0.6272647966715876,0.8827331415541808,False,False,False
6858,21.299999237060547,2026-09-17,-0.009302361066951259,-0.02517167665020348,-0.07391307664954139,0.019138738078043893,,45.0,-0.0700994866568293,0.8906423857003732,0.6454545223351681,False,False,False
6859,119.0,2026-09-17,0.0,0.048458149779735615,-0.10749107981349604,-0.05519565617836952,,32.4,-0.10367748982078395,1.0424706673450654,0.8700356725621146,False,False,False
6862,130.0,2026-09-17,-0.02985074626865669,-0.054545454545454564,-0.4043702964809267,-0.3345583543166213,,0.8,-0.4005567064882146,0.35065720465082906,0.5851800739525056,False,False,False
6863,94.5,2026-09-17,-0.04737900295192987,-0.14479638009049778,0.004323854303478036,0.06695435079023415,,65.8,0.008137444296190122,0.568528812093512,0.6653646195648495,False,False,False
6869,68.0,2026-09-17,0.07086614173228356,0.036585389964996606,-0.09365326163555143,-0.2769802944208235,,17.0,-0.08983967164283935,0.7664068650001153,0.5627357979213826,False,False,False
6870,322.0,2026-09-17,0.12390924956369975,0.2313575525812619,0.3250761715327095,0.8300285718225306,,95.2,0.3288897615254216,2.322120721942801,0.9787234042553191,False,False,False
6873,69.4000015258789,2026-09-17,0.0043415782689224525,0.059793339997530115,-0.11899823158429768,-0.2524279416695705,,15.4,-0.11518464159158559,0.5269999495596968,0.5203317507838671,False,False,False
6874,68.80000305175781,2026-09-17,0.0043796065950045815,0.002419077295755745,-0.08913130674839997,-0.13607298341833762,,27.9,-0.08531771675568789,0.990325795634853,0.8381929338910037,False,False,False
6877,114.5,2026-09-17,-0.012931034482758674,-0.04583333333333328,-0.13564032071700682,-0.05382848217768421,,27.3,-0.13182673072429474,0.3567502571244957,0.6180636634553,False,False,False
6878,19.25,2026-09-17,-0.060975609756097615,-0.21747968693121178,0.9948187317060062,0.5714285714285714,,97.6,0.9986323216987183,0.10708604618653375,0.6626506198128159,False,False,False
6881,212.0,2026-09-17,-0.0046948356807511304,0.029126213592232997,-0.12396694214876036,-0.05523653474103707,,29.2,-0.12015335215604828,0.5399659714791883,0.8279563215549544,False,False,False
6882,13.0,2026-09-17,0.0,-0.08450702995658965,-0.28176797093833017,-0.040590419409066825,,10.5,-0.2779543809456181,0.7911067866699101,0.5496828841305446,False,False,False
6884,30.5,2026-09-17,-0.004893951725845724,0.0,-0.04467990459932725,-0.07781232976552432,,41.4,-0.04086631460661516,0.5909684030579385,0.46923076923076923,False,False,False
6887,38.29999923706055,2026-09-17,0.0379403158072984,0.02133331298828134,0.1658293073590158,-0.033080033379544016,,79.0,0.16964289735172788,0.274949092363463,0.5404506531680434,False,False,False
6890,147.5,2026-09-17,-0.04220779220779225,-0.0809968847352025,-0.33096154276064604,-0.10079674318629739,,5.2,-0.32714795276793396,0.5563639087620085,0.5336102543505264,False,False,False
6894,355.0,2026-09-17,-0.017980636237897696,0.07413010590015134,-0.10466582597730134,-0.030054644808743203,,34.8,-0.10085223598458926,1.1538018319808727,0.8679706601466992,False,False,False
6895,144.0,2026-09-17,-0.07692307692307687,0.19999999999999996,-0.11384615384615382,-0.07355616440292656,,29.3,-0.11003256385344173,0.3436915892423409,0.5064987508718779,False,False,False
6898,80.0999984741211,2026-09-17,-0.014760203352917056,0.11249997880723739,-0.16125656048040737,-0.25495622892229997,,11.7,-0.1574429704876953,0.24449971302850584,0.6231778686963801,False,False,False
6899,49.59999847412109,2026-09-17,-0.004016079638624159,-0.011952236647401082,-0.1387296377712166,0.02977982837771087,,34.1,-0.13491604777850452,0.33922974551970286,0.7883034654490015,False,False,False
6901,15.5,2026-09-17,0.03333333333333344,-0.04320992160326542,-0.10662826171724915,0.09154931043637382,,45.7,-0.10281467172453707,0.21549913323220188,0.7363420694434402,False,False,False
6902,128.5,2026-09-17,0.015810276679841806,-0.01532567049808431,-0.01532567049808431,0.6710012672334775,,88.3,-0.011512080505372224,0.6780427677732476,0.8711864406779661,False,False,False
6903,297.5,2026-09-17,-0.009983361064891838,-0.0600315955766193,-0.22120418848167545,-0.025257174750844436,,16.8,-0.21739059848896336,0.26338870107661366,0.7007367940656237,False,False,False
6904,122.0,2026-09-16,-0.008130081300813052,-0.02008032128514059,0.03252027585729533,0.020080307450782264,,66.9,0.03633386585000742,1.4457831325301205,0.9584905239665129,False,False,False
6906,81.69999694824219,2026-09-17,-0.01566268737057608,0.1458624607482113,-0.07551583939126183,0.20596485458935465,,64.0,-0.07170224939854974,0.30171344277790385,0.690689014500714,False,False,False
6908,30.200000762939453,2026-09-17,0.0,-0.021069679432506594,-0.19987061284355012,-0.5464382962360003,,2.1,-0.19605702285083804,0.48890446862398695,0.4464241347572593,False,False,False
6909,41.70000076293945,2026-09-17,0.043804755108376,0.06106874230205239,-0.2540250514369944,-0.09586375681943748,,10.6,-0.2502114614442823,1.2948078345590865,0.6361437418600943,False,False,False
6914,121.5,2026-09-17,0.004132231404958775,0.031847133757961776,0.06779998543657495,0.021528678305519078,,71.9,0.07161357542928704,0.5180925053659177,0.972,False,False,False
6916,18.100000381469727,2026-09-17,-0.03978779760329765,-0.024258699412330942,-0.18099547198894606,0.016853997599312276,,26.0,-0.17718188199623397,0.4625862947690312,0.8116592377002951,False,False,False
6920,95.8000030517578,2026-09-17,0.007360721228898859,0.2756325565674915,-0.14464282989501964,1.2022989207300645,,92.3,-0.14082923990230756,1.6451855175487715,0.7312977332195252,False,False,False
6921,60.59999847412109,2026-09-17,-0.03809526231553828,-0.11013216105797874,-0.13675212096090394,-0.15126054371081998,,20.1,-0.13293853096819186,0.42055194395004974,0.582692293020395,False,False,False
6922,188.0,2026-09-17,-0.010526315789473717,-0.06234413965087282,0.04049643449503604,0.187766688575997,,77.3,0.04431002448774812,0.29472524118204385,0.8826291079812206,False,False,False
6923,76.0,2026-09-17,-0.006535947712418277,0.003963052362643271,-0.02564102564102566,-0.037798499187465584,,49.0,-0.021827435648313576,0.46987563088426754,0.6319738893780252,False,False,False
6924,132.0,2026-09-17,0.04902123004084702,0.18186671300820878,0.1148901384167218,0.8011954942378727,,93.2,0.11870372840943388,1.6111762226062696,0.7288558345693317,False,False,False
6925,56.70000076293945,2026-09-17,0.15126905102415122,0.1294820697452792,-0.105678242928821,-0.21759180300254777,,19.7,-0.10186465293610891,4.3864246661282875,0.42142704522568497,False,False,False
6927,68.69999694824219,2026-09-17,-0.04583337571885848,-0.04583337571885848,0.04725607539981924,0.7660666903197502,,91.9,0.05106966539253133,0.297878842069433,0.8502474548699613,False,False,False
6928,46.900001525878906,2026-09-17,-0.019853646364397903,-0.012631546823602013,-0.05252522169941598,-0.0031880491735160055,,47.3,-0.048711631706703895,0.16936550487287821,0.6738506114093871,False,False,False
6933,345.5,2026-09-17,0.028273809523809534,0.8136482939632546,1.2420276613961838,1.7412290931186307,,98.6,1.245841251388896,2.2409974123204957,1.0,True,True,False
6937,291.0,2026-09-17,-0.016891891891891886,0.09811320754716979,0.019342899023191196,0.0638233449691541,,68.0,0.02315648901590328,0.7413854752713166,0.8322941898975567,False,False,False
6940,16.700000762939453,2026-09-17,-0.026239000909632937,-0.16915420666681913,-0.40357140132359093,-0.20095688671051637,,1.4,-0.39975781133087884,0.619495100761624,0.45135137197133657,False,False,False
6944,686.0,2026-09-17,-0.03244005641748937,-0.06284153005464477,-0.1482670286363662,0.08623872788354392,,37.6,-0.14445343864365412,0.5097331008126165,0.827503015681544,False,False,False
6947,67.0999984741211,2026-09-17,-0.04005726739106252,-0.05492959895604088,-0.2690632217485939,-0.14631043541033084,,7.3,-0.2652496317558818,0.16823536876945516,0.7138297710012882,False,False,False
6951,70.4000015258789,2026-09-17,-0.001418418072639649,-0.0222222010294596,0.02554906653326805,0.059722618754219026,,68.6,0.029362656525980135,0.5856431319551128,0.9565217796931429,False,False,False
6952,39.25,2026-09-17,0.008997389727305016,0.07094129238399116,0.09027777777777768,-0.016290764436620808,,72.3,0.09409136777048976,0.6447879841403152,0.7953394369522123,True,False,False
6953,231.5,2026-09-17,-0.025263157894736876,0.006521739130434856,-0.01906779661016944,0.08571175036818746,,63.2,-0.015254206617457355,0.7272776465070976,0.7914529914529914,False,False,False
6957,274.0,2026-09-17,0.22048997772828516,0.28337236533957855,0.502639031354909,0.78438393372539,,96.4,0.506452621347621,1.8713199795945867,1.0,True,True,False
6958,17.5,2026-09-17,-0.0028489595005202206,0.035502981953434265,0.07168295422981785,0.07796844192119345,,75.2,0.07549654422252994,0.7359425950999742,0.9166763329389894,False,False,False
6959,122.0,2026-09-17,0.06550218340611358,0.17307692307692313,-0.14084507042253525,0.5762273591068208,,78.7,-0.13703148042982316,1.5669095206527681,0.5741176470588235,True,False,False
6962,30.899999618530277,2026-09-17,0.0032467657125589966,0.008156606953066747,-0.20199665124761512,0.03935065680768157,,24.4,-0.19818306125490304,0.3867133299976509,0.6940289728464817,False,False,False
6965,70.5,2026-09-17,-0.007042253521126751,-0.038199221489536694,-0.0938303697353502,-0.09544673923002645,,30.9,-0.09001677974263811,1.484448939782538,0.73605806530754,False,False,False
6968,41.5,2026-09-17,-0.004796181277703981,0.004495076910661533,0.007974776021840269,-0.09261305829358835,,50.6,0.011788366014552354,1.0743886739261872,0.700566771939737,False,False,False
6969,32.400001525878906,2026-09-17,-0.054014553988937064,-0.07428567068917413,0.26070041105217223,0.1448764098710349,,89.0,0.2645140010448843,0.49639653046936966,0.7751196678767531,False,False,False
6977,210.0,2026-09-17,0.01449275362318847,0.1824710990717009,-0.11365030541496923,0.10464385032901591,,45.6,-0.10983671542225715,0.6796186109085834,0.6383892427672032,False,False,False
6982,44.400001525878906,2026-09-17,-0.013333299424913236,-0.08074529550280352,-0.22638864711859996,-0.1355479000529105,,11.2,-0.22257505712588788,0.9096920699011466,0.6392586941632847,False,False,False
6988,11.899999618530272,2026-09-17,0.0,-0.004184116446269592,-0.14695342069992867,-0.13768119898144837,,19.5,-0.1431398307072166,0.7393440050637086,0.5666666485014415,False,False,False
6994,26.75,2026-09-17,-0.17944781435388735,-0.23132182222830722,-0.4990636847259955,-0.6543927716712503,,0.2,-0.4952500947332834,1.4556159062664757,0.26354679802955666,False,False,False
6997,67.0,2026-09-17,-0.014705882352941124,-0.02757621892309048,-0.06822804021363071,-0.13072497426124252,,32.8,-0.06441445022091863,1.0227922227681572,0.6600051556890324,False,False,False
7402,100.0,2026-09-17,-0.00497512437810943,-0.08256880733944949,-0.006455552621198124,-0.15318154536356676,,41.4,-0.0026419626284860387,0.18663358756185883,0.6271748860556369,False,False,False
7419,49.34999847412109,2026-09-17,-0.0380117113438615,0.06129028976604478,-0.44921875765014996,-0.4274941969690239,,0.3,-0.4454051676574379,0.70441646570045,0.22534245878594103,False,False,False
7507,18.25,2026-09-17,-0.04450263688446687,-0.08521306756526525,-0.13095238095238093,-0.4045676924261208,,8.0,-0.12713879095966885,0.8525884607847355,0.4133635191224762,False,False,False
7516,8.420000076293945,2026-09-17,-0.05921784852135192,-0.015204691408286952,-0.13016530879736932,-0.09946526922275867,,24.9,-0.12635171880465723,1.265062449292955,0.6427480787103061,False,False,False
7547,49.70000076293945,2026-09-17,0.01740025210581453,-0.039639704851469726,-0.1422491454294954,-0.25859636918956574,,13.0,-0.13843555543678332,1.5821639132298482,0.5269669511039421,False,False,False
7551,12.649999618530272,2026-09-17,-0.003937022951637226,-0.015564261245304412,-0.09642859867640918,-0.06296299121997984,,33.6,-0.0926150086836971,0.9438529510164722,0.671087499338499,False,False,False
7556,247.5,2026-09-17,0.0060975609756097615,0.01642710472279263,-0.1001125458497012,0.515327828879883,,79.9,-0.09629895585698911,0.33584111954493145,0.8265424521162998,False,False,False
7558,17.799999237060547,2026-09-17,0.008498562140069055,0.020057218270409738,-0.13592238313392746,0.02491718141366861,,34.3,-0.13210879314121537,0.32348333547979097,0.6736205282799218,False,False,False
7578,24.049999237060547,2026-09-17,0.002083301544189453,-0.038000030517578165,-0.2146158351896924,-0.1857220904821686,,10.0,-0.21080224519698032,0.35703110749934386,0.5571375056767012,False,False,False
7590,14.550000190734863,2026-09-17,-0.10185188237640563,-0.10795647359146077,-0.35510272937867315,-0.21179224700761412,,2.5,-0.35128913938596107,1.4690459888332963,0.4655352221492615,False,False,False
7610,1770.0,2026-09-17,-0.13022113022113024,0.10280373831775691,-0.1518934626056928,5.639084400635161,,98.8,-0.14807987261298072,1.4618662323232843,0.6807692307692308,False,False,False
7702,22.549999237060547,2026-09-17,0.07894735160987043,0.06872032366711367,0.1388888942405968,-0.11981154262696336,,72.0,0.1427024842333089,1.4941627412221734,0.4900406798589933,True,True,False
7704,60.70000076293945,2026-09-17,-0.019386118471059532,-0.03189792624663179,0.00830564773527076,0.3797330354690218,,83.0,0.012119237727982846,0.44055399078662305,0.8964310731624818,False,False,False
7711,565.0,2026-09-17,-0.0423728813559322,0.15306122448979598,0.6323568128399693,1.1562858613353355,,97.5,0.6361704028326813,1.3673645135929564,0.8560606060606061,False,False,False
7721,60.5,2026-09-17,-0.009819942538545456,-0.008196721311475419,-0.20255861652569895,0.26343596135440883,,43.7,-0.19874502653298687,0.5800250022567682,0.6681499922019666,False,False,False
7722,265.5,2026-09-17,-0.00747663551401867,-0.027472527472527486,-0.13154208084414232,-0.15141051759262458,,20.7,-0.12772849085143023,0.45356548021505194,0.45460147992703304,False,False,False
7728,632.0,2026-09-17,0.03267973856209161,0.09114536517431149,-0.12170454336293557,-0.12766316117942822,,23.7,-0.11789095337022348,1.7531527110861869,0.7167360593750829,False,False,False
7730,175.5,2026-09-17,0.014450867052023142,0.13349767137404855,-0.011590061732824508,0.3005393336334343,,77.8,-0.007776471740112423,0.6794344212363237,0.8057689112001182,False,False,False
7740,121.0,2026-09-17,-0.08333333333333337,-0.147887323943662,-0.13971527204530498,-0.28605239768305846,,12.1,-0.1359016820525929,0.8345081666077248,0.5819572936865219,False,False,False
7742,100.0,2026-09-17,-0.033816425120772986,-0.06542056074766356,-0.3827160493827161,0.19047619047619047,,11.8,-0.378902459390004,0.295757386227844,0.3597122302158273,False,False,False
7749,358.0,2026-09-17,0.007032348804500765,0.09984639016897079,-0.23465121269314615,-0.1443472197351775,,10.1,-0.23083762270043406,0.8841625201314247,0.669505262298815,False,False,False
7750,1900.0,2026-09-17,-0.14221218961625282,-0.24453280318091453,-0.17030567685589515,0.33634691376309056,,58.3,-0.16649208686318306,0.9138122988144397,0.6188925081433225,False,False,False
7765,231.0,2026-09-17,0.07441860465116279,0.04054054054054057,-0.008583690987124415,0.05390740274698702,,61.8,-0.00477010099441233,6.909305086267189,0.7677025308476758,False,False,False
7769,6135.0,2026-09-17,-0.05250965250965256,-0.048099301784328974,-0.10151460229702847,0.4935160415491606,,78.5,-0.09770101230431638,0.8548931936246389,0.7521823770234184,False,False,False
7786,120.5,2026-09-17,0.05240174672489073,-0.02429149797570851,-0.0038492717250553365,-0.09668052953582684,,47.6,-3.568173234325123e-05,0.7402127229658544,0.45656906939460323,False,False,False
7788,287.0,2026-09-17,-0.06818181818181823,0.04744525547445266,0.028481464639803722,0.8984758057491355,,92.6,0.03229505463251581,0.7232808234848604,0.8567164179104477,False,False,False
7795,483.0,2026-09-17,-0.0955056179775281,-0.11213235294117652,0.07095343680709543,0.2275076860075882,,82.0,0.07476702679980751,1.0823996860912333,0.7252252252252253,False,False,False
7812,77.69999694824219,2026-09-17,-0.027534474788766472,0.08519551123071412,-0.055893146208302324,-0.055893146208302324,,41.2,-0.05207955621559024,0.9467536679371559,0.6845814709096228,False,False,False
7815,311.0,2026-09-17,0.016339869281045694,0.14760147601476015,-0.24788391777509067,0.45564193216887383,,54.2,-0.24407032778237858,0.4314632895230301,0.5358956021303627,False,False,False
7819,34.54999923706055,2026-09-17,0.011712963200851467,-0.03491620186142308,-0.17933490524237272,-0.5732512800235288,,2.3,-0.17552131524966064,0.30535472675853204,0.2530439620640036,False,False,False
7823,80.5,2026-09-17,0.017699134676177453,-0.04052445129968418,-0.012269938650306789,-0.006172839506172867,,55.3,-0.008456348657594703,2.0197121537781273,0.543918918918919,False,False,False
7828,1935.0,2026-09-17,-0.058394160583941646,0.19814241486068118,-0.05147058823529416,0.6036437767541296,,85.9,-0.04765699824258207,1.0162677300582135,0.832258064516129,False,False,False
7833,20.200000762939453,2026-09-17,-0.08181814713911573,-0.21093748195562534,-0.16356103180059645,-0.36973475058366057,,6.7,-0.15974744180788436,0.3693002672862301,0.3219314639093027,False,False,False
7861,1200.0,2026-09-17,-0.03614457831325302,0.19402985074626855,0.004697254007383078,0.6768244318559797,,89.4,0.008510844000095164,1.1227806516323802,0.855061492772241,False,False,False
8011,15.800000190734863,2026-09-17,0.02265374665311226,0.0,-0.12465369204592258,-0.19485984560360214,,18.5,-0.1208401020532105,0.3768291356894853,0.6583109492392322,False,False,False
8016,276.0,2026-09-17,-0.010752688172043001,-0.06756756756756754,-0.12380952380952381,0.44430779579229673,,74.1,-0.11999593381681173,0.294461441814797,0.7603305785123967,False,False,False
8021,450.0,2026-09-17,0.027397260273972712,0.14358322744599739,-0.22232729063945877,0.7377994237976795,,78.7,-0.2185137006467467,0.8485784923199464,0.7776727093605412,False,False,False
8024,12.949999809265137,2026-09-17,-0.0038461685180664062,-0.026315817778224226,0.03599998474121091,0.003875983892514423,,66.0,0.039813574733922996,0.3496293937928205,0.7421203004625949,False,False,False
8027,173.0,2026-09-17,-0.005747126436781658,0.023668639053254337,-0.29387755102040813,0.6320754716981132,,62.7,-0.29006396102769605,0.6524354131996806,0.590443686006826,False,False,False
8028,244.0,2026-09-17,0.06318082788671031,-0.012145748987854255,-0.2434108527131783,0.30951149263151323,,40.3,-0.23959726272046622,0.944464721864636,0.6905698351255743,False,False,False
8032,34.70000076293945,2026-09-17,-0.004304095200836966,-0.03342620367507276,-0.23465435795090506,0.008569808201589924,,17.3,-0.23084076795819297,0.42401815931149867,0.7453731685236813,False,False,False
8033,168.0,2026-09-17,-0.020408163265306145,-0.09189189189189184,0.18309859154929575,0.11258278145695355,,85.2,0.18691218154200784,0.40363338739388016,0.6233766233766234,False,False,False
8034,19.850000381469727,2026-09-17,-0.00501255025791747,0.07297299359295817,-0.10266478918464128,-0.1635617450379684,,24.0,-0.0988511991919292,0.40622854475050124,0.7225095897889791,False,False,False
8038,31.899999618530277,2026-09-17,0.051070814417745636,0.03908790963417319,-0.22384426270438074,-0.27746322727006445,,6.0,-0.22003067271166865,1.0840535085424892,0.5452991387782953,False,False,False
8039,257.0,2026-09-17,-0.06545454545454543,-0.05340699815837935,0.7044481966312288,1.2194089996956716,,97.7,0.7082617866239409,0.6334114838212882,0.7290780141843972,False,False,False
8040,78.30000305175781,2026-09-17,-0.0212499618530273,0.09971919112127026,-0.24711535527155948,0.6194416860978229,,69.8,-0.2433017652788474,0.7140216229714657,0.6264000244140625,False,False,False
8042,110.5,2026-09-17,-0.08298755186721996,-0.008968609865470878,-0.4199475065616798,0.9806445035563436,,71.0,-0.4161339165689677,0.8387195434903906,0.5249406175771971,False,False,False
8043,130.0,2026-09-17,-0.08127208480565373,-0.09090909090909094,-0.3856793595942679,0.737719703850438,,55.0,-0.3818657696015558,0.19425339903403313,0.5777054940703288,False,False,False
8044,24.200000762939453,2026-09-17,0.038626676195224086,-0.04158412820041768,-0.2268370174819171,0.05217394621475879,,21.6,-0.223023427489205,0.6398352445156085,0.6816901623363226,False,False,False
8045,54.59999847412109,2026-09-17,0.13749996821085597,0.0748031357112362,-0.10412155502493137,-0.27202542066250746,,15.9,-0.10030796503221928,1.654188488066022,0.5366614724250259,True,False,False
8046,1065.0,2026-09-17,-0.004672897196261627,-0.09745762711864403,0.23522578370721492,0.9023797518036889,,94.7,0.239039373699927,0.5370818367483743,0.7526501766784452,False,False,False
8047,45.150001525878906,2026-09-17,-0.07951065793768519,-0.0813835173106533,-0.08603238600657892,-0.18058071186545332,,25.4,-0.08221879601386684,0.30060028482387047,0.7525000254313151,False,False,False
8048,49.0,2026-09-17,-0.02777780721216938,-0.04854368932038833,-0.2161318567262489,-0.1359340942237396,,12.0,-0.21231826673353682,0.6738433815959594,0.7124135678891397,False,False,False
8049,24.450000762939453,2026-09-17,-0.002040785186144811,0.004106791782468644,-0.07467852821326859,0.012410493879812856,,44.1,-0.0708649382205565,0.5714804510813322,0.9187355193807994,False,False,False
8050,58.900001525878906,2026-09-17,0.06896557453704055,0.03880071840100263,0.08503123448509209,0.4711399811766124,,88.3,0.08884482447780417,0.41969676883510804,0.8536232105199841,True,False,False
8054,83.5,2026-09-17,0.014580764322542183,0.05696202531645578,-0.26431718061674003,-0.13201660448154784,,8.1,-0.26050359062402795,0.39076193218598926,0.5422077922077922,False,False,False
8059,22.329879760742188,2026-09-16,-8.541687146479404e-08,-0.007407506636267547,-0.21637435433800467,-0.2596685746684637,,6.9,-0.21256076434529259,0.0,0.4636677877273597,False,False,False
8064,130.0,2026-09-17,0.027667984189723382,0.3104839112830595,-0.20870876574642794,0.9546075811568293,,86.8,-0.20489517575371585,1.327591338032901,0.7591809092691273,False,False,False
8066,15.050000190734863,2026-09-17,0.048780473216506026,0.02730379403550587,-0.0033112708259414037,-0.2140991910949228,,36.6,0.0005023191667706817,0.7056381844104567,0.6629955808330122,False,False,False
8067,11.699999809265137,2026-09-17,-0.0714286146791061,-0.07874015866287354,-0.08235295613606775,-0.19310346142999057,,25.1,-0.07853936614335566,0.8846068789404946,0.6628895219341315,False,False,False
8068,15.949999809265137,2026-09-17,-0.02743901339831034,-0.05899710375593503,-0.20646768624096612,-0.27990970275585625,,6.9,-0.20265409624825403,0.5284925953254321,0.5519031148719538,False,False,False
8069,145.5,2026-09-17,-0.010204081632653073,-0.09627329192546585,-0.2592188736554657,0.047934246507898015,,16.6,-0.2554052836627536,0.4890890721925412,0.6039299864678471,False,False,False
8070,50.09999847412109,2026-09-17,0.013144544007141379,-0.017647088742723804,-0.11950795904047706,0.1904341888665415,,53.1,-0.11569436904776498,0.3727422017772671,0.7957496324477239,False,False,False
8071,21.5,2026-09-17,-0.0337078651685393,-0.10788383154835313,-0.22800719190276064,0.2951806931281793,,42.2,-0.22419360191004856,0.12019638478353203,0.6360946889142525,False,False,False
8072,26.600000381469727,2026-09-17,0.02702705688221818,0.005671062918850556,-0.11969912349028367,-0.017521309958342557,,33.5,-0.11588553349757158,2.3718277693051024,0.7804086064154612,False,False,False
8074,49.75,2026-09-17,-0.026418757620996325,-0.09545454545454546,-0.35971683456899417,-0.20336342981097932,,2.5,-0.3559032445762821,0.40387904748639575,0.5431222797897253,False,False,False
8076,21.5,2026-09-17,-0.009216624696208542,-0.04250843566958895,-0.14417257657368732,-0.17598773242660393,,17.0,-0.14035898658097523,0.6982880140850295,0.775032497593191,False,False,False
8080,28.75,2026-09-17,-0.017094017094017144,0.03603603603603611,0.03046596391009193,-0.040066802416390934,,60.4,0.034279553902804016,0.4168197017010127,0.6020942408376964,False,False,False
8081,251.0,2026-09-17,0.014141414141414232,-0.023346303501945553,-0.22487124253393298,0.11221211571902967,,26.6,-0.2210576525412209,0.238119457200732,0.7746913580246914,False,False,False
8084,41.650001525878906,2026-09-17,-0.08057390226610706,-0.16087077685812723,-0.1974951772378858,-0.08259911616660243,,16.1,-0.1936815872451737,0.9909955634620232,0.6282051223039067,False,False,False
8085,14.300000190734863,2026-09-17,-0.0434782359078989,0.1626016234948131,0.12598428389758443,-0.15882351819206686,,67.4,0.1297978738902965,0.37251799318837825,0.6635731181903005,False,False,False
8086,108.0,2026-09-17,-0.013698630136986356,-0.05142998054047099,-0.338007014168913,-0.19144032711200143,,3.2,-0.3341934241762009,0.6493149457834412,0.6120661259795224,False,False,False
8087,24.0,2026-09-17,-0.10112362119057128,-0.10946199181545757,-0.2771084503470628,-0.3093525179856115,,3.2,-0.2732948603543507,1.0066586670964126,0.6177606420238851,False,False,False
8088,41.79999923706055,2026-09-17,-0.03016239635927387,-0.07522127142676172,-0.37529800940152747,-0.3041936900530402,,1.2,-0.3714844194088154,0.2835789286053956,0.5853911150159912,False,False,False
8089,18.100000381469727,2026-09-17,-0.005494526224051444,0.022598847530436172,-0.12980764204933615,-0.25360823169197,,14.3,-0.12599405205662406,0.5636961590063276,0.48525471184154667,False,False,False
8091,213.5,2026-09-17,0.02644230769230771,-0.031746031746031744,-0.21651376146788992,0.5966664300716928,,72.1,-0.21270017147517783,0.3997433524532937,0.7237288135593221,False,False,False
8092,12.649999618530272,2026-09-17,-0.011718794528860044,0.024291435448914767,-0.12152778099716455,-0.07664235075571046,,27.6,-0.11771419100445246,0.2890627901764273,0.6640420013204259,False,False,False
8093,24.5,2026-09-17,-0.06309750067304254,0.06753809087290086,0.24999997567157406,0.24365477417089876,,90.2,0.25381356566428614,0.8882269232075221,0.7386935239777318,False,False,False
8096,88.19999694824219,2026-09-17,-0.03921575145793721,-0.1792703492578075,-0.4372139286625675,0.027100845487670222,,3.6,-0.4334003386698554,0.9539527642669565,0.5229427974842039,False,False,False
8097,48.84999847412109,2026-09-17,0.007216463383939997,-0.03075402787362891,-0.19918035288326086,-0.16495729104066514,,12.2,-0.19536676289054877,0.8279302123580468,0.6948790377456409,False,False,False
8099,59.59999847412109,2026-09-17,0.01016946566306931,0.044293877648142965,0.026917929419571607,-0.009345658097488663,,62.7,0.030731519412283692,0.45246711310173626,0.7400211323883311,False,False,False
8101,12.300000190734863,2026-09-17,0.06034480915908769,0.11818183552135131,-0.10545453158291906,-0.13684209187825525,,25.7,-0.10164094159020698,0.2731670148437175,0.6473684310913086,False,False,False
8102,61.5,2026-09-17,-0.025356553293377493,-0.10740205169806072,-0.14583333333333337,0.09828333960413627,,39.0,-0.14201974334062129,0.44116889528020425,0.7549647736153142,False,False,False
8103,132.0,2026-09-17,0.19999999999999996,0.5789473972402217,0.40209574833191475,0.6016882733838658,,94.8,0.40590933832462683,1.6874802344792863,1.0,True,True,False
8104,30.100000381469727,2026-09-17,0.00500833438094217,-0.0066006224629272525,-0.2884160537975131,-0.12372629640299015,,6.6,-0.28460246380480103,0.2347047689615899,0.674887924019439,False,False,False
8105,14.600000381469728,2026-09-17,-0.0034129172943664354,0.057971027512881745,-0.36244538756866773,0.0656934733382939,,8.3,-0.35863179757595565,0.26344019652766026,0.5805169225812866,False,False,False
8109,130.5,2026-09-17,0.0235294117647058,-0.03690036900369009,0.015564202334630295,0.3523316062176165,,82.6,0.01937779232734238,0.26922309805753397,0.8080495356037152,False,False,False
8110,43.09999847412109,2026-09-17,0.008187098809850024,-0.008055288438956754,-0.2908466709058679,-0.2501183055486199,,3.9,-0.2870330809131558,0.6138024657262662,0.504465867176383,False,False,False
8111,73.5,2026-09-17,0.03230341503286538,0.3315217207269845,0.291739859911448,0.1324745196548054,,89.7,0.2955534499041601,0.8851648548085417,0.9182981967547361,False,False,False
8112,82.80000305175781,2026-09-17,-0.036088456566408356,-0.09010985657408999,-0.1409766375031879,-0.05854033162696348,,26.4,-0.1371630475104758,0.31819353825245156,0.8280000305175781,False,False,False
8114,178.5,2026-09-17,0.0,-0.09390862944162437,-0.1069105440610254,0.04647325123827373,,41.3,-0.10309695406831332,0.3690171271195238,0.7074472611081549,False,False,False
8119,9.9399995803833,2026-09-17,-0.06226422427684064,-0.010945334155612496,0.0,0.2582277797961201,,76.8,0.0038135899927120853,0.8499945672346152,0.5795918251591857,False,False,False
8121,27.25,2026-09-17,-0.007286002090370669,-0.016245514460112243,-0.49908089640334363,0.06445310913841262,,2.2,-0.49526730641063155,0.2701988276076188,0.5009191035966564,False,False,False
8131,59.09999847412109,2026-09-17,-0.046774218159337355,-0.031147565998014937,-0.23985118801418226,-0.10730660146823257,,11.4,-0.23603759802147017,0.2356779934888838,0.7022242427593808,False,False,False
8147,132.0,2026-09-17,-0.0037735849056603765,0.10924369747899165,-0.0995298392993057,-0.08421571800191763,,30.8,-0.09571624930659361,0.318380162379984,0.7066681784511245,False,False,False
8150,86.69999694824219,2026-09-17,-0.04620467004547846,-0.0068729219076876236,-0.22975678110977682,0.384979875094019,,50.8,-0.22594319111706473,0.30836017899675144,0.7077550771285076,False,False,False
8155,317.5,2026-09-17,-0.06342182890855452,0.020900321543408262,-0.20920546425841058,0.19572822853885374,,36.4,-0.2053918742656985,0.5523340711841919,0.705911872156064,False,False,False
8162,60.09999847412109,2026-09-17,-0.006611595469072973,0.054385938142475165,-0.30278421575574477,0.6183413444797046,,59.6,-0.2989706257630327,0.3095932857201655,0.6972157842442552,False,False,False
8163,29.799999237060547,2026-09-17,-0.006666692097981763,-0.04180067937181631,-0.34216336117108004,0.0671046337192831,,9.9,-0.33834977117836795,0.3894825903329333,0.65783663882892,False,False,False
8171,20.149999618530277,2026-09-17,0.0,0.038659794574615436,-0.08409092643044191,-0.2564575891184001,,20.2,-0.08027733643772983,0.9055059268637321,0.6479099476325482,False,False,False
8176,9.779999732971191,2026-09-17,0.0,-0.01807231972754786,-0.03168323132795481,-0.29640287759912265,,25.0,-0.027869641335242723,0.6265697019764314,0.7035971224008774,False,False,False
8182,38.84999847412109,2026-09-17,0.0064766841938506126,-0.0383664107231515,-0.2043860934703734,0.4630950880198539,,63.8,-0.2005725034776613,0.13506565717003446,0.6621125422300728,False,False,False
8183,28.0,2026-09-17,-0.03448275862068961,-0.03281522410719939,-0.13357132081636602,-0.2033670294586859,,16.5,-0.12975773082365394,0.5443397278484519,0.705505233259294,False,False,False
8201,11.649999618530272,2026-09-17,-0.029166698455810658,-0.012711912693219252,-0.1370370652940539,-0.12406019161969839,,21.9,-0.13322347530134182,0.5609276685516903,0.6366120275533718,False,False,False
8210,891.0,2026-09-17,-0.020879120879120916,-0.09543147208121827,-0.34268987668645123,0.009545847161605225,,7.7,-0.33887628669373915,0.5985812934786479,0.5791092389664078,False,False,False
8213,32.54999923706055,2026-09-17,0.007739938263315871,0.0015384380634013706,-0.09713390791742227,-0.0023063399384882777,,38.7,-0.09332031792471018,0.5279428654626113,0.8067475199198243,False,False,False
8215,27.0,2026-09-17,0.07784434420478936,0.129707131002053,-0.1266644135782018,0.11801235172043634,,44.4,-0.12285082358548971,1.6536411502807296,0.8385092969027383,True,False,False
8222,35.0,2026-09-17,0.008645510964396141,-0.11280103109959683,-0.04351034239678475,-0.06751724983934437,,42.8,-0.039696752404072666,0.1618595280286522,0.6893451595145257,False,False,False
8227,258.0,2026-09-17,0.18620689655172407,0.7432432432432432,0.34892070231714745,1.0662039172154087,,96.2,0.35273429230985953,3.9541697100821267,0.9485294117647058,False,False,False
8234,62.29999923706055,2026-09-17,-0.023510972067985136,-0.11215000166353928,-0.04301971424141504,-0.0741180277674377,,42.2,-0.039206124248702956,0.26872087610842005,0.6732782719165832,False,False,False
8240,50.59999847412109,2026-09-17,-0.026923106266902197,0.2192770716655683,-0.1455117497492482,-0.1297409388021794,,20.3,-0.1416981597565361,0.8817454853571997,0.6934148909364835,False,False,False
8249,38.400001525878906,2026-09-17,0.0,-0.03396222576405272,-0.23336254776666476,-0.21685954479294411,,7.3,-0.22954895777395268,0.5385841804399807,0.6233407641340021,False,False,False
8261,169.0,2026-09-17,0.005952380952380931,-0.07901907356948223,-0.274995511100559,0.5241204981127359,,55.9,-0.2711819211078469,0.3127046366705147,0.4871123680610819,False,False,False
8271,204.0,2026-09-17,-0.033175355450236976,-0.07061503416856496,-0.03120681611692988,0.0013186298293152987,,52.1,-0.027393226124217795,0.3302187642235682,0.8014392805323785,False,False,False
8277,18.67371940612793,2026-09-16,-2.0428155755869426e-07,0.007509181690604327,-0.15706824854587398,-0.06828723386740743,,23.2,-0.1532546585531619,0.0,0.48936160109660426,False,False,False
8284,69.0999984741211,2026-09-17,0.035982033518551004,0.037537538397563575,0.10924245319974357,0.15437587936470476,,82.2,0.11305604319245566,0.9270315898502424,1.0,True,True,False
8289,43.04999923706055,2026-09-17,0.01533013414598372,-0.08404256942424371,-0.35937498226052156,0.18362814524982274,,13.4,-0.3555613922678095,0.2722011845313364,0.5699240680258697,False,False,False
8291,28.850000381469727,2026-09-17,-0.030252088017824308,-0.13233081559489546,-0.4462571741571165,1.0607143129621233,,72.8,-0.44244358416440444,0.3173496167647631,0.21691729610127614,False,False,False
8298,40.0,2026-09-17,0.02564102564102555,-0.07300119152926832,-0.23830665723305622,0.3700424976370602,,47.3,-0.23449306724034413,1.1369226912062262,0.7157291112858648,False,False,False
8299,1970.0,2026-09-17,-0.04600484261501214,0.0025445292620864812,-0.23085809757405062,0.012441909201911239,,18.1,-0.22704450758133854,0.65580543512846,0.6890229323642126,False,False,False
8341,74.5,2026-09-17,-0.0013404621470036737,-0.015852007881356323,-0.009816088902616538,0.027769530129643893,,59.3,-0.006002498909904452,0.7736771025776769,0.8581594302269316,False,False,False
8342,82.0,2026-09-17,-0.05747126436781613,-0.0617849134050642,-0.016179182209490217,0.03301178776166136,,58.7,-0.012365592216778132,2.0566221042405,0.8961748633879781,False,False,False
8345,51.0,2026-09-17,-0.019230769230769273,-0.024856582333166566,-0.05555555555555558,0.12758038389543902,,59.9,-0.051741965562843495,0.589142529236491,0.9352798649269282,False,False,False
8349,38.34999847412109,2026-09-17,-0.0013021627544499426,-0.026649822616584218,-0.02189151670891143,-0.0687401507990707,,46.7,-0.018077926716199344,0.8734509948251685,0.8435538736501169,False,False,False
8354,17.049999237060547,2026-09-17,-0.011594247126924806,-0.011594247126924806,0.04692285881495506,0.11490481176094725,,74.7,0.050736448807667145,0.32861626343983485,0.903659680634687,False,False,False
8358,478.5,2026-09-17,-0.08157389635316703,0.1656516443361753,-0.3043560975445275,0.7869515002335192,,73.3,-0.30054250755181544,1.5061254799540673,0.6866999224809597,False,False,False
8367,40.79999923706055,2026-09-17,0.007407388569396156,0.016189232539945975,0.006165228229437547,-0.052401256533666785,,54.3,0.009978818222149632,0.5910688504220207,0.9315068481220062,False,False,False
8374,77.30000305175781,2026-09-17,-0.027672917587952095,-0.06189318421941248,-0.16236952360418,0.06722893901377969,,33.3,-0.15855593361146791,0.31920035936427793,0.6856709855080722,False,False,False
8383,66.19999694824219,2026-09-17,0.006078934315090212,-0.014880953056742086,0.10576498062864714,0.5297243602903721,,90.0,0.10957857062135923,0.25893903151205605,0.7323008388367233,False,False,False
8390,92.3000030517578,2026-09-17,-0.0010822345505384634,-0.03249474239557726,-0.1736758365971851,0.011113945311011175,,26.7,-0.16986224660447302,0.5124097323355421,0.7401822625890585,False,False,False
8401,22.899999618530277,2026-09-17,0.011037527779712342,0.0021881503818748094,0.0021881503818748094,-0.09842519832859187,,48.3,0.006001740374586895,0.9965787000774694,0.8088327330624514,False,False,False
8404,13.600000381469728,2026-09-17,-0.05226480697300062,-0.15527949942643293,-0.1553582495915573,-0.27912328708402045,,11.2,-0.15154465959884522,1.4479628517545315,0.5007518669208192,False,False,False
8410,29.350000381469727,2026-09-17,0.008591065179476498,-0.019214665672529496,-0.06803206804617978,-0.17614034016927083,,28.0,-0.0642184780534677,0.39213993665754826,0.7235301707158194,False,False,False
8411,12.600000381469728,2026-09-17,-0.030769201425405512,-0.01945525234073231,0.049586800495016625,0.02008033058734382,,69.3,0.05340039048772871,1.009149689581599,0.9473684361483864,False,False,False
8415,34.79999923706055,2026-09-17,-0.042640971172640985,-0.08421054639314351,0.03692947124003543,0.07846813873264247,,71.7,0.04074306123274751,0.8900798755930674,0.9003880430317575,False,False,False
8416,169.0,2026-09-17,0.0,0.0029673590504450953,-0.020289855072463725,0.04338874039897456,,58.9,-0.01647626507975164,0.4577418130113378,0.9384977844993931,False,False,False
8421,13.149999618530272,2026-09-17,0.03952569289152996,0.0,0.003816735542333971,-0.03663003765371797,,55.5,0.007630325535046056,0.41613835248788195,0.780415389959966,False,False,False
8422,25.850000381469727,2026-09-17,-0.01711022314239108,-0.03183521937008915,-0.06753361644087841,-0.09866771815543252,,35.3,-0.06372002644816632,0.5192582248700852,0.5201329802544471,False,False,False
8424,68.9000015258789,2026-09-17,0.004373222426105272,-0.004335194155971722,-0.005772027536278146,-0.007265289817370735,,56.7,-0.0019584375435660606,0.6693171168009724,0.9693150343816429,False,False,False
8426,20.649999618530277,2026-09-17,0.002427147385178019,-0.025943449274334673,0.06044142145646725,-0.16767675385425906,,53.4,0.06425501144917933,0.49369600134373326,0.7169929539431793,False,False,False
8431,64.80000305175781,2026-09-17,0.07641199718472813,0.4561798438597262,0.12891988378332364,-0.09370625102436625,,72.2,0.13273347377603573,2.4835978344208116,0.8223350322613001,False,False,False
8433,53.59999847412109,2026-09-17,-0.005565919170035238,-0.014705938038940047,0.01515150092083739,-0.05045286722197695,,56.6,0.018965090913549476,0.4241590684833328,0.9061819823451166,False,False,False
8435,53.0,2026-09-17,0.0018903302691244406,-0.009345794392523366,-0.011194001701525735,-0.016389157735953064,,54.5,-0.00738041170881365,0.9947632106232476,0.9345121295744063,False,False,False
8437,9.119999885559082,2026-09-17,-0.0010953153073918198,0.007734772745737972,-0.11884062324411071,-0.30114944427096424,,13.2,-0.11502703325139862,0.9059902776007678,0.4983606702610983,False,False,False
8438,68.80000305175781,2026-09-17,-0.001451356631444134,0.034586512056508534,-0.24213536413203984,0.18103781454109646,,29.1,-0.23832177413932776,0.2702022610819233,0.6553927987097029,False,False,False
8440,19.899999618530277,2026-09-17,0.0,-0.01970441544648005,-0.09750565500776331,-0.17022738611308674,,24.3,-0.09369206501505123,0.7842411496400029,0.6761110326634931,False,False,False
8442,46.09999847412109,2026-09-17,-0.005393743435387233,0.10513085711202574,0.18235690476826405,-0.11748540800799445,,76.4,0.18617049476097614,0.3077180876216093,0.6533662898915608,False,False,False
8444,5.0,2026-09-17,0.0504201175583856,0.0,-0.011857696335581758,-0.4246259791212258,,18.3,-0.008044106342869672,0.5996273744173264,0.34843204648667053,False,False,False
8454,249.0,2026-09-17,0.0641025641025641,-0.03675048355899424,-0.25671641791044775,0.4387883415433691,,50.7,-0.25290282791773566,0.48971453178913693,0.5665529010238908,False,False,False
8455,23.950000762939453,2026-09-16,0.06919648083953289,0.027897062109986104,-0.229903521891609,0.1377672983841811,,27.5,-0.22608993189889692,0.5587833761945582,0.5167206375704979,False,False,False
8462,161.5,2026-09-17,-0.018237082066869248,-0.07183908045977017,0.1875,0.18926837851810463,,87.2,0.19131358999271209,0.46008198272360057,0.8997214484679665,False,False,False
8463,20.899999618530277,2026-09-17,-0.023364486397796425,-0.014150996868529386,-0.025641078081425905,-0.09457305833993046,,43.4,-0.02182748808871382,0.8467373888619445,0.7744634314813864,False,False,False
8464,372.5,2026-09-17,0.01085481682496603,0.009485094850948617,0.07658959537572252,0.013663102481365597,,72.6,0.0804031853684346,0.6393765340957661,0.8279867734626483,False,False,False
8466,13.949999809265137,2026-09-17,-0.007117464776667415,-0.08229453672441112,-0.08817728898893618,-0.2572096588715742,,19.2,-0.08436369899622409,0.38191898333158536,0.5556419731814389,False,False,False
8467,88.5999984741211,2026-09-17,-0.012263082625920352,-0.10050762970435434,-0.2750102711746173,-0.40874626386327817,,2.0,-0.2711966811819052,1.0647926717181266,0.4708696089022048,False,False,False
8472,76.0,2026-09-17,-0.03307886163607421,0.09668104838665292,-0.09415973041957759,-0.050000000000000044,,35.1,-0.0903461404268655,1.3512107901085595,0.8242950381295966,False,False,False
8473,38.150001525878906,2026-09-17,-0.03661608596247212,-0.04424315467228124,-0.1533649842457966,0.09160061460967417,,37.0,-0.1495513942530845,0.8604146589129781,0.7680189433727761,False,False,False
8476,19.899999618530277,2026-09-17,0.0,0.0,-0.12192020104384915,0.0342331924099426,,37.8,-0.11810661105113707,0.2698343879706287,0.8105906410167762,False,False,False
8477,15.0,2026-09-17,-0.02912620160650603,-0.05660375095112513,-0.1573033346670487,0.09489052619224769,,36.7,-0.15348974467433663,0.33723969225051864,0.7228915662650602,False,False,False
8478,143.5,2026-09-17,0.01773049645390068,0.03985507246376807,-0.010344827586206917,-0.0716237632480754,,48.4,-0.006531237593494832,0.3411068001871131,0.6476577025641675,False,False,False
8481,41.0,2026-09-17,-0.009661872249663306,0.01990047815616136,0.044047279405886375,0.05029161292440909,,70.7,0.04786086939859846,0.3088991476216214,0.9879518072289156,False,False,False
8482,47.25,2026-09-17,-0.04737900295192965,-0.013569968792751075,0.017120394750618217,0.026675756715480725,,64.5,0.020933984743330303,1.3853655267170455,0.8860859519477924,False,False,False
8487,71.0,2026-09-17,-0.0014064483300585406,0.0,-0.10126582278481011,0.08001621513534096,,45.6,-0.09745223279209803,0.24000123086571623,0.8543923141239376,False,False,False
8488,9.81999969482422,2026-09-17,-0.03725491387713009,-0.005065875513131202,-0.046601989031264,0.006147486120423817,,49.2,-0.042788399038551916,0.43288994908245493,0.8286919306922645,False,False,False
8489,21.549999237060547,2026-09-17,-0.01822330350686241,-0.05066085846818236,-0.027088053806004653,-0.1397205631376579,,38.9,-0.023274463813292567,0.5153703547906351,0.4434156360835209,False,False,False
8499,251.5,2026-09-17,-0.017578125,-0.06505576208178443,-0.2029618594157424,-0.02181684466557554,,19.8,-0.19914826942303032,0.42464762860025307,0.6488451305075039,False,False,False
8905,35.0,2026-09-17,0.01156073825199977,0.013024624395845175,0.2168622015335182,-0.10256410256410253,,80.5,0.2206757915262303,0.4450490707396492,0.880918655413872,True,True,False
8906,29.399999618530277,2026-09-17,0.03339187452073267,0.06521736276022105,0.020833347130705393,-0.015075402250875669,,60.9,0.02464693712341748,0.36997904423303,0.7368420675237721,True,False,False
8908,40.25,2026-09-17,-0.001240675881069686,0.04734780580288467,-0.014846263934245041,-0.013851857058046813,,54.0,-0.011032673941532956,0.5828257224842861,0.8783668013802067,False,False,False
8916,41.25,2026-09-17,0.0060975609756097615,0.021039565396467008,0.008226976381987772,-0.07095308190375649,,52.7,0.012040566374699857,0.5429751396718998,0.8767191525463305,False,False,False
8917,52.59999847412109,2026-09-16,-0.011278238349882619,0.007662791289950066,0.046430667348968724,-0.0067455107604454945,,66.9,0.05024425734168081,6.667157637319257,0.7897304380008775,False,False,False
8921,16.299999237060547,2026-09-17,-0.006097584377790843,-0.0632184141141171,-0.09364388947621172,-0.038313974463802136,,36.2,-0.08983029948349963,1.453027428775709,0.8526288651873881,False,False,False
8924,49.900001525878906,2026-09-17,-0.015779077416608778,-0.013833932200614352,-0.10412924879023766,-0.21949946717550506,,19.7,-0.10031565879752558,0.861858392052571,0.7109613277060747,False,False,False
8926,58.79999923706055,2026-09-17,0.0017035514961054599,0.053763441595309214,-0.2338380748115545,0.32257264057507196,,43.4,-0.2300244848188424,0.46018501457614225,0.7259259165069203,False,False,False
8927,19.0,2026-09-17,0.01333333333333342,-0.045226112350887915,-0.052555069707756474,-0.18475667887195824,,30.2,-0.04874147971504439,0.4163503308753581,0.4969202481041502,False,False,False
8928,23.399999618530277,2026-09-17,0.006451596495925971,0.0218340614990844,0.1529594093943485,0.048144899721584755,,81.4,0.15677299938706057,0.31196028091914024,0.8740846962386686,False,False,False
8929,13.0,2026-09-17,0.0,-0.011406815428260608,-0.054545454545454564,-0.18495296830985053,,30.0,-0.05073186455274248,0.48026762643487847,0.7142856843430369,False,False,False
8930,28.850000381469727,2026-09-17,-0.00517240063897495,-0.017035774906349888,0.04909092296253559,-0.04699256292106002,,63.7,0.05290451295524767,0.3563721329076615,0.9058084783651873,False,False,False
8931,43.59999847412109,2026-09-17,0.06211934919497786,0.07389162839284924,0.07644239037256773,-0.006179273448219114,,71.4,0.08025598036527981,2.804399842146306,0.8423461982840853,True,True,False
8932,89.0999984741211,2026-09-17,-0.03466960424521637,-0.017451291189422125,0.07097810341608435,0.3044801410090008,,84.3,0.07479169340879643,0.39286653505992825,0.8270101149541521,False,False,False
8933,4.5,2026-09-17,-0.01746723254120064,0.01351350045186761,-0.04458599499918303,-0.3459302434378406,,19.2,-0.040772405006470946,0.5544513308299214,0.4896626991807014,False,False,False
8935,17.549999237060547,2026-09-17,-0.014044944422215822,0.00862066792062044,-0.2147651482095202,-0.04098360826601155,,16.5,-0.2109515582168081,0.3347246341835966,0.6548507364429854,False,False,False
8936,52.20000076293945,2026-09-17,0.0215264642204529,0.031620599546789974,-0.1371900700340586,-0.03512010655768327,,28.4,-0.1333764800413465,0.3574132535914468,0.7532467310853226,True,False,False
8937,28.549999237060547,2026-09-17,-0.0639344512439165,0.11741683325173913,-0.10501568719529886,-0.2950617472330729,,14.8,-0.10120209720258677,0.6894732155141807,0.6344444274902343,False,False,False
8938,52.400001525878906,2026-09-17,0.013539666394768002,-0.005692585061052191,-0.013182617106539674,-0.15680885480633855,,39.8,-0.009369027113827588,0.5285604061817868,0.742277289999611,False,False,False
8941,43.400001525878906,2026-09-17,-0.02142045052823438,0.0036637934266616767,0.06871706889686258,0.0044772631297720356,,71.1,0.07253065888957466,0.6429702309832515,0.9559471380444787,False,False,False
8942,41.34999847412109,2026-09-17,-0.010765568687869265,0.002424205433238402,0.005745644560184893,0.11690712363227296,,70.0,0.009559234552896978,0.39333392388937094,0.9226623403430386,False,False,False
8996,1300.0,2026-09-17,0.0,0.14537444933920707,-0.16398713826366562,0.3743910992896129,,63.1,-0.16017354827095354,1.0050411183699348,0.8176100628930818,False,False,False
9802,65.5,2026-09-17,-0.007575757575757569,-0.02586570674019295,-0.09654820643811857,-0.15140459022719444,,26.1,-0.09273461644540648,0.874392544641374,0.6097047931249472,False,False,False
9902,13.25,2026-09-17,-0.02214023516693342,-0.02930400217647333,-0.036363636363636376,-0.09556311638120873,,41.1,-0.03255004637092429,0.7234051112349046,0.7381615285140639,False,False,False
9904,24.799999237060547,2026-09-17,0.029045595207917163,0.004048521094425883,0.00231168529628456,-0.08530293109013098,,50.1,0.0061252752889966455,0.5213095158349501,0.8124328067259319,False,False,False
9905,21.299999237060547,2026-09-17,-0.009302361066951259,0.0,0.06951905357242394,0.06951905357242394,,74.7,0.07333264356513602,0.8937655913805622,0.983833700340107,False,False,False
9906,37.59999847412109,2026-09-17,-0.054088088701356285,-0.022704057805992495,-0.13228646672174638,-0.06832726482518392,,26.9,-0.1284728767290343,0.7383925287576397,0.5642720565336068,False,False,False
9907,14.949999809265137,2026-09-17,-0.022875841640948136,-0.006644543535041847,-0.03548388327321694,-0.10629654524070553,,40.3,-0.03167029328050486,0.34057260593238875,0.7983455483922486,False,False,False
9908,29.049999237060547,2026-09-17,0.0,0.003454178635086791,0.024183895975832925,-0.004452865209561563,,62.6,0.02799748596854501,0.5501497732037176,0.8772357881852078,False,False,False
9910,69.0999984741211,2026-09-17,0.008759101811986802,0.004360398387447617,-0.022630813906433622,-0.09478394179799787,,43.9,-0.018817223913721537,0.6782054516839454,0.5357538337699225,False,False,False
9911,81.5,2026-09-17,-0.003667518833318284,-0.007308142329749523,-0.012121212121212088,-0.043082640431205355,,51.5,-0.008307622128500003,0.71951875437971,0.9361823776793485,False,False,False
9912,13.0,2026-09-17,0.0,0.015624984866008385,0.0358565579622343,0.0358565579622343,,68.2,0.03967014795494639,0.2414139028580962,0.9219857906588887,False,False,False
9914,67.5999984741211,2026-09-17,-0.12661502401238522,-0.23702032010907792,-0.04486350137172368,0.04481402759885267,,53.8,-0.041049911379011594,0.7877992280989509,0.6259555385879837,False,False,False
9917,106.0,2026-09-17,0.004739336492890933,0.03055558831603533,0.0047354855664341056,0.035855537642201174,,62.8,0.008549075559146191,0.6804503842460592,0.9594399716428051,False,False,False
9918,43.20000076293945,2026-09-17,-0.006896534185299896,0.018867905855434186,0.03932306004202779,-0.08219779368364,,58.4,0.043136650034739876,0.8591232695683719,0.729899804122496,False,False,False
9919,13.949999809265137,2026-09-17,-0.014134262519924223,0.014545440673828125,0.0035971361228104293,-0.09708737983934934,,48.9,0.007410726115522515,0.21462887929997035,0.7099236681974311,False,False,False
9921,90.0,2026-09-17,-0.07502572274200892,-0.11921384148853686,0.2132682704071165,0.30672982787448366,,90.0,0.21708186039982857,0.778167582131783,0.8215404203238157,False,False,False
9924,37.95000076293945,2026-09-17,-0.007843117308772518,-0.005242483746790483,-0.05714283818783972,-0.1102820717325308,,36.3,-0.05332924819512763,0.5382233345252843,0.7197182321133467,False,False,False
9925,39.5,2026-09-17,-0.005037802496118737,-0.011264098982368687,0.02481675219599966,0.021035040256912163,,65.3,0.028630342188711744,0.536960437797109,0.9729064405058478,False,False,False
9926,49.400001525878906,2026-09-17,-0.001011106901701364,0.01750777141453619,0.03474265419725575,0.01838315697886883,,67.1,0.03855624418996784,0.422119731028642,0.900877369949314,False,False,False
9927,69.80000305175781,2026-09-17,0.0,0.017492778488754857,0.0,0.026470633114085373,,60.8,0.0038135899927120853,0.8375240549382992,0.9349136866854477,False,False,False
9928,17.700000762939453,2026-09-17,0.0,-0.048387075272691926,-0.048387075272691926,-0.008403339794098241,,47.6,-0.04457348527997984,1.0352819504255537,0.8468900041149449,False,False,False
9929,11.199999809265137,2026-09-17,0.00900895714943828,0.03225801064423539,-0.06666668256123864,-0.17948717052996754,,27.9,-0.06285309256852656,0.5073193978454952,0.7466666539510091,False,False,False
9930,61.0,2026-09-17,-0.019292616530873885,-0.036334901497343974,-0.07318951609070445,-0.07715580320501525,,36.4,-0.06937592609799237,0.9160822431632971,0.8910658285374722,False,False,False
9931,34.099998474121094,2026-09-17,-0.0014642181412471977,0.008875717273141515,0.024024001663345507,-0.14011383563765378,,48.5,0.027837591656057592,0.37389098795730835,0.7006479757918482,False,False,False
9933,42.400001525878906,2026-09-17,0.05080552984587139,0.06939287989024079,0.007062544503888102,0.2624350334533916,,77.8,0.010876134496600187,1.2481934718974061,0.9918129011901499,False,False,False
9934,9.869999885559082,2026-09-17,-0.027586181625072204,-0.12266667683919275,-0.03693501112283393,0.042648840814546896,,55.2,-0.03312142113012184,0.7200812129437942,0.8224999904632568,False,False,False
9935,18.049999237060547,2026-09-17,-0.06476684193850668,-0.13012051869587726,-0.006617582223789831,-0.03170300040754148,,53.8,-0.0028039922310777454,1.3043886759316758,0.8636363428952949,False,False,False
9937,54.400001525878906,2026-09-17,-0.021582679517531234,-0.009107467870730579,0.02329000665395964,-0.0037335277526820976,,62.5,0.027103596646671724,2.1438171506604875,0.8967977568224031,False,False,False
9938,38.0,2026-09-17,-0.028132954400219123,-0.09952608263049945,-0.07701829791003334,-0.15736077021409356,,28.3,-0.07320470791732125,0.8937486099476865,0.6731347883645168,False,False,False
9939,126.5,2026-09-17,-0.01171875,-0.02692307692307694,0.011146659859260666,0.12207414499630476,,71.2,0.014960249851972751,0.36484505374277487,0.8754325259515571,False,False,False
9940,20.299999237060547,2026-09-17,0.0024690981264468004,-0.009756134777534342,0.04639173382615014,0.04495444703611917,,70.6,0.050205323818862224,0.6468117377345265,0.8534150003776723,False,False,False
9941,80.69999694824219,2026-09-17,0.004981243851591932,0.0184879827197586,0.06082133519044164,0.13878193996366672,,76.9,0.06463492518315372,0.7951031561048447,0.8424774540423109,False,False,False
9944,17.25,2026-09-17,-0.0028901294373144815,-0.00862066792062055,-0.008764312495499471,0.07968443114372947,,64.8,-0.004950722502787386,0.8041963655306971,0.9349593109313092,False,False,False
9945,28.950000762939453,2026-09-17,0.04324327073655687,-0.0285234394591527,0.12700532059289826,0.14843123056866436,,83.2,0.13081891058561035,0.69533286748935,0.9586092725688284,False,False,False
9946,17.0,2026-09-17,-0.008746333636544312,-0.027695033255988766,-0.05768906886477643,0.007030085275981701,,47.2,-0.05387547887206434,0.44480923823079094,0.889706278706414,False,False,False
9950,10.25,2026-09-17,-0.004854387360093471,0.00490197957547478,-0.033018902723963794,-0.046511627906976716,,46.7,-0.02920531273125171,0.7629613861448742,0.7706766806770743,False,False,False
9955,23.649999618530277,2026-09-17,0.0,-0.022727319300396953,-0.12730629942346683,-0.30645159305568437,,12.3,-0.12349270943075474,0.5033517620269778,0.5832305810974081,False,False,False
9957,5.75,2026-09-17,0.005244792116914532,0.0,-0.07108239954007944,-0.03846154152840986,,39.9,-0.06726880954736736,0.5287210267268414,0.6339581249689819,False,False,False
9958,91.9000015258789,2026-09-17,0.005470459427272978,-0.06642172753007647,-0.20346388734996246,-0.24139414498555656,,8.8,-0.19965029735725037,1.053083991108757,0.5461961935953639,False,False,False
9960,31.049999237060547,2026-09-17,0.0016128786148563723,0.02814564412740639,0.011973558745954405,0.4229498062964303,,84.3,0.01578714873866649,0.9776245863935578,0.9204957368283858,False,False,False
9962,9.949999809265137,2026-09-17,-0.009950286524563201,-0.01970441544648005,0.01738242136355339,-0.0787037376350167,,53.9,0.021196011356265476,0.6315823929952973,0.822314007898945,False,False,False
