ticker,last_close,last_date,ret_1w,ret_1m,ret_3m,ret_6m,ret_12m,rs_rating,rs_vs_bench_3m,vol_surge,near_high_pct,new_high_20d,new_high_60d,new_high_250d
1101,24.649999618530277,2026-08-11,0.04670914722318398,0.07877458236369517,0.03231457923494485,-0.037804860434528464,,50.0,-0.04459538788224826,0.6704261900242677,0.9603831248045602,False,False,False
1102,32.45000076293945,2026-08-11,0.0015431862563528576,-0.004399378195310444,-0.01568093084901112,-0.01846151147899211,,42.7,-0.09259089796620423,0.32313341727394496,0.8730266882271055,False,False,False
1103,13.199999809265137,2026-08-11,0.01930501958935449,0.013186530680157293,0.04005134581767389,-0.03658400431327846,,51.4,-0.03685862129951922,0.5168923357855035,0.960047396139391,False,False,False
1104,26.649999618530277,2026-08-11,0.007561393187974996,-0.016605193970666843,0.014947591250324521,-0.05260296145928811,,45.0,-0.06196237586686859,0.5114601631686664,0.8692909961529095,False,False,False
1108,11.850000381469728,2026-08-11,-0.016597494282109104,-0.06351123914547374,-0.09339925028442464,-0.15343905466832175,,18.5,-0.17030921740161775,0.9246663880777695,0.8220624491198752,False,False,False
1109,13.550000190734863,2026-08-11,-0.003676484509735123,-0.014545440673828125,-0.06253837166821752,-0.06858652111792918,,30.4,-0.13944833878541063,0.5575161839463257,0.8939263026029001,False,False,False
1110,16.299999237060547,2026-08-11,0.02515720931616272,0.03821652452768376,0.15364303484778197,0.02546043696723932,,70.7,0.07673306773058886,0.9810793777519119,0.9077846741186806,True,True,False
1240,55.79999923706055,2026-08-11,0.010869537424425646,0.009230048925558565,0.012704188426942098,-0.02585913070742052,,46.9,-0.06420577869025101,0.6090610933491025,0.94140974671726,True,True,False
1301,55.59999847412109,2026-08-11,0.0054249410705142775,-0.07641199718472824,0.19674869938040063,0.1384891778662083,,79.0,0.11983873226320751,0.34413461628448166,0.8398791697466602,False,False,False
1303,190.0,2026-08-11,0.11436950146627556,-0.04761904761904767,1.2071365412084618,1.4762299650147481,,98.3,1.1302265740912687,1.1401766021124786,0.8351648351648352,False,False,False
1304,11.949999809265137,2026-08-11,0.04824563238062396,-0.10805938714581609,-0.07032342668692138,-0.01741500085198522,,33.2,-0.1472333938041145,0.37564215311485044,0.6622353221965112,False,False,False
1305,11.600000381469728,2026-08-11,0.04035881420045939,-0.09713789282279406,-0.10061050768868784,-0.07205844724445909,,24.3,-0.17752047480588096,0.3053531051948082,0.6337161564280646,False,False,False
1307,31.0,2026-08-11,-0.023622047244094446,-0.04173102126113071,0.03704115845916167,0.022593289951310602,,56.4,-0.03986880865803144,0.7158948392252181,0.8831486897955964,False,False,False
1308,13.600000381469728,2026-08-11,0.06666669658586111,-0.06831830502621228,0.03287556141099324,-0.022064628779276063,,51.5,-0.044034405706199875,0.511568618315062,0.7107674791185201,False,False,False
1309,13.0,2026-08-11,0.023622062617355555,-0.11262802100739377,-0.1893145358889281,0.06340933318719211,,20.2,-0.2662245030061212,0.294896414988377,0.4955889040340678,False,False,False
1310,8.010000228881836,2026-08-11,0.07806196688336975,-0.22608696293164832,-0.04071857928802214,-0.11589405541984354,,29.9,-0.11762854640521525,0.6983968686744291,0.6538775697046396,False,False,False
1312,11.850000381469728,2026-08-11,0.021551723429195757,-0.11235954735117859,0.08715603634741709,-0.11567158814819045,,52.7,0.010246069230223975,0.2986303385218332,0.7847682173579079,False,False,False
1313,11.300000190734863,2026-08-11,0.05607480300608847,-0.08130081174740655,0.03151682889669161,0.0042520642034658,,53.5,-0.045393138220501505,0.5644396079735504,0.7902097930079934,False,False,False
1314,7.699999809265137,2026-08-11,0.006535910231946662,-0.12994356187966716,0.09686607267609637,-0.05637255474862035,,59.7,0.01995610555890326,0.5164427092285955,0.740384624201871,False,False,False
1315,64.4000015258789,2026-08-11,0.01417325237604583,0.010989022834466233,0.04376014148384311,0.036338540274270636,,58.5,-0.033149825633350005,1.2235962676604342,0.9907692542442909,False,False,False
1316,10.050000190734863,2026-08-11,0.0,-0.024271844210729476,-0.09865466057660766,-0.2846975050319046,,11.9,-0.17556462769380077,0.49226566994554183,0.6109422324998742,False,False,False
1319,78.80000305175781,2026-08-11,0.09444448682996964,0.047872423532056674,0.037282404649318535,-0.23869181590720545,,32.6,-0.03962756246787458,0.562271030184077,0.7215877723592867,True,False,False
1321,31.950000762939453,2026-08-11,0.012678337101480475,0.025682220038721226,0.08488964126432408,-0.04197894378520017,,59.0,0.007979674147130966,0.45693803075773237,0.8463576361043563,False,False,False
1323,21.549999237060547,2026-08-11,0.09113920187648339,0.07213924517770565,0.17277763095805776,0.2009243958205762,,79.5,0.09586766384086465,1.491524626062017,0.9134820185205906,False,False,False
1324,10.0,2026-08-11,0.004016060411629274,-0.033816460731379006,-0.024390243902439046,-0.06976744186046513,,36.7,-0.10130021101963216,0.3272108372744925,0.7843137254901961,False,False,False
1325,26.299999237060547,2026-08-11,0.009596929263795628,0.08453605101280615,-0.02048421365344777,-0.184496147688045,,27.6,-0.09739418077064088,0.9946482659183198,0.7346368658531842,False,False,False
1326,58.20000076293945,2026-08-11,0.0,-0.1046153728778546,0.2769012224849656,0.3378441170448452,,86.7,0.1999912553677725,0.41641310156097167,0.8117155263612086,False,False,False
1336,16.200000762939453,2026-08-11,0.06578953725149184,0.13575529366582728,0.20648000326142246,-0.0019120449903445857,,74.0,0.12957003614422935,0.6547446173783865,0.8901865799132606,False,False,False
1337,4.710000038146973,2026-08-11,0.012903213236342914,-0.05799999237060549,-0.04848480411432454,-0.1780104672829378,,24.1,-0.12539477123151765,0.4239865188548363,0.7325039135131576,False,False,False
1338,15.149999618530272,2026-08-11,-0.019417488313168696,-0.05607474525307854,-0.035817255504094425,-0.23057736414512575,,21.3,-0.11272722262128754,0.6538535267543455,0.6578645367537037,False,False,False
1339,45.400001525878906,2026-08-11,0.022522521748499003,0.02022475339053731,0.11547913205984939,0.03299205319154752,,67.6,0.038569164942656275,0.763134779067702,0.9763441188361055,True,False,False
1340,5.21999979019165,2026-08-11,0.033663285749707894,-0.020637924031698507,-0.04395608906200188,-0.23348020057969676,,19.6,-0.12086605617919499,0.8343825042426183,0.6055684291755751,False,False,False
1341,58.70000076293945,2026-08-11,0.0017065237444080505,0.008591065179476498,0.027091156345618872,0.06908466358805132,,58.4,-0.04981881077157424,1.4623251414721703,0.9551792089242945,False,False,False
1342,102.5,2026-08-11,0.02499999999999991,-0.10480349344978168,0.0869564865628003,0.15950084143315402,,70.8,0.010046519445607194,0.4128789294751283,0.8723404255319149,False,False,False
1343,35.599998474121094,2026-08-11,0.012802188583430851,0.3433961688347582,0.6992838748291352,0.19663860417213752,,94.3,0.6223739077119421,0.7796264866633463,0.6460979938291905,False,False,False
1402,27.299999237060547,2026-08-11,0.005524847905629127,0.06640620430698685,0.07039277104739594,0.013557736532072706,,61.0,-0.006517196069797171,0.5045928212414735,0.9789061781344369,False,False,False
1409,24.25,2026-08-11,0.07300883144600068,-0.06007749158511766,0.43491127499261606,0.5953947568616711,,93.4,0.35800130787542295,0.390560765135005,0.7649842087180873,False,False,False
1410,25.549999237060547,2026-08-11,-0.005836635074938035,0.005905496881221994,-0.040894772460599915,-0.23128431746457312,,20.5,-0.11780473957779303,0.46333140210248713,0.7153326433246358,False,False,False
1413,9.489999771118164,2026-08-11,0.02705627772648156,0.006362615482573553,0.003171219117359403,-0.06039609775369126,,42.3,-0.07373874799983371,0.344733143986362,0.8042372557391594,False,False,False
1414,19.299999237060547,2026-08-11,-0.025252526225563066,0.0,0.21383645912593785,0.01159417218246439,,75.3,0.13692649200874474,1.2950977946399498,0.9341515856215317,False,False,False
1416,10.949999809265137,2026-08-11,0.01860463342001273,-0.00904980812159395,0.02340553294127723,-0.03249468992686688,,48.5,-0.05350443417591588,0.924660193828631,0.9515133635175949,False,False,False
1417,8.300000190734863,2026-08-11,0.006060629179983401,-0.03034166403636207,0.019414027749552476,-0.02813535962654734,,48.1,-0.057495939367640636,0.3651807264743179,0.9235340726899475,False,False,False
1418,18.0,2026-08-11,0.0,-0.027027027027026973,-0.021739110153428776,-0.09999999999999998,,34.6,-0.09864907727062189,0.20423529726726947,0.7287449167616094,False,False,False
1419,65.4000015258789,2026-08-11,0.011205100032770643,0.015787641936802377,0.05399905913459557,-0.126686509199882,,45.4,-0.02291090798259754,0.557285375804074,0.8426708669913248,False,False,False
1423,36.09999847412109,2026-08-11,0.016901365468199536,-0.021680298609114024,-0.017603803601691226,0.03009788294017146,,46.5,-0.09451377071888434,0.06134591865062989,0.8702157617649361,False,False,False
1432,15.300000190734863,2026-08-11,0.0166112954705413,0.0065789725476688155,0.0400302948640896,-0.0645379760586009,,48.6,-0.03687967225310351,0.4406831732782036,0.8895348553531178,True,False,False
1434,17.75,2026-08-11,0.023054732549601775,-0.015357841592176569,0.17143918118569967,0.06838009535171863,,74.2,0.09452921406850656,0.3585424022216219,0.9102564102564102,False,False,False
1435,23.600000381469727,2026-08-11,-0.020746887638410372,-0.12430427779714615,0.8365758506514891,0.09259259095734862,,95.2,0.759665883534296,1.722879053579116,0.7140696195540578,False,False,False
1436,37.25,2026-08-11,0.029005503174892366,-0.06634520065109106,-0.1266437035902822,-0.31501470792283337,,8.3,-0.20355367070747532,0.5450313955820173,0.5143693028131362,False,False,False
1437,30.399999618530277,2026-08-11,0.001027132205305259,0.010857181200834676,0.07977926329368179,-0.061346954198190806,,56.6,0.002869296176488678,0.9126967777571524,0.9006835164234044,False,False,False
1438,22.450000762939453,2026-08-11,-0.011013215488880346,0.027459971212566492,0.06904765537806923,-0.3196969465775923,,31.3,-0.007862311739123884,0.232282686492196,0.5808538131080692,False,False,False
1439,28.850000381469727,2026-08-11,0.029977932608076685,0.18364403478412217,0.11826174452484062,-0.013298482168676795,,65.5,0.041351777407647505,0.731694910464492,0.9499796509765647,False,False,False
1440,13.699999809265137,2026-08-11,0.11382110543257085,0.04962898545811223,0.1824934555566402,0.00809699126490826,,72.6,0.10558348843944709,0.6666701610316484,0.8982402096726753,True,False,False
1441,8.880000114440918,2026-08-11,-0.018784538421113717,-0.04207123236937127,-0.09109522022749961,-0.11111107929014552,,22.3,-0.16800518734469272,0.3354243982934609,0.6342857224600655,False,False,False
1442,29.850000381469727,2026-08-11,0.02753876645162112,0.03826088283372964,0.11380601609090601,0.005050492076668522,,66.1,0.0368960489737129,0.44229249431194484,0.47178399560062095,False,False,False
1443,26.049999237060547,2026-08-10,-0.01698116086563972,-0.0019157526313554607,-0.03874542913760037,-0.040515668395036175,,36.9,-0.11565539625479349,0.6584600439960484,0.8403225560342112,False,False,False
1444,7.139999866485596,2026-08-11,0.0,-0.11524161877417272,0.21016944933471926,0.07692303819630997,,77.4,0.13325948221752615,0.26283872885347764,0.7139999866485596,False,False,False
1445,10.199999809265137,2026-08-11,-0.04672897279559296,-0.11304349484650988,-0.14285713140847112,-0.2667578328312271,,9.1,-0.21976709852566423,0.8600728293669124,0.6440941418460551,False,False,False
1446,14.0,2026-08-11,0.029411735831660568,-0.04109591546526581,0.015733701800428657,-0.11343469122176142,,39.7,-0.061176265316764455,0.3913873663498754,0.6771558324358444,False,False,False
1447,7.0,2026-08-11,0.02189782444609789,-0.16963229577794936,0.4285714007675132,0.2455516267868454,,90.1,0.3516614336503201,0.5568740540198029,0.7007007167545212,False,False,False
1449,12.649999618530272,2026-08-11,0.03265303008410392,-0.06985299531563627,-0.055970150847083455,0.0952380441238263,,45.7,-0.13288011796427657,0.21181802453668697,0.7713414580959566,False,False,False
1451,17.5,2026-08-11,-0.0028489595005202206,0.017441815334505728,0.04166671397194244,0.033044791388350925,,57.8,-0.035243253145250675,0.8582655560797975,0.9859154929577465,False,False,False
1452,11.300000190734863,2026-08-11,0.008928605640421639,-0.02586208455769501,0.04647408651843277,-0.036718391657749594,,52.7,-0.030435880598760345,0.8010654543196736,0.8078045742856287,False,False,False
1453,11.0,2026-08-11,-0.017857126131349377,-0.013452881045931675,-0.0350876870101019,-0.2142857142857143,,22.9,-0.11199765412729501,0.6949470817048605,0.7746478977290395,False,False,False
1454,12.800000190734863,2026-08-11,-0.015384600712702867,0.011857753101024882,-0.05882354178643123,-0.02661592684019609,,34.6,-0.13573350890362434,0.2545266106993044,0.7710843311198514,False,False,False
1455,9.600000381469728,2026-08-11,0.0996564587459916,0.052631633983975856,0.2025880480692115,0.07767829499025591,,76.9,0.12567808095201838,0.9092686263390627,0.872727307406339,False,False,False
1456,13.800000190734863,2026-08-11,-0.014285700661795464,-0.010752660973561312,-0.003610121975286096,0.061538476210374116,,52.4,-0.08052008909247921,0.6818555983385298,0.8846153752103126,False,False,False
1457,14.149999618530272,2026-08-11,-0.010489550363906863,-0.007017570629454628,-0.010489550363906863,-0.027429932295984782,,42.8,-0.08739951748109998,0.5336608067667641,0.8841546913022015,False,False,False
1459,13.699999809265137,2026-08-11,0.057915058768063465,0.04328121898722892,0.035044926187211445,0.04814670429505119,,57.9,-0.04186504092998167,1.9284942464807515,0.8670885850557667,False,False,False
1460,6.670000076293945,2026-08-11,-0.008915296078676804,-0.06056335691752035,-0.056577098395378944,-0.014771034699306296,,36.0,-0.13348706551257206,0.2764721667731253,0.7773892931939442,False,False,False
1463,17.850000381469727,2026-08-11,0.008474554353937958,0.0028090531770965654,-0.016528883932001026,0.025862113379601537,,46.3,-0.09343885104919414,0.5463676976716726,0.9015152055187498,False,False,False
1464,10.199999809265137,2026-08-11,-0.004878067388767171,-0.019119578090663225,0.029199681948600675,-0.08765268023710582,,44.2,-0.04771028516859244,0.5876007326617316,0.8669191846733874,False,False,False
1465,12.350000381469728,2026-08-11,-0.011999969482421768,0.011903265156126386,0.045354562809234666,0.015967107866062147,,57.3,-0.031555404307958446,0.785920436578147,0.9266513716892745,False,False,False
1466,16.75,2026-08-11,0.05678230895075953,-0.005934740605685662,0.15517241379310343,0.14334473966903793,,75.6,0.07826244667591031,0.37178546217423,0.8395989653853045,False,False,False
1467,9.170000076293944,2026-08-11,0.011025400753517989,0.11693057657569095,0.28792137973101806,0.18018019289627984,,84.7,0.21101141261382494,0.9066295864996974,0.8733333405994232,False,False,False
1468,13.399999618530272,2026-08-11,-0.04285717010498058,0.10288066166632581,0.0806451637712653,0.01515150092083739,,62.6,0.0037351966540721815,0.8569117738479319,0.8963210561531736,False,False,False
1470,23.399999618530277,2026-08-11,0.0042918620061871415,0.09090903432320441,0.12263075225986353,0.044872757382020456,,69.2,0.04572078514267042,0.5379557680812911,0.9915253915378541,False,False,False
1471,9.420000076293944,2026-08-11,-0.008421044600637528,-0.080975602312786,-0.11132077950096952,-0.2582676993883345,,12.0,-0.18823074661816264,0.3398090495643035,0.6430034349201562,False,False,False
1472,89.0,2026-08-11,-0.005586592178770999,0.025345586070202764,0.06980389020830313,0.09311393231570309,,66.1,-0.00710607690888998,0.2865405546955303,0.9826755267512578,False,False,False
1473,20.200000762939453,2026-08-11,0.022784848756427944,0.002481446419641431,0.00951702624124029,-0.21757659267619078,,29.8,-0.06739294087595282,0.5970761733777892,0.637753413151635,False,False,False
1474,10.100000381469728,2026-08-11,0.010000038146972923,-0.004567256403435915,0.036286299705081904,0.00024149841977694209,,54.3,-0.04062366741211121,0.22084376490474222,0.8249003809820384,False,False,False
1475,27.149999618530277,2026-08-11,0.005555541427047395,0.0,-0.005494491674807089,-0.10899420525267323,,36.5,-0.0824044587920002,0.7960442290665941,0.7322239529053016,False,False,False
1476,332.0,2026-08-11,-0.06346967559943584,-0.02639296187683282,-0.005272733623355341,-0.14492651217042085,,33.6,-0.08218270074054845,1.0398569033084357,0.7680527204862966,False,False,False
1477,221.5,2026-08-11,-0.0022522522522522292,-0.019911504424778736,-0.03275109170305679,-0.2677414834392374,,18.9,-0.1096610588202499,0.7152931527740765,0.677095720248292,False,False,False
1503,197.0,2026-08-11,0.01025641025641022,-0.08286375766663401,0.0013397637442897903,-0.1645135812088243,,32.8,-0.07557020337290332,0.2676436843687121,0.7528730323565443,False,False,False
1504,67.4000015258789,2026-08-11,0.030581039041850833,0.013533857532013638,-0.0528520035187352,-0.17951203446953823,,22.8,-0.12976197063592831,0.21844230705552753,0.5801776813863657,False,False,False
1506,10.600000381469728,2026-08-11,0.039215743106313816,0.02415458848171559,0.02415458848171559,-0.1587301539245437,,37.5,-0.05275537863547752,0.5069696094635515,0.7310345090668778,False,False,False
1512,6.559999942779541,2026-08-11,-0.019432004981914774,-0.04651165208409025,-0.06685636600309885,-0.19211822226178898,,19.4,-0.14376633312029197,0.6475001266838132,0.7153762146347512,False,False,False
1513,160.5,2026-08-11,0.009433962264151052,-0.044642857142857095,0.06957381992059042,-0.06562512519666142,,54.4,-0.007336147196602694,0.17408558903027477,0.8894049437203536,False,False,False
1514,102.0,2026-08-11,0.0210210054258817,-0.1183754733606418,-0.1183754733606418,-0.19822071829754895,,14.4,-0.19528544047783492,0.18537018381187864,0.7106070508434793,False,False,False
1515,31.200000762939453,2026-08-11,0.11032029677529787,-0.2417983084807902,0.4161576192449663,0.1810022637015165,,89.1,0.3392476521277732,0.44156585097180157,0.6956522145913154,False,False,False
1516,15.399999618530272,2026-08-11,-0.04049842052511643,-0.14681438950364345,-0.2870370672890511,-0.3047404115688147,,1.9,-0.3639470344062442,0.8461526578057443,0.6039215536678538,False,False,False
1517,12.300000190734863,2026-08-11,0.0933333502875433,0.1770335325584873,0.21782175506660684,0.004081648223254186,,75.4,0.14091178794941372,1.5165086171583135,0.8631579081217448,True,True,False
1519,703.0,2026-08-11,0.1032957529833316,0.0820493299307854,-0.12106156791731626,-0.22497546160345694,,13.0,-0.19797153503450937,0.43465138193112873,0.7283795643591604,True,False,False
1521,25.0,2026-08-11,-0.00398407888246699,-0.027237382963384404,0.02158920908986195,-0.042972206824080095,,47.0,-0.05532075802733116,0.3502780321672343,0.8668029202486689,False,False,False
1522,28.25,2026-08-11,0.0,-0.03213781352719247,-0.053922534909880415,-0.40679411751512495,,10.8,-0.13083250202707353,0.8019514463306392,0.5572540027032082,False,False,False
1524,27.200000762939453,2026-08-11,0.028355386705730012,-0.021582679517531345,-0.062068939208984375,-0.16897631641177824,,22.4,-0.1389789063261775,0.37077893058668515,0.7973177544594136,False,False,False
1525,67.5,2026-08-11,-0.010263885330866307,0.018099500648671052,0.17500001328079806,0.1226114786064425,,76.5,0.09809004616360495,0.46250521824896207,0.9811046076439877,False,False,False
1526,19.0,2026-08-11,0.06741577608840488,0.3380281869865227,0.25412544411953086,-0.10377361715879563,,73.8,0.17721547700233775,1.6878775883168526,0.8067940813390673,False,False,False
1527,32.70000076293945,2026-08-11,0.006153869628906294,0.007980251740219657,0.05133431417374901,-0.019457661287555106,,54.9,-0.025575652943444105,0.45788613088432367,0.9211555863797509,True,True,False
1528,19.0,2026-08-11,0.046831977924777224,-0.15555555555555556,-0.27480918142277433,-0.3115942124132597,,2.3,-0.35171914853996744,0.18076614166480456,0.5993690707481921,False,False,False
1529,16.899999618530273,2026-08-11,-0.01457725979946256,-0.11175970175946515,-0.12602050961958056,-0.22863351271447074,,12.0,-0.20293047673677367,0.3715967063689054,0.6536107063757766,False,False,False
1530,28.799999237060547,2026-08-11,0.04727269952947433,0.08442027965478927,0.19101743984036346,0.0807001597127961,,75.9,0.11410747272317034,0.20736967654975774,0.8799555834819692,True,False,False
1531,13.050000190734863,2026-08-11,0.011627951677542825,0.0,0.027559085568992447,0.0524194025968554,,57.4,-0.049350881548200665,0.5129653433125079,0.9738806389731974,False,False,False
1532,21.850000381469727,2026-08-11,0.016279087510219892,-0.004233857981828182,0.10775936802645769,-0.08469981528114479,,59.2,0.03084940090926458,0.39620900353089344,0.8033219402455793,False,False,False
1533,32.099998474121094,2026-08-11,0.0015600386349692297,-0.10957006509111733,-0.04606249573468113,0.022292957455251727,,40.9,-0.12297246285187424,0.4084337874067123,0.7906403862202608,False,False,False
1535,46.04999923706055,2026-08-11,0.006557360372908105,-0.026427061737045454,-0.00868992317257844,-0.06722446423708972,,39.2,-0.08559989028977155,0.47193840848728374,0.8501860844706023,False,False,False
1536,51.20000076293945,2026-08-11,0.019920318422350647,-0.08734399009729032,0.0,-0.1807999877929688,,31.4,-0.07690996711719311,0.5962260822796313,0.7023319573561857,False,False,False
1537,127.0,2026-08-11,0.01195219123505975,0.0039525691699604515,0.0039525691699604515,0.024193548387096753,,50.5,-0.07295739794723266,1.1045483141311596,0.9407407407407408,False,False,False
1538,10.199999809265137,2026-08-10,0.0,0.019999980926513672,-0.16049381650112493,-0.6129032386489776,,1.4,-0.23740378361831804,0.0,0.3675675606942392,False,False,False
1539,16.399999618530273,2026-08-11,0.018633492543629337,0.044585975654091614,0.051282001121667475,-0.12533335367838538,,44.9,-0.025627965995525637,0.7873994898677281,0.7610208909115144,False,False,False
1540,19.649999618530277,2026-08-11,-0.024813896251401957,-0.07421812623116575,0.007070036529075896,-0.18720722207635465,,32.1,-0.06983993058811722,0.5416616231868884,0.7373191029982127,False,False,False
1541,21.5,2026-08-11,-0.035874406476706144,-0.006928388968741261,-0.0337078651685393,-0.1568627450980392,,27.8,-0.11061783228573241,0.5632656141895717,0.7325383209730428,False,False,False
1558,95.4000015258789,2026-08-11,0.040349015275595645,0.08837740815946926,0.10873215074070397,0.04115444091442444,,67.4,0.03182218362351086,1.2127748397393738,0.9644378148055452,True,True,False
1560,687.0,2026-08-11,0.01777777777777767,-0.011990788254497842,0.09258516504956904,0.6121361433238686,,85.3,0.01567519793237593,0.5677316894217082,0.8993581416911146,False,False,False
1563,62.09999847412109,2026-08-11,0.08756567659570269,-0.003309517420257757,0.4499366509953029,0.3693846487086685,,91.8,0.3730266838781098,0.7325747556164988,0.9026366363369207,False,False,False
1568,28.5,2026-08-11,0.02150539031087373,-0.12037041179655039,0.02572641452444624,0.22487576397918585,,68.5,-0.05118355259274687,0.23731727572479364,0.5722891653940158,False,False,False
1569,41.29999923706055,2026-08-11,-0.007211520386164572,-0.1475748485714805,-0.21183209857992802,-0.23091250185673462,,5.6,-0.28874206569712113,0.4558679093786047,0.6011644988598108,False,False,False
1570,33.70000076293945,2026-08-11,0.0014858613608708104,-0.14467006452260034,-0.13600761668550954,0.11303368714040674,,33.1,-0.21291758380270265,0.12213493116210843,0.6306513926902501,False,False,False
1580,113.5,2026-08-11,0.017937219730941756,-0.013043478260869601,-0.009031487941018934,-0.062391332339338246,,39.8,-0.08594145505821205,0.9904864689325372,0.8614072474915745,False,False,False
1582,75.30000305175781,2026-08-11,0.06808514967032364,-0.04076429233429535,-0.15383926882794952,0.11528344082881792,,30.6,-0.23074923594514263,0.20328101120495456,0.6514375592382652,False,False,False
1583,49.54999923706055,2026-08-11,0.005070993993283146,0.010193680077006384,0.04867723253038192,0.004052700488822447,,56.9,-0.028232734586811192,0.22949604132510565,0.8258333206176758,False,False,False
1584,17.899999618530273,2026-08-11,0.034682104504628386,-0.14558477486094568,-0.09307593476740916,-0.2715469200067778,,13.4,-0.16998590188460228,0.6250313379689147,0.6489617309343412,False,False,False
1586,18.299999237060547,2026-08-11,0.011049660297000496,0.016666624281141518,-0.15668209245806253,-0.2879377940155565,,7.3,-0.23359205957525564,0.3776831431698956,0.6019736666676078,False,False,False
1587,24.25,2026-08-11,-0.004106791782468533,-0.08317582984806549,-0.18760470049930356,-0.4894736842105263,,2.2,-0.26451466761649667,0.2689204680486534,0.42693662545293654,False,False,False
1589,5.539999961853027,2026-08-10,0.0,0.0,0.0,-0.6896358631115683,,4.6,-0.07690996711719311,,0.23083333174387613,True,True,False
1590,1560.0,2026-08-11,0.09473684210526323,0.20637408573375082,0.07595527663487145,0.5311670699011211,,83.2,-0.0009546904823216629,1.2069087091602835,0.9936305732484076,False,False,False
1591,36.5,2026-08-11,0.002747210712340298,0.17174961306539327,-0.32407407407407407,-0.27,,1.6,-0.4009840411912672,0.8850234585320778,0.5391433034761416,False,False,False
1593,31.600000381469727,2026-08-11,0.049833886411623896,0.03947370980254861,0.06780536250628333,0.1192443954013398,,67.1,-0.009104604610909783,1.2496050822512779,0.9530200682113251,False,False,False
1594,8.100000381469727,2026-08-11,0.01250004768371582,-0.03110039304844403,-0.22488033212324687,-0.03914589700589266,,11.6,-0.30179029924044,0.2015051836702775,0.5159235974442257,False,False,False
1595,63.79999923706055,2026-08-11,0.054545441934884975,-0.04776120541700679,-0.3154506295478602,0.6401027438165132,,48.0,-0.3923605966650533,0.5335083916782513,0.6348258630553288,False,False,False
1597,148.0,2026-08-11,0.12977099236641232,0.05714285714285716,-0.21693121693121697,0.8026796924564059,,72.3,-0.2938411840484101,1.2841335166855021,0.669683257918552,False,False,False
1598,20.600000381469727,2026-08-11,0.00733494439775817,0.07291664390100472,0.039136123500984166,0.059970912546950084,,59.7,-0.037773843616208946,0.7179737183560907,0.8684361418791139,False,False,False
1599,23.850000381469727,2026-08-11,0.004210542377672599,0.03023761444812889,-0.014462825224606068,-0.11829940650078019,,34.4,-0.09137279234179918,0.30997464860910906,0.7328662212673859,False,False,False
1603,29.399999618530277,2026-08-11,0.01030925199752164,-0.015075402250875669,-0.025781166650739373,-0.2687681087505125,,19.7,-0.10269113376793249,0.6435518966397727,0.7303806416139078,False,False,False
1604,23.25,2026-08-11,0.008676822974374998,-0.008528816905436387,0.015283859707425851,0.023282223910479516,,52.2,-0.06162610740976726,0.4082807480336493,0.9653228230101004,False,False,False
1605,38.29999923706055,2026-08-11,0.13481479220920134,0.12979343696556267,0.10392923938607268,-0.11685664733244061,,55.9,0.02701927226887957,0.9176440121894903,0.8771627186351085,True,False,False
1608,36.45000076293945,2026-08-11,0.06423359891794034,0.1576282910492619,0.15935354095690735,-0.03959732265418392,,68.7,0.08244357383971423,2.2740080077888947,0.9592185386997737,True,False,False
1609,37.150001525878906,2026-08-11,0.050919466179766726,-0.07356601148366604,0.09508671950199266,-0.13420492636343395,,52.5,0.018176752384799544,0.49306673884478536,0.7998994976690458,False,False,False
1611,11.899999618530272,2026-08-11,-0.008333365122477399,-0.07751938213730991,0.03930129404028482,-0.05861709049964081,,49.3,-0.037608673076908294,0.2958575551123423,0.7933333079020181,False,False,False
1612,34.0,2026-08-11,0.12026357735266413,0.036585389964996606,-0.010674363213395544,-0.03298017656753327,,42.2,-0.08758433033058866,1.082524459804613,0.8968424899608416,True,False,False
1614,30.950000762939453,2026-08-11,0.0,-0.0030335911778315294,0.007991331134187485,-0.07928073348353037,,41.6,-0.06891863598300563,0.7349731309321044,0.8329745461653749,False,False,False
1615,42.25,2026-08-11,-0.001182015081852339,-0.03692793166070518,0.03604885739424857,-0.09669811840109566,,44.7,-0.040861109722944544,0.5943697607745093,0.8916981602680734,False,False,False
1616,19.600000381469727,2026-08-11,0.01030931788000733,-0.0776470408720129,-0.05809034611911734,-0.2883349354268586,,15.3,-0.13500031323631045,0.3923468637328765,0.5191073191588761,False,False,False
1617,19.0,2026-08-11,0.041095890410958846,-0.19954043053379145,0.29021450208285104,0.1743268776904734,,84.5,0.21330453496565793,1.4755216181823307,0.734504069922713,False,False,False
1618,40.79999923706055,2026-08-11,0.05019307180252275,0.055627364199250184,0.07086616459508255,-0.1410526476408306,,47.0,-0.006043802522110564,0.6910315392753381,0.8143712670597304,True,False,False
1623,208.0,2026-08-11,-0.023474178403755874,-0.10151187904967607,-0.07964601769911506,-0.17460317460317465,,18.8,-0.15655598481630817,0.2694738112328964,0.6372549138771303,False,False,False
1626,9.539999961853027,2026-08-11,-0.01851854940646036,-0.06926829640458265,-0.09573461712055986,-0.18111585628905247,,16.6,-0.17264458423775297,0.34757555593837114,0.7453124859137462,False,False,False
1708,49.25,2026-08-11,-0.009054341167636593,-0.11738350047700807,0.2352980912218634,0.5069913136614812,,88.4,0.1583881241046703,0.2684411584191648,0.7982171700325548,False,False,False
1709,27.399999618530277,2026-08-11,0.08730153924543793,0.022388074572778915,0.4850947688614031,0.5884057749872624,,93.8,0.40818480174421,1.5385215731518047,0.9750889411588386,False,False,False
1710,14.949999809265137,2026-08-11,0.10740739327889903,-0.07142860527681616,0.24583331743876147,0.10332100360319973,,80.9,0.16892335032156836,0.4592254640201281,0.793103422107172,False,False,False
1711,37.84999847412109,2026-08-11,0.10510944449988568,-0.09665878053146126,-0.2621832546387799,0.7811763987821687,,67.2,-0.339093221755973,0.508787310273866,0.6104838463567918,False,False,False
1712,39.400001525878906,2026-08-11,0.011553292788831548,-0.001267407759026451,-0.049457158005494106,-0.09140864607099775,,30.7,-0.12636712512268722,0.8103686387852459,0.8775055720915738,False,False,False
1713,44.900001525878906,2026-08-11,0.04282502978673319,0.005737100623730784,0.020684391139965896,-0.022881489742479832,,48.9,-0.056225575977227216,1.4293435954761478,0.9002664942762855,False,False,False
1714,16.649999618530273,2026-08-11,0.14432985568843115,0.0,0.6835186087502556,0.8176855781536114,,96.6,0.6066086416330625,1.056300772873691,0.7318681151002318,False,False,False
1717,71.9000015258789,2026-08-11,0.13050319576870906,-0.00964183144565367,-0.10572139102838263,0.1651546917524005,,43.1,-0.18263135814557574,0.5307678109508049,0.8419203775317372,True,False,False
1718,10.199999809265137,2026-08-11,0.021021025321151576,-0.2891986384588199,0.5668201921118978,0.4225941005201981,,93.7,0.4899102249947047,0.8952875765823624,0.6710526274512019,False,False,False
1721,19.799999237060547,2026-08-11,-0.014925429786844746,-0.15203430776928029,-0.43021584929322165,0.08791200038733837,,3.4,-0.5071258164104148,0.2540050336406067,0.5697841507067783,False,False,False
1722,46.09999847412109,2026-08-11,0.022172949752399918,-0.0233051328609738,-0.01284801453995954,-0.01284801453995954,,43.5,-0.08975798165715265,1.0488484717194113,0.8837782072364451,False,False,False
1723,85.19999694824219,2026-08-11,0.0228090495423372,-0.015028937014541222,0.08668271098354552,0.17613962435643127,,71.5,0.009772743866352407,0.4598518646634169,0.9498327742129518,False,False,False
1725,30.600000381469727,2026-08-11,0.025125627819609253,0.013245020146527287,-0.0008813401202500959,0.10779473746828594,,57.2,-0.07779130723744321,0.17521803167685038,0.7672453841307468,False,False,False
1726,77.4000015258789,2026-08-11,0.0065019504561614205,0.03104872518540125,0.06487571833379735,0.0676780219709674,,63.4,-0.012034248783395762,0.43541202160183007,0.9872448982074329,False,False,False
1727,76.5999984741211,2026-08-11,0.05801100634978473,-0.1441340952612168,-0.04086508011264167,0.7359906596472816,,82.6,-0.11777504722983478,0.29856280183960204,0.7342659720765652,False,False,False
1730,51.400001525878906,2026-08-11,0.003906264842953311,-0.0019417179440989196,0.03154565390010888,0.02765301572817891,,55.8,-0.04536431321708423,0.5320819556263252,0.9961240900357297,False,False,False
1732,26.100000381469727,2026-08-11,-0.015094325227557492,0.005780331950683282,-0.0019120167414885536,-0.1328903637643305,,35.1,-0.07882198385868167,1.0362702527828227,0.7814371014698005,False,False,False
1735,20.149999618530277,2026-08-11,0.0176767876240429,-0.053990594353137245,-0.22496777730572992,0.2526956117958541,,29.9,-0.30187774442292303,0.36632688403476216,0.6540098143541012,False,False,False
1736,145.0,2026-08-11,0.18367346938775508,0.17343129050497796,0.2782910777281178,0.03944084900853695,,80.9,0.20138111061092467,2.217362888094233,0.8207607189602435,True,True,False
1742,17.899999618530273,2026-08-11,-0.024523201830223162,0.17377046678887043,0.14743584492424566,0.13291135458510017,,74.9,0.07052587780705255,2.252695005289739,0.9675675469475824,False,False,False
1773,161.0,2026-08-11,0.03870967741935494,-0.08781869688385269,-0.08238540749345968,0.12816316004273887,,43.6,-0.1592953746106528,0.7075824400096317,0.8446759648597117,False,False,False
1776,17.049999237060547,2026-08-11,0.024024001663345507,-0.10263161910207652,0.03782602330371976,0.14194455473269452,,64.8,-0.039083943813473354,0.313626878663838,0.8337407628834633,False,False,False
1785,107.0,2026-08-11,-0.036036036036036,-0.15660145730316766,-0.293516831076284,0.6585123687426793,,54.0,-0.3704267981934771,0.3835156805530893,0.5880994998973058,False,False,False
1802,55.900001525878906,2026-08-11,0.06883369677503448,-0.1292834239393299,-0.1779411540311926,0.12249000767612084,,27.1,-0.2548511211483857,0.44280562637493626,0.729765047511906,False,False,False
1805,9.989999771118164,2026-08-11,0.029896903871691638,0.00301202137111356,-0.030097127560789083,-0.1709543889634637,,27.2,-0.1070070946779822,0.2802538382400335,0.7684615208552434,False,False,False
1806,8.0,2026-08-11,0.0,-0.013824733100687436,0.0031783548266177686,-0.09289437851548243,,39.1,-0.07373161229057534,0.38336267227203014,0.7684724154155314,False,False,False
1808,32.45000076293945,2026-08-11,0.0,0.05357147943995777,0.12283741146255811,0.03674126370320341,,68.9,0.045927444345365,0.9229156175894342,0.7547828233435603,False,False,False
1809,41.95000076293945,2026-08-11,0.11273209320934319,-0.11408527383829914,0.08240612583931983,0.7336277747041116,,87.0,0.0054961587221267205,0.5137882720222222,0.7082858944980054,False,False,False
1810,24.799999237060547,2026-08-11,-0.004016079638624159,-0.053435171187446784,0.33557073038451346,0.2941576123469858,,87.9,0.25866076326732035,0.4277350814496054,0.7262078515067439,False,False,False
1815,88.69999694824219,2026-08-11,0.10736577575466,-0.06236788182922559,-0.15924173508775175,-0.03165940583173932,,17.8,-0.23615170220494486,1.3314061761839158,0.6984251728208046,False,False,False
1817,38.54999923706055,2026-08-11,0.003906190240137164,0.0,0.014546790333342274,0.05387031754023641,,54.8,-0.06236317678385084,0.49390509204773214,0.9910025122085018,False,False,False
2002,19.75,2026-08-11,0.0477453368868368,0.08186591813846977,0.08186591813846977,-0.03834147308236213,,58.7,0.004955951021276661,0.8763383519257545,0.9367686109098697,True,False,False
2006,85.5,2026-08-11,0.036363636363636376,0.217948770895793,0.30534351145038174,0.28107546425693175,,86.8,0.22843354433318863,1.6146178361499073,0.9661016949152542,False,False,False
2007,7.139999866485596,2026-08-11,0.019999980926513672,-0.008333325606805109,-0.012448153852069321,-0.20044797060675468,,27.7,-0.08935812096926243,0.6260266458045277,0.7906976830149121,False,False,False
2008,30.75,2026-08-11,0.006546669981478459,0.04948808193501231,0.14858687713879193,0.06585787152192335,,72.0,0.07167691002159882,0.5246135170132512,0.9824281389627216,False,False,False
2009,40.04999923706055,2026-08-11,0.06657789749120924,0.06835655495776516,-0.018406949381637006,-0.2624642590246532,,21.6,-0.09531691649883012,1.4144124641911284,0.7375357409753468,True,False,False
2010,23.0,2026-08-11,0.10047848898560874,0.08490562133408952,0.08979685531521864,0.1821089838672727,,71.9,0.012886888198025526,1.5537548774767522,0.9736363135763805,False,False,False
2012,15.149999618530272,2026-08-11,-0.013029365340009647,-0.02572350915101107,0.027118618205442147,-0.1242774400778287,,40.8,-0.049791348911750966,0.3974318983856262,0.8420388948938048,False,False,False
2013,41.400001525878906,2026-08-11,0.019704509404544712,0.010989029415274354,0.026693092161277576,0.01833636801661198,,54.2,-0.050216874955915536,0.954554157682164,0.9698440950140985,True,False,False
2014,17.649999618530273,2026-08-11,0.053731320509269986,0.035190639784050015,-0.016713154967022525,-0.05866668701171873,,38.7,-0.09362312208421564,0.8549860081551238,0.8847117264936738,False,False,False
2015,64.5999984741211,2026-08-11,0.012539173144626492,0.033599975585937525,0.03194888256789352,0.03648573812440681,,56.8,-0.04496108454929959,0.7558373612135587,0.9629760502775284,False,False,False
2017,8.899999618530273,2026-08-11,0.03368176230159614,-0.01439646935605643,-0.0022422037659871608,-0.019823822322491247,,44.8,-0.07915217088318027,0.7369677978494853,0.8202764336976631,False,False,False
2020,21.200000762939453,2026-08-11,0.007125963482925712,-0.011655011240463087,-0.04072396393643951,-0.06608337345469728,,34.3,-0.11763393105363262,0.980249481927868,0.888492632123529,False,False,False
2022,7.800000190734863,2026-08-11,0.030383092979905157,-0.01886787699736292,-0.05797096107684119,-0.15309444533898153,,24.7,-0.1348809281940343,0.6788761746821338,0.7942973964496121,False,False,False
2023,13.850000381469728,2026-08-11,0.014652070954489282,-0.02464784735891634,-0.003597067513145036,-0.09771986727836013,,37.9,-0.08050703463033815,0.3907697232628433,0.8549382548891113,False,False,False
2024,13.5,2026-08-11,-0.0036900509248001256,-0.018181818181818188,-0.0109889833496144,-0.1588784646900434,,31.4,-0.08789895046680751,0.4956931057670755,0.6994818929358722,False,False,False
2025,12.699999809265137,2026-08-11,0.05394187620262869,0.0717299072095039,-0.015503861641813055,-0.05223879322333236,,39.5,-0.09241382875900617,1.1969856432131316,0.830065336662924,False,False,False
2027,46.45000076293945,2026-08-11,0.04971753136586332,0.22236844112998555,0.2672848891600865,0.20108334923882953,,84.3,0.1903749220428934,0.9895795413443501,0.982029630278406,False,False,False
2028,15.550000190734863,2026-08-11,0.023026341175108822,-0.006389739950984019,-0.06554321497216287,-0.23004412994813905,,17.2,-0.14245318208935598,0.907173475343661,0.769955870051861,False,False,False
2029,21.299999237060547,2026-08-11,0.04156471601025591,0.046682989571630085,0.07754346735532702,0.010507260015549358,,61.9,0.0006335002381339105,1.2432982910667134,0.9391010312815482,True,True,False
2030,21.149999618530277,2026-08-11,0.2368420553633026,0.2155172461042132,0.20402460973705105,0.23832730363885646,,82.1,0.12711464261985794,2.5488591493722526,1.0,True,True,False
2031,46.09999847412109,2026-08-11,0.18053775607682243,0.16414142046615998,0.27201831646724206,0.2336177752770494,,85.1,0.19510834935004895,3.267030637024173,0.9913978166477653,False,False,False
2032,17.299999237060547,2026-08-11,0.10897428295002753,0.07453408864337407,0.008746333636544312,0.024381715593747133,,51.2,-0.0681636334806488,1.8138433805147793,0.9276139190840307,False,False,False
2033,20.549999237060547,2026-08-11,0.3047618563213046,0.3431371882926444,0.3699999491373698,0.2416918540420696,,88.6,0.29308998202017666,5.016512647584696,0.9383561458910962,True,True,False
2034,20.450000762939453,2026-08-11,0.09946238406063657,0.055795719974633506,0.07427221013299823,-0.03868262178069959,,57.5,-0.0026377569841948834,1.5299811500745397,0.9485847258756835,True,True,False
2035,26.799999237060547,2026-08-11,-0.012891358614636972,-0.028985548309857667,-0.04114495508006433,-0.06944444628409407,,33.7,-0.11805492219725744,0.5299138304218886,0.8786884995757557,False,False,False
2038,13.0,2026-08-11,0.061224489795918435,-0.003831432184220329,-0.047619021003332374,-0.17721519980593337,,24.3,-0.12452898812052549,1.0660235293687552,0.7831325121240154,False,False,False
2049,368.0,2026-08-11,0.10843373493975905,0.10843373493975905,0.015497621982255128,0.4374713828896353,,76.3,-0.061412345134937985,2.3248036499596783,0.9039045110056936,False,False,False
2059,12315.0,2026-08-11,0.29699842022116907,0.5241336633663367,1.3457142857142856,2.842433697347894,,98.8,1.2688043185970925,1.0599528936072855,1.0,True,True,False
2061,63.09999847412109,2026-08-11,0.16851849026150156,-0.06240719743217049,1.901149355132004,2.3743313315353256,,98.9,1.824239388014811,1.0433519396348878,0.7602409454713384,False,False,False
2062,18.75,2026-08-11,-0.025974025974025983,-0.018324626936096156,-0.06015041188212189,-0.1534988567532931,,24.2,-0.137060378999315,0.5237697110275611,0.7800809553007995,False,False,False
2063,24.600000381469727,2026-08-11,0.03797466622607182,0.025000015894572014,-0.015999984741210893,-0.10707800135335221,,34.9,-0.092909951858404,1.132816998198399,0.83531408299408,True,False,False
2064,12.550000190734863,2026-08-11,0.07264960643816565,-0.08058604091842814,-0.019531249708961695,0.04583334922790527,,47.7,-0.09644121682615481,0.6127964827178666,0.8149350975070087,False,False,False
2065,37.5,2026-08-11,0.1811023622047243,0.15384615384615374,0.182965271213537,0.19271225440742623,,80.0,0.1060553040963439,2.380277595675749,1.0,True,True,False
2066,61.59999847412109,2026-08-11,0.011494202474604531,-0.05376344212037654,0.21739131090341535,0.14925373559222255,,80.6,0.14048134378622223,0.7715551802464726,0.8438355955359053,False,False,False
2067,6.449999809265137,2026-08-11,0.0386473059007868,0.0031104170233984263,-0.09410113582345025,-0.3737864378811283,,8.7,-0.17101110294064337,0.23885414219847473,0.5466101444921632,False,False,False
2069,20.049999237060547,2026-08-11,0.08086253701850232,0.11388884650336362,0.05484981749306983,0.016722672633156632,,58.8,-0.022060149624123282,1.937375659209541,1.0,True,True,False
2070,59.0,2026-08-11,0.22406637066621315,-0.01172530576203945,-0.1127819548872181,0.3734501228748215,,60.5,-0.1896919220044112,0.532678961980727,0.7160194042165181,False,False,False
2071,35.400001525878906,2026-08-11,0.021645020691841932,0.07762566728174058,0.7438425052376922,1.2912622629710357,,97.6,0.6669325381204991,0.4593138781686678,0.9792531129089139,False,False,False
2072,152.5,2026-08-11,-0.06727828746177367,0.05536332179930792,-0.12857142857142856,-0.4719817885112252,,3.9,-0.20548139568862167,1.089058193087303,0.5068974744594525,False,False,False
2073,26.850000381469727,2026-08-10,-0.04278070902780429,-0.01847271697879027,0.0790945779095169,0.04381644516270877,,63.9,0.0021846107923237934,0.36718081693755344,0.937451711071282,False,False,False
2101,33.79999923706055,2026-08-11,0.002967313704961727,-0.02170767052276812,0.041602417330692365,-0.05905059598463036,,49.7,-0.03530754978650075,1.2238038536492073,0.7587622140576328,False,False,False
2102,18.799999237060547,2026-08-11,-0.0026525805515809076,-0.018276782686254323,0.024523097887520384,-0.06930700361395337,,45.3,-0.05238686922967273,0.7554411141420919,0.8931116350807909,False,False,False
2103,28.649999618530277,2026-08-11,0.3142202119816848,0.22961375779618565,0.3435403520484521,0.8662683283382635,,93.7,0.266630384931259,2.04027022245511,1.0,True,True,False
2104,10.399999618530272,2026-08-11,0.08446292524028798,-0.014218063459024766,0.03999996185302712,-0.15447158884077028,,40.3,-0.03691000526416599,0.8801112535774679,0.7591240703154524,False,False,False
2105,31.799999237060547,2026-08-11,0.04433492414765938,-0.03196344857938804,0.07629497027534926,0.09027287822001084,,66.6,-0.0006149968418438512,0.2978244608356715,0.8405607637968088,False,False,False
2106,18.899999618530277,2026-08-11,0.03561641745371391,0.07999997820173022,0.1503956071308663,-0.031395399416923486,,68.0,0.07348564001367319,1.0543582786788688,0.9018043197777508,True,True,False
2107,25.5,2026-08-11,0.003937022951636893,-0.015444000942922642,0.06634252091912551,0.07271511902065364,,64.2,-0.010567446198067598,0.5316989829753209,0.9788867849071535,False,False,False
2108,29.75,2026-08-11,0.08378867661693468,0.04569417230926742,0.07400719063529038,0.28513543731820934,,75.1,-0.0029027764819027357,0.9160657591183503,0.9253498783212485,False,False,False
2109,14.649999618530272,2026-08-11,0.01736111157102349,-0.006779686879303637,0.04642854418073372,0.013377933040276568,,57.2,-0.03048142293645939,0.5080316948906842,0.9071855608466445,False,False,False
2114,88.0,2026-08-11,0.0011376390487507493,-0.017857126131349377,0.05656110462471564,0.03308193111369606,,60.3,-0.02034886249247747,0.2984686623546954,0.9723756906077348,False,False,False
2115,23.0,2026-08-11,0.052631560569927904,0.05747126436781613,0.18798641206178268,-0.015939438278856355,,71.9,0.11107644494458957,0.7125496082004781,0.9029567194759438,True,True,False
2201,27.75,2026-08-11,0.02022055961887803,-0.017699115044247815,0.005434768712212712,-0.1273584696297908,,37.1,-0.0714751984049804,0.5898620174813278,0.6401384308367644,False,False,False
2204,51.79999923706055,2026-08-11,0.023715430812773386,-0.029893773151014047,0.047127794687039204,-0.010838191343083392,,55.1,-0.029782172430153908,2.042811760421005,0.8655166140989297,False,False,False
2206,62.0,2026-08-11,0.031614002897139004,0.02223665465173208,0.1150081113374799,0.09072821211586768,,70.2,0.03809814422028679,0.4490327779116347,0.9567900783967346,False,False,False
2207,511.0,2026-08-11,-0.011605415860735047,0.07578947368421063,0.12516969657181165,-0.015216567161738803,,66.2,0.04825972945461854,0.35207526200023687,0.8579192735138857,False,False,False
2208,19.149999618530277,2026-08-11,0.007894716764751397,-0.11751156934354667,-0.04010030645689577,-0.1673913209334662,,26.4,-0.11701027357408889,0.2836124718443727,0.6513605396940341,False,False,False
2211,88.5,2026-08-11,0.023121387283236983,-0.0025257873576487455,-0.01390771009416858,-0.07709419582908794,,37.9,-0.09081767721136169,1.4523435842349108,0.7856140027217762,False,False,False
2221,49.09999847412109,2026-08-11,0.10337075222744008,0.045935183445592775,0.21690546986163417,0.6436126028513287,,89.9,0.13999550274444106,0.3012345784088982,0.840753376562213,False,False,False
2227,49.0,2026-08-11,-0.01705112337289938,-0.018036102171502977,-0.031620524157513374,-0.09594097213546682,,33.0,-0.10853049127470649,0.6556380559513114,0.8361774961758637,False,False,False
2228,74.19999694824219,2026-08-11,-0.06075953230073183,-0.07745992628627885,-0.08285493563462143,-0.194081131329363,,17.4,-0.15976490275181454,1.1098482419882498,0.6298466426705771,False,False,False
2230,27.200000762939453,2026-08-11,0.12164951599750329,0.15991470695073606,-0.06339139698223151,-0.6862150406067213,,2.8,-0.14030136409942462,0.9991310819917149,0.2592009709171264,True,False,False
2231,103.0,2026-08-11,0.09341829444636729,-0.0964912280701754,-0.07623318385650224,0.08879494356627093,,41.5,-0.15314315097369535,0.495817943318665,0.6983050847457627,False,False,False
2233,201.0,2026-08-11,-0.014705882352941124,-0.15286727344870898,-0.2867024992175392,-0.2233281911869066,,3.0,-0.3636124663347323,0.9571812908583595,0.5384788960115218,False,False,False
2235,27.549999237060547,2026-08-11,-0.014311324327736408,-0.0588817633123927,-0.04340284228048685,-0.18082947788742165,,24.7,-0.12031280939767997,0.28714492135130576,0.7118862711610963,False,False,False
2236,136.0,2026-08-11,-0.007299270072992692,-0.2183908045977011,-0.021582733812949617,0.18777292576419224,,60.1,-0.09849270093014273,0.9442778295744175,0.7371273712737128,False,False,False
2237,27.049999237060547,2026-08-11,-0.1546875238418579,,,,,,,,,False,False,False
2239,19.200000762939453,2026-08-11,-0.039999961853027344,-0.08788591644526023,-0.11724134423266885,-0.33333328918174343,,8.4,-0.19415131134986197,1.1715756534267854,0.497409365853003,False,False,False
2241,33.349998474121094,2026-08-11,-0.03612716922328574,-0.17654324755256556,0.0015014786248073175,0.02773490570174375,,50.3,-0.0754084884923858,0.4159649842773574,0.6463178189985237,False,False,False
2243,40.29999923706055,2026-08-11,-0.06928406588590175,-0.19238480952429737,0.8571427566900032,2.5196506470201423,,98.6,0.7802327895728101,0.2063028891400863,0.610606049046372,False,False,False
2245,25.049999237060547,2026-08-11,0.04811713961864017,0.018073983808847283,0.0516368400001761,0.021696976391943457,,58.7,-0.025273127117017014,0.04550475019930906,0.8833749144768296,False,False,False
2247,229.0,2026-08-11,0.022321428571428603,0.02043883834165805,0.12708802664082586,-0.13569388298334906,,57.9,0.050178059523632745,0.42085966656039603,0.7796462315659457,False,False,False
2248,56.900001525878906,2026-08-11,-0.020653992766913487,0.017889087168218687,0.10610253536066483,0.25127847978831275,,76.0,0.029192568243471717,0.7892529621977329,0.8621212352405895,False,False,False
2249,101.0,2026-08-11,-0.0049261083743842304,-0.06644091897616966,-0.11786578281806037,-0.19308655544517628,,14.7,-0.19477574993525348,0.9496702887240618,0.7488621071001281,False,False,False
2250,59.70000076293945,2026-08-11,0.03645837403558039,-0.0815384498009315,-0.03864730708780584,-0.20399998982747392,,23.3,-0.11555727420499895,0.35626451833279854,0.5881773474181227,False,False,False
2252,17.549999237060547,2026-08-11,0.07339442370599825,-0.05135139259132182,-0.11809047369435532,0.08668728492872124,,34.1,-0.19500044081154844,0.24050861096067297,0.6168716613857581,False,False,False
2254,60.900001525878906,2026-08-11,-0.001639319247886739,0.025252524603833315,-0.001639319247886739,0.025252524603833315,,49.4,-0.07854928636507985,0.10860271696737006,0.7073171034280971,False,False,False
2255,15.050000190734863,2026-08-11,0.01006715275469161,-0.12753622082696447,-0.18648647617649383,-0.29836831443205736,,5.2,-0.26339644329368694,1.4444098757463288,0.5,False,False,False
2256,81.9000015258789,2026-08-11,0.36500002543131504,0.2600000234750601,-0.0012194935868425905,1.3912409204636176,,93.1,-0.0781294607040357,3.143218923591232,0.834012261416317,False,False,False
2258,31.149999618530277,2026-08-11,0.038333320617675914,-0.011111123221261066,0.07228917165652304,-0.18880212550154818,,43.2,-0.0046207954606700685,0.600152690876988,0.7160919452535696,False,False,False
2301,268.5,2026-08-11,0.06547619047619047,0.20945945945945943,0.2695035460992907,0.6366668703615808,,90.7,0.1925935789820976,1.5725940431223506,0.988950276243094,False,False,False
2302,46.04999923706055,2026-08-11,0.09904528782936817,0.05740528229154429,0.7842044431700781,1.2684260639544287,,97.7,0.707294476052885,0.5794689353605282,0.8312274001571875,True,False,False
2303,123.0,2026-08-11,0.03797468354430378,-0.19869706840390877,0.2713928224100246,0.8290213899393395,,92.9,0.1944828552928315,0.704750997122102,0.7008686553800388,False,False,False
2305,27.25,2026-08-11,-0.16411039032311892,-0.31186866035340655,0.6220238831848819,0.9963370521276302,,96.8,0.5451139160676888,1.0884940838709365,0.6389214308343087,False,False,False
2308,1805.0,2026-08-11,0.1141975308641976,-0.044973544973545,-0.16192221667656082,0.4457676768861929,,58.2,-0.23883218379375393,1.0310043603308272,0.7200152470333973,False,False,False
2312,32.849998474121094,2026-08-11,0.01702784055887796,-0.039473750254452544,0.1480763182653675,0.21708635510943686,,78.1,0.07116635114817438,0.26871399989057515,0.7697931137930902,False,False,False
2313,211.5,2026-08-11,0.06549118387909325,-0.09999999999999998,-0.09869734771486871,0.2000490379081037,,47.3,-0.17560731483206182,0.669375485823002,0.7156071522386679,False,False,False
2314,11.5,2026-08-11,-0.04564316863312201,-0.14814814814814814,-0.1187739592398872,-0.46759260199524555,,4.4,-0.19568392635708032,0.3414663585268671,0.4103836320060072,False,False,False
2316,172.0,2026-08-11,0.12786885245901636,-0.07277628032345018,0.21873617092635023,0.8090614105062277,,91.7,0.14182620380915711,0.42636799375196494,0.7405965971637709,False,False,False
2317,263.0,2026-08-11,0.052000000000000046,0.11205073995771664,0.07901218492234796,0.20907173057937212,,72.2,0.002102217805154849,0.7313876840552644,0.8764791630371229,False,False,False
2321,15.600000381469728,2026-08-11,0.04000002543131531,0.02631582744894323,0.19083968909926985,-0.01577287028284713,,72.1,0.11392972198207674,1.323555680910074,0.7761194072340134,False,False,False
2323,10.199999809265137,2026-08-11,-0.00970877472018683,-0.06849315187799376,-0.023923445412730615,-0.0511628084404524,,38.4,-0.10083341252992373,0.37854505601164534,0.7786259169651084,False,False,False
2324,36.29999923706055,2026-08-11,-0.01891893953890411,-0.009549857414636653,0.15974441283946694,0.1828140311192894,,77.7,0.08283444572227383,0.33913890511472283,0.7715196562313141,False,False,False
2327,617.0,2026-08-11,0.09010600706713778,-0.24387254901960786,0.47958837028525125,1.24341927139508,,96.6,0.40267840316805814,1.0564006072205918,0.5412280701754386,False,False,False
2328,46.09999847412109,2026-08-11,0.07584597702991314,-0.049484567543895075,-0.08801783509360472,-0.10878401185019748,,22.8,-0.16492780221079784,0.4276353535866665,0.7575335955138865,False,False,False
2329,44.5,2026-08-11,0.028901734104046284,-0.12055333316345607,-0.20697947858396026,-0.24899383823088317,,5.4,-0.2838894457011534,0.2714748906467954,0.6489380651585573,False,False,False
2330,2395.0,2026-08-11,0.032327586206896575,-0.018442622950819665,0.08170703804475177,0.334750275507085,,77.6,0.004797070927558655,0.6851585623836609,0.954183266932271,False,False,False
2331,19.200000762939453,2026-08-11,-0.0051812682939942345,-0.08133965964686318,-0.04477609957460438,-0.30181815407492896,,15.8,-0.12168606669179749,0.38088666814690736,0.641068456555694,False,False,False
2332,22.600000381469727,2026-08-11,-0.05241090062921716,-0.1290944232361656,0.655677729894554,0.39938086162793573,,94.9,0.5787677627773609,1.3935742726056135,0.8709055767638344,False,False,False
2337,132.5,2026-08-11,0.10416666666666674,-0.03985507246376807,-0.21130952380952384,0.4386536611857901,,48.8,-0.28821949092671695,1.4659303881216037,0.7142857142857143,False,False,False
2338,39.900001525878906,2026-08-11,0.025706939865663747,-0.14193545105636762,-0.17901228850603412,-0.002499961853027366,,17.3,-0.25592225562322723,0.2333322253040907,0.6891191791773141,False,False,False
2340,31.049999237060547,2026-08-11,-0.02050477950268137,-0.16644297350173032,-0.1375000211927626,0.2034883781104384,,40.6,-0.21440998830995572,0.49010749244932217,0.7129735885422784,False,False,False
2342,37.04999923706055,2026-08-11,0.009536742965807532,-0.25452718977243605,-0.09634148202291348,0.10267859879805252,,38.8,-0.1732514491401066,0.24193024953348172,0.6258445736415377,False,False,False
2344,178.0,2026-08-11,0.13375796178343946,0.06586826347305386,0.459016393442623,0.3763994625799396,,92.1,0.3821064263254299,0.9596766525862062,0.8018018018018018,False,False,False
2345,2135.0,2026-08-11,-0.07974137931034486,-0.10523918871783822,-0.11626293829314371,0.8392305356149852,,81.2,-0.19317290541033683,1.067534112684063,0.782509013659207,False,False,False
2347,91.0,2026-08-11,-0.029850777832201025,0.10303030303030303,0.14962472904058433,0.4301467628135165,,84.1,0.07271476192339121,0.6485109748404974,0.9371781815656068,False,False,False
2348,70.5,2026-08-11,0.039822962045901855,0.035697157266974644,0.1329320298479557,0.009443828935717047,,68.4,0.0560220627307626,0.749764588404739,0.762154241495128,False,False,False
2349,11.050000190734863,2026-08-11,0.023148147739337155,-0.10526317008746167,-0.12301588442920863,-0.20216607318517166,,13.8,-0.19992585154640174,0.25853881118896793,0.6779141538614919,False,False,False
2351,169.5,2026-08-11,0.024169184290030232,-0.18944573285669664,-0.06251829246679508,0.8545834289840437,,84.1,-0.1394282595839882,0.4691156255383143,0.7450727854959289,False,False,False
2352,28.899999618530277,2026-08-11,0.0,-0.03603247732005477,0.13839974382870324,0.16730441677355334,,75.5,0.061489776711510125,0.4647221630100174,0.7814047719980074,False,False,False
2353,31.049999237060547,2026-08-11,0.06884681764289002,-0.028169061170191467,0.13510734581459394,0.24994304704417813,,78.4,0.058197378697400826,0.41844389031188267,0.7401736316978332,True,False,False
2354,62.70000076293945,2026-08-11,0.11964287076677604,0.10777389493406853,0.061910080607699536,0.09622351651535399,,65.2,-0.014999886509493576,3.144376103211943,0.844796102402898,False,False,False
2355,42.5,2026-08-11,0.07594936708860756,-0.11267560427367018,-0.15159335159737253,0.16528136937965154,,35.0,-0.22850331871456564,0.20306010925678145,0.6496008679754245,False,False,False
2356,65.0999984741211,2026-08-11,-0.01363638675574097,0.03879768188817789,0.27292067774238227,0.49190260271205055,,89.5,0.19601071062518916,0.36187034974492926,0.7870047904912912,False,False,False
2357,839.0,2026-08-11,0.04094292803970223,0.19176136363636354,0.3462341379295486,0.7604599933673029,,93.4,0.2693241708123555,0.7315801772196198,0.9587037342099416,True,False,False
2359,140.5,2026-08-11,0.06439393939393945,-0.05067567567567566,0.13214489248518246,0.03297894431344339,,69.5,0.05523492536798935,1.8456465130239748,0.8499585950393617,False,False,False
2360,2080.0,2026-08-11,0.08051948051948044,0.12432432432432439,-0.12782010306850966,1.066593755050322,,85.6,-0.20473007018570277,0.9211273019382274,0.7990829334798499,False,False,False
2362,47.29999923706055,2026-08-11,0.05816551296967187,0.12218262217664888,0.2743588565621444,0.2859590147468132,,86.1,0.19744888944495131,2.227802112518685,0.9256360205375544,False,False,False
2363,57.0,2026-08-11,0.10894938342174187,-0.1297709923664122,-0.04841404761277013,0.03074142470873964,,41.1,-0.12532401472996324,0.4063329554900634,0.7490144696833821,False,False,False
2364,76.0,2026-08-11,0.07193227594303453,0.09668104838665292,0.06891704122416265,0.1968503937007875,,70.9,-0.007992925893030467,0.9308457965804969,0.8372881085254181,False,False,False
2365,31.049999237060547,2026-08-11,0.05076142263038541,-0.03576927751620029,-0.09820150408860873,-0.25386910799383877,,13.6,-0.17511147120580184,0.3087141352164407,0.6193181602024653,False,False,False
2367,44.75,2026-08-11,0.10630405824368316,-0.10895204025966965,-0.26473985511965314,-0.10718415375593693,,6.0,-0.34164982223684626,0.3437751066670887,0.5754210315600641,False,False,False
2368,964.0,2026-08-11,0.0746934225195095,-0.07751196172248809,-0.28087242125016987,0.4029222632150935,,33.2,-0.357782388367363,2.158781353190705,0.6493794043027957,False,False,False
2369,33.099998474121094,2026-08-11,-0.0030121170638643946,-0.1956258263245806,0.08702783726714847,0.1758436562227299,,71.6,0.010117870149955355,0.32409407691159464,0.7429853881251169,False,False,False
2371,25.950000762939453,2026-08-11,0.027722802492651688,-0.07651244090188947,-0.13499997456868484,-0.35767327270231064,,6.4,-0.21190994168587796,0.5807925849437982,0.5993071875328996,False,False,False
2373,53.400001525878906,2026-08-11,-0.0018691303574036588,-0.007434901800260629,0.013964448455025869,0.039821434487377294,,53.6,-0.06294551866216724,0.4211119646026789,0.9708537006311854,False,False,False
2374,71.0999984741211,2026-08-11,0.05489609591212741,-0.05827816590568091,-0.11013770818148949,-0.24493366364582414,,13.1,-0.1870476752986826,0.5159550151680667,0.7487609057488124,False,False,False
2375,128.5,2026-08-11,0.06361339095273078,-0.2985901216480772,0.35167534211099283,0.36590345629835275,,89.8,0.2747653749937997,0.386224995484216,0.5581111144910418,False,False,False
2376,350.5,2026-08-11,0.05572289156626509,0.08334266367102305,0.15936671024442806,0.5303641502117957,,86.3,0.08245674312723494,0.6450196174483277,0.9109310128930561,True,False,False
2377,154.0,2026-08-11,0.030100334448160515,0.030100334448160515,0.33333333333333326,0.6435432765816009,,92.3,0.25642336621614015,0.5479907642768033,0.9935483870967742,False,False,False
2379,772.0,2026-08-11,0.06777316735822958,0.021164021164021163,0.39855072463768115,0.5107632093933463,,92.3,0.32164075752048804,0.5142972246896066,0.8577777777777778,True,False,False
2380,19.299999237060547,2026-08-11,0.026595745760156664,-0.02030464519734476,-0.07965055899900242,0.06547438225173541,,38.6,-0.15656052611619553,0.5359462680637632,0.7625752947127452,False,False,False
2382,315.5,2026-08-11,0.04991680532445919,-0.1297099758332837,-0.03386304827337305,0.1624368313205109,,56.3,-0.11077301539056617,0.5369006747859585,0.7888959558634162,False,False,False
2383,5535.0,2026-08-11,0.0768482490272373,0.08000000000000007,0.12271805273833669,2.0921787709497206,,96.9,0.04580808562114358,0.9482882080315894,0.9103618421052632,True,False,False
2385,104.5,2026-08-11,0.004807692307692291,-0.014150943396226467,-0.1463308620578544,-0.05877502295507431,,17.7,-0.2232408291750475,0.7644603330038515,0.7516950014812158,False,False,False
2387,37.150001525878906,2026-08-11,-0.00933329264322913,-0.043757966924363956,-0.026212318741891893,0.07113132977611247,,49.0,-0.103122285859085,0.8633871421543075,0.8540230235834231,False,False,False
2388,79.19999694824219,2026-08-11,-0.0136987056252863,0.12981453170046153,0.05947420353445798,0.45677702056746927,,80.4,-0.01743576358273513,0.7317645588449534,0.9005531327460468,False,False,False
2390,10.399999618530272,2026-08-11,0.004830843982388755,-0.14403292633285603,0.09358563283158605,-0.028037401503044346,,61.3,0.01667566571439294,0.35029620293784547,0.7732341833466906,False,False,False
2392,39.59999847412109,2026-08-11,0.13629842777546308,0.09385676821439892,0.06665347337132643,0.01611389196730917,,60.5,-0.01025649374586668,0.9592907232454051,0.7025200479973048,True,False,False
2393,64.19999694824219,2026-08-11,0.1165216860563858,0.0024373502119636736,-0.04981598899366668,0.22166520627523822,,58.3,-0.1267259561108598,0.7897938574455948,0.9385964256733582,False,False,False
2395,661.0,2026-08-11,0.14756944444444442,0.2597311157362747,0.4536402367176833,1.2138225517775618,,96.4,0.37673026960049016,1.6121172582823402,0.9910044977511244,False,False,False
2397,67.69999694824219,2026-08-11,0.1815008350725269,0.14358101479322838,0.20250888407265966,0.159139658672238,,80.1,0.12559891695546654,2.7997297802094665,0.852925480685126,False,False,False
2399,42.45000076293945,2026-08-11,0.06524472743723764,-0.03522725538773974,-0.11838007439887421,0.7221095910698629,,77.1,-0.19529004151606733,0.8606624950044133,0.7718181956898083,False,False,False
2401,27.399999618530277,2026-08-11,0.009208103260132994,-0.14106583240791049,0.09819634391474796,0.2232142895156024,,74.5,0.02128637679755485,0.20443337151068192,0.7851002412768591,False,False,False
2402,55.59999847412109,2026-08-11,0.0334572353640592,-0.0723776422941449,-0.1514982902131733,0.04715274750317766,,25.6,-0.2284082573303664,0.2425553376841839,0.7425754710944291,False,False,False
2404,1150.0,2026-08-11,0.03603603603603611,-0.0350017746469784,0.15799784670025074,0.24941869498158953,,80.2,0.08108787958305763,0.4038006176706643,0.8570019849464283,False,False,False
2405,15.949999809265137,2026-08-11,-0.015432156907439154,-0.0726744708272149,0.0659982756421742,-0.03932488234810949,,56.1,-0.010911691475018914,0.2016859127224478,0.7393214105609949,False,False,False
2406,31.75,2026-08-11,0.01437702153061493,-0.14535669728350442,-0.03933431972981094,0.0910652777935268,,48.2,-0.11624428684700405,0.2881470704741474,0.7595693918541975,False,False,False
2408,489.0,2026-08-11,0.12155963302752304,0.15602836879432624,0.528260544043156,0.6517564267378022,,94.9,0.4513505769259629,0.9874796395303895,0.9714289802147654,False,False,False
2409,26.100000381469727,2026-08-11,0.06748464486885797,-0.09234075952648346,0.3143084336775428,0.9238428332905,,93.6,0.23739846656034969,0.6171318919361368,0.8118970215943134,False,False,False
2412,136.0,2026-08-11,-0.00366300366300365,0.01872659176029967,0.027387759199999806,0.058170996634661076,,57.6,-0.049522207917193306,0.5003872678402159,0.9642717618488182,False,False,False
2413,44.25,2026-08-11,0.10763452202608059,-0.032786885245901676,0.006825921088800424,0.04240280812037156,,52.6,-0.07008404602839269,0.3106073439668076,0.708,False,False,False
2414,51.900001525878906,2026-08-11,-0.12919458297613207,-0.14157673121021563,0.13625317933605907,0.3357903001682738,,81.3,0.05934321221886596,1.907370902908129,0.8477926584566098,False,False,False
2415,30.149999618530277,2026-08-11,-0.02741936714418458,-0.167127099914401,0.13133208443149025,0.14857141403924867,,74.1,0.054422117314297136,0.3190336623622628,0.7238895201431579,False,False,False
2417,43.79999923706055,2026-08-11,0.07090458687016699,-0.0331125833391368,-0.10138567888936567,0.099428306055666,,38.1,-0.17829564600655878,0.9980927248446501,0.773850606532735,False,False,False
2419,24.649999618530277,2026-08-11,0.008179912038856596,-0.10036496490095603,-0.16156462794666715,-0.19967531723605347,,10.6,-0.23847459506386026,0.27222764857984405,0.6529801223451729,False,False,False
2420,57.09999847412109,2026-08-11,0.05156536420629454,-0.06085527646987421,0.01420957811548118,0.11523432857939087,,60.1,-0.06270038900171193,0.7846387609909254,0.8744256631789546,False,False,False
2421,151.5,2026-08-11,0.11808118081180807,0.09782608695652173,0.06914709583145107,0.030460785070753005,,62.1,-0.007762871285742046,1.3555778358408501,0.8265437594668471,False,False,False
2423,72.9000015258789,2026-08-11,0.005517262425915881,-0.0689655340410319,0.12652114826260852,0.5050322895665322,,84.8,0.049611181145415406,0.6759482305747642,0.8596697983770623,False,False,False
2424,8.649999618530273,2026-08-11,0.05745712662835811,-0.09989594926571543,-0.6614481457211413,-0.7940476281302316,,0.1,-0.7383581128383344,0.12222659813969798,0.10894205859317234,False,False,False
2425,45.95000076293945,2026-08-11,-0.08466135329499036,0.04313283901899312,0.37081184881407947,0.5693109626550639,,92.4,0.29390188169688636,2.285392369508922,0.8686200271744892,False,False,False
2426,64.69999694824219,2026-08-11,0.06414470000197636,-0.035767534731085404,-0.04738444491648841,2.5205357298534645,,97.2,-0.12429441203368152,1.0014127823572219,0.6832101270668851,False,False,False
2427,21.700000762939453,2026-08-11,-0.029082756484835937,-0.11891170236089887,0.05315965948758716,-0.13257195896596197,,44.6,-0.02375030762960595,0.2890181694313202,0.7509947484726528,False,False,False
2428,231.5,2026-08-11,0.02433628318584069,-0.21658206429780036,0.14039408866995085,0.35380116959064334,,81.7,0.06348412155275773,0.25438327552007317,0.6739446870451238,False,False,False
2429,31.75,2026-08-11,0.024193548387096753,-0.26927504159951443,-0.3533604687027775,-0.5282318193123661,,0.5,-0.4302704358199706,0.4723904932266177,0.21026490066225165,False,False,False
2430,17.100000381469727,2026-08-11,0.023952071871634395,-0.04999997880723739,-0.11398958251595703,-0.21578606964651892,,14.0,-0.19089954963315015,0.6055314801516137,0.7005231190424974,False,False,False
2431,10.449999809265137,2026-08-11,-0.004761922927129847,-0.04566210125199588,0.0,-0.3169934850332038,,20.0,-0.07690996711719311,0.45067093410881753,0.5920679906584222,False,False,False
2432,28.399999618530277,2026-08-11,0.001763641495159618,0.014285700661795575,0.1319257360553272,0.21687761568211594,,76.7,0.05501576893813409,0.9048950812465125,0.9388429033993239,False,False,False
2433,41.900001525878906,2026-08-11,0.0011948160951245068,-0.0023809160505022797,-0.02113773782260986,-0.041136009108297955,,39.4,-0.09804770493980297,0.33219421031395907,0.9007510527235995,False,False,False
2434,49.0,2026-08-11,-0.10420476569355619,-0.28257689881993486,0.5654952458267759,0.6526138492553843,,95.3,0.4885852787095828,1.250195636922098,0.539647558955136,False,False,False
2436,67.0,2026-08-11,0.13559322033898313,0.03076923076923066,-0.05377534180922816,0.257028378034456,,60.6,-0.13068530892642127,1.400775912735766,0.8557162543159385,False,False,False
2438,19.25,2026-08-11,0.0937499762936076,-0.03266329803971535,-0.09624409908398912,-0.14062498536493084,,18.9,-0.17315406620118223,0.2984493853291631,0.652542372881356,False,False,False
2439,81.9000015258789,2026-08-11,0.008620746354004227,-0.05862067211633437,-0.027315861113119677,-0.2048543541176805,,25.4,-0.10422582823031279,0.7871995442632248,0.7247787745653,False,False,False
2440,15.75,2026-08-11,0.022727298061006707,-0.05970149253731338,-0.09482756636230572,0.0031847255632038163,,30.9,-0.17173753347949883,0.28333219941687876,0.7682926829268293,False,False,False
2441,124.0,2026-08-11,0.03765690376569042,-0.09818181818181815,0.274409004222121,0.3492926870635773,,86.9,0.1974990371049279,0.9296190565749739,0.8551724137931035,False,False,False
2442,19.5,2026-08-11,0.020942387986460087,0.01298701298701288,0.06557381491630077,-0.08878503048593822,,51.3,-0.011336152200892347,0.7437067580877749,0.6622302997546728,False,False,False
2444,11.199999809265137,2026-08-11,0.02752295424165485,-0.08196721439623,-0.1884058221401571,-0.16417909491749927,,9.5,-0.2653157892573502,0.4383743254926327,0.7466666539510091,False,False,False
2449,246.0,2026-08-11,0.0020366598778003286,-0.15541887815449051,-0.1498806225996252,-0.1498806225996252,,13.7,-0.2267905897168183,0.5826298742561512,0.7324474767954006,False,False,False
2450,28.25,2026-08-11,-0.00877192982456143,-0.022491336578202126,0.004623014114040425,0.025408376853883974,,50.8,-0.07228695300315269,0.7333947991992786,0.9455275540133481,False,False,False
2451,286.0,2026-08-11,0.005272407732864748,0.13267326732673257,-0.08886761882863758,0.15034861278789635,,44.5,-0.1657775859458307,1.1580883852541928,0.819643209168874,False,False,False
2453,52.20000076293945,2026-08-11,-0.009487665896802389,-0.04220182086349622,0.018769702302132707,-0.06453682294296836,,44.6,-0.058140264815060405,0.26711284254513346,0.8593377846597227,False,False,False
2454,4020.0,2026-08-11,0.040103492884864256,0.050980392156862786,0.1570870273372098,1.2719208276035445,,94.2,0.0801770602200167,0.7151890244978483,0.871555879304433,True,False,False
2455,367.5,2026-08-11,0.04107648725212454,0.11702127659574457,-0.010706534678062263,1.1637178767203098,,90.4,-0.08761650179525537,1.694289995985731,0.8333237606580205,False,False,False
2457,23.25,2026-08-11,0.010869565217391353,-0.15913199563234415,-0.07738098031358931,-0.24390243902439024,,15.6,-0.15429094743078242,0.22606614614315848,0.6031128524030762,False,False,False
2458,145.5,2026-08-11,-0.07619047619047614,-0.20491803278688525,0.021052631578947434,0.2694535970892593,,69.9,-0.05585733553824568,0.9788565126737088,0.7698412698412699,False,False,False
2459,65.80000305175781,2026-08-11,0.029733982480570464,0.020155086073764483,0.06846502162967782,0.03532216269917954,,62.2,-0.008444945487515287,0.5514757318775683,0.9791667565466906,False,False,False
2460,31.350000381469727,2026-08-11,0.027868864966220652,-0.06278027903055827,-0.11063828705050416,0.3780219947898782,,61.1,-0.18754825416769727,0.3171741751589362,0.7750308971611392,False,False,False
2461,17.25,2026-08-11,0.023738849226980552,0.017699069236414733,0.06153846153846154,0.045454545454545414,,62.0,-0.01537150557873157,0.4250374354357867,0.8582089389362821,False,False,False
2462,19.649999618530277,2026-08-11,-0.0075757386015201655,-0.1027397278169907,-0.02124636230492838,-0.2227544055446652,,25.0,-0.09815632942212149,0.3178315134606139,0.7116611191145839,False,False,False
2464,187.5,2026-08-11,0.15740740740740744,0.12951807228915668,0.6666666666666667,1.648304970593427,,97.9,0.5897566995494736,1.5214106132509586,0.9422110552763819,True,False,False
2465,86.9000015258789,2026-08-11,0.11410258366511417,0.011641443332206736,0.04572807607139984,0.568592042101036,,82.8,-0.031181891045793275,2.069463588187514,0.9284188348561284,False,False,False
2466,92.0,2026-08-11,-0.03259725051378082,-0.08457711442786064,0.8642351133656949,0.5672912913841845,,96.8,0.7873251462485018,1.0094815206374153,0.7540983606557377,False,False,False
2467,532.0,2026-08-11,0.05765407554671964,-0.10588235294117643,-0.14209392245399488,1.0896855691732652,,85.4,-0.219003889571188,0.5391963521367408,0.8039658298141006,False,False,False
2468,34.599998474121094,2026-08-11,0.0406014578683036,-0.08947372436523438,0.03437960194176637,-0.1328321516058154,,41.4,-0.04253036517542674,0.289575314050753,0.5701418134872858,False,False,False
2471,50.09999847412109,2026-08-11,0.02874738581620373,0.013406670602981396,0.051235152361858605,0.028997493596880197,,59.3,-0.025674814755334507,0.5153228151666354,0.9764209904937078,True,False,False
2472,244.5,2026-08-11,0.03601694915254239,-0.2871720116618076,0.047109207708779355,1.1928251121076232,,92.0,-0.029800759408413757,0.3958719745068147,0.5391400220507166,False,False,False
2474,206.0,2026-08-11,0.13812154696132595,0.07012987012987004,0.053488652833200145,0.053488652833200145,,61.4,-0.023421314283992967,0.5273048117925292,0.8300834620128007,True,False,False
2476,124.5,2026-08-11,0.04621848739495804,-0.015810276679841917,0.05063291139240511,0.4228571428571428,,78.6,-0.026277055724788,0.41797768756141707,0.9154411764705882,False,False,False
2477,21.950000762939453,2026-08-11,0.013856866036727533,0.03537735721741586,0.05783136206937134,-0.07982983269120136,,50.9,-0.019078605047821773,0.9135105367572582,0.8558934758597536,False,False,False
2478,121.0,2026-08-11,-0.004115226337448541,-0.25993883792048933,0.512385046874775,0.7940170819318499,,95.6,0.43547507975758193,0.8524663109215687,0.5055866103442731,False,False,False
2480,153.0,2026-08-11,0.013245033112582849,-0.06422018348623848,0.08434715259337966,0.15845722781071525,,70.4,0.0074371854761865475,0.4879034109664808,0.887193133571257,False,False,False
2481,141.5,2026-08-11,0.08846153846153837,-0.26302083333333337,0.16942148760330578,0.4673492100651706,,85.5,0.09251152048611266,0.7218620001148236,0.621978021978022,False,False,False
2482,16.0,2026-08-11,-0.01538461538461533,-0.11575310597143862,-0.009643470336497262,-0.12536441811181864,,34.5,-0.08655343745369037,0.3704165181476025,0.7315134026947531,False,False,False
2483,35.04999923706055,2026-08-11,-0.11489897506016322,-0.42728760130529964,0.5107757795012975,0.7777157569304749,,95.4,0.4338658123841044,0.5770395836063765,0.5014305933038367,False,False,False
2484,73.30000305175781,2026-08-11,0.048640936361355136,-0.130486353520608,0.9340369419697003,1.4072249988568437,,98.0,0.8571269748525072,0.6210191121834251,0.760373463604979,False,False,False
2485,42.95000076293945,2026-08-11,0.052696116815756255,-0.13319876035809652,-0.3608630548596634,0.052696116815756255,,5.3,-0.4377730219768565,0.5022157335263562,0.5269938743918952,False,False,False
2486,230.5,2026-08-11,0.042986425339366585,-0.0816733067729084,-0.09441277357118083,0.8040996020806197,,81.5,-0.17132274068837394,0.8662441291290638,0.7521978537980194,False,False,False
2488,50.29999923706055,2026-08-11,0.04248703081990768,0.023397714658790703,0.030489923062453128,0.14449693179859313,,64.3,-0.046420044054739984,0.6758358583866354,0.970424943147111,False,False,False
2489,32.75,2026-08-11,0.08803985332045627,-0.14379084967320266,-0.186290288872475,0.5889460259627433,,64.7,-0.2632002559896681,0.6930438993147711,0.5948001708769053,False,False,False
2491,34.20000076293945,2026-08-11,0.2930056626258759,-0.02564096154719786,0.6094118006089155,0.8895027647597431,,96.3,0.5325018334917224,0.6181303070285498,0.7772727446122603,False,False,False
2492,300.5,2026-08-11,0.1579961464354529,-0.28281622911694515,0.5104764663003114,1.1501446144268543,,96.5,0.4335664991831183,3.1163807420035265,0.4896196078879862,False,False,False
2493,239.5,2026-08-11,0.08863636363636362,-0.06990291262135917,0.9066784093876981,1.1609022060560137,,97.9,0.829768442270505,1.0000223121234635,0.7491571674487792,False,False,False
2495,38.84999847412109,2026-08-11,0.035999959309895635,-0.16312467603243164,0.1174054909502531,0.10035762751419686,,71.0,0.04049552383305999,0.21981899989267759,0.7373214631672804,False,False,False
2496,59.20000076293945,2026-08-11,-0.011686156011816218,-0.03267973815469505,-0.08923075749323917,-0.12245858673248688,,21.5,-0.16614072461043228,1.4016092707237582,0.8725905386640613,False,False,False
2497,47.54999923706055,2026-08-11,0.028108091612119912,-0.1976939960351175,-0.16233820256703946,-0.045906373663383016,,16.8,-0.23924816968423257,0.44921287290547945,0.7398509702921121,False,False,False
2498,40.5,2026-08-11,0.009975100775553747,-0.07534244964708392,0.020977049242126178,-0.10019389742641382,,41.9,-0.055932917875066934,0.3898659373642211,0.5495460027025855,False,False,False
2501,22.450000762939453,2026-08-11,0.008988798334357506,0.006726526054297688,0.05381167244190754,0.049138504723512444,,61.1,-0.02309829467528557,0.4501346741205725,0.8762249004833496,False,False,False
2504,30.950000762939453,2026-08-11,0.006504089851689487,-0.008012820316881553,-0.03077381713586491,-0.06475790998670805,,36.1,-0.10768378425305802,0.7255276957995542,0.8408923078166792,False,False,False
2505,18.149999618530277,2026-08-11,0.01966294362198684,0.01396648074456941,0.00833331214057087,-0.032000020345051894,,45.9,-0.06857665497662224,0.652009429305255,0.9074999809265138,True,False,False
2506,8.569999694824219,2026-08-11,0.0011681395697837882,-0.013961217231694634,0.01928894857671759,-0.02275526306603104,,48.6,-0.05762101854047552,0.7151680885967903,0.8594005433956203,False,False,False
2509,13.5,2026-08-11,0.018867924528301883,0.022727287505283966,0.02661599936296022,-0.08783784959331908,,43.9,-0.05029396775423289,0.6936436237347738,0.7563025048455737,False,False,False
2511,8.25,2026-08-11,-0.02941176470588236,0.006403309743661767,0.11096467914597485,0.005220650573379171,,65.7,0.03405471202878174,0.696083834030044,0.9004661302714456,False,False,False
2514,12.199999809265137,2026-08-11,-0.027888476187284628,-0.04313726986155786,-0.07224333359876656,-0.20521175856172758,,17.8,-0.14915330071595967,0.6153108716481381,0.7795527224690673,False,False,False
2515,12.050000190734863,2026-08-11,0.004166682561238533,-0.06268846333793932,-0.05215682326648774,-0.09938038900442625,,29.5,-0.12906679038368085,0.5431492546525689,0.6914593530282201,False,False,False
2516,14.100000381469728,2026-08-11,0.014388544491241051,0.029197122465218994,0.0846154139592099,-0.030927821537190425,,59.8,0.007705446842016794,0.38401657170159464,0.8895899080200699,False,False,False
2520,34.45000076293945,2026-08-11,0.059608625166273965,0.022140068960146975,0.17887931639350851,0.16369246810974825,,78.4,0.1019693492763154,0.6233136438841169,0.8988221774722892,False,False,False
2524,34.599998474121094,2026-08-11,-0.012838823758479223,-0.023977497052890873,-0.02535215565856075,-0.17125752157793783,,28.1,-0.10226212277575386,0.49934186097437894,0.6705426259164331,False,False,False
2527,46.75,2026-08-11,0.09870742275551692,0.02409635131112764,0.37096780328242973,0.5928449537437095,,92.6,0.2940578361652366,0.9335487506512572,0.9257425742574258,False,False,False
2528,20.200000762939453,2026-08-11,0.05483034805876197,0.08551415160334597,0.03937367209114795,-0.11194380969974127,,44.1,-0.03753629502604516,0.6310489484669174,0.7687236433545287,False,False,False
2530,19.25,2026-08-11,0.0,-0.017857161972334668,-0.0983606718476866,-0.27495289818579893,,12.7,-0.1752706389648797,0.4075698054075743,0.6199322791817605,False,False,False
2534,17.049999237060547,2026-08-11,0.008875717273141515,0.027108364171674726,0.006629778758132199,-0.0782966959317698,,41.2,-0.07028018835906091,0.25752521833262093,0.8005310538912235,False,False,False
2535,88.5,2026-08-11,0.002264971022990281,-0.008958600497405711,0.17999999999999994,0.35250444028609507,,83.8,0.10309003288280683,1.0719792327285453,0.915201683484735,False,False,False
2536,20.950000762939453,2026-08-11,0.16713091211639175,0.07161133404163778,0.13732789553158198,0.02612251830190604,,69.6,0.060417928414388866,1.5255138062595128,0.7933936699172414,True,True,False
2537,10.949999809265137,2026-08-11,0.004587173622452534,-0.004545471884987551,0.09499998092651363,0.037914655099395844,,65.8,0.018090013809320515,0.2708241900245631,0.8830645279135099,False,False,False
2538,9.130000114440918,2026-08-11,-0.022483943759763925,-0.02033369340222535,-0.0061502730842086795,-0.10599750741974967,,36.8,-0.08306024020140179,0.7130290368509652,0.7845327831646549,False,False,False
2539,41.54999923706055,2026-08-11,0.009720478647615272,0.014651977117033477,0.05725190950839032,-0.13527575657038937,,45.1,-0.019658057608802793,0.9118118040740155,0.7277375119170119,False,False,False
2540,44.0,2026-08-11,-0.11471729265807795,-0.07492934250838124,-0.07145162403081462,0.04547673175039568,,38.4,-0.14836159114800773,2.0346730933163464,0.8098159698724096,False,False,False
2542,44.54999923706055,2026-08-11,0.009059970495067349,0.03005778582798957,0.043325490423099966,0.18326686405149006,,68.1,-0.033584476694093146,0.376492252166878,0.9801979865616904,False,False,False
2543,39.29999923706055,2026-08-11,0.07230552799050916,0.016575426826121564,-0.03788402189856144,-0.377367170620737,,13.5,-0.11479398901575455,0.5474507195377539,0.5154192636683981,True,False,False
2545,33.900001525878906,2026-08-11,0.04307697002704325,-0.02586200376186165,-0.047192516135423856,-0.021750349064998953,,37.1,-0.12410248325261697,0.9812563396962722,0.8132175503879828,False,False,False
2546,96.1999969482422,2026-08-11,0.14038218565189453,0.23028274266887028,0.3434455662264422,0.31098024659781753,,88.9,0.26653559910924907,2.097618050446721,1.0,True,True,False
2547,10.550000190734863,2026-08-11,0.024271844210729476,0.006143193414639203,0.1312853064012729,0.04306586287490566,,69.7,0.05437533928407978,0.6156458403408183,0.980122237998716,False,False,False
2548,93.5999984741211,2026-08-11,-0.04000001565004008,-0.017200046014402726,-0.15544800152769644,-0.02189092407945048,,19.0,-0.23235796864488956,0.7789356305090337,0.7965660950763798,False,False,False
2596,32.150001525878906,2026-08-11,0.048939703948373436,0.07270821426009921,0.14933023478892515,0.0011943630435991004,,69.6,0.07242026767173204,0.8238541485547066,0.8554508495860701,True,True,False
2597,167.5,2026-08-11,0.04361370716510904,-0.005934718100890191,0.09824758093053831,0.037054895904148566,,66.2,0.021337613813345202,0.2053027848099275,0.8667542794950293,False,False,False
2603,218.0,2026-08-11,0.058252427184465994,0.11794871794871797,0.1193154201265505,0.23713809082804782,,76.7,0.042405453009357386,0.45910197334381353,0.9917984676283381,True,False,False
2605,32.75,2026-08-11,0.04800000000000004,0.07026142456626361,0.05555199000662703,0.14664024496480987,,67.3,-0.021357977110566084,0.765255536384011,0.7816198233101117,False,False,False
2606,66.4000015258789,2026-08-11,0.0473186108485415,0.03912362973868677,0.07755765116879698,0.10682044999969786,,67.6,0.0006476840516038695,0.8076310417244673,0.9556822158628528,False,False,False
2607,48.70000076293945,2026-08-11,0.037273694814961233,0.04171124626608447,0.0912505920437019,-0.09541067919380086,,55.5,0.014340624926508783,0.8013102960758556,0.7365941716664711,True,True,False
2608,28.600000381469727,2026-08-11,-0.0034843337564944843,-0.02555366235952472,0.018615816025446152,-0.08045933379367698,,43.4,-0.05829415109174696,0.6041237463658299,0.8631352155489903,False,False,False
2609,52.0,2026-08-11,0.019607843137254832,0.08108111537627605,0.09973934262773843,-0.009832531782322573,,63.2,0.022829375510545313,0.5948907943082271,0.8206388304012594,True,False,False
2610,20.25,2026-08-11,-0.09799557631067979,-0.0380047157271185,0.12272971987783343,-0.056000749734165356,,63.0,0.04581975276064032,0.9313959499961356,0.8698835360157721,False,False,False
2611,14.050000190734863,2026-08-11,0.05243444114329465,-0.034364260717906325,0.06037737288565004,-0.03773780852576791,,54.9,-0.016532594231543074,0.6100871746706814,0.8943725620633842,False,False,False
2612,54.09999847412109,2026-08-11,0.01691724996757138,-0.009157509413429521,-0.006280853172462297,-0.10581080262269638,,36.8,-0.08319082028965541,0.7432146407375626,0.7539477822479036,False,False,False
2613,20.5,2026-08-11,0.01736974630748156,-0.046511627906976716,-0.05963299461270233,-0.14045428692256845,,25.4,-0.13654296172989544,0.48988260718573634,0.7427432958664323,False,False,False
2614,18.0,2026-08-11,-0.010989052448102776,-0.01907358987431773,-0.05759164185865229,-0.12621360841374063,,26.8,-0.1345016089758454,0.7179187982273028,0.7610993780269077,False,False,False
2615,87.0999984741211,2026-08-11,0.011614402064136664,0.09974749785712267,0.21634501054784883,0.21634501054784883,,82.2,0.13943504343065571,0.8457026976234897,0.9954285539899553,False,False,False
2616,13.350000381469728,2026-08-11,0.0075471986014890025,0.007463374036365433,-0.007190630102659745,-0.014358959338062083,,44.3,-0.08410059721985286,0.4427606741894164,0.5711769350195751,False,False,False
2617,29.200000762939453,2026-08-11,0.028169054758972356,0.021157596227058262,0.05443718147001353,-0.024227184381118372,,55.1,-0.022472785647179583,1.1140044966019877,0.9202647156929581,False,False,False
2618,41.75,2026-08-11,-0.04680363636458651,0.024539877300613577,0.27189639084904993,0.15459363612780685,,83.4,0.19498642373185682,0.6278644584065765,0.9403152829998366,False,False,False
2630,48.79999923706055,2026-08-11,-0.0030643825033905836,-0.13932983103313368,0.1078320109482247,-0.05381146549447202,,61.6,0.030922043831031587,0.39654379243018145,0.6832861611957135,False,False,False
2633,25.700000762939453,2026-08-11,-0.0019417179440989196,0.015810260886832683,0.027464004603311443,-0.026515178881837076,,50.1,-0.04944596251388167,0.35816429597043464,0.9361735684519934,False,False,False
2634,62.79999923706055,2026-08-11,0.03801651631505032,-0.01567398137865672,0.35999815281430214,0.14887929673635258,,86.6,0.28308818569710903,0.7788960418050687,0.8783216676511965,False,False,False
2636,68.0999984741211,2026-08-11,0.038109756984007204,0.05385621396556184,0.08659426643377421,0.11631865096325589,,69.1,0.009684299316581102,0.848459628492889,1.0,True,True,False
2637,87.30000305175781,2026-08-11,0.04052445129968407,0.030696649317524916,0.2347453044691239,0.28156854522987373,,84.4,0.15783533735193078,0.6610365864059714,0.9909194615639151,False,False,False
2640,148.5,2026-08-11,0.017123287671232834,-0.00784318123198724,-0.023345642415363188,0.2352941064473606,,63.0,-0.1002556095325563,0.4857054546276952,0.8013574525384428,False,False,False
2641,17.299999237060547,2026-08-11,0.014662757254357617,-0.028089888844431754,0.009958750638170866,-0.1392118888491456,,36.7,-0.06695121647902225,0.33521907662841827,0.7865165499445764,False,False,False
2642,20.450000762939453,2026-08-11,0.009876580885898933,-0.023866347579542757,-0.014117596863769899,-0.1879844581093667,,28.8,-0.09102756398096301,0.26835058339956347,0.6536662059005659,False,False,False
2643,62.900001525878906,2026-08-11,0.008012820316881442,0.01615508845475433,0.009335253141551592,-0.07650672006907244,,41.9,-0.06757471397564152,0.6042302651030022,0.8869915005374497,False,False,False
2644,80.0999984741211,2026-08-11,-0.005050906614898487,-0.04757063479463863,-0.005240484903795473,-0.10966271995506105,,36.5,-0.08215045202098858,0.37075401404488934,0.6550855222206525,False,False,False
2645,191.0,2026-08-11,0.015957446808510634,-0.2405566600397614,0.25040916530278223,0.15081905479194124,,82.4,0.17349919818558912,0.5259482854813634,0.7594433399602386,False,False,False
2646,20.75,2026-08-11,-0.01891251185554743,-0.021226450318158285,0.024691358024691468,-0.09978305046372982,,42.6,-0.052218609092501644,0.8054818335587419,0.7859848598420237,False,False,False
2718,44.59999847412109,2026-08-11,0.011337868873020795,-0.07851245727184542,-0.01978025331602007,-0.10621248275932726,,34.5,-0.09669022043321318,0.25834536773961775,0.7447329397646231,False,False,False
2724,10.899999618530272,2026-08-10,0.02830181379851493,-0.0801688381736263,-0.21582734405263293,-0.4467005484062797,,2.0,-0.29273731116982604,0.2077158284552357,0.4855233518087016,False,False,False
2762,82.5,2026-08-11,0.01735281325227578,0.050850933050215374,0.088002247353127,0.2380808226759823,,74.4,0.011092280235933893,0.6602959157388516,0.9585069280398272,False,False,False
2801,23.100000381469727,2026-08-11,-0.028814594452679976,0.026158235771341687,0.19384740013782742,0.19676636349245125,,80.7,0.11693743302063431,0.8782959273377792,0.9635382982719956,False,False,False
2812,18.5,2026-08-11,-0.021164001407603328,-0.024432811703996582,0.03575647016222039,0.0022617551749222198,,54.4,-0.041153496954972724,0.853998038111922,0.8717078839307942,False,False,False
2816,34.0,2026-08-11,0.011904807858458266,-0.0187590619698369,0.12949036427534777,0.2332390371131381,,77.3,0.05258039715815466,0.5956898849513166,0.9645390070921985,False,False,False
2820,16.200000762939453,2026-08-11,-0.006134876000100209,-0.027026958912960142,0.009780050513576999,0.04374819853329037,,53.1,-0.06712991660361611,0.6924778020075875,0.9391304790109828,False,False,False
2832,58.20000076293945,2026-08-11,-0.010204055814730828,0.02464791451908055,0.1511673345374096,0.26347631488265955,,80.3,0.07425736742021649,0.5416655442763968,0.9651741542173946,False,False,False
2834,16.399999618530273,2026-08-11,-0.02958579948438389,0.006369454334863134,0.11296306028232839,0.14874967943966966,,72.7,0.036053093165135275,0.7967588115221913,0.9704142005156161,False,False,False
2836,11.850000381469728,2026-08-11,-0.00420161669439767,-0.020775072057078736,0.03706946362798802,0.01146277581220656,,55.2,-0.03984050348920509,0.4137907302234175,0.9453286721277664,False,False,False
2838,19.899999618530277,2026-08-11,-0.026894920483617635,-0.080942579628562,0.05646549432723513,0.15559768134626806,,67.9,-0.02044447278995798,0.8063266232438177,0.8725464434552982,False,False,False
2845,13.100000381469728,2026-08-11,-0.015037579428341719,-0.018726591225196376,0.08264462549368412,0.0396825384811359,,64.1,0.005734658376491009,0.3980803051110188,0.9667896824405336,False,False,False
2849,14.399999618530272,2026-08-11,-0.017064846860731953,0.018387570021549893,0.10106102817024132,0.10924741505469604,,69.9,0.024151061053048206,0.6953099194874364,0.935064933456444,False,False,False
2850,159.0,2026-08-11,0.0,0.096551724137931,0.2572466889394833,0.47324943344031833,,88.6,0.1803367218222902,0.5836741458084761,0.9636363636363636,False,False,False
2851,35.900001525878906,2026-08-11,0.03458215379122076,-0.0565045401916211,0.11253062690372673,0.4265345982354327,,82.4,0.035620659786533615,0.4011513708433014,0.9181586426311462,False,False,False
2852,26.700000762939453,2026-08-11,0.0,-0.011111082854094345,0.07955613734484146,0.04383545320655724,,64.0,0.002646170227648348,0.5344373459254449,0.9870610541962024,False,False,False
2855,46.20000076293945,2026-08-11,0.0324022516857978,-0.0694864180646847,0.15615697432819609,0.594501305145809,,87.0,0.07924700721100297,0.4029968783430825,0.8147875180561333,False,False,False
2867,9.479999542236328,2026-08-11,-0.028688594270410817,0.07361264146619173,0.22639062339518534,0.18946045066437422,,81.9,0.14948065627799223,0.8007672181814417,0.9575757482345948,False,False,False
2880,43.650001525878906,2026-08-11,0.009248590193732031,0.1192308083558693,0.33282447407263827,0.2933333785445602,,87.8,0.25591450695544515,0.6345261934182465,0.9831081086886256,False,False,False
2881,128.0,2026-08-11,-0.0038910505836575737,0.007874015748031482,0.39750075738284796,0.43383868723361574,,91.4,0.32059079026565485,0.329480984571593,0.9555473717460292,False,False,False
2882,99.5999984741211,2026-08-11,0.004032273570407474,0.02998967546432385,0.33450375778521035,0.35022434492543586,,89.2,0.25759379066801724,0.38913824674410297,0.8931354138816271,False,False,False
2883,31.049999237060547,2026-08-11,0.016366612520024137,0.041946309798741366,0.463952935209474,0.770455714088089,,94.8,0.3870429680922809,0.41031025407101995,0.9825949007034918,False,False,False
2884,36.900001525878906,2026-08-11,-0.028947328266344607,0.06647407957194251,0.20573944156835267,0.14133792773562437,,79.8,0.12882947445115955,0.525471377446319,0.9547218646594813,False,False,False
2885,68.4000015258789,2026-08-11,-0.008695630059725956,0.030967105234409154,0.26191864642771745,0.6394657492086873,,90.6,0.18500867931052434,0.5630183266726142,0.984825990906096,False,False,False
2886,49.400001525878906,2026-08-11,-0.025641010207061332,0.05106386225274262,0.24905189579847975,0.25540034158749214,,84.5,0.17214192868128664,0.7069272571202068,0.9303202061287174,False,False,False
2887,35.54999923706055,2026-08-11,0.0,0.03406233810214321,0.5968781842247599,0.6178437075405212,,95.6,0.5199682171075668,0.41850258466379214,0.9888733931184985,False,False,False
2889,15.199999809265137,2026-08-11,-0.01298700092333005,-0.04100949883663785,0.037542676113055284,-0.09253732481999188,,45.6,-0.03936729100413783,0.6262451916643744,0.8636363340803421,False,False,False
2890,39.04999923706055,2026-08-11,-0.01388887015791096,0.0191243556504741,0.3410408917842287,0.4054476884585829,,90.1,0.2641309246670356,0.33290235078356556,0.9618226774553076,False,False,False
2891,66.80000305175781,2026-08-11,0.030864196077313943,0.004511324086583723,0.26189419966891814,0.3322691139148439,,86.4,0.18498423255172503,0.48370836783594284,0.9568783393465113,True,False,False
2892,32.70000076293945,2026-08-11,-0.037866843676563455,0.00931045262382657,0.15129823274879373,0.1651217650255743,,76.3,0.07438826563160061,1.0009711281973246,0.9241713667061472,False,False,False
2897,10.149999618530272,2026-08-11,-0.004901979575474891,0.017034076562276956,0.052104189398892276,0.16708831748875852,,68.2,-0.024805777718300837,0.5670776023243738,0.9854368379197195,False,False,False
2904,13.0,2026-08-11,-0.018867924528301883,-0.06810034568130807,-0.118436537107798,-0.2009220692722009,,14.2,-0.1953465042249911,0.5571399409371129,0.7719905509156859,False,False,False
2916,40.900001525878906,2026-08-11,0.019950201551107494,0.013630807250477828,-0.029433932340120372,-0.04924144175060974,,37.6,-0.10634389945731348,0.3844314668206887,0.8851562062703102,False,False,False
2923,26.0,2026-08-11,-0.12605042016806722,-0.09565217391304348,0.07216494845360821,0.25000004584972846,,73.4,-0.004745018663584899,1.0320851019835142,0.6341463414634146,False,False,False
2924,17.350000381469727,2026-08-11,0.09463722169708277,-0.028011203883169355,0.02058825773351325,-0.09399474010008868,,42.4,-0.05632170938367986,0.9441291883439383,0.5688524715235976,False,False,False
2937,45.45000076293945,2026-08-11,-0.0010988843310010266,-0.045168020590390046,-0.0032894236008967903,0.07710603249061121,,53.9,-0.0801993907180899,0.9755072185886646,0.9099099112859517,False,False,False
2938,26.200000762939453,2026-08-11,0.07377053985862303,0.001912089680251583,0.12446358887712816,0.1293103405751741,,72.8,0.04755362175993505,0.7962474634757388,0.8024502155741989,False,False,False
2941,31.700000762939453,2026-08-10,0.0,-0.023112480196196494,0.061976561401257735,-0.20730108348375753,,39.5,-0.014933405715935377,0.0425319255265984,0.48315794994113703,False,False,False
2942,37.25,2026-08-11,0.030428725523943045,0.06340289090619411,0.05090848079350563,0.3068115809073839,,74.0,-0.026001486323687484,0.8082288537071639,1.0,True,True,False
2947,62.79999923706055,2026-08-11,0.012903213500976562,-0.10028658321843698,-0.1989796171581576,-0.22445198616297746,,6.5,-0.2758895842753507,0.9616796040525392,0.6910795616354077,False,False,False
2948,36.0,2026-08-11,0.02563950968496953,0.011081936216833732,0.031037479672176405,-0.019288372854780578,,51.3,-0.04587248744501671,2.454440412722223,0.8894308328565196,False,False,False
2949,62.20000076293945,2026-08-11,0.04537816408301598,-0.14904239226110538,0.21085494884259126,-0.008961755635194857,,74.3,0.13394498172539815,0.17698661714797975,0.7687050773496968,False,False,False
3002,16.799999237060547,2026-08-11,0.027522865143221997,-0.13563062774849222,-0.030339199271480544,-0.22733574003293266,,22.7,-0.10724916638867366,0.1917558514327328,0.5851115397275272,False,False,False
3003,70.5,2026-08-11,0.2405731547171499,0.11864480029954572,0.2384305265353721,0.4845782180966516,,87.9,0.161520559418179,1.6502184988669797,1.0,True,True,False
3004,127.0,2026-08-11,0.01195219123505975,-0.1779935275080906,0.10917030567685582,0.1551643017208093,,72.6,0.032260338559662705,0.5895673761994616,0.7962382445141066,False,False,False
3005,114.5,2026-08-11,0.004385964912280604,-0.004347826086956497,0.16956075807346171,0.06578433065784339,,73.8,0.0926507909562686,0.4989119108272395,0.7331304814748524,False,False,False
3006,267.5,2026-08-11,0.2298850574712643,0.17324561403508776,0.24139397083869052,0.5141508998035675,,88.8,0.1644840037214974,1.142335667952647,0.9709618874773139,False,False,False
3008,4355.0,2026-08-11,0.0,0.0023014959723819395,0.5280701754385966,0.8349823549102069,,95.8,0.45116020832140347,1.0007446388534442,0.8383060635226179,False,False,False
3010,125.0,2026-08-11,0.06837606837606836,0.05485232067510548,-0.01326057575498607,0.05040003226082135,,49.7,-0.09017054287217918,0.5520733118052835,0.9172507067208433,True,False,False
3011,11.5,2026-08-11,-0.004329020771356551,-0.10505839232631375,-0.14179102034472046,-0.16666667818447223,,13.7,-0.21870098746191358,0.39139301850717373,0.6705539507752788,False,False,False
3013,86.0,2026-08-11,0.042424242424242475,-0.13218969400430436,-0.19301751541684709,-0.24256909574624996,,6.3,-0.2699274825340402,0.2949890434918464,0.6167652004151822,False,False,False
3014,134.5,2026-08-11,0.05078125,-0.025362318840579712,0.035535611679784695,0.18655116944304218,,67.2,-0.04137435543740842,0.8717904013347881,0.8450216144772563,False,False,False
3015,57.0,2026-08-11,0.012433406259775959,-0.09810127671034996,0.1597502264050541,0.12021328588049363,,75.3,0.08284025928786098,0.29532506172279743,0.7620320544714267,False,False,False
3016,101.5,2026-08-11,0.07067507101855486,-0.23970037453183524,-0.15779584699492288,0.5922922559129693,,68.6,-0.234705814112116,0.6372942030174652,0.6682406512768182,False,False,False
3017,2760.0,2026-08-11,0.06153846153846154,0.2404494382022473,0.06769825918762096,0.8461538461538463,,88.5,-0.009211707929572155,1.148370126627067,0.9371816638370118,False,False,False
3018,12.949999809265137,2026-08-11,-0.0944056198226072,0.07916665077209473,0.2216980512475768,0.07916665077209473,,78.5,0.1447880841303837,1.183247607074026,0.7507246266240659,False,False,False
3019,138.0,2026-08-11,0.05343511450381677,-0.06440677966101693,0.011853065973747023,-0.10021925517709052,,40.0,-0.06505690114344609,0.41351249994275924,0.8289525060961772,False,False,False
3021,21.100000381469727,2026-08-11,-0.009389617969696284,-0.15261041346493187,0.3024690980101645,0.2120049490441931,,85.8,0.22555913089297142,0.22765617359789947,0.5275000095367431,False,False,False
3022,108.0,2026-08-11,0.1881187919370142,0.223103015485683,0.5976331721567272,0.6640985741261494,,95.7,0.5207232050395341,2.721155144236436,0.9557522123893806,False,False,False
3023,318.5,2026-08-11,0.0979663241911255,0.01494101412335147,0.0979663241911255,0.4647701272230882,,82.9,0.021056357073932386,0.7811638385804486,0.9772389439430306,True,False,False
3024,13.199999809265137,2026-08-11,0.06451614639885661,0.07317069955886746,-0.1274383425492801,0.2617323848434261,,47.8,-0.20434830966647322,0.3911155467241611,0.7549129160373091,False,False,False
3025,55.0,2026-08-11,0.00182146578035991,-0.07407409785944108,-0.11003235147263057,-0.2829204408298156,,11.0,-0.18694231858982369,0.2584249628375161,0.6979695161163207,False,False,False
3026,646.0,2026-08-11,0.29718875502008024,-0.2861878453038674,1.000556273763432,5.2218254898430825,,98.9,0.9236463066462388,1.0582997263152378,0.6427860696517413,False,False,False
3027,18.350000381469727,2026-08-11,0.00824173693639163,-0.08249998092651367,0.01944446563720703,-0.2703777073638751,,27.2,-0.05746550147998608,0.20553225775696965,0.6371528079020397,False,False,False
3028,70.4000015258789,2026-08-11,0.03988190102432232,0.004128393494727822,-7.303744642883636e-05,0.7513656047531776,,84.4,-0.07698300456362195,0.7860778778159275,0.8471721157468227,False,False,False
3029,108.0,2026-08-11,0.014084507042253502,0.05882352941176472,0.11225542427566526,0.002477907391274181,,65.7,0.03534545715847215,1.025382403715602,0.888470575003204,False,False,False
3030,302.5,2026-08-11,0.02023608768971341,0.0117056856187292,-0.25313780119625195,0.7035865423070307,,63.3,-0.33004776831344507,0.43992645478671466,0.7370702151971804,False,False,False
3031,22.950000762939453,2026-08-11,0.02000003390842009,-0.17863281154538602,-0.18564110574690929,0.17830696416206293,,30.5,-0.2625510728641024,0.21561430463494416,0.6916149601702676,False,False,False
3032,78.5999984741211,2026-08-11,-0.007575738601520388,-0.016270375806397896,-0.04727274576822915,0.08864268416059429,,46.5,-0.12418271288542226,0.9623651269033724,0.683478247601053,False,False,False
3033,50.400001525878906,2026-08-11,0.08939811348275972,0.03161078304942566,0.22256090592734945,0.7131807949541524,,90.5,0.14565093881015634,0.552380456236876,0.9444063611479275,False,False,False
3034,538.0,2026-08-11,0.026717557251908497,0.15080213903743322,0.15486537891360586,0.4612275210864145,,84.9,0.07795541179641274,0.6843955300300772,0.9781818181818182,False,False,False
3035,176.0,2026-08-11,0.06024096385542177,-0.17370892018779338,-0.08462670817021067,0.0354659654119196,,35.6,-0.16153667528740379,0.4386718111741553,0.7553648068669528,False,False,False
3036,220.0,2026-08-11,0.03529411764705892,0.042654028436019065,-0.20325005929514706,0.42312571388638065,,48.8,-0.28016002641234017,2.058808704562462,0.7505041387789692,False,False,False
3037,992.0,2026-08-11,0.07359307359307365,0.09856035437430788,0.11438488499871413,1.8854318864271367,,96.4,0.03747491788152102,0.7874111895296428,0.9161578538012348,True,False,False
3038,20.5,2026-08-11,-0.016786588732189522,-0.03755865097255984,-0.09292036929307157,-0.09230507165981028,,23.7,-0.16983033641026468,0.5526791823170808,0.8134920388632868,False,False,False
3040,38.0,2026-08-11,0.06145253658726313,-0.0026246319718099542,-0.04522611235088769,-0.19320591866093262,,23.1,-0.1221360794680808,0.4428594269977023,0.5093833884350853,False,False,False
3041,23.450000762939453,2026-08-11,0.053932618559076495,-0.0910852148687441,-0.018828404300137658,-0.12172284296377678,,33.0,-0.09573837141733077,0.39316150860052745,0.7362637513995957,False,False,False
3042,179.0,2026-08-11,0.05604719764011801,-0.07493540051679581,0.24641289348096707,1.0679443995123359,,93.8,0.16950292636377395,0.5235670852968507,0.7188755020080321,False,False,False
3043,20.350000381469727,2026-08-11,0.032994903216099436,-0.10745609375321552,0.02777783664656508,-0.1113536803291969,,42.2,-0.04913213047062803,0.18206236183725136,0.7386570215978334,False,False,False
3044,441.5,2026-08-11,0.12627551020408156,0.005694760820045497,-0.1423292412517959,0.1723716481476305,,37.4,-0.21923920836898902,1.0442179805523466,0.7918112228981011,True,False,False
3045,109.5,2026-08-11,-0.013513513513513487,0.0,0.020525146824553753,0.08340108183218486,,58.6,-0.05638482029263936,0.578979031372966,0.9485378454293456,False,False,False
3046,60.29999923706055,2026-08-11,0.13345861602068143,0.11049723912159681,0.23714959012865133,0.21590079313280275,,83.3,0.16023962301145822,1.2207477550709098,0.9955188284589975,True,False,False
3047,14.300000190734863,2026-08-11,-0.013793090294147325,-0.11455105086645001,0.007042280479784058,-0.2311828012121303,,28.6,-0.06986768663740905,0.2513261069069092,0.6130706724258135,False,False,False
3048,58.79999923706055,2026-08-11,0.053763441595309214,0.024390203379183628,0.28578097090805965,0.46204471955545046,,89.4,0.20887100379086654,0.725514840667081,0.794209161446759,True,False,False
3049,10.75,2026-08-11,0.053921588335253956,-0.11157027594289637,-0.16015626251464687,0.2736967457896238,,43.0,-0.23706622963184,0.2287631960588339,0.5972222222222222,False,False,False
3050,11.550000190734863,2026-08-11,0.026666683620876652,-0.04545455978473778,-0.049382670504806825,-0.16606499114701068,,25.0,-0.12629263762199994,0.4521814106377366,0.7549019638397869,False,False,False
3051,23.149999618530277,2026-08-11,0.05707762656499482,-0.03916262295787942,-0.07119052817310156,-0.05450531898194799,,30.1,-0.14810049529029468,0.2496937095393515,0.7689818782259054,False,False,False
3052,10.800000190734863,2026-08-11,0.023696682036039585,-0.0046083123481044375,0.014084561274875673,-0.06086954863175098,,44.1,-0.06282540584231744,0.4753371434734698,0.8816326686314174,False,False,False
3055,106.5,2026-08-11,0.044117647058823595,-0.34662576687116564,-0.05869520096099723,0.5068842049152182,,73.2,-0.13560516807819034,0.40828023376621786,0.5518134715025906,False,False,False
3056,14.100000381469728,2026-08-11,0.007142884390694881,0.004138553242308385,0.062139321517483026,-0.14223734919600195,,45.5,-0.014770645599710086,0.45579078793616645,0.6368237604527301,False,False,False
3057,16.75,2026-08-11,0.15120273404986273,-0.026162833894116,-0.16249999999999998,-0.1298701298701299,,13.4,-0.2394099671171931,0.6794719558587516,0.7008368312697921,False,False,False
3058,8.239999771118164,2026-08-11,0.0012150947069333728,-0.09846833024050017,-0.015531674578061816,-0.1881773319404988,,28.4,-0.09244164169525493,0.3196306802900923,0.5971014244369641,False,False,False
3059,40.34999847412109,2026-08-11,0.03594345786287434,-0.12187164735228895,0.03727498435385779,-0.0037037413797262886,,53.9,-0.039634982763335325,0.190010742113006,0.6404761662558902,False,False,False
3060,28.799999237060547,2026-08-11,0.0,-0.1615720373682652,0.032506161054477234,-0.1818701774100826,,37.0,-0.04440380606271588,0.24281300121505475,0.6953612416786416,False,False,False
3062,20.899999618530277,2026-08-11,0.037220844377102935,-0.10492508449309235,-0.24955119094230616,-0.19305019589354455,,4.5,-0.32646115805949927,0.3016415558956675,0.6411043127845959,False,False,False
3066,21.600000381469727,2026-08-11,-0.029213466001360655,-0.17870718600507918,0.21348321951033422,0.5211268078592703,,87.6,0.1365732523931411,1.1401554510536114,0.7152317826420921,False,False,False
3067,17.950000762939453,2026-08-11,-0.03234493254977455,-0.02972968848975932,0.025714329310825956,0.00842705237686725,,52.8,-0.051195637806367156,0.18397388726210143,0.8427230706988794,False,False,False
3071,24.950000762939453,2026-08-11,-0.045889058244593106,-0.15709457968254892,-0.14757404696773624,0.04806472770077863,,26.6,-0.22448401408492935,0.32288645912124925,0.7433947140890981,False,False,False
3073,22.799999237060547,2026-08-11,0.04587156123840486,0.027026957364917115,0.06046508079351387,-0.2807571391696596,,32.9,-0.016444886323679242,0.8152912749730644,0.5247410549301471,True,False,False
3078,54.400001525878906,2026-08-11,0.028355386705730012,-0.016274823211543277,-0.02508956505956017,-0.14465404353721278,,30.3,-0.10199953217675328,0.5205983670710911,0.5960703572509654,False,False,False
3081,2480.0,2026-08-11,0.2620865139949109,0.37320833243492424,-0.036090067459879194,1.7602874447991015,,94.8,-0.1130000345770723,1.1618279184482356,0.864773640599398,False,False,False
3085,11.850000381469728,2026-08-11,-0.016597494282109104,0.008510670763381079,-0.07421873399289336,-0.09541984454963492,,26.7,-0.15112870111008647,0.443654519062037,0.6929824629893507,False,False,False
3088,139.5,2026-08-11,0.12955465587044523,0.020270094576960496,0.06612495167770915,0.7004502841408433,,86.0,-0.010785015439483958,1.1948907260616672,0.9058441558441559,False,False,False
3090,174.5,2026-08-11,0.21180555555555558,-0.3236434108527132,0.4464614095269124,0.8750425986483039,,95.2,0.36955144240971927,1.5076610090940286,0.513235294117647,False,False,False
3092,23.5,2026-08-11,0.01731600051622273,-0.11487756401902727,-0.21926911288455808,-0.09615384615384615,,9.7,-0.2961790800017512,0.17520313946475316,0.6216931342411169,False,False,False
3093,49.09999847412109,2026-08-11,0.07088331751710708,-0.09576428795583447,-0.0731488479051956,0.9178687800578014,,84.9,-0.15005881502238871,0.15712463846785168,0.6595845447583626,False,False,False
3094,37.59999847412109,2026-08-11,0.06214680376874804,-0.02083341197834776,0.2368420705900951,0.4669522104153516,,87.5,0.159932103472902,0.3282493442154048,0.830939192798256,False,False,False
3095,38.0,2026-08-11,0.0187667768701707,0.011984041866379469,-0.15083798882681565,0.2357723577235773,,41.1,-0.22774795594400876,0.379941142989438,0.7958115183246073,False,False,False
3097,25.5,2026-08-11,-0.003906264842953311,-0.03225807852615736,0.005692559367921568,0.19369366674705368,,64.1,-0.07121740774927154,0.7868007036648722,0.8386075470980905,False,False,False
3105,371.0,2026-08-11,0.08479532163742687,-0.07940446650124067,-0.24811536033281278,0.5206483301351206,,49.8,-0.3250253274500059,0.9206607301837504,0.6038230665254344,False,False,False
3114,36.54999923706055,2026-08-11,0.16773163348144027,-0.04693609670611054,0.4139264486534009,0.41666667898804066,,91.6,0.3370164815362078,1.3116314996901977,0.633448851885224,False,False,False
3115,8.859999656677246,2026-08-11,-0.04628636242642259,-0.027442372055059394,-0.07612100983269032,-0.14396141737928114,,21.9,-0.15303097694988343,0.440529892300509,0.6490842420720319,False,False,False
3117,27.600000381469727,2026-08-11,-0.028168987598808704,-0.059625212172224384,0.13114757430197854,2.6800000508626303,,97.8,0.05423760718478543,0.3713327095759262,0.5411764780680338,False,False,False
3122,25.950000762939453,2026-08-11,0.029761903860851868,-0.12033895718849308,-0.3061497405291984,-0.005747111737085198,,6.8,-0.3830597076463915,0.2885097421886163,0.6455223947871879,False,False,False
3128,21.75,2026-08-11,0.0,-0.07643309109869922,-0.0418502524674117,-0.21762587780920561,,21.4,-0.11876021958460481,0.3479973485868966,0.526729506294556,False,False,False
3130,203.0,2026-08-11,-0.002457002457002422,-0.015975393704281804,-0.022609246335190902,-0.018196612803228596,,41.5,-0.09951921345238401,0.6693086167970077,0.9333452505412904,False,False,False
3131,2390.0,2026-08-11,-0.05905511811023623,-0.24174833248673833,-0.19537588369878012,0.3336920021108689,,42.0,-0.27228585081597323,1.956216678379759,0.6233003508573098,False,False,False
3135,167.0,2026-08-11,0.009063444108761365,0.0121212121212122,-0.20853080568720384,0.39748953974895396,,45.3,-0.28544077280439695,1.5061314917182191,0.6410748560460653,False,False,False
3138,96.0,2026-08-11,0.01802753863442752,-0.14110026760343797,-0.3710637728700116,-0.45991626089639337,,0.6,-0.4479737399872047,0.27431197317995915,0.44820743910580446,False,False,False
3141,77.69999694824219,2026-08-11,0.08217261345004823,0.0806675285017302,0.21786830528843204,0.5744680719491351,,89.0,0.14095833817123893,0.8312103687521724,0.9338942283444855,False,False,False
3147,226.0,2026-08-11,-0.08502024291497978,-0.06029106029106024,0.29142857142857137,0.32551319648093835,,87.1,0.21451860431137826,1.3192423749543811,0.6457142857142857,False,False,False
3149,67.5,2026-08-11,0.025835818683852985,-0.2213134052127369,0.2118491755014802,0.2295081625486235,,82.5,0.13493920838428708,0.8558473333987893,0.645933014354067,False,False,False
3150,17.799999237060547,2026-08-11,0.09876533325735326,0.014245014864278316,-0.02879988544151968,-0.018384866152321933,,40.1,-0.10570985255871279,0.7724959250502944,0.7708261576814701,False,False,False
3152,224.5,2026-08-11,-0.042980445173659954,-0.1160354195488118,-0.20403689311921447,-0.17962086486668538,,8.0,-0.2809468602364076,0.2765296156397919,0.6009968009105615,False,False,False
3158,84.0,2026-08-11,0.012048192771084265,0.008403324400927614,-0.045454545454545414,-0.00032296418838340113,,38.7,-0.12236451257173853,0.7476378219027121,0.6442363392649629,True,False,False
3162,66.0999984741211,2026-08-11,0.04754358276617676,-0.18696191890620195,-0.2366724084566867,0.11850973967501499,,17.6,-0.3135823755738798,0.36862735777251926,0.696466748356536,False,False,False
3163,683.0,2026-08-11,0.03957382039573831,0.07300288716100312,-0.22246170838589752,0.7031791600471582,,67.3,-0.29937167550309063,1.636506668050296,0.6214302366275518,False,False,False
3167,635.0,2026-08-11,0.08177172061328797,-0.23123486682808714,-0.15261103906438478,1.8742517616942322,,94.1,-0.2295210061815779,0.47818880549365667,0.6709609948587887,False,False,False
3168,42.150001525878906,2026-08-11,0.02430133567239623,-0.028801842305342773,0.009438006968899515,0.11325883242413681,,59.4,-0.0674719601482936,0.2538403672148321,0.8621879082214577,False,False,False
3169,102.0,2026-08-11,0.00990099009900991,-0.01449275362318836,-0.054661155761373315,0.06856025580845349,,43.5,-0.13157112287856643,0.2783653080078812,0.8531106790258287,False,False,False
3171,63.5,2026-08-11,-0.027565129672828648,-0.02006177454527991,-0.00707709431493031,0.41994193352688813,,73.9,-0.08398706143212342,0.7134553461660404,0.8566148455019001,False,False,False
3178,58.09999847412109,2026-08-11,0.019298218844229664,-0.10200925479796974,-0.11969699281634716,-0.006837632921007031,,26.6,-0.19660695993354027,0.35863209533639095,0.7819649540747433,False,False,False
3188,23.100000381469727,2026-08-11,0.0,-0.041493775276820744,-0.0374999841054281,-0.12504245270239767,,29.7,-0.11440995122262121,0.44783703434264954,0.7387970197164792,False,False,False
3189,842.0,2026-08-11,0.09778357235984347,0.028083028083027983,0.695359654717707,2.6751260488978614,,98.5,0.6184496876005139,0.8965868857870138,0.9466233762312674,False,False,False
3191,18.549999237060547,2026-08-11,-0.010666707356770888,0.005419971272953017,0.3639704938784627,0.16666664667349407,,86.8,0.2870605267612696,0.35882197726582604,0.7013232023437961,False,False,False
3206,34.79999923706055,2026-08-11,0.04977368432075502,-0.03222839153276713,-0.047449042667916275,0.1554791845918393,,52.9,-0.12435900978510939,0.244709991648561,0.8652338246397954,False,False,False
3207,44.0,2026-08-11,0.0640871009351407,-0.2727272727272727,-0.22535210227096047,-0.3678160780943087,,2.6,-0.3022620693881536,0.20824256970170366,0.5263157990800739,False,False,False
3209,56.79999923706055,2026-08-11,-0.02237520260245074,-0.05175295842820726,-0.09409890676375021,0.7005987018608641,,78.0,-0.17100887388094332,0.6793412083840076,0.6977886753356207,False,False,False
3211,400.0,2026-08-11,0.23076923076923084,-0.12568306010928965,0.055296805447042185,0.2434010251000578,,71.8,-0.021613161670150927,1.5315723974365218,0.8743169398907104,False,False,False
3213,136.0,2026-08-11,0.054263565891472965,0.04214559386973171,0.26591588584609127,0.4359642762461462,,88.1,0.18900591872889816,1.1025484346793866,0.9543859649122807,False,False,False
3217,148.0,2026-08-11,0.049645390070921946,-0.07499999999999996,-0.12505862287855996,-0.012251677379047199,,25.1,-0.20196858999575307,0.5779313517183975,0.7587052400361607,False,False,False
3219,72.5999984741211,2026-08-11,0.16532904274793903,-0.06995500302641522,-0.1460302292487451,0.12822800484497132,,32.7,-0.2229401963659382,1.0733451968919598,0.6769367868550088,True,False,False
3221,48.25,2026-08-11,0.02659574468085113,-0.1383928571428571,0.14757877439153622,0.7316144665733442,,89.3,0.0706688072743431,0.23557810749300925,0.7313001811534291,False,False,False
3224,36.54999923706055,2026-08-11,0.05331407589180648,0.0027434423052952184,-0.18049326261146648,-0.20196506886653098,,8.7,-0.2574032297286596,0.31903582591969226,0.6961904616582961,False,False,False
3226,51.400001525878906,2026-08-11,0.005870901383876692,0.10537637690062174,0.2850000381469726,-0.11379307714001885,,75.8,0.2080900710297795,3.3538754920257197,0.8862069228599811,False,False,False
3227,209.0,2026-08-11,0.017031630170316392,0.03980099502487566,-0.01843478998683401,0.04982759541767945,,48.2,-0.09534475710402712,0.5555507298832305,0.8533685819982222,False,False,False
3228,146.0,2026-08-11,0.006896551724137945,-0.14619883040935677,-0.30805687203791465,-0.0363036303630363,,5.7,-0.38496683915510777,0.3787074552451773,0.566990291262136,False,False,False
3229,51.0,2026-08-11,0.0680628272251309,0.3315927158204861,0.13839287652957233,1.2869955939389763,,94.0,0.061482909412379216,1.4462805882720813,0.937499973703834,True,False,False
3230,41.75,2026-08-11,0.038557194219993596,-0.2463899124533887,0.2885801862278603,0.4176570091142118,,88.7,0.2116702191106672,0.47129029077291623,0.6325757575757576,False,False,False
3231,191.0,2026-08-11,-0.02051282051282055,0.3310104529616724,0.4092822491275423,0.4943709975859416,,92.5,0.3323722820103492,1.3087864445736235,0.9794871794871794,False,False,False
3232,19.700000762939453,2026-08-11,-0.0025316069397745,-0.08796294374884595,-0.06413294646321377,-0.1378555608727593,,24.8,-0.14104291358040688,0.2204613049849174,0.72828100992879,False,False,False
3234,121.5,2026-08-11,0.0752212389380531,0.0,0.20297029702970293,0.982055489595242,,93.1,0.12606032991250982,0.7494234079979558,0.8350515463917526,True,False,False
3236,46.150001525878906,2026-08-11,0.07325584943904428,-0.19318180226703718,0.18790227383459301,0.4911147136752394,,86.5,0.1109923067173999,0.3373508986201625,0.6321918017243686,False,False,False
3257,51.79999923706055,2026-08-11,0.011718720023055074,-0.15497553210826998,0.0018552575924015713,-0.2203014163017677,,28.7,-0.07505470952479154,0.18020274400765615,0.6960527384140708,False,False,False
3259,14.300000190734863,2026-08-11,-0.0337837833483956,-0.05921050196209077,-0.18980167139937687,-0.2832080379014539,,5.4,-0.26671163851657,0.7031416585676802,0.5995807111955125,False,False,False
3260,405.5,2026-08-11,0.017565872020075313,0.0012345679012346622,-0.06566820276497698,0.16408297902518543,,50.6,-0.1425781698821701,1.1179928781839175,0.7982283464566929,False,False,False
3264,219.5,2026-08-11,0.13436692506459957,-0.02444444444444449,-0.02668262028749535,0.4258789184369203,,72.4,-0.10359258740468846,1.1029300619831566,0.8540856031128404,False,False,False
3265,159.5,2026-08-11,0.025723472668810254,-0.05059523809523814,-0.0941867943720126,0.13226643344682731,,42.1,-0.17109676148920572,0.7414058990570014,0.8285714285714286,False,False,False
3266,13.850000381469728,2026-08-11,0.014652070954489282,0.05624044510709503,0.09655493912566038,0.037174745083789595,,65.9,0.019644972008467265,0.2509280471382905,0.9906807191812105,False,False,False
3268,20.0,2026-08-11,-0.06976744186046513,-0.024390243902439046,0.1527377268164527,0.17647058823529416,,76.9,0.07582775969925959,0.18110166823546023,0.8421052631578947,False,False,False
3272,13.949999809265137,2026-08-11,0.010869537424425646,-0.11146496950702267,-0.23140495303245856,-0.3094059761196183,,3.4,-0.3083149201496517,0.3466537178916889,0.5449218594294509,False,False,False
3276,14.850000381469728,2026-08-11,-0.013289023703020209,-0.08832427025737688,-0.05956483440690852,0.01056936381071849,,37.6,-0.13647480152410163,0.6724969125381974,0.8114754645123703,False,False,False
3284,20.950000762939453,2026-08-11,0.009638590985033835,-0.18323582555515572,0.3078248855070356,0.02983297964323972,,82.0,0.23091491838984246,0.2342187609862159,0.6910063013127431,False,False,False
3285,37.29999923706055,2026-08-11,0.005390856365640184,-0.03883074366686079,0.3300687290365285,0.4068510887301511,,89.7,0.2531587619193354,0.23669181420749752,0.7377724863768601,False,False,False
3287,32.25,2026-08-11,0.07859533148667097,0.05737704918032782,0.00467294495355941,0.022187029472799047,,50.4,-0.0722370221636337,0.37214256462721074,0.8387516088448194,True,False,False
3288,22.200000762939453,2026-08-11,-0.12770137141735105,0.2164383979692852,0.4557377549468493,0.3875000476837158,,92.2,0.3788277878296562,0.6766054128511071,0.7576792266553867,False,False,False
3289,140.0,2026-08-11,-0.02643635558357804,-0.13128165837277028,-0.19563119618807123,0.016410499103568732,,16.3,-0.27254116330526434,0.3649608120666951,0.6706257901746405,False,False,False
3290,55.09999847412109,2026-08-11,0.03571424217920738,-0.15490795930770973,0.18525394962684616,0.14663066451250684,,78.2,0.10834398250965305,0.3064763198016782,0.7896151159489074,False,False,False
3294,31.399999618530277,2026-08-11,0.036303643866904656,-0.15363878948854448,0.03973506043958208,-0.21500000953674303,,35.4,-0.03717490667761103,0.16480643681171495,0.5322033833649199,False,False,False
3296,23.100000381469727,2026-08-11,0.0,-0.1538461162258642,0.0744186223939407,-0.08875739511407266,,52.9,-0.002491344723252409,0.22792321920954703,0.7524429904690971,False,False,False
3297,28.399999618530277,2026-08-11,0.08190474737258202,-0.06270625961621612,-0.1069182295629687,-0.2908863880264413,,11.0,-0.18382819668016182,0.532457627259689,0.41219156733782086,False,False,False
3303,54.20000076293945,2026-08-11,-0.02517981564034144,-0.03214284351893837,0.13958568220439282,0.22913323826604737,,77.8,0.06267571508719971,0.6127877184150473,0.8644338134518149,False,False,False
3305,112.5,2026-08-11,0.027397260273972712,-0.07132447924962304,-0.1211384861310032,-0.052136966516887595,,22.2,-0.1980484532481963,0.45301923865364296,0.684724962584287,False,False,False
3306,44.5,2026-08-11,0.027713643974209834,-0.028351568005806516,0.039260396761754635,-0.06842957973229202,,48.0,-0.03764957035543848,0.3633424128433228,0.672951248074671,False,False,False
3308,19.299999237060547,2026-08-11,-0.03258152887324173,-0.08530810956714308,-0.06310685050173914,-0.12866819099560944,,25.8,-0.14001681761893225,0.2673274595125237,0.7324477782790851,False,False,False
3310,70.69999694824219,2026-08-11,0.05208333569859702,0.021676301533971376,0.0737267353935327,0.01783408302406042,,61.9,-0.003183231723660418,0.14712751782720948,0.8462629479932374,True,False,False
3311,32.349998474121094,2026-08-11,0.01251948987887408,-0.12211669433745675,0.02874143408750962,-0.00849814504615487,,51.7,-0.04816853302968349,0.1631859177714019,0.7958423870660051,False,False,False
3312,49.900001525878906,2026-08-11,0.0267490348266175,-0.10090087340758724,0.05832449440093068,0.22906412318428404,,71.4,-0.01858547271626243,0.3519049961612817,0.6816940383366669,False,False,False
3313,10.300000190734863,2026-08-11,0.0,-0.11206897827447782,-0.0925110269114281,-0.2563176962424132,,14.1,-0.1694209940286212,0.2985339720500902,0.5241730478723161,False,False,False
3317,69.19999694824219,2026-08-11,0.017647013944738,-0.24782612012780236,0.013177069637937855,0.393756189759094,,74.6,-0.06373289747925526,0.12584356486666845,0.6559241416894994,False,False,False
3321,19.0,2026-08-11,0.027027027027026973,-0.06862743356419432,0.16564422633840303,0.05555555555555558,,73.2,0.08873425922120992,0.41730823162264136,0.7076349992573061,False,False,False
3322,11.449999809265137,2026-08-11,0.017777760823567634,-0.14232213617325884,-0.17328523509758265,-0.30182926368316243,,5.9,-0.25019520221477576,0.2713891775914162,0.6361111005147299,False,False,False
3323,32.20000076293945,2026-08-11,0.11226251863041425,-0.0733812730089366,-0.092957724987621,-0.17647053658450906,,17.1,-0.16986769210481412,0.48029107927092346,0.5709219838968376,False,False,False
3324,1045.0,2026-08-11,0.1069915254237288,0.15469613259668513,-0.007528193772589065,0.12444945008878339,,57.5,-0.08443816088978218,1.4451235862883183,0.825767578467135,False,False,False
3325,11.699999809265137,2026-08-11,-0.029045674351012796,-0.10000001467191255,-0.040983607198115,-0.25949369189716665,,18.4,-0.11789357431530811,0.277891097459253,0.5777777683587721,False,False,False
3332,63.5,2026-08-10,0.025848116876898253,-0.011286653827640603,-0.0037736698210368846,0.16020698705369085,,60.9,-0.08068363693823,0.16126825735323705,0.8245495900915417,False,False,False
3338,63.09999847412109,2026-08-11,-0.01866258974623669,-0.07478003962363156,-0.08262784173310633,0.21621316985875727,,51.9,-0.15953780885029945,0.3182126072663607,0.7239690764063252,False,False,False
3339,37.84999847412109,2026-08-11,0.012032003472802089,0.041265476285175184,-0.23302938917071192,0.32342650242216586,,34.8,-0.30993935628790503,1.5351384723123254,0.5301120121181282,False,False,False
3346,21.0,2026-08-11,0.0579344884851396,-0.11949686942915261,0.30841127714882144,-0.041095873708087094,,80.5,0.23150131003162833,0.22353376806383984,0.7167235681507401,False,False,False
3349,23.25,2026-08-11,0.015283859707425851,-0.01898737335245726,0.14532024008916244,-0.19965574490140414,,55.9,0.06841027297196933,1.028962310772848,0.7265625,False,False,False
3354,20.649999618530277,2026-08-11,0.024813896251401957,-0.18379445686775941,-0.4057554066609992,-0.21780303345019936,,1.0,-0.4826653737781923,0.14897727551414738,0.5833332974133983,False,False,False
3356,58.59999847412109,2026-08-11,0.01736111157102349,-0.02980137427623397,0.03024962513240559,0.27564792018484274,,71.0,-0.04666034198478752,0.431809140698472,0.9346092146901251,False,False,False
3357,219.0,2026-08-11,0.06310679611650483,-0.15116279069767447,0.045866260806795234,0.40548594904192137,,77.4,-0.03104370631039788,0.3407980768814394,0.640142269061653,False,False,False
3360,15.899999618530272,2026-08-11,-0.03636365948301379,-0.2109181181369172,-0.05637986596037048,0.05999997456868478,,42.4,-0.1332898330775636,0.22625143320186644,0.6958424224545932,False,False,False
3362,174.5,2026-08-11,-0.027855153203342642,-0.07427055702917773,0.7192118226600985,0.5511111111111111,,96.0,0.6423018555429054,0.1659125183911503,0.8270142180094787,False,False,False
3363,606.0,2026-08-11,0.07637655417406752,0.008319467554076532,-0.2895662368112544,0.4011560693641618,,31.7,-0.3664762039284475,1.017784233128921,0.6121212121212121,False,False,False
3372,16.25,2026-08-11,0.048387096774193505,-0.10468317677486172,-0.13793105192855204,-0.2647058950449068,,9.5,-0.21484101904574515,0.3663837225909899,0.6335282745291172,False,False,False
3373,16.399999618530273,2026-08-11,0.009230745755709036,-0.006060629179983401,-0.026706276127704265,-0.14360313601985653,,30.0,-0.10361624324489738,0.7488622650171919,0.7941888581835002,False,False,False
3374,334.0,2026-08-11,0.07915993537964461,-0.06703910614525144,0.4209877103426616,0.9523136170893658,,95.4,0.34407774322546847,0.9046672461903855,0.7990430622009569,False,False,False
3376,184.0,2026-08-11,0.04772115064725879,-0.030587879679494945,-0.059670262187763945,-0.0870585242577907,,29.3,-0.13658022930495706,0.37545314326321516,0.7123710555778993,False,False,False
3379,29.600000381469727,2026-08-11,0.13409961489827804,-0.08101567829530809,-0.11914237348089785,-0.39635338738056247,,6.1,-0.19605234059809096,0.9606598323187724,0.41546529446536196,False,False,False
3380,28.25,2026-08-11,-0.03418803418803418,-0.14751989332211057,-0.09365064999111783,-0.1562954218324656,,18.2,-0.17056061710831094,0.4378583889841936,0.6903960732947687,False,False,False
3388,72.5999984741211,2026-08-11,-0.008196700807861168,-0.08217446429062303,-0.3333926677884872,0.20715749835275066,,13.3,-0.4103026349056803,0.4687233889699844,0.6225341302560554,False,False,False
3390,22.200000762939453,2026-08-11,-0.017758700948249162,-0.13532428550478792,-0.1973082032023965,-0.022047959938159556,,15.0,-0.2742181703195896,0.22816412249063434,0.7477496252962457,False,False,False
3402,126.5,2026-08-11,-0.03065134099616862,-0.10810807612411111,-0.04347826086956519,-0.01858732186799672,,37.7,-0.1203882279867583,0.38349223346745226,0.8354430941017059,False,False,False
3406,538.0,2026-08-11,0.0717131474103585,-0.1165845648604269,0.06928946459720775,0.20866019403630554,,71.5,-0.0076205025199853615,0.8624502885341504,0.6950904392764858,False,False,False
3413,305.5,2026-08-11,-0.04976671850699843,-0.08532934131736525,0.01452113888050266,0.0898655139707476,,58.0,-0.06238882823669045,0.47072277603730917,0.7997382198952879,False,False,False
3416,186.0,2026-08-11,0.04494382022471921,0.00540540540540535,0.14893716891239683,0.3008304713104235,,81.0,0.07202720179520372,1.6378463098361253,0.945184741313776,False,False,False
3419,12.149999618530272,2026-08-11,0.012499968210855972,-0.07604562958244154,-0.13829792270801322,-0.1620689918254985,,14.2,-0.21520788982520633,0.48232408549026146,0.6768801728195923,False,False,False
3430,112.0,2026-08-11,0.03703703703703698,-0.0705394190871369,-0.3556756084866809,0.6925535922045103,,45.4,-0.432585575603874,0.6860121811929165,0.6179896161358238,False,False,False
3432,16.049999237060547,2026-08-11,0.006269556676566257,-0.11813194701930674,-0.18939394669172294,-0.12295082479803465,,11.1,-0.26630391380891605,0.4831912630474189,0.710176945404847,False,False,False
3434,29.899999618530277,2026-08-11,-0.003333346048990715,-0.004991667964679203,0.05281690211788903,-0.13708518609446563,,44.2,-0.02409306499930408,0.5675003572094709,0.7157578013399778,False,False,False
3437,17.5,2026-08-11,0.002865285666160844,-0.13580246913580252,-0.29577465869781283,0.09375,,11.4,-0.37268462581500594,0.309844825074296,0.5852842884036199,False,False,False
3438,59.79999923706055,2026-08-11,0.04912279363264127,-0.11799415124790102,-0.003262624174027673,0.17049803737389646,,61.8,-0.08017259129122078,0.6597242195605456,0.7734176726815741,False,False,False
3441,79.30000305175781,2026-08-11,-0.11495530801083886,0.06729474824539339,1.0654884808986713,1.1859987900674485,,98.1,0.9885785137814782,1.4984895345747962,0.8545258668529293,False,False,False
3443,4955.0,2026-08-11,0.19541616405307605,0.16042154566744737,-0.0661211898952131,0.8469662082485414,,83.9,-0.1430311570124062,1.0043827828865526,0.8686865574028705,True,False,False
3444,76.30000305175781,2026-08-11,0.12869829547359068,-0.08418434088714433,-0.16628514735698774,0.1521987910477114,,31.5,-0.24319511447418085,0.5241906047266143,0.6648432350990212,False,False,False
3447,27.149999618530277,2026-08-11,-0.00912408771826878,-0.24055945122992228,-0.26153939136118853,-0.4196712763268401,,1.4,-0.33844935847838165,0.4670876905640426,0.33875981194124366,False,False,False
3450,473.5,2026-08-11,0.09606481481481488,-0.08058252427184465,0.07584997612635025,0.8248070242786227,,88.4,-0.0010599909908428629,1.3817775539881172,0.7736928104575164,False,False,False
3455,202.0,2026-08-11,0.10684931506849304,-0.07762557077625576,-0.29370629370629375,0.8198198198198199,,66.0,-0.37061626082348686,0.4934284787648441,0.6516129032258065,False,False,False
3465,30.049999237060547,2026-08-11,-0.014754123375063988,-0.12099612955750016,0.059964685457358335,-0.34028540635822524,,28.3,-0.016945281659834777,0.5832648220711996,0.5712927777335389,False,False,False
3466,25.850000381469727,2026-08-11,0.05510205638651944,-0.21903318510179715,-0.31341303230222695,-0.34390864516868613,,1.1,-0.39032299941942006,0.4398841091319442,0.5118811956726679,False,False,False
3467,45.900001525878906,2026-08-11,0.02113461060767574,-0.18472465101448254,-0.31720276037709194,0.10222989669236959,,9.8,-0.39411272749428505,0.4153217647943597,0.5973374708663938,False,False,False
3479,141.0,2026-08-11,0.05617977528089879,-0.010526315789473717,0.5118844874450237,0.5929373148422767,,94.6,0.43497452032783057,0.6056372320549592,0.9009584664536742,False,False,False
3481,50.09999847412109,2026-08-11,0.04811713961864017,-0.17868854960457237,0.3668544345394358,1.4064339341746637,,96.5,0.28994446742224267,0.6635430388629638,0.706629018277726,False,False,False
3483,73.5,2026-08-11,-0.005412740427871765,-0.10521534924104203,-0.14520574199189817,-0.12766145289609698,,14.9,-0.22211570910909129,0.3861372668678747,0.6623730435715288,False,False,False
3484,50.20000076293945,2026-08-11,-0.019531249708961695,-0.04562733423580645,0.17978852322083827,0.012096820711222867,,72.3,0.10287855610364516,0.7830106731666282,0.9110708194759203,False,False,False
3485,205.0,2026-08-11,-0.007263922518159771,-0.2448920863309353,-0.28109589041095895,0.21341040462427752,,17.9,-0.35800585752815206,0.3489713723561836,0.543130659767141,False,False,False
3489,25.950000762939453,2026-08-11,0.011695951223034129,0.26894864522290796,0.33433192900300557,0.4520671662260569,,90.2,0.25742196188581246,2.1222357204911533,0.9980769524207482,False,False,False
3490,32.0,2026-08-11,0.12676057851496636,0.035598718286393494,0.0020893266586374803,0.3381810431871095,,71.1,-0.07482064045855563,1.9439175234041497,0.7475356414897837,True,False,False
3491,1275.0,2026-08-11,0.08974358974358965,0.017225675910466087,-0.25482307077704003,0.18129431847060573,,19.2,-0.33173303789423314,1.0426393346043163,0.5825928953653164,False,False,False
3492,21.950000762939453,2026-08-11,0.0,-0.04357298330093473,-0.04148466687405972,-0.13921565635531552,,28.0,-0.11839463399125283,0.70057102721045,0.7728873611891753,False,False,False
3494,7.099999904632568,2026-08-11,0.03197671315875095,-0.09438778489195021,-0.06455866114683162,-0.22993495672418462,,17.4,-0.14146862826402473,0.7207791532179751,0.5163636294278231,False,False,False
3498,124.5,2026-08-11,0.2028985507246377,-0.04961832061068705,0.00809716599190291,1.2718978418489142,,92.1,-0.0688128011252902,0.9905990078115186,0.778125,False,False,False
3499,13.050000190734863,2026-08-11,0.019531249708961695,-0.11525422435695842,-0.10921498085034931,-0.24566469559265736,,13.2,-0.18612494796754242,0.37466152927413876,0.6112412158109997,False,False,False
3501,39.150001525878906,2026-08-11,0.02755913632046525,0.01886879366615779,-0.03931835467180278,-0.21647822738407962,,22.1,-0.11622832178899589,0.2155408188992415,0.7105731472072325,True,False,False
3504,73.5999984741211,2026-08-11,-0.05882351219483639,-0.03664925387219231,0.1117825055439885,0.3166367882843075,,79.3,0.034872538426795385,0.6378637092513044,0.8043715680231813,False,False,False
3508,17.049999237060547,2026-08-11,0.027108364171674726,-0.03943666270081425,-0.16009852818450654,-0.27600850151073353,,7.6,-0.23700849530169965,0.26100518289365326,0.3260038142596887,False,False,False
3511,20.5,2026-08-11,0.06493506493506485,-0.1404612296808394,-0.03529411764705881,-0.007263904179236613,,39.9,-0.11220408476425192,0.2685291565751428,0.7282415729236984,False,False,False
3512,19.700000762939453,2026-08-11,-0.005050428180518374,0.0025444902380644674,0.056736081532737126,0.036365342153941604,,60.7,-0.020173885584455986,0.2856889930571656,0.8671201823958334,False,False,False
3515,216.0,2026-08-11,0.08816120906801017,0.016470588235294015,-0.008067671092289896,0.02328006207438249,,47.8,-0.08497763820948301,1.1549790070540136,0.6715749279027573,True,False,False
3516,26.100000381469727,2026-08-11,-0.02613280714010391,0.04136292128880181,0.13828632300426236,0.3114421916819905,,80.8,0.061376355887069245,0.25082694150518026,0.8974203141147548,False,False,False
3518,27.899999618530277,2026-08-11,0.08139536602982433,-0.05902192318769228,-0.23456792772148283,0.29767440086187325,,32.2,-0.31147789483867594,0.6179601014965134,0.7172236124456014,False,False,False
3520,18.5,2026-08-11,0.024930791244328843,0.12462000863118705,0.22923586482005742,0.19354838709677424,,82.5,0.1523258977028643,0.3952044649973977,0.9367088607594937,False,False,False
3521,12.25,2026-08-11,0.0,-0.06130269571205382,-0.06844103761509168,-0.18333333333333335,,19.7,-0.1453510047322848,0.2097393370061661,0.7291666997803598,False,False,False
3523,15.449999809265137,2026-08-11,0.019801993286384656,0.0032467657125589966,0.24596776488420335,-0.19948184352269316,,69.3,0.16905779776701024,0.11586650353977529,0.664516120828608,False,False,False
3526,286.5,2026-08-11,-0.060655737704918056,-0.09047619047619049,-0.2634961439588689,0.21384099849072036,,20.5,-0.340406111076062,0.8661598780418468,0.7253164556962025,False,False,False
3527,51.20000076293945,2026-08-11,-0.009671179741227776,-0.15406521648563298,-0.1372863410616353,-0.08591632853330267,,17.3,-0.2141963081788284,0.2125055914847315,0.7299885022962774,False,False,False
3528,91.0,2026-08-11,0.03291715750404656,-0.01939658397159616,0.1138311309564608,0.29445229089111113,,78.5,0.03692116383926769,0.5216595765626281,0.65,True,False,False
3529,2660.0,2026-08-11,0.03300970873786402,0.04313725490196085,-0.31701178111048023,0.40541405135428676,,27.4,-0.39392174822767334,1.4221943767834693,0.5690359017147913,False,False,False
3530,55.5,2026-08-11,0.02022055961887803,-0.10914926677905024,-0.17968000454674826,-0.20971989120212264,,8.3,-0.2565899716639414,0.6216950632232303,0.7102517765579586,False,False,False
3531,21.350000381469727,2026-08-11,-0.04044942105754035,-0.06768555733102799,-0.05570892256889237,0.016928813023463496,,38.5,-0.13261888968608548,0.9683057543252311,0.9065817865450845,False,False,False
3532,284.0,2026-08-11,-0.02572898799313894,-0.3885898815931109,0.15461019657665798,0.9427399631267968,,91.7,0.07770022945946486,0.7406563400137547,0.5430210325047801,False,False,False
3533,1990.0,2026-08-11,-0.00995024875621886,0.022872655551864796,-0.2195422371021155,0.38718344768620083,,42.5,-0.2964522042193086,0.9558203945553314,0.7106272913716268,False,False,False
3535,89.0,2026-08-11,0.058263990663290244,-0.10999999999999999,-0.28800000000000003,-0.10910912271663264,,4.8,-0.36490996711719315,0.31059919228749894,0.5993265993265994,False,False,False
3537,57.0,2026-08-11,0.08986617268646091,-0.10125646711012559,0.21800969617431099,0.2255593228235142,,82.9,0.14109972905711787,0.2369976063875454,0.6620209176557927,False,False,False
3540,20.75,2026-08-11,0.02722768397462727,-0.10010578061094688,-0.22748053571882532,-0.3412999941631749,,3.2,-0.30439050283601843,0.5364171464655177,0.5333129400368452,False,False,False
3541,21.450000762939453,2026-08-11,0.031250074505808634,-0.035955021890361705,-0.06739127117654553,-0.17658343987883174,,20.6,-0.14430123829373864,0.5607993037673228,0.7743682372614936,False,False,False
3543,37.09999847412109,2026-08-11,0.12937595730325846,0.206504015418572,-0.015154634383496512,-0.17156492247855681,,29.6,-0.09206460150068962,2.4145516563213802,0.6863532628862435,False,False,False
3545,50.400001525878906,2026-08-11,0.010020039773760203,-0.07687607066743973,-0.08019070016450969,-0.06337516650680597,,27.9,-0.1571006672817028,0.4089419023468673,0.7308613305689209,False,False,False
3548,75.0999984741211,2026-08-11,0.0026701861704647722,-0.058151891234632935,-0.22896318788462222,-0.18170609191470333,,5.9,-0.30587315500181533,0.24243420806768665,0.62777364017126,False,False,False
3550,23.049999237060547,2026-08-11,0.05491985513229092,-0.1462963245533131,0.14962594085563752,0.3519061741045808,,82.3,0.0727159737384444,0.6023110736964835,0.6187919258271288,False,False,False
3551,178.0,2026-08-11,0.017142857142857126,-0.10403884241719641,-0.13596149863551132,-0.016864254729526573,,22.6,-0.21287146575270444,0.36179372640667423,0.808356051166698,False,False,False
3552,44.34999847412109,2026-08-11,-0.029540530990825653,-0.04130876465392752,-0.18806493616691422,-0.2150820073227866,,7.8,-0.26497490328410733,0.4496269616670954,0.5858668553090906,False,False,False
3555,164.5,2026-08-11,0.11904761904761907,0.015432098765432167,-0.24885844748858443,0.6127450980392157,,57.8,-0.32576841460577755,0.36975865430317834,0.5960144927536232,True,False,False
3556,63.79999923706055,2026-08-11,0.03403563125046949,-0.09375003047964725,0.23847212135981755,0.4586449909405872,,87.4,0.16156215424262443,0.28621150489612107,0.8164057519434366,False,False,False
3557,25.149999618530277,2026-08-11,-0.07706423418237518,-0.04007637839058498,-0.013989093479822245,-0.2710865572078379,,21.7,-0.09089906059701536,0.577597983243123,0.5628115113013521,False,False,False
3558,130.0,2026-08-11,0.031746031746031855,-0.09090909090909094,0.1607142857142858,-0.07473309608540923,,66.9,0.0838043185970927,0.2211271062118773,0.7395017619378035,False,False,False
3563,677.0,2026-08-11,0.044753086419753174,-0.02026049204052094,-0.16251107267449671,0.42702566955383325,,57.0,-0.23942103979168983,0.635413010503321,0.7202230074513947,False,False,False
3564,46.5,2026-08-11,0.04966141762591669,-0.11259544568839486,0.12746040378702927,-0.09781398355108828,,61.2,0.05055043666983616,0.3301770817109544,0.7501321840947827,False,False,False
3567,26.25,2026-08-11,0.011560663901366564,-0.08854164252126595,-0.046966333076906785,-0.04023110506593974,,35.5,-0.1238763001940999,0.2065197772830208,0.8344534109942071,False,False,False
3570,163.5,2026-08-11,0.0030674846625766694,0.0030674846625766694,0.0031111497642319907,-0.00838581233271063,,46.6,-0.07379881735296112,0.5679007151134556,0.810476227214864,False,False,False
3576,17.299999237060547,2026-08-11,0.042168604789444286,0.03592805070120764,-0.052054836325449494,0.6018517529195899,,77.5,-0.1289648034426426,0.5234200393665891,0.647940027817286,False,False,False
3577,132.0,2026-08-11,0.0038022813688212143,0.011494252873563315,0.3456123396080084,1.1756978572999572,,95.7,0.2687023724908153,0.9955494838760912,0.825,False,False,False
3580,77.5999984741211,2026-08-11,0.027814549326107274,-0.16289103528829663,-0.23662317602751137,0.1562913095693368,,20.0,-0.3135331431447045,0.1634131548531647,0.695821372234946,False,False,False
3581,115.0,2026-08-11,0.03139013452914807,-0.13793099504009265,-0.4865900409242093,0.6408698658589582,,19.0,-0.5635000080414024,0.8862367966511219,0.41256156422002377,False,False,False
3583,702.0,2026-08-11,0.0042918454935623185,-0.10764964304645053,-0.2665360343489829,1.096231425934703,,80.1,-0.343446001466176,0.549305130066259,0.7334639656510171,False,False,False
3585,50.59999847412109,2026-08-11,0.0274111365303773,-0.166392127872673,-0.5203791613827385,1.8914284842354907,,86.3,-0.5972891284999317,0.43331936394404225,0.3066666574189157,False,False,False
3587,253.0,2026-08-11,0.005964214711729587,-0.06981850120380595,-0.3505172286419077,0.23059896057537066,,12.7,-0.4274271957591008,1.2045334043154428,0.6494827713580923,False,False,False
3588,55.79999923706055,2026-08-11,0.0648854506140133,-0.13622290162415174,-0.07087363242150102,0.037124422088975706,,38.0,-0.14778359953869413,0.35724846395432264,0.7406079475676184,False,False,False
3591,21.450000762939453,2026-08-11,0.048899753676892255,-0.12448976477798146,-0.0949367058046009,0.08607598799693439,,38.1,-0.171846672921794,0.46212432723008706,0.7592920624049364,False,False,False
3592,239.0,2026-08-11,-0.008298755186721962,-0.06457925636007833,-0.028617303620040002,0.059133657006072315,,47.2,-0.10552727073723311,1.0127917609571109,0.8079288849861059,False,False,False
3593,12.399999618530272,2026-08-11,-0.015873075943203085,-0.289398333731563,-0.30726257638052357,-0.004016079638624159,,6.7,-0.3841725434977167,0.6248280234342537,0.6215538418206679,False,False,False
3594,56.900001525878906,2026-08-11,0.06554306928818754,0.06355143039026001,0.05762086120408161,0.4101611816013413,,78.7,-0.019289105913111504,3.0123016851213444,0.9483333587646484,False,False,False
3595,1440.0,2026-08-11,0.006993006993007089,-0.2885208572938631,-0.3869169152386317,2.160684146669765,,93.0,-0.4638268823558248,0.9982002117397953,0.5880592928680323,False,False,False
3596,169.0,2026-08-11,-0.06371191135734067,-0.14213197969543145,-0.07650273224043713,-0.0026515014053543062,,33.5,-0.15341269935763024,0.970449125627107,0.713533913300054,False,False,False
3597,27.149999618530277,2026-08-11,0.024528287491708545,0.014953256767487044,0.002461500843658593,0.07058999700959645,,54.5,-0.07444846627353452,0.30363884266093716,0.800223239633777,False,False,False
3603,6.929999828338623,2026-08-11,0.004347787327036778,-0.09765625218278728,-0.23846158924892613,-0.04413795471191406,,10.6,-0.31537155636611924,0.2329421565399934,0.5171641810165002,False,False,False
3605,111.0,2026-08-11,0.19870412342416133,0.2374582360805222,0.38231626128898566,0.6716867085724174,,93.3,0.30540629417179255,2.2537316261488107,1.0,True,True,False
3607,14.149999618530272,2026-08-11,0.014336904085998636,-0.1265432745595262,0.03898594786622156,0.014163851301126185,,56.0,-0.03792401925097155,0.23851550332782584,0.8118852113210143,False,False,False
3609,23.950000762939453,2026-08-11,-0.08587786009467147,-0.1537101975757127,-0.055226808578418884,-0.35531629127240427,,13.1,-0.132136775695612,0.9492118372381732,0.4605769377488356,False,False,False
3611,189.5,2026-08-11,0.027100271002709952,-0.0005821520892851373,0.05201876053950394,0.017219154046172802,,58.1,-0.024891206577689173,0.7581147623354436,0.9275339458352894,False,False,False
3615,35.900001525878906,2026-08-11,0.014124293176498215,-0.2328698584142731,0.010444297349226028,0.405666147624542,,74.8,-0.06646566976796708,0.0880201826240406,0.5989661547720494,False,False,False
3617,229.0,2026-08-11,0.03619909502262453,0.04247186743599363,0.2197450244030379,0.2849719673891704,,84.0,0.14283505728584478,0.8297750672176016,0.936802223994431,False,False,False
3622,54.900001525878906,2026-08-11,0.02234638260503763,-0.016128991460341968,-0.003629708780048535,-0.16565351094748493,,32.2,-0.08053967589724165,0.531789584873324,0.7520548154229987,False,False,False
3623,21.549999237060547,2026-08-11,0.09113920187648339,-0.054824563238062396,-0.05066085846818236,-0.2091743399243836,,20.6,-0.12757082558537547,0.745978831185383,0.675548573503507,False,False,False
3624,85.19999694824219,2026-08-11,0.2529411315917969,-0.34461540809044466,0.2899076265716489,0.47862052419349754,,89.7,0.2129976594544558,0.4332176499276905,0.48673001914696,False,False,False
3625,17.149999618530273,2026-08-11,-0.008670498563314366,0.01780410862129478,0.15100671527546927,-0.12276213361587462,,62.7,0.07409674815827616,0.38706599473045883,0.4971014382182688,False,False,False
3628,65.4000015258789,2026-08-11,0.017107284944227086,-0.06632199151901774,0.029151868744705878,0.027606627067392253,,55.4,-0.047758098372487234,0.13222198037761973,0.6878251521268227,False,False,False
3630,25.950000762939453,2026-08-11,-0.02259881323399704,-0.0665467095284965,0.011695951223034129,-0.24454142894679032,,28.2,-0.06521401589415898,0.24885252695420307,0.6253012232033603,False,False,False
3631,34.150001525878906,2026-08-11,0.07728708845344112,0.0605590284700801,-0.1629901430277758,0.27188085812643803,,42.3,-0.23990011014496893,0.6584467742645185,0.8238842194766015,True,False,False
3632,8.0,2026-08-11,-0.05771493337197453,-0.02912618662434696,-0.037304501078592955,-0.1489361356749892,,27.9,-0.11421446819578607,0.967499342624244,0.7804878048780488,False,False,False
3633,121.0,2026-08-11,0.029787234042553123,0.029787234042553123,0.005745536685329844,0.46362732381589145,,76.6,-0.07116443043186327,1.121621346645595,0.8615886483797222,False,False,False
3645,67.80000305175781,2026-08-11,-0.018813248206512534,-0.13409961163167894,-0.36553841457176306,0.03207023020623567,,4.4,-0.44244838168895617,0.42054946639733676,0.5858645285329268,False,False,False
3646,23.299999237060547,2026-08-11,-0.008510670763380968,-0.008510670763380968,0.006479465270064377,-0.09514566069667774,,39.6,-0.07043050184712873,0.5177627972699543,0.7898304826122219,False,False,False
3652,37.34999847412109,2026-08-11,0.24499994913736955,0.1974404745598206,0.29323581374805285,0.3518143797332456,,87.4,0.21632584663085974,2.9711136525244157,0.9085965297475529,True,False,False
3653,4065.0,2026-08-11,-0.0193003618817853,0.2802000804707563,0.15870800005010555,0.41286335415374564,,84.2,0.08179803293291243,1.2288551167411583,0.7511918061449582,False,False,False
3659,19.0,2026-08-11,0.027027027027026973,-0.14027150805250643,-0.20833333333333337,-0.3238434255492265,,3.8,-0.2852433004505265,0.31349269835881755,0.49159118369706034,False,False,False
3661,3955.0,2026-08-11,0.16666666666666674,-0.04353083434099159,-0.17259414225941427,0.2094801223241589,,35.3,-0.24950410937660739,1.4594949027519175,0.7358139534883721,True,False,False
3663,63.400001525878906,2026-08-11,0.007949125403348134,-0.19132652688850627,-0.06489677474675026,0.02755268625475571,,38.3,-0.14180674186394338,0.1257902480255411,0.6913849905759918,False,False,False
3664,6.099999904632568,2026-08-11,-0.10162003845315992,-0.17567569918663828,-0.4106280502603854,-0.6211180273229462,,0.2,-0.4875380173775785,0.2180429939556392,0.26293102172552235,False,False,False
3665,2200.0,2026-08-11,-0.04347826086956519,0.1899614172388715,-0.11228878906997686,0.62584463650071,,73.6,-0.18919875618716997,1.4559683903020164,0.7548564481035355,False,False,False
3666,25.049999237060547,2026-08-11,0.0,-0.007920822294631757,-0.12717775013414578,-0.10215055270383777,,17.6,-0.2040877172513389,0.6897610659478457,0.7602427513517863,False,False,False
3669,38.5,2026-08-11,-0.003881022508588239,0.08910895790235895,0.03309492496441879,0.07660830765699056,,60.0,-0.04381504215277432,0.9788644885284713,0.9048178775633667,False,False,False
3672,12.649999618530272,2026-08-11,-0.015564261245304412,-0.048872222773154506,0.11946897389455846,0.03265303008410392,,68.3,0.04255900677736535,0.15035128676318346,0.7955974793727437,False,False,False
3673,62.900001525878906,2026-08-11,0.05008347117827516,-0.17354087030720144,-0.032074880914658044,0.6196937358598507,,79.8,-0.10898484803185116,0.2463154492710187,0.6857852206501446,False,False,False
3675,272.5,2026-08-11,0.07920792079207928,-0.23562412342215988,0.07072691552062871,0.6925465838509317,,86.0,-0.006183051596564404,0.6167199167470466,0.6055555555555555,False,False,False
3678,52.5,2026-08-11,0.07581968895051805,0.06323519834339209,-0.12032012345953624,0.39386695138395567,,61.0,-0.19723009057672936,0.4415927381027819,0.6942460432561952,False,False,False
3679,108.5,2026-08-11,0.0,-0.013636363636363669,-0.012418696119892547,0.00024258216582895287,,44.7,-0.08932866323708566,0.580212823573069,0.900218355607251,False,False,False
3680,445.0,2026-08-11,0.03488372093023262,-0.1491395793499044,-0.23672131284838704,0.08276927961762803,,15.8,-0.31363127996558016,0.4302730890105721,0.7285841840367386,False,False,False
3684,52.900001525878906,2026-08-11,0.06868689951270524,0.021235565733973116,-0.035252737797431544,-0.002284740085993553,,40.5,-0.11216270491462466,1.0176947849962634,0.791340427620241,True,False,False
3685,38.29999923706055,2026-08-11,0.06388886769612623,0.14328355931524017,0.3391607946227708,0.09742113359681337,,85.1,0.2622508275055777,1.2142407179843224,0.837158453269083,False,False,False
3686,14.649999618530272,2026-08-11,0.013840817432876129,-0.09567907848221224,-0.15317917545645732,-0.23697921685460355,,9.3,-0.23008914257365043,0.42186190771685805,0.6287553690228562,False,False,False
3687,65.69999694824219,2026-08-11,-0.0015198495270123402,-0.12153220962534728,0.05912600700961024,-0.16398599263478442,,43.2,-0.017783960107582875,0.19812139497447992,0.7937215163738941,False,False,False
3689,110.0,2026-08-11,0.06280193236714982,-0.0463622134573074,-0.06590395770487079,0.026664149718627073,,37.8,-0.1428139248220639,0.6513607718245202,0.8025332091843528,False,False,False
3691,118.0,2026-08-11,0.03508771929824572,-0.1748251748251748,-0.23376623376623373,-0.05600000000000005,,10.5,-0.31067620088342685,0.1862500981696248,0.696165191740413,False,False,False
3693,492.0,2026-08-11,-0.013039117352056206,0.006134969325153339,-0.13532513181019334,0.29986789960369875,,50.2,-0.21223509892738646,1.30355784821121,0.6758241758241759,False,False,False
3694,53.79999923706055,2026-08-11,-0.02536234613277122,-0.17451508710252384,0.0036471424869894964,-0.08067909828069775,,40.4,-0.07326282463020362,0.722424060042299,0.5365652028050907,False,False,False
3701,41.20000076293945,2026-08-11,0.053708500531228553,0.013530116024974781,-0.30169490232306007,-0.2746478641489575,,2.0,-0.3786048694402532,1.9424469053996665,0.5241730478723161,False,False,False
3702,125.5,2026-08-11,0.06808510638297882,0.07264957264957261,0.1357466063348416,0.9218988382056692,,90.9,0.05883663921764848,0.9925149352274826,0.9653846153846154,False,False,False
3703,20.149999618530277,2026-08-11,-0.01225490218994485,-0.019464702354289987,0.04370109319666038,-0.07681346060191308,,48.1,-0.03320887392053273,1.2455371879430817,0.8683250571347437,False,False,False
3704,45.400001525878906,2026-08-11,-0.010893245825233655,-0.08926774492385059,0.2528076315408023,0.21137884097513782,,83.9,0.1758976644236092,1.1018922718505055,0.9007936537971601,False,False,False
3706,90.0,2026-08-11,-0.014238806224582845,-0.008810606000770549,0.09622413730457113,0.125,,70.1,0.01931417018737802,0.6278343009265227,0.8411214953271028,False,False,False
3707,61.900001525878906,2026-08-11,0.035117095578772295,-0.2760233739663286,-0.1497252894087031,0.019769369816418747,,23.6,-0.22663525652589622,0.2244232593038944,0.615920413192825,False,False,False
3708,102.5,2026-08-11,0.08580506719484049,-0.023809523809523836,-0.07935282071066907,-0.08708933007522901,,26.7,-0.15626278782786218,0.5056726631715566,0.7315580119522455,False,False,False
3709,71.5999984741211,2026-08-11,-0.014739400429389593,-0.09583581298525423,-0.10135573864693481,0.1851685013263562,,45.5,-0.17826570576412792,0.9874445414704903,0.7922385607810992,False,False,False
3710,5.190000057220459,2026-08-11,0.03800001144409171,-0.10671254589762869,-0.16559481796050912,-0.2690140666291958,,7.4,-0.24250478507770223,0.7562947724022315,0.5038834913701272,False,False,False
3711,629.0,2026-08-11,0.07521367521367517,-0.06119402985074629,0.15830151588549546,1.0475782363191684,,92.7,0.08139154876830235,0.876580685428708,0.8731076661559047,False,False,False
3712,22.399999618530277,2026-08-11,0.19466664632161468,0.3293768018642891,0.1256281431117252,-0.15789476325967589,,56.2,0.0487181759945321,0.9130569160777388,0.4628098948830252,True,True,False
3713,15.0,2026-08-11,0.01351350045186761,0.020408176505266162,0.08303246114483032,-0.2555831124579403,,38.8,0.006122494027637204,0.4377030337709341,0.5434782533579529,True,False,False
3714,56.0,2026-08-11,0.04283052522129327,-0.08045979315446639,-0.18829271054644248,0.5739477192170994,,63.4,-0.2652026776636356,0.664533705165019,0.698028420664328,False,False,False
3715,122.0,2026-08-11,0.16746411483253598,-0.1527777777777778,-0.304414277678126,-0.14146235027198573,,3.6,-0.3813242447953191,0.8854135058559286,0.6032967285867514,False,False,False
3717,22.899999618530277,2026-08-11,-0.010799136247064522,-0.09137593085911466,0.034935086160437834,0.2750856495083738,,71.4,-0.04197488095675528,0.7189634735124116,0.786339051238333,False,False,False
4113,14.649999618530272,2026-08-11,0.01736111157102349,-0.016778523919496524,-0.010135173666990571,-0.3532008889507925,,16.4,-0.08704514078418368,0.8156944372520843,0.5623800402146715,False,False,False
4154,12.199999809265137,2026-08-11,0.051724086902089184,0.025210100869895502,-0.11272728659889919,-0.12857144219534733,,17.7,-0.1896372537160923,1.1098154328682295,0.6387434327541285,False,False,False
4171,17.0,2026-08-11,0.017964025350603707,0.017964025350603707,-0.08108108108108103,-0.24444444444444446,,15.3,-0.15799104819827414,0.5316850899666171,0.6415094339622641,False,False,False
4303,44.59999847412109,2026-08-11,0.01594526022577769,-0.021929825295224914,-0.11507942214604283,-0.23890785605024678,,12.8,-0.19198938926323594,0.6957907185629837,0.5445665157897256,False,False,False
4304,16.0,2026-08-11,-0.04477611940298509,-0.19191916078198212,-0.4666666666666667,-0.44444442972724785,,0.3,-0.5435766337838598,0.7512098309266282,0.45325780016453987,False,False,False
4305,43.45000076293945,2026-08-11,0.04321726701359507,0.052058149288041644,0.051770010341185335,0.1093668719178118,,64.5,-0.025139956776007777,0.6337150623729999,0.9886234359199005,False,False,False
4306,14.300000190734863,2026-08-11,0.01779359406449399,-0.03050846164509402,0.14323289998204491,0.0971686947766699,,73.0,0.0663229328648518,0.30316095170694896,0.9049155454072206,False,False,False
4401,13.949999809265137,2026-08-11,0.0035971361228104293,-0.015540552591118417,0.03333331920482485,-0.14041299755245473,,40.3,-0.04357664791236826,0.275354944428992,0.8208450807605341,False,False,False
4402,16.600000381469727,2026-08-11,0.031055899885286564,0.03750002384185791,0.3387097493666913,-0.1637279565512716,,78.2,0.2617997822494982,0.37905119077943084,0.7494356960431943,False,False,False
4406,10.100000381469728,2026-08-11,0.0285133090984806,0.02538070967695716,0.015075434681407263,-0.042654009585737285,,46.2,-0.06183453243578585,0.30858965605373656,0.943925286122354,False,False,False
4413,15.5,2026-08-11,0.08771929824561409,0.07608795901035492,-0.15409128505620917,-0.10376805085754226,,15.0,-0.23100125217340228,1.8977580037415849,0.7948991633200512,True,False,False
4414,8.279999732971191,2026-08-11,-0.01193321958282556,-0.0224321756868453,-0.1661631945111386,-0.20000005528546572,,9.8,-0.2430731616283317,0.41342447976001223,0.6393822281794342,False,False,False
4416,10.449999809265137,2026-08-11,0.019512176513671875,-0.050000017339533076,-0.15040653274650062,-0.6469594704530114,,1.3,-0.22731649986369373,0.28200963942758367,0.16936790405263663,False,False,False
4417,46.84999847412109,2026-08-11,0.08700696363717153,0.06115508165179917,0.10088652164403555,-0.024503911810921708,,62.6,0.023976554526842442,1.0315515182426012,0.8896249564022818,True,True,False
4420,35.29999923706055,2026-08-11,0.012912504523453938,-0.026206917598329715,-0.13586289949500296,-0.25627273141548423,,10.3,-0.21277286661219608,0.37495589762199977,0.693049717947412,False,False,False
4426,7.949999809265137,2026-08-11,0.0025220657452023065,-0.022140258627555975,-0.003759424779028131,-0.17531125247606594,,31.1,-0.08066939189622124,0.291503610037687,0.7098214236297169,False,False,False
4430,17.399999618530273,2026-08-11,-0.025210126236557606,0.023529389325310124,0.02052788252969262,-0.036011060720472665,,47.5,-0.05638208458750049,0.6992507646089219,0.8810126389129252,False,False,False
4431,18.600000381469727,2026-08-11,0.04201680582475409,0.09734510585615652,0.07514457813525688,0.02762430881006428,,62.7,-0.0017653889819362334,1.5871139538356545,0.8691589118237166,True,True,False
4432,16.0,2026-08-11,-0.006211203670828613,-0.030303030303030276,0.02893889413154227,-0.04477611940298509,,48.3,-0.04797107298565084,0.5125758734049369,0.859235507904742,False,False,False
4433,20.049999237060547,2026-08-11,0.028205089080028056,0.002499961853027255,0.04429648000085806,-0.06477449105617239,,49.6,-0.03261348711633505,0.4847909300762645,0.8695278217331208,False,False,False
4438,61.400001525878906,2026-08-11,0.01487605827899019,0.006557402063588569,0.058620715963429326,-0.11399713099548736,,47.4,-0.018289251153763786,1.7713629075592485,0.7318236044005328,False,False,False
4439,102.5,2026-08-11,0.009852216748768461,0.024189849825821286,0.11768881684739396,0.03413348346299183,,68.0,0.04077884973020085,1.0889645435962294,0.9808612440191388,False,False,False
4440,17.399999618530273,2026-08-11,0.0,0.008695630059726067,-0.09375005587935226,0.05763688593752492,,35.8,-0.17066002299654537,1.0947950404323712,0.8289586325370369,False,False,False
4441,201.0,2026-08-11,0.12605042016806722,0.07200000000000006,-0.06944444444444442,-0.2178988326848249,,17.5,-0.14635441156163753,1.947138005645839,0.6802030456852792,True,False,False
4442,52.5,2026-08-11,-0.1086587667245974,0.058467774497855896,-6.47366710573305e-05,-0.027889027049889714,,44.5,-0.07697470378825044,1.6045297081879115,0.723140511066458,False,False,False
4502,15.699999809265137,2026-08-11,0.0,0.003194900444321025,-0.01567398137865672,-0.01257860465808125,,43.3,-0.09258394849584983,0.31936106496269795,0.8351064067234448,False,False,False
4503,24.450000762939453,2026-08-11,-0.2557077047598366,-0.3849056411839131,-0.4572696742062191,-0.3948019841712731,,0.4,-0.5341796413234122,1.1278175887091564,0.40346536928347776,False,False,False
4506,122.0,2026-08-11,-0.004081632653061273,0.040015005659641556,0.06612419451232321,0.1426173815666194,,68.4,-0.010785772604869903,0.8463897115020825,0.961523334257529,False,False,False
4510,40.5,2026-08-11,0.09459459459459452,-0.04929574059484554,-0.13090125909572015,-0.18511067649318336,,13.9,-0.20781122621291326,0.4793292500174502,0.7336956420332363,False,False,False
4513,17.0,2026-08-11,-0.04225352112676062,-0.08108108108108103,0.15646260003930168,-0.12596404456743004,,62.9,0.07955263292210857,0.5920056627966067,0.7280513799687555,False,False,False
4523,25.700000762939453,2026-08-11,0.011811068854911122,0.03420524621414334,-0.04336894365205224,-0.04982176491868173,,35.2,-0.12027891076924535,0.4691690726342009,0.7078589128156161,False,False,False
4526,30.649999618530277,2026-08-11,0.03025208801782453,-0.14389168644967154,-0.1116082608893233,-0.1028371233442511,,19.3,-0.1885182280065164,0.21407058297990542,0.7115083922462923,False,False,False
4527,41.0,2026-08-11,0.041931425409433176,0.036662472589398254,0.008363070990219823,0.0698486620451475,,55.4,-0.06854689612697329,0.674235692894988,0.9545983532409605,True,False,False
4528,15.149999618530272,2026-08-11,0.0,-0.009803958845400973,-0.06191950610652752,-0.27697008364447384,,15.5,-0.13882947322372063,0.4851223985158331,0.7080016593504074,False,False,False
4529,4.21999979019165,2026-08-11,0.04197520776559305,-0.12989693336677421,-0.12266115584337178,0.24117637406583725,,46.6,-0.1995711229605649,0.44148590355144113,0.6940789215700115,False,False,False
4532,23.700000762939453,2026-08-11,-0.016597494282109215,-0.09541984454963492,0.028199633292560478,-0.019337686544341426,,51.0,-0.048710333824632635,0.4996990798594248,0.8144330052322308,False,False,False
4533,26.700000762939453,2026-08-11,0.0965092544005901,-0.08247421261405008,-0.1455999755859375,-0.31007751326691557,,7.3,-0.22250994270313063,0.5097823448666939,0.6472727457682291,False,False,False
4534,34.29999923706055,2026-08-11,0.008823506972369,-0.0171920419078907,0.4978165855210579,0.37474942638116127,,92.9,0.4209066184038648,0.5325498746602272,0.8099173665382852,False,False,False
4535,29.25,2026-08-11,0.03539823008849563,0.042780777025974936,0.09574612889348,0.04086421037649446,,66.0,0.018836161776286886,0.5673826141106019,0.9961328250370788,False,False,False
4536,171.5,2026-08-11,0.033132530120481896,0.049079754028593436,0.17978480000310704,0.1244823764371652,,77.0,0.10287483288591392,0.7741400799350971,0.9226521731706581,True,True,False
4537,134.0,2026-08-11,-0.0726643598615917,-0.22093023255813948,-0.22989768623550888,0.8742378686444947,,74.5,-0.306807653352702,0.43725682199074123,0.6719142625727076,False,False,False
4538,17.450000762939453,2026-08-11,0.008670608814685288,-0.051630373656861295,0.001949836502419977,0.029937192787443,,50.7,-0.07496013061477313,0.49651901334867393,0.9208443303636403,False,False,False
4540,58.29999923706055,2026-08-11,0.16599998474121103,-0.00341881646050346,-0.10992367577006801,0.1706827335385661,,42.8,-0.18683364288726112,1.3366420946406048,0.7542043588022187,False,False,False
4541,66.30000305175781,2026-08-11,0.05573254549709916,-0.011922435775789442,0.5567719810659444,0.48400976022687914,,94.4,0.4798620139487513,0.5707852479153718,0.8758257030986227,False,False,False
4542,274.5,2026-08-11,-0.016129032258064502,-0.22457627118644063,0.25629290617848977,1.6926795710873344,,96.7,0.17938293906129665,0.9085052635348698,0.555668016194332,False,False,False
4543,31.600000381469727,2026-08-11,0.02265374665311226,-0.08802311717450395,-0.13896458516207522,-0.021671791706659005,,21.6,-0.21587455227926833,0.3727801738854229,0.6817691784631487,False,False,False
4544,14.0,2026-08-11,-0.0035587323883337074,-0.02439026983732251,-0.07718409864381226,-0.027802605053815044,,31.1,-0.15409406576100537,0.15100060070638038,0.8097130726943769,False,False,False
4545,32.599998474121094,2026-08-11,-0.0030581738986287244,-0.09977153759580193,0.09442483138079938,-0.1226996629856073,,53.3,0.017514864263606267,0.19815059663149925,0.7708669302644523,False,False,False
4546,65.30000305175781,2026-08-07,-0.010606014367305905,-0.4538689062353939,-0.4328638586001845,-0.5138833165747405,,0.3,-0.5097738257173776,1.2985899760387913,0.43798633794074315,False,False,False
4549,92.6999969482422,2026-08-11,0.024309358544112758,-0.038079708357911524,-0.03517362806508528,-0.12504784184750783,,30.2,-0.1120835951822784,0.27983849474883105,0.6716384810138898,False,False,False
4550,24.200000762939453,2026-08-11,-0.028112404269672875,-0.05283751524199287,0.047169191539036426,-0.06640244670568296,,50.1,-0.029740775578156686,0.2092805012706617,0.8957267735312741,False,False,False
4551,157.0,2026-08-11,-0.036809815950920255,-0.24664105279204374,0.053717712897963565,0.3779385639183499,,77.1,-0.023192254219229547,0.9406222848309986,0.5716978781648642,False,False,False
4552,17.700000762939453,2026-08-11,-0.013927576009699294,-0.08997428952982334,-0.1149999618530273,-0.25941418219872303,,11.5,-0.1919099289702204,1.0288913091973177,0.7165991990371519,False,False,False
4553,16.600000381469727,2026-08-11,-0.01190469432579655,0.006060629179983401,-0.11171228364193453,-0.09250614185284434,,20.1,-0.18862225075912764,0.041381802849140135,0.5415689217215522,False,False,False
4554,30.75,2026-08-11,0.004901948256873512,-0.019138767916072275,-0.1021897810218978,0.12226278934705381,,39.7,-0.1790997481390909,0.436636440718291,0.8978102189781022,False,False,False
4555,47.84999847412109,2026-08-11,0.14473682649487984,-0.013402093317090968,0.1660072492995499,0.19932176443361205,,78.9,0.0890972821823568,0.6599304527972022,0.8308555004710144,False,False,False
4556,92.0999984741211,2026-08-11,0.13703701819902592,-0.17027028401692712,1.201900257459532,2.1003344067162057,,98.7,1.124990290342339,0.29964935906681783,0.6950943281065743,False,False,False
4557,50.0,2026-08-11,0.007049314468573931,0.014198798656638534,0.025650576267228775,-0.26615424220426054,,28.9,-0.05125939084996434,0.9759115872364612,0.6101059409270806,False,False,False
4558,18.299999237060547,2026-08-11,0.1545740565694318,0.0054944214246803735,-0.05912604014238132,-0.07341776014883306,,30.6,-0.13603600725957443,0.9223387327104329,0.6547405630602197,False,False,False
4559,10.800000190734863,2026-08-11,0.16129031927272175,0.2342857360839843,0.1440678676700049,0.4117647132154887,,83.5,0.06715790055281179,2.5510065487848985,0.7105263372537505,True,False,False
4560,32.0,2026-08-11,0.017488051628560264,0.004802952574594066,-0.03783363550829333,0.05465363934427869,,45.1,-0.11474360262548644,1.3779208027027496,0.9130893982308379,False,False,False
4561,41.900001525878906,2026-08-11,0.17366948544650285,0.045383800322585266,-0.11307446031695145,-0.11679323555031718,,18.2,-0.18998442743414456,1.1475280142722448,0.7417071244395921,False,False,False
4562,32.0,2026-08-11,0.06312291011464422,-0.06158353572111763,-0.11111111111111116,-0.20298882231986415,,14.7,-0.18802107822830427,0.5429793042336017,0.5755395841403546,False,False,False
4563,40.29999923706055,2026-08-11,0.010025004909390844,-0.06279071541719661,-0.16129032514161812,-0.336079098343837,,5.6,-0.23820029225881123,0.4423644807392651,0.5891812622520656,False,False,False
4564,16.850000381469727,2026-08-11,0.05312502384185791,-0.1976190294538226,-0.014619882714792864,0.005970172028043397,,44.9,-0.09152984983198598,0.33063011630516026,0.7800925964762971,False,False,False
4565,122.0,2026-08-11,0.012448132780082943,0.004705864316947306,0.06307056634219,0.3084779980269874,,75.1,-0.013839400775003119,0.5045323984739796,0.9816092040104413,False,False,False
4566,70.4000015258789,2026-08-11,0.04142016442248475,0.08641972546896648,0.12460069076491043,0.20130072892608442,,75.5,0.047690723647717315,2.6117262325206787,0.9226736397130068,False,False,False
4568,40.25,2026-08-11,0.020278814235463516,0.012615155230671249,0.05291815599695959,-0.00872804050356446,,56.4,-0.02399181112023352,0.54938144033234,0.9302705476372267,True,True,False
4569,167.0,2026-08-11,0.024539877300613577,0.024539877300613577,-0.08991825613079019,0.14383561643835607,,43.8,-0.1668282232479833,0.6847052616506648,0.7767441860465116,False,False,False
4571,168.0,2026-08-11,0.10526315789473695,0.018181818181818077,-0.09372825646670635,-0.10311961497361721,,22.5,-0.17063822358389946,1.027620395840466,0.7461116975166583,False,False,False
4572,141.5,2026-08-11,0.014336917562723928,-0.028052530800515174,-0.011634526173980198,-0.004910877209398423,,44.3,-0.08854449329117331,0.41024840434317317,0.8241019505955299,False,False,False
4573,408.0,2026-08-11,0.18604651162790709,0.05290322580645168,-0.13283740701381508,3.755244586108918,,98.1,-0.2097473741310082,1.095662723552668,0.6754966887417219,True,False,False
4575,23.649999618530277,2026-08-11,0.07499998266046703,-0.05400001525878895,-0.08687258815209509,0.19635836301456133,,49.5,-0.1637825552692882,0.28426777868073444,0.6537130609533087,False,False,False
4576,218.5,2026-08-11,0.08706467661691542,0.042959427207637235,-0.11755863832195579,0.7542933560972886,,78.3,-0.1944686054391489,1.5840246474260768,0.7707791925376238,False,False,False
4577,75.5999984741211,2026-08-11,0.009345753457699502,-0.07579467416051011,-0.47132868199915323,0.41308408362843174,,10.2,-0.5482386491163463,0.7258972707263145,0.4176795495807795,False,False,False
4580,78.80000305175781,2026-08-11,0.02627523601607673,0.01620141116428231,0.01870120570695044,0.013713755605693656,,51.9,-0.05820876141024267,1.666879421785525,0.8573541975390216,True,False,False
4581,51.5,2026-08-11,0.003898650407678117,0.009803921568627416,0.030000000000000027,-0.005791491148245287,,52.3,-0.046909967117193085,1.844534438082825,0.9098940174626872,False,False,False
4582,27.200000762939453,2026-08-11,-0.010909063165838062,0.011152459058122677,-0.18440773590901094,-0.023339303756805596,,15.7,-0.26131770302620405,0.8082059961507752,0.6296296361706056,False,False,False
4583,500.0,2026-08-11,0.019367991845056,-0.17627677100494232,-0.3464052287581699,-0.36565768915879415,,0.9,-0.42331519587536304,1.3035398264954567,0.6241990829332907,False,False,False
4584,39.95000076293945,2026-08-11,0.02567394044704341,0.07732049489873427,0.011282845088892213,-0.10490711426269628,,39.6,-0.0656271220283009,0.2622052467061767,0.7539312920001445,False,False,False
4585,308.5,2026-08-11,0.07491289198606266,0.011475409836065653,-0.06951813969311649,-0.22556895499940588,,17.0,-0.1464281068103096,1.1960465990712523,0.38721552250029706,False,False,False
4587,44.59999847412109,2026-08-11,0.024110201043746615,-0.12549022599762572,-0.23103450906687784,0.8130080399395694,,71.6,-0.30794447618407095,0.2944192178116303,0.5970548901765463,False,False,False
4588,52.09999847412109,2026-08-11,0.029644269668647638,-0.06463199711863676,-0.0367349949934942,-0.1805059361213901,,25.9,-0.11364496211068731,0.30895068711451257,0.7419743816048052,False,False,False
4590,89.80000305175781,2026-08-11,0.12250003814697275,-0.038543880249548135,0.23313885730737183,0.005627456341205095,,76.5,0.15622889019017872,1.6036750955981693,0.9165718836987675,False,False,False
4609,4.760000228881836,2026-08-11,-0.030549821423993095,-0.09848484095900978,-0.04799995422363279,-0.17789287387862973,,24.1,-0.1249099213408259,0.7469681353448802,0.5964912553263995,False,False,False
4702,9.670000076293944,2026-08-11,-0.001033081463488017,-0.0182741419497211,0.04695133900794679,0.011532071957159884,,57.0,-0.02995862810924632,0.4298343218067032,0.9681807609148576,False,False,False
4706,31.75,2026-08-11,-0.0015723030899408297,-0.004702182455298298,-0.023076923076923106,0.04440790784243398,,46.7,-0.09998689019411622,0.2657609269343732,0.9071428571428571,False,False,False
4707,30.0,2026-08-11,0.06951874566766647,-0.21875003104408464,1.013422870339589,1.9702969175169942,,98.4,0.936512903222396,1.2321032981797533,0.6666666666666666,False,False,False
4711,16.700000762939453,2026-08-11,0.04702200392746403,0.0,0.045322091680478405,0.1275769955547199,,64.9,-0.03158787543671471,0.2680107104823624,0.9269838533945096,True,False,False
4714,10.5,2026-08-11,0.01449271623205206,-0.07894733760055184,-0.2579505100304299,-0.3913043478260869,,1.7,-0.334860477147623,0.454402801687927,0.49076404809306234,False,False,False
4716,18.899999618530277,2026-08-11,0.07692310200327057,-0.16000001695420996,0.2272727329024462,0.2558139122260985,,83.6,0.1503627657852531,0.5786365156738761,0.7809916951521033,False,False,False
4720,19.899999618530277,2026-08-11,0.03916449164177904,-0.13100436899450651,-0.2613340875751172,0.2455043649167845,,23.7,-0.33824405469231034,0.17062790860601584,0.6814627948336923,False,False,False
4721,73.5,2026-08-11,0.044034068280261796,-0.06527534512983779,-0.19454573455352997,0.1134220646092301,,24.0,-0.2714557016707231,0.23938281456427,0.7496307012536547,False,False,False
4722,215.0,2026-08-11,0.059113300492610765,-0.12955465587044535,-0.1297023453597279,0.34475891288448923,,55.2,-0.20661231247692102,0.7772499834650808,0.7041886365780834,False,False,False
4729,19.899999618530277,2026-08-11,0.03376621394962487,-0.01970441544648005,-0.007481278016859494,-0.11555557250976545,,35.7,-0.0843912451340526,0.12419185008024193,0.73161761251288,False,False,False
4738,6.739999771118164,2026-08-11,0.11589400888843415,-0.008823590872607756,-0.32532533277888487,-0.15855186285568423,,2.8,-0.402235299896078,0.432511558147411,0.36432431195233317,False,False,False
4739,87.4000015258789,2026-08-11,0.05811141816499754,-0.07903055721189611,-0.12758949548784293,0.23928918110279995,,45.8,-0.20449946260503604,0.5159823568956518,0.6777958288879401,False,False,False
4741,42.900001525878906,2026-08-11,0.003508807622898402,-0.1749999706561749,-0.33074290777124093,0.9414484518187174,,68.8,-0.40765287488843405,0.18139873578923094,0.5321006956404563,False,False,False
4749,803.0,2026-08-11,0.03213367609254503,-0.05640423031727382,-0.2831810306312589,-0.04027792387527096,,7.1,-0.360090997748452,0.7526612332590424,0.689366311366422,False,False,False
4754,37.650001525878906,2026-08-11,0.03150689111997007,0.02448983743888178,0.04269232219825603,0.03862980349559808,,58.6,-0.034217644918937085,0.721230304150221,0.9873394902903878,True,True,False
4755,119.0,2026-08-11,0.048458149779735615,-0.13454545454545452,-0.11096529681916478,-0.03365798401024578,,25.7,-0.1878752639363579,0.47971412034372846,0.7211933134585853,False,False,False
4760,256.0,2026-08-11,0.07789473684210524,-0.14808652246256238,-0.1701782820097245,0.4048257659999197,,53.2,-0.24708824912691763,0.3895740894085724,0.5470085470085471,False,False,False
4763,51.59999847412109,2026-08-11,0.06501543161153345,0.0920634597697585,0.2478839269223907,0.034068074073315024,,78.8,0.17097395980519758,0.9930799399107662,0.7068492941660423,True,True,False
4764,240.5,2026-08-11,-0.0714285714285714,-0.20495867768595044,-0.23650793650793656,1.004881628739395,,78.9,-0.31341790362512967,0.7652612640614211,0.6683882629292739,False,False,False
4765,16.600000381469727,2026-08-11,0.38912139300615944,0.047318610848541276,-0.21140137847397966,0.2868217730506417,,35.3,-0.2883113455911728,2.2369375174854853,0.5329053157225352,False,False,False
4766,343.0,2026-08-11,0.07523510971786829,0.01179941002949847,-0.06621583516568808,0.1316818590659663,,46.8,-0.1431258022828812,0.4820512674564193,0.8219855845300821,True,False,False
4767,26.5,2026-08-11,0.013384336006708963,0.00015095524000763305,0.026177223151744533,0.08892174219866922,,59.9,-0.05073274396544858,1.4167934875844628,0.9294331872763153,False,False,False
4768,314.5,2026-08-11,0.08261617900172125,-0.09885386819484243,-0.3315621679064825,-0.22536945812807885,,1.8,-0.40847213502367563,0.4205721092329213,0.5845724907063197,False,False,False
4770,218.0,2026-08-11,0.028301886792452935,0.006928406466512715,-0.03111111111111109,-0.06965237175073269,,35.7,-0.1080210782283042,0.4760212944916927,0.7028645515861431,False,False,False
4772,251.5,2026-08-11,0.10549450549450556,-0.07024029574861368,-0.1760303130467159,-0.22971321109543963,,8.0,-0.252940280163909,0.8311482402209364,0.6760495904934464,False,False,False
4903,37.650001525878906,2026-08-11,-0.034615345490284444,-0.034615345490284444,-0.20653317343494715,-0.12746233616472558,,9.6,-0.28344314055214026,1.1541374673801381,0.7077067854500277,False,False,False
4904,101.0,2026-08-11,0.0,0.05098857027764092,0.08234012530458079,0.17841303480697812,,71.2,0.005430158187387679,0.3665099685213917,0.9322556722380909,False,False,False
4905,69.30000305175781,2026-08-11,0.06125573986312882,0.023633769211819367,-0.12830184840556214,0.1360656237993083,,36.4,-0.20521181552275525,1.062432070368779,0.7057027006659016,False,False,False
4906,36.0,2026-08-11,0.051094890510948954,-0.07096774193548383,-0.04228556119124893,0.28597699880732286,,63.7,-0.11919552830844204,0.4367141562827704,0.6815196096096074,False,False,False
4907,44.95000076293945,2026-08-11,0.0321469931206686,0.10036725684128878,0.1496164326627858,0.13366958469349166,,75.0,0.07270646554559268,2.3061638222940903,0.8865877729097961,False,False,False
4908,151.0,2026-08-11,0.0033222591362125353,-0.05031446540880502,-0.35607675906183367,1.0079788048918217,,69.5,-0.4329867261790268,1.1458116194392154,0.514480408858603,False,False,False
4909,38.34999847412109,2026-08-11,0.019946809320117387,-0.0955189364624408,-0.26532571046725884,-0.31395353439539797,,2.4,-0.34223567758445195,0.3166794902309961,0.5494268882149468,False,False,False
4911,28.25,2026-08-11,-0.015679468675155683,-0.02634670705604547,-0.027842337179198706,-0.25014856652666806,,20.9,-0.10475230429639182,1.0532047590522249,0.5795555224431216,False,False,False
4912,89.19999694824219,2026-08-11,0.003374526627830887,0.022935780619202317,-0.13882403548230393,-0.01754485327526023,,22.0,-0.21573400259949704,0.5953547893539849,0.7825468211320711,False,False,False
4915,60.0,2026-08-11,-0.05660375095112513,-0.11634758981364612,-0.09380666718673103,-0.20028440406528603,,16.0,-0.17071663430392414,1.050727666579031,0.7196540749714698,False,False,False
4916,104.5,2026-08-11,0.029556650246305383,-0.10948521092687091,0.6116679045082851,0.5801615945148866,,95.5,0.534757937391092,0.6365927975387601,0.8440220733230028,False,False,False
4919,125.0,2026-08-11,-0.03474903474903479,-0.23547400611620795,-0.24698795180722888,1.059308046604162,,80.2,-0.323897918924422,0.4693316066897218,0.5707762557077626,False,False,False
4923,50.0,2026-08-11,0.18764849910232306,-0.17763156862800455,0.28205128205128216,0.522070085920689,,90.0,0.20514131493408905,0.3400499287314118,0.7518796992481203,False,False,False
4924,9.979999542236328,2026-08-11,-0.006965238524380246,-0.12456141436932922,-0.06291080753920297,-0.1321739528490149,,25.5,-0.13982077465639609,0.25939117209226437,0.6376996668050765,False,False,False
4925,108.5,2026-08-11,0.09264850619840281,-0.1842105263157895,-0.44783715012722647,0.7757774584226085,,36.6,-0.5247471172444196,0.5349386659118419,0.5216346153846154,False,False,False
4927,33.849998474121094,2026-08-11,0.1116583785219396,-0.16728174161146692,-0.3336614373524198,0.03675335044903605,,6.3,-0.41057140446961293,0.5592434943394147,0.5468497195427244,False,False,False
4930,16.299999237060547,2026-08-11,0.01557632472796211,-0.03264101673338993,-0.07122507432139136,-0.22916866983674156,,16.7,-0.14813504143858447,0.32650539016489266,0.6987161075355905,False,False,False
4931,255.0,2026-08-11,0.30102040816326525,0.07594936708860756,0.3082751159852095,0.7068224978873683,,92.6,0.2313651488680164,1.1570766837192836,0.9221116363535238,True,False,False
4933,55.400001525878906,2026-08-11,-0.012477664300919566,-0.053785891597115,-0.1564864413708167,0.017221444781920336,,22.0,-0.2333964084880098,0.3230180882119191,0.7482257767024805,False,False,False
4934,14.199999809265137,2026-08-11,-0.010453001269483453,-0.16470589357263898,-0.20224716753358163,-0.07792206746688601,,11.8,-0.27915713465077474,0.37397885147260246,0.6843373402055487,False,False,False
4935,34.900001525878906,2026-08-11,0.007215006897280718,-0.038567430870695696,-0.006255096311668873,-0.10326647939683942,,37.2,-0.08316506342886198,0.5198221953250366,0.7010666085715663,False,False,False
4938,89.0,2026-08-11,0.006787312938512091,0.07748186009814573,0.13698476727617903,0.32675268818671843,,81.0,0.06007480015898592,0.466946937471033,0.944216827662214,False,False,False
4939,61.70000076293945,2026-08-11,0.09591477085357147,0.07867132762200235,0.639952925440338,0.6059641642173179,,95.8,0.5630429583231449,0.8781635090496467,0.8475274474792712,False,False,False
4942,34.099998474121094,2026-08-11,0.002941131591796875,-0.025182352124577978,-0.04833107067665077,-0.04454958533171327,,34.8,-0.12524103779384388,0.6668590293305439,0.8691145534109969,False,False,False
4943,8.600000381469727,2026-08-11,0.03365392991777316,0.0,-0.07526879515147888,-0.28333330154418945,,14.5,-0.152178762268672,0.6782410526577437,0.47777779897054035,False,False,False
4949,74.4000015258789,2026-08-11,0.17721519980593325,-0.07806686072620117,-0.16404492667551795,0.6535863853815387,,70.4,-0.24095489379271107,0.39348646413388827,0.6888889030173972,False,False,False
4950,15.600000381469728,2026-08-11,0.003215446310068648,-0.051671753315945645,-0.11111105073286742,-0.18961036979378032,,15.1,-0.18802101785006053,0.6412812879419632,0.5931559252475964,False,False,False
4951,80.4000015258789,2026-08-11,0.0037453565227563157,-0.0640279383271376,-0.3421567930987256,0.23588894743625666,,13.8,-0.4190667602159187,0.2981204013459448,0.5967578024485092,False,False,False
4952,49.0,2026-08-11,0.02083333333333326,-0.11711711711711714,-0.014631413152776052,0.1899676667415815,,61.4,-0.09154138026996916,0.34079629079842466,0.8153078409993518,False,False,False
4953,125.0,2026-08-11,-0.03100775193798455,0.004016064257028162,0.10945553523780838,0.04707651941130586,,67.7,0.032545568120615265,0.5796984736119377,0.9116155759848052,False,False,False
4956,30.700000762939453,2026-08-11,0.03367003280511116,-0.12160228632975156,-0.2901733927644057,0.4180139170378212,,32.8,-0.3670833598815988,0.7848173878075133,0.5612431505437826,False,False,False
4958,490.0,2026-08-11,0.10360360360360366,-0.24148606811145512,0.11491390523934508,1.7716256850492367,,96.1,0.03800393812215197,1.0059814692693714,0.7585139318885449,False,False,False
4960,20.700000762939453,2026-08-11,0.017199035622054826,-0.11349034583456707,-0.3973798636837028,0.544776220315285,,26.1,-0.47428983080089593,0.2872360896205595,0.4605116888008213,False,False,False
4961,173.0,2026-08-11,0.10543130990415328,0.011695906432748648,0.04606109981136686,0.2019311929299561,,69.4,-0.030848867305826255,0.9043004585052167,0.965380840724007,False,False,False
4966,595.0,2026-08-11,0.018835616438356073,-0.08037094281298296,-0.2645241038318912,0.06165530790626361,,13.0,-0.3414340709490843,0.5812683093219285,0.6839080459770115,False,False,False
4967,274.5,2026-08-11,0.07017543859649122,0.196078431372549,-0.038528896672504365,0.1002004008016033,,49.6,-0.11543886378969748,1.2420365295409737,0.9014778325123153,False,False,False
4968,96.6999969482422,2026-08-11,-0.02814073418852059,-0.10875578849546352,-0.15058166100126946,-0.19911984873419009,,11.3,-0.22749162811846257,0.5815295724618323,0.5892361649935014,False,False,False
4971,465.0,2026-08-11,0.1071428571428572,0.08874366387188704,-0.38198636462639,0.16934072173010395,,7.6,-0.45889633174358313,2.109680245547997,0.5343833355358016,False,False,False
4972,16.549999237060547,2026-08-11,0.003030256791548336,-0.020710082211242375,0.009146318415812038,-0.08563542053822426,,41.0,-0.06776364870138107,0.3739411925265855,0.8401014515793911,False,False,False
4973,156.0,2026-08-11,0.08333333333333326,-0.042944785276073594,0.31645569620253156,2.0984968967648676,,97.5,0.23954572908533844,1.0673246806733736,0.7428571428571429,False,False,False
4974,69.30000305175781,2026-08-11,0.020618578710124513,-0.021186439764747433,-0.009119777809049712,-0.027591621646620323,,43.1,-0.08602974492624282,0.2558133294149167,0.7599153954964383,False,False,False
4976,35.54999923706055,2026-08-11,-0.04691689104007368,-0.0391892098091744,0.16748763042161485,0.11968501534048959,,75.7,0.09057766330442174,0.5375427295397855,0.6182608562967051,False,False,False
4977,146.5,2026-08-11,0.11832061068702293,-0.01699666971467584,-0.38839832553677456,0.09102570250584141,,4.7,-0.46530829265396767,1.289657356696985,0.550554555742979,False,False,False
4979,510.0,2026-08-11,0.13966480446927365,0.223471511683198,-0.1456090612164016,0.5325398124546921,,66.5,-0.22251902833359472,1.2313133899483824,0.7139756662590309,False,False,False
4980,43.29999923706055,2026-08-11,0.0,-0.07872342048807346,0.1116816017693143,0.4243420980396031,,82.1,0.034771634652121186,0.49996429909452755,0.8093457801319729,False,False,False
4989,68.0,2026-08-11,0.011904807858458266,-0.17775087655011867,-0.2648648648648648,0.15646260003930168,,16.5,-0.34177483198205794,1.0273135879835482,0.5836909871244635,False,False,False
4991,481.0,2026-08-11,0.12778429073856978,0.06770255271920078,-0.31285714285714283,1.091304347826087,,76.1,-0.38976710997433595,0.9051486089984432,0.5528735632183908,False,False,False
4994,87.0999984741211,2026-08-11,-0.023542584596046634,-0.030066865098885565,-0.062399029052777055,-0.12943525777860843,,25.9,-0.13930899616997017,1.1441839287924263,0.8581280637844443,False,False,False
4995,50.79999923706055,2026-08-11,0.0694736681486432,0.08779439843981329,0.2035718756255931,0.27292525098543097,,83.1,0.12666190850839998,0.6327457301471042,1.0,True,True,False
4999,18.950000762939453,2026-08-11,0.02710026988206704,-0.04534003028888789,-0.07073761875379558,-0.2004471585346168,,18.3,-0.1476475858709887,0.9497321838937006,0.6461032757723482,False,False,False
5007,56.400001525878906,2026-08-11,-0.0017698844977184214,0.010752729337312639,-0.027586180588294762,-0.008912992692999055,,41.3,-0.10449614770548787,1.1213257574260787,0.9641025901859642,False,False,False
5009,33.25,2026-08-11,0.004531768362351585,-0.048640936361355136,-0.08858978463782885,-0.018581148981012152,,30.2,-0.16549975175502196,0.49627988254723543,0.8591997877109312,False,False,False
5011,18.399999618530277,2026-08-11,0.04545450112051341,-0.20000001658564015,0.21052630588288457,0.44313722498276675,,86.4,0.13361633876569146,0.20726167581104796,0.6891385427999736,False,False,False
5013,26.149999618530277,2026-08-11,0.058704405295664674,-0.01320756156489522,-0.04387571284103087,-0.18281251192092884,,24.4,-0.12078567995822398,0.7639948325122888,0.8146417713886284,True,False,False
5014,11.25,2026-08-11,0.07655504357287835,0.057244654347226476,0.14449295330132883,-0.009388425532486755,,68.8,0.06758298618413572,1.5507617117785923,0.9906115744675132,True,True,False
5015,22.100000381469727,2026-08-11,0.04245281066704476,0.030303011441068062,0.03448132704138329,-0.24655279696367693,,31.7,-0.04242864007580982,0.923647528316482,0.7063567729417745,True,False,False
5016,24.149999618530277,2026-08-11,0.008350682639655993,0.006249984105428208,-0.011949880328738227,-0.010004915746205212,,44.0,-0.08885984744593134,0.1120035263045701,0.778510091319824,False,False,False
5201,26.0,2026-08-11,-0.02621725628978555,-0.020715602744455608,-0.10428193890029791,-0.41050185077023815,,6.7,-0.18119190601749102,0.23999355470592543,0.5295538838207132,False,False,False
5202,12.300000190734863,2026-08-11,0.033613494540094324,-0.12142855780465267,-0.023809538226368776,-0.233644811500469,,23.4,-0.10071950534356189,0.3895274660621201,0.5632846141254607,False,False,False
5203,65.80000305175781,2026-08-11,0.001522162985706288,-0.03377379550511017,0.03459126777388066,-0.22588231703814343,,33.4,-0.04231869934331245,0.620480648605636,0.6149532995491385,False,False,False
5205,21.75,2026-08-11,0.0,-0.058441573990304585,-0.03547668577060359,-0.2737896679150088,,18.1,-0.1123866528877967,0.6395507545918964,0.6187766445468498,False,False,False
5206,22.0,2026-08-11,0.08641975308641969,0.06485806706656305,0.020021968655798972,-0.18978191199717231,,34.0,-0.05688799846139414,0.7671015286488723,0.6366760187347529,False,False,False
5209,160.0,2026-08-11,0.02893890675241151,0.015873015873015817,0.04862287344244298,-0.016916068436808263,,54.7,-0.02828709367475013,0.8264879970353431,0.9327373023936655,False,False,False
5210,28.549999237060547,2026-08-11,0.0,-0.0669935006161172,0.12623269457344644,0.3595237731933594,,81.4,0.049322727456253324,0.3351229216281508,0.858646593595806,False,False,False
5211,20.049999237060547,2026-08-11,0.02295912483839846,-0.040669875453782645,-0.06526813408313625,-0.24624064099533194,,16.2,-0.14217810120032937,0.6042802003746209,0.6217054026995519,False,False,False
5212,47.45000076293945,2026-08-10,0.016059956911075535,-0.006282706535299387,-0.01658029506861236,-0.03077561899929393,,41.4,-0.09349026218580547,0.31125417275125344,0.8869158388714771,False,False,False
5213,20.899999618530277,2026-08-11,-0.025641078081425905,-0.054298676118830214,-0.10064226946098287,-0.051287248313547695,,26.0,-0.17755223657817598,0.4490994418215552,0.844062731185559,False,False,False
5215,38.5,2026-08-11,0.0,-0.07563028596581634,-0.1289637263843828,0.06128897387342436,,30.1,-0.20587369350157592,0.4623168921208217,0.8017690081185461,False,False,False
5220,20.649999618530277,2026-08-11,0.009779894774051723,-0.0024155141336369423,-0.025581381534466874,0.15109880470818804,,56.7,-0.10249134865165999,0.48180838644330454,0.8464646523087163,False,False,False
5222,115.0,2026-08-11,0.03139013452914807,-0.08730158730158732,-0.09448818897637801,-0.18063069336392223,,16.9,-0.17139815609357112,0.4115147301080848,0.7232704402515723,False,False,False
5223,23.799999237060547,2026-08-11,0.0507726109447455,-0.01855673249234857,-0.04417672282416918,-0.1590106049934793,,26.5,-0.12108668994136229,0.2457759126944376,0.7841844790088273,False,False,False
5225,63.0,2026-08-11,-0.14402172138424996,-0.13223138672025037,-0.11888111888111885,-0.3185419973535695,,9.0,-0.19579108599831196,2.324521306590073,0.5878672000436262,False,False,False
5227,34.45000076293945,2026-08-11,0.007309941357396488,0.11129034719159536,0.6723301031551527,0.27592595418294263,,94.6,0.5954201360379596,0.5472007459477668,0.8281250487153367,False,False,False
5228,41.84999847412109,2026-08-11,0.062182661252765614,-0.2028571719215031,-0.14852498118263857,0.8315097494728911,,79.2,-0.22543494829983168,0.5544629759838025,0.5492126003961277,False,False,False
5230,17.700000762939453,2026-08-11,0.005681839733084004,-0.12376237156320813,0.09292174641392892,-0.024596724648091595,,61.5,0.016011779296735806,0.16215968401976585,0.7375000317891439,False,False,False
5234,335.0,2026-08-11,0.045241809672387,-0.09336941813261168,-0.1937424789410349,0.015345787319665627,,16.6,-0.270652446058228,0.3663097853235978,0.7251082251082251,False,False,False
5236,142.0,2026-08-11,-0.04054054054054057,-0.09554140127388533,-0.08042934914825617,0.2198385889576182,,52.8,-0.15733931626544928,0.35565980094998273,0.7910863509749304,False,False,False
5240,18.950000762939453,2026-08-11,0.14848489472360327,0.002645563249649596,-0.2937674732033122,0.04980511748477667,,9.6,-0.3706774403205053,1.8052100777089959,0.5894201620718005,True,False,False
5243,88.30000305175781,2026-08-11,0.06129815253104254,-0.07345225368144281,-0.14271841697322507,0.01963053819388616,,24.9,-0.21962838409041818,0.30794794772625184,0.6540740966796875,False,False,False
5244,33.25,2026-08-11,0.05555555555555558,-0.016272167144237404,-0.14905320653122067,-0.13481604182285734,,14.5,-0.22596317364841378,0.6229174393761701,0.6616613542946636,False,False,False
5245,23.700000762939453,2026-08-11,0.0723982060566517,-0.06324104831502708,-0.04627764993467809,-0.15508016372327516,,26.4,-0.1231876170518712,1.3318585970570727,0.6991150352853854,False,False,False
5248,35.95000076293945,2026-08-11,-0.050198092147367035,0.04963505877195473,-0.2633196449798778,0.5977778116861978,,54.0,-0.3402296120970709,0.7015751453767428,0.35950000762939455,False,False,False
5251,25.799999237060547,2026-08-11,0.011764675963158666,-0.12095404082687822,-0.06859211095838547,-0.241176493027631,,16.1,-0.14550207807557858,0.19991967791277193,0.4665461047560032,False,False,False
5254,38.04999923706055,2026-08-11,0.04389570481841787,-0.024358993921524408,-0.15911603895998794,0.24754095859214909,,40.7,-0.23602600607718105,0.621147646627397,0.658304493759637,False,False,False
5258,51.400001525878906,2026-08-11,-0.05514705727669611,-0.058608004352946885,-0.0918727400782483,-0.13028759978080007,,20.4,-0.16878270719544142,0.5569616431251423,0.6433041369746519,False,False,False
5262,46.5,2026-08-11,0.0902695975704717,0.02876104458224793,-0.10540217725147594,0.15347407329673102,,42.0,-0.18231214436866905,1.3969218292690317,0.7211414362230035,False,False,False
5263,94.6999969482422,2026-08-11,0.020474071487095902,-0.07156865737017448,-0.053000030517577956,-0.11495329954913835,,28.3,-0.12990999763477107,0.6366721579962666,0.7575999755859376,False,False,False
5267,49.20000076293945,2026-08-11,0.07540985274184586,-0.18136435920002802,-0.21531100216476462,0.8222222504792389,,73.3,-0.29222096928195773,0.4065483814625058,0.5056526127421392,False,False,False
5269,1435.0,2026-08-11,0.05514705882352944,-0.019399188143488177,0.03545959732576964,0.1133137532630819,,62.9,-0.04145036979142347,0.6879000052293575,0.7691985560776234,False,False,False
5271,11.050000190734863,2026-08-11,-0.10526317008746167,-0.20216607318517166,-0.45432097823531536,0.2010870021547857,,4.2,-0.5312309453525085,0.35740503392281653,0.21794871843102934,False,False,False
5272,18.100000381469727,2026-08-11,0.03133909790991529,-0.09725680447839768,-0.20439558762770438,-0.1502346934371266,,8.8,-0.2813055547448975,1.3802745062668753,0.6691312714224168,False,False,False
5274,16440.0,2026-08-11,0.06064516129032249,0.21597633136094685,0.019495430136878822,0.95033902725182,,88.7,-0.05741453698031429,0.7515321950292434,0.9425374723726004,False,False,False
5278,24.700000762939453,2026-08-11,-0.006036201860267432,0.014373732073371004,0.027038087345767625,-0.14981785957642002,,38.5,-0.04987187977142549,0.22603212037416356,0.575124454205489,False,False,False
5283,54.0,2026-08-11,0.003717486352707633,0.013133222757210294,0.03846153846153855,-0.1130351682484122,,43.8,-0.038448428655654565,0.5399040609960097,0.8376128437264019,False,False,False
5284,300.5,2026-08-11,0.0033388981636059967,-0.030645161290322576,-0.2260272459791559,0.12733923442976636,,19.4,-0.302937213096349,0.528307963711625,0.6629244868214359,False,False,False
5285,79.0,2026-08-11,0.0491367436691732,-0.18134715025906734,0.10016709656464462,0.4379203448668758,,81.7,0.023257129447451508,0.1657426653437492,0.728110599078341,False,False,False
5287,147.0,2026-08-11,0.010309278350515427,-0.020000000000000018,-0.020000000000000018,-0.08562620628714368,,36.3,-0.09690996711719313,0.508201870849424,0.8385969032526058,False,False,False
5288,193.5,2026-08-11,0.03515144984853791,0.07979406861620619,0.26773291308884706,0.38139171455776455,,87.2,0.19082294597165395,1.055211596271159,0.979746835443038,False,False,False
5289,1470.0,2026-08-11,0.03886925795053009,-0.02970297029702973,-0.16713881019830024,0.9140625,,80.6,-0.24404877731549335,1.187225977239599,0.7386934673366834,False,False,False
5291,56.59999847412109,2026-08-11,0.18039619548592833,0.048148119891131325,-0.1700879617769555,0.5297296884897591,,63.1,-0.24699792889414862,0.6837262552748814,0.7182740644939416,True,False,False
5292,179.5,2026-08-11,0.10122699386503076,-0.002777777777777768,-0.10989670190645973,0.03807445710438784,,31.2,-0.18680666902365284,0.6125537030690558,0.7658246859123997,True,False,False
5299,100.5,2026-08-11,-0.06511627906976747,-0.10139482036131564,0.0452053842367206,0.3765104900812035,,76.1,-0.03170458288047251,0.5966326882624374,0.7334904544101462,False,False,False
5302,11.600000381469728,2026-08-11,0.1372549606258724,-0.11111109487144644,0.09433961924644252,-0.04918028173572153,,59.8,0.017429652129249407,0.4917387837181772,0.7508090954482329,False,False,False
5309,56.29999923706055,2026-08-11,0.09320386868078723,-0.09339773558090458,-0.11330769590782686,-0.12155604624162686,,18.0,-0.19021766302501997,0.40766044281487285,0.6882640236753721,False,False,False
5310,24.899999618530277,2026-08-11,0.01632651504205218,0.03319498856421865,-0.007968157764933759,0.0,,45.8,-0.08487812488212687,0.12148079489919066,0.5659090822393245,False,False,False
5314,61.09999847412109,2026-08-11,0.08333327696960446,-0.05271320195161111,-0.14545456679550928,-0.38900001525878913,,5.0,-0.2223645339127024,0.527389972404959,0.42524266472905153,False,False,False
5315,19.100000381469727,2026-08-11,-0.015463878503069739,-0.04738149085985177,-0.06902321217499863,-0.17058434293918356,,20.7,-0.14593317929219174,0.3101436194006007,0.8003133672594752,False,False,False
5321,55.59999847412109,2026-08-11,0.03731343389805564,-0.07333335876464853,1.4173912380052647,0.7935483378748738,,98.2,1.3404812708880716,0.38668205256776306,0.7965615478969651,False,False,False
5324,12.25,2026-08-11,0.0,0.016597494282109215,0.09375001862645171,0.07929511791027166,,67.8,0.016840051509258602,1.3995095601277558,0.9879032561979989,False,False,False
5328,66.0,2026-08-11,-0.006024119227211244,0.009174288381073925,1.3076922769120718,1.4043715178728635,,98.4,1.2307823097948787,0.5263021021829193,0.8009708589540712,False,False,False
5340,74.0,2026-08-11,0.048158662880498415,-0.08529049932924515,-0.2906116404506347,-0.23289619623020663,,2.7,-0.3675216075678278,2.036873561142078,0.5558640209679558,False,False,False
5344,13.800000190734863,2026-08-11,-0.038327538405161676,-0.13207543887913142,-0.11538462478968736,-0.05154639107685954,,23.2,-0.19229459190688047,0.6630402374780137,0.7301587549877419,False,False,False
5345,22.049999237060547,2026-08-11,0.002272692593661141,0.013793068370599793,0.006849297769089935,-0.07933200272874286,,41.2,-0.07006066934810318,0.355663145962718,0.6237623815798135,False,False,False
5347,158.0,2026-08-11,0.02265372168284796,-0.11484593837535018,-0.037265144424342034,0.1002684502143012,,50.0,-0.11417511154153515,0.9122740882009706,0.735179352957356,False,False,False
5348,16.950000762939453,2026-08-11,0.011940344056086794,-0.03418794872959707,0.13000005086263022,-0.014534883076207206,,66.9,0.05309008374543711,0.24715880844347998,0.8539043041410989,False,False,False
5351,119.5,2026-08-11,0.3610477886835055,0.19500000000000006,0.37356321839080464,0.9719472443721571,,95.0,0.29665325127361153,1.4073625278586408,1.0,True,True,False
5353,28.450000762939453,2026-08-11,0.010657234404070737,0.014260304340772079,0.1253973523424663,0.09192830692773013,,71.2,0.04848738522527318,0.1742486783106168,0.8613745431958487,False,False,False
5355,5.989999771118164,2026-08-11,0.022184237993488898,0.010118034488434624,-0.13188410314084342,-0.16689850856081856,,14.6,-0.20879407025803653,0.765597128869471,0.5300884663727268,False,False,False
5356,25.649999618530277,2026-08-11,0.044806534242541884,-0.0019455697636118208,0.03694282004305727,0.03306637565427106,,57.4,-0.039967147074135845,0.8180837861874252,0.9628754174188543,True,False,False
5371,87.5999984741211,2026-08-11,0.059250322934661925,-0.08079752708354904,0.2921055447891725,-0.053102791711770125,,78.8,0.2151955776719794,0.7893435994240545,0.6736703644714097,False,False,False
5381,24.25,2026-08-11,0.027542356272190593,-0.07794674131289703,-0.09514922797215097,-0.2879965270046445,,12.2,-0.17205919508934409,0.1516460170156428,0.60625,False,False,False
5386,274.5,2026-08-11,0.1046277665995976,0.18010131367183546,-0.0018901779323889922,3.8164599392990475,,98.3,-0.0788001450495821,0.5549874447977197,0.6985085392183098,False,False,False
5388,91.0999984741211,2026-08-11,0.02130046626550186,0.06674469375173153,0.1473551224609082,0.13501525579731233,,74.9,0.0704451553437151,0.8892368670091195,0.8824344416585984,False,False,False
5392,45.29999923706055,2026-08-11,0.06965763563703842,-0.00766708164554919,0.1089351512646588,-0.10650890423311754,,57.6,0.03202518414746569,0.9316222204354159,0.7756848981756733,False,False,False
5398,14.0,2026-08-11,0.0,-0.060402660508191874,-0.29824564087198435,-0.33014352844354244,,1.5,-0.37515560798917746,0.7452701289004745,0.45676998937174296,False,False,False
5403,92.4000015258789,2026-08-11,0.014270066668849779,-0.02222220607535552,0.017621127977375473,-0.12164175034398772,,39.1,-0.05928883913981764,0.5663845726596334,0.7807628634164141,False,False,False
5410,34.650001525878906,2026-08-11,-0.03212284177903424,-0.08064434015134114,0.0005486704627479799,0.2212335934326808,,65.4,-0.07636129665444513,0.5783427100334103,0.7670873534532437,False,False,False
5425,86.0,2026-08-11,0.053921588335253956,-0.2502538963419172,0.1561045887606436,0.30511347532182675,,81.6,0.07919462164345048,0.3378665701516047,0.6117719592651046,False,False,False
5426,30.799999237060547,2026-08-11,0.21980194998259583,0.044067770747815205,0.6830601377668595,0.536159621399368,,95.9,0.6061501706496664,0.6182746217967668,0.7767969243824087,True,False,False
5432,115.0,2026-08-11,0.06481481481481488,-0.1575091575091575,-0.1955947610513077,-0.32811238256114716,,4.1,-0.2725047281685008,0.5162019044764259,0.6283057027906209,False,False,False
5434,522.0,2026-08-11,0.025540275049115824,-0.04309644572363047,0.29674938848474985,0.6209367356059374,,91.3,0.21983942136755674,0.6542065459152907,0.8758389261744967,False,False,False
5438,17.399999618530273,2026-08-11,0.017543814641410194,-0.07936508096695127,-0.041426776719726166,-0.18757699445528597,,24.4,-0.11833674383691928,0.6550664411317444,0.5999017415976309,False,False,False
5439,240.5,2026-08-11,0.07366071428571419,-0.20307319300854254,-0.33838027965040385,-0.1966046734673239,,2.1,-0.41529024676759696,0.9672063407982019,0.5604660783673517,False,False,False
5443,107.5,2026-08-11,0.16594363945962676,0.014150943396226356,-0.12491487628687026,0.20684820300879525,,43.4,-0.20182484340406337,0.620928055113546,0.7987140978743117,False,False,False
5450,15.149999618530272,2026-08-11,0.07446802898249971,0.07087050799041239,0.22385192663202313,0.007878121170912689,,75.7,0.14694195951483002,0.4621058147078129,0.8224285372745753,False,False,False
5452,26.850000381469727,2026-08-11,0.036679566676895536,-0.12540717543295254,-0.1774947464046921,-0.121414807749751,,12.4,-0.2544047135218852,0.19141651015884772,0.6859422395020448,False,False,False
5455,28.5,2026-08-11,0.007067164958702188,0.036363636363636376,0.11984279550600196,0.028880838087589122,,67.9,0.04293282838880885,0.13845720639082568,0.890625,False,False,False
5457,28.549999237060547,2026-08-11,0.0344202479152369,-0.06144632010550022,-0.13177022350486034,-0.18902903376248714,,13.5,-0.20868019062205345,0.269718181475461,0.5827383351283202,False,False,False
5460,16.049999237060547,2026-08-11,-0.006191974231069763,-0.01834869341955403,0.07357855798190016,0.015822724259983545,,61.7,-0.003331409135292951,0.1750882609639951,0.8316062109598826,False,False,False
5464,61.400001525878906,2026-08-11,-0.03761751943387981,-0.29425285602438034,-0.009677394743888623,1.4125736615022113,,93.2,-0.08658736186108174,0.5825101662048983,0.5711628048918967,False,False,False
5465,21.549999237060547,2026-08-11,0.011737089622285923,-0.08879501705403436,-0.09062470823446844,-0.2502170861409089,,14.6,-0.16753467535166155,0.4934281696683624,0.5157959928044982,False,False,False
5468,30.549999237060547,2026-08-11,0.22199996948242195,0.1314814532244648,0.7162921655330086,0.59530025303495,,96.1,0.6393821984158155,0.681742959834811,0.8415977928140139,True,False,False
5469,75.9000015258789,2026-08-11,0.11290329797932896,-0.052434419828349066,-0.03616926021729183,-0.22893539323317202,,21.5,-0.11307922733448494,0.5859390699665405,0.701910802319946,False,False,False
5471,56.20000076293945,2026-08-11,0.01811594177859832,-0.1246105384047339,0.13121892361809628,0.5112964914310756,,85.0,0.05430895650090317,0.4576903736128231,0.8417206246075635,False,False,False
5474,150.0,2026-08-11,0.013513513513513598,-0.05660377358490565,-0.05440899696595958,-0.042625953597783095,,33.8,-0.1313189640831527,0.3305935040201495,0.7299693388224596,False,False,False
5475,135.0,2026-08-11,0.00746268656716409,-0.24791086350974934,-0.5659163987138264,0.267605633802817,,2.2,-0.6428263658310195,2.50020732775984,0.3375,False,False,False
5478,99.5,2026-08-11,0.006066718552720118,-0.00995024875621886,0.03215766001091702,0.03670377258766,,56.8,-0.04475230710627609,0.4068541628285978,0.928526004951317,False,False,False
5481,19.549999237060547,2026-08-11,-0.017587959204975023,-0.05326878459032247,-0.02736324049606631,-0.1387665823792249,,30.5,-0.10427320761325942,0.22488900517223828,0.771203114117156,False,False,False
5483,168.5,2026-08-11,-0.06906077348066297,-0.2642779296890354,0.1469337731561302,0.4076005065559738,,83.5,0.0700238060389371,0.8614035663803039,0.6126606437066281,False,False,False
5484,41.70000076293945,2026-08-11,0.04773873272112228,-0.15157681651376576,0.08593747671693652,-0.02456138566223498,,60.4,0.00902750959974341,0.5991976393949632,0.7202072480827358,False,False,False
5487,29.399999618530277,2026-08-11,-0.005076129353741132,0.02439020337918385,0.0690908952192828,0.012048206218994162,,60.8,-0.007819071897910312,0.5843916429869993,0.9274447605976681,False,False,False
5488,13.350000381469728,2026-08-11,0.015209183934699722,-0.24689434143597444,0.28896928423181123,0.33385861269648354,,87.1,0.21205931711461812,0.44580519846853983,0.7488983319700131,False,False,False
5489,41.59999847412109,2026-08-11,0.001203351094551719,-0.2517985680614051,0.034825813050040955,-0.02576117726379734,,51.6,-0.04208415406715216,0.3032804281344151,0.6135692714108594,False,False,False
5490,30.200000762939453,2026-08-11,-0.09715993799320932,0.01172530576203945,0.12566459435154975,0.23235232103881387,,77.0,0.04875462723435664,2.01722990788742,0.8531073294124569,False,False,False
5493,80.0,2026-08-11,0.037613509510668885,-0.06323186685473925,-0.10023211213461647,-0.03611321360370823,,26.9,-0.17714207925180958,0.17616119392209675,0.820982172707097,False,False,False
5498,51.09999847412109,2026-08-11,0.0895521708229512,-0.12048193087505743,-0.2980769734612362,-0.18630574689616985,,3.3,-0.3749869405784293,0.4416410858530591,0.6149217739159717,False,False,False
5508,54.59999847412109,2026-08-11,0.0748031357112362,0.01398669319139878,0.18021401583209862,-0.05891428779950425,,69.7,0.1033040487149055,0.35671483795380515,0.5382658625469067,False,False,False
5511,70.9000015258789,2026-08-11,0.012857164655412978,0.018678205176127838,0.2412496985533299,0.3215658150229799,,85.3,0.16433973143613678,0.3618548352318725,0.9453333536783854,False,False,False
5512,7.78000020980835,2026-08-11,0.013020883294910135,-0.00765305377701242,0.13246002029230186,-0.02383934571957269,,66.4,0.05555005317510875,0.3404925846154084,0.8745760816684817,False,False,False
5514,13.899999618530272,2026-08-11,0.018315018826859042,0.02583021570986621,-0.0944625880719765,-0.13125002384185802,,19.8,-0.1713725551891696,0.7856718841371881,0.7722222010294595,False,False,False
5515,43.650001525878906,2026-08-11,0.0331361307900333,0.045509018583925975,0.21579190516586277,0.45447498900174765,,86.7,0.13888193804866966,0.8173084416985552,0.9820022671916903,False,False,False
5516,13.050000190734863,2026-08-11,0.1153846498698805,0.24285716102236798,0.16517860830134334,-0.08741258624666937,,66.7,0.08826864118415023,1.5841931550280464,0.7791044889990963,False,False,False
5519,27.75,2026-08-11,-0.010695160257408465,-0.03979237486885345,0.0014188093523714862,0.038330095374550455,,51.2,-0.07549115776482163,0.35494882775527853,0.9177308614153727,False,False,False
5520,83.4000015258789,2026-08-11,0.027093653452216593,0.015834385821183572,0.039900307972603466,0.020253583961771016,,56.7,-0.037009659144589646,1.5690668549710276,0.9216532688601838,False,False,False
5521,10.350000381469728,2026-08-11,0.009756134777534564,0.009756134777534564,-0.05816466260111397,-0.5160615958786253,,6.1,-0.13507462971830708,0.4533494208625795,0.38396575090495566,True,False,False
5522,65.0999984741211,2026-08-11,0.0156006243963287,-0.015128593390081768,0.0017754868001367274,0.0417282205701226,,51.7,-0.07513448031705638,0.7610075042792809,0.8579683550285863,False,False,False
5523,30.350000381469727,2026-08-11,0.0,-0.0016447117660512989,0.00330579773453632,-0.0049180202796811345,,47.1,-0.07360416938265679,0.6678066706336934,0.9918300654613262,False,False,False
5525,22.049999237060547,2026-08-11,0.010869566167840183,0.04729726363122544,0.010869566167840183,-0.09533077507761123,,40.4,-0.06604040094935293,0.887659886160104,0.7487922736604511,False,False,False
5529,21.350000381469727,2026-08-11,0.004705900304457611,0.007075453449628899,0.017170094067034958,-0.20806040774292578,,31.9,-0.059739873050158154,1.1911664263489412,0.7342486206701347,False,False,False
5530,49.650001525878906,2026-08-11,0.0463646096431205,0.017418079961215138,0.03870297737126327,-0.045192278348482606,,50.5,-0.03820698974592984,0.40472096994784984,0.8530927985398755,False,False,False
5531,7.449999809265137,2026-08-11,-0.042416502781989274,-0.06289308326992493,-0.10024153991225049,-0.17222224341498482,,16.5,-0.1771515070294436,1.127492164709922,0.7625383275540217,False,False,False
5533,13.949999809265137,2026-08-11,0.0,0.029520266634666337,0.037010677619874865,0.01533099207212718,,55.7,-0.03989928949731825,1.040505499447424,0.8595870024475453,False,False,False
5534,77.80000305175781,2026-08-11,0.0038710071194556495,-0.020151113896384576,0.009079177580939568,0.01391939017295618,,50.4,-0.06783078953625354,0.3562941298452885,0.8942529086408944,False,False,False
5536,941.0,2026-08-11,-0.04949494949494948,-0.2025423728813559,0.0006730068686422452,0.4021229178821022,,73.7,-0.07623696024855087,0.5653713590182198,0.6557491289198606,False,False,False
5538,33.95000076293945,2026-08-11,0.005925948531539271,0.021052654524494896,0.15143472167739835,0.12233049255082773,,74.7,0.07452475456020524,4.6300785190516365,0.959039528236194,False,False,False
5543,26.200000762939453,2026-08-11,-0.05415162305724153,-0.08231168255411292,-0.10884349990174569,-0.09810666261516476,,20.2,-0.1857534670189388,0.8006936570399521,0.7100270915860187,False,False,False
5546,13.550000190734863,2026-08-11,-0.018115941778598432,-0.126135437089271,-0.10725575459237036,-0.35291020428760034,,8.4,-0.18416572170956347,0.7497816686902251,0.5165163611685636,False,False,False
5547,19.799999237060547,2026-08-11,-0.002518949292104611,-0.01980205498867016,0.08001823594870627,-0.12657621205627323,,50.6,0.0031082688315131612,0.47347030307589355,0.8205831483624544,False,False,False
5601,29.5,2026-08-11,0.02430558269038685,-0.06349206349206349,-0.16044141582405902,-0.1889589526547817,,10.9,-0.23735138294125213,0.5979010526205374,0.7752287618390767,False,False,False
5603,14.199999809265137,2026-08-11,0.014285700661795575,-0.030716711329872415,-0.10126584570599995,-0.2089136932749759,,15.1,-0.17817581282319306,0.17583443407584567,0.6926829175251287,False,False,False
5604,30.600000381469727,2026-08-11,0.0049260957232171165,-0.0032573413350023284,-0.04225353205736593,-0.1491457256476626,,27.0,-0.11916349917455904,0.4429738598075272,0.8071934202559539,False,False,False
5607,50.20000076293945,2026-08-11,0.0491118571318101,0.01977228369872841,0.058078403086331276,0.10991186832025712,,65.6,-0.018831564030861836,0.6685372010905409,0.9355540761946387,True,False,False
5608,13.949999809265137,2026-08-11,0.05283017428416126,-0.03460207658130254,-0.05423730106677038,-0.22284126928467518,,19.1,-0.1311472681839635,0.9149321795009951,0.6722891474344644,False,False,False
5609,79.4000015258789,2026-08-11,0.016645365904694343,0.008894594724026206,0.07426962718710817,0.08108604764391436,,65.8,-0.002640339930084945,0.4800670005054417,0.9987421575582253,True,False,False
5859,13.899999618530272,2026-08-11,0.02583021570986621,0.0334572353640592,-0.01766784499927543,-0.1339563688928893,,32.5,-0.09457781211646854,0.3958546672793845,0.8501528620319689,False,False,False
5863,11.300000190734863,2026-08-11,0.013452966577263803,0.027272744612260258,0.05116280844045229,-0.034188002141121165,,53.6,-0.025747158676740822,0.5338529089281263,0.9338842838418413,False,False,False
5864,30.450000762939453,2026-08-11,-0.012965951817962895,-0.18691588404257675,0.07244271950316317,0.43141935799135034,,80.5,-0.0044672476140299455,0.5724594590707893,0.6382634640236797,False,False,False
5871,115.5,2026-08-11,0.03587443946188351,0.06368433281927266,0.1527368638825768,0.19153090560519037,,77.3,0.07582689676538368,0.6044719213430026,1.0,True,True,False
5876,43.09999847412109,2026-08-11,-0.023782627756928854,0.02565264994774319,0.1236368883755894,0.13918407385535403,,73.1,0.04672692125839628,0.43126164843229725,0.9482947799918501,False,False,False
5878,38.900001525878906,2026-08-11,0.018324626936096156,0.005167978268646012,-0.03938842060750425,-0.05676982159805588,,35.4,-0.11629838772469736,0.30087001579567585,0.9177675107628906,False,False,False
5880,24.0,2026-08-11,-0.043391976509076335,0.007854883260465018,0.11150732153040877,0.06490327448833422,,69.1,0.03459735441321565,1.1299030964134515,0.920215318580435,False,False,False
5902,34.400001525878906,2026-08-11,0.0029155186892921847,0.010279068918081169,-0.03795210710025221,-0.09702517854466086,,32.1,-0.11486207421744532,0.22656158075251484,0.754527666016094,True,False,False
5903,185.5,2026-08-11,0.016438356164383494,0.024569847936819933,0.013756465685637265,0.008434919146797837,,50.9,-0.06315350143155585,1.103507806809201,0.9677926999164114,True,True,False
5904,87.0999984741211,2026-08-11,0.2097222010294597,0.3529017769057359,0.6104827792846956,1.2486740768469633,,97.3,0.5335728121675025,1.077491073228809,1.0,True,True,False
6005,30.0,2026-08-11,-0.01319075875189768,-0.027148431266454387,0.07469693898070151,0.12940235734479466,,68.7,-0.0022130281364916016,0.7528161490336444,0.7633807265663836,False,False,False
6015,15.100000381469728,2026-08-11,-0.028938894131542048,-0.12716756951514308,-0.01948047042154244,0.1042935603011943,,53.2,-0.09639043753873555,0.347814955115281,0.6593886739304168,False,False,False
6016,18.649999618530277,2026-08-11,-0.08801961257973301,-0.1872322941546215,-0.09499096654288852,0.261609620208316,,54.1,-0.17190093366008163,0.47002547107045817,0.5869988905339876,False,False,False
6020,21.0,2026-08-11,-0.0023752607540488135,-0.05191871956368832,-0.045454545454545414,0.07852837648685185,,46.2,-0.12236451257173853,0.6813776695919977,0.8171205983107571,False,False,False
6021,34.900001525878906,2026-08-11,0.035608330438351654,-0.08036888473633608,0.07716049019328497,0.16953662829178118,,70.3,0.00025052307609185753,0.24624570801948692,0.787810431759155,False,False,False
6023,87.0,2026-08-11,0.01635515830414591,-0.00391654476144121,0.05432217705138709,0.10675938396770501,,64.6,-0.022587790065806024,1.0102971466520299,0.968414437474045,False,False,False
6024,61.59999847412109,2026-08-11,0.058419203893665284,0.0815793132845064,0.20637697607995187,0.3270145646366611,,84.3,0.12946700896275876,0.7238933837154753,0.9919484700115031,False,False,False
6026,13.949999809265137,2026-08-11,0.0,-0.08823531795033823,-0.04055129666221191,-0.006061288437094969,,38.9,-0.11746126377940502,0.28329069071574137,0.7879411082817973,False,False,False
6027,12.0,2026-08-11,0.0,0.048034951956052785,-0.06976741435228129,0.26715941516704667,,59.0,-0.1466773814694744,0.23241389149056266,0.848056559965223,False,False,False
6028,87.0,2026-08-11,0.0767326325999107,0.09709957946932901,0.07407407407407418,-0.0951502509366482,,52.0,-0.002835893043118931,2.6408479682511325,0.6802885077155447,True,True,False
6035,50.70000076293945,2026-08-11,-0.032442761706788725,0.0006016091595768547,0.04608357208072289,-0.025196569489000398,,53.4,-0.030826395036470222,0.636472663891391,0.7807053303560404,False,False,False
6103,28.5,2026-08-11,0.0,-0.06862746259119046,-0.27109971580016434,-0.18454937402401872,,4.0,-0.34800968291735745,0.5941929169536376,0.5480769230769231,False,False,False
6104,93.5,2026-08-11,-0.003198326673744978,-0.0788177339901478,-0.06965174129353235,-0.017023893446925897,,33.4,-0.14656170841072547,0.24163393822217602,0.7123015372518805,False,False,False
6108,19.549999237060547,2026-08-11,0.15680471469506063,0.07713496682947252,0.0,0.261290273358745,,67.5,-0.07690996711719311,0.9874864989386722,0.8078511826743392,True,False,False
6109,11.199999809265137,2026-08-11,0.013574625877024404,-0.11462449430758181,-0.03448280681469351,-0.04680852687105219,,37.2,-0.11139277393188662,0.1999054792209671,0.7887323915284438,False,False,False
6112,46.400001525878906,2026-08-11,0.11672689236760325,0.08123001997125079,0.13465550022583983,0.047184813348404075,,70.0,0.05774553310864672,1.0897785200702645,0.8445334129115245,False,False,False
6113,24.600000381469727,2026-08-11,0.12328770821780721,-0.0699433016297627,0.025000015894572014,0.08131869808658143,,59.3,-0.0519099512226211,0.6816247210764581,0.8241206052627358,False,False,False
6114,27.0,2026-08-11,0.050583626399544945,-0.0496603300958659,-0.10090414677368675,-0.16502782006642835,,17.0,-0.17781411389087987,0.34388962174782434,0.8091863192986789,False,False,False
6115,45.09999847412109,2026-08-11,0.0,-0.01420768362576863,0.013364969629978019,0.027499958283621062,,52.3,-0.0635449974872151,0.6793785241919285,0.9595489686590354,False,False,False
6116,14.199999809265137,2026-08-11,0.09652509794677222,-0.1445783444007427,0.2622222052680121,0.670588212854722,,91.0,0.185312238150819,0.6102237642180428,0.6255506313659859,False,False,False
6117,66.5,2026-08-11,0.03100775193798455,-0.04178676458382369,-0.15609140324117576,-0.14852751217357352,,13.2,-0.23300137035836888,0.3011623073633018,0.6941544664051011,False,False,False
6118,15.699999809265137,2026-08-11,0.0,-0.07100590747643432,-0.06824929057386064,-0.16931216263770388,,21.0,-0.14515925769105376,0.24492919755474776,0.6156862670300054,False,False,False
6120,12.899999618530272,2026-08-11,-0.03731343389805564,-0.07194244801754435,0.01296567122924297,-0.009969449252904328,,48.7,-0.06394429588795014,0.4765173661962663,0.8147766838230027,False,False,False
6121,434.5,2026-08-11,0.17432432432432443,0.08760951188986232,0.1778750012823045,0.30493432066123227,,82.8,0.10096503416511138,1.0331608790284847,0.9574170947049495,True,False,False
6122,46.650001525878906,2026-08-11,0.01413046795388917,-0.037848554170722526,0.043417681471134006,-0.0886725722147117,,46.7,-0.033492285646059106,0.6475358492963378,0.7979565712334893,False,False,False
6123,43.45000076293945,2026-08-11,0.032066563841996576,0.04196642609069934,0.043375900162669234,0.019138148490407847,,57.1,-0.03353406695452388,0.5891681634614284,0.8394292077983151,True,False,False
6124,27.100000381469727,2026-08-11,0.04633207647157267,-0.05244755174800164,-0.07508528712888562,-0.037300151022715,,30.7,-0.15199525424607874,0.16188017689661074,0.7140974924020178,False,False,False
6125,49.650001525878906,2026-08-11,0.03960216124338989,-0.12611846590516163,-0.14981687891224216,-0.32670065447710217,,6.4,-0.22672684602943527,0.2728265530225684,0.5772244124799276,False,False,False
6126,30.649999618530277,2026-08-11,-0.012882435695935168,-0.08779758897497936,-0.0554699877377175,-0.19235839255998333,,21.2,-0.1323799548549106,0.19651076193118394,0.7127906888030296,False,False,False
6127,51.59999847412109,2026-08-11,0.05521465979532292,-0.2639087075990405,0.08631575734991759,0.45147678147707415,,81.6,0.009405790232724476,0.1981217975354759,0.5325077158057667,False,False,False
6128,20.25,2026-08-11,0.0024752096619857777,0.004962798181780581,-0.0024630166965359246,-0.1617646849829153,,32.6,-0.07937298381372904,0.7006753455988342,0.6973554329163278,False,False,False
6129,14.600000381469728,2026-08-11,0.01742160232433343,-0.18888886769612623,-0.07886435141423576,-0.09597518722428322,,26.0,-0.15577431853142887,0.2867139686451979,0.7002398136378627,False,False,False
6133,22.0,2026-08-11,0.07843139271514343,-0.08333333333333337,0.016166299659892802,-0.1821561222311272,,34.0,-0.06074366745730031,0.2813172986020259,0.7599308953443433,False,False,False
6134,27.799999237060547,2026-08-11,0.06513405481778345,-0.055209900871366124,-0.1259586434062413,-0.08454167936461121,,18.6,-0.2028686105234344,0.22378908687990537,0.7038448945768733,False,False,False
6136,25.049999237060547,2026-08-11,0.024539814126736337,0.026639329044769067,0.05668948726469014,0.09869184250577834,,64.5,-0.02022047985250297,0.7944465412790201,0.937811885992861,False,False,False
6138,288.0,2026-08-11,-0.025380710659898442,-0.13566529714830067,0.04622084064095722,0.12654862349651452,,65.0,-0.030689126476235895,0.506103082170292,0.6836101911492425,False,False,False
6139,812.0,2026-08-11,0.0330788804071247,-0.08040770101925254,0.18367346938775508,0.3224755700325732,,83.2,0.10676350227056197,0.7075893758736265,0.8502617801047121,False,False,False
6140,17.100000381469727,2026-08-11,0.04268297434278745,-0.10471203979348309,-0.1471321180969435,-0.2874999841054281,,8.1,-0.2240420852141366,0.3109801570074963,0.42127661594019095,False,False,False
6141,34.650001525878906,2026-08-11,0.037425147990830965,-0.08935605201983965,0.21366033106228555,2.0262010570376376,,97.2,0.13675036394509243,0.3982475790780114,0.7532609027364979,False,False,False
6142,9.350000381469728,2026-08-11,-0.05460060092086927,-0.1220656604342627,0.11442193073460327,-0.06965172099304706,,61.3,0.03751196361741016,0.44067490416317007,0.8311111450195314,False,False,False
6143,89.0,2026-08-11,-0.016574585635359074,-0.12315270935960587,-0.12315270935960587,-0.13131283194101262,,16.2,-0.20006267647679898,0.48940541902660994,0.6229401640574228,False,False,False
6146,192.0,2026-08-11,0.005235602094240788,-0.030303030303030276,-0.05392585171892639,0.1331806865323646,,49.9,-0.1308358188361195,0.5514838017463642,0.8528550714392272,False,False,False
6147,161.5,2026-08-11,0.11764705882352944,-0.18434343434343436,-0.14837257187272812,1.8586095409162686,,93.9,-0.22528253898992123,0.5927891044629691,0.5352290224260818,False,False,False
6148,28.350000381469727,2026-08-11,0.05000001412850841,-0.09279998779296872,-0.04545455713099833,-0.2128598131355851,,21.1,-0.12236452424819144,0.5076163797703471,0.4949441559849637,False,False,False
6150,59.20000076293945,2026-08-11,0.020689668326542288,-0.029615412825633625,-0.18227512299128457,-0.038976059619317716,,15.4,-0.2591850901084777,0.36586652003052816,0.6441345494373477,False,False,False
6151,35.150001525878906,2026-08-11,0.02777779946627712,-0.08701294737976872,-0.11904761449493129,0.22481757229133925,,46.1,-0.1959575816121244,0.1329242245305512,0.7058233346260919,False,False,False
6152,14.800000190734863,2026-08-11,0.2542372840261091,0.12121215186281131,-0.045161278017105566,0.13409961489827804,,51.6,-0.12207124513429868,1.4320708940714382,0.6712018459329357,True,False,False
6153,16.799999237060547,2026-08-11,0.08387091852003525,-0.11811024095070666,-0.050847541643237903,0.04999995231628418,,42.6,-0.12775750876043102,0.33404317480832874,0.6871165117722802,False,False,False
6154,13.800000190734863,2026-08-11,0.022222236350730507,0.007299298019120881,0.10108450022394022,0.04102533702472355,,66.7,0.02417453310674711,0.6585453134214014,0.947953498335717,True,False,False
6155,55.20000076293945,2026-08-11,0.00914076769700456,-0.21367516862375502,0.07139034014231016,0.02980219805870954,,62.2,-0.005519626974882952,0.16029141404424785,0.5656070799321506,False,False,False
6156,21.75,2026-08-11,-0.009111651753431205,-0.2273534531175394,0.13494980230155673,0.00020682566806540237,,68.1,0.05803983518436362,0.4942093729235964,0.6845165496938627,False,False,False
6158,16.5,2026-08-11,-0.040697716970323206,-0.13385823302815092,-0.08587253753884172,-0.20289858010338746,,16.3,-0.16278250465603483,0.7579664730007458,0.6666666666666666,False,False,False
6160,14.149999618530272,2026-08-11,0.0035460450856619197,-0.1183800441649272,-0.18443808026408703,-0.19830028757198626,,8.5,-0.26134804738128015,0.43697200665594144,0.6086021341303343,False,False,False
6161,53.09999847412109,2026-08-11,0.04940711611441251,0.013049488087766958,0.25425170803580555,0.28633721037686355,,85.2,0.17734174091861243,1.3387809293291641,0.8509615452214342,False,False,False
6163,43.0,2026-08-11,0.06304077104979622,-0.05908097850906446,-0.2892561983471075,-0.3312597518014506,,1.7,-0.3661661654643006,0.47945543809073854,0.5802969080359354,False,False,False
6164,11.75,2026-08-11,0.004273520645296847,-0.18118469075632426,-0.016736385979694512,-0.07114621704904345,,38.0,-0.09364635309688762,0.3048507224618926,0.6752873711265338,False,False,False
6165,50.09999847412109,2026-08-11,-0.005952441322918944,-0.013779542784496446,0.018292636122468675,0.1651162435842113,,63.8,-0.05861733099472444,0.8404587313834658,0.8391959436158357,False,False,False
6166,136.0,2026-08-11,0.07509881422924902,0.011152416356877248,0.23062019811932322,1.1439711593665938,,94.4,0.1537102310021301,1.3613116722077323,0.8168168168168168,False,False,False
6167,10.5,2026-08-11,-0.0047393544863415515,-0.10256408793399008,-0.08695652173913049,-0.1286307191867635,,21.3,-0.1638664888563236,0.2663476876902157,0.6402439173313215,False,False,False
6168,24.600000381469727,2026-08-11,0.004081648223254186,-0.13227513049527484,-0.04651158492543972,0.11060951716178913,,48.9,-0.12342155204263283,0.31297730956641895,0.6929577572244994,False,False,False
6170,46.59999847412109,2026-08-11,0.009750746118390552,-0.009564309675588745,-0.004749310016356367,0.030831680384468374,,49.4,-0.08165927713354948,0.31652963852005384,0.9396501115958106,False,False,False
6171,24.549999237060547,2026-08-10,0.0358649133653306,0.04025418814555359,0.016563131463710246,-0.11690647802850951,,39.3,-0.060346835653482866,0.4295597860082429,0.7542242645925651,True,False,False
6173,185.0,2026-08-11,0.12462006079027366,-0.2525252525252525,0.17124452942606783,1.579333564656193,,96.0,0.09433456230887471,1.7220124645588106,0.5313205938441599,False,False,False
6174,42.900001525878906,2026-08-11,0.011792452405805287,-0.2407079375950636,0.07987260819896269,0.9240491819139363,,89.9,0.002962641081769579,0.35217872127515826,0.6809524051726811,False,False,False
6175,77.5,2026-08-11,0.030585148206067503,-0.2221723991757144,0.15086734698501858,0.6112142675246524,,87.2,0.07395737986782547,0.1484782310399424,0.677678126773112,False,False,False
6176,81.69999694824219,2026-08-11,-0.06199772239356971,-0.09222225613064239,-0.17180186568018385,-0.32147620201422167,,5.3,-0.24871183279737696,0.5900984633064202,0.5866403375814421,False,False,False
6177,48.25,2026-08-11,0.020084583049952975,0.046637778677711905,0.03651988809456319,0.01365549467889804,,55.5,-0.04039007902262992,0.7733177001983152,0.8678057792116284,False,False,False
6179,27.5,2026-08-11,0.06589150438801084,-0.012567338480275358,0.15546222191376957,-0.024822721418482963,,68.9,0.07855225479657646,1.1731584478292023,0.7703081067871583,False,False,False
6182,94.0,2026-08-11,-0.029927775853588745,-0.503957783641161,0.699819191624939,1.4769432967125753,,97.7,0.6229092245077459,0.4123279634118292,0.49604221635883905,False,False,False
6183,93.5,2026-08-11,0.019629259669155408,0.03658540092469598,0.014099816646280017,-0.019916158233640013,,47.9,-0.0628101504709131,0.7755538480261943,0.9368737188465763,False,False,False
6184,42.150001525878906,2026-08-11,-0.0058962262029026435,-0.015186862681502267,-0.03271458261968274,-0.06485700679121786,,35.8,-0.10962454973687585,0.6200771021698392,0.8026227866777941,False,False,False
6185,13.600000381469728,2026-08-11,-0.028571401323590817,-0.04895103496003261,0.009871658525027138,-0.054951153219802595,,43.9,-0.06703830859216597,0.5769675293547109,0.7947001761860012,False,False,False
6186,35.400001525878906,2026-08-11,-0.039837159558779645,-0.056761332074990345,0.049275918163267596,-0.17418094624063551,,40.2,-0.027634048953925516,1.3115540179215677,0.5990269191326072,False,False,False
6187,1050.0,2026-08-11,-0.03669724770642202,0.027388302158893874,-0.13196168424621868,1.8280503562351842,,94.0,-0.2088716513634118,1.6555676350333777,0.7649977934808342,False,False,False
6188,71.80000305175781,2026-08-11,0.018439759599401695,-0.07593300036310813,-0.13493972226797812,-0.33233186340875365,,7.2,-0.21184968938517124,0.36770264705506633,0.5623819926277587,False,False,False
6189,49.29999923706055,2026-08-11,0.02922750869695201,-0.01202409359661416,0.10596284805929557,0.16293290879834488,,72.7,0.029052880942102455,0.24913401479782193,0.909368778244724,False,False,False
6190,68.80000305175781,2026-08-11,0.026865717190415195,-0.1001775745921053,-0.10132386438888208,0.4081053837453392,,64.2,-0.1782338315060752,0.25859552427476173,0.7668051879893162,False,False,False
6191,86.0999984741211,2026-08-11,0.03734937920627823,-0.15172415296432418,-0.04567013364915162,-0.20472516741730118,,21.9,-0.12258010076634474,0.2987371318177779,0.602563204455678,False,False,False
6192,121.0,2026-08-11,0.06140350877192979,0.0,-0.05836575875486383,0.0565869197760156,,41.8,-0.13527572587205694,1.109644806478138,0.9063670411985019,True,False,False
6194,29.850000381469727,2026-08-11,0.015306148597900693,0.011209371101956744,-0.027984789108061237,-0.08071872654437229,,35.2,-0.10489475622525435,0.5087321843925131,0.7906050539526168,False,False,False
6195,28.850000381469727,2026-08-11,0.07050091149322246,0.09487665896802389,0.05879839120588226,0.1908860272746964,,69.8,-0.01811157591131085,1.4990574836105603,0.994827599361025,False,False,False
6196,510.0,2026-08-11,0.03658536585365857,-0.074410163339383,0.23039951937518777,0.7767731790570227,,91.5,0.15348955225799465,0.7765081798832812,0.864406779661017,False,False,False
6197,301.5,2026-08-11,-0.02110389610389607,-0.0821917808219178,0.32025720524957024,1.1215166654516069,,95.1,0.24334723813237713,0.5400591065028671,0.8093959731543624,False,False,False
6198,19.5,2026-08-11,-0.0051020601797675535,-0.07801416776786385,-0.11161734295135206,-0.25143951742394144,,12.5,-0.18852731006854517,0.15158554604840613,0.6320907539344088,False,False,False
6199,98.5,2026-08-11,-0.007056421066297225,-0.07075471698113212,-0.048309178743961345,-0.029556650246305383,,36.2,-0.12521914586115446,0.626456878994307,0.7911646586345381,False,False,False
6201,45.45000076293945,2026-08-11,-0.013029364800345111,-0.005950640793314199,-0.020007904458863246,-0.11800711401297692,,33.3,-0.09691787157605636,0.816398625597524,0.823592677916575,False,False,False
6202,64.30000305175781,2026-08-11,0.10671264613540976,-0.08404550075457107,0.17122042376352042,0.31358533298410096,,82.7,0.09431045664632731,0.5454908648744508,0.8724559798410063,False,False,False
6203,60.70000076293945,2026-08-11,-0.0049180202796811345,-0.016314068995139652,-0.07268576774084667,-0.025202805273855988,,32.4,-0.14959573485803979,0.4526362061713598,0.744839323123433,False,False,False
6204,80.5,2026-08-11,0.09226598824058696,-0.13903743315508021,0.007509367492649632,0.06060603928384212,,54.6,-0.06940059962454348,0.4953121989735434,0.644,False,False,False
6205,61.59999847412109,2026-08-11,0.02666664123535134,-0.10204081859623815,-0.21932010946875335,0.18876257625553472,,26.2,-0.29623007658594647,0.22621681340253463,0.6391717655448329,False,False,False
6206,143.0,2026-08-11,0.021428571428571352,0.16606324898923708,0.08187099600632375,0.6447763839710767,,85.6,0.0049610288891306364,2.5479399183375167,0.9050632911392406,False,False,False
6207,107.0,2026-08-11,0.03883495145631066,-0.2351529279236535,0.5733677129380785,0.9155261760981404,,96.2,0.4964577458208854,0.2782509469867655,0.6493112710685699,False,False,False
6208,81.9000015258789,2026-08-11,-0.029620852545049314,-0.04434067161820621,-0.122078894336619,0.8825319911541245,,81.8,-0.19898886145381212,0.4289032988728636,0.78000001453218,False,False,False
6209,75.0,2026-08-11,0.08538352613840572,-0.08772439744235427,0.21636758295756464,0.10111411860969555,,79.1,0.13945761584037153,0.3791081389496701,0.7771237362272676,False,False,False
6210,17.299999237060547,2026-08-11,-0.052054836325449494,-0.11282055194561302,-0.22767859233581333,-0.17619051252092632,,6.2,-0.30458855945300645,1.1287941418386902,0.7723214076641867,False,False,False
6212,29.0,2026-08-11,-0.010238882077549305,0.00694447111936336,0.0,-0.23684210526315785,,26.8,-0.07690996711719311,0.5353575095722936,0.6643756926974375,False,False,False
6213,452.0,2026-08-11,0.4580645161290322,0.2573018080667593,0.6665336317486201,3.1248591848778275,,98.7,0.589623664631427,1.4421457699868512,1.0,True,True,False
6214,143.0,2026-08-11,-0.046666666666666634,0.014184397163120588,0.22422587371594016,0.26038438998607694,,83.6,0.14731590659874705,1.013050727842181,0.9285714285714286,False,False,False
6215,102.5,2026-08-11,0.106911465324113,-0.06769749410669912,-0.1411985165965588,-0.1586538717453908,,14.1,-0.2181084837137519,0.7554343787340545,0.6612497027179844,False,False,False
6216,22.5,2026-08-11,0.029748265774929505,-0.0022172611420037125,-0.013157861714877095,-0.1964285714285714,,28.0,-0.09006782883207021,0.6647232085924383,0.7583544326989435,False,False,False
6217,153.0,2026-08-11,0.14179104477611948,-0.36907216494845363,-0.5513196480938416,1.459807043783218,,71.8,-0.6282296152110347,0.4236654853979285,0.44868035190615835,False,False,False
6218,35.75,2026-08-11,0.08169442739084287,-0.02322400299339078,-0.20731704635170278,0.4926930630966835,,54.7,-0.2842270134688959,0.30638369293243073,0.7926829536482972,False,False,False
6219,12.350000381469728,2026-08-11,0.012295129061451027,-0.049999970656174786,0.008163296446508372,-0.23052953467108384,,29.0,-0.06874667067068474,0.2211165755055439,0.5704388267471071,False,False,False
6220,25.549999237060547,2026-08-11,-0.03402652173605791,-0.24852943420410156,-0.12349485569511576,-0.07202748042021445,,19.8,-0.20040482281230887,0.3114187141424607,0.5756297909676427,False,False,False
6221,20.549999237060547,2026-08-11,-0.023752969982046457,-0.06802721323812444,-0.14016738221503522,-0.3195364662944348,,7.5,-0.21707734933222833,0.6238126438229288,0.5090366961640768,False,False,False
6222,20.149999618530277,2026-08-11,-0.03818621075300288,-0.04275532784560554,-0.08409092643044191,0.06052629571211976,,37.7,-0.16100089354763503,0.574787304836114,0.8722943413756015,False,False,False
6223,6315.0,2026-08-11,0.0703389830508474,-0.048945783132530174,0.1077936711674381,1.4418418260797163,,94.7,0.030883704050244987,0.6377371102894541,0.8586151535106399,False,False,False
6224,59.79999923706055,2026-08-11,0.06785712923322396,-0.11144135920661558,-0.2026666768391927,0.49630796039247116,,55.8,-0.2795766439563858,0.21629334122140295,0.6294736761795847,False,False,False
6225,30.450000762939453,2026-08-11,0.3473451437596491,0.2582644546677628,0.05000002630825695,0.7400000435965401,,86.2,-0.02690994080893616,2.424277485401396,0.8687589565121238,True,True,False
6226,20.299999237060547,2026-08-11,-0.07727276195179333,-0.20857701602477763,0.6707818826677578,1.2732361190732293,,97.4,0.5938719155505647,1.9493668367693457,0.7302158199342088,False,False,False
6227,131.0,2026-08-11,0.09166666666666656,0.14912280701754388,0.22429906542056077,0.5179605488708232,,88.0,0.14738909830336766,0.5596348219305718,0.966789667896679,True,False,False
6228,18.399999618530277,2026-08-11,0.03370788804420277,-0.06598990325192267,-0.10895883978520571,-0.2565656719785747,,12.6,-0.18586880690239882,0.17961302673023455,0.4664131625522249,False,False,False
6229,23.649999618530277,2026-08-11,0.01068376085792866,-0.061974080053572744,-0.15380882937334572,0.027646240177638948,,23.5,-0.23071879649053884,0.26371411632996433,0.7769202982889086,False,False,False
6230,109.5,2026-08-11,0.018604651162790642,-0.08750000000000002,-0.2448275862068966,-0.10245901639344257,,7.7,-0.3217375533240897,0.6546084005091217,0.6,False,False,False
6231,217.5,2026-08-11,-0.018058690744920947,-0.14128385716692005,-0.27177505035830674,0.05860733389300932,,11.7,-0.34868501747549985,0.5210688045821553,0.6394170831332643,False,False,False
6233,22.450000762939453,2026-08-11,0.09245749860916685,-0.08553965537200292,-0.08546661360369134,-0.04586829778158452,,28.7,-0.16237658072088446,0.4032391853530743,0.7598586036451472,False,False,False
6234,36.650001525878906,2026-08-11,0.09895062077194838,-0.18008946531684988,-0.3336363358931108,0.3624536076436322,,21.1,-0.4105463030103039,0.27142722956479043,0.5911290568690146,False,False,False
6235,39.20000076293945,2026-08-11,0.015544101361056661,-0.0721893310546875,-0.049696951201467776,-0.3258045663222091,,14.8,-0.1266069183186609,0.3052687407223051,0.5245698326703071,False,False,False
6236,17.049999237060547,2026-08-10,0.0,0.0,-0.10498688084507257,-0.3866906580943007,,7.5,-0.18189684796226568,0.0,0.5412698170495411,True,False,False
6237,34.5,2026-08-11,0.01920240931106232,-0.16262129719716023,-0.20405668502341634,-0.15027669189632253,,8.9,-0.28096665214060945,0.1945628374436858,0.616465956664962,False,False,False
6239,282.5,2026-08-11,0.10136452241715399,-0.07819686681176719,0.24165289300539428,0.12744995647965918,,81.3,0.16474292588820116,0.8537007329003043,0.7600619350109341,False,False,False
6240,19.049999237060547,2026-08-11,-0.007812579162415734,0.02972968848975932,0.06424579011386022,0.018716495178692005,,60.3,-0.012664177003332888,0.2156075080922688,0.9049881200718142,False,False,False
6241,14.550000190734863,2026-08-11,-0.13134327219493358,-0.15895948945677163,0.5251572587961211,0.16400001525878904,,91.2,0.44824729167892796,0.8281899573304956,0.7739362117660283,False,False,False
6243,45.59999847412109,2026-08-11,-0.09702973318572106,0.26490983187713457,0.3673163586350907,0.2845069992710165,,89.1,0.2904063915178976,1.3794072902317775,0.8735631763916719,False,False,False
6244,24.100000381469727,2026-08-11,0.01687762049171604,-0.07866030688424508,-0.17580840185701962,0.08904417512840213,,25.1,-0.25271836897421274,0.37165261540849054,0.6675270762490291,False,False,False
6245,87.9000015258789,2026-08-11,0.12404098409437037,0.08921939095306919,0.061594182199885994,0.273913065592448,,73.5,-0.015315784917307118,1.2027372134693997,0.9617067840090898,False,False,False
6246,12.149999618530272,2026-08-11,-0.03952569289153007,-0.18729098504734354,-0.2358490622622187,-0.11956525720284994,,7.7,-0.3127590293794118,0.28535223486230793,0.5985221711904655,False,False,False
6248,17.950000762939453,2026-08-11,0.019886384879754138,0.005602262147486492,-0.042666625976562456,-0.18223233990741494,,24.8,-0.11957659309375557,0.6149484671404094,0.7821350834953263,False,False,False
6257,204.5,2026-08-11,0.02506265664160412,-0.1279317697228145,-0.020123993272091023,0.5797240656962639,,79.3,-0.09703396038928414,0.4943006088046749,0.7609293684940855,False,False,False
6259,30.75,2026-08-11,0.01990051041662233,-0.17318379598084332,0.18431567694030382,0.8127280687965794,,90.9,0.1074057098231107,0.30390471628828936,0.7297720032841392,False,False,False
6261,78.80000305175781,2026-08-11,0.03141363191028157,-0.14718612824169786,-0.33781510040539653,0.1005587252943736,,8.1,-0.41472506752258964,0.19114661464707586,0.5902621951442533,False,False,False
6263,159.5,2026-08-11,0.04590163934426239,-0.018461538461538418,-0.11584959027763686,0.3174889194030295,,55.3,-0.19275955739482997,0.44774890825986885,0.8841504097223631,False,False,False
6264,6.059999942779541,2026-08-10,0.0016528515255240794,-0.019417457749564604,-0.021001633802777864,-0.14527506172653515,,30.8,-0.09791160091997098,0.4020995560170616,0.7546700055165845,False,False,False
6265,56.09999847412109,2026-08-11,0.13793102114185718,0.03696857775248752,0.312280666061312,0.13104839112830602,,84.6,0.23537069894411888,0.8604384187403182,0.8779342274569604,True,False,False
6266,25.0,2026-08-11,0.04166666666666674,-0.04580155450365042,-0.0023535328986542536,-0.09824872902275228,,38.2,-0.07926350001584737,0.6549629068358034,0.8514944158358004,False,False,False
6269,67.4000015258789,2026-08-11,0.2014260848326137,0.0888529865011487,0.20357145581926628,0.1404399875812561,,79.6,0.12666148870207317,1.211048160390987,0.7702857317243303,True,False,False
6270,30.0,2026-08-11,0.0273972334300725,-0.1573033346670487,0.1507389912201924,0.1793972601424938,,76.8,0.0738290241029993,0.12264317895125716,0.7200530459000488,False,False,False
6271,195.5,2026-08-11,0.08913649025069637,-0.1716101694915254,0.08777294956606374,0.3700669555448288,,79.4,0.010862982448870628,0.8141271395826349,0.68,False,False,False
6272,25.0,2026-08-11,0.018329970546806962,-0.16666666666666663,-0.15012233785088047,-0.3826266721744427,,4.8,-0.22703230496807358,0.36505149940610626,0.43185966669522186,False,False,False
6274,1605.0,2026-08-11,0.1977611940298507,0.03548387096774186,0.10689655172413803,2.172230629072604,,97.1,0.02998658460694492,1.1492907568942272,0.8447368421052631,True,False,False
6275,43.79999923706055,2026-08-11,0.01860463342001273,-0.040942530091277574,-0.031827924022245324,-0.1098457118008731,,32.0,-0.10873789113943844,0.42553218773412144,0.7539958590963258,False,False,False
6276,19.450000762939453,2026-08-11,-0.06038647120428886,-0.10574709135910565,-0.348408692985692,-0.449008465061965,,0.6,-0.4253186601028851,0.3362933271168123,0.3324786455203325,False,False,False
6277,80.0,2026-08-11,0.029601070039808386,0.10379813779539337,0.167809202827798,0.35796223299634944,,83.3,0.09089923571060488,0.6306147560631322,0.9975062723709172,False,False,False
6278,167.5,2026-08-11,0.09477124183006547,-0.07202216066481992,-0.16158618318275064,0.8368233956170197,,78.1,-0.23849615029994375,0.5925879367957669,0.6989616446860499,False,False,False
6281,51.5,2026-08-11,0.003898650407678117,0.009803921568627416,0.02182536588925066,-0.11429017925033469,,40.8,-0.055084601227942454,0.5265407362872443,0.7671993404334781,False,False,False
6282,49.84999847412109,2026-08-11,0.040709747100710514,-0.14051726768756745,-0.035783409313690395,-0.0664794559984685,,34.9,-0.11269337643088351,0.3098557877511304,0.704095993296478,False,False,False
6283,20.149999618530277,2026-08-11,-0.01225490218994485,-0.0756880585447558,-0.2035573033135244,-0.1370449983152433,,9.3,-0.2804672704307175,0.4030336459916235,0.6376582080785751,False,False,False
6284,78.0,2026-08-11,0.011673171772902169,-0.20326865388882076,-0.054669768324366985,-0.0776998500303836,,30.9,-0.1315797354415601,0.2225699032199947,0.6411473657693089,False,False,False
6285,254.0,2026-08-11,0.005940594059405946,-0.019305019305019266,-0.045169855161447225,0.4633516052905602,,72.4,-0.12207982227864034,0.7511795943104078,0.8096601159312747,False,False,False
6290,220.0,2026-08-11,0.023255813953488413,-0.20004376536129231,-0.14225223040644075,0.37553456338365443,,56.0,-0.21916219752363386,0.8345413142048728,0.6146802907200667,False,False,False
6291,366.0,2026-08-11,-0.0013642564802183177,-0.19294377067254687,-0.2522982635342186,0.5235053246393515,,49.0,-0.3292082306514117,0.5663149966205498,0.5390279823269514,False,False,False
6292,65.69999694824219,2026-08-11,0.14062497723433665,0.15061293702168488,0.245136586224584,0.63801940226595,,90.2,0.1682266191073909,0.6331841292937265,0.965470702045236,True,False,False
6405,40.400001525878906,2026-08-11,0.04527813534051872,-0.2600732114483958,-0.32778697917479904,0.3267652057023771,,19.2,-0.40469694629199215,0.4039403567651414,0.4987654509367766,False,False,False
6407,22.600000381469727,2026-08-11,0.05116280844045229,-0.18705032367981622,-0.2981366507456371,0.31957959779965184,,23.8,-0.3750466178628302,0.7410244557018426,0.4090250981578022,False,False,False
6409,1010.0,2026-08-11,0.07332624867162596,-0.006032339219911642,0.3926106931284332,0.13982160393351095,,87.3,0.3157007260112401,0.5027793930522205,0.8128960315179561,False,False,False
6411,78.0999984741211,2026-08-11,0.020915012733609073,-0.136711435142859,-0.018798797797111577,-0.04895395110541545,,39.0,-0.09570876491430469,0.18020143351779636,0.7057762701076185,False,False,False
6412,78.80000305175781,2026-08-11,-0.03667481525766925,-0.09111873327054998,-0.14105974292352796,-0.015260567848608075,,21.8,-0.21796971004072108,0.45096678197302104,0.7491214111383905,False,False,False
6414,448.5,2026-08-11,0.027491408934707806,0.15444015444015435,0.3390287089718569,0.6072970988712407,,91.9,0.2621187418546638,1.2379532467915193,0.8916500994035785,False,False,False
6415,466.5,2026-08-11,0.10023584905660377,-0.10973282442748089,-0.002139037433155133,0.5712614951572992,,80.4,-0.07904900455034825,0.7537351826492589,0.6931649331352154,False,False,False
6416,99.6999969482422,2026-08-11,0.053911189813774296,0.06012527247696675,0.23214076934275418,0.2018066261474658,,83.0,0.15523080222556107,1.2370838832317839,0.9625738114573724,False,False,False
6417,111.0,2026-08-11,0.009090909090909038,-0.1344495800689014,-0.19297436342898833,0.045042363421816445,,18.4,-0.26988433054618144,0.5958330269990134,0.7739733715562581,False,False,False
6418,32.70000076293945,2026-08-11,0.02187502384185791,0.006153869628906294,0.01517965620996753,-0.08069856154533339,,42.7,-0.06173031090722558,0.726455012220753,0.43776261209608713,False,False,False
6419,151.5,2026-08-11,0.13909774436090228,0.03767123287671237,-0.0845921450151057,1.1368123658601283,,88.0,-0.16150211213229881,1.034751862683843,0.7789203084832905,True,False,False
6423,80.4000015258789,2026-08-11,0.12447554581648812,0.002493822758694142,-0.28214284351893837,-0.19896146585750418,,3.5,-0.3590528106361315,0.7069947940621591,0.6406374623576009,False,False,False
6425,57.900001525878906,2026-08-11,0.037634450134967246,-0.13582087274807597,-0.3315133997356732,-0.17796740885421458,,2.5,-0.4084233668528663,0.2357880285137253,0.572615884623136,False,False,False
6426,218.0,2026-08-11,0.25648414985590784,0.19780219780219777,-0.21014492753623193,0.9551569506726458,,79.2,-0.28705489465342504,1.8914984027629274,0.755632582322357,True,False,False
6432,74.0999984741211,2026-08-11,0.04219409373253269,0.0054274293411411545,0.5502091978417751,1.2218891113779558,,96.9,0.473299230724582,0.3620562490341165,0.8527042252358769,False,False,False
6434,16.049999237060547,2026-08-11,-0.13008137813738163,-0.050295881695626155,-0.2637614771208274,1.961254430098665,,93.3,-0.34067144423802054,0.6323831835405552,0.43972600649480953,False,False,False
6435,259.5,2026-08-11,0.031809145129224614,-0.2224321654432645,0.10965409828898931,0.8116802328448984,,89.4,0.0327441311717962,0.4804412625285496,0.6340880679860728,False,False,False
6438,145.0,2026-08-11,0.00694444444444442,-0.055374592833876246,-0.12775790552925814,-0.02018137334963288,,24.0,-0.20466787264645125,0.2828393288964805,0.7235897199260535,False,False,False
6441,23.0,2026-08-11,0.19170989166852292,0.045454545454545414,-0.13207547169811318,0.05504590848330948,,29.1,-0.2089854388153063,2.121239273663979,0.7165109374862594,False,False,False
6442,1450.0,2026-08-11,0.03942652329749108,0.06365212601032577,-0.18973863573034067,-0.15216129491830677,,9.9,-0.2666486028475338,1.3966011819372042,0.617097759893155,True,False,False
6443,26.899999618530277,2026-08-11,0.04263567496116938,-0.11513158039207938,-0.36180311637677076,-0.31025642003768517,,1.0,-0.4387130834939639,0.33371391255115845,0.5143403443774535,False,False,False
6449,238.0,2026-08-11,0.04615384615384621,-0.24921135646687698,0.10255236844676063,0.43496361110065895,,81.8,0.02564240132956752,0.7621132011466843,0.5191283354869424,False,False,False
6451,433.0,2026-08-11,0.10741687979539649,-0.11588668529539392,-0.09369133580291056,1.5558439406187166,,92.8,-0.17060130292010367,0.9582519015579458,0.5983640170801326,False,False,False
6456,70.5999984741211,2026-08-11,0.2172413530020878,0.0,0.01436781640694762,0.7649999618530274,,85.2,-0.06254215071024549,0.5360693860806072,0.7749725538598833,False,False,False
6462,102.5,2026-08-11,0.06217616580310881,-0.04205607476635509,-0.2145593869731801,-0.11255411255411252,,9.4,-0.2914693540903732,0.28934656274315196,0.6549520766773163,False,False,False
6464,76.19999694824219,2026-08-11,-0.03422058967579522,0.03424699522541452,0.05452636520215437,0.06708030683476385,,62.5,-0.022383601915038742,0.3036803050095038,0.9572864121726801,False,False,False
6465,46.75,2026-08-11,-0.004259867086036873,-0.21560400676353508,0.06071723034360699,0.3395343143282643,,75.9,-0.016192736773586125,0.7490868293092761,0.6566011517385912,False,False,False
6470,42.29999923706055,2026-08-11,-0.009367717066321002,-0.06384281914339018,-0.043903379903063255,-0.16095818838795517,,26.3,-0.12081334702025637,0.6339219078829267,0.8359169029158249,False,False,False
6473,7.0,2026-08-11,0.030927840843413268,-0.10025709367269597,-0.24973204102455504,-0.5882352941176471,,0.8,-0.32664200814174815,0.19844435984021258,0.4117647058823529,False,False,False
6474,39.09999847412109,2026-08-11,0.042666625976562234,0.01690501165888514,0.011642870128759863,0.1045196832982429,,59.1,-0.06526709698843325,1.123391387018946,0.8319148611515125,True,True,False
6477,34.95000076293945,2026-08-11,-0.030513134463266756,-0.138101074709836,0.04628144834184522,0.005982466218857452,,56.6,-0.03062851877534789,0.4502043463028803,0.7715466634194437,False,False,False
6485,66.0,2026-08-11,0.09634550105572703,-0.11528148324432541,-0.1871920876786589,-0.415929203539823,,3.2,-0.264102054795852,0.18564130891492225,0.5301204819277109,False,False,False
6486,75.0,2026-08-11,0.00942122368090037,-0.027669635566021644,-0.020589597012431682,0.005023892627330273,,43.7,-0.0974995641296248,0.4031472945655662,0.8927369766054308,False,False,False
6488,849.0,2026-08-11,-0.10819327731092432,-0.4260724387346443,0.13637654786194386,0.6977737890514222,,88.2,0.05946658074475075,1.5852166347379864,0.5625626815839838,False,False,False
6494,54.900001525878906,2026-08-11,0.1102123494207099,-0.13949839839514844,0.018459531506121785,0.4302885083630654,,76.2,-0.05845043561107133,0.339382212277484,0.7933526581936283,False,False,False
6498,73.5,2026-08-11,-0.035433032235895334,-0.17322836064739489,-0.24727126033842584,-0.12324211208018077,,6.9,-0.32418122745561895,0.650897452454505,0.6051348756293469,False,False,False
6504,38.70000076293945,2026-08-11,-0.0012903028918850312,0.0870787197103915,-0.008962829217905033,-0.12542371157198973,,34.7,-0.08587279633509814,0.5114235159538787,0.7051176315880194,False,False,False
6505,71.0999984741211,2026-08-11,0.042522018411228935,0.12678288737647136,0.37459180089050625,0.3877081047902726,,90.3,0.29768183377331314,0.8860145477136345,0.7628755450883314,False,False,False
6506,17.149999618530273,2026-08-11,0.03625380115584176,-0.017038938163965955,-0.07234616220289469,0.14782473380194205,,47.3,-0.1492561293200878,0.3082088161411274,0.8761174431727056,False,False,False
6508,26.25,2026-08-11,0.01351352844110898,0.06632294479109424,0.1105687515518643,0.14379090670870642,,72.0,0.033658784434671185,0.4447319440099401,0.9134712073139504,False,False,False
6509,47.70000076293945,2026-08-11,0.07796611893648486,-0.03677270643560493,0.057175440848062475,0.38531563777655853,,77.7,-0.019734526269130637,0.36182742051709915,0.8576910922972779,False,False,False
6510,2800.0,2026-08-11,0.0017889087656528524,0.009009009009008917,-0.2542777691768361,-0.10631701278232852,,7.0,-0.3311877362940292,0.841028428253992,0.6702622665276676,False,False,False
6512,19.899999618530277,2026-08-11,-0.024509804379889588,-0.026894920483617635,0.03645827227996712,-0.033980618930916084,,51.1,-0.04045169483722599,0.3641408423488259,0.8708971241273256,False,False,False
6515,6920.0,2026-08-11,0.05247148288973391,-0.05475647481503365,-0.29405862295763985,0.787479736260166,,63.5,-0.37096859007483296,1.0100507860542443,0.6457777629129261,False,False,False
6516,60.59999847412109,2026-08-11,0.03767117963631028,0.04844289401417878,0.10221292860296805,-0.024046677891267576,,62.8,0.025302961485774933,1.842824800051575,0.9137185885484057,False,False,False
6517,61.900001525878906,2026-08-11,-0.02056960793302498,-0.12067926569924325,0.1265319650314205,-0.10829443123436933,,60.2,0.04962199791422739,0.24376050649376477,0.7711461095522959,False,False,False
6525,140.5,2026-08-11,0.03308823529411775,-0.2701298701298701,0.38335260872870425,0.8398417159639169,,94.5,0.30644264161151114,0.6065289749723817,0.6357466063348416,False,False,False
6526,620.0,2026-08-11,0.07826086956521738,-0.09090909090909094,-0.10036119000429267,0.4007665130358651,,63.6,-0.17727115712148578,0.8161498007186725,0.839901888193386,False,False,False
6530,80.30000305175781,2026-08-11,0.07496661756754475,0.0151707282020912,-0.30556091272007857,0.3499803532893506,,25.3,-0.3824708798372717,1.3297330323177448,0.6138113415822715,False,False,False
6531,831.0,2026-08-11,0.03101736972704705,-0.06942889137737962,-0.19547849961520347,0.888718630378021,,77.5,-0.2723884667323966,0.5458895964076268,0.7031111825377333,False,False,False
6532,85.0,2026-08-11,0.20910378819499376,0.12137198651509595,-0.13331462705042085,0.5063110318281674,,66.3,-0.21022459416761397,1.01947744928356,0.7716540799497326,True,False,False
6533,250.0,2026-08-11,0.10864745011086474,0.18764845605700708,0.06837606837606836,0.014198782961460488,,60.9,-0.008533898741124757,2.8881780956462944,0.7680491551459293,False,False,False
6536,16.5,2026-08-10,-0.06250002031976487,-0.1970802621615988,-0.24485127176505161,0.10000000000000009,,15.9,-0.3217612388822447,0.8400219951427393,0.3548387096774194,False,False,False
6538,147.0,2026-08-11,-0.010101010101010055,-0.01672240802675584,0.9456929105591059,1.208780585330322,,98.0,0.8687829434419128,1.582394715228793,0.939297124600639,False,False,False
6546,61.900001525878906,2026-08-11,0.0917107705991127,-0.07749623049913634,-0.07936044862324321,-0.01572173701637536,,31.9,-0.15627041574043632,0.43169304013580223,0.7119612207496017,False,False,False
6548,74.5999984741211,2026-08-11,0.008108087488122973,-0.11924437825296408,0.475730032364887,0.25739100366088596,,91.1,0.39882006524769387,0.3192914483677091,0.7641904961086583,False,False,False
6552,24.399999618530277,2026-08-11,0.002053356725965294,-0.13780917751485255,-0.15862070280930074,-0.23270439610281868,,9.1,-0.23553066992649385,0.23391755627263472,0.6612465747845008,False,False,False
6555,16.049999237060547,2026-08-11,0.03548382174584175,-0.13243247367240285,-0.2802690678846784,-0.40111941440409804,,1.2,-0.35717903500187154,0.5776667642986958,0.486363613244259,False,False,False
6556,60.20000076293945,2026-08-11,-0.06521740160598755,-0.08510641381602124,-0.08642468093314526,-0.07577071577002004,,26.3,-0.16333464805033837,3.656583359083509,0.7985154589305982,False,False,False
6558,26.799999237060547,2026-08-11,0.06986028156882895,-0.09459463203797946,-0.08688249101417855,-0.3083871164629536,,11.9,-0.16379245813137167,0.3912726039209789,0.47857141494750977,False,False,False
6559,17.399999618530273,2026-08-11,0.005780369125999885,-0.016949216467680994,-0.34752776647721784,0.4067301097182161,,22.7,-0.42443773359441095,0.5780725387845694,0.3781532665868295,False,False,False
6560,32.5,2026-08-11,0.010886421695481596,-0.12043303575253961,-0.1514360144281216,-0.22155688622754488,,10.4,-0.2283459815453147,0.12613871365553414,0.6742738482483377,False,False,False
6561,324.5,2026-08-11,0.014062500000000089,-0.006125574272588086,-0.03882340562545805,0.0017692885425095728,,40.2,-0.11573337274265116,0.37581564872805046,0.7399039056015078,False,False,False
6565,15.449999809265137,2026-08-11,-0.02830187547556251,-0.15109894716455874,-0.3282608778580375,-0.09117648180793314,,3.7,-0.4051708449752306,0.492963836587644,0.45982144377669576,False,False,False
6568,139.5,2026-08-11,0.048872180451127845,-0.13622291021671828,-0.3617973574924451,0.0015920698880556028,,4.0,-0.43870732460963824,0.28243305209406944,0.5135900697938139,False,False,False
6570,57.0,2026-08-11,0.042047517458516204,0.14688127012070495,0.3275240085087576,0.4131186693907265,,89.8,0.2506140413915645,1.3831501534798314,0.8867049867589526,False,False,False
6573,17.049999237060547,2026-08-11,-0.06575346646243574,-0.3442307985745944,0.2490842280987815,0.14429528010567494,,82.0,0.1721742609815884,0.3054229008127043,0.6100178451396732,False,False,False
6577,80.30000305175781,2026-08-11,0.016455734832377278,0.010062931468651781,0.09455646213820912,0.21050514762584704,,73.6,0.017646495021016007,0.38361418664623587,0.8506356117986321,False,False,False
6578,18.350000381469727,2026-08-11,0.005479472957245379,0.12576694726145687,0.13975154948378976,-0.05897433941180885,,65.3,0.06284158236659665,1.80012378972767,0.7181996449867933,False,False,False
6579,159.0,2026-08-11,-0.02752293577981646,-0.012422360248447228,0.08104768075128077,0.38466098361039136,,79.6,0.004137713634087659,1.5706013156280871,0.8664850136239782,False,False,False
6581,108.0,2026-08-11,-0.00917431192660545,0.0,0.0,0.05478909845251434,,52.4,-0.07690996711719311,0.5406792586724555,0.9557522123893806,False,False,False
6582,31.649999618530277,2026-08-11,0.009569353537803194,-0.029141070553882265,0.02759741566639251,-0.03506096479511167,,49.3,-0.0493125514508006,0.7395507190835158,0.8462566397659124,False,False,False
6584,538.0,2026-08-11,0.13144058885383814,-0.1921921921921922,-0.20765832106038296,0.8145025295109611,,73.5,-0.28456828817757607,1.1622194544314868,0.6683229813664596,False,False,False
6585,117.0,2026-08-11,-0.004255319148936176,-0.056451612903225756,0.33218398902453217,0.30909079734187217,,88.3,0.25527402190733905,0.9438360943402282,0.8028510869941929,False,False,False
6588,88.30000305175781,2026-08-11,-0.07442346289895074,0.1320513211763823,-0.3601449054220448,0.438110763149429,,23.2,-0.4370548725392379,1.390203242469854,0.553605034807259,False,False,False
6590,64.19999694824219,2026-08-11,-0.015337424030768432,-0.058651029017430134,-0.0641399653607686,-0.08621502038006224,,28.9,-0.14104993247796171,1.8628230931364003,0.8596871060961125,False,False,False
6591,44.150001525878906,2026-08-11,-0.007865134249912198,-0.07539263820148889,-0.11270021567526478,-0.30570409078592187,,9.9,-0.1896101827924579,0.5807338043259078,0.48157454814539635,False,False,False
6592,61.0,2026-08-11,0.018363913958263423,0.021775531330772813,0.10212693867305456,0.08581253465992877,,69.2,0.025216971555861445,0.4381180728319072,0.9194623795025717,False,False,False
6593,32.45000076293945,2026-08-11,0.00309126100572632,-0.04558821285472192,-0.07943260246980277,-0.09861108991834855,,25.5,-0.15634256958699588,0.37631620557918816,0.576718025644664,False,False,False
6597,67.9000015258789,2026-08-11,0.06093752384185791,0.010416735259316523,-0.10475464012144242,0.1103930260674062,,38.3,-0.18166460723863553,0.41754755602696303,0.8693982439497484,False,False,False
6599,38.34999847412109,2026-08-10,-0.003896143529322438,-0.04838711662173445,-0.13533151945895472,-0.3820945995781152,,5.7,-0.21224148657614783,0.38859492177090865,0.6179054004218848,False,False,False
6603,26.899999618530277,2026-08-11,0.036608818021599765,0.06746027000486987,0.17467249199267543,0.0189393942130609,,72.2,0.09776252487548232,1.2331974189465116,0.7831150164037544,True,True,False
6606,27.100000381469727,2026-08-11,0.03831417568522233,0.0669291649004291,0.1156872806967606,0.08564954457704554,,70.1,0.038777313579567485,0.9000253047607636,1.0,True,True,False
6609,38.95000076293945,2026-08-11,0.04563760437421349,-0.10971426827566966,-0.03827158610026038,-0.10971426827566966,,31.0,-0.11518155321745349,0.23668822098682216,0.7404943325635768,False,False,False
6613,260.5,2026-08-11,-0.08112874779541446,-0.26203966005665724,0.1196252064359078,0.34980197465566554,,80.8,0.04271523931871468,1.63893967856617,0.6818230033982263,False,False,False
6614,36.09999847412109,2026-08-11,0.015471146240902511,-0.07574517658013546,-0.06193319873372771,-0.21288636230557134,,18.5,-0.13884316585092082,0.5048630190346759,0.5015098186437005,False,False,False
6616,8.760000228881836,2026-08-11,-0.0022778479154449416,-0.007927485326051809,-0.07789471274928039,-0.12399997711181643,,23.6,-0.1548046798664735,0.3334551313640611,0.8073732645984678,False,False,False
6618,20.399999618530277,2026-08-11,0.09383378208014737,-0.08108112984455784,0.032911373090140694,0.017456378792413574,,55.0,-0.04399859402705242,0.3998782647086232,0.6455696003881335,False,False,False
6624,43.54999923706055,2026-08-11,0.05193230995022291,0.13559324562811814,-0.08315791079872537,-0.33000001173753,,11.4,-0.16006787791591848,0.2113570963007631,0.600689644649111,False,False,False
6625,76.30000305175781,2026-08-11,-0.009090869457690776,-0.04744064288079852,0.0553250322428962,-0.04037282010405174,,53.8,-0.021584934874296913,0.6537313441217014,0.8961458393818375,False,False,False
6629,114.5,2026-08-11,0.10096153846153855,0.06018518518518512,-0.05291677957435825,-0.041460112104071856,,34.4,-0.12982674669155136,0.7094016611426991,0.7793845934932117,True,False,False
6638,49.0,2026-08-11,-0.046692635304116714,0.03157894736842115,0.1722488252238008,0.8215613641215802,,90.7,0.0953388581066077,0.3427565390695704,0.732436455641116,False,False,False
6639,5.039999961853027,2026-08-11,0.07234046093313595,-0.19360000610351558,-0.32258065549855086,-0.47933886333059306,,0.7,-0.399490622615744,2.414074278925198,0.46666665489290987,False,False,False
6640,945.0,2026-08-11,0.06779661016949157,-0.023760330578512345,-0.32779903992130976,0.15407991992711856,,11.2,-0.4047090070385029,0.8228599390813491,0.5442536138150587,False,False,False
6641,17.950000762939453,2026-08-11,0.014124293176498215,-0.013736263160442963,-0.008975273375110504,-0.20632221902591108,,27.8,-0.08588524049230362,0.26415120484014537,0.6740425535572243,False,False,False
6642,86.0,2026-08-11,0.15436241610738266,0.07634541123438354,0.34375,0.6192873490087314,,92.2,0.2668400328828069,0.8925209822096771,0.9357997668344165,True,False,False
6643,450.0,2026-08-11,0.08695652173913038,0.02443887245862486,-0.31209557810917343,-0.07051430142615567,,4.5,-0.38900554522636654,1.294159920834435,0.647439484324567,False,False,False
6648,16.049999237060547,2026-08-11,0.04560253017555915,0.06999994913736973,-0.07225433844657136,-0.33950618349887496,,11.8,-0.14916430556376448,0.3467401768102317,0.5349999745686849,True,False,False
6651,137.5,2026-08-11,0.12244897959183665,-0.038461538461538436,0.10441767068273089,0.6743784349452173,,86.6,0.027507703565537778,0.6523583391923434,0.8136094674556213,True,False,False
6654,170.5,2026-08-11,0.014880952380952328,-0.07336956521739135,0.7505133195988567,0.8532608695652173,,97.0,0.6736033524816636,0.19251296057676995,0.7494505494505495,False,False,False
6655,118.5,2026-08-11,0.008510638297872353,0.004237288135593209,-0.1031840825780298,0.03623685875971261,,32.5,-0.1800940496952229,0.560165926934879,0.8776667718824896,False,False,False
6658,160.0,2026-08-11,0.0847457627118644,-0.0883190883190883,-0.24400076798475456,1.954639289275486,,93.5,-0.3209107351019477,0.25246200622192616,0.622568093385214,False,False,False
6664,352.0,2026-08-11,0.03529411764705892,-0.06487460328862049,-0.24605510840632572,0.26536208936855843,,27.5,-0.32296507552351883,0.4357778878663361,0.7539448915936743,False,False,False
6667,225.5,2026-08-11,-0.0066079295154185536,-0.11741682974559686,-0.06963593440146054,-0.0640759522273906,,29.5,-0.14654590151865365,0.3979152935176458,0.7804549128724958,False,False,False
6668,35.70000076293945,2026-08-11,0.009901055273724868,-0.058047511196991586,-0.012448153359476577,-0.06299206843306826,,38.9,-0.08935812047666969,0.2920914198460209,0.7308086361937551,False,False,False
6669,5930.0,2026-08-11,-0.04431909750201446,0.19556451612903225,0.09350230583208319,0.6402534587481248,,85.9,0.016592338714890076,0.9205605822133623,0.9465283320031923,False,False,False
6670,269.0,2026-08-11,0.04263565891472876,0.03660886319845846,0.07502608568177638,0.05316790603324084,,64.0,-0.0018838814354167344,0.41520190258131956,0.948026389802184,False,False,False
6671,22.649999618530277,2026-08-11,-0.025806468020203144,-0.022864487313620896,-0.1917930445374929,-0.36925648246243103,,3.6,-0.268703011654686,0.057319055287009514,0.5901510940120089,False,False,False
6672,257.0,2026-08-11,0.17620137299771166,-0.06545454545454543,0.297979797979798,1.7794556210049275,,97.0,0.2210698308626049,0.8740684420428341,0.8158730158730159,False,False,False
6673,13.899999618530272,2026-08-11,-0.07333335876464853,-0.12578616653984998,-0.35348838983580133,0.3113206715378425,,15.7,-0.43039835695299444,0.5507078599914532,0.3419433972144171,False,False,False
6674,15.25,2026-08-11,-0.012944971633281122,-0.07012192959022356,-0.12356319917620073,-0.2412935467374897,,11.6,-0.20047316629339385,0.5614084054110631,0.5041322314049587,False,False,False
6679,211.0,2026-08-11,0.002375296912114022,-0.11530398322851154,-0.3278881700779135,0.16257177115755828,,11.5,-0.4047981371951066,1.1325567760050779,0.6225059083179592,False,False,False
6680,51.900001525878906,2026-08-11,0.027960568816059572,0.07770060947276991,-0.05391241581954531,-0.18515323392422955,,22.5,-0.13082238293673842,1.300720479162045,0.7223506670286931,False,False,False
6682,39.45000076293945,2026-08-11,0.005095560839221802,-0.06847692598982602,-0.2542533152170072,0.49149336956598555,,45.7,-0.33116328233420034,0.24349540657172328,0.5564174882075281,False,False,False
6683,1245.0,2026-08-11,0.14220183486238525,-0.25671641791044775,-0.41389792611821274,1.3880303462934807,,80.0,-0.49080789323540586,0.6406033324356488,0.4878471574488358,False,False,False
6684,50.0,2026-08-11,0.0729614085238024,-0.03100772328362633,0.08695652173913038,0.0,,62.3,0.010046554621937265,0.19063100525213036,0.7320643889592501,False,False,False
6689,65.0,2026-08-11,0.07084018423416438,0.03982553220287932,0.01626454121029952,0.10109177608638675,,59.4,-0.06064542590689359,0.6011838246880873,0.7868620867110256,True,False,False
6690,164.0,2026-08-11,0.015479876160990669,-0.0060606060606061,0.03267254062869651,0.04831908511787164,,57.7,-0.0442374264884966,0.2504096789957804,0.9225207805069309,False,False,False
6691,728.0,2026-08-11,0.07216494845360821,0.004137931034482678,0.1518987341772151,0.18760195758564446,,77.2,0.074988767060022,0.8451301252998517,0.9134253450439147,False,False,False
6692,23.600000381469727,2026-08-11,0.030567719414851924,-0.04065040587370328,-0.20310928628569247,-0.2531495425168623,,5.5,-0.2800192534028856,1.1403837910359684,0.6767336093386767,False,False,False
6693,173.5,2026-08-11,0.0644171779141105,-0.2537634408602151,0.15178204412642105,1.0341413131643096,,92.7,0.07487207700922793,0.9648885738011227,0.6290020932630563,False,False,False
6695,49.150001525878906,2026-08-11,-0.03627447988472732,-0.09149717352783338,-0.034381138458517646,0.1221461731052167,,52.0,-0.11129110557571076,0.20005360743574715,0.7133526913989707,False,False,False
6697,41.09999847412109,2026-08-11,0.016069164373840206,-0.0036364006273675864,0.002438987173684959,-0.04243000056881219,,43.6,-0.07447097994350815,0.2909878550021983,0.755932627453132,False,False,False
6698,32.400001525878906,2026-08-11,-0.018181771943063474,-0.17766496773869989,0.06876771036411244,-0.05715023447286127,,54.8,-0.008142256753080668,0.1317466964448397,0.6871448823702115,False,False,False
6705,98.3000030517578,2026-08-11,0.09222225613064228,0.03147953729204689,0.04642714172393725,0.7137913995042597,,85.5,-0.030482825393255863,1.5717190635705622,0.6878562236882959,False,False,False
6706,117.0,2026-08-11,0.10377358490566047,-0.10687022900763354,-0.28658536585365857,-0.07874015748031493,,5.8,-0.3634953329708517,0.5058609911251413,0.5404157043879908,False,False,False
6708,38.900001525878906,2026-08-11,-0.0025640634390023953,-0.025062655683143364,-0.035935489543380106,-0.09953701761851452,,32.3,-0.11284545666057322,0.21952885908494735,0.8037190144525003,False,False,False
6715,360.5,2026-08-11,0.03443328550932567,-0.03351206434316356,-0.22634225891275384,2.0298896294915045,,94.2,-0.30325222602994695,0.8463971468905178,0.6363301111557015,False,False,False
6716,104.5,2026-08-11,0.29331678283552476,0.06632653061224492,0.1124360910768194,0.8203500881799055,,89.5,0.03552612395962629,0.9994554638689922,0.9032034884154151,False,False,False
6719,206.5,2026-08-11,-0.00959232613908878,-0.16455592272287478,0.04172653453015163,-0.016551833292359874,,53.3,-0.035183432587041485,0.33309349117403425,0.6750387694339738,False,False,False
6720,140.5,2026-08-11,0.0563909774436091,0.018115942028985588,-0.14329268292682928,-0.10093310404436218,,16.1,-0.2202026500440224,0.2840851784625495,0.8011238937660421,True,False,False
6721,51.900001525878906,2026-08-11,-0.007648139904717133,-0.042435409680533165,-0.04538286848636919,-0.11455800673677297,,29.4,-0.1222928356035623,1.5850277046780186,0.8741803800349575,False,False,False
6723,31.0,2026-08-11,-0.06906904774042188,-0.12528853550812546,-0.15525972045537295,-0.26446915463313625,,8.2,-0.23216968757256606,1.2783337251082978,0.6051412774528269,False,False,False
6725,243.0,2026-08-11,-0.02409638554216864,-0.23246904669368718,-0.21064352195511904,-0.01641210511336688,,14.3,-0.28755348907231215,0.33458116974600494,0.6108345361887648,False,False,False
6727,390.5,2026-08-11,0.055405405405405395,-0.151976709007399,-0.26214046376861067,1.2365712734595076,,83.7,-0.3390504308858038,0.5156982615632683,0.5981133952229845,False,False,False
6728,105.5,2026-08-11,0.009569377990430672,0.019616043637022074,0.0014086828511183924,-0.2017240977201149,,29.8,-0.07550128426607472,0.9265595966490744,0.7708437994107556,True,False,False
6729,42.0,2026-08-11,0.03960392113094824,-0.1428571428571429,-0.19540231061033186,0.10964337366397414,,23.5,-0.272312277727525,0.41852659401896986,0.5714285714285714,False,False,False
6732,154.5,2026-08-11,-0.012779552715655007,-0.21772151898734182,-0.03753882163591682,-0.20156732433149582,,23.9,-0.11444878875310993,0.43634424953036727,0.6210032085097081,False,False,False
6735,64.5,2026-08-11,-0.009216566638778123,-0.16217155013362516,-0.5310571447113921,-0.0002598050386094508,,0.9,-0.6079671118285852,0.5282734074619012,0.44953829789428873,False,False,False
6737,30.049999237060547,2026-08-11,-0.0016611675672921766,0.0016666412353516513,-0.11876831138670407,-0.30812258872668963,,9.2,-0.19567827850389719,0.14884434522175471,0.5281105227072198,False,False,False
6738,78.0,2026-08-11,0.06267027763615585,0.1944869273310137,0.13372087994416337,0.026315789473684292,,69.3,0.05681091282697026,1.8699202270030284,0.9397590361445783,True,True,False
6739,1005.0,2026-08-11,0.015151515151515138,-0.042857142857142816,-0.2085452533489427,0.13506623067117451,,23.3,-0.2854552204661358,0.5742717212937386,0.5947481453671798,False,False,False
6741,55.5,2026-08-11,-0.003590677921005092,-0.06250001208202238,-0.13709103733113837,-0.16228547120417336,,14.3,-0.21400100444833148,0.6672855807460162,0.6484005012861949,False,False,False
6742,43.04999923706055,2026-08-11,-0.039062500665230426,-0.22987481105648,0.11528499841581374,-0.06717231172961091,,61.8,0.03837503129862063,0.11383056655904186,0.6071932060727396,False,False,False
6743,28.100000381469727,2026-08-11,0.07251906729780977,0.027608270867694573,0.06081334558186602,0.09816590367114442,,65.2,-0.016096621535327094,1.0002858367233312,0.8923579837260963,True,False,False
6750,57.400001525878906,2026-08-11,0.10597302193252411,-0.10312497615814209,-0.12219861127494103,0.11091721846212721,,35.6,-0.19910857839213414,0.351182530581913,0.8163670928517872,False,False,False
6751,41.34999847412109,2026-08-11,-0.003614494599491924,-0.011947431737881375,-0.08865960416970053,-0.3360823911302676,,10.8,-0.16556957128689365,0.5209401472703784,0.6324388472208851,False,False,False
6752,101.5,2026-08-11,0.046391752577319645,0.018054193649496675,0.0,-0.12077851612711343,,36.4,-0.07690996711719311,0.6828212328984006,0.6945621120506072,True,False,False
6753,141.0,2026-08-11,0.08045977011494254,-0.11598746081504707,0.08461538461538454,-0.10476190476190472,,53.1,0.007705417498191425,0.7131878876274791,0.6928746928746928,False,False,False
6754,42.5,2026-08-11,0.016746430041051807,0.024096385542168752,0.01828273552710069,0.03199702844375829,,53.7,-0.05862723159009242,0.394753065928125,0.8773944100159072,False,False,False
6755,13.399999618530272,2026-08-11,-0.011070152774400599,-0.12703587716476317,-0.390909108248624,-0.24719100040011466,,1.1,-0.4678190753658171,0.2056792196930697,0.4628669867147076,False,False,False
6756,99.9000015258789,2026-08-11,0.040625015894572014,-0.00597013407085667,-0.01576353176473988,0.24531848599107486,,64.6,-0.09267349888193299,0.7773589703542123,0.8880000135633681,False,False,False
6757,56.09999847412109,2026-08-11,0.003577762840482057,0.009603893457703627,0.1172949058818773,-0.14617194887068208,,55.6,0.040384938764684186,0.3838564145878584,0.7167729897203068,False,False,False
6761,174.0,2026-08-11,0.17567567567567566,-0.005714285714285672,-0.09375,0.22248247928244091,,50.8,-0.1706599671171931,0.8775879134672915,0.7565217391304347,True,False,False
6763,43.0,2026-08-11,0.032412927362854616,-0.016018323815067292,-0.026805139092749508,-0.16647666473891798,,28.4,-0.10371510620994262,0.3830504748011639,0.6739483174388391,False,False,False
6768,67.5,2026-08-11,0.04006160882884324,-0.04929577464788737,-0.1812522065359271,-0.30957516369707105,,5.1,-0.2581621736531202,0.892998015938783,0.5814103717497183,False,False,False
6770,67.0,2026-08-11,0.11480868055013405,-0.02898550724637683,0.1074380165289257,0.02918589201863364,,66.8,0.030528049411732594,1.1365528833388825,0.7553551556387936,False,False,False
6771,38.5,2026-08-11,-0.003881022508588239,-0.015345230116011521,-0.03071261448201723,-0.06653182731066687,,35.9,-0.10762258159921034,0.7910609885024877,0.7633581804676005,False,False,False
6775,31.850000381469727,2026-08-11,0.027419367144184692,-0.0015673742212681807,-0.543041581406081,0.2894736598250769,,3.1,-0.6199515485232742,0.2427470127242402,0.4405255745102678,False,False,False
6776,53.70000076293945,2026-08-11,-0.027173912667897593,-0.018281535394009008,-0.009793992389617423,-0.028477145239120594,,42.9,-0.08670395950681054,0.7163718795094873,0.770609292900805,False,False,False
6781,1175.0,2026-08-11,0.1633663366336633,0.06334841628959276,-0.03662498473708753,-0.004512457659512137,,40.0,-0.11353495185428064,1.3782597646478636,0.7963900338723903,False,False,False
6784,20.0,2026-08-11,-0.026763954135271217,-0.033816460731378783,-0.21414540666245474,0.028277594626552993,,15.5,-0.29105537377964785,0.8568514672277043,0.48899753676892355,False,False,False
6786,59.5,2026-08-11,0.14203458239167932,-0.09984869329013779,-0.41951219512195126,-0.24968477036293024,,0.7,-0.49642216223914437,0.55932679871411,0.4311594202898551,False,False,False
6787,31.5,2026-08-11,-0.03522209715571978,-0.046898616424851824,-0.18918915734365083,0.2280701937025964,,33.8,-0.26609912446084394,0.6287192920720134,0.6344410681152015,False,False,False
6788,355.5,2026-08-11,0.03193033381712618,-0.09885931558935357,-0.18834745541285236,0.14794473084698212,,27.4,-0.2652574225300455,0.37570259083100693,0.704570280150937,False,False,False
6789,440.0,2026-08-11,0.0,-0.17757009345794394,-0.24104306886027382,0.5257652361488787,,51.5,-0.31795303597746694,0.6185163938336743,0.7241765923811458,False,False,False
6791,101.0,2026-08-11,-0.0049261083743842304,-0.06046511627906981,-0.11403508771929827,-0.04195600802748811,,24.5,-0.19094505483649138,0.25472569457847943,0.6793972077440863,False,False,False
6792,58.09999847412109,2026-08-11,0.04873640566563764,-0.02516778587924484,0.04870882094530371,0.07296715680117183,,62.1,-0.028201146171889402,0.2700527592155181,0.8283070793857419,False,False,False
6793,5.599999904632568,2026-08-11,0.005385948302806476,-0.12772588191848377,-0.1040000152587891,-0.10685806671963338,,20.3,-0.18090998237598221,0.4800879911983603,0.6829268335232347,False,False,False
6799,85.5999984741211,2026-08-11,0.08217446429062303,-0.10647186067547365,-0.08742008860183126,-0.04357543604333969,,28.5,-0.16433005571902437,0.8372028143532245,0.7677129907992923,False,False,False
6803,269.0,2026-08-11,-0.009208103130755041,-0.018248175182481785,-0.0037542627785025484,-0.051906106502063176,,41.8,-0.08066422989569566,0.5848908688482332,0.9189924124099224,False,False,False
6804,20.350000381469727,2026-08-11,0.12742389150281963,0.30448717204149744,0.3995992172720668,0.20309382289750988,,89.0,0.3226892501548737,2.651936772269269,0.9764645672109041,True,True,False
6805,1790.0,2026-08-11,0.12578616352201255,0.2695035460992907,-0.021857923497267784,0.20538720538720545,,61.5,-0.0987678906144609,1.989069684955543,0.8081264108352144,True,False,False
6806,3.509999990463257,2026-06-22,,,,,,,,,,False,False,False
6807,37.95000076293945,2026-08-11,0.0750708663782842,0.13963968866112708,0.1362275158441273,-0.11037094328429375,,61.7,0.05931754872693418,0.82135237514695,0.7959378416794664,True,True,False
6811,230.5,2026-08-11,-0.02330508474576276,0.04772727272727262,0.1513486688992871,0.13513248680842893,,75.2,0.074438701782094,0.8779362280778377,0.9193278107707316,False,False,False
6812,58.09999847412109,2026-08-11,0.006932369252905746,-0.12368030467864843,-0.16522988867989663,0.18089425961728178,,34.1,-0.24213985579708974,0.19352782937990023,0.5586538314819335,False,False,False
6818,47.0,2026-08-11,-0.011566755959732555,-0.15162457210321612,-0.23032654234633076,-0.01608756274845835,,12.3,-0.3072365094635239,0.21067325780949886,0.47482343989372017,False,False,False
6819,39.5,2026-08-11,0.08219178082191791,0.0881542928428607,-0.35139574695716824,0.8372093023255813,,59.5,-0.42830571407436135,0.3542959140376168,0.561079533293474,False,False,False
6820,292.0,2026-08-11,0.0956848030018762,0.09363295880149813,0.022009575101915146,2.7473684086848658,,97.6,-0.054900392015277966,1.2186952281024763,0.6934632401840759,False,False,False
6821,41.150001525878906,2026-08-11,-0.013189429904024275,-0.1947161887545109,-0.16361786813475654,0.09426632486480702,,27.1,-0.24052783525194965,0.10299618300250583,0.5715277989705404,False,False,False
6823,63.29999923706055,2026-08-11,-0.03211012599116503,-0.02764975851383611,-0.2544169835171831,0.030944587360976383,,12.2,-0.3313269506343762,0.886382734769488,0.5999999927683464,False,False,False
6825,43.0,2026-08-11,0.008206294527532965,-0.012629144585437846,-0.006928388968741039,0.23741007194244612,,65.6,-0.08383835608593415,1.078172227224955,0.9168443198508868,False,False,False
6826,506.0,2026-08-11,0.07317073170731714,-0.0325047801147228,-0.06860500571062378,-0.0004103713568388567,,35.0,-0.1455149728278169,0.34764253688848595,0.8169874333413453,False,False,False
6829,206.0,2026-08-11,0.13498622589531672,-0.11777301927194861,-0.016351737699548008,0.8541333676863903,,85.8,-0.09326170481674112,0.5716264566678859,0.7536585085367897,False,False,False
6830,408.5,2026-08-11,0.013647642679900818,0.03548795944233207,-0.4524128686327078,1.324534013585064,,74.6,-0.5293228357499009,1.4221389196382996,0.418974358974359,False,False,False
6831,617.0,2026-08-11,0.0,-0.14779005524861877,-0.10319767441860461,1.5791771106032577,,93.0,-0.18010764153579772,0.9967840474851006,0.645397489539749,False,False,False
6832,69.5,2026-08-11,0.040419114145102464,-0.120253164556962,-0.29009194160606466,0.20869565217391295,,16.7,-0.3670019087232578,0.366144669622978,0.4982078853046595,False,False,False
6833,22.850000381469727,2026-08-10,0.0457665895899968,-0.012958930540129199,-0.14738802119548344,0.011061946715938076,,23.0,-0.22429798831267656,0.196319929857035,0.7277070273588511,False,False,False
6834,106.0,2026-08-11,0.1336898395721926,-0.17829457364341084,1.4284554560024807,2.3005942486085122,,98.8,1.3515454888852876,1.0908069612799274,0.803030303030303,False,False,False
6835,31.049999237060547,2026-08-11,0.009756072749936395,-0.08000002260561345,-0.16972602370832546,-0.16210887517584804,,11.1,-0.24663599082551857,0.15335922516032185,0.7191349181463824,False,False,False
6839,12.100000381469728,2026-08-11,0.0041493933563012675,-0.012244866818797662,-0.004115163673280131,0.012552349338808666,,47.4,-0.08102513079047324,0.5188808132111926,0.666666701696027,False,False,False
6840,68.0,2026-08-11,0.08974356309588605,0.08452949238548113,0.10853282358221228,-0.020402959466102932,,63.2,0.03162285646501917,1.8587776456718463,0.8526122927789793,False,False,False
6854,93.6999969482422,2026-08-11,-0.004250813308874779,-0.14036700047484219,-0.3515571145450367,-0.2412955712692939,,1.3,-0.4284670816622298,0.39147909330898345,0.49186350104064147,False,False,False
6855,117.0,2026-08-11,0.048245578658624444,0.005284694850613336,0.16804508933069995,0.048245578658624444,,73.1,0.09113512221350684,0.9364838903915816,0.9221408710878496,False,False,False
6858,22.399999618530277,2026-08-11,0.04918029125525791,-0.03030306283029216,-0.07053944962783343,-0.07053944962783343,,29.1,-0.14744941674502654,0.5652692816821374,0.6787878672281902,False,False,False
6859,99.1999969482422,2026-08-11,-0.0030151060478170733,-0.14112556754768657,-0.12716013290285455,-0.04442653026083121,,21.7,-0.20407010002004766,0.18988488800413073,0.7252734122943162,False,False,False
6862,148.0,2026-08-11,0.07246376811594213,-0.1420289855072464,-0.05655443425820106,-0.2230448371036693,,18.6,-0.13346440137539417,0.1484566642804872,0.6662050072690064,False,False,False
6863,122.0,2026-08-11,-0.08955223880597019,0.21269065952425126,0.06633143223562588,0.08981889174873747,,65.4,-0.010578534881567236,1.7547409909614013,0.7853615393470906,False,False,False
6869,67.30000305175781,2026-08-11,0.028774417680865305,0.003464574453199809,-0.20754972248978165,-0.3890801670627896,,2.9,-0.28445968960697476,0.6799368916275467,0.507980944781698,False,False,False
6870,257.0,2026-08-11,0.03629032258064524,-0.033672391585602646,0.5476952711024414,0.45317967002508563,,93.6,0.4707853039852483,0.35140448197466706,0.8653023496107238,False,False,False
6873,74.80000305175781,2026-08-11,-0.04225346333978164,-0.1688888549804688,-0.1688888549804688,-0.3438596223530016,,4.9,-0.2457988220976619,0.8042623226253169,0.39265093465489664,False,False,False
6874,78.19999694824219,2026-08-11,0.010335857966305095,-0.07125890994613937,-0.042839658882940834,0.2086553421447539,,58.3,-0.11974962600013395,0.9011846621252463,0.8319148611515126,False,False,False
6877,127.5,2026-08-11,0.06694560669456062,-0.015291904486199659,-0.21464997211371284,0.42235610071549834,,46.4,-0.29155993923090595,0.22829745899861756,0.6882368304851593,False,False,False
6878,26.0,2026-08-11,0.027668015179781458,1.8047463555651575,1.6315789168866086,0.8637993086373839,,98.5,1.5546689497694155,3.107389713615255,0.8950086293575695,False,False,False
6881,199.0,2026-08-11,-0.0050000000000000044,-0.07870370370370372,-0.2113431633960431,-0.052212847868539525,,12.4,-0.2882531305132362,0.6873473721957138,0.777185415044509,False,False,False
6882,14.0,2026-08-11,-0.05723908145688561,-0.2022791676004162,-0.26315789473684215,-0.2222222222222222,,3.7,-0.34006786185403526,0.36272516607446315,0.5919661829098172,False,False,False
6884,31.799999237060547,2026-08-11,0.022508001511405196,-0.02900765688364737,-0.03150818680988021,-0.08479525807648647,,34.2,-0.10841815392707332,0.9428742594688145,0.4892307574932392,False,False,False
6887,36.45000076293945,2026-08-11,-0.040789453606856485,0.045304805800054915,0.02732999217069554,-0.37867084061565703,,19.5,-0.049579974946497574,0.5100708825354511,0.5143453554235163,False,False,False
6890,174.5,2026-08-11,0.06727828746177367,-0.038567493112947604,0.11585479253218511,-0.21191251950228518,,49.2,0.038944825414992,0.1654289928562121,0.6312880636214703,False,False,False
6894,345.0,2026-08-11,0.005830903790087438,-0.011461318051575908,-0.014285714285714235,0.5381798893118841,,77.9,-0.09119568140290735,0.38779492220156886,0.843520782396088,False,False,False
6895,118.0,2026-08-11,0.008547008547008517,-0.12592592592592589,-0.2507936507936508,-0.36702510357029605,,2.1,-0.3277036179108439,0.4233903644926464,0.35227237320195615,False,False,False
6898,74.9000015258789,2026-08-11,0.006720429969696795,-0.12602095457349727,-0.27980767763577974,-0.34137734235273487,,1.8,-0.35671764475297285,0.7036160049770043,0.5827219001924581,False,False,False
6899,51.0,2026-08-11,0.011904731268966628,-0.05204459622244284,-0.1795158820256556,0.02442864994750793,,18.7,-0.2564258491428487,0.11822641193240148,0.8105539914255306,False,False,False
6901,16.850000381469727,2026-08-11,0.0,-0.1013333129882813,0.14237290721828644,-0.04261363544001073,,66.5,0.06546294010109333,0.9119806114280972,0.7985782026936643,False,False,False
6902,128.0,2026-08-11,0.06224066390041494,-0.04477611940298509,0.30612244897959173,0.6100628930817611,,91.3,0.22921248186239862,0.47077760292230686,0.8677966101694915,False,False,False
6903,316.0,2026-08-11,-0.003154574132492094,-0.19181585677749358,-0.24437094119919578,0.19420118565665234,,22.1,-0.3212809083163889,0.4881097669666273,0.7443120232764273,False,False,False
6904,122.0,2026-08-10,0.029535864978903037,-0.007812519389830408,0.11403509505270049,-0.026819929434210854,,63.7,0.037125127935507374,0.6615461784437896,0.9584905239665129,False,False,False
6906,72.5,2026-08-11,0.05531300175487197,-0.07643312101910826,0.13225073485869387,-0.06713937709618822,,63.3,0.05534076774150076,0.33975331146259463,0.5749024775620803,False,False,False
6908,32.75,2026-08-11,-0.012066410481659906,-0.11005432937568849,-0.12558378672481163,-0.4541950176665348,,4.3,-0.20249375384200474,0.9924834316288684,0.48411887562737915,False,False,False
6909,40.79999923706055,2026-08-11,0.014925334893879816,-0.181544624153975,-0.23990394575024265,-0.05074755967754718,,10.0,-0.31681391286743577,0.2227590118255442,0.6224139977862948,False,False,False
6914,147.5,2026-08-11,0.006825938566553003,0.02430555555555558,0.027874564459930307,0.03873239436619724,,56.2,-0.049035402657262805,0.6650732275403063,0.9516129032258065,False,False,False
6916,18.700000762939453,2026-08-11,0.01907358987431773,-0.055555480631644505,0.024657576051476893,0.024657576051476893,,54.5,-0.05225239106571622,0.284087069350021,0.8385650853234906,False,False,False
6920,78.4000015258789,2026-08-11,0.01950585136848426,-0.15698923090452788,-0.2840182509052155,1.5249598535352784,,87.7,-0.3609282180224086,0.4147748317733585,0.5984732940906786,False,False,False
6921,63.70000076293945,2026-08-11,0.06521741765277334,-0.06047200743764658,-0.21358023749457467,-0.19672133276762294,,6.5,-0.2904902046117678,1.1130322987688195,0.6125000073359563,False,False,False
6922,213.0,2026-08-11,0.196629213483146,0.18333333333333335,0.20816892039085721,0.3415864397892123,,84.8,0.1312589532736641,1.564723651943694,0.9676043260591168,True,True,False
6923,74.9000015258789,2026-08-11,0.005369147998374624,-0.0482845688655158,-0.04708235556307916,-0.18818181141605428,,23.1,-0.12399232268027227,0.5834398645837215,0.6228269115622331,False,False,False
6924,119.5,2026-08-11,0.10138248847926268,-0.04400000000000004,0.00843881856540074,0.9582107376071918,,88.3,-0.06847114855179237,0.4478205158185778,0.6436289335973963,True,False,False
6925,54.400001525878906,2026-08-11,0.040153008020127556,-0.08417508201277812,-0.09967846186966878,-0.3665158543904141,,8.5,-0.1765884289868619,0.13453000726890255,0.3672131358607598,False,False,False
6927,74.5999984741211,2026-08-11,-0.018421072708933006,-0.015831194318255193,0.46274506812002136,0.6395604060246394,,94.1,0.38583510100282825,1.0934042537761095,0.9232672729768934,False,False,False
6928,48.5,2026-08-11,-0.022177389273409176,-0.09851299836840144,0.052060772349617146,-0.0900562721532463,,48.4,-0.024849194767575966,0.26745165463491544,0.6315103915726983,False,False,False
6933,188.0,2026-08-11,0.11242603550295849,0.10361857736488611,0.040468756003751105,0.34454943595738396,,74.7,-0.03644121111344201,1.898678275216031,0.8337380297196899,True,True,False
6937,287.0,2026-08-11,0.12992125984251968,0.12549019607843137,-0.044602415126879236,0.35460134293189105,,67.7,-0.12151238224407235,0.8713811262511805,0.8208537199333291,False,False,False
6940,21.299999237060547,2026-08-11,-0.0023419739351656643,-0.12704919794816194,0.014285677955264031,-0.20670395030010724,,31.6,-0.06262428916192908,0.529552565591518,0.5059382424955117,False,False,False
6944,740.0,2026-08-11,-0.058524173027989845,-0.059240600541713206,0.07324632457376778,0.3635140861607171,,77.9,-0.0036636425434253272,0.4995693664248453,0.8926417370325693,False,False,False
6947,76.0,2026-08-11,-0.009126427328472353,-0.09307879197737334,-0.03430745937662316,-0.05354922650483862,,36.3,-0.11121742649381627,0.7017816838522581,0.8085106382978723,False,False,False
6951,71.4000015258789,2026-08-11,0.005633824308153512,-0.009708695742808304,0.06398732748155189,0.09137440736186164,,65.1,-0.01292263963564122,0.4149944540215522,0.9701087364965675,False,False,False
6952,39.29999923706055,2026-08-11,0.1293103476625277,0.12607442747298947,0.05929921437797514,-0.1276359622059603,,46.3,-0.017610752739217972,1.833419447388967,0.7963525927497097,False,False,False
6953,220.5,2026-08-11,0.04502369668246442,-0.035010940919037226,-0.14864864864864868,-0.04642985819206413,,18.1,-0.2255586157658418,0.32809046534680536,0.7538461538461538,False,False,False
6957,215.5,2026-08-11,0.02375296912114022,0.06168241272923636,0.4122379554109843,0.2007798305152475,,89.2,0.3353279882937912,0.4400040614608781,0.8875329313305169,False,False,False
6958,17.5,2026-08-11,-0.01714646135704545,0.07481638291833104,0.021075689367760386,0.20916850160756106,,67.1,-0.055834277749432726,0.9031074738039542,0.8836231492268789,False,False,False
6959,116.0,2026-08-11,0.12621359223300965,-0.07936507936507942,0.09952606635071093,0.45545802310797234,,82.7,0.022616099233517817,0.47983777958053214,0.5458823529411765,False,False,False
6962,33.79999923706055,2026-08-11,0.08507221993524072,0.0017054096702664445,-0.08242733849604722,-0.13786638625773073,,21.2,-0.15933730561324033,0.5602866229838537,0.7069670080834145,False,False,False
6965,75.9000015258789,2026-08-11,0.0,-0.05124998092651367,0.027046739855343338,-0.03889919545056997,,48.5,-0.049863227261849774,0.5183020909741586,0.7924369968791172,False,False,False
6968,44.150001525878906,2026-08-11,0.016110489082810764,0.02913752810115766,0.02674422153206768,-0.11611609906848841,,41.6,-0.05016574558512543,1.3404678870819604,0.6876947605071148,False,False,False
6969,32.79999923706055,2026-08-11,-0.04789554395754736,0.3333332816436694,0.1631205088535468,0.006134993015359136,,70.7,0.08621054173635367,0.9428424008028093,0.6626262472133444,False,False,False
6977,220.0,2026-08-11,0.030444964871194413,-0.04347826086956519,-0.34426229508196726,0.2865497076023391,,15.4,-0.4211722621991604,0.5827153949160473,0.5398773006134969,False,False,False
6982,49.09999847412109,2026-08-11,0.025052127557738446,-0.06476193382626505,-0.036743307242653955,-0.1832580486197154,,25.6,-0.11365327435984707,0.428455478012002,0.6538167855950587,False,False,False
6988,12.699999809265137,2026-08-11,0.06722690893948702,-0.06617651080590115,-0.16721312726130255,-0.3402597501680449,,5.0,-0.24412309437849566,0.6778882606847185,0.6047618956792922,False,False,False
6994,36.29999923706055,2026-08-11,0.0,-0.12949643710026293,-0.43545882559537163,-0.6084142348210846,,0.2,-0.5123687927125647,0.7262223253569892,0.3576354604636507,False,False,False
6997,69.0,2026-08-11,-0.04166666666666663,-0.02122225790018961,-0.007995514246020186,-0.1843518374469869,,29.7,-0.0849054813632133,1.3182780438416524,0.679706802127511,False,False,False
7402,106.5,2026-08-11,0.044117647058823595,-0.2578430357177415,-0.01953572108876811,-0.22275923331875647,,25.2,-0.09644568820596122,0.3580683648636191,0.6516500613595911,False,False,False
7419,56.20000076293945,2026-08-11,0.025547473455658443,-0.09061486315946199,-0.6240802624552545,2.005347511766913,,84.7,-0.7009902295724476,0.42194995876862545,0.25662100804995186,False,False,False
7507,19.899999618530277,2026-08-11,-0.024509804379889588,0.031088103895754893,-0.18442623239151734,-0.4314285823277064,,2.9,-0.26133619950871045,0.340266717835556,0.43260868735935387,False,False,False
7516,8.899999618530273,2026-08-11,0.05200940643017726,0.02298848432756806,-0.004474268873658316,-0.17209305874136993,,31.3,-0.08138423599085143,0.2319180058097186,0.6793892640735752,True,False,False
7547,54.400001525878906,2026-08-11,0.15498945410303522,-0.03886920508042191,-0.24861877929057807,-0.03374773955469135,,10.0,-0.3255287464077712,0.3570138726270609,0.3885714394705636,False,False,False
7551,12.899999618530272,2026-08-11,-0.01149429655266121,-0.01149429655266121,-0.06521743186705464,-0.030075230561518507,,32.9,-0.14212739898424775,0.2967111139214493,0.6843500985395983,False,False,False
7556,223.0,2026-08-11,0.03480278422273786,-0.10080645161290325,-0.1035220422617591,0.41830856267762795,,64.4,-0.1804320093789522,0.19043981057002213,0.7447230982704438,False,False,False
7558,19.350000381469727,2026-08-11,0.037533553740341175,-0.09999998225722206,-0.15586627488328952,0.6447207323233797,,70.8,-0.23277624200048264,1.1140659301433185,0.7322785414531751,False,False,False
7578,26.100000381469727,2026-08-11,0.011627951677542825,-0.13084805011589506,-0.19198106611907173,-0.14629340671112034,,10.1,-0.26889103323626484,0.6338622319682611,0.6046274250306491,False,False,False
7590,17.350000381469727,2026-08-11,-0.03072621501573558,-0.11253191516347105,-0.2800829831185403,-0.07712760183162293,,6.0,-0.3569929502357334,0.3345877999896186,0.542187511920929,False,False,False
7610,1870.0,2026-08-11,0.289655172413793,-0.22886597938144326,1.6160087740831548,9.249020988226102,,99.0,1.5390988069659617,0.7164168449325627,0.7192307692307692,False,False,False
7702,21.100000381469727,2026-08-11,0.03685503616417285,0.03940892485102476,-0.048294846225204746,-0.23795851399638046,,18.8,-0.12520481334239786,0.719132648266078,0.43790115292636533,True,False,False
7704,64.0999984741211,2026-08-11,0.052545104565923095,0.10137452979104822,0.05552213402105832,0.4411272597816054,,79.7,-0.02138783309613479,1.7066682538371873,0.9466429934042593,False,False,False
7711,407.0,2026-08-11,0.358931552587646,0.28391167192429023,-0.006853132313679122,0.8604951192013051,,86.2,-0.08376309943087223,2.5393444443636066,0.8887715403332976,True,True,False
7721,63.20000076293945,2026-08-11,0.05158073822835818,-0.07441150061588575,-0.18080096226151632,0.33354033022537477,,44.4,-0.25771092937870943,0.10959676261611209,0.697968264742517,False,False,False
7722,291.5,2026-08-11,0.06776556776556775,-0.0013865983072899324,0.11802862879886988,-0.3492955171228449,,37.3,0.04111866168167677,0.6117876233477684,0.44670790289809376,False,False,False
7728,598.0,2026-08-11,-0.004991680532445919,-0.11144130757800896,-0.19370529949237247,-0.03631653322162398,,14.9,-0.2706152666095656,0.21834630564972762,0.6714628008109393,False,False,False
7730,163.0,2026-08-11,0.03821656050955413,-0.06590257879656158,-0.04678362573099415,0.6381909547738693,,79.4,-0.12369359284818726,0.5867999616692233,0.7086956521739131,False,False,False
7740,159.5,2026-08-11,0.042483660130719025,0.17035817376512452,0.08033064985044036,0.17035817376512452,,70.5,0.003420682733247249,1.2767920948432245,0.6762069734439288,False,False,False
7742,125.0,2026-08-11,0.5527950310559007,0.04166666666666674,-0.3036211699164345,2.671072035265953,,96.2,-0.3805311370336276,1.7276705936875343,0.44964028776978415,False,False,False
7749,359.5,2026-08-11,0.06047197640117985,-0.06423966199785902,-0.24640611253060973,-0.1202061240175124,,7.1,-0.32331607964780285,0.2116232710116418,0.5345259183969798,False,False,False
7750,2355.0,2026-08-11,0.010729613733905685,0.16009852216748777,-0.1482820976491862,1.4768101076431592,,90.8,-0.22519206476637932,1.2737428871397167,0.7671009771986971,False,False,False
7765,225.5,2026-08-11,0.018058690744920947,0.01348314606741563,-0.04257277056136832,-0.09432556205817455,,31.5,-0.11948273767856143,0.5711437982487162,0.6682896714419232,False,False,False
7769,6350.0,2026-08-11,0.025848142164781818,-0.04090066601825981,-0.13565040632034375,0.7148695719768727,,75.4,-0.21256037343753686,0.7734498253587937,0.7785424766257061,False,False,False
7786,130.5,2026-08-11,0.069672131147541,0.018437249891903873,-0.011082762556087644,-0.12798344397296524,,33.9,-0.08799272967328076,1.0180379744796342,0.473176314007963,False,False,False
7788,238.5,2026-08-11,0.17199017199017197,-0.07107297857523132,0.2831578764169027,0.24659126825852073,,85.7,0.2062479092997096,0.8578894795954509,0.8239455463300475,False,False,False
7795,460.0,2026-08-11,0.1004784688995215,-0.16666666666666663,0.1557788944723617,0.10086007614804138,,74.2,0.0788689273551686,2.641005132872466,0.6906906906906907,False,False,False
7812,73.19999694824219,2026-08-11,0.00965513032058185,-0.08955229404217369,-0.0757575786766892,-0.10403917157285625,,25.8,-0.1526675457938823,0.6829072667991415,0.6449338938171117,False,False,False
7815,310.0,2026-08-11,0.24248496993987967,-0.18848167539267013,-0.3528183716075156,1.100718505006642,,73.4,-0.4297283387247087,1.3461439197538272,0.5341724651460207,False,False,False
7819,34.099998474121094,2026-08-11,-0.01870507988140735,-0.09308511016054788,-0.4370755999614605,-0.6136793428472178,,0.1,-0.5139855670786536,0.1914739936979174,0.20207541717130267,False,False,False
7823,84.5,2026-08-11,0.043209876543209846,-0.03868033523159731,-0.06319287296110365,,,36.1,-0.14010284007829676,0.793234548359202,0.5709459459459459,False,False,False
7828,1605.0,2026-08-11,-0.0031055900621117516,-0.18734177215189873,0.2428468408414466,1.1205356980857109,,94.5,0.16593687372425348,0.4580883118404656,0.6903225806451613,False,False,False
7833,24.899999618530277,2026-08-11,-0.04230770697960473,0.1343962985446281,-0.16722408240103426,-0.22550549185861757,,8.8,-0.24413404951822737,0.5629461657314254,0.3557651147096236,False,False,False
7861,1155.0,2026-08-11,0.03587443946188351,-0.02893272976889305,0.02692506936152883,1.2187865307658665,,91.9,-0.04998489775566428,0.9158668199574158,0.822996686793282,False,False,False
8011,16.200000762939453,2026-08-11,-0.018181771943063474,-0.049853285170447625,-0.07468796536104205,-0.19614903353416357,,18.0,-0.15159793247823516,0.46030255483745336,0.674977072859829,False,False,False
8016,306.0,2026-08-11,0.09285714285714275,-0.06422018348623848,0.18902337940404923,0.6175546890174142,,88.8,0.11211341228685612,0.6193949240536476,0.8429752066115702,False,False,False
8021,439.0,2026-08-11,0.12419974391805377,-0.132316557010573,-0.01169689197930257,0.9944940898225518,,88.2,-0.08860685909649568,1.335065747152979,0.7586629320206169,False,False,False
8024,13.800000190734863,2026-08-11,-0.04166662803402543,-0.1810089092988394,0.12195121762110994,0.0,,66.8,0.04504125050391683,0.26237878483301724,0.7908309219128224,False,False,False
8027,181.5,2026-08-11,0.03418803418803429,-0.24688796680497926,-0.274,0.6205357142857142,,54.3,-0.35090996711719313,0.5444289090073724,0.6194539249146758,False,False,False
8028,261.0,2026-08-11,-0.026119402985074647,-0.13861386138613863,0.10647311732664644,0.5091152260814811,,84.0,0.029563150209453326,0.5132310604501302,0.7386833072449791,False,False,False
8032,38.09999847412109,2026-08-11,0.0672268252070487,-0.04030232388085975,-0.047346679801512415,0.023542735431197226,,40.7,-0.12425664691870553,0.35540058360194765,0.8041371694383486,False,False,False
8033,189.0,2026-08-11,0.05882352941176472,-0.24248496993987978,0.3685102320863911,0.2193548387096773,,87.6,0.291600264969198,0.49114733303385455,0.7012987012987013,False,False,False
8034,18.899999618530277,2026-08-11,-0.02577319638307707,-0.0891566448901071,-0.18404911461190487,-0.19556449386946329,,8.6,-0.260959081729098,0.3461775703723365,0.6879310180841972,False,False,False
8038,32.45000076293945,2026-08-11,0.033439527298259275,-0.18874998092651363,-0.2208883655676004,-0.35615079800588223,,3.0,-0.2977983326847935,0.34012399251591807,0.5233871090796686,False,False,False
8039,216.0,2026-08-11,0.08000000000000007,0.27810650887573973,0.5882422437608952,1.4272141027554612,,97.3,0.5113322766437021,1.1125338052940763,0.84375,False,False,False
8040,74.69999694824219,2026-08-11,0.06714281354631702,-0.1578354056558673,-0.09344665576515099,0.5182925973552208,,70.6,-0.1703566228823441,0.19573677692898286,0.5975999755859375,False,False,False
8042,116.5,2026-08-11,0.05429864253393668,-0.2741433021806854,0.10910515185663883,0.9272974402790575,,90.5,0.032195184739445715,1.4468963474248748,0.5534441805225653,False,False,False
8043,147.5,2026-08-11,0.07272727272727275,-0.10606060606060608,0.49140543705051476,0.7414404405484589,,95.0,0.41449546993332165,0.3661136504731438,0.6512141280353201,False,False,False
8044,26.950000762939453,2026-08-11,0.011257078750597005,0.011257078750597005,0.16919746876209674,-0.0626086691151495,,68.5,0.09228750164490362,0.3215931886481532,0.759154951068717,False,False,False
8045,52.400001525878906,2026-08-11,-0.05072462315870885,-0.11635746711560446,-0.2776909619519521,-0.36915487528217616,,1.5,-0.3546009290691452,0.7387494648747428,0.4008000977582137,False,False,False
8046,1150.0,2026-08-11,0.1004784688995215,-0.09448818897637801,0.30956075404554917,2.081319484272786,,97.5,0.23265078692835606,0.23309506261840995,0.8127208480565371,False,False,False
8047,46.04999923706055,2026-08-11,0.046590891751375985,0.08225617068757884,-0.13602251601832915,-0.0446058400798206,,20.1,-0.21293248313552227,0.5662421931831344,0.7674999872843424,False,False,False
8048,51.900001525878906,2026-08-11,-0.038888860631872135,-0.08780600542102523,-0.09965264696460008,0.04644137108209634,,33.7,-0.1765626140817932,0.5272499807870373,0.7545768420510854,False,False,False
8049,26.600000381469727,2026-08-11,0.019157087842611054,0.009487665896802389,0.031007797211870303,-0.01298702677407837,,51.8,-0.04590216990532281,0.3788753748219946,0.9466192178065179,True,False,False
8050,61.59999847412109,2026-08-11,0.04406777074781498,0.047192795541940225,0.33001128462076923,0.47967616600963625,,90.3,0.2531013175035761,3.48605416503927,0.8927536010742186,False,False,False
8054,84.9000015258789,2026-08-11,0.04685577217329273,-0.12474225231052671,-0.15940592548634747,-0.36165412386557216,,4.9,-0.23631589260354058,0.2889457610063254,0.5512987112070059,False,False,False
8059,14.850000381469728,2026-08-11,-0.019801930337582818,-0.14655168350376868,-0.2756097374892815,-0.2702702652039348,,2.6,-0.35251970460647464,0.3270876653486552,0.45552150541534925,False,False,False
8064,102.5,2026-08-11,-0.014423076923076872,-0.2379182156133829,-0.12864222372231293,0.8604666621060477,,81.1,-0.20555219083950604,0.33980450662054634,0.5985849476929658,False,False,False
8066,14.600000381469728,2026-08-11,-0.01016946566306931,-0.01683501640255558,-0.13609463248381815,-0.28543896848469186,,8.9,-0.21300459960101126,0.38801051302971823,0.6431718013554443,False,False,False
8067,13.350000381469728,2026-08-11,-0.018382352425565407,0.026923106266902197,0.042968764260876924,-0.06643355220936642,,49.2,-0.03394120285631619,0.7999494941523698,0.7563739756375922,False,False,False
8068,17.950000762939453,2026-08-11,0.019886384879754138,-0.013736263160442963,-0.20044542748651561,-0.3200757188518947,,4.1,-0.2773553946037087,0.47535906878144557,0.6211073010336707,False,False,False
8069,165.0,2026-08-11,-0.16455696202531644,-0.12993676226056938,-0.20682607935993558,-0.03381077918788189,,13.9,-0.2837360464771287,1.6971221534753753,0.6281119698063127,False,False,False
8070,48.54999923706055,2026-08-11,0.03518118672706638,-0.07347332398295736,0.08757742855875672,0.06571076881853233,,66.4,0.010667461441563608,0.2479220715397398,0.7711306432111815,False,False,False
8071,23.25,2026-08-11,0.03333333333333344,-0.19410746299561887,0.3839286342770092,0.28808869710435925,,89.6,0.30701866715981607,0.26227825430497514,0.6878698380119243,False,False,False
8072,25.950000762939453,2026-08-11,-0.026266373944114463,-0.08465607006125386,-0.03463377595482586,-0.13845325172413536,,29.2,-0.11154374307201897,0.361298605614329,0.6255752831699958,False,False,False
8074,56.400001525878906,2026-08-11,0.06415097218639443,-0.09759997558593747,-0.2941176414419536,-0.15441044338637955,,3.8,-0.37102760855914674,0.5501171128325039,0.6157205509322479,False,False,False
8076,23.700000762939453,2026-08-11,0.03043481577997631,-0.09021107650467108,-0.03265303008410392,-0.018633493279459068,,39.3,-0.10956299720129703,0.36858334257793623,0.8286713442946302,False,False,False
8080,28.049999237060547,2026-08-11,-0.015789500454015948,0.018148820829272383,-0.012323957259540386,-0.15128593390081713,,31.8,-0.0892339243767335,0.8458292566916482,0.5874345389960324,False,False,False
8081,270.0,2026-08-11,0.06299212598425208,-0.023508137432188048,0.11011317499023177,0.152809818876672,,72.5,0.033203207873038654,0.861405512966749,0.8333333333333334,True,False,False
8084,52.79999923706055,2026-08-11,0.27228913824242285,0.12221041643441333,0.19187359246925362,-0.060498246970149605,,70.3,0.1149636253520605,1.940291786492623,0.7963800423333565,True,True,False
8085,11.350000381469728,2026-08-11,-0.004385898134529054,-0.03813557643994503,-0.06584356067307562,-0.3362573024402349,,12.9,-0.14275352779026873,0.7827932533388088,0.49240784195865933,False,False,False
8086,116.5,2026-08-11,-0.048979591836734726,-0.13703703703703707,-0.2579617834394905,-0.004273504273504258,,10.7,-0.3348717505566836,1.0144924712754115,0.6508379888268156,False,False,False
8087,29.450000762939453,2026-08-11,0.022569498024238355,-0.04999997538904988,-0.10757573445638025,-0.0016948893918828922,,28.6,-0.18448570157357336,0.09006021271407402,0.758043807454891,False,False,False
8088,49.20000076293945,2026-08-11,0.05128208472230833,-0.08208951187388602,-0.11944539913355656,-0.23336794351447254,,12.6,-0.19635536625074967,0.6468352926955006,0.6890249720356239,False,False,False
8089,18.299999237060547,2026-08-11,0.0054944214246803735,-0.08955229404217369,-0.11594209842618863,-0.35901927404238065,,7.9,-0.19285206554338175,0.21048381052107504,0.4378051857797401,False,False,False
8091,239.5,2026-08-11,0.0788288288288288,-0.13693693693693698,0.24280976114040453,0.7094084337820459,,91.0,0.16589979402321142,0.35478199516576037,0.811864406779661,False,False,False
8092,13.050000190734863,2026-08-11,-0.02973974901135168,-0.04744522829049147,-0.20909089753122045,-0.0968857880283579,,10.7,-0.28600086464841357,0.6197834123849226,0.685039407526428,False,False,False
8093,21.850000381469727,2026-08-11,0.06067961052682347,0.10913703224697091,0.1560846996021712,0.02823531206916363,,71.1,0.07917473248497808,2.221429544212217,0.6587940318654145,False,False,False
8096,121.5,2026-08-11,-0.03952569169960474,-0.2334384858044164,0.2843552004204071,0.7507204226024875,,92.5,0.20744523330321396,0.8575533956823227,0.7168141592920354,False,False,False
8097,51.09999847412109,2026-08-11,-0.06066181910285351,-0.09074737045522452,-0.022944565591678234,-0.08093525401973733,,36.0,-0.09985453270887135,1.0545657412839091,0.7268847262566849,False,False,False
8099,57.400001525878906,2026-08-11,0.03237415649562703,-0.03204043399032974,-0.04333330790201828,-0.18926555011703794,,23.9,-0.12024327501921139,0.4796018948847079,0.6882494061833772,False,False,False
8101,11.350000381469728,2026-08-11,-0.13358778236948887,-0.13688207523018336,-0.12692304757925166,-0.27243589077397146,,10.3,-0.20383301469644477,0.5452650100133069,0.5942408458002532,False,False,False
8102,68.69999694824219,2026-08-11,0.013274245663342121,-0.08400004069010414,0.058551545963339224,0.2268627980342992,,71.3,-0.018358421153853888,0.4257840655748697,0.7699362325799889,False,False,False
8103,80.0999984741211,2026-08-11,0.05812419687265358,-0.10201792360375661,-0.2998783790848837,-0.06965830089930325,,5.2,-0.3767883462020768,0.7409222507545005,0.6454245984334162,False,False,False
8104,31.850000381469727,2026-08-11,0.04769739411626839,-0.2155172025001112,-0.05769227513628794,-0.1780645062846522,,22.3,-0.13460224225348105,0.12020204286164644,0.714125593523294,False,False,False
8105,17.149999618530273,2026-08-11,0.05538459190955525,-0.09259259446144308,0.05864190190435803,0.40573769562733286,,78.6,-0.018268065212835083,0.1796303851456359,0.6819085438830114,False,False,False
8109,132.5,2026-08-11,0.06425702811244971,-0.046762589928057596,0.14224137931034475,0.2722821944271576,,79.9,0.06533141219315164,0.6430171227584489,0.8204334365325078,False,False,False
8110,46.29999923706055,2026-08-11,0.06559259894310498,-0.05122950899764367,-0.03561181484217735,-0.3971049654071933,,12.8,-0.11252178195937046,0.47461841838571783,0.5419204197748158,False,False,False
8111,58.0,2026-08-11,-0.1145038167938931,0.1800610010044723,-0.08400537751822656,-0.14914869832389976,,19.9,-0.16091534463541968,1.70906971149948,0.7246434749901319,False,False,False
8112,100.0,2026-08-11,0.17370896222858567,0.1428571428571428,0.2684370320671512,0.2952238127815008,,85.9,0.19152706494995808,1.0961266360446924,1.0,True,True,False
8114,211.5,2026-08-11,-0.0558035714285714,0.06015037593984962,-0.09389085163982458,0.1936478126561667,,47.5,-0.1708008187570177,1.062440865549781,0.78944960111359,False,False,False
8119,10.0,2026-08-11,0.06723587215960003,-0.014778288095343983,-0.06103283021713135,0.2195122234882314,,56.5,-0.13794279733432446,0.32742042974256574,0.5830903919785033,False,False,False
8121,30.299999237060547,2026-08-11,0.013377913833897637,-0.2751196222464023,-0.10355029819534345,0.05208333471307047,,33.6,-0.18046026531253656,0.30666962539378234,0.5569852644700088,False,False,False
8131,63.20000076293945,2026-08-11,-0.042424230864553714,-0.17026925293236617,-0.016049016108465874,-0.17983082461662814,,29.0,-0.09295898322565899,0.6173996121396961,0.7509403354313278,False,False,False
8147,127.0,2026-08-11,0.053941908713692976,-0.12413793103448278,-0.21739553971032133,0.2636199110342152,,32.3,-0.29430550682751444,0.3244010990924146,0.679900444418885,False,False,False
8150,99.0,2026-08-11,0.19999999999999996,-0.13913043478260867,0.17268862604470914,0.6119755083011384,,87.8,0.09577865892751602,0.8629900878551987,0.8081632653061225,False,False,False
8155,316.0,2026-08-11,0.09532062391681118,-0.07737226277372267,-0.24356998678709618,0.37356029663694446,,37.3,-0.3204799539042893,0.6835824920129194,0.7025768554372165,False,False,False
8162,55.900001525878906,2026-08-11,0.07707128867819946,-0.2289654961947737,0.07174653688263954,0.5072319382569601,,82.3,-0.005163430234553568,0.2821410038117587,0.6484919200106635,False,False,False
8163,31.899999618530277,2026-08-11,-0.006230494239806705,-0.11634346352124236,0.09762142899332593,0.02120469250906143,,64.8,0.02071146187613282,0.33778372587663474,0.7041942639246769,False,False,False
8171,20.5,2026-08-11,0.05943150366196148,0.002444950376293331,-0.1440501316508528,-0.3132328395973495,,7.2,-0.2209600987680459,0.3108727340493155,0.6307692307692307,False,False,False
8176,9.880000114440918,2026-08-11,-0.002020152006058651,-0.02178220383361973,-0.040776705681204506,-0.09357793942995463,,31.8,-0.11768667279839762,0.3416934500182068,0.7107913946464978,False,False,False
8182,39.75,2026-08-11,0.024484556227311494,-0.165561326120372,0.11181123600876464,0.3878338995649395,,81.4,0.034901268891571524,0.21923860810685616,0.6774510833295679,False,False,False
8183,30.149999618530277,2026-08-11,0.03608244753595158,-0.13610320056365688,-0.00863855654036283,-0.06279493535315872,,39.9,-0.08554852365755594,0.32482691906315825,0.7596779469156725,False,False,False
8201,12.0,2026-08-11,0.04347826086956519,-0.06614788764484913,-0.0625000139698384,-0.1891891996385059,,20.4,-0.1394099810870315,0.29759834958495157,0.6299212850704358,False,False,False
8210,1015.0,2026-08-11,-0.11739130434782608,-0.10572687224669608,-0.32510586413141984,0.10305274750990367,,9.2,-0.40201583124861295,1.596774291943019,0.659703566274864,False,False,False
8213,32.54999923706055,2026-08-11,0.09595954211817426,-0.013975253431325774,-0.12862929138830803,-0.07101799938030029,,19.3,-0.20553925850550114,0.557988193020919,0.8067475199198243,False,False,False
8215,24.799999237060547,2026-08-11,0.06437768451142811,-0.08364697501513119,-0.06834607403322668,0.2585500166098682,,58.2,-0.1452560411504198,0.19585073741900402,0.7701862934613366,False,False,False
8222,38.650001525878906,2026-08-11,0.051700721792623305,-0.05743209551282624,0.10724943232498574,-0.07312289810090145,,59.9,0.030339465207792626,0.4626825301866188,0.6651054992584751,False,False,False
8227,158.0,2026-08-11,0.08219178082191791,-0.09971509971509973,-0.21072248471286126,0.05936250952994593,,17.2,-0.28763245183005437,0.40311959233956013,0.6402974483053219,False,False,False
8234,70.69999694824219,2026-08-11,0.10989004868859142,-0.005625900625363611,0.03061222333573821,-0.07702352014892255,,45.9,-0.0462977437814549,1.094180120571161,0.6107488298328995,False,False,False
8240,42.25,2026-08-11,0.03174601252357179,-0.11332636627401038,-0.35744382527663554,0.02383661778824875,,4.6,-0.43435379239382865,0.29003266032826425,0.5789877475401506,False,False,False
8249,42.25,2026-08-11,0.013189429904024275,-0.10297237009011584,-0.08649914452990726,-0.3044116128685419,,12.3,-0.16340911164710037,0.27769787293386655,0.685837141618676,False,False,False
8261,184.0,2026-08-11,0.022222222222222143,-0.37094017094017095,0.41425914154291466,0.9547875429512669,,95.3,0.33734917442572154,0.7208680188774044,0.5303471936286335,False,False,False
8271,234.5,2026-08-11,0.046875,0.2814207650273224,-0.032303092385186916,1.0082747517620207,,87.5,-0.10921305950238003,1.9010861426433532,0.9212623102198173,False,False,False
8277,7.980000019073486,2026-08-11,-0.0256409733906221,-0.031553368843042606,0.16837483282773236,-0.20990101805201566,,58.8,0.09146486571053924,0.22248339637355083,0.4851063616393133,False,False,False
8284,62.79999923706055,2026-08-11,0.003194900444321025,0.026143765591094548,0.05907329238178294,0.0557375865416736,,62.3,-0.017836674735410174,0.35080390800959876,0.998410138531122,False,False,False
8289,44.75,2026-08-11,0.06420929398162323,-0.19223828939614718,-0.17408965144389266,0.8156652213710589,,76.2,-0.25099961856108577,0.129497935798403,0.5924297908512365,False,False,False
8291,41.70000076293945,2026-08-11,0.22827687263147478,0.4631579215066475,-0.11276594121405414,1.4385964814437848,,91.1,-0.18967590833124726,0.4299966401638364,0.31353384032285303,False,False,False
8298,46.75,2026-08-11,0.022975912900028872,-0.07425742574257421,-0.009847208298672583,0.690504723012493,,83.1,-0.0867571754158657,0.16483761603808658,0.8365083988153545,False,False,False
8299,2090.0,2026-08-11,0.14835164835164827,-0.03686635944700456,-0.19646470904059798,-0.08665404721773584,,12.1,-0.2733746761577911,0.8230129828664684,0.7309938724067028,False,False,False
8341,76.9000015258789,2026-08-11,0.021248318848291703,0.009186412147919043,0.0678675126175381,0.04045113921311905,,62.5,-0.009042454499655017,0.5836636013310038,0.8858048522670928,False,False,False
8342,88.0999984741211,2026-08-11,-0.004519791252868943,-0.031868148636031934,0.03242579551046565,0.10985776738477382,,62.4,-0.04448417160672746,1.0517723880597016,0.9628415133783726,False,False,False
8345,52.0,2026-08-11,0.02970297029702973,0.0038610186464320684,0.11428267810636772,0.24259406358287827,,76.4,0.03737271098917461,0.8926505506616855,0.9536186858078483,False,False,False
8349,39.70000076293945,2026-08-11,-0.0025125245235677607,-0.0025125245235677607,-0.008148870348873793,-0.06860034409581417,,39.2,-0.0850588374660669,0.35140114124632105,0.8578778548002619,False,False,False
8354,17.950000762939453,2026-08-11,0.14404079999717978,0.10555622777514762,0.015496980044142017,0.16995761547432076,,63.6,-0.061412987073051095,1.4755959601088116,0.951360274642847,True,True,False
8358,380.5,2026-08-11,0.1158357771260996,-0.2324469408007328,-0.1617512656535165,0.4506316498451257,,58.9,-0.2386612327707096,2.672838382157321,0.5460591860062803,False,False,False
8367,40.45000076293945,2026-08-11,-0.004920067784305648,-0.0012345490632234002,-0.03229661480290558,0.0028295393352213427,,41.7,-0.10920658192009869,0.8306766769197331,0.9235160152403254,False,False,False
8374,82.19999694824219,2026-08-11,0.08157890721371297,-0.04861116323451353,-0.08757174369193699,-0.13271287644851826,,20.8,-0.1644817108091301,0.5825278547159773,0.695293462060812,False,False,False
8383,68.5999984741211,2026-08-11,-0.01859804039169466,-0.07703470289299585,0.26248468235656697,0.6994986108646095,,91.4,0.18557471523937386,0.7823747697728957,0.758849527834166,False,False,False
8390,99.0999984741211,2026-08-11,0.053134963667136326,0.004052700488822225,-0.09723334723124477,-0.010428820386824023,,29.4,-0.17414331434843788,0.6662374330437453,0.7947135283626652,False,False,False
8401,23.0,2026-08-11,0.008771963580347819,0.0021786159214987055,-0.033613414399392694,-0.16074517350789608,,27.5,-0.1105233815165858,0.5218355949919792,0.8123647672632728,False,False,False
8404,16.149999618530273,2026-08-11,-0.01223246227970265,-0.014792910768388734,0.0030120267847326687,-0.28997870753960386,,22.9,-0.07389794033246044,0.516548610570918,0.5946428112434795,False,False,False
8410,31.899999618530277,2026-08-11,0.04078303476533418,-0.025954210121212906,-0.12841527463215763,-0.15159572039647662,,15.2,-0.20532524174935074,0.36794623860445264,0.7384259040545376,False,False,False
8411,13.0,2026-08-11,0.015624984866008385,0.05246380128193562,0.05670769082170102,0.09649996484826273,,64.4,-0.020202276295492094,1.1493248101028415,0.9774435950050699,False,False,False
8415,38.20000076293945,2026-08-11,0.03804352051369042,0.09612632526529397,0.16312738240786717,0.14641569828843037,,76.6,0.08621741529067406,0.7690810958151285,0.9947916470054131,False,False,False
8416,169.0,2026-08-11,0.0,-0.014577259475218707,0.022340586968858656,-0.03861199384396907,,47.6,-0.054569380148334456,0.2927514877285907,0.9384977844993931,False,False,False
8421,13.5,2026-08-11,-0.046744661641862195,-0.1205211944947584,-0.018181818181818188,0.022727287505283966,,46.1,-0.0950917852990113,1.7671501443962199,0.8011869254819848,False,False,False
8422,26.649999618530277,2026-08-11,0.015238080705915369,0.0037664928189580227,0.026949620557227716,-0.2799396113543846,,27.6,-0.049960346559965396,0.4045266601649967,0.5362299234356112,False,False,False
8424,69.0,2026-08-11,0.0029069322582984114,0.001451356631444023,0.007701747751437837,0.014603771929637688,,50.2,-0.06920821936575527,0.5655549480590487,0.9707218561847513,False,False,False
8426,21.299999237060547,2026-08-11,0.004716908986904578,0.08396944786575422,-0.013368644968140608,-0.19455005025346717,,28.2,-0.09027861208533372,0.6675124858782426,0.6815345842061541,False,False,False
8431,48.75,2026-08-11,-0.05339805825242716,-0.002047051734793026,-0.1751268822562353,-0.23828125,,7.9,-0.2520368493734284,0.5623924195993006,0.6186547983758298,False,False,False
8433,55.5,2026-08-11,0.035447790671043755,-0.005376330486780656,0.03351953838896038,0.06970032640251844,,59.6,-0.04339042872823273,0.8322686495429783,0.9383041315651578,True,False,False
8435,53.59999847412109,2026-08-11,0.02681987913256112,0.005628503590145328,0.01974859069791668,0.05576208569492991,,56.3,-0.05716137641927643,1.0992833672003466,0.9311474997009587,False,False,False
8437,9.079999923706056,2026-08-11,0.01907969463583359,-0.08743717610416057,-0.196460197305929,-0.4360248628219494,,2.5,-0.2733701644231221,0.39688843712431765,0.49482287383902507,False,False,False
8438,67.0,2026-08-11,0.06518280404864907,-0.25955140495812024,-0.34006616604274054,0.062080977859727327,,6.8,-0.41697613315993365,0.5768146636002687,0.6382458657816612,False,False,False
8440,19.75,2026-08-11,0.03133161323351352,-0.061757685709164956,-0.11817973869400844,-0.2646074629073659,,11.2,-0.19508970581120155,0.2898718884503204,0.6676428107145618,False,False,False
8442,44.04999923706055,2026-08-11,-0.005643340954978093,0.0011363462968305704,-0.11900001525878912,-0.3795774755343585,,6.9,-0.19590998237598223,0.47531234135091244,0.5604325711477454,False,False,False
8444,4.989999771118164,2026-08-11,-0.03481630609661657,-0.09927801345162801,-0.3808933608770869,-0.5155340117753777,,0.5,-0.45780332799428003,0.5273917002703306,0.3080246627230862,False,False,False
8454,271.0,2026-08-11,0.06903353057199202,0.03435114503816794,0.41411272115396947,0.43609373902073245,,91.8,0.33720275403677635,0.6344761785537245,0.6166097838452788,False,False,False
8455,24.649999618530277,2026-08-11,0.02922750869695223,-0.06981133514980087,-0.09375003944424898,0.16548463655448598,,45.0,-0.1706600065614421,0.10726869267452589,0.5318230944989844,False,False,False
8462,169.5,2026-08-11,0.03353658536585358,0.059374999999999956,0.22253195425357308,0.2658842470552145,,83.7,0.14562198713637997,0.803007918118535,0.9854651162790697,False,False,False
8463,20.799999237060547,2026-08-11,-0.011876484991023228,-0.018867995824705996,-0.01680091615788537,-0.1962302121664673,,27.3,-0.09371088327507848,0.9624685712339238,0.7707578506203308,False,False,False
8464,398.0,2026-08-11,0.059920106524633754,0.08152173913043481,0.18983557548579966,0.003264501553476906,,72.9,0.11292560836860654,0.6209394447139495,0.8315345510487189,True,True,False
8466,16.600000381469727,2026-08-11,-0.017751434546282918,-0.0514285496303013,0.09210530195870281,-0.2522522607665101,,41.0,0.0151953348415097,0.13467442457858128,0.6182495398743479,False,False,False
8467,106.0,2026-08-11,0.07070707070707072,-0.00646799743222326,-0.18441406517369907,-0.40604065894895225,,3.3,-0.2613240322908922,1.6440209539173365,0.5591539270717435,False,False,False
8472,72.5999984741211,2026-08-11,0.06607929663478718,-0.07868025809040136,0.037142835344587066,0.1747572713655301,,67.0,-0.039767131772606046,0.41402693967208765,0.681690126517569,False,False,False
8473,42.04999923706055,2026-08-11,0.016928676874741644,-0.0676274798282015,0.24962844963681596,0.1065789272910671,,81.2,0.17271848251962285,0.374228980146693,0.7508928435189384,False,False,False
8476,19.899999618530277,2026-08-11,-0.014851541241502453,-0.09545456279407827,0.19785811440175194,0.0342331924099426,,75.0,0.12094814728455883,0.33609405703132855,0.8105906410167762,False,False,False
8477,15.899999618530272,2026-08-11,-0.0031348082340302286,0.0,-0.09659095034618925,0.19999997120983193,,47.7,-0.17350091746338236,0.24883628806982147,0.7662650418568806,False,False,False
8478,147.0,2026-08-11,0.02052924598696859,-0.0185964403640827,-0.06915360234415258,-0.1852007473918924,,19.6,-0.1460635694613457,0.6852282337261844,0.6634542318950009,False,False,False
8481,40.75,2026-08-11,0.01368157280155069,0.03276903276903287,0.09496848460844287,0.030330428374874208,,65.3,0.01805851749124976,0.637685254370963,0.9783518937811311,False,False,False
8482,50.09999847412109,2026-08-11,0.026639329044769067,0.04483832485865924,0.06416416765182253,0.08973976759312485,,64.9,-0.012745799465370578,0.3093157817485148,0.8928774582844661,False,False,False
8487,72.0999984741211,2026-08-11,-0.038666687011718714,-0.06363638345297284,0.11924627420902523,0.09263085383523584,,70.6,0.042336307091832115,0.7407264897762071,0.8676293597836153,False,False,False
8488,10.149999618530272,2026-08-11,0.024217938931738292,0.01805409695892668,0.016016001108896782,0.023185437547118992,,52.5,-0.06089396600829633,3.3117327978391606,0.8565400246233065,False,False,False
8489,22.950000762939453,2026-08-11,0.017738427468392493,-0.0171306043681142,-0.07459671496104314,-0.37972970910974446,,10.2,-0.15150668207823625,0.3921434582248047,0.4722222527467784,False,False,False
8499,265.0,2026-08-11,0.07287449392712553,-0.06854130052724072,-0.1250734519473129,-0.14027746494560844,,15.9,-0.201983419064506,0.3927034952394782,0.6836737955645668,False,False,False
8905,34.650001525878906,2026-08-11,0.037425147990830965,0.18857735509875284,0.1965811515438176,0.11231493414829474,,77.8,0.1196711844266245,1.2812133103880856,0.8721095072647389,False,False,False
8906,28.25,2026-08-11,0.07619047619047614,0.0,0.15541918685010714,-0.16543570831775334,,60.2,0.07850921973291403,0.6543731264463026,0.7080200230488015,False,False,False
8908,39.900001525878906,2026-08-11,-0.0012515453343102667,0.020460436904807366,0.013977206431647904,-0.026745197904973428,,47.1,-0.06293276068554521,0.23466272956068876,0.8450118064422102,False,False,False
8916,43.25,2026-08-11,0.004645778547825774,0.003480313948711178,-0.06989247311827962,-0.12182741116751272,,25.2,-0.14680244023547273,1.2994026676918131,0.8547431087793377,False,False,False
8917,53.0,2026-08-11,0.019230769230769162,0.011450352226130667,0.040462434671696634,-0.027433758532580343,,52.1,-0.03644753244549648,0.23232572804614063,0.7957360157460707,True,False,False
8921,17.149999618530273,2026-08-11,-0.028328612510283735,-0.03651683406687678,-0.03313510081255444,-0.08160592786764154,,34.2,-0.11004506792974755,1.5793063016714326,0.8970911286587621,False,False,False
8924,51.79999923706055,2026-08-11,-0.037174721716766945,-0.08802817019648179,-0.1435185786721348,-0.23658872285822996,,10.4,-0.2204285457893279,1.1579021798499385,0.7380319660642648,False,False,False
8926,55.79999923706055,2026-08-11,-0.10862618854330597,-0.1948052412727107,0.013028068253811309,0.32499874317635347,,71.7,-0.0638818988633818,0.7296117432528886,0.6888888794698833,False,False,False
8927,19.600000381469727,2026-08-11,-0.020228437563911128,-0.0749133275184084,0.009612300160077192,-0.21385913757756758,,30.3,-0.06729766695711592,0.7023060201970139,0.4614701505205213,False,False,False
8928,23.600000381469727,2026-08-11,0.05592841067852361,0.030567719414851924,0.12380954197474892,-0.11111107120006936,,59.5,0.046899574857555804,0.5560922398294331,0.85198554987207,True,True,False
8929,13.449999809265137,2026-08-11,0.022813703379285455,-0.08813560615151617,-0.08813560615151617,-0.19219218513997816,,16.9,-0.16504557326870928,0.4715076843763583,0.6897435799623147,False,False,False
8930,30.100000381469727,2026-08-11,-0.029032245759041064,-0.009868396079771191,0.043327555752923796,0.06298407376475024,,60.6,-0.033582411364269316,0.5998076161081103,0.945054945713026,False,False,False
8931,40.400001525878906,2026-08-11,-0.015834292893112,-0.007278501747284727,-0.015425128844882119,-0.08113527224746231,,37.5,-0.09233509596207523,0.5062713114528341,0.7747623633774594,False,False,False
8932,105.0,2026-08-11,0.06275300361068048,-0.08695652173913049,0.09375,0.01449275362318847,,63.8,0.016840032882806888,0.43835399541381853,0.8108108108108109,False,False,False
8933,4.699999809265137,2026-08-11,0.09302316297384028,0.06094807932030366,-0.17253521983998588,-0.37081660759396706,,4.2,-0.249445186957179,0.4399576728099502,0.5114254650563441,False,False,False
8935,18.100000381469727,2026-08-11,0.04022992978654916,-0.1658986292580238,-0.05483024845830964,-0.1401424685278403,,26.2,-0.13174021557550275,0.17389759544733718,0.5895765450051635,False,False,False
8936,52.0,2026-08-11,0.009708737864077666,-0.05626131687784108,0.0358565579622343,0.0,,54.1,-0.04105340915495881,0.156502139570255,0.7503607173171836,False,False,False
8937,23.399999618530277,2026-08-11,-0.016806707199696236,-0.05835013040968373,-0.2755417903638382,-0.2935849171764444,,2.4,-0.3524517574810313,0.17522519637356687,0.519999991522895,False,False,False
8938,52.900001525878906,2026-08-11,-0.022181090241919388,-0.03818179043856529,-0.04339959754598388,-0.20631156451667743,,22.4,-0.120309564663177,0.7651523919899973,0.7493600883620597,False,False,False
8941,43.79999923706055,2026-08-11,0.011547344314317032,0.011547344314317032,0.023174985280935534,-0.03311616586107813,,48.4,-0.05373498183625758,0.2970821500566501,0.8963012714513554,True,True,False
8942,39.45000076293945,2026-08-11,0.06048386972727071,0.019956430650903245,-0.053918839377965155,0.03560805483757812,,40.6,-0.13082880649515827,0.6343945730684574,0.8802667804993687,True,False,False
8996,1065.0,2026-08-11,0.03398058252427183,-0.1411290322580645,0.039024390243902474,0.3780852587266428,,75.8,-0.03788557687329064,1.3621400433262674,0.6698113207547169,False,False,False
9802,74.9000015258789,2026-08-11,0.0746055208796943,0.0026774375610121304,-0.05429287358651491,-0.19782852280408947,,20.9,-0.13120284070370802,1.3458564737206915,0.6668485949049315,False,False,False
9902,13.800000190734863,2026-08-11,0.003636377507989952,0.0,-0.024734942560497575,-0.2203390058813146,,24.6,-0.10164490967769069,0.6151619577227881,0.7688022063612996,False,False,False
9904,24.049999237060547,2026-08-11,0.012631546823602013,-0.008247454141833144,-0.026134462076159548,-0.1816388036793889,,27.0,-0.10304442919335266,0.8464095421874961,0.7878632654440964,False,False,False
9905,21.549999237060547,2026-08-11,0.04611644844654328,0.04358351744097155,0.0795019144275626,0.12771789660322375,,69.0,0.0025919473103694912,1.3430993335683532,1.0,True,True,False
9906,40.84999847412109,2026-08-11,0.04209177752724891,0.018703242606954662,0.25114843996998704,-0.08918617917697458,,74.3,0.17423847285279392,0.1934724251527973,0.554274086372203,False,False,False
9907,14.800000190734863,2026-08-11,0.003389843439651763,-0.026315764707210976,-0.031899257648603574,-0.120151469159683,,31.0,-0.10880922476579669,0.9353258420271813,0.7903354126569984,False,False,False
9908,29.049999237060547,2026-08-11,-0.001718252362670758,0.01389051614229464,0.029409327548308495,0.01050528163454012,,53.7,-0.04750063956888462,0.5201204360696436,0.8772357881852078,False,False,False
9910,71.30000305175781,2026-08-11,0.05786352281285123,0.05786352281285123,0.04231153328561277,-0.2026762556071353,,36.9,-0.034598433831580344,0.2922955292351701,0.5528111552287888,True,False,False
9911,82.30000305175781,2026-08-11,0.007344016229226202,-0.02603546684310276,-0.008433698171592674,0.04126295687387116,,49.8,-0.08534366528878579,0.9304997741182173,0.9453719330062855,False,False,False
9912,12.449999809265137,2026-08-11,-0.03112844827471062,-0.00796815776493398,0.008097119409441467,0.037499984105427986,,52.1,-0.06881284770775165,2.071011634335869,0.9651162928238595,False,False,False
9914,94.3000030517578,2026-08-11,0.2834282069922027,0.2970453605780832,0.5548047709013109,0.13191234190317203,,91.5,0.47789480378411775,1.6586905922418185,0.8504106263125452,True,True,False
9917,107.5,2026-08-11,-0.009216589861751112,0.0,0.0004894433120194996,0.06655952303725554,,53.5,-0.07642052380517361,0.40584822631708034,0.9266828148316707,False,False,False
9918,42.650001525878906,2026-08-11,-0.0035046194826040544,0.015476226806640625,0.020166656523192383,0.10987981310680506,,60.7,-0.05674331059400073,0.3564013392318989,0.7206071113375828,False,False,False
9919,13.899999618530272,2026-08-11,0.0,0.010909063165837951,-0.02112677427918852,-0.2277777989705405,,24.5,-0.09803674139638163,0.42157433571011044,0.707379129179338,False,False,False
9921,111.5,2026-08-11,0.32738095238095233,0.39549434130969496,0.47291947813729895,0.21857923497267762,,90.6,0.39600951102010584,2.1414542818329507,1.0,True,True,False
9924,38.5,2026-08-11,0.0026041268267580353,-0.039900212842992056,-0.026468087922208894,-0.15345054319006457,,29.3,-0.103378055039402,1.1807734279153554,0.7301489164507097,False,False,False
9925,40.150001525878906,2026-08-11,-0.00248443413965449,0.021503029303078236,0.04555328410943238,0.03783692213394563,,59.1,-0.03135668300776073,1.3017746051757502,0.9889163309075242,False,False,False
9926,49.04999923706055,2026-08-11,-0.011088694636704588,0.02947868190288605,0.0431211300741281,0.036779985062107334,,58.4,-0.03378883704306501,0.3893600177581861,0.8944945940042213,False,False,False
9927,69.19999694824219,2026-08-11,0.005813864516596823,-0.0028819102772229543,0.011695839247322315,-0.023977497052890873,,46.9,-0.0652141278698708,1.2828645507339316,0.8694838015638124,False,False,False
9928,18.25,2026-08-11,0.016713048708050238,-0.01881722442427558,0.03399435662535666,-0.005449611955905431,,53.0,-0.04291561049183645,0.8788798257388281,0.8732057575646679,False,False,False
9929,11.449999809265137,2026-08-11,0.013274302300743557,0.022321428951560307,-0.037815111234491994,0.05529948448850952,,45.2,-0.1147250783516851,0.16809492720208558,0.7633333206176758,False,False,False
9930,62.29999923706055,2026-08-11,-0.001602600743156768,-0.012678276646688635,-0.04798215531729222,-0.06150504250289368,,33.3,-0.12489212243448533,0.7807783201916885,0.8880381833824181,False,False,False
9931,33.79999923706055,2026-08-11,-0.0014770824021977935,0.024242401123046875,0.0356693303161022,0.04785376327605673,,58.0,-0.04124063680109091,0.2830113111285925,0.6944839327539845,False,False,False
9933,38.650001525878906,2026-08-11,0.060356672617036145,-0.04802948328890044,0.05027180236882334,0.21350081830345613,,70.0,-0.026638164748369775,0.35374983215572703,0.8834286063058036,False,False,False
9934,11.399999618530272,2026-08-11,0.06542054408814146,0.04109587370808687,0.2017610758917825,0.12871289746385872,,79.0,0.12485110877458938,2.3570658671351072,0.949999968210856,False,False,False
9935,20.100000381469727,2026-08-11,0.01772153830226464,0.06914899984923828,0.1603121137362944,0.06217620862709894,,72.8,0.08340214661910128,1.5006857893687535,0.9617225238439115,False,False,False
9937,55.09999847412109,2026-08-11,-0.005415217391603888,0.03272227828833074,0.01624263461343478,-0.013492435229112254,,49.1,-0.06066733250375833,0.32259894126543986,0.9083373832076613,False,False,False
9938,42.5,2026-08-11,-0.004683858533160445,-0.010401992214050026,0.027616492232313883,-0.10311585193657591,,43.0,-0.04929347488487923,0.7364185886420207,0.752848118565578,False,False,False
9939,135.5,2026-08-11,0.03435114503816794,0.092741935483871,0.19685549620334086,0.15793338210579266,,79.7,0.11994552908614775,1.7549425163953523,0.9377162629757786,False,False,False
9940,21.049999237060547,2026-08-11,0.03186272699435966,0.06582274618028094,0.14344211213071478,-0.012481751792160822,,68.3,0.06653214501352167,0.6805404940106807,0.8339885333077408,False,False,False
9941,85.4000015258789,2026-08-11,0.0530210004027305,0.046568665720783775,0.15561569367455075,0.094871814434345,,73.9,0.07870572655735764,0.5596866560524332,0.8291262284065913,True,False,False
9944,17.25,2026-08-11,-0.025423770821618952,-0.028169014084507005,0.029024768022020586,0.047455071268659665,,57.1,-0.047885199095172526,0.5609708528617128,0.9349593109313092,False,False,False
9945,27.049999237060547,2026-08-11,0.013108556708616437,0.06496061587837709,0.21122137353727943,-0.03845126404898147,,73.0,0.13431140642008632,0.5700740539641145,0.8833006543417633,False,False,False
9946,18.149999618530277,2026-08-11,0.01396648074456941,-0.029411824704263845,0.08358206677792701,0.05217389092929148,,65.0,0.006672099660733899,0.2294945652102021,0.8810679263315309,False,False,False
9950,10.5,2026-08-11,0.00961542164785767,-0.00943399791235322,-0.0047393544863415515,-0.0047393544863415515,,46.0,-0.08164932160353466,0.5071468089725543,0.7894736728887103,False,False,False
9955,25.100000381469727,2026-08-11,0.10329672006460333,-0.017612480196793623,-0.1374570428716254,-0.34464749656751936,,6.6,-0.21436700998881852,1.5409823751830765,0.6189889236429297,True,False,False
9957,5.980000019073486,2026-08-11,0.015280162076063197,0.0,-0.06998442010556127,-0.16713089665112213,,20.8,-0.14689438722275439,0.6106510493986208,0.6593164520706614,True,False,False
9958,113.5,2026-08-11,0.07582938388625582,0.01374552579608923,0.13015644773140989,-0.17121853783838203,,55.6,0.053246480614216773,0.7339802714879273,0.5817800476446793,False,False,False
9960,31.149999618530277,2026-08-11,0.0058613967638030395,0.01681164022152304,-0.07129277598972861,0.40302567358727925,,67.5,-0.14820274310692172,0.5501298815899051,0.9234603077490263,False,False,False
9962,10.350000381469728,2026-08-11,0.0582822764889146,0.05076141935391432,0.08263597564619185,-0.12658227440613457,,51.0,0.005726008528998738,1.419863732485353,0.8553719053860529,True,True,False
