ticker,board,period,revenue,mom_pct,yoy_pct
1101,TWSE,11508,13515534.0,-1.6630332295967223,10.649053245020621
1102,TWSE,11508,5590320.0,3.558369399160577,-1.2967348215780177
1103,TWSE,11508,230872.0,-4.725117818439927,-2.537128190407038
1104,TWSE,11508,517521.0,-21.97019156106056,-14.183306967535245
1108,TWSE,11508,290125.0,-6.34663929293125,-15.696382027238677
1109,TWSE,11508,268621.0,-8.021311638195222,-26.473091967142665
1110,TWSE,11508,169661.0,-34.997528801909525,-28.178523955872766
1201,TWSE,11508,2000571.0,0.45609112382299066,1.3080196339671886
1203,TWSE,11508,460482.0,6.8361572745390555,-2.1148691306482776
1210,TWSE,11508,9704420.0,0.673865338764203,13.42129336519994
1213,TWSE,11508,40028.0,22.954999232068808,17.12312734082397
1215,TWSE,11508,2363683.0,-7.7654790594875385,1.3068797196628994
1216,TWSE,11508,63101242.0,1.5001213554030468,3.7908098747692303
1217,TWSE,11508,680053.0,34.42279791107439,14.879251045657565
1218,TWSE,11508,531098.0,-5.807467681606405,-48.01123376629733
1219,TWSE,11508,984933.0,11.556069516051576,-14.367353397369465
1220,TWSE,11508,361183.0,29.29083574064727,28.831968382604725
1225,TWSE,11508,715560.0,-20.784845103352993,-23.831705068732
1227,TWSE,11508,2624457.0,26.300417527291348,10.7046320808678
1229,TWSE,11508,883894.0,-58.00226453858957,-13.12918865315421
1231,TWSE,11508,1248708.0,5.3881198380238775,6.887968225707047
1232,TWSE,11508,2395366.0,-3.7486096913354037,34.55623169795253
1233,TWSE,11508,193635.0,15.978269984067849,8.479599325486417
1234,TWSE,11508,893504.0,3.073384229554416,0.6316055033472389
1235,TWSE,11508,3666.0,-57.396862289366645,-80.63493740425757
1236,TWSE,11508,166049.0,-1.1436566053461927,1.5919533549101543
1256,TWSE,11508,648858.0,4.774330645851466,25.546216536255777
1301,TWSE,11508,13992385.0,-8.510176426260754,6.786144497398495
1303,TWSE,11508,30601161.0,0.09347590944474662,46.746902846686
1304,TWSE,11508,3671323.0,9.889285285619659,8.722470848002123
1305,TWSE,11508,682270.0,20.1463021205707,-11.244004511495337
1307,TWSE,11508,1053304.0,-1.2057301021705018,10.833155328925839
1308,TWSE,11508,518710.0,3.3999529556228,12.795901414759951
1309,TWSE,11508,1147797.0,11.213850317277142,6.372348677570834
1310,TWSE,11508,827062.0,23.676891052864544,15.383177361480811
1312,TWSE,11508,2381254.0,67.44466336735312,89.22674829328686
1313,TWSE,11508,5244696.0,3.001939180359485,6.038199417554717
1314,TWSE,11508,927609.0,-12.482781654395254,-24.409608589644968
1315,TWSE,11508,219175.0,0.2676243195022645,9.747731688264867
1316,TWSE,11508,690239.0,-0.7555780495590185,93.04522686147229
1319,TWSE,11508,1946454.0,-4.38756738834105,7.397616726284374
1321,TWSE,11508,271109.0,-8.848251329742524,5.588487303318274
1323,TWSE,11508,213908.0,12.869489969290516,34.077133777524274
1324,TWSE,11508,40030.0,-29.007200368885893,-36.04716182320707
1325,TWSE,11508,15611.0,-21.81599639405018,-23.584120612854274
1326,TWSE,11508,30558197.0,-2.2669863987020697,31.695431346947952
1337,TWSE,11508,47354.0,-6.973911676881974,15.918826956500453
1338,TWSE,11508,503046.0,35.80862184402065,10.190241498275013
1339,TWSE,11508,140264.0,-0.8833048320307532,15.554896484680722
1340,TWSE,11508,7115.0,-2.185867473192191,114.24269798253538
1341,TWSE,11508,181811.0,-31.563553962900507,4.569009645303594
1342,TWSE,11508,307180.0,-9.017939915942742,62.82977561740993
1402,TWSE,11508,22832378.0,-2.2860416646070982,15.195638379471621
1409,TWSE,11508,3425819.0,-26.185861152276747,-8.564680561334695
1410,TWSE,11508,18766.0,3.748341441839894,36.32137149498765
1413,TWSE,11508,184216.0,6.144556098460404,27.66535454898265
1414,TWSE,11508,31640.0,5.154707700488551,-5.6395574244728754
1416,TWSE,11508,44896.0,0.7020613238229818,45.99375650364204
1417,TWSE,11508,23777.0,-3.77579927154998,-17.311771865762477
1418,TWSE,11508,38.0,-95.44364508393285,123.52941176470588
1419,TWSE,11508,510290.0,18.90464839371888,5.943806951362058
1423,TWSE,11508,10823.0,81.86859351369517,140.2441731409545
1432,TWSE,11508,82129.0,17.191535508911116,-35.7066251242749
1434,TWSE,11508,2026703.0,-5.841690507804624,-7.165985616177014
1435,TWSE,11508,499.0,0.0,0.0
1436,TWSE,11508,54343.0,-38.63708220415538,-87.90431716806596
1437,TWSE,11508,80186.0,-25.46245514882225,15.72187265485193
1438,TWSE,11508,406071.0,920.6122602860231,41420.552147239265
1439,TWSE,11508,35925.0,59.7447641068967,-70.81854291725219
1440,TWSE,11508,1050401.0,-19.221174121884857,-4.228913103138908
1441,TWSE,11508,108006.0,20.909457281031703,-13.264216249206974
1442,TWSE,11508,265545.0,-2.1378608861011403,64.5678270192552
1443,TWSE,11508,82121.0,3.3878887070376433,3.8664879085297987
1444,TWSE,11508,444102.0,-14.138059037793777,-14.561100754344551
1445,TWSE,11508,54031.0,-18.300722774972026,-15.689854258340356
1446,TWSE,11508,88539.0,710.7967032967033,-27.01967540121498
1447,TWSE,11508,2041747.0,70.148419140319,-34.08158817841502
1449,TWSE,11508,317172.0,-14.561401618412404,100.43731041456016
1451,TWSE,11508,654058.0,-2.4233852800677904,36.79930560639177
1452,TWSE,11508,69905.0,-38.63245312170798,-33.934090028446946
1453,TWSE,11508,107.0,0.9433962264150944,1.9047619047619047
1454,TWSE,11508,70385.0,-40.6464506771457,-40.514523803487066
1455,TWSE,11508,464570.0,-8.27693231087559,-0.7954387725685732
1456,TWSE,11508,2232459.0,2356.031552196442,6526.080375163244
1457,TWSE,11508,231778.0,-3.0116120933152004,8.189681328273421
1459,TWSE,11508,77340.0,-18.62973055435732,-14.24865008703751
1460,TWSE,11508,718711.0,38.781054851180016,13.444919207049988
1463,TWSE,11508,15629.0,-21.355608111508076,3.400595434998346
1464,TWSE,11508,1001905.0,3.3325323099486073,1.776586321230049
1465,TWSE,11508,18919.0,-40.53620819713352,24.993393234672304
1466,TWSE,11508,183930.0,-11.215697632322062,-7.750410014895954
1467,TWSE,11508,509038.0,-2.562846100986358,-8.044344968739217
1468,TWSE,11508,22570.0,-47.488425118075426,-52.633788037775446
1470,TWSE,11508,41969.0,-25.84327237388462,-31.32220585828833
1471,TWSE,11508,5736.0,-34.475668265935575,-59.21791681478848
1472,TWSE,11508,357593.0,-0.717149393629781,7.954559176920941
1473,TWSE,11508,559294.0,-15.660248754418346,4.791454711356683
1474,TWSE,11508,236259.0,5.626492126934735,0.6633944320883504
1475,TWSE,11508,129628.0,1.783176425324089,24.282605152395472
1476,TWSE,11508,3311034.0,-11.762796528324092,-1.1299320308856051
1477,TWSE,11508,3554003.0,18.493190648181212,-5.116268514859944
1503,TWSE,11508,2846465.0,-4.207485133720794,-0.3840501931974751
1504,TWSE,11508,5408315.0,-2.1815959459816305,16.828174514882413
1506,TWSE,11508,116168.0,-6.028150784662676,47.80584006616197
1512,TWSE,11508,90473.0,21.534886220144543,-20.544324030000176
1513,TWSE,11508,2502498.0,3.8212472582249104,8.929055679006165
1514,TWSE,11508,773622.0,-13.55773120079378,-26.51613160609359
1515,TWSE,11508,460497.0,5.9597879409842704,-7.589731857970212
1516,TWSE,11508,9784.0,29.65809700503578,-2.0522574832315548
1517,TWSE,11508,157625.0,-19.61722244037268,8.717393403501028
1519,TWSE,11508,1916427.0,-6.510420350820023,12.500572357089773
1521,TWSE,11508,248902.0,-17.51082889517099,-6.0740081057215525
1522,TWSE,11508,2162878.0,-8.217675989696716,-3.0387391724967747
1524,TWSE,11508,221762.0,-2.0221879570025494,0.8935477119901
1525,TWSE,11508,94944.0,-24.39861448421388,-21.454040057248278
1526,TWSE,11508,41955.0,-30.84948575949367,-29.413842996063124
1527,TWSE,11508,241850.0,-14.20320908732932,1.998211815513344
1528,TWSE,11508,383294.0,20.534599600622652,70.8380690048627
1529,TWSE,11508,49353.0,11.693749151314897,8.005252215778532
1530,TWSE,11508,87383.0,-63.42629215270192,-42.949571712106966
1531,TWSE,11508,125964.0,-10.134836270243277,8.297438807356013
1532,TWSE,11508,1689080.0,35.569549744203854,-42.63623757729223
1533,TWSE,11508,459785.0,19.12577791826223,20.05739337965538
1535,TWSE,11508,701433.0,4.376493626696745,-28.535099596844443
1536,TWSE,11508,460071.0,4.62983809894181,13.73060389046961
1537,TWSE,11508,606136.0,-0.010557571758495546,10.982413417436442
1538,TWSE,11508,4096.0,21.00443131462334,-58.080032749974414
1539,TWSE,11508,105264.0,-8.569443238078694,1.7348191245687115
1540,TWSE,11508,25446.0,24.63143458882304,-50.941795677572344
1541,TWSE,11508,185322.0,-16.6369030214973,-45.25425831723356
1558,TWSE,11508,890004.0,-4.991246423843887,18.6279736833687
1560,TWSE,11508,899115.0,1.4432661682027883,30.37794617921122
1563,TWSE,11508,549815.0,-15.420493895150733,2.4585276041608433
1568,TWSE,11508,88426.0,-6.315488361744732,6.410426118244503
1582,TWSE,11508,724367.0,-16.598697572455592,1.596814505836052
1583,TWSE,11508,336552.0,-23.737616358642942,-10.135616844365051
1587,TWSE,11508,211156.0,-11.159168458298797,-1.9639159462546312
1589,TWSE,11508,638363.0,-12.320121528278538,-9.594781571788085
1590,TWSE,11508,3707549.0,-7.1785635512373815,43.32524872352335
1597,TWSE,11508,133094.0,-2.5559175604934654,45.23253530040811
1598,TWSE,11508,491583.0,3.0416792433846465,23.842838104403427
1603,TWSE,11508,439498.0,-12.941558660224906,20.5041731100363
1604,TWSE,11508,706947.0,-11.67821474172374,3.401385419165355
1605,TWSE,11508,14428827.0,-8.17850480689286,14.970687262674398
1608,TWSE,11508,1180412.0,-6.904634215590397,17.898542763256458
1609,TWSE,11508,3388884.0,16.628672431878815,34.835392935879575
1611,TWSE,11508,81207.0,-8.572297091903941,0.08504030170820084
1612,TWSE,11508,684422.0,-8.35454563713905,19.598369292655352
1614,TWSE,11508,405059.0,-20.873932442041273,-3.104509887880738
1615,TWSE,11508,465639.0,-5.846872440881196,20.257385034168212
1616,TWSE,11508,447433.0,-16.050696086157078,-6.032266736111694
1617,TWSE,11508,374179.0,-10.86349581449419,46.89181921320923
1618,TWSE,11508,527665.0,-21.296420591665846,-1.9009462901336704
1623,TWSE,11508,482275.0,-22.098742499010637,-7.314340404432538
1626,TWSE,11508,376173.0,-44.03994543428684,22.031077661714136
1702,TWSE,11508,1971512.0,5.757882173079244,1.1766493002097933
1707,TWSE,11508,706058.0,-1.4858233559878724,-20.139845586222652
1708,TWSE,11508,680872.0,6.420670435594013,33.17216667449029
1709,TWSE,11508,1208393.0,6.918320795751556,82.66667069773207
1710,TWSE,11508,2389820.0,6.224372551154888,23.96862268267556
1711,TWSE,11508,747049.0,-4.396573347461748,33.157168626164825
1712,TWSE,11508,1449498.0,-7.739809992756658,-2.7131621655361826
1713,TWSE,11508,38761.0,16.542890646140894,-8.604102805941995
1714,TWSE,11508,3046841.0,-8.522145731496234,56.10735951141534
1717,TWSE,11508,4069789.0,-0.5660941143070332,20.948469417322087
1718,TWSE,11508,4179861.0,-14.735970540910143,4.427837589825293
1720,TWSE,11508,623714.0,4.444440723207513,7.784429068135788
1721,TWSE,11508,169943.0,69.98379611106665,36.46642201540179
1722,TWSE,11508,911920.0,-7.54590920657901,-11.279832584366952
1723,TWSE,11508,619597.0,-9.325233639388982,46.94023231657283
1725,TWSE,11508,853217.0,-0.3991193459065461,30.661502791739025
1726,TWSE,11508,745945.0,-11.626791140702654,0.15144659694931775
1727,TWSE,11508,256624.0,9.09168200580691,62.67146732929334
1730,TWSE,11508,196517.0,-8.37684862274109,-0.22745157769146804
1731,TWSE,11508,133240.0,-9.651870838249454,17.95743475335529
1732,TWSE,11508,55605.0,10.16781249380857,-1.1958491772984114
1733,TWSE,11508,146355.0,2.656276303237753,-0.3669312565523439
1734,TWSE,11508,311002.0,9.755469210436232,21.575387983268833
1735,TWSE,11508,216074.0,1.0867785413869409,20.1726333820904
1736,TWSE,11508,4840096.0,5.671153526224484,22.657167851484374
1737,TWSE,11508,275018.0,-0.7126559611829945,-3.875150731374845
1752,TWSE,11508,169159.0,-1.5561620876083173,12.359184866358467
1760,TWSE,11508,181232.0,4.632580481271073,-27.88393432707536
1762,TWSE,11508,59095.0,-34.16845834215246,30.300090401957974
1773,TWSE,11508,1384770.0,3.609811720552717,44.621686203410505
1776,TWSE,11508,76443.0,-9.389075909155563,0.2662644281217209
1783,TWSE,11508,68526.0,7.4698492856358705,-2.465199692561701
1786,TWSE,11508,66363.0,-11.758370342791798,-22.733094262295083
1789,TWSE,11508,199285.0,7.509508267472285,-42.18344285361997
1795,TWSE,11508,2107202.0,-15.431117482488856,81.67977762526685
1802,TWSE,11508,4592157.0,0.2357161348229062,32.59146823861491
1805,TWSE,11508,114.0,-0.8695652173913043,-0.8695652173913043
1806,TWSE,11508,204823.0,-2.033251384677196,-16.730494031938075
1808,TWSE,11508,622899.0,-43.44505427158947,33032.925531914894
1809,TWSE,11508,212015.0,5.175039561867816,-4.1293800051549425
1810,TWSE,11508,343347.0,-11.663094738846194,4.606249314500896
1817,TWSE,11508,247067.0,5.183680941372807,10.08595069308607
1903,TWSE,11508,13784.0,23.02749018207783,3.8968870128891235
1904,TWSE,11508,4342939.0,2.050220786862195,23.124829010579017
1905,TWSE,11508,1518838.0,-0.05455142475292284,1.6474805266423107
1906,TWSE,11508,312709.0,-7.462284642199772,9.184578427675591
1907,TWSE,11508,6452290.0,0.026664310285757692,6.0296475280689865
1909,TWSE,11508,4596477.0,6.290466137998159,23.173049017839748
2002,TWSE,11508,27948400.0,-5.960003963701512,12.97063197691694
2006,TWSE,11508,5234484.0,0.7229677931817972,15.124090050648597
2007,TWSE,11508,318860.0,-30.377936491647144,-21.388896421994147
2008,TWSE,11508,148996.0,-6.385438460910159,0.37050509949746036
2009,TWSE,11508,338921.0,-2.0111195598435283,30.27456286347964
2010,TWSE,11508,1990448.0,-4.93954751857321,-6.237920250453278
2012,TWSE,11508,628001.0,-2.99300098706009,-6.830306806717703
2013,TWSE,11508,1785700.0,1.5964588880544366,19.04007978225205
2014,TWSE,11508,1025159.0,-18.036261530109606,-29.314345169677868
2015,TWSE,11508,2306318.0,-6.716799136703335,9.671752908325915
2017,TWSE,11508,219145.0,21.24741344015226,-17.29659555357635
2020,TWSE,11508,272115.0,-4.200038726258163,-37.053983469774394
2022,TWSE,11508,724508.0,-19.781302661969118,-6.931323911384697
2023,TWSE,11508,4776556.0,-16.530666167120547,-14.313043172516776
2024,TWSE,11508,87528.0,-12.547209399916072,12.096102864900171
2025,TWSE,11508,212580.0,88.52262750419028,102.5304395876603
2027,TWSE,11508,12385552.0,-1.844325143042543,46.090820444159995
2028,TWSE,11508,639576.0,-3.9517037348511015,19.33300868163423
2029,TWSE,11508,857746.0,-16.101865672371733,-17.030114025482586
2030,TWSE,11508,1175065.0,8.994771323067676,57.69192058134775
2031,TWSE,11508,1448409.0,-17.963706925408268,18.589170986280127
2032,TWSE,11508,268401.0,1.7989213299046491,-5.264105324462171
2033,TWSE,11508,51386.0,-3.2278719397363465,9.663237867599983
2034,TWSE,11508,1270580.0,-6.173616249514467,26.75100905606621
2038,TWSE,11508,481052.0,-20.917325617715235,-16.534744512882796
2049,TWSE,11508,2708024.0,0.9836495943163266,42.300945967107126
2059,TWSE,11508,6466169.0,0.9194731722909152,344.4151275890319
2062,TWSE,11508,615987.0,9.103420181016313,22.200003570854683
2069,TWSE,11508,886938.0,11.291967972776106,18.856326560148588
2072,TWSE,11508,1311094.0,-16.581791066047725,84.83502788539076
2101,TWSE,11508,1267668.0,4.663708674666565,84.20319969775788
2102,TWSE,11508,22681.0,2.226529048541939,29.991976157725812
2103,TWSE,11508,3446503.0,-5.36384569803336,21.785505046328982
2104,TWSE,11508,1211672.0,-21.660218479745108,0.27948472848104144
2105,TWSE,11508,8338554.0,-2.9876041100832555,4.636488904789254
2106,TWSE,11508,2901482.0,-10.370352064599237,8.076490991769523
2107,TWSE,11508,123329.0,0.7499326040960371,20.50908735587258
2108,TWSE,11508,1046282.0,1.7745435727632901,41.8298987938219
2109,TWSE,11508,354696.0,-21.98121985179124,10.485149594280998
2114,TWSE,11508,150454.0,5.321591577296783,11.183860478864913
2115,TWSE,11508,319121.0,-0.37369114442522744,47.411575042844014
2201,TWSE,11508,5807285.0,-2.2924561094755345,-2.0245191558224644
2204,TWSE,11508,2255905.0,-21.641342601533616,-3.0418046674271215
2206,TWSE,11508,4883225.0,-9.692758702698145,-0.22234904140837133
2207,TWSE,11508,26802894.0,-10.786679665996097,10.569250109144406
2208,TWSE,11508,2103059.0,40.99954677594104,55.644028484352404
2211,TWSE,11508,1409894.0,-3.34439814681513,11.847793061266259
2227,TWSE,11508,1060412.0,-13.67935548415614,-3.466570534878725
2228,TWSE,11508,393621.0,-8.99399336912342,-0.6228413887822908
2231,TWSE,11508,222547.0,-10.57053991930947,-25.854739297018156
2233,TWSE,11508,284737.0,0.9856077855567141,21.271502983479063
2236,TWSE,11508,1204475.0,-2.7252830676293387,29.236208348757234
2237,TWSE,11508,292600.0,16.62574535250789,30.064676727490944
2239,TWSE,11508,1069103.0,-19.401001321575606,-27.532835850234495
2241,TWSE,11508,87163.0,8.884336235649773,47.331857135612985
2243,TWSE,11508,200401.0,84.39716964638983,106.4393510172547
2247,TWSE,11508,3313810.0,-19.739149389653168,0.7141265891725195
2248,TWSE,11508,246526.0,6.089269115571316,62.42324416919225
2250,TWSE,11508,258606.0,-9.394258966642024,1.7036739894759196
2254,TWSE,11508,3924.0,21.712158808933,-92.05668016194332
2258,TWSE,11508,913778.0,52.91692117175538,726.0737499660993
2301,TWSE,11508,19592400.0,3.0878581903714792,25.200742370543818
2302,TWSE,11508,135083.0,10.529890192612958,87.72217512750316
2303,TWSE,11508,25044641.0,5.035202709942881,30.71441291503008
2305,TWSE,11508,181219.0,1.490272068459548,239.98536640276163
2308,TWSE,11508,64586049.0,-3.708102933285179,34.94854905033159
2312,TWSE,11508,13452420.0,-16.041218654993855,22.383911766974915
2313,TWSE,11508,7012064.0,0.8179232272483112,6.865708582371952
2314,TWSE,11508,65083.0,-16.97749770384733,-48.862663136142565
2316,TWSE,11508,466413.0,-8.595757189750625,61.188907858085834
2317,TWSE,11508,921766023.0,-2.6144946713083335,51.978131522564816
2321,TWSE,11508,60108.0,-5.558872513590799,1.712467848923785
2323,TWSE,11508,710039.0,10.118052475348868,20.092584605652835
2324,TWSE,11508,67337469.0,-16.87323448513742,14.502633489514402
2327,TWSE,11508,16332196.0,1.2460830535233982,51.799610560411935
2328,TWSE,11508,2165981.0,5.681220487308872,19.666466852484646
2329,TWSE,11508,1768265.0,-1.237860444541752,4.764034825266388
2330,TWSE,11508,514805337.0,10.099818994181083,53.320053714712955
2331,TWSE,11508,1529563.0,-1.597851260936696,-20.15511038447163
2332,TWSE,11508,1175584.0,1.6955251975805894,5.241936205831536
2337,TWSE,11508,8145267.0,5.444034937143434,218.53271706735816
2338,TWSE,11508,494412.0,-2.159987493246947,-8.94806629834254
2340,TWSE,11508,474269.0,20.28400343908433,21.873683020341876
2342,TWSE,11508,180687.0,-1.5528204122329559,3.9542269322379093
2344,TWSE,11508,27308717.0,2.000277964749722,289.42756449599915
2345,TWSE,11508,40872511.0,3.5464415513967307,59.42279854814421
2347,TWSE,11508,74215271.0,2.593631916322056,122.01643193808464
2348,TWSE,11508,1425372.0,-31.398027281539285,540.5590508718318
2349,TWSE,11508,539665.0,-26.63458335882325,-1.2743514363437127
2351,TWSE,11508,1326062.0,-0.1493924156241576,61.221187315428
2352,TWSE,11508,18813300.0,3.40518229070623,11.819254751083538
2353,TWSE,11508,30180310.0,12.177830290438726,38.41493141468421
2354,TWSE,11508,21867114.0,2.0757869205314243,58.41679083173851
2355,TWSE,11508,1468680.0,-0.26409628343391717,13.434620312851182
2356,TWSE,11508,83267681.0,-7.675596962853899,35.82690162998942
2357,TWSE,11508,94955954.0,12.866443188877227,51.16688342643828
2359,TWSE,11508,275860.0,-32.9558158751762,-18.145105055918055
2360,TWSE,11508,5632401.0,3.6465264692026853,156.29654201767283
2362,TWSE,11508,2015357.0,10.896651074186346,12.095367082059854
2363,TWSE,11508,512334.0,26.64293659621802,81.06426064737752
2364,TWSE,11508,180244.0,-4.986215294433931,32.600603251673654
2365,TWSE,11508,111154.0,-0.0053976250449802084,35.948240013698296
2367,TWSE,11508,1459946.0,-10.504796139549025,26.12946199475075
2368,TWSE,11508,10383971.0,3.6890808722169304,76.38825024031777
2369,TWSE,11508,641933.0,0.015268721711966471,32.89685341106471
2371,TWSE,11508,4383050.0,19.172820097588456,-11.491602904528538
2373,TWSE,11508,950602.0,2.055601183095265,3.6031048170002027
2374,TWSE,11508,1312982.0,13.218945850766243,34.7021226390898
2375,TWSE,11508,653794.0,5.277616304815151,37.591888359720436
2376,TWSE,11508,47400848.0,7.210115423647554,98.42707910183296
2377,TWSE,11508,17693552.0,-8.524469677684058,-6.0566534030848755
2379,TWSE,11508,12459133.0,-3.381240495941536,28.083000681580568
2380,TWSE,11508,202355.0,1.495179913128091,-7.817233446461517
2382,TWSE,11508,423970932.0,15.752371011347568,177.453640698528
2383,TWSE,11508,20145589.0,4.888351969713899,129.84671742960728
2385,TWSE,11508,6521222.0,-7.591992504450907,-23.125150375926555
2387,TWSE,11508,1430789.0,14.741068764976278,-17.121340434183715
2388,TWSE,11508,923499.0,-18.7004201876715,77.39127929312332
2390,TWSE,11508,58016.0,-3.4048717137576796,16.838183465914813
2392,TWSE,11508,5188271.0,-41.97419686607689,-24.697637910930144
2393,TWSE,11508,1862682.0,-5.651349826314142,14.104232991248065
2395,TWSE,11508,10419341.0,-7.5661697753130355,87.51710391930136
2397,TWSE,11508,1239331.0,-3.5428983260328817,48.01251619760783
2399,TWSE,11508,198432.0,2.943587295987715,40.00112885928769
2401,TWSE,11508,688102.0,-7.739112013322214,40.953094977651595
2402,TWSE,11508,1113296.0,-4.575228384278727,16.41519792118706
2404,TWSE,11508,9392377.0,-5.559907124229588,59.050412994601615
2405,TWSE,11508,153709.0,-6.969889544560448,1.6573745229922687
2406,TWSE,11508,970776.0,-2.690706572348762,86.10504037359958
2408,TWSE,11508,44690268.0,1.8753221767796826,560.8541425724004
2409,TWSE,11508,23101650.0,13.409766711171503,-5.8591638763645015
2412,TWSE,11508,23309496.0,17.22232894775221,25.611715606986877
2413,TWSE,11508,330288.0,-7.325559209418737,2.1952826948603468
2414,TWSE,11508,4556137.0,41.26387055707326,79.51753158995898
2415,TWSE,11508,230830.0,4.098926224739674,-0.5989983679339939
2417,TWSE,11508,253041.0,-22.16517994463242,-14.548107023817966
2419,TWSE,11508,2011067.0,202.53346411088813,245.59047432473767
2420,TWSE,11508,206990.0,-13.014792402084383,33.83291414236113
2421,TWSE,11508,1974148.0,-6.855119140073925,26.03114025371601
2423,TWSE,11508,299614.0,6.55518489803757,28.149700598802394
2424,TWSE,11508,7776.0,-35.98419362805631,11.852704257767549
2425,TWSE,11508,1982942.0,3.8392858077969194,118.45737918391718
2426,TWSE,11508,253312.0,-0.8342369922056976,38.57482029343866
2427,TWSE,11508,413399.0,7.482170760306899,74.78099474049145
2428,TWSE,11508,942587.0,-3.721571118932976,51.21457814625632
2429,TWSE,11508,28303.0,-18.55017410572966,-9.206685272511468
2430,TWSE,11508,1477369.0,-7.278658769643448,-0.32660689106132057
2431,TWSE,11508,15182.0,23.461006749613727,-47.32130464954892
2432,TWSE,11508,444398.0,-9.151717723058681,80.44201183191694
2433,TWSE,11508,228528.0,-2.812768454806032,2.025527811385279
2434,TWSE,11508,5351.0,51.758366420873514,84.26308539944904
2436,TWSE,11508,428927.0,6.272639429151904,32.146686219899934
2438,TWSE,11508,67354.0,-51.15736040609137,126.96455047850115
2439,TWSE,11508,4117732.0,12.880819373999756,-6.70298191510597
2440,TWSE,11508,392507.0,-1.2193219110511586,45.294396363447916
2441,TWSE,11508,2043086.0,2.25005717854771,41.984305244372294
2442,TWSE,11508,24583.0,-48.767271742075316,19.870294519212013
2444,TWSE,11508,126359.0,55.00177868279339,49.281115246027525
2449,TWSE,11508,4080093.0,2.239981837781924,31.577957840545338
2450,TWSE,11508,3163181.0,17.314616980235677,27.642117309427462
2451,TWSE,11508,4837166.0,-6.889659274430279,275.4659980905217
2453,TWSE,11508,622610.0,6.000888717879744,10.05037560760053
2454,TWSE,11508,64183361.0,32.40526804267691,44.0812520934518
2455,TWSE,11508,470904.0,11.560603260792313,71.15939605853318
2457,TWSE,11508,767787.0,-11.798500158531038,-17.75584706056263
2458,TWSE,11508,740683.0,-15.665395602931682,-36.72388444133861
2459,TWSE,11508,451949.0,-11.417113714452595,15.367865913117173
2460,TWSE,11508,438204.0,1.320718071085708,75.64976190094438
2461,TWSE,11508,426507.0,-11.020730890633443,-4.683718279641983
2462,TWSE,11508,351029.0,-5.892114625194702,-0.48477769682399735
2464,TWSE,11508,928232.0,7.561365919680548,73.70780965783624
2465,TWSE,11508,1180621.0,10.273586835402366,383.2629286702524
2466,TWSE,11508,224958.0,15.93621802139809,59.9166856232939
2467,TWSE,11508,865806.0,-25.841726544760608,60.72584163286522
2468,TWSE,11508,198527.0,13.778834856864487,-28.593317819029362
2471,TWSE,11508,85250.0,1.1005431559972487,7.162610619469026
2472,TWSE,11508,1310529.0,-1.301540656012038,51.18935687397397
2474,TWSE,11508,1003130.0,-5.048619597204645,-40.457521383248356
2476,TWSE,11508,950786.0,-2.0339486010678747,41.04273473844109
2477,TWSE,11508,351843.0,16.26522944541192,27.950818777888088
2478,TWSE,11508,636565.0,-3.6796225655675814,43.63220372254852
2480,TWSE,11508,774225.0,-4.793496358856181,20.16137918832383
2481,TWSE,11508,1376881.0,-4.88920050288051,29.819236781713233
2482,TWSE,11508,46404.0,21.686683799234277,10.490975760750512
2483,TWSE,11508,188082.0,-6.500827703458458,34.58750456181528
2484,TWSE,11508,227535.0,-3.4178456366437877,25.08933578159188
2485,TWSE,11508,249330.0,-20.02450618749158,38.4113202729034
2486,TWSE,11508,777300.0,5.069789698213286,46.069210459555194
2488,TWSE,11508,394408.0,4.564530967069734,50.050599201065246
2489,TWSE,11508,2725433.0,1.293526532271822,23.58564530251907
2491,TWSE,11508,15149.0,-6.9700319331859495,10.900439238653002
2492,TWSE,11508,4568665.0,2.8056594288635734,45.54208446583508
2493,TWSE,11508,402076.0,1.0677981439214936,29.353931680575485
2495,TWSE,11508,161558.0,7.846252436517049,106.21354266385858
2496,TWSE,11508,80373.0,11.201350360418944,-1.1061620238212422
2497,TWSE,11508,479526.0,-10.226677050727133,17.290264824367657
2498,TWSE,11508,246093.0,37.70522074869901,-7.712817820445511
2501,TWSE,11508,1630282.0,-34.3011027848693,60.17783541872381
2504,TWSE,11508,1642633.0,-6.247545796577357,-8.07209921701119
2505,TWSE,11508,772129.0,199.83030576028455,24.460051290896107
2506,TWSE,11508,92579.0,3.6962779601026,34.73091364205256
2509,TWSE,11508,126240.0,-88.25146554219245,510.3268226648617
2511,TWSE,11508,1094091.0,65.50630278478255,87.88742117627663
2514,TWSE,11508,1623021.0,5.629600897091547,-24.33274512866297
2515,TWSE,11508,1752579.0,13.272333841339274,28.83948243046841
2516,TWSE,11508,712460.0,0.7705668362064576,-16.46010144951327
2520,TWSE,11508,1795900.0,1.9453574246578453,-26.50191428974837
2524,TWSE,11508,112873.0,-77.05879961789394,14.061521049334061
2527,TWSE,11508,122292.0,-26.452846755714862,4.178486544506632
2528,TWSE,11508,437945.0,-67.92781827582318,-76.39063420672002
2530,TWSE,11508,672.0,-20.19002375296912,-99.86671400435164
2534,TWSE,11508,115095.0,-13.780058431343171,0.6101558607306136
2535,TWSE,11508,2563767.0,6.622818691464409,44.16751718611615
2536,TWSE,11508,34549.0,132.35590826551888,-68.50736064901326
2537,TWSE,11508,523.0,-99.09030821679538,-14.959349593495935
2538,TWSE,11508,24588.0,12.64947083886929,26.89925681255161
2539,TWSE,11508,442362.0,-16.204241293414533,-8.693067590272417
2540,TWSE,11508,1518685.0,39.00230742265192,98.38295459889332
2542,TWSE,11508,3024332.0,-37.09939845423766,-20.877100359415035
2543,TWSE,11508,1601610.0,-9.342744662966663,51.50921763610771
2545,TWSE,11508,64320.0,-94.61057824842118,-75.63728646642173
2546,TWSE,11508,1772783.0,-4.414405913768329,-24.412633887665898
2547,TWSE,11508,1066786.0,-12.653603290844066,81.22955024989892
2548,TWSE,11508,634969.0,752.4103582983179,139.52959372288657
2597,TWSE,11508,3310182.0,18.615648736382795,40.9086362028445
2601,TWSE,11508,142049.0,-3.0865166162935873,-59.09316054715623
2603,TWSE,11508,48985697.0,1.8856363783847867,48.63589929629481
2605,TWSE,11508,507861.0,6.044078803127904,58.75071504262123
2606,TWSE,11508,1732266.0,-1.8192947604378913,18.15606619816204
2607,TWSE,11508,2073018.0,2.4091885883660615,49.389906432141686
2608,TWSE,11508,1564683.0,40.18761171363679,18.555452003727865
2609,TWSE,11508,21611483.0,3.7214686547250384,56.170783181394626
2610,TWSE,11508,21948463.0,-1.2886533142912782,27.22342415074881
2611,TWSE,11508,56119.0,13.369426880265046,6.7652150752430416
2612,TWSE,11508,512935.0,6.696523291079207,27.160830492717693
2613,TWSE,11508,301830.0,-2.380413338076911,1.7235336146348696
2614,TWSE,11508,443995.0,-4.216464598524399,-6.449968078852608
2615,TWSE,11508,19200015.0,3.0066159166342357,65.59455773911166
2616,TWSE,11508,785252.0,-0.7935234538547351,11.000036752545114
2617,TWSE,11508,451246.0,-0.7192281882886153,22.294523053907632
2618,TWSE,11508,22891065.0,1.9481659781440248,24.91631705549541
2630,TWSE,11508,287593.0,-17.20797540360655,-27.23051736920278
2633,TWSE,11508,4676641.0,2.2525940087668053,-1.572249872878074
2634,TWSE,11508,3083175.0,-3.552133166204058,13.152590617859552
2636,TWSE,11508,2908762.0,3.4156625863497223,85.48459503786516
2637,TWSE,11508,2013191.0,-4.030388923688277,34.96367119988952
2642,TWSE,11508,253607.0,-2.25470887276119,-17.08206229790128
2645,TWSE,11508,1848088.0,7.285860826444938,25.965948554084736
2646,TWSE,11508,5578745.0,-2.620261357590416,47.787823252625145
2701,TWSE,11508,20308.0,-2.6508796318489045,0.2468160726626518
2702,TWSE,11508,128638.0,-12.865774357862794,10.740173206384188
2704,TWSE,11508,108707.0,-1.0765310765310765,4.4697086184362265
2705,TWSE,11508,213595.0,13.686927826272088,-0.6664248376955559
2706,TWSE,11508,51939.0,83.60139983739262,3.621019870720613
2707,TWSE,11508,595195.0,13.355578028792406,7.577868993202221
2712,TWSE,11508,75798.0,9.955755421774136,-2.241539413949649
2722,TWSE,11508,68163.0,-6.6234691361407165,-2.101226553299055
2723,TWSE,11508,1438379.0,3.783042365225824,-3.235769382392474
2727,TWSE,11508,2524314.0,20.03994493305657,11.310893132346035
2731,TWSE,11508,2549556.0,-13.992689117472038,6.988488132071125
2739,TWSE,11508,413896.0,8.56943500853822,9.318725667830561
2748,TWSE,11508,175138.0,3.1534184611035196,2.210679894951853
2753,TWSE,11508,820433.0,1.75155957386117,9.290082630316254
2762,TWSE,11508,989659.0,0.09729977940663317,5.206317955870409
2801,TWSE,11508,4605752.0,-3.7911181427636205,21.134188454548564
2812,TWSE,11508,1975427.0,7.936272900082451,1.760042446658356
2816,TWSE,11508,1632472.0,60.134034240333676,19.607460995942436
2820,TWSE,11508,365936.0,16.76994849736105,54.67421856837923
2832,TWSE,11508,927048.0,-5.8803940838687145,11.730491564603877
2834,TWSE,11508,3427855.0,-5.433134839349536,8.817960929271047
2836,TWSE,11508,422855.0,-26.486976083558904,-1.5414168461493685
2838,TWSE,11508,2026561.0,48.77816899340448,3.881349694132072
2845,TWSE,11508,1143908.0,-10.709758397392266,5.0653083005513615
2849,TWSE,11508,549509.0,0.6943121014439639,18.897849055215733
2850,TWSE,11508,2692639.0,11.027777571608704,4.706880588210361
2851,TWSE,11508,1525507.0,66.11046322338842,-31.48146235090942
2852,TWSE,11508,831513.0,-9.544804809116958,2.355430600040868
2855,TWSE,11508,3758199.0,122.47776672091175,109.8769286098819
2880,TWSE,11508,7109220.0,-8.332331884197751,11.949803192383932
2881,TWSE,11508,40550573.0,280.36369008535786,-48.01854159471246
2882,TWSE,11508,29486864.0,17.309732141741776,-69.46614444389321
2883,TWSE,11508,13671344.0,60.64216709067564,-51.734690174233705
2884,TWSE,11508,9839301.0,12.303929261760363,19.28818447821957
2885,TWSE,11508,19585535.0,11.532295134693848,57.940258843989525
2886,TWSE,11508,7795912.0,-9.811604078190381,15.550439685057762
2887,TWSE,11508,15781347.0,-12.579733025338912,-44.54199215009353
2889,TWSE,11508,1357195.0,22.110855687865797,51.8964745383324
2890,TWSE,11508,10051148.0,0.975452104876698,49.48292252285266
2891,TWSE,11508,24401509.0,35.21636522208552,-32.01339086205033
2892,TWSE,11508,7582281.0,-2.3633327251119747,13.898753138784288
2897,TWSE,11508,1140836.0,-0.3365979755199884,7.888838661721287
2901,TWSE,11508,11825.0,7.421875,4.6923417441345725
2903,TWSE,11508,2615081.0,8.173842182768833,-0.6393460561691366
2904,TWSE,11508,35146.0,4.869606731515188,-18.981097279852467
2905,TWSE,11508,15465917.0,1843.1472470257727,7187.402448021923
2906,TWSE,11508,752348.0,-4.371456898085771,7.888725250488645
2908,TWSE,11508,2600736.0,1.0035749030542993,-5.434177906512505
2910,TWSE,11508,47131.0,9.793370140005125,5.443196563604635
2911,TWSE,11508,138755.0,-4.420273882015816,-22.678056962624893
2912,TWSE,11508,31526751.0,-2.090516133670622,4.817758390349309
2913,TWSE,11508,32832.0,12.066081851384101,-7.492040235552675
2915,TWSE,11508,157754.0,13.101519931172929,-15.645887473665073
2923,TWSE,11508,772991.0,20.988359626043007,218.9867410565063
2929,TWSE,11508,225445.0,36.13992922619838,50.320717981543716
2939,TWSE,11508,17618.0,22.432244614315497,-39.58990536277602
2945,TWSE,11508,1795914.0,-0.4833107618378443,35.2874619579956
3002,TWSE,11508,87366.0,3.0940243557065985,21.20531069213801
3003,TWSE,11508,548266.0,-16.661067832034963,59.309258699644346
3004,TWSE,11508,526282.0,6.473175449031532,62.29746815925001
3005,TWSE,11508,3861015.0,6.558643870583498,18.388723770836382
3006,TWSE,11508,7904796.0,16.509798129958426,605.2432014317565
3008,TWSE,11508,5011942.0,2.7644194788807654,-16.23206393579812
3010,TWSE,11508,7986073.0,-6.489691888341797,23.632875331333388
3011,TWSE,11508,40960.0,-0.2508340842120644,-20.813517380040985
3013,TWSE,11508,939933.0,13.985018390489577,16.382499777124007
3014,TWSE,11508,630570.0,-1.8493239173104252,5.328654064265897
3015,TWSE,11508,1084815.0,-5.401823047696948,1.295496203805812
3016,TWSE,11508,506698.0,5.111418128109066,57.78643473495075
3017,TWSE,11508,19481068.0,4.792408367613132,54.340256925995845
3018,TWSE,11508,39663.0,229.09890474610023,130.49163179916317
3019,TWSE,11508,2843905.0,15.265439559415158,15.288008714183615
3021,TWSE,11508,277849.0,7.360095208287449,-14.003930732447113
3022,TWSE,11508,799158.0,-20.85256331533473,84.97614765538744
3023,TWSE,11508,3280576.0,3.5803786271631632,32.47027412494115
3024,TWSE,11508,76399.0,-32.812417553425384,-44.122551672688445
3025,TWSE,11508,30347.0,-5.413913477122553,-12.673016603838738
3026,TWSE,11508,1439761.0,-4.0758539498992965,33.21856745910945
3027,TWSE,11508,92370.0,4.2915692849642655,-11.21001230390649
3028,TWSE,11508,6732771.0,-8.19880835736953,87.95350944559226
3029,TWSE,11508,3487591.0,7.57502757550259,44.443850807787626
3030,TWSE,11508,997357.0,-3.488647766760305,31.881394189510655
3031,TWSE,11508,118780.0,-3.7914807105077717,27.820762534032088
3032,TWSE,11508,1078914.0,-3.9429274012398494,-1.483436210234121
3033,TWSE,11508,12372730.0,-14.145570184596256,56.83746008784256
3034,TWSE,11508,10327444.0,0.30216585867666274,26.33031651680444
3035,TWSE,11508,1183747.0,11.452916613705801,29.883694137526195
3036,TWSE,11508,198383815.0,8.426805566323363,98.21291582397657
3037,TWSE,11508,17745519.0,9.178757960449099,56.25723917867715
3038,TWSE,11508,244486.0,-4.632511838728049,-10.995019804287045
3040,TWSE,11508,10245.0,-3.8208787082238076,3.317870108914885
3041,TWSE,11508,173298.0,-6.320341640088653,143.33455025414924
3042,TWSE,11508,1414665.0,3.5931537635188127,23.47690304200431
3043,TWSE,11508,93047.0,-13.442235597272482,74.63776276276276
3044,TWSE,11508,10224358.0,4.097822462615335,65.47995924001005
3045,TWSE,11508,16782864.0,3.783275167725471,8.499575061975785
3046,TWSE,11508,877852.0,-7.68645117598686,41.05212417250466
3047,TWSE,11508,277420.0,13.565004523442074,28.02266770037287
3048,TWSE,11508,13544810.0,-1.4627512334970527,50.313337513386344
3049,TWSE,11508,30494.0,-0.7130531045485625,-72.22465114584472
3050,TWSE,11508,100689.0,1.0274419304670646,-9.006371153585468
3051,TWSE,11508,160726.0,-12.6650510231805,14.157664088413487
3052,TWSE,11508,224546.0,-44.55353130293497,-10.79426498806199
3054,TWSE,11508,37214.0,5.335560021512072,75.61228823557171
3055,TWSE,11508,47561.0,14.06336187255678,108.23555166374781
3056,TWSE,11508,91772.0,44.853602714860706,50.1873823746011
3057,TWSE,11508,55202.0,-23.794141196609516,26.93616629874908
3058,TWSE,11508,297462.0,-1.5026490066225167,24.478796146732172
3059,TWSE,11508,847393.0,6.8110573171976805,8.251532958610117
3060,TWSE,11508,422613.0,9.56442610073084,46.389392118216364
3062,TWSE,11508,341929.0,-5.616957143409205,34.73919399773812
3090,TWSE,11508,1912802.0,-8.706911692834016,38.4488218327368
3092,TWSE,11508,112556.0,-12.965211138003294,-12.902576801052387
3094,TWSE,11508,20698.0,-5.211577211943579,30.20885757423251
3130,TWSE,11508,258885.0,-5.761992472171058,12.453576005038768
3135,TWSE,11508,1827285.0,-7.108615641140347,237.786227791755
3138,TWSE,11508,140856.0,0.9163400846844394,-8.23892692650958
3149,TWSE,11508,194052.0,-9.29860805997775,19.271287907657133
3150,TWSE,11508,26012.0,-18.059536934950387,-8.975749728802883
3164,TWSE,11508,30302.0,9.981126596980255,15.497789297148955
3167,TWSE,11508,1219982.0,6.370649637811313,152.9786603130761
3168,TWSE,11508,381999.0,3.532023189065689,38.86429069970337
3189,TWSE,11508,4809631.0,5.7332946714025335,40.57567965225748
3209,TWSE,11508,5371648.0,-18.632697378625718,27.44356183968248
3229,TWSE,11508,141220.0,-2.3428855941579996,80.40598372488151
3231,TWSE,11508,460065063.0,49.26554412746217,166.4840985505344
3257,TWSE,11508,60112.0,-3.7422536790020655,-40.26848972048054
3266,TWSE,11508,230382.0,29.766357245854362,307.0065719737121
3296,TWSE,11508,201386.0,16.75430612162076,53.38669997638869
3305,TWSE,11508,1387596.0,-1.8612884951195725,47.40192209431158
3308,TWSE,11508,576.0,11.627906976744185,3.4111310592459607
3311,TWSE,11508,421603.0,79.75816388745582,104.38285639491761
3312,TWSE,11508,2257992.0,-13.271370924066474,35.1919397058577
3321,TWSE,11508,234038.0,-9.822023743011378,16.941234079337242
3338,TWSE,11508,462010.0,13.661468366139456,61.997363216875414
3346,TWSE,11508,778923.0,28.35997739059073,9.590773767650221
3356,TWSE,11508,87797.0,-15.19656138317396,20.631758288564324
3376,TWSE,11508,830265.0,2.339498449989831,-10.00744640377718
3380,TWSE,11508,2982462.0,71.11300314748665,66.87986902351231
3406,TWSE,11508,2719294.0,12.25767513441393,0.7211954265149975
3413,TWSE,11508,2249019.0,4.017521416143346,23.54138354194384
3416,TWSE,11508,405653.0,-14.18710520860217,16.65176119420153
3419,TWSE,11508,169467.0,-5.883038987004332,14.743520299000624
3432,TWSE,11508,29687.0,26.032689450222882,86.54643709940933
3437,TWSE,11508,70379.0,-35.984755459746594,-42.512089132849766
3443,TWSE,11508,5840094.0,1.2293622826160435,111.0204372171911
3447,TWSE,11508,291056.0,45.580408947221,-30.265777626569616
3450,TWSE,11508,1247981.0,2.4166764461857,109.75810219812358
3481,TWSE,11508,18696603.0,-1.0251108918680745,0.022929206689571976
3494,TWSE,11508,101544.0,4.532586652391884,13.801566755202906
3501,TWSE,11508,444657.0,-12.257164450355484,-1.260839153074933
3504,TWSE,11508,242727.0,-8.957345616035528,17.3297047506719
3515,TWSE,11508,3819304.0,-42.22303642412207,3.3204646156251716
3518,TWSE,11508,22709.0,-2.415022989987538,-18.86745266166488
3528,TWSE,11508,1204326.0,-0.30232338668419456,43.13409722164448
3530,TWSE,11508,178015.0,3.230613996427826,14.045652856346619
3532,TWSE,11508,1331863.0,2.2119027720539877,29.27771748942473
3533,TWSE,11508,3198344.0,-5.063084108681875,19.58057828451359
3535,TWSE,11508,27767.0,-46.930545468445395,38.91140127069888
3543,TWSE,11508,274723.0,-5.628495266361625,19.998340169215382
3545,TWSE,11508,913037.0,0.23306261622941354,-8.267450330294125
3550,TWSE,11508,372842.0,-9.623262601141217,33.664828743304966
3557,TWSE,11508,261352.0,24.148873001923853,17.898725611819106
3563,TWSE,11508,361158.0,0.4167836756483224,35.677791635986594
3576,TWSE,11508,244757.0,-20.525184434746468,-13.032185165971418
3583,TWSE,11508,1068346.0,9.766687763539672,18.057239217229007
3588,TWSE,11508,156044.0,1.6229029905178702,39.76175548589342
3591,TWSE,11508,271207.0,0.632274965399272,44.13254324661866
3592,TWSE,11508,2213089.0,5.382781726893861,22.845652560060394
3593,TWSE,11508,52454.0,-13.780860646306584,-29.803008404261014
3596,TWSE,11508,4731510.0,-2.376769372181719,1.9322601618589959
3605,TWSE,11508,1097137.0,-4.941884896137934,17.241795702027165
3607,TWSE,11508,292945.0,16.66560466431433,24.039361310237073
3617,TWSE,11508,1255008.0,0.6079729105741112,13.30642285326325
3622,TWSE,11508,102989.0,-28.436127633553838,-35.95370761921345
3645,TWSE,11508,184726.0,31.380330573810134,-10.96126130902746
3652,TWSE,11508,254750.0,0.3252941825113026,29.970511106802853
3653,TWSE,11508,3225888.0,0.39577725555222554,90.90319995881177
3661,TWSE,11508,8776286.0,18.069508063335714,273.61017160561573
3665,TWSE,11508,8891805.0,-7.667158350869378,53.99150153319462
3669,TWSE,11508,179620.0,-22.099775779891317,-22.969710225104105
3673,TWSE,11508,6364138.0,-0.46823020742477767,16.136045573102717
3679,TWSE,11508,441444.0,5.022696344794115,28.179561259600167
3686,TWSE,11508,9407.0,18.32704402515723,34.30896630496859
3694,TWSE,11508,1140464.0,35.40586235063923,-1.866193062525384
3701,TWSE,11508,820257.0,-7.199723949111602,6.456787543786104
3702,TWSE,11508,142237739.0,-2.640639471153946,80.45926827221638
3703,TWSE,11508,2453561.0,4.99235096142531,15.273080235304398
3704,TWSE,11508,2615664.0,36.47374577769244,28.10811049078664
3705,TWSE,11508,632910.0,-12.030467083179863,4.594724569373681
3706,TWSE,11508,13557215.0,5.638070867629579,119.89332334202707
3708,TWSE,11508,124554.0,-6.544314055043669,534.5730588954555
3711,TWSE,11508,82247374.0,11.470924994667861,45.65918579706578
3712,TWSE,11508,539558.0,-83.9268393821897,-72.73710735170101
3714,TWSE,11508,2171584.0,-9.063636660572373,14.23365151641082
3715,TWSE,11508,2932061.0,15.834600165610007,83.96056599949932
3716,TWSE,11508,631760.0,-5.682545986029145,-1.1883795932795085
3717,TWSE,11508,505042.0,-1.6086140826302018,10.007209773926757
4104,TWSE,11508,944347.0,11.961354329439047,32.2453706621182
4106,TWSE,11508,230905.0,4.621079626290178,14.040676425848002
4108,TWSE,11508,12674.0,6.5668880854284035,25.833995234312948
4119,TWSE,11508,148954.0,-21.9302291452651,187.52268077056712
4133,TWSE,11508,26735.0,1.619217758181611,-14.661006128702757
4137,TWSE,11508,288042.0,-9.579133404696805,-10.712890806628602
4142,TWSE,11508,97916.0,-68.23126713495449,34.461213111602426
4148,TWSE,11508,368353.0,4.360526062295658,51.949525200273904
4155,TWSE,11508,197289.0,29.083735720174303,49.34935162264665
4164,TWSE,11508,327600.0,0.3279953694771368,15.423642820903094
4169,TWSE,11508,62177.0,0.6572663547619433,21.796278158667974
4178,TWSE,11508,31968.0,-1.3911595052284154,9.023941068139964
4190,TWSE,11508,162908.0,3.6000686817554546,-1.0165207405472079
4195,TWSE,11508,50421.0,-3.215218058968059,-29.985419704228285
4306,TWSE,11508,1215020.0,-4.700501745560018,6.505027129846337
4414,TWSE,11508,1507589.0,-3.6668956373105,15.254163430311852
4426,TWSE,11508,94351.0,4.149373013069587,17.51422984468607
4438,TWSE,11508,2650528.0,19.98676334315218,-5.9146926295119115
4439,TWSE,11508,801385.0,-1.5157566678423386,19.93047075162225
4440,TWSE,11508,51367.0,-7.073466360330698,-39.33341994307378
4441,TWSE,11508,802332.0,-18.97576034828026,20.55878866014236
4526,TWSE,11508,424301.0,-36.17499112499022,17.955753491682234
4532,TWSE,11508,1495749.0,-10.317765818139957,21.406128629300962
4536,TWSE,11508,868176.0,-15.131158342147607,7.735263240188523
4540,TWSE,11508,315648.0,3.1024007839294465,45.043492645538386
4545,TWSE,11508,278477.0,35.61949380774045,54.178385560845975
4551,TWSE,11508,801696.0,-2.807880638704648,33.50029974022514
4552,TWSE,11508,253410.0,-1.5776472781506339,-13.84070339115593
4555,TWSE,11508,167298.0,-8.52184183330326,25.53595413718325
4557,TWSE,11508,329916.0,-2.1000436210841174,4.218446939304149
4560,TWSE,11508,173870.0,2.1610886528156437,32.48550332604372
4562,TWSE,11508,64580.0,22.83171028606208,-0.9888846301264852
4564,TWSE,11508,59103.0,-33.3073798239675,-12.182401711687618
4566,TWSE,11508,595992.0,7.4405373541150635,53.94780686006835
4569,TWSE,11508,146683.0,-18.674354780583815,3.6233522189411813
4571,TWSE,11508,288890.0,-11.70492715175114,-4.012413362306706
4572,TWSE,11508,83629.0,40.43728694016692,48.85107594824057
4576,TWSE,11508,426932.0,16.35338909374344,98.0452097433352
4581,TWSE,11508,108676.0,9.87584421887006,20.547519744431625
4582,TWSE,11508,177778.0,68.78673084774084,66.87285868493922
4583,TWSE,11508,261171.0,-16.242756214342293,23.63241308793456
4585,TWSE,11508,152564.0,7.069218406776568,-6.109261436017995
4588,TWSE,11508,105082.0,-27.02182775312346,28.731210721679794
4590,TWSE,11508,135802.0,51.62226737824621,62.92394994781232
4720,TWSE,11508,357499.0,-2.284232047581562,25.115141249265054
4722,TWSE,11508,410463.0,-7.275203990349427,24.140840725495472
4736,TWSE,11508,397209.0,5.46706353104862,42.68640953520201
4737,TWSE,11508,149989.0,2.931003719513032,-10.3156522623041
4739,TWSE,11508,872233.0,-10.597697685693406,34.3964560862866
4746,TWSE,11508,460577.0,18.631726170085077,25.693381255304576
4755,TWSE,11508,444823.0,9.100920491419293,10.875065118284716
4763,TWSE,11508,1039878.0,-1.7820154994828783,20.823040868540726
4764,TWSE,11508,267871.0,-8.958328376876514,22.74541430489431
4766,TWSE,11508,2220723.0,-7.343514718196941,14.169708915756306
4770,TWSE,11508,492005.0,-6.560275606402455,-29.499451190329488
4771,TWSE,11508,436901.0,38.88744071309589,70.6377909701609
4807,TWSE,11508,343097.0,41.193343155087696,105.4337738232811
4904,TWSE,11508,9546971.0,3.184026411386571,15.651609823935727
4906,TWSE,11508,1652106.0,6.5921601721881995,56.09452372021568
4912,TWSE,11508,657064.0,-10.0516091938288,32.22226470452108
4915,TWSE,11508,6126615.0,4.59806262039478,20.37763660684673
4916,TWSE,11508,553276.0,6.285995305001979,82.95982513400992
4919,TWSE,11508,2525998.0,-1.5660978720568688,12.097435203326537
4927,TWSE,11508,1378879.0,16.108890898588214,35.519426974762084
4930,TWSE,11508,644594.0,21.952853034660208,31.426416017616116
4934,TWSE,11508,23966.0,43.6638292770651,192.98288508557457
4935,TWSE,11508,400352.0,7.422254420564007,-18.427358229147988
4938,TWSE,11508,88304931.0,2.6620623152055276,34.11291108532581
4942,TWSE,11508,410137.0,-8.984450416423485,-13.498025882869051
4943,TWSE,11508,181652.0,-11.117852564416218,42.405142677955475
4949,TWSE,11508,309939.0,-14.959625309703918,107.5919947488982
4952,TWSE,11508,225075.0,-10.144320019162825,44.886253910625314
4956,TWSE,11508,106246.0,-11.58029643561555,-15.939965029708924
4958,TWSE,11508,20666117.0,17.41747670782486,41.05228119001421
4960,TWSE,11508,605302.0,-5.799102036369861,-13.901583847176884
4961,TWSE,11508,2109978.0,7.2526415686091115,50.151362691195914
4967,TWSE,11508,3513003.0,38.03916961239043,275.0567709273065
4968,TWSE,11508,322369.0,0.7355905191944128,-2.4357100270264547
4976,TWSE,11508,99629.0,2.738906705990327,13.2611068164249
4977,TWSE,11508,207991.0,14.773918705647342,106.21752924846322
4989,TWSE,11508,408656.0,20.383784882504912,101.82935261463086
4994,TWSE,11508,85757.0,-4.223857760305565,-10.942530168027083
4999,TWSE,11508,107462.0,-27.896725018283806,-26.9358643994044
5007,TWSE,11508,496958.0,-7.494336574097342,3.507039906689994
5203,TWSE,11508,167998.0,-3.641035641769814,-21.73033917256802
5215,TWSE,11508,222555.0,-23.869614892554406,5.255814833382204
5222,TWSE,11508,69507.0,5.617687281568151,59.944312768944016
5225,TWSE,11508,1183105.0,5.491114299241834,-8.967064082884173
5234,TWSE,11508,453005.0,1.2532465500516319,18.52409047500687
5236,TWSE,11508,176977.0,-2.1415537738457284,13.223975893594018
5243,TWSE,11508,1373168.0,7.9636443689656256,54.12471687397441
5244,TWSE,11508,92502.0,2.933256181425678,29.767265687471067
5258,TWSE,11508,624428.0,-27.485181813114327,3.2102160970304428
5269,TWSE,11508,882349.0,12.658898575594609,-32.50801819573959
5283,TWSE,11508,544641.0,-22.234025692537685,7.987413652261498
5284,TWSE,11508,362392.0,-13.868151665751615,13.16863560706133
5285,TWSE,11508,549909.0,-9.049576183584866,19.926592779660574
5288,TWSE,11508,810855.0,-4.663841734840486,60.09646994248528
5292,TWSE,11508,237861.0,-14.674209378407852,8.90323466794863
5306,TWSE,11508,398423.0,-19.13706531578157,12.064838592632388
5388,TWSE,11508,7044125.0,-11.724681636778826,45.05455923264947
5434,TWSE,11508,7791761.0,-4.673631137052619,36.335554628193385
5469,TWSE,11508,6543125.0,-0.7042382834225986,26.409668850860886
5471,TWSE,11508,272168.0,-13.802692003167062,20.442707757121426
5484,TWSE,11508,48419.0,-5.268821411801534,12.938514648255271
5515,TWSE,11508,638006.0,-8.580066916469045,-4.37832255975924
5519,TWSE,11508,114356.0,2.2935451552883928,-92.5171145256551
5521,TWSE,11508,607379.0,-23.633650133463423,-12.630846088894067
5522,TWSE,11508,3244058.0,-8.695192060338902,-46.73673080364693
5525,TWSE,11508,554750.0,20.578166603271207,1699.2086400934063
5531,TWSE,11508,74564.0,18.26357277672921,-14.068064215002709
5533,TWSE,11508,155966.0,182.76737313486956,189.42621733966746
5534,TWSE,11508,623750.0,-31.21317354571691,88.58141426234812
5538,TWSE,11508,1275862.0,-3.7971075688799747,20.917365460142236
5546,TWSE,11508,167645.0,7.520571578832599,32.806001600215474
5607,TWSE,11508,486055.0,-5.601875319237365,33.496752221260934
5608,TWSE,11508,371487.0,2.5852951328960994,39.146736585822644
5706,TWSE,11508,213993.0,-29.036119806865813,-7.7087295734192445
5871,TWSE,11508,8169021.0,-3.476776706875711,-0.6827451029023324
5876,TWSE,11508,4547978.0,-12.815193387111616,7.060368875130942
5880,TWSE,11508,6278514.0,-10.431685927698695,23.602041097562417
5906,TWSE,11508,123471.0,-6.916204907836707,-5.6371181609054855
5907,TWSE,11508,229668.0,13.461120442644008,3.798646859167597
6005,TWSE,11508,3030550.0,48.11666933847363,45.34586757893414
6024,TWSE,11508,220011.0,-46.43754443027004,7.8009701602234305
6108,TWSE,11508,599097.0,-8.513997840730182,45.69444140456857
6112,TWSE,11508,2129820.0,-4.132637628554144,18.78872114528698
6115,TWSE,11508,732630.0,-1.735584854540821,10.76371827919599
6116,TWSE,11508,934086.0,7.123639574756012,8.002552973034222
6117,TWSE,11508,281886.0,2.484248490290962,2.448863884164159
6120,TWSE,11508,1337803.0,33.67603269449829,-3.0908291445455935
6128,TWSE,11508,364657.0,-16.9236482268728,4.958710988432169
6133,TWSE,11508,121423.0,-10.270394099954922,2.1503024388602388
6136,TWSE,11508,65600.0,4.488547672899876,31.718972752645424
6139,TWSE,11508,11018647.0,0.8238097120440502,41.68738766970338
6141,TWSE,11508,272679.0,6.974052773222651,98.63848944446873
6142,TWSE,11508,222688.0,33.80842792162141,49.47108414326371
6152,TWSE,11508,312169.0,3.2810370154705346,118.48334266517357
6153,TWSE,11508,568307.0,0.48091628697264965,15.951204384178762
6155,TWSE,11508,75032.0,16.197172192712124,50.04599448066232
6164,TWSE,11508,55352.0,-15.733706821745551,-12.054528988385579
6165,TWSE,11508,286160.0,3.4775785320908503,5.857372209850329
6166,TWSE,11508,1528587.0,7.156241522099848,47.83425710381272
6168,TWSE,11508,221377.0,7.69563821403205,18.51905389054854
6176,TWSE,11508,3816244.0,1.4776336694875256,-13.630346581340595
6177,TWSE,11508,1109448.0,0.7307978307588803,-8.722566122678671
6183,TWSE,11508,226822.0,-34.58177350415025,5.565872206941167
6184,TWSE,11508,175750.0,-0.2678439695384231,-0.5832074713911563
6189,TWSE,11508,2484787.0,-10.669814522414631,11.831882244660527
6191,TWSE,11508,3801319.0,-3.026339621678848,20.44511842142368
6192,TWSE,11508,638643.0,-30.320758237166235,12.994361278063124
6196,TWSE,11508,7219605.0,-3.976329003076118,83.88589994276812
6197,TWSE,11508,842399.0,0.9216418715092499,25.34617547890212
6201,TWSE,11508,346475.0,5.880860920878523,33.248340525032496
6202,TWSE,11508,361687.0,-1.0332099282280285,43.72792046000946
6205,TWSE,11508,120067.0,-8.505044655104093,24.992973068634903
6206,TWSE,11508,583281.0,2.603429138352909,62.175214994119465
6209,TWSE,11508,556720.0,6.196648449645674,106.76387351719937
6213,TWSE,11508,5044034.0,6.2086586004218836,97.92882458381861
6214,TWSE,11508,5900133.0,24.35655889130407,61.91075076871571
6215,TWSE,11508,407379.0,7.728332901410536,132.81593791254951
6216,TWSE,11508,50799.0,-19.861490163908563,-24.322915114858624
6224,TWSE,11508,319050.0,0.3500693533624586,36.500738015273704
6225,TWSE,11508,3234.0,17.47184889211769,139.20118343195267
6226,TWSE,11508,53179.0,-11.455402187848616,13.05780555732721
6230,TWSE,11508,759277.0,-3.7073721322494326,-0.8590387749132996
6235,TWSE,11508,538434.0,-2.1221287456281313,7.298593688036683
6239,TWSE,11508,8557545.0,3.4753008204342057,24.459768182447533
6243,TWSE,11508,31782.0,-0.2448210922787194,-32.53518435967649
6257,TWSE,11508,2068935.0,2.718170020047801,28.584107151402755
6269,TWSE,11508,1997131.0,-2.349282067379954,1.3293210163115807
6271,TWSE,11508,1173962.0,3.8657169222547907,23.09255412735144
6272,TWSE,11508,298226.0,-3.710161211686798,-12.112246040680644
6277,TWSE,11508,474000.0,-0.554085779444068,17.102961667309003
6278,TWSE,11508,4628384.0,-0.8486080860806038,10.869800594642088
6281,TWSE,11508,1696566.0,-12.125759125694382,3.3337150207816633
6282,TWSE,11508,3708827.0,13.649726786672975,38.4733395585149
6283,TWSE,11508,99632.0,-36.27508043006901,-12.688522578892481
6285,TWSE,11508,15703833.0,-7.148302718672684,81.21065327804487
6405,TWSE,11508,11.0,,-91.85185185185185
6409,TWSE,11508,1778833.0,-11.67551732270758,-3.1618791081128457
6412,TWSE,11508,2469056.0,-2.4551201011378003,-19.665420082733956
6414,TWSE,11508,15486280.0,-5.575050411194746,43.05877710143918
6415,TWSE,11508,2416636.0,2.5369954638471888,52.53892158873933
6416,TWSE,11508,548128.0,21.452660034122886,109.34019768099115
6426,TWSE,11508,73340.0,-6.326236061972335,78.20867959372114
6431,TWSE,11508,41889.0,17.191696508504926,185.89271089271088
6438,TWSE,11508,611320.0,-4.193080750695451,15.539377169954319
6442,TWSE,11508,1628177.0,32.44156488565142,152.24399939889415
6443,TWSE,11508,66546.0,-1.4512928353523087,-22.984514964238596
6446,TWSE,11508,2617220.0,4.384664840520659,105.4274761466709
6449,TWSE,11508,463542.0,-8.357765753226957,21.16686053350411
6451,TWSE,11508,691843.0,-10.973466131356805,49.80825821371576
6456,TWSE,11508,4210995.0,3.183196825550846,-29.980618692054364
6464,TWSE,11508,343929.0,-0.21643577282947704,-2.996722643095269
6472,TWSE,11508,2184612.0,14.885070860129273,59.21841576870238
6477,TWSE,11508,74252.0,16.576129619744403,-17.29837497076284
6491,TWSE,11508,750382.0,0.6425774989236727,18.878799016501482
6504,TWSE,11508,538854.0,3.9542245981051667,4.360305225239183
6505,TWSE,11508,81905673.0,9.469141242793931,50.28664779657053
6515,TWSE,11508,1705663.0,6.5805563904418465,233.36649415222965
6525,TWSE,11508,609229.0,-0.8035313043421627,30.531915805351296
6526,TWSE,11508,2339350.0,2.2055444001139426,26.112143768975987
6531,TWSE,11508,1030931.0,-6.610617208349262,150.82441845471112
6533,TWSE,11508,114014.0,-5.211087278229494,-25.725230125795587
6534,TWSE,11508,39892.0,-35.90411002924259,-33.381206058683055
6541,TWSE,11508,73181.0,36.05703980515738,210.1415494151551
6550,TWSE,11508,4496.0,225.90310837300476,202.55720053835802
6552,TWSE,11508,83012.0,-6.836954569940743,-21.342480291085508
6558,TWSE,11508,117600.0,85.8847704101794,35.96004439511654
6573,TWSE,11508,63885.0,-16.094248676762238,16.949804122578993
6579,TWSE,11508,984940.0,7.770802946863022,26.581888048528153
6581,TWSE,11508,374152.0,314.52692222468426,88.18440615223668
6582,TWSE,11508,47032.0,10.668737352345993,6.735657225853304
6585,TWSE,11508,281348.0,-4.536216098833797,12.093962779838481
6589,TWSE,11508,163669.0,-22.72437546919485,125.90614216701174
6591,TWSE,11508,82234.0,2.473551072287505,-46.169606912578146
6592,TWSE,11508,1872507.0,-1.5188394150372413,-4.047563534623455
6598,TWSE,11508,60941.0,32.613047830439136,63.9962325080732
6605,TWSE,11508,1782033.0,3.113006174514663,28.251422830345653
6606,TWSE,11508,94969.0,4.901029470242566,54.917377616103614
6614,TWSE,11508,425782.0,-0.24903653551054833,27.275009939109875
6625,TWSE,11508,377461.0,0.4043187627845859,-12.354731824208383
6641,TWSE,11508,161138.0,-4.205976945895977,17.2714437506368
6645,TWSE,11508,69639.0,10.277280717034316,26.983461278970115
6655,TWSE,11508,287879.0,-6.22161848731831,30.185411296522407
6657,TWSE,11508,803.0,30.781758957654723,153.3123028391167
6658,TWSE,11508,207618.0,4.4387657575178325,104.05118528128317
6666,TWSE,11508,80589.0,-14.854884890490126,15.88869715271786
6668,TWSE,11508,97342.0,-9.61661668167764,-1.1033445767464543
6669,TWSE,11508,144311808.0,22.62493783220418,50.35813251850269
6670,TWSE,11508,2676459.0,13.125124686803655,45.01593222047094
6671,TWSE,11508,141846.0,-5.693770361013231,-11.406050915631948
6672,TWSE,11508,805877.0,21.127135266753342,133.2447678339368
6674,TWSE,11508,19922.0,-59.519648880399885,-45.45653661875428
6689,TWSE,11508,1187205.0,-10.949116995805506,20.27846698282858
6691,TWSE,11508,5287292.0,10.989564156486013,213.69818881487726
6695,TWSE,11508,85386.0,-15.992562056650367,-6.004997743309739
6698,TWSE,11508,68519.0,-1.0184329134404253,-42.385665155935996
6706,TWSE,11508,77628.0,17.14781558892326,120.52782591403653
6715,TWSE,11508,164842.0,6.632425334273461,113.01819497570557
6719,TWSE,11508,353609.0,16.29464946409132,-15.967442965779467
6722,TWSE,11508,396269.0,4.6478586839693765,1.5704538347576011
6742,TWSE,11508,31645.0,2.9373495543556047,-6.885390613505958
6743,TWSE,11508,717916.0,-9.32106624631179,12.676489606810348
6753,TWSE,11508,509671.0,-1.8243563418101405,40.14039583596839
6754,TWSE,11508,332065.0,6.280865827468226,-7.789434515544991
6756,TWSE,11508,189130.0,6.712030423056524,96.9406668471583
6757,TWSE,11508,1787712.0,0.9961702274305271,22.013048217250976
6768,TWSE,11508,1199166.0,-17.40319637753981,6.8641106598903345
6770,TWSE,11508,7008845.0,5.097735257913507,76.19282844889565
6771,TWSE,11508,50932.0,-2.0632631477742525,3.0824343743042766
6776,TWSE,11508,3246279.0,-6.843488127439552,41.523879775203014
6781,TWSE,11508,1750881.0,1.611855793052898,26.639774680160397
6782,TWSE,11508,489730.0,5.164716467781455,64.05265978828889
6789,TWSE,11508,918686.0,0.4368693218467459,17.992794713554545
6790,TWSE,11508,840811.0,-0.023067639312489223,-4.102506783335862
6792,TWSE,11508,130904.0,-2.7466363548562045,15.394922425952045
6794,TWSE,11508,1540.0,-36.49484536082474,74.40543601359003
6796,TWSE,11508,61075.0,-29.411832691885394,24.58437876098974
6799,TWSE,11508,83650.0,-5.590104172544947,1.850724461220017
6805,TWSE,11508,1528275.0,12.37026988276037,29.136067855214495
6807,TWSE,11508,340849.0,-10.532214796810281,8.784836144055355
6830,TWSE,11508,254051.0,5.5243799610385835,31.952610475141796
6831,TWSE,11508,512355.0,-7.381229132282574,29.10220228796049
6834,TWSE,11508,255202.0,5.030908148062788,114.30418863995163
6835,TWSE,11508,167667.0,-21.581310509330713,-8.432228150753385
6838,TWSE,11508,0.0,,
6854,TWSE,11508,58834.0,3.4789644012944985,-47.64214329574883
6861,TWSE,11508,283520.0,-2.5054503689745053,52.47437428070515
6862,TWSE,11508,173128.0,-9.86625294800577,0.9469166899897379
6863,TWSE,11508,440322.0,-22.209953731103333,78.90177755205688
6869,TWSE,11508,525956.0,-9.441434182003508,63.12506784523533
6873,TWSE,11508,462577.0,73.13244579517256,-27.718955576042628
6885,TWSE,11508,1103.0,31.466030989272944,157.1095571095571
6887,TWSE,11508,277211.0,-6.707253458795656,-5.979494032376772
6890,TWSE,11508,2717659.0,-11.959693342857651,3.132776012511067
6901,TWSE,11508,1376.0,100.1484505474114,-87.74164810690424
6902,TWSE,11508,111984.0,2.0392542780602483,29.54663766875282
6906,TWSE,11508,26312.0,12.094747156307246,1.1961078420060767
6908,TWSE,11508,357210.0,-12.971341280688803,-12.759004718501803
6909,TWSE,11508,60579.0,98.6457240293809,29.348336678481445
6914,TWSE,11508,533329.0,5.12177142136302,7.0307749425541095
6916,TWSE,11508,243089.0,-4.191940092619962,52.96023860611743
6918,TWSE,11508,76593.0,-10.968394378639761,11.030093934825468
6919,TWSE,11508,0.0,,-100.0
6921,TWSE,11508,12215.0,10.763511062749366,45.3128717582679
6923,TWSE,11508,118302.0,8.356002527958672,19.132352496903415
6924,TWSE,11508,242632.0,31.039101317779217,84.98932601402866
6928,TWSE,11508,107319.0,-41.064603286178716,-44.998744368878796
6931,TWSE,11508,112065.0,-0.290945974802477,19.001603466035192
6933,TWSE,11508,1356656.0,-5.750601626197,191.25977642237152
6934,TWSE,11508,41.0,-14.583333333333334,-16.3265306122449
6936,TWSE,11508,113809.0,-21.815683715178785,-6.216574785955023
6937,TWSE,11508,265278.0,27.865154458299394,123.29046160061951
6944,TWSE,11508,1985567.0,10.36985856681334,37.21291990021215
6947,TWSE,11508,163733.0,-9.221301250242563,48.04604144815364
6949,TWSE,11508,6496.0,157.77777777777777,164.71067644661775
6951,TWSE,11508,80618.0,-3.0602551615502085,2.513955824569881
6952,TWSE,11508,218630.0,7.731349167241549,17.09540412723407
6955,TWSE,11508,30724.0,16.51118695487296,21.395550989766488
6957,TWSE,11508,244936.0,10.670022275337631,-31.15114445453242
6958,TWSE,11508,821737.0,-2.305356616353278,-4.484282519446343
6962,TWSE,11508,1913683.0,-0.8903735353143005,7.157863968723087
6965,TWSE,11508,1887952.0,1.0057496630826903,2.417338481092725
6969,TWSE,11508,22540.0,-0.8489860555140105,-17.074426989441154
6988,TWSE,11508,53939.0,-0.3104958692960245,-11.128136687921177
6994,TWSE,11508,155740.0,-25.439373411146274,-24.752016002396495
7610,TWSE,11508,1134242.0,16.824373387441483,852.6321978095814
7631,TWSE,11508,158117.0,-5.238018183234746,132.46346555323592
7689,TWSE,11508,431722.0,-17.001916721617814,4.299319201982963
7705,TWSE,11508,627104.0,13.103592562733226,7.902411829786795
7711,TWSE,11508,2154323.0,-58.118031897065904,1.656986949841639
7721,TWSE,11508,54852.0,-12.333583723569179,47.598417781126386
7722,TWSE,11508,756241.0,4.34522848599998,8.655628320771036
7730,TWSE,11508,51542.0,47.61713827471646,167.6950244105121
7732,TWSE,11508,87711.0,54.92537313432836,4.350774502105789
7736,TWSE,11508,119243.0,23.697341258726752,-17.854092036373657
7740,TWSE,11508,574227.0,-37.87123222753943,869.634082504517
7749,TWSE,11508,198991.0,-4.38641168556602,60.497322235127115
7750,TWSE,11508,2436613.0,-15.09207195704656,151.06754140387284
7760,TWSE,11508,98644.0,16.350168667877615,-5.361117507099547
7765,TWSE,11508,146576.0,-30.363395364084244,3.3477169529289
7768,TWSE,11508,187491.0,3.1405749744199096,6.360975277686382
7769,TWSE,11508,5218962.0,-0.5134678562183252,91.58397305250298
7780,TWSE,11508,203124.0,2.981079272373304,38.13824433502897
7786,TWSE,11508,1562812.0,3.986149481270926,8.57452908903835
7788,TWSE,11508,872043.0,-11.593011326079992,66.40771696817036
7791,TWSE,11508,268378.0,1.0022016069849276,-6.797984393286405
7795,TWSE,11508,359809.0,95.7334653422258,111.49808375067597
7799,TWSE,11508,334.0,,-62.217194570135746
7803,TWSE,11508,7043.0,418.2487122884474,-88.96945967110415
7818,TWSE,11508,1054334.0,-4.137946710672868,11.538575466747913
7821,TWSE,11508,757582.0,-27.918257209297014,23.248595199437755
7822,TWSE,11508,301952.0,10.572321032953592,74.62048704884945
7823,TWSE,11508,28208.0,-7.0025056046419625,1.9959502458779288
7827,TWSE,11508,0.0,-100.0,
7835,TWSE,11508,24707.0,-6.903048343946645,-26.552513451648384
7855,TWSE,11508,2576461.0,-4.67317555422852,1.3632411549250338
8011,TWSE,11508,138482.0,8.647418798054291,-11.08471485624029
8016,TWSE,11508,1908016.0,-6.27026065786132,23.692006892465354
8021,TWSE,11508,770701.0,5.504950115539201,97.75305404524683
8028,TWSE,11508,505365.0,-1.8062375039103409,25.566192675709186
8033,TWSE,11508,176140.0,49.00222479761109,74.95555092026977
8039,TWSE,11508,806704.0,-4.783914734400727,-13.8285894962624
8045,TWSE,11508,132509.0,-4.3981097363009996,23.41228078345177
8046,TWSE,11508,5352700.0,-1.6002754537845574,40.59000155490278
8070,TWSE,11508,2232762.0,0.03221264106471067,37.57073355876061
8072,TWSE,11508,113421.0,2.5599059589474638,14.526177613974857
8081,TWSE,11508,804526.0,-4.056793680474728,10.566033068414043
8101,TWSE,11508,25872.0,-44.019387225203396,-60.34699445176716
8103,TWSE,11508,403097.0,1.9303955110844757,51.59721699887176
8104,TWSE,11508,262750.0,-16.677237267711043,15.685704725172153
8105,TWSE,11508,707124.0,-0.3070624360286592,-10.428499769460334
8110,TWSE,11508,798331.0,16.06144926524892,24.848656400375955
8112,TWSE,11508,40741046.0,-47.002535695750645,154.83476822766156
8114,TWSE,11508,1542429.0,-21.60283208510487,38.75169005988412
8131,TWSE,11508,1135080.0,4.374788506525033,29.24867970676851
8150,TWSE,11508,2785705.0,-1.3216016640370893,33.26544973719624
8162,TWSE,11508,126321.0,0.15063703609739082,5.257851363625001
8163,TWSE,11508,2319492.0,-8.292454572088626,11.180070633980236
8201,TWSE,11508,30334.0,-11.304093567251462,19.83092359958916
8210,TWSE,11508,2456984.0,-0.21589570726556473,40.54388607233624
8213,TWSE,11508,2100473.0,-4.046761645072152,35.04738452834071
8215,TWSE,11508,1598251.0,-3.942256605787562,4.878650572050095
8222,TWSE,11508,62107.0,-32.08341534894911,-17.477843770345864
8249,TWSE,11508,271912.0,-21.306047793106842,-3.8170801158813314
8261,TWSE,11508,285265.0,-2.5604503332069504,-3.0047398521601347
8271,TWSE,11508,2789279.0,-0.06850122402945552,177.10455204752728
8341,TWSE,11508,386314.0,3.4986805267176595,3.971945009635156
8367,TWSE,11508,269268.0,-15.03275398538377,-5.0123995950288736
8374,TWSE,11508,476925.0,-7.715572205054577,35.40504399226622
8404,TWSE,11508,698707.0,-2.7351379192738965,-3.6026875638089457
8411,TWSE,11508,1192222.0,21.437956962742195,42.410299412069655
8422,TWSE,11508,700892.0,22.35004137150917,105.8498562353335
8429,TWSE,11508,11908.0,-6.669801708597853,7.376014427412083
8438,TWSE,11508,482910.0,1.7419444549786998,44.483904844254425
8442,TWSE,11508,815007.0,-4.685681807284291,36.94857667122038
8443,TWSE,11508,85703.0,15.361214682801416,-14.58655159010953
8454,TWSE,11508,9149783.0,6.955448550812816,7.796143351300176
8462,TWSE,11508,622404.0,-0.5647515173203779,16.74722999094014
8463,TWSE,11508,594449.0,3.694962382275624,-1.6081699535722858
8464,TWSE,11508,2815597.0,-6.274140110256828,17.761139033659997
8466,TWSE,11508,214111.0,-9.120196266521788,-12.06434866891731
8467,TWSE,11508,196630.0,-33.08695666969533,-26.977725290967566
8473,TWSE,11508,358372.0,-18.784574208914904,4.9802121445582666
8476,TWSE,11508,5846.0,94.41303624875292,-94.32823657249301
8478,TWSE,11508,535312.0,39.98927810248565,-16.801183687615886
8481,TWSE,11508,111921.0,-0.6497829618385662,5.552988220648289
8482,TWSE,11508,237573.0,-21.153558947399862,-29.03502352326189
8487,TWSE,11508,93137.0,-65.8702558897142,4.9052735914937715
8488,TWSE,11508,385646.0,21.703263757834343,24.98128421100391
8499,TWSE,11508,372324.0,-1.182128468222667,91.24333542216698
8926,TWSE,11508,7034538.0,14.432225970907743,1263.6234640055363
8940,TWSE,11508,66286.0,-14.738114838444124,-3.7575863170427155
8996,TWSE,11508,1203933.0,30.48416219953916,112.8353580924365
9105,TWSE,11508,11805184.0,-15.415274079617168,42.16849274964031
912000,TWSE,11508,123881.0,71.15126897942831,62.91985586154291
9802,TWSE,11508,1694201.0,-20.985696096857993,35.30919354426498
9902,TWSE,11508,2187.0,-0.04570383912248629,-81.59245854726034
9904,TWSE,11508,20621794.0,5.40982401566677,4.325261712464019
9905,TWSE,11508,1057769.0,-5.096055153207342,37.83012180693314
9906,TWSE,11508,60709.0,10.492501456027956,-56.33325661017925
9907,TWSE,11508,3489458.0,-6.882132362124121,-10.052626097966616
9908,TWSE,11508,268281.0,1.7611269999013799,4.842315057251162
9910,TWSE,11508,7370345.0,-0.3241949188816222,-2.793276563922958
9911,TWSE,11508,868810.0,-4.616830412476959,6.787989930972094
9912,TWSE,11508,36061.0,-4.393127949520123,-2.3557444964934606
9914,TWSE,11508,1958658.0,-20.269202540595924,-20.71462400673578
9917,TWSE,11508,1635841.0,1.1214694451810874,4.401433170206194
9918,TWSE,11508,152105.0,10.31054188906939,15.499684873151953
9919,TWSE,11508,226170.0,1.211386225012642,12.168582679508416
9921,TWSE,11508,5185838.0,-9.93938345625446,3.2102659409215217
9924,TWSE,11508,623420.0,-17.839487705971273,4.203265064610972
9925,TWSE,11508,724802.0,5.492646973207736,6.56580582081762
9926,TWSE,11508,179837.0,-1.2047464703620283,0.625
9927,TWSE,11508,789942.0,-20.84011836774369,25.592953558993276
9928,TWSE,11508,63907.0,-11.50943657486257,-3.412680420161717
9929,TWSE,11508,66794.0,-1.4517985186933813,29.17786760013151
9930,TWSE,11508,1150595.0,-3.9042312054534127,6.032136004821506
9931,TWSE,11508,138867.0,-10.725168756027001,17.86569115075795
9933,TWSE,11508,6996004.0,7.612155921249358,5.247920692818564
9934,TWSE,11508,1191015.0,-19.740761206501524,-15.053887679973297
9935,TWSE,11508,433318.0,-8.689037239333098,-4.679800788399268
9937,TWSE,11508,2013456.0,-2.441416328664535,5.035063750138893
9938,TWSE,11508,1440671.0,-2.5026866948374855,-3.176222553330766
9939,TWSE,11508,2842874.0,1.6108336317814744,7.083775768764128
9940,TWSE,11508,963986.0,10.863262440384254,26.24243876694443
9941,TWSE,11508,3323255.0,-3.3452540431623543,1.8678112914087854
9942,TWSE,11508,378507.0,-3.6561619462877126,13.633347843708252
9943,TWSE,11508,190552.0,-1.6028421530962118,-5.754573736194711
9944,TWSE,11508,175295.0,-9.794729556576733,9.651893785381416
9945,TWSE,11508,3463476.0,4.289556910092957,37.99192959753171
9946,TWSE,11508,67586.0,50.54908337602744,185.25724897649096
9955,TWSE,11508,191008.0,72.3821127205451,48.63394781688442
9958,TWSE,11508,1804740.0,-6.56113025028657,91.07038120062421
1240,TPEx,11508,251724.0,3.7990029318257728,9.195965730398004
1259,TPEx,11508,557241.0,1.1642472786423348,7.409599074787972
1264,TPEx,11508,574572.0,-3.1487462326296414,9.223630408458495
1268,TPEx,11508,593410.0,7.617812678521232,19.991830825288854
1294,TPEx,11508,51332.0,-26.583618186758965,-24.99707773232028
1295,TPEx,11508,75012.0,-4.63768115942029,-0.621348418807382
1336,TPEx,11508,314788.0,-2.94386068768191,46.14113277623027
1565,TPEx,11508,302119.0,-0.40678681272313116,-12.465050515586384
1569,TPEx,11508,208971.0,0.8430490676755588,-25.280237992226635
1570,TPEx,11508,30262.0,-19.652718776550554,-44.00695703659845
1580,TPEx,11508,374472.0,-14.993575803251597,-10.070892009759659
1584,TPEx,11508,210511.0,7.690930390787663,5.5272326240068175
1586,TPEx,11508,209678.0,-4.347905423591184,12.520794650810858
1591,TPEx,11508,53841.0,26.71750335380922,927.8923253150057
1593,TPEx,11508,115295.0,-5.810125237935739,21.90596022288717
1595,TPEx,11508,87427.0,-21.60419655667145,35.61091377251082
1599,TPEx,11508,292257.0,17.30303796553842,98.4969606411519
1742,TPEx,11508,8002.0,119.05283328770874,52.506194015627976
1777,TPEx,11508,134826.0,32.09429008112239,17.68207527407304
1780,TPEx,11508,74837.0,-9.329149351200067,12.477643345607575
1781,TPEx,11508,29128.0,38.06047966631908,33.16265886440523
1784,TPEx,11508,109060.0,-9.87149291351597,14.37740558567818
1785,TPEx,11508,4515809.0,-14.166459486604003,30.70899895422589
1788,TPEx,11508,383189.0,5.602436201289754,8.941288853382764
1796,TPEx,11508,57338.0,-11.300527512646381,-10.893889475974389
1799,TPEx,11508,107765.0,59.20137093557489,82.42065171392298
1813,TPEx,11508,22715.0,-0.2809605338250143,0.5800566772936592
1815,TPEx,11508,912400.0,6.791014292252034,79.20696400933353
2035,TPEx,11508,669227.0,-23.96936175240597,-27.548214436507646
2061,TPEx,11508,119426.0,-5.2783528049428545,42.421351396474826
2063,TPEx,11508,60563.0,-31.41456122668539,-16.94938496770566
2064,TPEx,11508,128613.0,-10.374216027874564,-8.557472857965573
2065,TPEx,11508,205027.0,-14.621531696225937,28.712231073946427
2066,TPEx,11508,223565.0,5.880709265538863,11.854646246829205
2067,TPEx,11508,80111.0,6.079184322033898,-0.8858426021007831
2070,TPEx,11508,74081.0,-30.281955241017148,15.818520081922362
2073,TPEx,11508,153282.0,4.260702771089254,249.78321391082105
2221,TPEx,11508,198738.0,42.19236300414261,81.31871139616996
2230,TPEx,11508,39324.0,-70.62172217490699,-84.12389530588268
2235,TPEx,11508,46590.0,60.45598567295771,-7.104260961457939
2596,TPEx,11508,446189.0,204.39964524491745,1287.8783165883854
2640,TPEx,11508,298693.0,2.151839425993755,19.243006734772905
2641,TPEx,11508,194097.0,-1.3549295345161438,-41.239884839292685
2643,TPEx,11508,799777.0,13.52986100070408,7.804528243900269
2718,TPEx,11508,27289.0,40.52731860548947,-93.09852102132481
2719,TPEx,11508,119493.0,-0.7904022582921666,-22.944032810353832
2724,TPEx,11508,23752.0,-30.5192335819804,227.70419426048565
2726,TPEx,11508,49619.0,5.3839945629088435,11.019376202622276
2729,TPEx,11508,612073.0,20.88539969387251,2.4422533938317703
2732,TPEx,11508,478705.0,7.127591724384867,15.261448373667596
2734,TPEx,11508,237457.0,9.836164150384842,53.642139862311716
2736,TPEx,11508,44339.0,-0.8430986671437517,24.93730451689256
2740,TPEx,11508,4020.0,16.996507566938302,-58.91670924885028
2743,TPEx,11508,492260.0,-12.363095153319186,0.6234541403487255
2745,TPEx,11508,785145.0,-16.266115795906224,10.416467438079755
2751,TPEx,11508,203166.0,13.128309640345455,4.761462780768516
2752,TPEx,11508,404580.0,11.34350867729702,8.786430870415135
2754,TPEx,11508,578697.0,14.079317767842358,6.981864566579779
2755,TPEx,11508,310020.0,-0.38109805080878906,15.218659758948382
2756,TPEx,11508,98218.0,-9.243961486573895,-17.56984717128398
2916,TPEx,11508,128438.0,13.444094084810585,2.3500067735020598
2924,TPEx,11508,2160.0,-26.754832146490337,-45.89178356713427
2926,TPEx,11508,614606.0,8.18699656396102,2.1399999002873384
2937,TPEx,11508,411926.0,-12.785377493314815,4.787779346485036
2938,TPEx,11508,56798.0,-11.772838125417463,-16.766072187458786
2941,TPEx,11508,71233.0,5.726159554730983,-21.628103992694545
2947,TPEx,11508,209064.0,-5.169191690102513,1.7506460891530027
2948,TPEx,11508,184412.0,-7.6397583965221925,-1.359692758646512
2949,TPEx,11508,619341.0,16.06666316846824,38.44446381748805
3064,TPEx,11508,6586.0,-4.0081620754991985,6.517871583373767
3066,TPEx,11508,18481.0,-13.973839780291394,18.89475038600103
3067,TPEx,11508,3313.0,-30.0464527027027,35.44562551103843
3071,TPEx,11508,194203.0,-24.919585556328773,4.522042400202367
3073,TPEx,11508,15672.0,-70.3636466783911,-29.309878213802435
3078,TPEx,11508,403049.0,-11.285803272121376,-49.33731714000558
3081,TPEx,11508,520469.0,3.8425011472237185,180.9018539007475
3083,TPEx,11508,32215.0,15.902140672782874,-9.04342424755774
3085,TPEx,11508,8236.0,53.85764991593499,0.7831620166421929
3086,TPEx,11508,7775.0,-13.19638271742771,-26.69243824250424
3088,TPEx,11508,945678.0,0.13320344761864425,78.52614807235602
3093,TPEx,11508,121580.0,-51.09983147581336,48.11836799337256
3095,TPEx,11508,52804.0,-0.536834372468873,7.631471667346107
3105,TPEx,11508,1937397.0,2.396766679932708,30.55209457123739
3114,TPEx,11508,244505.0,-18.143348320550118,3.854648940237013
3115,TPEx,11508,510.0,50.442477876106196,-21.174652241112828
3118,TPEx,11508,56813.0,-13.299658161396655,-16.226020024477638
3122,TPEx,11508,26899.0,20.682848041634887,8.154075027140042
3128,TPEx,11508,61165.0,-2.8818672594474437,-29.237479320198528
3131,TPEx,11508,681351.0,-14.067940900119183,43.346952343283206
3141,TPEx,11508,242126.0,12.266368681927565,79.77072598488336
3147,TPEx,11508,1535454.0,-1.9271524616990265,233.47826842384174
3152,TPEx,11508,155549.0,6.966812911744076,39.634819609145666
3158,TPEx,11508,110557.0,4.1114595398856775,39.40383572698501
3162,TPEx,11508,1137089.0,5.662490057166646,101.18952622424949
3163,TPEx,11508,205091.0,-2.3673737527610634,9.69016916881047
3169,TPEx,11508,87908.0,-3.6645772147459783,9.61507288302555
3171,TPEx,11508,219497.0,0.6087024279343078,13.468566968047435
3176,TPEx,11508,329175.0,241.3651494882245,197.40339528202162
3178,TPEx,11508,110092.0,-18.522794552989936,7.487576032727024
3188,TPEx,11508,153162.0,-30.943095075994968,-73.8039081541027
3191,TPEx,11508,19726.0,15.45124663467166,17.85159517266101
3205,TPEx,11508,35233.0,12.099904549793191,-0.37606740937623706
3206,TPEx,11508,311861.0,-11.072425582635425,46.20151986085913
3207,TPEx,11508,126732.0,-15.808354591836734,-24.329617444575142
3211,TPEx,11508,1676806.0,36.46637346467741,17.340478611401327
3213,TPEx,11508,389527.0,6.367983135221337,6.48953358356867
3217,TPEx,11508,298689.0,-12.333619988788152,-19.768941082930866
3218,TPEx,11508,396323.0,-2.3399594400459316,9.377552822731989
3219,TPEx,11508,247259.0,1.6781945735222759,19.72583901879228
3221,TPEx,11508,226412.0,-9.683029766321214,28.651953542286975
3224,TPEx,11508,180766.0,-9.355036054196628,49.59243290659472
3226,TPEx,11508,195422.0,4.620672302198714,123.95113510044578
3227,TPEx,11508,815750.0,-8.655525794806103,10.133794164900296
3228,TPEx,11508,28785.0,-16.024855592508313,10.792502213155768
3230,TPEx,11508,42481.0,2.031944277651015,50.86653881667732
3232,TPEx,11508,98044.0,5.45654021146379,49.79298122316777
3234,TPEx,11508,108640.0,13.116000124944035,110.12726780395343
3236,TPEx,11508,222684.0,-10.065547419903314,19.392006004878965
3252,TPEx,11508,26639.0,5.739689596316437,-39.353443369379626
3259,TPEx,11508,16547.0,-21.80426255848022,-35.05377188162336
3260,TPEx,11508,18925261.0,2.9717593574737884,279.80697041038457
3264,TPEx,11508,1794449.0,1.573428156762056,46.57297818291717
3265,TPEx,11508,401868.0,-4.639325706719441,3.3632379267063106
3268,TPEx,11508,82587.0,-1.9657419607563833,9.181407154755295
3272,TPEx,11508,137785.0,-46.49583336569303,-41.79680734673532
3276,TPEx,11508,56822.0,-29.691405379989607,41.27094624832181
3284,TPEx,11508,60032.0,-9.047936488697655,-3.885749051377704
3285,TPEx,11508,85703.0,-18.161417849162543,23.177199361858086
3287,TPEx,11508,86141.0,13.240610498363328,6.022302087435999
3288,TPEx,11508,2962.0,-45.34046872116627,-64.59901995936417
3289,TPEx,11508,370835.0,-7.326234346534183,-7.9009457392064535
3290,TPEx,11508,370266.0,1.1166730843280708,79.79663584803046
3293,TPEx,11508,2268408.0,1.775592877528285,24.804093366160956
3294,TPEx,11508,362292.0,-5.537506844314656,1.6777336843346038
3297,TPEx,11508,25476.0,-0.03531489111241907,10.481807537187215
3303,TPEx,11508,282427.0,-18.430279574861366,-1.4085637885653246
3306,TPEx,11508,130220.0,18.236709492895084,45.50208386873303
3310,TPEx,11508,462355.0,-46.25728805363636,259.96340846276615
3313,TPEx,11508,1145.0,81.45800316957211,7.410881801125703
3317,TPEx,11508,165616.0,-29.628118838806174,-27.572966685034068
3322,TPEx,11508,210854.0,-27.71744347086813,-19.346522231402428
3323,TPEx,11508,281339.0,-27.619226484654984,-46.97599644168356
3324,TPEx,11508,3141249.0,-16.577416978403203,67.17939465738924
3325,TPEx,11508,35424.0,-4.4788998247269785,-63.71309745754031
3332,TPEx,11508,199378.0,11.972368864427722,54.71850386062934
3339,TPEx,11508,69214.0,2.7920515638459027,-8.832982086406744
3349,TPEx,11508,21294.0,73.50281104864337,-49.33618843683084
3354,TPEx,11508,9070.0,-26.511100307891752,31.90808609656777
3357,TPEx,11508,815423.0,-6.902961005154786,53.06726585348456
3360,TPEx,11508,854251.0,-14.500943315968312,41.8932027546434
3362,TPEx,11508,244259.0,-41.299557089334336,-32.9062012437647
3363,TPEx,11508,204482.0,19.690007784925342,13.197373811184553
3372,TPEx,11508,127698.0,1.2198891874539273,30.100964820229642
3373,TPEx,11508,38634.0,4.382362477034476,-11.243337621760706
3374,TPEx,11508,908948.0,5.58187186808132,36.740456579788635
3379,TPEx,11508,45542.0,-66.61339510879127,-65.77847911030959
3388,TPEx,11508,624644.0,-14.42588140202344,0.6866714808892557
3390,TPEx,11508,75472.0,-12.159126619257673,9.892542007629809
3402,TPEx,11508,601466.0,1.5914357716656193,32.84345231390374
3430,TPEx,11508,180394.0,18.48305123708564,-1.7461873638344227
3434,TPEx,11508,54804.0,118.9795021376913,41.94985495234148
3438,TPEx,11508,72128.0,1.3617392037549714,-12.803588051112804
3441,TPEx,11508,43916.0,-14.517070891890839,0.8635737253100597
3444,TPEx,11508,131273.0,-4.333916338726133,27.285156060620753
3455,TPEx,11508,206308.0,37.95067936236226,22.429263197873148
3465,TPEx,11508,203753.0,40.94116182228186,2.398733541059403
3466,TPEx,11508,15591.0,22.378335949764523,49.72630365888793
3467,TPEx,11508,75929.0,10.57567681710283,49.80566242478051
3479,TPEx,11508,961222.0,0.4896825844869728,35.43316627661718
3483,TPEx,11508,626804.0,-1.9251832241186153,-32.23645305285372
3484,TPEx,11508,389259.0,-6.381090499794368,2.7206827303937997
3485,TPEx,11508,61657.0,7.166197378941148,29.910874191441394
3489,TPEx,11508,61548.0,-29.048025269176676,-0.2528199144301828
3490,TPEx,11508,24105.0,-20.240222354576137,-5.314635870846099
3491,TPEx,11508,321180.0,39.55913600041714,93.18632935147426
3492,TPEx,11508,70724.0,-7.739671523800827,17.904774606561748
3498,TPEx,11508,359366.0,-16.31090389980578,326.0465447130375
3499,TPEx,11508,21793.0,-19.090402821607572,3.711987817065626
3508,TPEx,11508,98087.0,16.700773349196908,67.1899502284039
3511,TPEx,11508,163374.0,-13.521668016451494,39.75773751475646
3512,TPEx,11508,11017.0,,27442.5
3516,TPEx,11508,62566.0,-24.33576412823955,-24.266156658153076
3520,TPEx,11508,126380.0,-10.339543397136655,33.33614677737569
3521,TPEx,11508,20.0,1900.0,-98.05447470817121
3522,TPEx,11508,58158.0,-0.502976801478136,-6.251208975433619
3523,TPEx,11508,3579.0,-56.69167473378509,-90.70075609946215
3526,TPEx,11508,417246.0,3.4056663626630717,38.839955677269295
3527,TPEx,11508,100126.0,-1.833405231577709,-16.390266713429195
3529,TPEx,11508,356928.0,-47.188750266328924,42.77348437575001
3531,TPEx,11508,86022.0,23.564646566212275,-6.577032515910424
3537,TPEx,11508,244095.0,-19.889267042340425,6.601944291591332
3540,TPEx,11508,398123.0,9.423450611125311,-8.720882245047688
3541,TPEx,11508,108858.0,0.1720790275234423,20.254520950476675
3546,TPEx,11508,212520.0,38.00985784698907,93.84497509896565
3548,TPEx,11508,645658.0,-1.6478896410531383,-8.158193826270145
3551,TPEx,11508,299675.0,0.02369794795797119,21.973307718294265
3552,TPEx,11508,640832.0,0.6709490528009099,-2.1448269754061062
3555,TPEx,11508,46831.0,-40.587138271824216,46.14592435401323
3556,TPEx,11508,91617.0,-21.49155505282912,36.26790415420999
3558,TPEx,11508,1599436.0,23.76508531968961,36.80402071943234
3564,TPEx,11508,269866.0,-8.831518067079267,47.823181419807185
3567,TPEx,11508,27508.0,7.870279596878554,7.440534312385267
3570,TPEx,11508,289969.0,24.274203917198818,73.407767106412
3577,TPEx,11508,122206.0,-13.022497740261773,34.0507217761397
3580,TPEx,11508,46361.0,55.99259757738896,26.860035572581747
3581,TPEx,11508,111622.0,-37.78731468063761,-27.737783877566876
3587,TPEx,11508,565259.0,0.38038276237442664,17.780449485962418
3594,TPEx,11508,263008.0,2.356063731251508,50.512183676505934
3597,TPEx,11508,104822.0,7.093452119453611,32.36772319737341
3609,TPEx,11508,16490.0,-42.53754747883054,-0.09088155104513784
3611,TPEx,11508,1084543.0,3.7047271990124298,26.656778992975468
3615,TPEx,11508,43061.0,-28.445138669635586,-46.65056061450784
3623,TPEx,11508,40996.0,111.26513785106931,96.26579854461892
3624,TPEx,11508,367119.0,4.412337708508127,65.7609210971893
3625,TPEx,11508,50505.0,40.604120267260576,39.61685188256759
3628,TPEx,11508,298667.0,-20.540025700306753,8.640946921196601
3629,TPEx,11508,1443.0,-73.88235294117646,381.0
3630,TPEx,11508,172335.0,0.8508845336813338,-10.794148704888503
3631,TPEx,11508,5543.0,9.437314906219152,421.939736346516
3632,TPEx,11508,20962.0,-22.155377302436126,1.619158425441148
3646,TPEx,11508,84335.0,6.78154952582332,50.80557194714161
3663,TPEx,11508,497170.0,-3.782176953163555,2.895188345568224
3664,TPEx,11508,42844.0,37.07448169951369,269.24933206929245
3666,TPEx,11508,39940.0,35.513860143181894,21.000969461948618
3672,TPEx,11508,9556.0,-50.660883932259395,0.6318449873631002
3675,TPEx,11508,300057.0,3.0865109439899956,31.505894727615374
3680,TPEx,11508,839771.0,-3.5849762800288407,49.94063231494691
3684,TPEx,11508,108712.0,2.8777999640393297,1.5810128947860214
3685,TPEx,11508,74395.0,-15.901743121340237,-10.80164020910268
3687,TPEx,11508,166403.0,-0.8904215654742761,17.14396339317142
3689,TPEx,11508,780917.0,-7.3383707381206085,62.06674705146218
3691,TPEx,11508,841543.0,-8.412355156888204,75.83834981581273
3693,TPEx,11508,1266730.0,3.417336668647826,171.01452065990162
3707,TPEx,11508,659489.0,1.8097584621607186,29.540932278131674
3709,TPEx,11508,4882358.0,-25.041180571644215,76.05769307049941
3710,TPEx,11508,697471.0,-6.411890679176015,24.845122961896937
3713,TPEx,11508,80692.0,28.92361277540782,184.79864468993753
3718,TPEx,11508,3428522.0,,
4102,TPEx,11508,35325.0,-15.295894878189143,7.475355969331873
4105,TPEx,11508,525921.0,-2.0718818429637573,14.860508694455728
4107,TPEx,11508,192806.0,-0.036811024642647905,17.356398098495962
4109,TPEx,11508,44069.0,-9.576083388049902,13.935210320845938
4111,TPEx,11508,118174.0,-0.5545597603359336,6.872258647976486
4113,TPEx,11508,689457.0,18.638710121485357,2252.2927328556807
4114,TPEx,11508,754260.0,-4.7338772829464215,49.881070425781786
4116,TPEx,11508,417672.0,-3.186012604973842,0.869414014953921
4120,TPEx,11508,358940.0,-9.302243312765,-3.0533835703385597
4121,TPEx,11508,332235.0,2.3827206528136875,4.031174752083066
4123,TPEx,11508,150960.0,-3.5584233054366576,61.52537476326518
4126,TPEx,11508,223090.0,-0.7315314994615857,0.3747913451544833
4127,TPEx,11508,54765.0,-7.045624278633987,40.834747724116646
4128,TPEx,11508,154495.0,1.6100284780363967,-1.291872448360242
4129,TPEx,11508,486818.0,-14.21799945727446,7.500701113611321
4131,TPEx,11508,15960.0,-4.858420268256334,10.718002081165453
4138,TPEx,11508,112251.0,-4.40947295812789,-1.295241110055925
4139,TPEx,11508,93031.0,2.795549220450603,3.076871939193831
4147,TPEx,11508,60472.0,-5.0540892747797965,19.512243324966896
4153,TPEx,11508,79634.0,-4.115493907431489,11.81095728847828
4154,TPEx,11508,4870.0,-10.724106324472961,117.02317290552584
4157,TPEx,11508,7053.0,138.59945872801083,172.2115013508298
4160,TPEx,11508,51904.0,-11.84183708132346,11.542346291878882
4161,TPEx,11508,50852.0,-46.745698457413944,-23.62959180608536
4162,TPEx,11508,20649.0,-11.510606385258196,-6.982296499842335
4163,TPEx,11508,248930.0,-14.20792335131223,18.376314275252394
4166,TPEx,11508,115915.0,-12.077034519899573,14.859441730496735
4167,TPEx,11508,117173.0,20.200859654701944,22.2998079492318
4168,TPEx,11508,91.0,-91.3907284768212,-97.21371708511941
4171,TPEx,11508,18177.0,-21.822717302481614,6.1926739498743935
4173,TPEx,11508,144189.0,16.583251805076042,13.712825608630848
4174,TPEx,11508,817.0,-79.98039696152904,-23.430178069353328
4175,TPEx,11508,692982.0,5.152930929573019,3.6955789820211438
4183,TPEx,11508,31695.0,20.807287696295166,-19.08141642625546
4188,TPEx,11508,2399.0,-28.087529976019184,2.8730703259005144
4192,TPEx,11508,1848.0,-15.112540192926046,-11.958075273939972
4198,TPEx,11508,14563.0,-31.16048215551879,-3.165104062770131
4205,TPEx,11508,176841.0,-16.477272727272727,1.1867228939101775
4207,TPEx,11508,489265.0,-9.140121415160738,23.637627140059383
4303,TPEx,11508,148570.0,37.71783463107156,52.26860440089781
4304,TPEx,11508,22265.0,-6.62612707066471,-16.009657097589496
4305,TPEx,11508,67578.0,-17.544566052930197,-29.86996814063781
4401,TPEx,11508,303204.0,5.008623615546059,-7.371392435226513
4402,TPEx,11508,9131.0,422.66742987979393,840.3707518022657
4406,TPEx,11508,2184.0,-68.52572416774751,-94.2592787298917
4413,TPEx,11508,51467.0,21.547835533618308,-50.146266806152894
4416,TPEx,11508,346612.0,-32.6446457650767,3633.031771674744
4417,TPEx,11508,393133.0,6.424454725352666,58.25909480659069
4419,TPEx,11508,234026.0,1.3033785684912236,5.042842843741444
4420,TPEx,11508,86926.0,5.950465603822339,13.510054844606946
4430,TPEx,11508,205507.0,0.011679798328815522,31.70148679825686
4432,TPEx,11508,103449.0,6.739787653352869,7.830138528409268
4433,TPEx,11508,167657.0,-48.47300208681007,-45.52540687719116
4442,TPEx,11508,223990.0,66.04643577274345,131.32054817155662
4502,TPEx,11508,135631.0,14.348463899099585,78.28824565554592
4503,TPEx,11508,24768.0,40.99163203734275,-67.20382410190543
4506,TPEx,11508,480763.0,-1.21010496206735,-11.647511127610072
4510,TPEx,11508,191491.0,2.943848614359057,39.02554124497234
4513,TPEx,11508,107888.0,-1.7816013473530885,18.770985391415394
4523,TPEx,11508,134657.0,100.59138984060777,242.54279972526774
4527,TPEx,11508,228211.0,-19.13977656442109,27.935306648727437
4528,TPEx,11508,112013.0,-12.07287684566656,-1.0756771555492755
4529,TPEx,11508,2068.0,-31.40961857379768,327.27272727272725
4530,TPEx,11508,31643.0,-2.6758527358287454,16.087020324308458
4533,TPEx,11508,344232.0,-14.872654702465297,4.93470388118667
4534,TPEx,11508,94266.0,-19.0683059170988,39.43849476362345
4535,TPEx,11508,201319.0,-9.059329460550924,-9.435702268167383
4538,TPEx,11508,31535.0,-18.209876543209877,-9.755608974358974
4541,TPEx,11508,174838.0,-10.121474139836629,23.571776912366506
4542,TPEx,11508,123942.0,6.806039088621557,194.65100798782808
4543,TPEx,11508,70265.0,-3.3028280465148283,27.32165183829525
4549,TPEx,11508,102730.0,-8.42314515194466,5.66321072986094
4550,TPEx,11508,84331.0,45.498619737750175,20.109098159858714
4554,TPEx,11508,43649.0,-2.943988615391457,-0.7413303013075612
4556,TPEx,11508,64451.0,-24.209177073778783,18.729275661336676
4558,TPEx,11508,181337.0,-9.09013430658398,16.54573149177662
4561,TPEx,11508,107857.0,-14.37678122047838,52.37483047016275
4563,TPEx,11508,259726.0,51.130895231445116,29.211772665764546
4568,TPEx,11508,89979.0,-30.09167896822314,-0.5053297359458623
4577,TPEx,11508,73565.0,-23.801582698044417,14.003006400223155
4580,TPEx,11508,213490.0,4.055680926455751,19.69746240706893
4584,TPEx,11508,115067.0,11.029950982284149,0.7371416064784416
4609,TPEx,11508,10674.0,-11.755952380952381,-75.74917641713053
4702,TPEx,11508,10608.0,2538.805970149254,39.21259842519685
4706,TPEx,11508,102555.0,7.767724851045049,18.358184839811653
4707,TPEx,11508,73027.0,-27.90518594572182,-46.2475525916766
4711,TPEx,11508,72137.0,2.0787343635025755,21.906580592827932
4714,TPEx,11508,191959.0,28.435892117570706,42.9489518561269
4716,TPEx,11508,57166.0,29.077854046242773,23.703799878819353
4721,TPEx,11508,264986.0,20.447086844665048,72.34525505193395
4726,TPEx,11508,105857.0,23.14251480288031,131.44212689667236
4728,TPEx,11508,223159.0,0.7558073910197078,48.818304279979195
4729,TPEx,11508,95694.0,-2.481427508687544,18.790421688990403
4735,TPEx,11508,101957.0,-11.15710040867542,23.55578715204983
4741,TPEx,11508,32722.0,-37.60344761832119,-14.903908667724235
4743,TPEx,11508,5913.0,-31.870031109574835,-39.40356630457061
4744,TPEx,11508,90637.0,143.6020103743919,34.59208220724065
4745,TPEx,11508,226372.0,-7.800834945524896,-13.253141322133532
4747,TPEx,11508,45817.0,-15.885808702037819,1.0542799797084188
4749,TPEx,11508,484959.0,16.86012467740264,41.953207096504144
4754,TPEx,11508,57260.0,-7.924358397118415,10.754352030947775
4760,TPEx,11508,305090.0,13.105212426781344,91.53718178108421
4767,TPEx,11508,70562.0,-6.500768537658345,-12.799218972058478
4768,TPEx,11508,130197.0,23.92632781267847,93.11618386508255
4772,TPEx,11508,323880.0,-0.10425084356821644,18.88907650630272
4804,TPEx,11508,316.0,-22.54901960784314,-97.52467491775027
4806,TPEx,11508,9956.0,-15.00042687612055,179.11410148584244
4903,TPEx,11508,70096.0,-20.662803332126042,-51.77898241655431
4905,TPEx,11508,91839.0,-11.832302906954418,68.23410881113757
4907,TPEx,11508,29309.0,42376.811594202896,-71.73565036259836
4908,TPEx,11508,97202.0,-1.4778025542266369,28.9322191272052
4909,TPEx,11508,15980.0,-4.213870407001139,-43.85496451408896
4911,TPEx,11508,11564.0,2.4269264836138174,-55.33238054772297
4923,TPEx,11508,108061.0,-9.994919249381564,28.77895890933359
4924,TPEx,11508,70400.0,1.9639650078210995,-13.563421611600182
4931,TPEx,11508,495100.0,10.160534893811118,125.86678832116789
4933,TPEx,11508,157828.0,-17.160657768353428,-35.63715255122015
4939,TPEx,11508,173881.0,3.3928943065259403,45.40855152574406
4946,TPEx,11508,20423.0,-41.91410693970421,-36.48972229996579
4950,TPEx,11508,127863.0,2.7746742651373273,64.87176511546942
4951,TPEx,11508,48800.0,7.42037024807942,3.1603424585138993
4953,TPEx,11508,1246449.0,-2.1277581432016253,26.644875879895306
4966,TPEx,11508,1326834.0,-1.9563159633165819,0.23320166164682526
4971,TPEx,11508,106034.0,0.9069194240633416,33.0330594065617
4972,TPEx,11508,77732.0,-11.641071692451092,22.617282392655458
4973,TPEx,11508,1001531.0,-0.6576330566248844,204.02859571367858
4974,TPEx,11508,428660.0,11.324067148674478,39.54911695287702
4979,TPEx,11508,545866.0,7.289834249582823,37.44891612802506
4991,TPEx,11508,262258.0,80.31296838689273,45.61718147039716
4995,TPEx,11508,124241.0,-12.354501460276254,47.13350149808742
5009,TPEx,11508,1077050.0,-2.928502996278648,38.89802366444208
5011,TPEx,11508,277979.0,5.119478446988175,-31.376765083440308
5013,TPEx,11508,789095.0,-5.31197089383618,23.34832405596745
5014,TPEx,11508,1542669.0,-7.307012410186279,29.42603221159614
5015,TPEx,11508,132290.0,-3.238075733083669,11.341160627866852
5016,TPEx,11508,173491.0,-7.588767324675878,4.235735185441087
5201,TPEx,11508,36695.0,32.19136136027955,79.42010561314297
5202,TPEx,11508,9750.0,-22.60061919504644,26.115638339154057
5205,TPEx,11508,7446.0,1130.7438016528927,2617.5182481751826
5206,TPEx,11508,894248.0,,2630241.1764705884
5209,TPEx,11508,781310.0,104.9999081670939,92.1791254768751
5210,TPEx,11508,20809.0,-16.813911653008194,8.065018695471542
5211,TPEx,11508,27162.0,-5.860742383807576,29.20749690800114
5212,TPEx,11508,115547.0,23.131926683716966,24.776735094975326
5213,TPEx,11508,119623.0,-57.212860857652814,-27.69184271768368
5220,TPEx,11508,85752.0,-1.9652227595431628,72.53576386793023
5223,TPEx,11508,182494.0,-8.21837201699902,6.534734384121425
5227,TPEx,11508,1675.0,25.0,-85.49029799029799
5228,TPEx,11508,71765.0,-8.919574073839046,70.24885536023534
5230,TPEx,11508,134206.0,3.2163292930535903,20.423527300462112
5245,TPEx,11508,77615.0,-4.308963136481322,46.66200563103494
5251,TPEx,11508,22218.0,24.074384318981405,9.691434213774377
5263,TPEx,11508,349487.0,72.77473192966151,216.5614441898171
5272,TPEx,11508,33794.0,-0.5093178673418318,57.68746208763007
5274,TPEx,11508,1625937.0,6.6875194387467864,118.41515263458373
5276,TPEx,11508,83738.0,-19.074172505436096,7.223068747839226
5278,TPEx,11508,258954.0,3.526937776853821,25.25345354641489
5287,TPEx,11508,205379.0,3.1614636964110807,2.3073819284970636
5289,TPEx,11508,8680123.0,2.1814849302103285,576.2927682888633
5291,TPEx,11508,144890.0,-21.82095817753101,61.4139456123347
5299,TPEx,11508,119505.0,-1.9944725554999714,-3.237168327894869
5301,TPEx,11508,3241.0,-3.6849925705794946,-80.33851007037127
5302,TPEx,11508,1231.0,-70.24413826444284,-35.61715481171548
5309,TPEx,11508,327559.0,2.6776002532780385,27.55214093238423
5310,TPEx,11508,171.0,2342.8571428571427,-30.20408163265306
5312,TPEx,11508,378945.0,-3.57584516969552,4.846028276568076
5314,TPEx,11508,465313.0,-15.822807709424037,102.52220805278574
5315,TPEx,11508,131249.0,-8.40579507864949,-25.0930280339695
5321,TPEx,11508,354562.0,108.89643023372277,34.91961414790997
5324,TPEx,11508,52812.0,9.384644062881879,-3.3066022190486652
5328,TPEx,11508,99782.0,0.5674316411171247,28.28088038671192
5340,TPEx,11508,284845.0,4.366353030835971,47.7710740243099
5344,TPEx,11508,30342.0,-6.346070745107722,8.81509109166547
5345,TPEx,11508,2236.0,-16.722532588454378,-12.45105716523101
5347,TPEx,11508,5092599.0,8.22141639476365,40.47646040957919
5348,TPEx,11508,25014.0,-6.008341787848044,-11.947338777809067
5351,TPEx,11508,2260221.0,6.360338061042983,525.3153245373534
5353,TPEx,11508,165356.0,-4.281835916018824,5.190971780452429
5355,TPEx,11508,62169.0,-9.930023325558148,103.3460896869787
5356,TPEx,11508,388919.0,-9.60270365127733,33.858438451874925
5364,TPEx,11508,6732.0,-24.018058690744923,-80.599982709432
5381,TPEx,11508,131129.0,-45.973639648473714,-35.8675770054679
5386,TPEx,11508,4548288.0,128.2967670044723,1846.2079589216944
5392,TPEx,11508,771157.0,-9.536607339768103,15.144461200782406
5398,TPEx,11508,28822.0,128.20269200316707,15.644184086987924
5403,TPEx,11508,287867.0,-4.579325249766311,25.30011926421812
5410,TPEx,11508,226300.0,-44.29716710603722,-55.6284080147291
5425,TPEx,11508,1714148.0,-0.947047072671662,22.43337099822437
5426,TPEx,11508,193922.0,-13.800568078268562,45.86523851789448
5432,TPEx,11508,18639.0,-19.055890910670083,3.6594182748456703
5438,TPEx,11508,102441.0,6.869679519278918,29.325102257233752
5439,TPEx,11508,1108099.0,5.500784044527255,5.237570634882948
5443,TPEx,11508,620014.0,-25.933367817341473,14.382752946211802
5450,TPEx,11508,209183.0,-16.242036941384683,9.905427415541428
5452,TPEx,11508,453595.0,2.5437273789796606,13.906202130491339
5455,TPEx,11508,29872.0,14986.868686868687,546.5800865800866
5457,TPEx,11508,1882890.0,-6.587341473227995,-18.958598035266046
5460,TPEx,11508,31652.0,43.93160838524851,72.53747615153993
5464,TPEx,11508,94350.0,-6.435010263885997,19.557504181661514
5465,TPEx,11508,410577.0,9.401720788823665,-4.365741172086089
5468,TPEx,11508,24970.0,168.37919174548583,232.88894814024798
5474,TPEx,11508,126434.0,-24.04130945443404,-33.51877168997792
5475,TPEx,11508,254708.0,11.06324345065755,271.8799275827834
5478,TPEx,11508,556614.0,0.7376868197300457,7.805327765661981
5481,TPEx,11508,10053.0,16.868170192978376,-3.1222896790980053
5483,TPEx,11508,6716682.0,-4.015464573856073,11.679851232801411
5487,TPEx,11508,14121.0,-10.739570164348926,28.84124087591241
5488,TPEx,11508,75655.0,-11.261377498357886,4.805640983016097
5489,TPEx,11508,167718.0,-4.884024272670561,17.542593228535186
5490,TPEx,11508,109488.0,-22.19055808631754,-6.767147783880445
5493,TPEx,11508,650717.0,18.820951528818853,44.534401265170494
5498,TPEx,11508,231281.0,2.2227427823842443,87.52412149123518
5508,TPEx,11508,318829.0,15.912949585361686,633.6485802383911
5511,TPEx,11508,998851.0,-4.699156476033367,2.5856677022620485
5512,TPEx,11508,425192.0,-44.217435396881,-7.982834104125052
5514,TPEx,11508,2021.0,32.26439790575916,319.29460580912865
5516,TPEx,11508,285220.0,50.92522528719818,42.46539762141426
5520,TPEx,11508,378352.0,3.417530183217666,3.12297284774349
5523,TPEx,11508,375.0,-0.5305039787798409,1.3513513513513513
5529,TPEx,11508,139924.0,347.15582257445993,3702.282608695652
5530,TPEx,11508,304785.0,-11.96019526849418,12.127510852770216
5536,TPEx,11508,4878663.0,25.561042349602662,44.54132881735161
5543,TPEx,11508,227256.0,-16.988354933446328,7.2073517063091455
5547,TPEx,11508,309920.0,40.72624404597033,89.50367793179775
5548,TPEx,11508,184109.0,-24.28919210112923,13.329927240942052
5601,TPEx,11508,8216.0,6.8956544366380434,3.0607124937280483
5603,TPEx,11508,118009.0,0.005932102845714479,10.680822727230096
5604,TPEx,11508,13855.0,2.477810650887574,4.063391918281508
5609,TPEx,11508,3415327.0,4.460990079144181,39.0514302604756
5701,TPEx,11508,53860.0,27.355702158851766,-6.893928917162218
5703,TPEx,11508,38791.0,38.47499375290044,28.094970775682725
5704,TPEx,11508,625.0,-25.86002372479241,-98.08605114071352
5864,TPEx,11508,599176.0,161.49784872072783,112.91695834947213
5878,TPEx,11508,61717.0,-17.957886900805573,-6.602602905569007
5902,TPEx,11508,219889.0,2.2549293154761907,20.915794625329248
5903,TPEx,11508,9922451.0,-2.46288213899538,3.336162920041837
5904,TPEx,11508,2465114.0,-0.2683930562500708,10.320065553492464
5905,TPEx,11508,151638.0,-9.423886748499239,18.030107259056308
6015,TPEx,11508,587691.0,404.544135479391,140.4952387188123
6016,TPEx,11508,2727083.0,235.27861735273706,215.39039794418443
6020,TPEx,11508,58662.0,141.11409367750437,-33.684531816999964
6021,TPEx,11508,184117.0,95.59864017847657,-35.717378097745254
6023,TPEx,11508,344450.0,-32.92883582996306,22.65645864862459
6026,TPEx,11508,217362.0,381.78473268906816,231.77946698415604
6028,TPEx,11508,521574.0,1.2505532562527664,46.18760930983452
6101,TPEx,11508,30252.0,-69.69223371002644,-79.24034997426659
6103,TPEx,11508,4150.0,-22.124225933571026,-52.21646516983304
6104,TPEx,11508,319894.0,-5.332437639274015,3.370009532580421
6109,TPEx,11508,69020.0,-8.636026686434397,15.628821765425274
6111,TPEx,11508,1034503.0,-9.99774668767438,6.319217772369622
6113,TPEx,11508,109073.0,-9.586531606956349,130.4034643008027
6114,TPEx,11508,52598.0,-35.56219831916301,-25.142320391665717
6118,TPEx,11508,1094117.0,8.965594854665001,29.63824843568012
6121,TPEx,11508,6752335.0,-4.983275803598692,4.645911580761419
6122,TPEx,11508,390014.0,12.179042830722148,13.592119902372534
6123,TPEx,11508,528124.0,26.656642036774564,-3.191545913644404
6124,TPEx,11508,139381.0,-23.512852031520953,5.645289654597409
6125,TPEx,11508,339026.0,-7.202351788339049,-1.4926067008946342
6126,TPEx,11508,516739.0,-6.499317842137452,57.25232421904718
6127,TPEx,11508,107429.0,14.750053407391583,29.684085998140972
6129,TPEx,11508,129236.0,3.8816143786121358,43.60034223363001
6130,TPEx,11508,13420.0,-40.1186917138905,1.3824884792626728
6134,TPEx,11508,239959.0,3.6087927081489286,21.72627200324659
6138,TPEx,11508,665278.0,-4.973589411768066,2.4966375122674953
6140,TPEx,11508,181217.0,-37.29320290251253,10.370974913057513
6143,TPEx,11508,674378.0,-6.664747492502072,-12.966414057982986
6144,TPEx,11508,14381.0,15.472940420748355,-2.877017626798136
6146,TPEx,11508,415183.0,0.011562503763835861,10.46331573794219
6147,TPEx,11508,2619692.0,3.8456339470856182,43.611890927650016
6148,TPEx,11508,59218.0,41.38235645219052,95.40025077542401
6150,TPEx,11508,574719.0,19.879977973016945,-21.272232633067034
6151,TPEx,11508,155707.0,0.20787211038459558,18.586018598204152
6154,TPEx,11508,393985.0,2.383229300389279,6.829773561064759
6156,TPEx,11508,576555.0,-6.649212625197936,55.156406419875346
6158,TPEx,11508,172833.0,2.586125026710036,13.680492521409684
6160,TPEx,11508,52676.0,-41.77131234524231,-39.833925369213375
6161,TPEx,11508,118805.0,-3.516465667763024,-18.36895952287703
6163,TPEx,11508,457582.0,-42.59861859948166,-26.496393748092462
6167,TPEx,11508,82268.0,-14.371955535201298,-12.581289582182174
6169,TPEx,11508,1214.0,5178.260869565217,148.26175869120655
6170,TPEx,11508,285197.0,5.470313048945101,4.702098836590317
6171,TPEx,11508,33.0,-2.9411764705882355,-99.90006056935191
6173,TPEx,11508,551669.0,2.68920483524502,54.26510929473646
6174,TPEx,11508,66923.0,-11.310927933419915,32.84435357405165
6175,TPEx,11508,484052.0,2.005112351618525,68.93824644185868
6179,TPEx,11508,808983.0,-26.259807925095163,223.27509730425263
6180,TPEx,11508,912976.0,7.096722730674575,28.999878485419664
6182,TPEx,11508,1004466.0,1.0161289349351645,19.9699020023529
6185,TPEx,11508,60473.0,-7.409051935325821,43.443711751031834
6186,TPEx,11508,0.0,-100.0,-100.0
6187,TPEx,11508,1108737.0,5.1254408920241215,103.06092173798378
6188,TPEx,11508,594489.0,-12.795082989225703,-20.580408313761954
6190,TPEx,11508,1061923.0,-0.19023503990330345,71.82219158754506
6194,TPEx,11508,84593.0,15.280730444262742,-26.719336088082677
6195,TPEx,11508,190687.0,-3.7711949939442873,3.61284082635108
6198,TPEx,11508,22.0,0.0,0.0
6199,TPEx,11508,82949.0,6.946790268304947,171.69669177857844
6203,TPEx,11508,158667.0,6.204943874374988,-32.18808364781756
6204,TPEx,11508,35672.0,-22.80959903057581,17.026441834525293
6207,TPEx,11508,137881.0,22.146134901932992,35.8085613537419
6208,TPEx,11508,363046.0,1.71948591938001,7.774515595638506
6210,TPEx,11508,33824.0,-21.106523919483124,14.587709194389864
6212,TPEx,11508,80448.0,-30.59921668765852,331.5416800772449
6217,TPEx,11508,419111.0,-0.603808308648973,22.996264134221175
6218,TPEx,11508,141060.0,37.01796988829529,52.85091996619205
6219,TPEx,11508,301719.0,-57.98651531439202,115059.92366412214
6220,TPEx,11508,986069.0,0.1085279187817259,68.01226096987067
6221,TPEx,11508,468987.0,76.27710476562764,21.475620022016447
6222,TPEx,11508,130.0,16.071428571428573,-43.96551724137931
6223,TPEx,11508,2048171.0,13.449324844546412,69.87471956008775
6227,TPEx,11508,3540073.0,5.991478939867544,168.85623019694452
6228,TPEx,11508,2348.0,-35.653603727048505,-39.12367124708322
6229,TPEx,11508,256677.0,3.8030840407161315,16.850357137979543
6231,TPEx,11508,139982.0,38.704531267030646,6.389511685350561
6233,TPEx,11508,37463.0,-12.604395091681052,27.5770475055338
6234,TPEx,11508,75955.0,24.92393217216822,68.3996984746364
6236,TPEx,11508,2661.0,3.8641686182669788,7.689194658033185
6237,TPEx,11508,24920.0,-57.86198616818005,-31.67923235092529
6240,TPEx,11508,3118.0,-6.758373205741627,-22.437810945273633
6241,TPEx,11508,62206.0,-0.8890446752915684,30.116298527443107
6242,TPEx,11508,37017.0,-11.998383415747432,-0.5026341253628642
6244,TPEx,11508,254029.0,-19.146166406202756,-0.4085137079479831
6245,TPEx,11508,802502.0,-23.82023709171546,38.36241379310345
6246,TPEx,11508,112154.0,-7.484306301401503,-9.996709760775534
6248,TPEx,11508,582591.0,-7.358188733971097,-0.248953419685127
6259,TPEx,11508,67024.0,-9.932137337902304,93.68859091434516
6261,TPEx,11508,345096.0,-7.813626965427706,-0.6177265933458319
6263,TPEx,11508,154870.0,-22.97285871311406,-8.433008342546989
6264,TPEx,11508,2434.0,-1.7756255044390639,36.89538807649044
6265,TPEx,11508,519833.0,-17.7370093493439,465.9463049253146
6266,TPEx,11508,332259.0,15.968084772206108,10.522376640742984
6270,TPEx,11508,314044.0,-18.347416863836095,49.478564254877604
6274,TPEx,11508,5914540.0,0.10944344976044647,132.48393122185607
6275,TPEx,11508,330662.0,-4.000394842658104,2.3562915957282153
6276,TPEx,11508,52247.0,-3.2391288243573597,-53.79029761641534
6279,TPEx,11508,974746.0,-0.1225482661879497,29.816930407984422
6284,TPEx,11508,653708.0,1.7658184988285477,-0.7676485544921178
6290,TPEx,11508,974831.0,8.044803695662052,18.185830032649193
6291,TPEx,11508,269712.0,10.458935021746788,33.424356653112106
6292,TPEx,11508,110189.0,-6.381478334749363,30.690403615100873
6294,TPEx,11508,62231.0,-20.200297496922445,-8.70266860320115
6411,TPEx,11508,227339.0,-11.819853226382016,3.4017101792049487
6417,TPEx,11508,170975.0,2.5349629380862138,34.27285721017167
6418,TPEx,11508,93353.0,-3.6395916555703507,49.7865990629613
6419,TPEx,11508,168661.0,-1.4329711944738273,365.69566778032413
6423,TPEx,11508,10457.0,-86.43463145058766,1.2882603641999224
6425,TPEx,11508,159422.0,-10.817357447736898,93.96055625174893
6432,TPEx,11508,81931.0,-30.09479279540626,-11.79402708696682
6435,TPEx,11508,339956.0,1.6283567856171284,25.82854012599288
6441,TPEx,11508,35611.0,240.84035222052069,135.5224867724868
6461,TPEx,11508,5654.0,2579.620853080569,1102.9787234042553
6462,TPEx,11508,532337.0,-33.15724973066366,11.097963102095333
6465,TPEx,11508,33123.0,-26.51743721714438,128.67103900586815
6469,TPEx,11508,1702411.0,7.147438176944442,7.229909796192683
6470,TPEx,11508,117574.0,11.755983499039978,-31.28707432104682
6474,TPEx,11508,415477.0,-16.44471169315915,25.127091590271167
6482,TPEx,11508,29583.0,-6.592782040352373,-21.149848072924996
6485,TPEx,11508,124170.0,8.327153762268265,21.16392306866639
6486,TPEx,11508,1491945.0,770.8527901003969,825.8113558796152
6488,TPEx,11508,4764363.0,-4.286970158051075,7.605508151106012
6492,TPEx,11508,80.0,0.0,-3.6144578313253013
6494,TPEx,11508,129453.0,-16.575586116230813,36.3323293384165
6496,TPEx,11508,65774.0,-25.23302869094712,-3.9585310651967585
6498,TPEx,11508,95760.0,-13.713405238828967,-19.25937168007285
6499,TPEx,11508,38071.0,-10.260701489722798,29.515223677496174
6506,TPEx,11508,165214.0,-3.095178044588864,13.09907652708466
6508,TPEx,11508,98032.0,15.403722320976609,13.55627888658504
6509,TPEx,11508,431828.0,-6.550154080537378,20.01623087869086
6510,TPEx,11508,638311.0,3.8569424964936885,54.27157903895514
6512,TPEx,11508,5584.0,72.61205564142195,-69.10820978092498
6516,TPEx,11508,48623.0,10.940494660947339,15.206729060537851
6517,TPEx,11508,46855.0,-17.409927377846717,70.0911170000363
6523,TPEx,11508,129346.0,55.900538768426,-14.047247233943583
6527,TPEx,11508,63959.0,-12.510772177005677,-2.8495481127060076
6530,TPEx,11508,32210.0,-0.26628684666831803,10.679678372620439
6532,TPEx,11508,76657.0,-12.865018471156578,74.22837401700077
6535,TPEx,11508,9058.0,11512.820512820514,5135.838150289017
6538,TPEx,11508,167967.0,6.813903797725943,55.6734663614373
6542,TPEx,11508,73388.0,-3.5738687128816946,8.902046328035732
6546,TPEx,11508,198536.0,-7.143291442362108,15.553537858020057
6547,TPEx,11508,236386.0,399.0099427920035,416.8601727342298
6548,TPEx,11508,1650483.0,6.099515363535204,43.657297439383484
6556,TPEx,11508,114270.0,15.50124325307781,-10.488097196437383
6560,TPEx,11508,11103.0,-28.38622291021672,461.324570273003
6561,TPEx,11508,359802.0,0.17540342788413352,16.375621415841618
6568,TPEx,11508,114689.0,8.288090944283407,24.35377542611788
6569,TPEx,11508,135289.0,146.10081312644388,43.1978153413
6570,TPEx,11508,103840.0,-2.906993052763467,22.600297527686603
6574,TPEx,11508,71449.0,4.390450587341476,82.79946784014737
6576,TPEx,11508,26724.0,-11.743725231175693,-81.14841986455981
6577,TPEx,11508,170789.0,-11.105732696251419,2.7889621136890255
6578,TPEx,11508,34005.0,-9.841715937110587,97.3592571096924
6584,TPEx,11508,280097.0,-0.07420488396568024,37.664156804152086
6588,TPEx,11508,31318.0,1.24135255705696,189.01808785529715
6590,TPEx,11508,63252.0,4.872912970669673,20.88063295493636
6593,TPEx,11508,43672.0,35.39186507936508,107.70474650432797
6596,TPEx,11508,231395.0,144.85725169837676,-73.50798899080888
6597,TPEx,11508,62044.0,1.6015458684046768,-6.519413599312953
6603,TPEx,11508,412012.0,-7.000701988817838,-11.69701814659154
6609,TPEx,11508,236882.0,-1.0625412444763727,92.46337718051008
6612,TPEx,11508,142827.0,32.01253327417923,45.710613031901325
6613,TPEx,11508,1690642.0,30.803314798295098,186.81734976223558
6615,TPEx,11508,30372.0,-9.789711298562434,-2.4380842247277634
6616,TPEx,11508,78609.0,16.750085398998976,-2.135102833524227
6617,TPEx,11508,4648.0,1.329845214737301,7.842227378190255
6620,TPEx,11508,66695.0,-4.25363920870539,-79.91967266913751
6624,TPEx,11508,17611.0,95.43890800133171,-45.72212291191518
6629,TPEx,11508,200259.0,-16.669856857523303,44.238290393909494
6637,TPEx,11508,43329.0,-13.993926040612159,0.898865938569732
6640,TPEx,11508,467768.0,-32.10254117599244,18.686393265012523
6642,TPEx,11508,65228.0,-8.989688995549105,51.855473297015415
6643,TPEx,11508,176341.0,6.468752075446636,73.0784708249497
6649,TPEx,11508,14423.0,16.436586744167272,-32.84131123114174
6651,TPEx,11508,182425.0,-2.2824421756318096,62.335928809788655
6654,TPEx,11508,100199.0,10.65965741548588,848.7643215604583
6661,TPEx,11508,32264.0,-2.7049847712674526,-31.246403989174677
6662,TPEx,11508,26671.0,12.157275021026072,32.83032023507147
6664,TPEx,11508,275299.0,0.20601820676802568,32.275160239470324
6667,TPEx,11508,801683.0,77.34740875274588,69.05867516933641
6679,TPEx,11508,161250.0,-7.630706131029782,0.31603439051399135
6680,TPEx,11508,61505.0,64.96352322712156,47.61081911344709
6683,TPEx,11508,233323.0,1.359728575586573,25.735179207509955
6684,TPEx,11508,25453.0,-5.813351095322676,3.270174869152432
6690,TPEx,11508,219817.0,4.221151749054117,8.207478438939866
6692,TPEx,11508,82064.0,-22.992324005780457,-4.405563450830557
6693,TPEx,11508,251209.0,3.6092849070766895,114.19594133697134
6697,TPEx,11508,110355.0,-5.997648982929571,15.816926241551572
6703,TPEx,11508,271208.0,2.649816242567381,1.8304153071530753
6708,TPEx,11508,30790.0,0.8912772789828953,37.738212400465244
6712,TPEx,11508,109644.0,10.475883402017189,21.10407899532788
6716,TPEx,11508,174028.0,2.663512532962074,111.75153616840056
6720,TPEx,11508,32507.0,1.2963136081767475,25.4902717726992
6721,TPEx,11508,268996.0,-1.772503195179843,-11.700077796999071
6725,TPEx,11508,335609.0,-5.487279424603063,-12.38849803558143
6727,TPEx,11508,161759.0,-16.7109477174663,16.54946321781108
6728,TPEx,11508,451794.0,7.753694393299052,37.295861620465196
6730,TPEx,11508,43549.0,-4.14254583874447,3.633810860977583
6732,TPEx,11508,304802.0,0.6548466245512996,-9.166440676955904
6733,TPEx,11508,19279.0,-2.211514075576972,9.322370286362348
6735,TPEx,11508,19488.0,2.1169566128694193,-16.82813366907089
6739,TPEx,11508,148185.0,7.3446532315315185,96.72751410554265
6741,TPEx,11508,180645.0,-2.087308125921429,30.42489440814411
6751,TPEx,11508,141542.0,-2.8124527939136765,25.65650467853909
6752,TPEx,11508,175011.0,-1.6073536852757633,11.398891173306684
6761,TPEx,11508,185205.0,-9.135733419681493,20.718424706196757
6762,TPEx,11508,81462.0,0.7332846950005565,35.474214631388136
6763,TPEx,11508,156361.0,-0.7842788885575233,14.910488564877419
6767,TPEx,11508,28440.0,10.01083088349064,-2.184006878761823
6785,TPEx,11508,0.0,,
6788,TPEx,11508,244716.0,-14.803158378476235,20.381338423092817
6791,TPEx,11508,69968.0,-4.014047795428979,2.593879675655068
6803,TPEx,11508,849741.0,-0.894091137581102,-7.064587924557192
6804,TPEx,11508,120413.0,-7.812858870906001,-2.743720216460706
6811,TPEx,11508,1170269.0,4.300469600727975,77.11195291418402
6821,TPEx,11508,33337.0,-31.791304347826088,-31.633238997580083
6823,TPEx,11508,45101.0,4.635408208245366,-30.751278232431023
6829,TPEx,11508,271758.0,35.02496708319877,56.51918491470172
6840,TPEx,11508,84499.0,-6.876866617441233,10.8023760506681
6841,TPEx,11508,39962.0,33.862593374200245,86.01685053297956
6843,TPEx,11508,60035.0,-5.566741120583886,-17.459509995325433
6844,TPEx,11508,331966.0,7.799718782777556,0.20495823862693072
6846,TPEx,11508,63790.0,2.6338229852139077,-11.285724219456228
6855,TPEx,11508,62622.0,-14.555873925501432,64.65607909129155
6856,TPEx,11508,60597.0,12.283204862140527,1.1062168385223745
6859,TPEx,11508,52972.0,-3.3569291396044663,-10.459770114942529
6865,TPEx,11508,13532.0,-18.994313079916193,-56.55998202304902
6870,TPEx,11508,95070.0,5.25325214503183,34.13756613756614
6872,TPEx,11508,852.0,7.169811320754717,-65.33767290480066
6874,TPEx,11508,106962.0,-8.911919745884678,182.4825036313218
6875,TPEx,11508,3.0,-98.79032258064517,
6877,TPEx,11508,55149.0,-1.479178948496704,140.17507185785212
6881,TPEx,11508,180059.0,10.7578273974288,-15.613825424721734
6884,TPEx,11508,184914.0,5.990381914789955,101.21437665262951
6894,TPEx,11508,196773.0,-1.128038669869057,67.83490557991163
6895,TPEx,11508,55279.0,8.002657132250942,-39.511090198824775
6899,TPEx,11508,87035.0,-9.293188260797065,-14.9193035963909
6903,TPEx,11508,624329.0,3.986202439723116,122.70103872385356
6904,TPEx,11508,77105.0,-11.108933491659077,-4.292292988096272
6907,TPEx,11508,366266.0,-9.069558438721145,198.71710177550506
6910,TPEx,11508,29471.0,10.452739674687056,-12.434632754932256
6913,TPEx,11508,304574.0,-18.288033782170462,25.038077057290064
6922,TPEx,11508,266107.0,-6.0346684463465365,58.97520147679955
6925,TPEx,11508,16174.0,0.09902215620745142,-4.408983451536643
6929,TPEx,11508,275351.0,1.967123267379897,2.0264411854069557
6945,TPEx,11508,0.0,,
6953,TPEx,11508,153613.0,-9.303300466434434,36.656643655255856
6961,TPEx,11508,401289.0,-7.882220069509166,8.055221959534055
6967,TPEx,11508,133664.0,-11.658647491143658,1.124241553057241
6968,TPEx,11508,306098.0,3.3699289812541577,10.452856060332696
6971,TPEx,11508,209150.0,24.15189091966782,8.764612888463619
6982,TPEx,11508,108582.0,-22.713587153808376,-10.676209279368214
6983,TPEx,11508,30843.0,21.58710135215043,7.134669491819793
6986,TPEx,11508,21419.0,39.902024820378834,4.83578875238608
6996,TPEx,11508,238613.0,-6.573558546918192,6.905944919108061
6997,TPEx,11508,473839.0,-5.93729404384732,25.48170628363205
7402,TPEx,11508,51239.0,3.4755038571832464,15.53065319834953
7547,TPEx,11508,33565.0,-10.871239278791258,-2.2511503290814843
7556,TPEx,11508,77981.0,6.786716877781582,44.717453836874824
7584,TPEx,11508,106113.0,8.668892348025562,29.473992459460447
7642,TPEx,11508,62623.0,-15.927611529528642,-6.722175881792183
7703,TPEx,11508,368630.0,17.506988961107268,83.25669260023365
7704,TPEx,11508,62543.0,2.677633307065931,13.813873926335711
7708,TPEx,11508,279720.0,7.133418870526054,11.371680887405986
7709,TPEx,11508,49061.0,-27.069613949547353,18.88676181937141
7712,TPEx,11508,171154.0,1.772579427137531,55.49841915906531
7713,TPEx,11508,116170.0,-3.169879889641836,14.80723808394359
7714,TPEx,11508,203888.0,-5.329532052413102,15.11031819516271
7715,TPEx,11508,31778.0,-53.37050623624358,-57.92275200932166
7716,TPEx,11508,224061.0,5.245333358384924,34.02541004199117
7717,TPEx,11508,122627.0,12.443034376518701,86.19344063164287
7718,TPEx,11508,214196.0,-2.703193775068477,6.933856530226103
7723,TPEx,11508,355613.0,11.485817114767256,-20.112099564182056
7728,TPEx,11508,31078.0,1.6783903157205955,137.32722413134783
7734,TPEx,11508,255659.0,-37.51597789612351,-1.269376626787052
7738,TPEx,11508,63930.0,16.253273203375038,15.280582804385459
7743,TPEx,11508,58260.0,-2.4382075155737155,-16.559250665979203
7744,TPEx,11508,449941.0,-2.1946060860322105,86.43140082206311
7747,TPEx,11508,144754.0,-5.495782518998251,18.632344143125252
7751,TPEx,11508,241920.0,-0.010746199565192233,41.3224444016053
7753,TPEx,11508,69634.0,14.238372569928636,-24.336364920515912
7757,TPEx,11508,217508.0,14.863594596592769,-4.078392633491506
7767,TPEx,11508,285903.0,-11.357801919785699,48.29839876756454
7770,TPEx,11508,25214.0,10.558624923265807,-45.18457324231488
7772,TPEx,11508,39167.0,35.053963656425644,54.2007874015748
7777,TPEx,11508,-51703.0,16.47334410339257,-187.36861671567135
7782,TPEx,11508,67103.0,12.594593687601725,6.44511421319797
7792,TPEx,11508,678719.0,9.954250462517455,67.71662688234218
7794,TPEx,11508,167741.0,23.552461974735756,102.78167311411993
7805,TPEx,11508,553328.0,-5.279789650633119,19.253780237590302
7810,TPEx,11508,77273.0,-7.858054207457401,119.80657090029868
7811,TPEx,11508,222909.0,-15.866887087277503,-2.4592064902047444
7814,TPEx,11508,7149.0,-47.76413853572994,12.689155107187894
7819,TPEx,11508,24166.0,-2.1698647882762527,-27.197686328854612
7820,TPEx,11508,33168.0,-1.7884638161790833,20.984862301659675
7825,TPEx,11508,20507.0,1.9640015910898965,-41.893346934149385
7828,TPEx,11508,157044.0,21.162837347817366,192.1368379931916
7839,TPEx,11508,15869.0,2.123688783061973,7.849666983824928
7842,TPEx,11508,320022.0,0.38866564402744186,71.54205707669547
8024,TPEx,11508,18617.0,14.643758852146068,64.88353555929501
8027,TPEx,11508,152884.0,-19.283240412231795,37.29177330567454
8032,TPEx,11508,435297.0,-10.793214253510504,43.628246753246756
8034,TPEx,11508,83363.0,265.5630591124364,-0.9987649042800817
8038,TPEx,11508,41171.0,-15.73507439775681,-40.86070930950773
8040,TPEx,11508,86725.0,3.383122533884869,54.12023955501057
8042,TPEx,11508,482033.0,10.321443692997814,38.75206530687438
8043,TPEx,11508,621856.0,-18.454525903895682,54.47881138042136
8044,TPEx,11508,3044442.0,2.3763398374120435,11.309225441945713
8047,TPEx,11508,85439.0,-1.7965104250477,231.85349180455216
8048,TPEx,11508,102593.0,-16.974459406966204,17.140704033979972
8049,TPEx,11508,125884.0,14.732045205978855,18.283126303722774
8050,TPEx,11508,693351.0,34.54348231057019,94.47744867048132
8054,TPEx,11508,683183.0,7.9197911055577235,157.4483639638689
8059,TPEx,11508,659239.0,-26.090388170677155,-46.3353144351255
8064,TPEx,11508,145707.0,1.4107739420935412,-43.496604917924714
8066,TPEx,11508,410129.0,13.815648892034023,11.729851364309999
8067,TPEx,11508,8239.0,22.04117908458006,-10.191846522781775
8068,TPEx,11508,105034.0,-6.954041316749938,76.73862928873109
8069,TPEx,11508,3446142.0,19.80617647355351,3.2911843138148216
8071,TPEx,11508,207763.0,-5.563131244261416,28.59486024114283
8074,TPEx,11508,136193.0,-2.8442003138821517,14.757454983611254
8076,TPEx,11508,232539.0,-8.368403631549082,124.4801621778164
8077,TPEx,11508,83667.0,2.915236724602384,-2.802077161677064
8080,TPEx,11508,10570.0,73.4777613655014,-30.350553505535057
8083,TPEx,11508,110464.0,-16.363305975347526,5.295065247023611
8084,TPEx,11508,87780.0,35.22090085649147,145.133904884247
8085,TPEx,11508,43758.0,-17.231595672240296,-12.784022961014111
8086,TPEx,11508,421572.0,0.7140758224772625,12.557871297438444
8087,TPEx,11508,28629.0,3.8901186631345936,9.291849589616339
8088,TPEx,11508,230574.0,6.521849605233372,72.93612042391378
8089,TPEx,11508,58933.0,149.6420553225738,68.73192658974432
8091,TPEx,11508,304207.0,-8.749306336707912,71.52047541991102
8092,TPEx,11508,30702.0,-15.707108145951734,-23.891918691125433
8093,TPEx,11508,22589.0,-2.725863405391439,109.56489470266258
8096,TPEx,11508,7264099.0,-30.20407343615153,269.5574579229668
8097,TPEx,11508,10547.0,-35.14726680194306,189.1173245614035
8099,TPEx,11508,721010.0,86.11800905538031,-26.599368417194853
8102,TPEx,11508,35243.0,-20.056708631053645,9.671697526061926
8107,TPEx,11508,56266.0,-6.377809946920914,-24.853422370617697
8109,TPEx,11508,227249.0,7.399110556587411,56.11513756740975
8111,TPEx,11508,67774.0,11.600717943651304,-8.802949566715109
8121,TPEx,11508,305960.0,-2.368978633242284,25.756797303684827
8147,TPEx,11508,229772.0,21.68644709595759,95.98263406146314
8155,TPEx,11508,560984.0,0.6892293554269632,35.13714040691652
8171,TPEx,11508,79895.0,-0.17367618762026138,581.2910377760724
8176,TPEx,11508,25399.0,-25.627360838628444,281.82501503307276
8182,TPEx,11508,262918.0,0.21115701849339086,13.684929670643276
8183,TPEx,11508,918759.0,7.451034969925701,56.06520786408064
8227,TPEx,11508,149751.0,14.197799180984191,42.2487983737675
8234,TPEx,11508,612237.0,-18.574569190808873,47.955524192963715
8240,TPEx,11508,527855.0,-7.554746826575504,-12.590724454328527
8255,TPEx,11508,643041.0,-3.454255549149611,4.607138209266007
8272,TPEx,11508,33944.0,24.046192077181697,-8.627419311421573
8277,TPEx,11508,11734.0,10.396086179320726,-18.79584775086505
8279,TPEx,11508,178706.0,0.36618104619946756,0.5678205034412511
8284,TPEx,11508,297833.0,0.48957089161959905,21.735913837853303
8289,TPEx,11508,214038.0,-1.478934504329094,67.14797779044615
8291,TPEx,11508,209.0,-22.878228782287824,-72.35449735449735
8299,TPEx,11508,28275661.0,4.101269556636891,376.5177219159828
8342,TPEx,11508,144290.0,2.189832717177297,5.557709612050361
8349,TPEx,11508,997885.0,-0.6233169744578467,12.08891315140936
8354,TPEx,11508,47154.0,-14.41328614211816,-7.0325900514579756
8358,TPEx,11508,1056242.0,4.719008887179223,59.709504167221084
8383,TPEx,11508,511579.0,3.071520387481011,73.60021446411119
8390,TPEx,11508,488730.0,-10.790949314408376,49.43906458783707
8401,TPEx,11508,131268.0,0.8249228075026499,-1.8938431413581263
8403,TPEx,11508,397936.0,-3.456474430046848,8.596020598356606
8409,TPEx,11508,20966.0,39.53147877013177,39.1702621971457
8410,TPEx,11508,57841.0,-29.251675717990118,-40.92793823277095
8415,TPEx,11508,2601881.0,-2.4197044704470447,38.11325061376153
8416,TPEx,11508,177223.0,28.934464394843292,25.98851179389476
8421,TPEx,11508,121465.0,1.6664713661549793,25.498522513586675
8423,TPEx,11508,36114.0,1.9075568598679384,16.964632724446172
8424,TPEx,11508,88801.0,4.600977678308499,7.495551332179303
8426,TPEx,11508,198309.0,-27.4828588667654,-29.27613864528761
8431,TPEx,11508,87357.0,6.733377318378418,-13.40846913286547
8432,TPEx,11508,124789.0,16.651398444510917,30.880162775575272
8433,TPEx,11508,291364.0,-11.930188342759035,-3.595594098553755
8435,TPEx,11508,55612.0,-11.95757143987968,8.291467071698408
8436,TPEx,11508,545596.0,6.285832282999792,2.0473206770784627
8437,TPEx,11508,15642.0,-15.88061306802904,40.640172630821795
8440,TPEx,11508,92816.0,-5.788731107705113,13.863706066368152
8444,TPEx,11508,109022.0,15.49430060595788,-58.50322010931624
8446,TPEx,11508,146623.0,70.98493329601642,69.23831619285063
8450,TPEx,11508,14076.0,0.9466437177280551,-32.32692307692308
8455,TPEx,11508,100725.0,-6.8594361169932405,23.22306770081476
8472,TPEx,11508,55646.0,15.613637780224803,121.30045734738516
8477,TPEx,11508,24510.0,-9.64388409643884,-3.7842506084635312
8489,TPEx,11508,167552.0,2.331205911991938,32.55905947878922
8905,TPEx,11508,204525.0,4.268628410620336,11.611649849656475
8906,TPEx,11508,17305.0,8.075193604796402,-3.351019268360793
8908,TPEx,11508,1024179.0,15.910587894440207,24.431590380592066
8916,TPEx,11508,842764.0,-6.6638314649797215,42.44010938677826
8917,TPEx,11508,259568.0,9.344735345535733,10.583403628059951
8921,TPEx,11508,54956.0,-6.005096892264012,10.083730619766836
8923,TPEx,11508,30927.0,-7.142857142857143,27.1198980640388
8924,TPEx,11508,293119.0,12.108973108594464,-39.65876785056272
8927,TPEx,11508,921391.0,9.949750062946668,20.77385680542557
8928,TPEx,11508,141919.0,-53.34036915024428,-21.77107736405479
8929,TPEx,11508,53177.0,6.588494688314292,-3.043066039455931
8930,TPEx,11508,106959.0,-4.768730801762899,-9.579765155421798
8931,TPEx,11508,313813.0,3.112975990589441,38.158404508232806
8932,TPEx,11508,206275.0,7.3661144162854,12.75986290062482
8933,TPEx,11508,276545.0,-10.19808410456243,90.56035611416601
8935,TPEx,11508,35871.0,13.483501534373122,-17.68552939556657
8936,TPEx,11508,556411.0,4.012360102963471,12.344983544329356
8937,TPEx,11508,77680.0,898.0727226005397,1403.095975232198
8938,TPEx,11508,1015880.0,-7.081908375232208,17.803539394051842
8941,TPEx,11508,256427.0,3.4134124849271865,2.007311610662699
8942,TPEx,11508,296719.0,2.084566159774307,47.618455354122304
9949,TPEx,11508,13038.0,39.62304562004712,15.085179627504633
9950,TPEx,11508,209987.0,29.649615657703826,19.07535101050196
9951,TPEx,11508,479604.0,-10.575196570710451,-3.359031502758557
9960,TPEx,11508,47721.0,2.2695126655522695,-9.225618687108863
9962,TPEx,11508,161658.0,-13.942581541557315,34.06589761239333
