ticker,last_close,last_date,ret_1w,ret_1m,ret_3m,ret_6m,ret_12m,rs_rating,rs_vs_bench_3m,vol_surge,near_high_pct,new_high_20d,new_high_60d,new_high_250d
1101,24.350000381469727,2026-07-29,0.02096436025168691,0.04731184436428926,0.02807547372806951,0.007513967498900209,,64.3,0.014982696346796942,1.0321361567395277,0.9486949215921509,False,False,False
1102,32.79999923706055,2026-07-29,0.010785777069097113,0.003463675232627139,-0.007874856157066068,-0.04561877443095852,,53.9,-0.020967633538338637,0.4300567070936868,0.8671908479401965,False,False,False
1103,13.199999809265137,2026-07-29,0.013186530680157293,0.024528212084962364,0.01693908689599044,-0.029775385886617767,,59.3,0.0038463095147178716,1.880434384756254,0.960047396139391,False,False,False
1104,26.850000381469727,2026-07-29,0.013207561564895443,0.0018657143967391043,0.002899739969512094,-0.05180387606950598,,55.2,-0.010193037411760475,0.7398046291902592,0.8758147809534949,False,False,False
1108,11.949999809265137,2026-07-29,-0.020491803599057445,-0.06587357693785179,-0.12007204035911767,-0.14629512155423618,,29.3,-0.13316481774039024,0.7632881935448875,0.8289996450589259,False,False,False
1109,13.850000381469728,2026-07-29,0.0036232021770865597,0.014195532596971816,-0.04488378255216752,-0.05102601906484716,,47.1,-0.057976559933440086,0.6157162324855655,0.9025409872232847,False,False,False
1110,16.049999237060547,2026-07-29,0.0031249523162841797,0.04521835713040945,0.04856837171768724,-0.008626253263120054,,66.8,0.03547559433641467,0.6682717479905891,0.8938615956430894,False,False,False
1240,53.59999847412109,2026-07-29,-0.027223231243908463,-0.017072578676275763,-0.04690844081423584,-0.0548774286381547,,46.5,-0.06000121819550841,0.5404726646728086,0.9042932200266816,False,False,False
1301,56.20000076293945,2026-07-29,-0.11496061790646528,0.03119267454934782,0.11241585805529164,0.31937696182693354,,84.9,0.09932308067401907,1.366811883080829,0.848942648847535,False,False,False
1303,141.5,2026-07-29,-0.31971153846153844,-0.14604705729597123,0.5522179003437082,0.9266009510901887,,96.9,0.5391251229624356,1.0347596208144398,0.621978021978022,False,False,False
1304,11.300000190734863,2026-07-29,-0.14393942896875145,-0.15657495763623352,-0.16884296707311996,-0.014792363131249764,,31.5,-0.18193574445439253,1.0764704681922277,0.6262141746086037,False,False,False
1305,10.949999809265137,2026-07-29,-0.13095235662395344,-0.15748823797972833,-0.22000675111974632,-0.07252902752402679,,19.9,-0.2330995285010189,1.0353432735897379,0.598206169294655,False,False,False
1307,30.649999618530277,2026-07-29,-0.05692308866060691,-0.04790534076013386,0.041685635809697086,0.022123432515917196,,68.0,0.028592858428424517,0.5790130281431518,0.8731776453335659,False,False,False
1308,12.649999618530272,2026-07-29,-0.12152783917607857,-0.09037634368415226,-0.11850901102780331,-0.07060189004790818,,35.2,-0.13160178840907588,1.1941776109596134,0.6611182417291476,False,False,False
1309,12.600000381469728,2026-07-29,-0.13993174816827803,-0.13408093568134516,-0.3282844392780847,0.06966481311267958,,15.8,-0.3413772166593573,1.3612555914047209,0.4803400292216476,False,False,False
1310,7.460000038146973,2026-07-29,-0.265024599160804,-0.29289100442875493,-0.20553783116187085,-0.1541949777475985,,17.0,-0.21863060854314342,1.2927527328584065,0.6089795949507733,False,False,False
1312,11.100000381469728,2026-07-29,-0.1956521573874962,-0.21276595169051282,-0.10121457177244575,-0.17777774952076086,,29.9,-0.11430734915371832,1.5040691293108597,0.7350993444405021,False,False,False
1313,10.600000381469728,2026-07-29,-0.13821136446369175,-0.1485943338263075,-0.04958449004539289,0.018302294777141848,,52.1,-0.06267726742666546,0.8663911489652235,0.7412587580479608,False,False,False
1314,7.510000228881836,2026-07-29,-0.10807599039982962,-0.10167457687830217,0.010767214319182816,-0.07626074745777767,,54.5,-0.0023255630620897527,0.6323258069176529,0.7221154331102898,False,False,False
1315,63.0,2026-07-29,-0.021739153613471895,0.008000000000000007,0.004784676768901486,0.007570564864840534,,60.4,-0.008308100612371083,0.8713302616509918,0.9692307692307692,False,False,False
1316,9.600000381469728,2026-07-29,-0.0769230063850328,-0.08133965964686285,-0.14666663275824632,-0.32631576270387874,,14.2,-0.1597594101395189,0.7459886456708059,0.5835866222631289,False,False,False
1319,70.5,2026-07-29,-0.03688520574872822,-0.08914730477843558,-0.007459380068126631,-0.3371246388397363,,31.6,-0.0205521574493992,0.4809009786572138,0.6455829439234381,False,False,False
1321,32.150001525878906,2026-07-29,0.007837050480822061,0.038772236942119065,0.04213942069154841,-0.059941496822479956,,61.1,0.029046643310275844,0.8270401265079671,0.8516556695597062,False,False,False
1323,19.899999618530277,2026-07-29,0.0025188532040143485,0.010152225778948809,0.016785640358745635,0.10309107333393408,,70.4,0.003692862977473066,0.38292113944121453,0.8435402535342998,False,False,False
1324,10.0,2026-07-29,-0.024390243902439046,-0.033816460731379006,-0.07407409042651403,-0.10313898276902878,,39.1,-0.0871668678077866,0.7236357327732736,0.7843137254901961,False,False,False
1325,26.5,2026-07-29,-0.007490665064589064,0.09504128779131404,-0.011194001701525846,-0.10924369747899154,,47.9,-0.024286779082798415,3.345947209901679,0.7402234794621703,False,False,False
1326,58.5,2026-07-29,-0.17138808407420048,0.07142860137125107,0.1270203955287592,0.7150311079141325,,91.4,0.11392761814748664,1.569987911255341,0.8158996163169878,False,False,False
1336,15.100000381469728,2026-07-29,-0.05624997615814198,0.03717724253292576,0.10831935757158262,-0.049521762343612274,,72.3,0.09522658019031005,0.9966846102066336,0.8143354114956907,False,False,False
1337,4.559999942779541,2026-07-29,-0.06557380413054315,-0.08800001144409175,-0.11284045501398454,-0.04602515844609745,,37.8,-0.1259332323952571,0.6559050751810593,0.7091757487585734,False,False,False
1338,15.399999618530272,2026-07-29,-0.0434783072269439,-0.07210091691983445,-0.06379142652800551,-0.2550358903403559,,29.8,-0.07688420390927808,0.5552339881828715,0.6616663840760849,False,False,False
1339,43.5,2026-07-29,-0.03761063571338086,-0.011363636363636354,0.03942656119567678,-0.06451612903225812,,60.2,0.02633378381440421,0.406182476862137,0.9291166336625919,False,False,False
1340,5.159999847412109,2026-07-29,0.0,-0.02641515816687967,-0.10880831063758645,-0.23442136162623828,,24.2,-0.12190108801885902,0.9581098693640703,0.5986078788767221,False,False,False
1341,58.0,2026-07-29,-0.008547008547008517,0.005199293467830213,0.01650668623149376,0.05994718651675779,,67.2,0.0034139088502211923,0.717407831024115,0.9437886439106558,False,False,False
1342,103.0,2026-07-29,-0.0964912280701754,-0.08444444444444443,0.10160427807486627,0.1409584533204331,,79.7,0.0885115006935937,0.47493414399608114,0.8765957446808511,False,False,False
1343,31.299999237060547,2026-07-29,0.11190052082475765,0.3347547214807467,0.4904761541457403,-0.02187502384185791,,91.1,0.47738337676446774,1.7535520681486882,0.5680580781097712,True,True,False
1402,27.25,2026-07-29,0.0018382071933127353,0.0028268548756453793,0.0971426605504937,0.006358007481516825,,74.3,0.08404988316922113,0.4520301769332575,0.9771133369832132,False,False,False
1409,20.399999618530277,2026-07-29,-0.1639344287924599,-0.21689058671802897,0.1999999775606045,0.3161290076471146,,88.5,0.18690720017933193,0.44413211729716273,0.6435330955064192,False,False,False
1410,24.799999237060547,2026-07-29,-0.058823571991262535,0.0,-0.11830524307743384,-0.26265356301582976,,21.3,-0.1313980204587064,1.0685647637644178,0.6943346198994421,False,False,False
1413,9.380000114440918,2026-07-29,-0.004246280417097625,0.00320852745959721,-0.012631566900956015,-0.05728640258801332,,51.8,-0.025724344282228584,6.459694058538633,0.7949152510866836,False,False,False
1414,18.549999237060547,2026-07-29,0.030555513170030357,0.008152153350003744,0.09763311572629307,-0.05465638164209041,,70.9,0.0845403383450205,1.3984004247834598,0.8978503567659987,False,False,False
1416,10.75,2026-07-29,-0.027149338059415218,-0.009216624696208764,-0.01712837390966715,-0.03804053081302883,,52.8,-0.03022115129093972,0.9402770382465618,0.9341341402727025,False,False,False
1417,8.279999732971191,2026-07-29,-0.03157900020356208,-0.0009255197662852988,-0.0392215469466527,-0.030477255680175563,,49.6,-0.052314324327925266,0.5295223635406454,0.9213086384984198,False,False,False
1418,18.450000762939453,2026-07-29,0.016528989020081708,0.03651694122129889,-0.03403139296064539,-0.0728642654968008,,47.0,-0.04712417034191796,1.0099793867012348,0.7469635705688856,False,False,False
1419,70.0999984741211,2026-07-29,0.0637328808951978,0.07846151498647846,0.1022012603136282,-0.03176799728292401,,72.6,0.08910848293235563,1.3415587648762823,0.8784460625728879,True,True,False
1423,35.75,2026-07-29,-0.009695249000411743,-0.038978514333365744,-0.0701860303002555,0.018773775134528936,,48.6,-0.08327880768152807,0.09077079039513845,0.8617788032705421,False,False,False
1432,15.0,2026-07-29,-0.003322271767520979,-0.016393442622950838,-0.0044248375768251025,-0.07534252615219761,,51.7,-0.01751761495809767,0.3769248802201904,0.8720929845724334,False,False,False
1434,17.600000381469727,2026-07-29,-0.08333334989017849,0.06560130429344935,0.1253547577695473,0.10809468438199077,,80.1,0.11226198038827473,1.7277366718685776,0.9025641221266526,False,False,False
1435,22.149999618530277,2026-07-29,0.15364576762335447,-0.19012799599310326,0.7237353277025238,0.020737273722098548,,95.3,0.7106425503212512,2.3201119271358803,0.6701966756384194,False,False,False
1436,35.599998474121094,2026-07-29,-0.11558079539223454,-0.10670697767467652,-0.20821751911109654,-0.35171210242868844,,8.4,-0.2213102964923691,1.6021343459038049,0.49158513812838606,False,False,False
1437,31.100000381469727,2026-07-29,-0.0016051119638155198,0.029801311118995866,0.038397315166458945,-0.04202230919916938,,61.7,0.025304537785186376,1.114305119890947,0.9070507760412999,False,False,False
1438,22.25,2026-07-29,0.015981752856907727,-0.03260869565217395,-0.051172738758966,-0.32267881176529334,,26.4,-0.06426551614023857,0.3125465263256381,0.5719794120110201,False,False,False
1439,27.450000762939453,2026-07-29,0.03195490110074806,0.13429751642723664,0.03001880509795285,-0.09105960034857741,,56.3,0.01692602771668028,0.5006899935713063,0.8883495502206443,True,True,False
1440,12.199999809265137,2026-07-29,-0.05058370061544293,-0.06529389776137462,-0.025130763016499302,-0.08247599991192434,,47.8,-0.03822354039777187,0.5352749322402058,0.7998927400911202,False,False,False
1441,9.100000381469728,2026-07-29,0.0077520100297394645,0.011111153496636383,-0.10784308317302393,-0.11650483369355358,,33.2,-0.1209358605542965,0.3528155698204541,0.6500000272478378,False,False,False
1442,29.899999618530277,2026-07-29,0.02572898832983972,0.11152416515030072,0.09124087718268736,0.0016750162955303516,,73.4,0.0781480998014148,1.0710394830247625,0.4444681696346247,False,False,False
1443,26.200000762939453,2026-07-29,0.0076923370361328125,-0.00945179556857667,0.23004702823431278,-0.03142323468004138,,82.1,0.2169542508530402,0.8766780367584118,0.8438003673657986,False,False,False
1444,7.210000038146973,2026-07-29,-0.10434784256957996,-0.19531249916846194,0.17426713272451955,0.1723577116003625,,84.4,0.16117435534324698,0.4284408440566584,0.7210000038146973,False,False,False
1445,10.5,2026-07-29,-0.04977377205803346,-0.07894733760055184,-0.16996044927786857,-0.1132538970146747,,24.0,-0.18305322665914114,0.49907771595697636,0.663038099592947,False,False,False
1446,13.649999618530272,2026-07-29,-0.025000027247837786,-0.1151396580904065,-0.05353548558682897,-0.17380450381671464,,37.1,-0.06662826296810154,0.8500870336036035,0.660226918173916,False,False,False
1447,6.849999904632568,2026-07-29,-0.11953731106630527,-0.08909575505230216,0.364541818856402,0.30725194729747973,,92.4,0.35144904147512945,0.617918550733747,0.685685691849206,False,False,False
1449,11.800000190734863,2026-07-29,-0.07812499883584678,-0.17192981117650086,-0.11610487988347329,-0.028806538171541662,,38.4,-0.12919765726474586,0.2557824913439749,0.7195122234882314,False,False,False
1451,17.399999618530273,2026-07-29,0.0,0.017543814641410194,0.0265486038546221,0.044649774903471995,,67.6,0.01345582647334953,0.7314782695395506,0.9676755226418466,False,False,False
1452,11.300000190734863,2026-07-29,-0.030042870322390947,0.05125252523460189,0.00975573506717109,-0.02447331939971842,,58.6,-0.0033370423141014793,0.6684758236459702,0.8078045742856287,False,False,False
1453,11.050000190734863,2026-07-29,-0.013392823311138558,-0.017777760823567745,-0.06751056244570708,-0.09795916810327643,,40.9,-0.08060333982697965,0.6404816393431255,0.7781690379689316,False,False,False
1454,12.75,2026-07-29,0.007905168734016588,0.0,-0.09252670271080399,-0.011627877749298854,,43.0,-0.10561948009207656,0.5043548563851753,0.7680722715062458,False,False,False
1455,8.65999984741211,2026-07-29,-0.052516463663079604,-0.12019926214563736,0.05113597098892919,0.11085954141023757,,75.0,0.03804319360765662,0.42708716759636534,0.7872727134011008,False,False,False
1456,14.0,2026-07-29,0.0035842431124375462,-0.02777775202268351,0.02189782444609789,0.04477614914555783,,66.9,0.008805047064825322,0.598937239194031,0.8974358754907296,False,False,False
1457,14.300000190734863,2026-07-29,0.003508785314727314,0.01779359406449399,-0.02054795773263296,-0.023420499912695125,,53.7,-0.03364073511390553,0.4883415202314865,0.8857348404244636,False,False,False
1459,15.800000190734863,2026-07-28,0.18796992211635954,0.2083642945895332,0.22956374999146534,0.21393367903544158,,87.6,0.21647097261019277,0.21068533740895978,1.0,True,True,False
1460,6.630000114440918,2026-07-29,-0.048780442752550446,-0.06751054993809502,-0.05014325267566788,0.02157170235132888,,52.2,-0.06323603005694045,0.452726780346156,0.7727272929365189,False,False,False
1463,17.75,2026-07-29,-0.01114210331134835,0.02011496489327458,-0.058355456721956855,0.011396055363757984,,49.9,-0.07144823410322942,1.0618505337530773,0.8964646810074886,False,False,False
1464,10.25,2026-07-29,-0.014423040772329365,0.024154559910718243,0.044535735774026364,-0.1141279311908302,,57.0,0.031442958392753795,0.7040069957390612,0.8412249622196766,False,False,False
1465,12.399999618530272,2026-07-29,-0.00800003051757825,-0.015873075943203085,0.024793324595259625,-0.00800003051757825,,62.3,0.011700547213987056,1.022225872497511,0.908424905865705,False,False,False
1466,15.899999618530272,2026-07-29,-0.08092483700988595,0.07432428470399843,-0.012422407341657338,0.11188807038143023,,66.6,-0.025515184722929907,0.6735778188909859,0.7969924316026717,False,False,False
1467,10.199999809265137,2026-07-29,0.019999980926513672,0.39726021133683576,0.37466303293620906,0.2749999761581421,,92.2,0.3615702555549365,1.6722061826824273,0.9714285532633463,False,False,False
1468,13.449999809265137,2026-07-29,0.026717512794159237,0.12083331743876147,0.09795916810327654,0.12083331743876147,,78.7,0.08486639072200397,0.9595747963122295,0.8996655505593795,False,False,False
1470,22.950000762939453,2026-07-29,0.017738427468392493,0.11138020275531968,0.05210662044736969,0.029234674788493065,,69.9,0.03901384306609712,0.39663564344337415,0.993506510127567,False,False,False
1471,9.460000038146973,2026-07-29,-0.052104161116307335,-0.12407408601135528,-0.1948936137747257,-0.034693892445975094,,26.5,-0.20798639115599826,0.39567387041683355,0.6457338078139845,False,False,False
1472,89.0,2026-07-29,0.006787312938512091,0.002252217808209167,0.06264803904796623,0.06028391710533065,,73.5,0.04955526166669366,1.1576750649605136,0.9826755267512578,False,False,False
1473,19.75,2026-07-29,-0.019851098069621376,0.0025380322398060873,-0.06323757562741239,-0.16041209561941638,,36.6,-0.07633035300868496,0.969270323933388,0.6235460115849969,False,False,False
1474,10.25,2026-07-29,-0.023809523809523836,0.009852254702272356,0.026026049533405926,-0.009661872249663417,,62.4,0.012933272152133357,0.5343400365821248,0.8167330553163771,False,False,False
1475,27.200000762939453,2026-07-29,0.0,0.013035395772704517,-0.035460991948418785,-0.14599024915135805,,42.1,-0.048553769329691354,0.5708211231899626,0.7152331877519004,False,False,False
1476,338.5,2026-07-29,0.002962962962963056,0.08319999999999994,0.05344231218528184,-0.15724608622038683,,54.7,0.04034953480400927,0.6960640130601213,0.7830898972428054,False,False,False
1477,216.5,2026-07-29,0.00932400932400923,-0.011415525114155223,0.021226415094339535,-0.3128123900580726,,37.9,0.008133637713066966,0.4131924604656204,0.6618113924774501,False,False,False
1503,188.5,2026-07-29,-0.0871670702179177,-0.19388661994678957,0.0134601488629853,-0.019978855055267197,,59.5,0.0003673714817127305,0.2967601070972947,0.7203886629401453,False,False,False
1504,62.0,2026-07-29,-0.08957413525404367,-0.11554919615456738,0.025345701632478956,-0.2826039899983439,,40.9,0.012252924251206387,0.37083474329636035,0.5336945909733138,False,False,False
1506,10.300000190734863,2026-07-29,-0.028301903767787295,0.031031073745660498,-0.05069126003665292,-0.20155034920005932,,35.4,-0.06378403741792549,0.5967755449508504,0.7103448407403354,False,False,False
1512,6.739999771118164,2026-07-29,0.013533785633090156,-0.0058997695357470015,-0.1013333638509114,-0.14791404536837394,,31.8,-0.11442614123218398,0.5147856211780556,0.7350054214876447,False,False,False
1513,149.5,2026-07-29,-0.07999999999999996,-0.12474613736623918,0.04323186161272585,-0.031750353373006246,,63.7,0.030139084231453284,0.3372201399625154,0.8284488416585225,False,False,False
1514,98.6999969482422,2026-07-29,-0.0903226087719613,-0.19756100042079516,-0.1108108383041243,-0.1342105530855947,,31.1,-0.12390361568539687,0.29805711244422645,0.6602006484832255,False,False,False
1515,28.299999237060547,2026-07-29,-0.2610966109451933,-0.12248064381207602,0.3255854925742341,0.0331074689812223,,87.8,0.3124927151929615,1.463125726876245,0.6309922006661816,False,False,False
1516,15.350000381469728,2026-07-29,-0.04953555764438766,-0.20466316122986628,-0.256658563436708,-0.3006833782262648,,7.1,-0.2697513408179806,0.4130543554040018,0.6019607992733227,False,False,False
1517,11.899999618530272,2026-07-29,0.025862002344394064,0.1387559651416972,0.1387559651416972,-0.028571459711814517,,76.6,0.12566318776042462,1.5285469749989598,0.8350876925284401,False,False,False
1519,668.0,2026-07-29,-0.052482269503546064,-0.1391752577319587,-0.23306544202066592,-0.30777202072538856,,7.9,-0.2461582194019385,0.42100574754369247,0.6185185185185185,False,False,False
1521,25.100000381469727,2026-07-29,-0.009861932790452554,-0.019531249708961695,0.03388098358793368,-0.03375605250318192,,61.6,0.02078820620666111,0.2214959740046103,0.8702701451560264,False,False,False
1522,27.149999618530277,2026-07-29,-0.04903676553213143,-0.07135191953554076,-0.09512525636780333,-0.44662748155038634,,13.4,-0.1082180337490759,0.41711365549833584,0.5355556092324452,False,False,False
1524,25.549999237060547,2026-07-29,-0.04127581227824406,-0.11744391835151324,-0.10035212745602218,-0.1874051898471797,,29.2,-0.11344490483729475,0.3620461350610901,0.7489510090709033,False,False,False
1525,67.9000015258789,2026-07-29,0.02259036092665423,0.007418397458166526,0.13468443454624834,0.13106501128200532,,81.2,0.12159165716497577,0.2785772744140178,0.9877127836259529,False,False,False
1526,18.899999618530277,2026-07-29,0.16307689960186322,0.3263157627038791,0.16307689960186322,0.010695125531074323,,79.3,0.14998412222059065,4.461530660256517,0.8025477805021504,True,True,False
1527,33.5,2026-07-29,-0.005934740605685662,0.009036121390558316,0.03076923076923066,-0.057665239973435534,,59.2,0.01767645338795809,0.967285231714554,0.8712613611256264,False,False,False
1528,17.0,2026-07-29,-0.14786970677312383,-0.2781316114334661,-0.3873873873873874,-0.400352741754754,,1.4,-0.40048016476866,0.2882889519880954,0.5362775896168034,False,False,False
1529,16.799999237060547,2026-07-29,-0.134020640855389,-0.1619463236928398,-0.1311920057383692,-0.1506720394206812,,27.2,-0.14428478311964177,0.6175558536840104,0.6497431725624261,False,False,False
1530,28.149999618530277,2026-07-29,0.004613937149222425,0.08996169586311487,0.16194033323053958,0.022970755236894513,,79.9,0.148847555849267,0.47983129612185094,0.8600954859563125,False,False,False
1531,12.899999618530272,2026-07-29,-0.01149429655266121,0.0,-0.015267233367593058,0.027888400197300323,,58.7,-0.028360010748865627,0.7565932367420451,0.9626865661019444,False,False,False
1532,22.399999618530277,2026-07-29,-0.03239740874119357,-0.013215909001155879,0.07177033623819185,-0.1093439380402148,,61.7,0.058677558856919276,1.1065191764075188,0.7943262061172863,False,False,False
1533,31.649999618530277,2026-07-29,-0.06083089311569401,-0.12083334392971457,-0.026153857891376142,-0.021638296402109347,,52.6,-0.03924663527264871,0.3574990566105775,0.7795566701487527,False,False,False
1535,46.45000076293945,2026-07-29,0.015300563124359678,-0.01797036972159405,-0.02954639625347788,-0.07670863764166891,,47.5,-0.04263917363475045,0.9192286077304435,0.8575710081775187,False,False,False
1536,45.79999923706055,2026-07-29,-0.12428298460459641,-0.03983231646728014,-0.11067962646484375,-0.29211744362679026,,19.8,-0.12377240384611632,0.6465837864967483,0.628257863901442,False,False,False
1537,126.5,2026-07-29,0.007968127490039834,0.007968127490039834,0.03265306122448974,0.02016129032258074,,66.4,0.019560283843217174,1.3447854597322897,0.937037037037037,False,False,False
1538,10.0,2026-07-29,0.0,-0.10714284193759038,-0.2957746384281459,-0.6212121157387838,,1.2,-0.30886741580941846,0.8503225069924082,0.3552397916700968,False,False,False
1539,16.0,2026-07-29,0.0,0.022364242172588478,-0.012345725525951368,-0.1836734852757067,,42.6,-0.025438502907223937,0.6635365085550136,0.7424594230371966,False,False,False
1540,18.799999237060547,2026-07-29,-0.10218650785879446,-0.08977436842024078,-0.05493309820633541,-0.29457512249695694,,27.9,-0.06802587558760798,0.9748734940846226,0.6942670399152618,False,False,False
1541,20.950000762939453,2026-07-29,-0.05630630437124773,-0.023310022480926063,-0.1360824427653834,-0.1784313426298254,,24.2,-0.14917522014665596,0.4752689735972644,0.7137989945705876,False,False,False
1558,91.1999969482422,2026-07-29,0.02934535574377617,0.06460470944958052,0.058755246494454294,-0.07358917983060143,,62.7,0.045662469113181725,1.4329058525658906,0.9219782427694754,True,True,False
1560,594.0,2026-07-29,-0.1598302687411598,-0.21524563045223322,0.1477597559206576,0.412002000171348,,88.2,0.13466697853938503,0.7632994206406856,0.7776109696717934,False,False,False
1563,54.70000076293945,2026-07-29,-0.12898086898926253,-0.09097578716654275,0.3635362328101617,0.15677056291584135,,90.6,0.3504434554288891,0.5759241333780997,0.7950761016018764,False,False,False
1568,26.649999618530277,2026-07-29,-0.0981387375094479,-0.28743319435188186,-0.03579881826262665,0.0653019044450931,,58.5,-0.04889159564389922,0.426090302494616,0.5351405627873519,False,False,False
1569,37.20000076293945,2026-07-29,-0.14482756866805857,-0.1895424939808401,-0.3820597958224503,-0.2691552132070961,,2.9,-0.3951525732037229,0.783524539130293,0.5414847513161539,False,False,False
1570,33.25,2026-07-29,-0.10377354804493144,-0.16874999999999996,-0.10267855396423642,0.13095239562667005,,52.6,-0.11577133134550899,0.3301305072234372,0.6222302175734965,False,False,False
1580,111.5,2026-07-29,-0.021929824561403466,-0.018513916934919106,-0.018513916934919106,-0.10306141806549718,,47.1,-0.031606694316191675,0.9315826279871712,0.8462282651569212,False,False,False
1582,64.5,2026-07-29,-0.09537170772379322,-0.22661871918568566,-0.2648124207886705,0.025869390994770036,,20.7,-0.2779051981699431,0.21586302287271214,0.558004261194877,False,False,False
1583,49.75,2026-07-29,0.008105400977644894,-0.0050000000000000044,0.056263303858384406,0.021560558944787367,,70.3,0.04317052647711184,0.329842221005405,0.8291666666666667,False,False,False
1584,17.200000762939453,2026-07-29,-0.1356783370526634,-0.09711278468305873,-0.12416295209230999,-0.2737851514728359,,19.5,-0.13725572947358256,0.8616302165447719,0.6235833801713608,False,False,False
1586,18.0,2026-07-29,0.0,-0.08396944786575467,-0.17431189770871425,-0.38671210337140605,,9.5,-0.18740467508998682,1.1699417019561025,0.5921052705878367,False,False,False
1587,23.75,2026-07-29,-0.05940594059405946,-0.1268382597856449,-0.2647058649849875,-0.560998139189211,,2.1,-0.27779864236626006,0.6390308958407774,0.41813380843328835,False,False,False
1589,5.539999961853027,2026-07-28,0.0,0.0,0.0,-0.6878873260927871,,11.3,-0.013092777381272569,,0.23083333174387613,True,True,False
1590,1325.0,2026-07-29,-0.054174197892334464,0.013131772280563947,-0.09226113816590986,0.3260106946749939,,70.9,-0.10535391554718243,1.199686253594519,0.8726005875487042,False,False,False
1591,40.0,2026-07-29,0.16788321167883202,0.2841091650031706,-0.3630573171027277,-0.20792079207920788,,4.6,-0.3761500944840003,1.5087332400767381,0.59084197641221,False,False,False
1593,29.75,2026-07-29,-0.018151790459051576,-0.02936377258504619,0.0052914288314456215,0.006887084085146711,,60.4,-0.0078013485498269475,0.9797108766351476,0.8972261609817185,False,False,False
1594,8.100000381469727,2026-07-29,0.017587982745204123,0.01250004768371582,-0.38403037137311835,-0.04255315071559951,,7.2,-0.3971231487543909,0.10885377718447,0.5159235974442257,False,False,False
1595,48.0,2026-07-29,-0.151943440034777,-0.41463414634146345,-0.2749244378737914,0.1970075268451008,,31.4,-0.28801721525506396,0.3013496639330058,0.47761194029850745,False,False,False
1597,109.5,2026-07-29,-0.15116279069767447,-0.22340425531914898,-0.16091954022988508,0.34355828220858897,,60.7,-0.17401231761115765,0.4142824887871418,0.49547511312217196,False,False,False
1598,20.75,2026-07-29,0.053299451593720404,0.09498676330297617,0.014304720970020224,0.014304720970020224,,62.5,0.0012119435887476548,2.8196650621554054,0.874759689820256,True,False,False
1599,24.399999618530277,2026-07-29,0.06318077592103344,0.02953581574079256,-0.03366338144434544,-0.11272728659889897,,44.3,-0.04675615882561801,1.3705099869078305,0.744146243397422,False,False,False
1603,28.0,2026-07-29,-0.03614455299954056,-0.06050163873911174,-0.07647455638730505,-0.24555434040768664,,28.1,-0.08956733376857762,0.6171039226011203,0.6956006200863943,False,False,False
1604,23.450000762939453,2026-07-29,0.010775861714597879,0.0021368010779616586,0.017353645948749996,0.03637605386282616,,64.8,0.004260868567477427,1.0349182290223558,0.9736267069277299,False,False,False
1605,29.350000381469727,2026-07-29,-0.12388058562776938,-0.21102151130304003,-0.03161485492334282,-0.30668588632729876,,30.5,-0.044707632304615386,0.535693218710584,0.672186074135476,False,False,False
1608,27.549999237060547,2026-07-29,-0.09523814296282329,-0.12633013551193117,-0.10094824680621439,-0.23836803039918975,,25.1,-0.11404102418748696,0.480622624312455,0.7250060207467051,False,False,False
1609,33.0,2026-07-29,-0.1258278145695364,-0.13157894736842102,0.04213007809031866,-0.1711789256691647,,51.5,0.029037300709046088,0.3652477193306637,0.7105432661877665,False,False,False
1611,11.449999809265137,2026-07-29,-0.06147541079717245,-0.14869888686706778,-0.033755321462275,-0.11074450718114359,,44.5,-0.04684809884354757,0.474654031873816,0.7633333206176758,False,False,False
1612,29.799999237060547,2026-07-29,-0.05095542678049947,-0.13872830776714296,-0.10117636852467182,-0.09991051981007981,,35.4,-0.11426914590594439,0.55278834113186,0.7860560446057812,False,False,False
1614,31.299999237060547,2026-07-29,0.009677394743888623,0.005099727438393042,0.0035364874014700565,-0.05106762463060932,,55.4,-0.009556289979802512,1.011608157585523,0.8423942493302514,False,False,False
1615,42.04999923706055,2026-07-29,-0.022093040998591884,0.006868586817742717,-0.028001247541048824,-0.07884424196331519,,47.6,-0.04109402492232139,0.5188138423011497,0.8874770877860539,False,False,False
1616,18.200000762939453,2026-07-29,-0.09226925409062081,-0.14471981540657408,-0.13321378967037378,-0.32767541309520754,,15.4,-0.14630656705164635,0.6878488596406326,0.482028235758154,False,False,False
1617,16.299999237060547,2026-07-29,-0.14596981896254335,-0.19113478023504893,0.10323907833339896,0.0014521587971738636,,74.7,0.09014630095212639,1.002658216538829,0.6301271462820046,False,False,False
1618,36.70000076293945,2026-07-29,-0.06138101802664031,-0.10814096228261094,-0.06017921946310356,-0.16018306356498901,,37.2,-0.07327199684437613,0.5292376318897791,0.7257935293097862,False,False,False
1623,209.0,2026-07-29,-0.050000000000000044,-0.05429864253393668,-0.12916666666666665,-0.2112016653826232,,23.0,-0.14225944404793922,0.5894700558560922,0.6403186394246165,False,False,False
1626,9.880000114440918,2026-07-29,-0.016915430155978406,-0.1662447429207995,-0.11785711761639994,-0.10990993018932427,,32.0,-0.1309498949976725,0.35865379838643113,0.771874997438863,False,False,False
1708,47.5,2026-07-29,-0.12199627837842208,-0.10881799850060203,0.17168832652396038,0.48168650266444013,,89.8,0.1585955491426878,0.4471908981685316,0.7698541233816518,False,False,False
1709,24.0,2026-07-29,-0.1397849344750537,0.09339403944448965,0.26984129547121727,0.3913043478260869,,90.9,0.2567485180899447,1.392945580984517,0.8540925150957139,False,False,False
1710,13.149999618530272,2026-07-29,-0.25071223987513014,-0.21492539590864046,-0.0037878932922233988,0.0313725191004135,,60.9,-0.016880670673495968,0.9800875383437297,0.6976126977406975,False,False,False
1711,31.450000762939453,2026-07-29,-0.16467464838421997,-0.2995545725134844,-0.4501748191703474,0.3644252409506854,,18.4,-0.46326759655162,0.5088599602467023,0.5072580768216041,False,False,False
1712,39.150001525878906,2026-07-29,0.007722086577626408,-0.0012754907165158924,-0.08634765647603848,-0.09122112353835632,,38.1,-0.09944043385731105,1.2377229656406363,0.8719376435502817,False,False,False
1713,46.400001525878906,2026-07-29,-0.03634475481915489,-0.06262623180042615,-0.006423966427397176,-0.09902909658487558,,49.2,-0.019516743808669745,0.7384192798684452,0.8689138614236249,False,False,False
1714,13.199999809265137,2026-07-29,-0.1592356707243181,-0.32824427147482904,0.3749999254941967,0.45374448460099526,,93.7,0.3619071481129241,0.5788042006784779,0.5802197718358302,False,False,False
1717,54.79999923706055,2026-07-29,-0.12460062982725262,-0.2594594697694521,-0.32925335025683145,-0.17529211400684452,,6.7,-0.342346127638104,0.4170092272236345,0.6416861622707865,False,False,False
1718,9.199999809265137,2026-07-29,-0.25506076719891746,-0.3159851345925191,0.3834585980944727,0.2903225331836523,,92.6,0.3703658207132001,1.3024872665146987,0.6052631529414422,False,False,False
1721,18.899999618530277,2026-07-29,-0.10213775280072168,-0.1888411915280972,-0.24701197883314174,-0.08252430735237493,,16.4,-0.2601047562144143,0.19783878867978993,0.543884881108785,False,False,False
1722,45.29999923706055,2026-07-29,-0.025806468020203255,-0.04531088495910318,-0.06981522531035145,-0.036170228998711806,,44.7,-0.08290800269162402,0.9327359771915583,0.8684415062620018,False,False,False
1723,82.30000305175781,2026-07-29,-0.03967320907301519,0.022910263338638215,0.07930142935656392,0.17741981608317192,,79.2,0.06620865197529135,1.08975451182667,0.9175028523049533,False,False,False
1725,28.899999618530277,2026-07-29,-0.03344481648020681,-0.14192400960017026,-0.07968709931230056,0.022920779068309693,,47.4,-0.09277987669357313,0.2765228582624233,0.7246206219698323,False,False,False
1726,78.4000015258789,2026-07-29,0.03841061623680675,0.05104726848576013,0.0843257994335278,0.07722007155368393,,76.4,0.07123302205225523,1.0560606457465125,1.0,True,True,False
1727,65.4000015258789,2026-07-29,-0.18555418380588384,-0.27171492980702394,-0.21260005763047618,0.39534969652506646,,56.5,-0.22569283501174875,0.24583020788659074,0.6269059614985758,False,False,False
1730,51.0,2026-07-29,-0.007782130622652095,0.010126161654862686,0.029366645898669663,0.02546011822900418,,66.2,0.016273868517397094,0.6803619268920629,0.9883721222507011,False,False,False
1732,26.100000381469727,2026-07-29,-0.03333331920482496,-0.013232528218302786,0.0019194297840148256,-0.06618963617069917,,53.9,-0.011173347597257743,3.3076449386777163,0.7814371014698005,False,False,False
1735,18.649999618530277,2026-07-29,-0.07673272702310652,-0.15034173256070782,-0.33256425777485066,0.06901263413125425,,15.2,-0.3456570351561232,0.4797601819406644,0.6053242193117572,False,False,False
1736,134.5,2026-07-29,-0.0146520146520146,0.0717131474103585,0.04669260700389111,-0.161993769470405,,53.1,0.03359982962261854,0.8736463682512812,0.7349726775956285,False,False,False
1742,16.049999237060547,2026-07-29,0.012618224023807523,0.049019544900388734,0.0031249523162841797,0.015822724259983545,,60.8,-0.00996782506498839,0.8862316388713509,0.9042253091301716,False,False,False
1773,148.0,2026-07-29,-0.12426035502958577,-0.12941176470588234,-0.11969708947156477,-0.05070784909554571,,36.5,-0.13278986685283733,0.9284769121678542,0.7764723155232133,False,False,False
1776,16.649999618530273,2026-07-29,-0.06983240372284627,-0.18581911993351796,0.047363487614188404,0.1187746863593202,,75.0,0.034270710232915835,0.33342909041980623,0.814180880066482,False,False,False
1785,95.4000015258789,2026-07-29,-0.1443946051490681,-0.3286958834438406,-0.4425089464599856,0.5421851136088309,,32.4,-0.4556017238412582,0.31336116509491946,0.5243429269866504,False,False,False
1802,44.04999923706055,2026-07-29,-0.20773380492872617,-0.41109629091084154,-0.33459212586519294,0.053827752178643884,,14.4,-0.3476849032464655,0.27661426280884205,0.575065275646743,False,False,False
1805,9.869999885559082,2026-07-29,-0.04174760167117064,-0.05096151465494858,-0.08186047576194588,-0.18091288553272922,,32.2,-0.09495325314321845,0.6910972649990635,0.7393258129984018,False,False,False
1806,8.029999732971191,2026-07-29,-0.02430142781143574,0.008181835325784093,-0.07507305987636392,-0.10346985366121664,,38.9,-0.08816583725763649,0.7160690712596124,0.7713541613228054,False,False,False
1808,31.399999618530277,2026-07-29,-0.01721443290377489,0.04666665395100922,0.0644067667298398,-0.048484860044537115,,65.8,0.051313989348567235,0.5685885777903708,0.7303599324450105,False,False,False
1809,31.850000381469727,2026-07-29,-0.1987421287680572,-0.40866575591050136,0.2117321515105206,0.4088050245486272,,89.8,0.19863937412924804,0.16442543182042052,0.5377569868814083,False,False,False
1810,23.799999237060547,2026-07-29,-0.30307472405162605,0.11475404270799183,0.3931706351984299,0.23242023550601387,,92.0,0.3800778578171573,1.7622050544559595,0.696925275948374,False,False,False
1815,62.70000076293945,2026-07-29,-0.2211180029448515,-0.4351351282618068,-0.43257917861593254,-0.3653846272647061,,1.1,-0.4456719559972051,0.4523770137571659,0.49370079340897205,False,False,False
1817,38.70000076293945,2026-07-29,0.0,0.005194825011414439,0.05797102204965565,0.06208775286549839,,73.0,0.04487824466838308,1.0323795134910414,0.9948585924140286,False,False,False
2002,18.950000762939453,2026-07-29,0.013262636260398253,0.015957532748568592,0.005263152036867336,-0.007792149687570027,,59.2,-0.007829625344405233,0.8577494202062884,0.8988235894399881,False,False,False
2006,72.4000015258789,2026-07-29,0.018284150206149263,0.07418397458166526,0.07898663446023635,0.09406557628421042,,76.7,0.06589385707896378,0.744559876839315,0.9209040249805162,False,False,False
2007,7.0,2026-07-29,-0.016853916782002765,-0.030470885953559068,-0.09090906839021629,-0.14215684670386308,,34.3,-0.10400184577148885,0.6134433667080762,0.7751938213730989,False,False,False
2008,30.75,2026-07-29,0.01990051041662233,0.043142904672308635,0.13628068371131108,0.09521030406317688,,80.5,0.12318790633003851,1.187083993197796,0.9824281389627216,False,False,False
2009,35.04999923706055,2026-07-29,-0.06378613989550197,-0.0735766778979079,-0.06748175792912015,-0.2812232433413886,,26.9,-0.08057453531039271,0.6793654097954753,0.6454588676888096,False,False,False
2010,21.0,2026-07-29,-0.0047393544863415515,-0.03225809854048278,-0.07704293894401604,0.07426148991320658,,52.2,-0.0901357163252886,0.5806187970960189,0.8889722863088692,False,False,False
2012,16.0,2026-07-29,0.025641000560833627,-0.0419162114347259,0.06312291011464422,-0.07780981854683788,,63.4,0.050030132733371646,0.45957350403824443,0.8777328677403292,False,False,False
2013,40.95000076293945,2026-07-29,0.007380054755214749,-0.0065939901085058095,0.006097619838239643,0.01553336612869649,,61.3,-0.006995157543032926,0.780026234677746,0.9593022938884184,False,False,False
2014,16.799999237060547,2026-07-29,-0.02040818596238081,-0.026087000750113276,-0.06925208048948173,0.012048123553905166,,48.3,-0.0823448578707543,0.5600009108719275,0.8421051927110412,False,False,False
2015,65.5999984741211,2026-07-29,0.04625195655333658,0.08072483771982664,0.06148866155295596,0.07888481028533345,,74.4,0.04839588417168339,1.1066355385069087,0.9778828006339281,True,True,False
2017,8.800000190734863,2026-07-29,-0.015659887720311794,-0.029768413800877247,-0.002267517548905529,-0.02439027226871704,,56.6,-0.015360294930178098,0.6225180630399212,0.8110598968977019,False,False,False
2020,21.299999237060547,2026-07-29,0.009478618577014819,-0.009302361066951259,-0.044843050861548606,-0.04008494654609818,,48.2,-0.057935828242821175,0.6124074265195767,0.8926835710047911,False,False,False
2022,7.570000171661377,2026-07-29,-0.023225784301757812,-0.023225784301757812,-0.0813106332605964,-0.1522956424454045,,34.8,-0.09440341064186897,0.7206821827535915,0.7708758051847252,False,False,False
2023,13.649999618530272,2026-07-29,-0.014440487901144272,0.011111082854094123,-0.031914946862756755,-0.07770274036378177,,46.9,-0.045007724244029323,0.6097072519982231,0.8425925293631598,False,False,False
2024,14.0,2026-07-29,0.03321031755946646,0.014492739601511984,-0.007092225444273681,-0.1566265254049065,,45.2,-0.02018500282554625,0.9191380971919647,0.7253886297112748,False,False,False
2025,12.449999809265137,2026-07-29,0.0779220436076038,-0.08791207639567256,0.09691624588764713,-0.11387902916363168,,65.7,0.08382346850637457,0.7866327918780812,0.8137254675855765,False,False,False
2027,43.25,2026-07-29,-0.011428571428571455,0.11418180703240699,0.16923885447731868,0.23170505290385934,,85.8,0.1561460770960461,0.8714644092317829,0.9708193207783695,False,False,False
2028,15.550000190734863,2026-07-29,-0.003205140353346181,-0.015900122658227045,-0.1276676574818315,-0.1799167853803968,,25.4,-0.14076043486310408,0.6849569861906971,0.769955870051861,False,False,False
2029,20.549999237060547,2026-07-29,0.002438987173685181,0.022023928605950482,0.05253215028478353,-0.002080381202230863,,67.8,0.03943937290351096,0.9086264832197826,0.8670449357573736,False,False,False
2030,17.049999237060547,2026-07-29,-0.02011496489327458,-0.060606082897471936,0.06827417703925942,0.06502709238790816,,74.4,0.05518139965798685,0.45151345244788843,0.846153824309807,False,False,False
2031,39.5,2026-07-29,-0.0075376694173701075,0.04359317285064246,0.028541674675229833,0.08010083470162388,,70.5,0.015448897293957264,0.6516029698264668,0.9368099695869118,False,False,False
2032,15.300000190734863,2026-07-29,-0.046728914764923135,-0.07272726116758399,-0.07552864676431836,-0.061688250923092824,,42.4,-0.08862142414559093,0.38549422713416676,0.8203753621277868,False,False,False
2033,15.0,2026-07-29,-0.019607855359147774,-0.07120740840208939,-0.06542051632227042,-0.08256882874447813,,42.2,-0.07851329370354299,0.6772611371532481,0.6849315187799377,False,False,False
2034,18.450000762939453,2026-07-29,-0.05626590880043869,-0.035613103264350854,-0.11890104855278039,-0.07694396763797795,,34.9,-0.13199382593405296,0.9473846885114167,0.8558136070017167,False,False,False
2035,26.200000762939453,2026-07-29,-0.034990750237154145,-0.04379557928093103,-0.06093185945643309,-0.05415162305724153,,44.7,-0.07402463683770566,0.31722626750986194,0.8590164184570312,False,False,False
2038,12.149999618530272,2026-07-29,-0.03952569289153007,-0.07954547014446667,-0.14736844782243708,-0.20588238777357137,,21.0,-0.16046122520370965,0.6179817342928,0.7319276710434953,False,False,False
2049,290.5,2026-07-29,-0.09360374414976602,-0.10093434181726946,-0.052848185431573214,0.33119064185580416,,75.4,-0.06594096281284578,0.4229691278142688,0.713544185997701,False,False,False
2059,7145.0,2026-07-29,-0.12061538461538457,-0.029211956521739135,0.7175480769230769,1.095307917888563,,97.9,0.7044552995418043,0.9591164127178821,0.8255343731946851,False,False,False
2061,55.400001525878906,2026-07-29,0.029739819916506427,-0.1343749761581421,1.8854166314833707,1.946808711389124,,98.9,1.8723238541020981,1.0163595778689871,0.6674698979021555,False,False,False
2062,18.450000762939453,2026-07-29,-0.023809463739334014,-0.028947328266344607,-0.1317646699793199,-0.17999996609157987,,24.8,-0.14485744736059247,0.6946043366414287,0.7675996917575619,False,False,False
2063,23.75,2026-07-29,-0.014522837175506398,-0.014522837175506398,-0.0847784469463827,-0.11380594492117879,,36.8,-0.09787122432765527,0.6543536154142972,0.8064515920110785,False,False,False
2064,12.149999618530272,2026-07-29,-0.050781293946783435,-0.10989011296115392,0.04741372577358982,0.025316390498152375,,69.1,0.03432094839231725,1.5091995369806952,0.7889610337334431,False,False,False
2065,31.200000762939453,2026-07-29,-0.02347417784321204,-0.04878044241882984,0.06484647014856093,-0.0031321488176558887,,69.6,0.05175369276728836,0.6207971034095876,0.8618784559496788,False,False,False
2066,58.59999847412109,2026-07-29,-0.09147289187409169,-0.12537315710267039,0.2670269940350505,0.07918967398669374,,86.7,0.2539342166537779,0.26899705476160723,0.8027397051249464,False,False,False
2067,6.25,2026-07-29,-0.04870626534252542,-0.047256089250542144,-0.22166871633413754,-0.4158878400550885,,6.1,-0.2347614937154101,0.19410837495789024,0.5296610083877271,False,False,False
2069,17.850000381469727,2026-07-29,-0.042895402328356425,-0.03252034453434538,-0.016643176956273598,-0.03184976352140512,,53.7,-0.029735954337546167,0.6338994947504498,0.9051621339119537,False,False,False
2070,46.20000076293945,2026-07-29,-0.13157894548145177,-0.25121555605085477,-0.2020725467115927,0.02659575775633294,,30.0,-0.21516532409286526,0.1462317781197879,0.5606796105268236,False,False,False
2071,34.150001525878906,2026-07-29,0.09105438844368519,0.3605578090385375,0.5522727966308594,1.1821087768873704,,97.5,0.5391800192495868,0.7963458457245279,0.9472954853982803,False,False,False
2072,149.5,2026-07-29,0.04181184668989557,-0.022875816993464082,-0.17403314917127077,-0.4237874056767835,,7.9,-0.18712592655254334,1.0736946582431988,0.4969257208635289,False,False,False
2073,28.299999237060547,2026-07-29,0.05164871834709128,0.04017627266459223,0.08763681454913952,0.07335259057668275,,76.6,0.07454403716786695,0.5790311332057724,0.9880775542337695,False,False,False
2101,32.25,2026-07-29,-0.040178527840138756,0.02707007617185142,-0.054252157093938935,-0.1118934290267446,,41.9,-0.0673449344752115,0.6253346610383026,0.723966921766319,False,False,False
2102,19.299999237060547,2026-07-29,0.010471144062638604,0.06629827791712906,0.007832878408265076,-0.04455452930131176,,56.7,-0.005259898973007493,0.8411433497515852,0.8812785193261014,True,True,False
2103,20.649999618530277,2026-07-29,-0.14492753852113738,-0.0024155141336369423,0.06719509836604987,0.3806617774631298,,84.2,0.0541023209847773,0.9139539408928854,0.8066405980789574,False,False,False
2104,9.670000076293944,2026-07-29,-0.07904761178152919,-0.05658535841034695,-0.10046510918195872,-0.194166660308838,,28.7,-0.11355788656323129,1.3918822431111746,0.7058394314541702,False,False,False
2105,30.399999618530277,2026-07-29,-0.027200012207031166,0.01502500314282651,0.01749674945182611,0.035549119559208364,,64.7,0.004403972070553541,0.48102937582102157,0.7868142679848071,False,False,False
2106,18.25,2026-07-29,0.03107340188437413,0.08308602889231276,0.08226742985894586,-0.04585992266167649,,69.0,0.06917465247767329,1.2854925357592895,0.8252583714951932,False,False,False
2107,25.649999618530277,2026-07-29,-0.005813938874649316,0.003913909372047275,0.03569915498173093,0.0833413152765532,,71.7,0.02260637760045836,0.627011018409161,0.9846449278216791,False,False,False
2108,26.600000381469727,2026-07-29,-0.05338078219348208,-0.03096540465737696,-0.0018761440066131785,0.13726498345770266,,70.1,-0.014968921387885747,0.4568390205040317,0.8273716677760732,False,False,False
2109,14.399999618530272,2026-07-29,-0.010309317542147478,-0.010309317542147478,0.0,-0.003915206199100796,,58.6,-0.013092777381272569,0.7926753360485002,0.8917045781765293,False,False,False
2114,87.30000305175781,2026-07-29,0.002296263847767488,-0.015783471754810652,0.04105856823656606,0.02259194031128553,,67.9,0.027965790855293493,0.5273227497104193,0.9646409176989813,False,False,False
2115,21.549999237060547,2026-07-29,-0.020454580133611455,0.04611644844654328,0.08434974272332241,-0.0572795959180622,,68.4,0.07125696534204984,0.4317527262437202,0.8460311572089253,False,False,False
2201,27.0,2026-07-29,-0.0391459205173218,-0.007352969019469913,-0.007352969019469913,-0.1588784646900434,,45.0,-0.02044574640074248,0.6371457128831634,0.6228373921655004,False,False,False
2204,51.70000076293945,2026-07-29,-0.0038535059164193086,-0.0020554814310833613,0.020039224505426168,-0.0565506643934891,,57.6,0.0069464471241535986,0.8912459991641342,0.8638457580755492,False,False,False
2206,63.59999847412109,2026-07-29,0.05999997456868478,0.09323898142110654,0.17187539756945092,0.11328165507880095,,82.9,0.15878262018817835,0.9952899910258115,1.0,True,True,False
2207,519.0,2026-07-29,0.054878048780487854,0.11493018259935561,0.12730963325663747,-0.012575492728347126,,76.2,0.1142168558753649,0.6635849760667748,0.8713504950170385,True,True,False
2208,18.399999618530277,2026-07-29,-0.08457715077989192,-0.04663210643045301,-0.08457715077989192,-0.14418606425440572,,34.9,-0.09766992816116449,0.6437256479405951,0.6258503352814024,False,False,False
2211,88.0,2026-07-29,0.002277869490782347,0.00662657615727702,-0.04522990176021402,-0.0778317989894981,,45.3,-0.05832267914148659,0.7977785711825335,0.7811755055312577,False,False,False
2221,44.04999923706055,2026-07-29,-0.14631781899852359,-0.05578797672619329,0.2308020840228151,0.47217495912056884,,90.9,0.21770930664154253,0.41153311912796475,0.7542807891458801,False,False,False
2227,50.79999923706055,2026-07-29,0.02522704377894458,0.026262610849707935,-0.057513955492746294,-0.07636365023526281,,43.5,-0.07060673287401886,1.5785398688956132,0.8668942075057361,True,False,False
2228,77.69999694824219,2026-07-29,-0.028750038146972634,-0.04739244773507345,-0.06368556335652054,-0.23967807298297472,,30.8,-0.0767783407377931,0.5621937996636867,0.6595563911882857,False,False,False
2230,21.100000381469727,2026-07-29,-0.03872438960935587,-0.1540050497495773,-0.1934638098348116,-0.7619474749057149,,1.7,-0.20655658721608416,0.4646317386762377,0.20107133940527327,False,False,False
2231,88.80000305175781,2026-07-29,-0.15428568522135422,-0.12079204899249696,-0.2630705140932962,-0.09939143584201393,,13.9,-0.27616329147456875,0.596219057155528,0.6020339189949683,False,False,False
2233,185.5,2026-07-29,-0.14120370370370372,-0.125,-0.3205128205128205,-0.22058823529411764,,6.1,-0.33360559789409305,0.5085548825550358,0.48623853211009177,False,False,False
2235,26.75,2026-07-29,-0.03079711484498404,-0.06036238818913919,-0.1258170043619068,-0.18156202694453882,,25.6,-0.13890978174317936,0.3852668236675495,0.6714889769586083,False,False,False
2236,131.0,2026-07-29,-0.14657980456026054,-0.10580204778156999,-0.007575757575757569,0.14410480349344978,,69.8,-0.020668534957030138,0.9337270229385797,0.7100271002710027,False,False,False
2237,35.5,2026-07-29,-0.06946268466283778,-0.11471318327081081,0.03498544576184348,0.1601307044916751,,75.6,0.021892668380570912,1.1265835575744447,0.8472553390737697,False,False,False
2239,20.0,2026-07-29,0.005025144893802125,-0.08256877523190476,-0.08883830046292518,-0.34853421814426544,,19.1,-0.10193107784419775,1.2031235438849655,0.5181347355080536,False,False,False
2241,30.5,2026-07-29,-0.12981453170046142,-0.32819385517830013,0.014975067366539863,-0.18010754369699733,,46.3,0.0018822899852672936,0.30277059483948643,0.591085288796988,False,False,False
2243,44.25,2026-07-29,-0.15229886296445672,-0.22368421052631582,0.569148893717532,2.749999939385108,,98.6,0.5560561163362594,0.5596439013700648,0.6704545454545454,False,False,False
2245,24.350000381469727,2026-07-29,-0.046966688509728405,0.009310002471409229,0.00026592454340157445,0.012973512702503909,,60.1,-0.012826852837870995,0.5443611675162517,0.8586898267313346,False,False,False
2247,226.0,2026-07-29,0.027272727272727337,0.0049095667720011615,0.09158008211501767,-0.1607744443517709,,60.9,0.0784873047337451,0.6783631227939898,0.7175995003061072,False,False,False
2248,58.5,2026-07-29,-0.08018865717734702,0.12273204879060162,0.07578848345376432,0.2512718600370156,,81.3,0.06269570607249175,0.8261678222457274,0.8863636363636364,False,False,False
2249,101.5,2026-07-29,-0.05581395348837215,-0.09375,-0.16460905349794241,-0.128755364806867,,23.6,-0.17770183087921498,0.5436764615196275,0.7302158273381295,False,False,False
2250,56.29999923706055,2026-07-29,-0.09193549617644281,-0.09775644454573496,-0.11058451950030479,-0.27166886139236346,,21.5,-0.12367729688157736,0.9015124185586275,0.5546797954390201,False,False,False
2252,15.300000190734863,2026-07-29,-0.09734516212012534,-0.135593246822325,-0.27315910948833944,-0.09734516212012534,,13.1,-0.286251886869612,0.1676109268381874,0.5377855810346933,False,False,False
2254,62.0,2026-07-29,0.024793388429751984,0.043771016958448206,-0.1448275862068965,0.04201680672268915,,39.4,-0.15792036358816908,0.4684267909744888,0.7200929279764763,True,False,False
2255,15.75,2026-07-29,-0.06804731624190918,-0.141689391140028,-0.2517814455655366,-0.22029705915178888,,9.7,-0.2648742229468092,0.8580712913500205,0.5232558073220515,False,False,False
2256,60.900001525878906,2026-07-29,0.00995028683930066,-0.12875536199620752,-0.23779724201689867,0.9241706875163276,,82.6,-0.25089001939817124,0.571474094347316,0.6201629676014876,False,False,False
2258,32.25,2026-07-29,0.014150967727540431,-0.021244332222498108,0.13157894736842102,-0.18560602922559122,,65.4,0.11848616998714845,0.6538814468328079,0.7296379964554386,False,False,False
2301,185.0,2026-07-29,-0.1513761467889908,-0.16666666666666663,0.07558139534883712,0.13447803938132652,,77.7,0.06248861796756455,0.579206315515972,0.74,False,False,False
2302,34.150001525878906,2026-07-29,-0.21584380886010102,-0.2810525994551809,0.8445915860072426,0.8011326015370819,,97.7,0.83149880862597,0.6679687799538542,0.6164260033445392,False,False,False
2303,102.5,2026-07-29,-0.262589928057554,-0.36623577862368484,0.39938547315535966,0.782123358924641,,95.7,0.3862926957740871,0.7109131681602702,0.584057212816699,False,False,False
2305,27.450000762939453,2026-07-29,-0.18666664406105327,-0.2870129671963778,0.6892308161808893,0.8484848523769992,,97.4,0.6761380387996168,1.1785493778712333,0.6436107803251427,False,False,False
2308,1495.0,2026-07-29,-0.20478723404255317,-0.23333333333333328,-0.30585801325842576,0.3358376799453755,,37.6,-0.31895079063969833,1.0355787129498335,0.5963561187340327,False,False,False
2312,29.100000381469727,2026-07-29,-0.11818180662212951,-0.1721195129950397,0.03660976113537484,-0.1218039236363101,,54.9,0.023516983754102272,0.30482010238536755,0.6819172281751844,False,False,False
2313,171.0,2026-07-29,-0.17788461538461542,-0.2645161290322581,-0.24910901406400943,0.21623187059425275,,37.0,-0.262201791445282,0.5896372177349392,0.5785759954270081,False,False,False
2314,11.300000190734863,2026-07-29,-0.11023619209103608,-0.2686083928649359,-0.19858156843844033,-0.5139784864200059,,5.1,-0.2116743458197129,0.45075788753170615,0.4032465321688997,False,False,False
2316,136.5,2026-07-29,-0.15479876160990713,-0.3648606499780007,0.20899335089498394,0.35788414093108134,,89.3,0.19590057351371137,0.5141968894604211,0.5877409041445043,False,False,False
2317,237.0,2026-07-29,-0.05765407554671964,-0.02765822119164829,0.08470129467618226,0.040758141024313854,,74.8,0.07160851729490969,0.7088843160716123,0.7898310328509435,False,False,False
2321,14.800000190734863,2026-07-28,-0.026315764707210976,0.06474824438158899,0.1428571744183451,-0.15186249033482546,,70.2,0.12976439703707254,0.7439620716977994,0.7363184034752082,False,False,False
2323,9.510000228881836,2026-07-29,-0.10283019937370608,-0.1766233704038782,-0.07219509962128434,-0.13545452464710583,,37.3,-0.08528787700255691,0.546821383352283,0.725954194805518,False,False,False
2324,34.849998474121094,2026-07-29,-0.03729288012061183,-0.012747897242643802,0.17340059188173362,0.17053539745650537,,84.3,0.16030781450046105,0.5416921273785913,0.7407013610888711,False,False,False
2327,507.0,2026-07-29,-0.2788051209103841,-0.5552631578947369,0.5858318632448805,0.804373930194368,,96.7,0.5727390858636079,0.8985488557686805,0.44473684210526315,False,False,False
2328,40.34999847412109,2026-07-29,-0.1414893941676365,-0.1840243103825877,-0.12904806999622664,-0.19394253819729534,,24.1,-0.1421408473774992,0.3271496602580344,0.6630472979351556,False,False,False
2329,38.75,2026-07-29,-0.17200853351052658,-0.27839852049419433,-0.3058075933581659,-0.36188126825947164,,3.7,-0.31890037073943844,0.4589446258368777,0.5650865174133505,False,False,False
2330,2200.0,2026-07-29,-0.08333333333333337,-0.08713692946058094,0.011866683599982553,0.2718771493590437,,78.1,-0.0012260937812900163,1.0270043992047533,0.8764940239043825,False,False,False
2331,17.799999237060547,2026-07-29,-0.1122194556417282,-0.17016323524730348,-0.12958442185886743,-0.34678901882346613,,14.8,-0.14267719924014,0.43845001483244217,0.5943238325084289,False,False,False
2332,24.0,2026-07-29,0.004184116446269259,0.31147546451237007,0.7266187524210637,0.486068146556657,,96.5,0.7135259750397911,3.127541152391313,0.9248554641383923,False,False,False
2337,102.0,2026-07-29,-0.24444444444444446,-0.3440514469453376,-0.3892215568862275,0.5223880597014925,,38.8,-0.4023143342675001,0.4901089724791821,0.5498652291105122,False,False,False
2338,35.150001525878906,2026-07-29,-0.19009215921526235,-0.30807082571301236,-0.25765569886786865,-0.12015016634275955,,13.5,-0.2707484762491412,0.30976712813082885,0.6070811847935498,False,False,False
2340,26.299999237060547,2026-07-29,-0.20543805288622774,-0.29960053871044134,-0.3230373160869078,-0.055655336559366386,,10.6,-0.33613009346818035,0.3745611711517978,0.6039035521883442,False,False,False
2342,32.04999923706055,2026-07-29,-0.25378350016897466,-0.4337455812527169,-0.01384617732121396,-0.05317575533826613,,52.0,-0.02693895470248653,0.28589133419454144,0.5413851152705487,False,False,False
2344,130.0,2026-07-29,-0.23976608187134507,-0.37349397590361444,0.4023732932006865,0.22704815279109214,,92.2,0.3892805158194139,0.5231856990113778,0.5855855855855856,False,False,False
2345,1910.0,2026-07-29,-0.16411378555798684,-0.23446893787575152,-0.1357466063348416,0.5528455284552845,,77.6,-0.14883938371611416,0.6484692336031345,0.6945454545454546,False,False,False
2347,85.4000015258789,2026-07-29,-0.0317459809438132,-0.015863834519197484,0.07628819647733631,0.3729678790581703,,84.5,0.06319541909606374,0.43330745747185584,0.9437348161881408,False,False,False
2348,75.19999694824219,2026-07-29,-0.04568535487430181,0.0444444020589192,0.0329669477455663,-0.05289678207711124,,60.0,0.01987417036429373,0.6815423154067526,0.7196171956769587,False,False,False
2349,10.25,2026-07-29,-0.10480347853753835,-0.22053229677997466,-0.1865079611367133,-0.3672839804150626,,9.2,-0.19960073851798588,0.3122117552689833,0.6288343852615069,False,False,False
2351,130.5,2026-07-29,-0.2232142857142857,-0.38588235294117645,-0.14144736842105265,0.6860464783888534,,81.3,-0.15454014580232522,0.4190406779374723,0.5698689956331878,False,False,False
2352,26.950000762939453,2026-07-29,-0.08333329548911406,-0.1827956081276475,0.14442166239486354,0.11022573168147387,,81.2,0.13132888501359097,0.5277237815904806,0.7286802588055462,False,False,False
2353,28.649999618530277,2026-07-29,-0.062193115089356876,-0.134441059236604,0.08374977534389627,0.091733249294502,,76.8,0.0706569979626237,0.45014459746043983,0.6829621509451806,False,False,False
2354,53.0,2026-07-29,-0.05525844132689439,-0.014720091612041908,0.06835253583966328,-0.08886317882769901,,63.3,0.055259758458390706,0.4553765678060664,0.7141019598490755,False,False,False
2355,36.0,2026-07-29,-0.16763005780346818,-0.31980146403087006,-0.2742763552818993,0.059389661110807346,,21.7,-0.2873691326631719,0.24818748451085007,0.5502501469909478,False,False,False
2356,60.29999923706055,2026-07-29,-0.022690462051336402,-0.06524598663775705,0.3445922237908521,0.4037118175376031,,92.8,0.3314994464095795,0.5663841189351821,0.7289767953689428,False,False,False
2357,761.0,2026-07-29,0.005284015852047519,0.15653495440729492,0.37682739965396617,0.5874009380240435,,94.5,0.3637346222726936,0.7334240842220173,0.8695751391344047,False,False,False
2359,137.0,2026-07-29,-0.014388489208633115,0.0574156864038291,0.2051768566975003,0.04937456638535087,,83.0,0.19208407931622773,1.1326621026909949,0.828785249255463,False,False,False
2360,1835.0,2026-07-29,-0.13647058823529412,-0.1504629629629629,-0.09950341354143832,0.8711026655488252,,87.5,-0.11259619092271089,0.9587829588020953,0.7049601841036176,False,False,False
2362,41.84999847412109,2026-07-29,-0.03348731613136846,0.004801847320891728,0.13043816057218427,0.1260736124216688,,80.8,0.1173453831909117,0.43962249557527433,0.8429278995511571,False,False,False
2363,45.5,2026-07-29,-0.22881355932203384,-0.3405797101449275,-0.11306041565923586,-0.08080808080808077,,35.3,-0.12615319304050843,0.30218322829161415,0.5978975152735769,False,False,False
2364,67.9000015258789,2026-07-29,-0.0490196067955464,0.013432858595207486,0.059282420315376116,0.039816207543823534,,71.8,0.04618964293410355,0.44551515439118405,0.7480508400852126,False,False,False
2365,26.799999237060547,2026-07-29,-0.13408728347587806,-0.19738438663323887,-0.2679798198608221,-0.25281367730657833,,7.5,-0.28107259724209466,0.6778195254449243,0.53454836163452,False,False,False
2367,35.849998474121094,2026-07-29,-0.20860929187849253,-0.36660778373496605,-0.3765217656674592,-0.021828186042309516,,7.8,-0.3896145430487318,0.29441679159559747,0.4584398960763252,False,False,False
2368,729.0,2026-07-29,-0.22446808510638294,-0.39249999999999996,-0.46017709034254173,0.0844300111258176,,6.5,-0.4732698677238143,0.892512521838463,0.491076333751803,False,False,False
2369,27.600000381469727,2026-07-29,-0.24279835929298432,-0.29591837131892673,-0.08609272568828441,-0.019538161439210167,,43.4,-0.09918550306955698,0.4428844270946614,0.6195286387010678,False,False,False
2371,24.100000381469727,2026-07-29,-0.0871211844808577,-0.11721607857214622,-0.22508038309127487,-0.3796653454819744,,6.8,-0.23817316047254744,0.558861379700171,0.5565820047600022,False,False,False
2373,54.0,2026-07-29,0.013133222757210294,-0.0165653968654923,0.0022155147200786374,0.03826647535152605,,62.5,-0.010877262661193932,1.0482653952782472,0.9817621411242298,False,False,False
2374,62.59999847412109,2026-07-29,-0.07533232945372415,-0.16533335367838553,-0.16533335367838553,-0.23936821199444613,,16.9,-0.1784261310596581,0.4163942678732735,0.6592465902009514,False,False,False
2375,107.5,2026-07-29,-0.26116838487972505,-0.49172576832151305,0.22716897114738877,0.028708133971291794,,83.5,0.2140761937661162,0.3464318524331727,0.46236559139784944,False,False,False
2376,321.5,2026-07-29,-0.07614942528735635,-0.06540697674418605,0.1798165137614678,0.3042596348884381,,87.4,0.16672373638019522,0.6108824012783401,0.8057644110275689,False,False,False
2377,137.5,2026-07-29,-0.11290322580645162,-0.05821917808219179,0.375,0.38888888888888884,,93.3,0.36190722261872743,0.5567933054207587,0.8870967741935484,False,False,False
2379,738.0,2026-07-29,-0.006729475100942128,-0.08436724565756826,0.339382940108893,0.4499017681728881,,93.2,0.32629016272762046,0.7268596336132548,0.82,False,False,False
2380,18.799999237060547,2026-07-29,-0.015706865885732224,-0.02842383119205938,0.017560917193085945,0.017560917193085945,,63.6,0.004468139811813376,0.6369079415364066,0.742819457281197,False,False,False
2382,309.5,2026-07-29,-0.059270516717325195,-0.12306123234256117,0.0022156725654753906,0.11472700515359602,,69.0,-0.010877104815797178,0.6271545389820721,0.7738931801576143,False,False,False
2383,4100.0,2026-07-29,-0.19999999999999996,-0.23933209647495357,-0.07657657657657657,1.523076923076923,,94.6,-0.08966935395784914,0.9614971997537871,0.6743421052631579,False,False,False
2385,101.5,2026-07-29,-0.04694835680751175,-0.024038461538461564,-0.1408684212344693,-0.10116061675432675,,29.7,-0.15396119861574187,0.7180948790163559,0.7301152406731426,False,False,False
2387,37.59999847412109,2026-07-29,-0.02842383119205949,-0.06467667262373089,-0.07274971192214763,0.044359854493794426,,50.3,-0.0858424893034202,0.567779684322668,0.8643677810142778,False,False,False
2388,67.4000015258789,2026-07-29,-0.10013350930852327,-0.0804911497986277,-0.05676330668771323,0.2944611937611805,,73.1,-0.0698560840689858,0.5250059344692863,0.7663798593437412,False,False,False
2390,10.050000190734863,2026-07-29,-0.11453745788918879,-0.17622947968388358,0.012084580248858279,-0.06511626132698944,,55.8,-0.0010081971324142902,0.395308193197717,0.7472119206880466,False,False,False
2392,33.599998474121094,2026-07-29,-0.06666670905219185,-0.09019733171150623,-0.08538356197953378,-0.12805800804681788,,35.8,-0.09847633936080635,0.6935190117430658,0.5859746040181265,False,False,False
2393,61.20000076293945,2026-07-29,-0.08792843286661378,-0.09999998878030214,-0.1416550050003028,0.09090913418065405,,43.3,-0.15474778238157538,0.8646832029928,0.8292682687291807,False,False,False
2395,550.0,2026-07-29,-0.07718120805369133,0.14192815313789775,0.5350510157626702,0.9541866071250436,,96.8,0.5219582383813977,1.0079501459409064,0.9166666666666666,False,False,False
2397,54.0,2026-07-29,-0.089376042247033,-0.049295761877997,-0.014005027845952811,-0.07238633374620973,,50.4,-0.02709780522722538,0.9162610471463035,0.680324638599451,False,False,False
2399,32.45000076293945,2026-07-29,-0.17743979378008068,-0.33230449008720264,-0.24004683411847305,0.25531915992546206,,41.6,-0.2531396114997456,0.18733950961535117,0.5900000138716264,False,False,False
2401,24.149999618530277,2026-07-29,-0.19230769476118936,-0.23937009075495186,0.03426120873622862,0.11034481004736896,,73.1,0.021168431354956052,0.3738507053981614,0.691977036179287,False,False,False
2402,49.79999923706055,2026-07-29,-0.11810160796101721,-0.20248081384427175,-0.2444554908474783,-0.0755054428934191,,17.1,-0.2575482682287509,0.3086882528872121,0.6651125703029441,False,False,False
2404,1015.0,2026-07-29,-0.13617021276595742,-0.2063557362504993,0.09239875902235539,-0.047626901681148914,,70.5,0.07930598164108282,0.5397173213956804,0.7563974041048911,False,False,False
2405,14.899999618530272,2026-07-29,-0.11572704562570268,-0.1435923600619491,-0.004177173018153457,-0.13118065099411258,,47.3,-0.017269950399426026,0.32264447765039656,0.6906513396276723,False,False,False
2406,28.75,2026-07-29,-0.18555239032934234,-0.31220094438399437,-0.05891978009861776,-0.060457528052516696,,44.4,-0.07201255747989033,0.5506990769265413,0.6877990556160056,False,False,False
2408,353.5,2026-07-29,-0.20650953984287312,-0.2162737025268645,0.5090899852914545,0.4185445547567521,,95.0,0.495997207910182,0.625000713187613,0.7022497842656842,False,False,False
2409,23.649999618530277,2026-07-29,-0.08333332101195923,-0.2767584383259708,0.36705206135885726,0.5063694207546141,,93.8,0.3539592839775847,0.43601532991945074,0.7232415616740292,False,False,False
2412,140.5,2026-07-29,0.014440433212996373,0.031378508459821264,0.0691578905567285,0.09729365134221069,,75.8,0.05606511317545593,1.1893804950141325,0.9961778127923453,False,False,False
2413,36.650001525878906,2026-07-29,-0.11686743311135162,-0.23165616478660211,-0.18283159926914294,-0.23883696024016032,,14.8,-0.1959243766504155,0.16927526371858964,0.5864000244140625,False,False,False
2414,55.29999923706055,2026-07-29,0.01841620652026621,-0.03225129620618661,0.27552450124406325,0.41638942005228996,,91.3,0.2624317238627907,0.7159716899693991,0.9033320228797836,False,False,False
2415,29.899999618530277,2026-07-29,-0.1457142966134206,-0.2026666768391926,0.1012891358614636,0.07553958414035455,,77.3,0.08819635848019103,0.5288958081133994,0.7178871194026762,False,False,False
2417,38.09999847412109,2026-07-29,-0.06845972976275216,-0.13049043169878172,-0.1071819405511798,-0.029102753087663302,,39.8,-0.12027471793245237,0.3611556338520387,0.6731440055174202,False,False,False
2419,22.899999618530277,2026-07-29,-0.11240308931345044,-0.1893805444768043,-0.25040915906963324,-0.269537501120225,,8.1,-0.2635019364509058,0.39229620107430807,0.6066225064511331,False,False,False
2420,53.79999923706055,2026-07-29,-0.07241380625757676,-0.11367382931058745,-0.009208103260133105,0.024761890229724637,,59.4,-0.022300880641405674,0.7768022668088522,0.8238896894754786,False,False,False
2421,124.5,2026-07-29,-0.05681818181818177,-0.12323943661971826,-0.1213939707523718,-0.15872037986525267,,28.1,-0.13448674813364436,0.35707171146305944,0.679238931047013,False,False,False
2423,66.5,2026-07-29,-0.11096260311666872,-0.07252436777641558,0.1634773100054674,0.2549389090555694,,86.0,0.15038453262419482,0.7694473240713132,0.7841980849860538,False,False,False
2424,7.650000095367432,2026-07-29,-0.10526316670059366,-0.2349999904632568,-0.6506849210675545,-0.794630869923022,,0.1,-0.6637776984488271,0.31586731347450236,0.09634760640242634,False,False,False
2425,44.150001525878906,2026-07-29,-0.022148393492895546,-0.020907135111109643,0.4825794647453283,0.4298867768999375,,94.8,0.46948668736405574,2.4654613961743808,0.9423693268691652,False,False,False
2426,50.29999923706055,2026-07-29,-0.14455782500491277,-0.3390275920417293,-0.15360456352890894,1.8532877413522075,,95.4,-0.1666973409101815,0.6785142919751548,0.5311510122281393,False,False,False
2427,22.299999237060547,2026-07-29,-0.06694562372416146,0.006771991923863574,0.05188671861012595,-0.1632270335360564,,54.2,0.03879394122885338,0.3585458070450224,0.68091600723849,False,False,False
2428,209.0,2026-07-29,-0.1867704280155642,-0.33650793650793653,0.17086834733893563,0.1741573033707866,,84.2,0.15777556995766306,0.3425300725594973,0.6084425036390102,False,False,False
2429,31.200000762939453,2026-07-29,-0.23716382398670355,-0.30512250105477645,-0.41132074032189714,-0.5873015688800625,,0.3,-0.4244135177031697,0.8201736539143163,0.20662252160887054,False,False,False
2430,17.149999618530273,2026-07-29,-0.03651683406687678,-0.06284151182920994,-0.16136924309507172,-0.22039224465539864,,18.1,-0.1744620204763443,0.9136415852829748,0.7025714009555993,False,False,False
2431,10.0,2026-07-29,-0.06542054408814157,-0.1379310628321727,-0.07834104622903137,-0.21259841337126506,,30.6,-0.09143382361030394,0.5046899843955519,0.5665722502056748,False,False,False
2432,27.600000381469727,2026-07-29,-0.03157893398351841,-0.034965034498667724,0.04859979795193903,0.1637155487787716,,76.9,0.03550702057066646,0.5512306859325312,0.9123966492962388,False,False,False
2433,41.95000076293945,2026-07-29,0.003588553316190346,-0.0035628911310729983,-0.027442677887322242,-0.046145651400057996,,50.4,-0.04053545526859481,0.758842364578152,0.9018259182075505,False,False,False
2434,53.400001525878906,2026-07-29,-0.2562674198302619,0.22899886279003878,0.8040540823542868,0.7711443516257661,,97.6,0.7909613049730142,0.3862830320675129,0.5881057239110427,False,False,False
2436,51.79999923706055,2026-07-29,-0.15497553210826998,-0.26836162423336984,-0.2424256845085736,0.10149905915889779,,29.6,-0.25551846188984617,0.39707966576983195,0.6615836018015809,False,False,False
2438,16.600000381469727,2026-07-29,-0.0928961162002695,-0.2420091017981596,-0.2605790727244397,-0.2420091017981596,,8.5,-0.27367185010571227,0.41649741042505806,0.5627118773379568,False,False,False
2439,81.30000305175781,2026-07-29,-0.036729839076727555,-0.09866955873170713,-0.08031672343402152,-0.23661968965485625,,28.4,-0.09340950081529409,0.47822182290979803,0.7194690535553788,False,False,False
2440,15.050000190734863,2026-07-29,-0.06521740160598755,-0.09880242495954028,-0.19086022139394987,-0.04746835385735004,,26.0,-0.20395299877522244,0.3957925550821413,0.7341463507675543,False,False,False
2441,98.5999984741211,2026-07-29,-0.2266666786343443,-0.2776556888342777,0.12172920093854578,-0.03333334829293044,,74.8,0.10863642355727321,0.42554578183416264,0.6799999894766972,False,False,False
2442,19.100000381469727,2026-07-29,-0.015463878503069739,-0.012919896386121454,0.03523033017082189,-0.19578945762232736,,48.4,0.02213755278954932,0.6881427155888985,0.6486461014325673,False,False,False
2444,10.600000381469728,2026-07-29,-0.06607929293328196,-0.17829451977321742,-0.2059925034771607,-0.162055280543852,,16.6,-0.21908528085843326,0.4417505147860282,0.7066666920979819,False,False,False
2449,212.5,2026-07-29,-0.2407556504998678,-0.3363641960706798,-0.2099574049587789,-0.18107101732097364,,15.0,-0.22305018234005147,0.5155362353871017,0.6327036130854578,False,False,False
2450,28.799999237060547,2026-07-29,0.0034842672983557144,-0.0017331418976789248,0.008844926719658863,0.04898923027106461,,64.4,-0.004247850661613706,0.44484308260324806,0.9639360295293504,False,False,False
2451,269.5,2026-07-29,0.11594202898550732,0.011257035647279645,0.04758002543807849,0.10532059171798336,,74.2,0.03448724805680592,1.5094078469459078,0.7723561009475928,False,False,False
2453,50.400001525878906,2026-07-29,-0.03632882865962406,-0.051553157441197595,-0.010854795289317765,-0.044717466959314,,53.4,-0.023947572670590334,0.43305372829501176,0.8297054602505821,False,False,False
2454,3150.0,2026-07-29,-0.18181818181818177,-0.2535168437759051,0.2306100515844447,1.1055288981899327,,95.6,0.21751727420317213,0.9453399263691767,0.6829355770669064,False,False,False
2455,272.5,2026-07-29,-0.16024653312788906,-0.21469740634005763,-0.13180192753568798,0.6090944050537928,,79.8,-0.14489470491696055,1.583482315743683,0.6179067340933622,False,False,False
2457,21.049999237060547,2026-07-29,-0.149494980320786,-0.28156997320207655,-0.12108565484333544,-0.3472868453624637,,15.6,-0.134178432224608,0.4584211837340175,0.5460440895890823,False,False,False
2458,149.5,2026-07-29,-0.1432664756446992,-0.20899470899470896,0.11567164179104483,0.33823199091476,,85.7,0.10257886440977226,0.4302542242431257,0.791005291005291,False,False,False
2459,64.4000015258789,2026-07-29,-0.010752641546074027,0.003115336248348477,0.023880597195967024,0.011799379797627907,,64.0,0.010787819814694455,0.5978222607973128,0.9583333995607194,False,False,False
2460,29.0,2026-07-29,-0.09516378501294076,-0.21832880882114314,-0.21832880882114314,0.28318581904882545,,46.1,-0.2314215862024157,0.3878224945030514,0.7169344734986998,False,False,False
2461,15.600000381469728,2026-07-29,-0.028037313207575743,-0.09565215179885633,-0.07964603661974168,-0.07692303351505048,,40.5,-0.09273881400101425,0.4801894697658351,0.7761194072340134,False,False,False
2462,19.649999618530277,2026-07-29,-0.06872041406278162,-0.16723689000948627,-0.08241843197072352,-0.2040256191921579,,30.6,-0.09551120935199608,0.4252205424655585,0.7116611191145839,False,False,False
2464,123.0,2026-07-29,-0.1854304635761589,-0.2890173410404624,0.07423580786026207,0.8385649804868831,,91.8,0.0611430304789895,0.28028335548707217,0.6180904522613065,False,False,False
2465,72.5999984741211,2026-07-29,-0.1200000184955019,0.019662943621986617,0.037142835344587066,0.24956971395547622,,79.0,0.024050057963314497,0.6359533457137457,0.8111731673086156,False,False,False
2466,89.80000305175781,2026-07-29,-0.22251079608867697,0.38366719476809297,0.5168919238929244,0.3794163618522295,,94.9,0.5037991465116518,1.9869083661884535,0.7360655987849001,False,False,False
2467,461.0,2026-07-29,-0.15567765567765568,-0.2564516129032258,-0.15997232466271383,0.8615013393130555,,84.8,-0.1730651020439864,0.6896449837312993,0.6966696382411661,False,False,False
2468,32.29999923706055,2026-07-29,-0.09269661175574018,-0.08238640519951901,-0.03582091829670009,-0.20246915464048032,,37.7,-0.04891369567797266,0.48737647417438756,0.5322422240691569,False,False,False
2471,47.59999847412109,2026-07-29,-0.017543906613693094,-0.02795758865973097,-0.02795758865973097,-0.026095501233180496,,51.9,-0.04105036604100354,0.7912395093329643,0.9243239179075315,False,False,False
2472,220.0,2026-07-29,-0.22123893805309736,-0.5148842337375965,0.23943661971830976,0.8257261410788381,,94.2,0.2263438423370372,0.33394898767739795,0.48511576626240355,False,False,False
2474,180.5,2026-07-29,-0.06476683937823835,-0.10562715739581074,-0.13661010263971796,-0.11410465747708387,,29.2,-0.14970288002099053,0.3440037741652495,0.7273304121034492,False,False,False
2476,106.0,2026-07-29,-0.12396694214876036,-0.18461538461538463,-0.07017543859649122,0.16611659208632878,,61.2,-0.0832682159777638,0.4416155533885919,0.7794117647058824,False,False,False
2477,21.200000762939453,2026-07-29,0.0023641203456745696,-0.004694764211404467,0.0,-0.10951089662635971,,49.5,-0.013092777381272569,0.5120443952724248,0.8266488250814886,False,False,False
2478,104.5,2026-07-29,-0.30333333333333334,-0.5314075449924259,0.5247849196508665,0.5009601657244724,,95.5,0.5116921422695939,0.5055059010174697,0.43664298166096316,False,False,False
2480,156.0,2026-07-29,-0.018867924528301883,0.0,0.14813225533920082,0.16030333356864102,,82.8,0.13503947795792826,0.465156658519863,0.9045890773667719,False,False,False
2481,112.5,2026-07-29,-0.2857142857142857,-0.3835616438356164,0.11386138613861396,0.2520450510698118,,83.4,0.1007686087573414,0.5358471863154668,0.4945054945054945,False,False,False
2482,16.25,2026-07-29,-0.11649988074374418,-0.01537642232599934,-0.03570787868704206,-0.11410561131192365,,43.9,-0.04880065606831463,0.9281882834381636,0.7429432996118586,False,False,False
2483,35.0,2026-07-29,-0.14738122654088914,-0.3870402638300817,0.5418501684432455,0.8114080699605193,,96.4,0.528757391061973,0.10289023274048266,0.5007152966519183,False,False,False
2484,59.29999923706055,2026-07-29,-0.177531199832894,-0.18319558562802796,0.4751243311350746,1.2419658800217892,,97.2,0.462031553753802,0.7159349898397122,0.6151452105645586,False,False,False
2485,35.45000076293945,2026-07-29,-0.16193850112695896,-0.3635547526504441,-0.4178981958173631,0.0,,6.6,-0.43099097319863566,0.2567000414703194,0.4349693345145945,False,False,False
2486,184.5,2026-07-29,-0.20645161290322578,-0.2264150943396226,-0.2708481755031019,1.0157033386306829,,83.3,-0.2839409528843745,0.9847533200204505,0.6020846161637076,False,False,False
2488,48.5,2026-07-29,-0.018218653807276275,-0.053962735877135515,-0.0005871184683070574,0.13524475073649467,,70.2,-0.013679895849579626,0.695066298840928,0.9356980210042907,False,False,False
2489,26.100000381469727,2026-07-29,-0.17405063081028338,-0.3972286179827299,-0.36232490740280776,0.6330703525938901,,51.1,-0.37541768478408033,0.3285916224530289,0.4740239599018469,False,False,False
2491,23.549999237060547,2026-07-29,-0.23538961622039045,-0.41344960542825226,0.5493420745114537,0.12949634562071388,,93.7,0.5362492971301811,0.3125094826631027,0.5352272553877397,False,False,False
2492,220.5,2026-07-29,-0.265,-0.6076626648172756,0.6481085177036063,0.6604539154626747,,96.6,0.6350157403223338,0.27235706407719873,0.35927162575474525,False,False,False
2493,176.0,2026-07-29,-0.3282442748091603,-0.3892423797312745,0.43491258067804806,0.4524114881470227,,94.3,0.4218198032967755,0.7325155469490422,0.5505288579164307,False,False,False
2495,32.5,2026-07-29,-0.15669092888044123,-0.34027413723277966,-0.18964078527518202,0.08091888915172785,,35.9,-0.2027335626564546,0.19685937816473692,0.6168069110452837,False,False,False
2496,58.0,2026-07-29,-0.039735123596819855,-0.09797826987172409,-0.09937890332668842,-0.1266194417915445,,34.1,-0.11247168070796099,1.6180823144060383,0.854902881592507,False,False,False
2497,42.79999923706055,2026-07-29,-0.18226031521688268,-0.22499932824948865,-0.19264896390999886,-0.17314051624094662,,17.5,-0.20574174129127143,1.0699885688345374,0.6659436692348181,False,False,False
2498,38.54999923706055,2026-07-29,-0.07885303123968257,-0.14994486143017072,-0.020855927044368117,-0.15558107821297207,,42.9,-0.033948704425640686,0.39881198233405796,0.523086369997885,False,False,False
2501,22.149999618530277,2026-07-29,-0.006726440522965782,-0.05498272307062069,0.006117548842663911,0.017077438067246486,,61.4,-0.006975228538608658,0.5343512470773515,0.8645158375002086,False,False,False
2504,31.549999237060547,2026-07-29,0.011217899537260045,-0.051127842494419595,-0.045288147613988916,-0.09727123144133398,,43.7,-0.058380924995261485,0.489907818128175,0.8571938938959377,False,False,False
2505,17.899999618530273,2026-07-29,0.011299369885315658,-0.0027855789573232315,-0.0027855789573232315,-0.10500001907348633,,49.3,-0.0158783563385958,0.6538086504122971,0.8949999809265137,False,False,False
2506,8.649999618530273,2026-07-29,-0.004602987777274747,0.013483869727810793,0.005422075921034608,-0.027723787337551653,,57.6,-0.007670701460237961,1.088324441523492,0.8674229448370245,False,False,False
2509,13.100000381469728,2026-07-29,-0.011320725926812991,-0.0038022234609107475,-0.0367647048511307,-0.13531348440122382,,42.5,-0.04985748223240327,0.5655657258990423,0.7338935631098908,False,False,False
2511,8.430000305175781,2026-07-29,-0.0047225455244358505,0.036900391944889144,0.053750038146972656,0.0011876756284112666,,68.3,0.04065726076570009,1.0525587653934554,0.887368453176398,False,False,False
2514,12.75,2026-07-29,0.003937022951637115,-0.011627877749298854,-0.037735849056603765,-0.16118420000056466,,40.3,-0.050828626437876334,0.32844755367932793,0.8146965054812815,False,False,False
2515,11.649999618530272,2026-07-29,-0.04508198355193205,-0.06255438928222279,-0.0801755359677283,-0.09043378125232926,,39.2,-0.09326831334900088,0.9124706166797462,0.6685063129875928,False,False,False
2516,13.850000381469728,2026-07-29,-0.003597067513145036,0.0036232021770865597,0.007272755015980348,-0.06101692329018793,,55.1,-0.005820022365292221,0.4592773758883202,0.8738170377372227,False,False,False
2520,34.70000076293945,2026-07-29,-0.028011203883169355,0.022091310254658936,0.1414474078410224,0.0693374405885896,,80.0,0.12835463045974982,0.6616904755413219,0.7961551132353435,False,False,False
2524,36.25,2026-07-29,-0.00956280023805356,0.02401125529612491,-0.03846155792030803,-0.13587605862393914,,42.3,-0.0515543353015806,0.7644426143927626,0.7025194006193709,False,False,False
2527,41.650001525878906,2026-07-29,-0.15086641847672955,0.02334154164941693,0.2054993471954245,0.347896506150829,,89.1,0.19240656981415194,1.0611651296429825,0.8247525054629486,False,False,False
2528,19.25,2026-07-29,-0.016111044386870943,0.05416675283795991,-0.01829260404277855,-0.21069813943768945,,39.4,-0.03138538142405112,0.9592832887303425,0.7325707710726502,False,False,False
2530,20.649999618530277,2026-07-29,0.06994820905885901,0.06994820905885901,-0.025943449274334673,-0.2716049615284084,,34.4,-0.03903622665560724,1.0665474442789658,0.6650182916858979,True,False,False
2534,17.200000762939453,2026-07-29,0.0029155186892921847,0.04559270305261576,-0.026716066832691454,-0.07705831691087561,,48.0,-0.03980884421396402,0.6314086075012494,0.7678571899934697,False,False,False
2535,86.30000305175781,2026-07-29,-0.022650055842327488,-0.05786021299837296,0.1400265063519499,0.3283849494283073,,86.6,0.12693372897067734,0.5353246891719274,0.8924509387311471,False,False,False
2536,17.950000762939453,2026-07-29,-0.050264490728317734,-0.060254917276006736,-0.11093785160862091,-0.175765303173248,,28.3,-0.12403062898989348,1.2286969577385187,0.6797812153553178,False,False,False
2537,10.850000381469728,2026-07-29,-0.022522521748499114,0.0,0.03827756741679034,0.0,,65.4,0.025184790035517768,0.6459222963560186,0.8750000576819164,False,False,False
2538,10.0,2026-07-29,0.013171237684726167,0.014198818275611647,0.007049314468574153,-0.08256877523190453,,53.2,-0.006043462912698416,1.2207114556737706,0.7782101513848576,False,False,False
2539,42.650001525878906,2026-07-29,0.06625003814697261,0.09640102449623944,0.027710880141660343,-0.10960333680080547,,54.6,0.014618102760387774,0.9560679370613214,0.7470037680774614,True,True,False
2540,57.79999923706055,2026-07-29,0.07635006361025365,0.06839188294449516,0.014035074334395548,0.16767675226384937,,73.9,0.0009422969531229786,1.7715505017506639,0.9596114389912781,True,False,False
2542,43.25,2026-07-29,-0.03459819784501961,0.004645778547825774,0.06527097599690945,0.11757103739950803,,76.5,0.052178198615636884,0.5894782716555412,0.9515951435421457,False,False,False
2543,36.5,2026-07-29,-0.0641025641025641,-0.053177672571514734,-0.1960352693117362,-0.41971384555558666,,7.2,-0.20912804669300877,0.5530889768614757,0.4655612154286985,False,False,False
2545,33.0,2026-07-29,-0.023668617015333404,-0.07248833179172498,-0.05902838169670188,-0.060268181578208124,,44.4,-0.07212115907797445,0.6571545751057777,0.7916276682854122,False,False,False
2546,98.0,2026-07-29,0.02083333333333326,0.042553191489361764,0.14888624260114214,0.09865474610793945,,81.1,0.13579346521986957,0.9955947923045442,0.9969480870555025,True,False,False
2547,10.25,2026-07-29,0.009852254702272356,0.004192456866427996,0.06725758920959968,0.01807525981137581,,71.6,0.05416481182832711,0.5818547989807347,0.9522514462425867,False,False,False
2548,98.0,2026-07-29,-0.014084522176937897,0.008823495455680286,-0.1365527909456543,0.01464991689306916,,38.6,-0.14964556832692688,0.511466900585866,0.8340115233983526,False,False,False
2596,30.899999618530277,2026-07-29,-0.020602207107718096,0.011456641250751298,0.05821913736894335,-0.12711869246838692,,58.2,0.04512635998767078,0.3681358262184748,0.7822784713551969,False,False,False
2597,163.0,2026-07-29,0.03164556962025311,-0.003058103975535187,0.11370572971537052,-0.044069286034200905,,73.3,0.10061295233409795,0.2921269544469946,0.8434683436279986,False,False,False
2603,201.5,2026-07-29,-0.021844660194174748,0.09214092140921415,0.07823956368441576,0.1435014922103286,,78.2,0.06514678630314319,0.4184794286897167,0.9167311524179363,False,False,False
2605,31.100000381469727,2026-07-29,-0.011128787694090203,0.054237301066770494,-0.03374998014801167,0.15533662073315124,,66.7,-0.04684275752928424,1.3940816201779376,0.7422405130720237,False,False,False
2606,61.29999923706055,2026-07-29,-0.04368173640738826,0.01658374813685559,0.057276353733726415,0.048610130926938444,,72.1,0.044183576352453846,0.6149618454512208,0.8822788818827482,False,False,False
2607,47.400001525878906,2026-07-29,0.002114213328358927,0.03261743239667525,0.03795664241242225,-0.1317438442866451,,54.4,0.02486386503114968,0.7995660208671471,0.7169315054203061,False,False,False
2608,29.75,2026-07-29,0.022336756357713927,0.031195826919584446,0.04549342851845628,-0.052127964202771326,,62.1,0.03240065113718371,0.8772357306976187,0.8978416895133929,True,True,False
2609,50.09999847412109,2026-07-29,-0.025291887415670455,0.0035222651059798604,0.057409495226670826,-0.04251087101935158,,64.8,0.04431671784539826,0.6278578485134405,0.7906539259789925,False,False,False
2610,21.700000762939453,2026-07-29,0.01639346019747623,-0.0481624185687578,0.24289546942175955,0.04923497577188107,,84.7,0.22980269204048698,0.9298392609466152,0.9321715256894184,False,False,False
2611,13.399999618530272,2026-07-29,-0.0629371021119085,-0.018315018826859042,-0.014705938038940158,-0.07307785729656469,,50.1,-0.027798715420212727,0.5678513600114008,0.837580203496636,False,False,False
2612,51.09999847412109,2026-07-29,-0.034026521736058024,-0.007767019919978857,-0.02521860717946267,-0.1101242319785245,,45.7,-0.03831138456073524,0.5744037597518284,0.7121392164338829,False,False,False
2613,20.149999618530277,2026-07-29,-0.047281324729853136,-0.07356323592964242,-0.10444446139865438,-0.1447841269440362,,31.3,-0.11753723877992694,0.9553421574338635,0.7300622989450991,False,False,False
2614,18.049999237060547,2026-07-29,-0.010958945914490537,-0.024324365564294737,-0.11083744258927375,-0.18693699924582408,,27.7,-0.12393021997054632,0.7075494530832351,0.7632135107062745,False,False,False
2615,85.0,2026-07-29,-0.0011750702222574905,0.1135794862896562,0.16506592522660024,0.1424286945957276,,83.2,0.15197314784532767,1.1666523110018976,0.9723869009086366,False,False,False
2616,13.550000190734863,2026-07-29,-0.003676484509735123,0.014981258692901678,-0.04577462163810486,-0.018115941778598432,,49.4,-0.05886739901937743,0.9536438000874405,0.5669456237241612,False,False,False
2617,28.450000762939453,2026-07-29,-0.027350401267027258,0.008328924652867942,0.004945294935999378,-0.032395183562803354,,57.2,-0.008147482445273191,0.8838958828690027,0.8966277801198017,False,False,False
2618,41.45000076293945,2026-07-29,-0.015439376122096227,-0.031136333137614436,0.27947008622691416,0.15850812719348606,,88.5,0.2663773088456416,0.8610963596875711,0.9688636668623856,False,False,False
2630,48.09999847412109,2026-07-29,-0.09586470330224439,-0.015353122281003162,0.0190677478100445,-0.0932898293217318,,54.5,0.005974970428771931,1.2961186485885072,0.6734849144411903,False,False,False
2633,26.049999237060547,2026-07-29,0.0038535056331832074,0.027701517002706177,0.021917075358862892,-0.004238022780976403,,62.2,0.008824297977590323,0.36276651571613877,0.948922957975094,False,False,False
2634,60.70000076293945,2026-07-29,-0.057453426634665905,0.08691804087628108,0.29514868072548195,0.11046138591778254,,88.0,0.2820559033442094,2.3861111953948093,0.8489510596215308,False,False,False
2636,65.5999984741211,2026-07-29,-0.003039583105784893,0.009375641621481412,0.05450421828766361,0.06884040766065502,,73.0,0.04141144090639104,0.5952795631450049,0.9692771648659584,False,False,False
2637,80.4000015258789,2026-07-29,-0.03827747615608834,0.10743806082224916,0.17368251822444103,0.18527022787980463,,84.6,0.16058974084316846,0.5941341398013693,0.9492326378123616,False,False,False
2640,143.0,2026-07-29,-0.023890784982935176,-0.056569785603169165,-0.1326967379491728,0.17560249695707975,,51.2,-0.14578951533044537,0.6801486319869972,0.7716775468888708,False,False,False
2641,16.549999237060547,2026-07-29,-0.04335260306794286,-0.07799451066149399,-0.005574853792456924,-0.1785183943204791,,43.5,-0.018667631173729493,0.4062975447640594,0.7524190101484614,False,False,False
2642,20.200000762939453,2026-07-29,-0.019417456850636006,-0.021791712537709507,-0.057226065154429184,-0.2010081346054493,,34.7,-0.07031884253570175,0.44160960519369535,0.6456751767867043,False,False,False
2643,58.5,2026-07-29,0.013864804618414883,-0.059485542082887255,-0.06407654647386019,-0.13517571435274245,,38.2,-0.07716932385513275,0.4800643744183651,0.8249443803287055,False,False,False
2644,79.0,2026-07-29,-0.061757685709164956,-0.041338311673221995,-0.07481897669125814,-0.0812364100078774,,41.0,-0.08791175407253071,1.807376648653552,0.6461223720887191,False,False,False
2645,182.0,2026-07-29,-0.06666666666666665,0.002007197954847273,0.20305721958273093,0.20696320880509078,,86.6,0.18996444220145836,0.8996188603263745,0.7236580516898609,False,False,False
2646,21.5,2026-07-29,0.004672915105247588,0.018957327549697922,0.051344704053185586,-0.08510638297872342,,60.5,0.03825192667191302,0.9123191726165846,0.814393951161615,False,False,False
2718,42.45000076293945,2026-07-29,-0.07917565796082648,-0.17412452329273376,-0.026376095216246842,-0.19602270120595733,,39.3,-0.03946887259751941,0.7170623215973347,0.7088321736050774,False,False,False
2724,10.399999618530272,2026-07-29,-0.14403292633285603,-0.13692950589936603,-0.350000023841858,-0.4889435172689094,,1.4,-0.3630928012231306,0.9226210608227658,0.4397462911746371,False,False,False
2762,88.0999984741211,2026-07-29,0.034037577814006514,0.06787876938328608,0.20684929416604247,0.22250998445427572,,87.0,0.1937565167847699,0.7962808026381859,0.9799777194526559,True,False,False
2801,24.450000762939453,2026-07-29,-0.008113543962916636,0.018750031789143806,0.1451990785049495,0.20147421644291952,,83.8,0.13210630112367694,1.0847199319780043,0.9898785428227554,False,False,False
2812,20.649999618530277,2026-07-29,0.009779894774051723,0.02992520719704994,0.03249998092651385,-0.007211520386164572,,63.9,0.01940720354524128,1.327234958194321,0.8920086375293549,False,False,False
2816,33.25,2026-07-29,-0.011887117614876819,-0.019174085446064137,0.1426639459158685,0.17746591662206512,,83.1,0.12957116853459594,0.5297283803468783,0.9432624113475178,False,False,False
2820,16.600000381469727,2026-07-29,0.0030212173241199736,-0.009255070475413296,0.03471286631497694,0.0695197331995161,,70.7,0.021620088933704373,0.6989756709363304,0.9623188626938972,False,False,False
2832,56.900001525878906,2026-07-29,0.010657234404070737,0.030797114844984153,0.17325321396077498,0.215490320485062,,85.4,0.1601604365795024,0.6775168989313196,0.994755258163302,False,False,False
2834,17.950000762939453,2026-07-29,-0.008287271567344212,0.011267648616307246,0.08787883411754271,0.12893089267876823,,78.4,0.07478605673627015,1.1614040746813559,0.9835616856405179,False,False,False
2836,11.949999809265137,2026-07-29,-0.03179851367869935,0.011671804356512272,0.03706937312855718,0.024213249816989135,,67.6,0.023976595747284613,2.7360427883581315,0.9533060833723427,False,False,False
2838,20.450000762939453,2026-07-29,0.009876580885898933,-0.022183095444511025,0.09641355436218935,0.174936462613541,,80.5,0.08332077698091678,1.0621933018140515,0.8966620993171054,False,False,False
2845,13.300000190734863,2026-07-29,-0.0037453325322946984,0.02307693774883557,0.08130081174740655,0.04313726986155797,,74.5,0.06820803436613398,0.6409295426946496,0.9815498157578667,False,False,False
2849,15.350000381469728,2026-07-29,0.054982830257575444,0.08929051203883653,0.15243785478831184,0.18683897844043118,,83.7,0.13934507740703928,1.9910909038975064,1.0,True,True,False
2850,155.5,2026-07-29,0.05782312925170063,0.09122807017543866,0.28261182981950217,0.3977180140367764,,91.2,0.2695190524382296,1.2563529774610058,0.9841772151898734,False,False,False
2851,34.04999923706055,2026-07-29,-0.04621852914893465,-0.058091347169515806,0.19057059336972704,0.3429813001276327,,88.7,0.17747781598845447,0.7251512832487985,0.8708440042420217,False,False,False
2852,26.600000381469727,2026-07-29,0.0,0.0,0.08168207419580598,0.008413119291727833,,72.5,0.06858929681453341,0.5236548010545632,0.9833641823185604,False,False,False
2855,40.79999923706055,2026-07-29,-0.08314608456043715,-0.18400001525878906,0.21155439660304065,0.5160626758827467,,91.0,0.19846161922176808,0.3808437059575833,0.719552588010425,False,False,False
2867,9.369999885559082,2026-07-29,0.009698292583794732,0.12350116476335837,0.19820967773308928,0.20437013275991922,,86.4,0.18511690035181672,1.246399760136286,0.9852786183014409,False,False,False
2880,41.79999923706055,2026-07-29,0.0133333148378314,0.09999997992264587,0.2705166352099093,0.26093506223307195,,89.7,0.25742385782863675,0.7372488501268165,1.0,True,True,False
2881,123.0,2026-07-29,-0.03149606299212604,-0.017964071856287456,0.392920665020583,0.33867001505996464,,93.1,0.3798278876393104,0.4591976047247168,0.9182213025371999,False,False,False
2882,94.0999984741211,2026-07-29,-0.027892608393752294,-0.04272639315611493,0.23995828695422783,0.2790120335574513,,89.1,0.22686550957295526,0.4934238284998325,0.8438156864558752,False,False,False
2883,29.149999618530277,2026-07-29,-0.04269297575819442,0.015679402217017024,0.39020514060424616,0.6995746446911435,,95.3,0.3771123632229736,0.462164567173402,0.9448946274904889,False,False,False
2884,36.5,2026-07-29,0.012482684395644483,0.1043873174759653,0.17426364728950317,0.1652723069143811,,84.1,0.1611708699082306,0.7344973087750993,0.9878213598471478,False,False,False
2885,62.20000076293945,2026-07-29,-0.014263038556977858,-0.02538189489106868,0.22432903657438663,0.5318757047953659,,91.5,0.21123625919311406,0.8990473195117642,0.895558128935797,False,False,False
2886,49.900001525878906,2026-07-29,0.03526972481391688,0.0824295700116131,0.24438911283456388,0.2200488915460157,,88.2,0.2312963354532913,0.8617066429981568,1.0,True,True,False
2887,32.599998474121094,2026-07-29,-0.057803470757257114,0.019551387053278635,0.4095668983535605,0.5514911365476192,,94.6,0.39647412097228796,0.5583409547916157,0.919947928535974,False,False,False
2889,15.399999618530272,2026-07-29,-0.01910829263563585,0.03703698470922934,0.04406777074781498,-0.08875739845315167,,58.9,0.030974993366542414,0.9493056597663451,0.8749999593604703,False,False,False
2890,38.59999847412109,2026-07-29,0.007380264830168626,0.02523252939293097,0.2694885390759396,0.396437419262865,,91.0,0.25639576169466705,1.019576102148797,0.9665080106317467,False,False,False
2891,62.0,2026-07-29,-0.03125,-0.09436710897052492,0.21092151289492223,0.27326595770933326,,87.9,0.19782873551364966,0.5958689699059648,0.8881205737897425,False,False,False
2892,34.79999923706055,2026-07-29,0.011627839925551386,0.06259539655146718,0.2189141914892565,0.16778523919496569,,86.5,0.20582141410798394,0.7754869454968938,1.0,True,True,False
2897,10.25,2026-07-29,0.027054155325459073,0.031968257955194535,0.06246978784617818,0.18246364782951963,,78.5,0.04937701046490561,1.325085820497596,0.9951456126399065,False,False,False
2904,13.550000190734863,2026-07-29,-0.003676484509735123,-0.0005378503193370632,-0.12084348059281336,-0.16221550940312257,,27.9,-0.13393625797408593,0.46910178401058544,0.8046517009348504,False,False,False
2916,39.20000076293945,2026-07-29,-0.011349325236362118,-0.04738762310162037,-0.07484744863022019,-0.09265788972715927,,39.8,-0.08794022601149276,0.6324489985450268,0.8483648573744428,False,False,False
2923,41.0,2026-07-29,0.26934987518381104,0.4990859023087426,0.8678814840510032,0.9294117647058824,,98.0,0.8547887066697306,2.6214503438395105,1.0,True,True,False
2924,18.0,2026-07-29,0.0027854726983509437,0.0027854726983509437,-0.16473314908315384,-0.09774439540683699,,26.3,-0.1778259264644264,0.7136379179613743,0.5901639344262295,False,False,False
2937,46.0,2026-07-29,-0.03055849820074119,-0.05930473283000137,0.06852498990057776,0.09760706189580914,,75.7,0.05543221251930519,0.16638154401855038,0.9209209068547168,False,False,False
2938,26.0,2026-07-29,-0.01140681542826072,0.005802693087687549,0.13043478260869557,0.11587986486475432,,80.6,0.117342005227423,0.2214680206811266,0.7963246182206757,False,False,False
2941,31.200000762939453,2026-07-29,-0.02499997615814209,-0.13573401435721066,0.034825909044583936,-0.24652324288331018,,44.5,0.021733131663311367,0.41839712514772204,0.4755371622705891,False,False,False
2942,34.25,2026-07-29,-0.06662799461502056,-0.014428736461396419,0.002932246015552309,0.22139285412090737,,75.5,-0.01016053136572026,3.0278168671286587,0.9286876086782705,False,False,False
2947,61.0,2026-07-29,-0.06584996708728419,-0.23173805002864867,-0.21895004876072155,-0.26286217092719744,,10.7,-0.23204282614199412,1.0090283386766696,0.6712715568773794,False,False,False
2948,36.95000076293945,2026-07-29,-0.006720429969696795,-0.013351134574469792,-0.028909290306889157,-0.035248002637420006,,50.9,-0.042002067688161726,0.2885557232907337,0.8388195551170939,False,False,False
2949,59.0,2026-07-29,-0.08668728492872124,-0.14492753623188404,0.0845587931083569,-0.1127819548872181,,63.8,0.07146601572708433,0.26165611949762063,0.7040572535965128,False,False,False
3002,15.550000190734863,2026-07-29,-0.1367241726551972,-0.2580275295110188,-0.12960925996467476,-0.3330057681363644,,15.5,-0.14270203734594733,0.4040262987290529,0.5415764861639455,False,False,False
3003,54.29999923706055,2026-07-29,-0.11129295264942896,-0.18222894594516648,-0.021621635368278436,0.11384613819611378,,64.7,-0.034714412749551005,0.3387567898609207,0.7735042962622268,False,False,False
3004,132.0,2026-07-29,-0.04347826086956519,-0.014925373134328401,0.1330472103004292,0.17454223819641834,,82.4,0.11995443291915664,0.7468918150348871,0.8275862068965517,False,False,False
3005,107.0,2026-07-29,-0.06550218340611358,0.05940594059405946,0.08961306848508332,-0.03382090870837484,,71.2,0.07652029110381076,0.5453440176684567,0.6851088342166742,False,False,False
3006,172.0,2026-07-29,-0.20919540229885059,-0.235348130460737,-0.012506749916513016,0.11851991138917062,,67.2,-0.025599527297785585,0.39661989551969185,0.6460236067401718,False,False,False
3008,3850.0,2026-07-29,-0.03749999999999998,-0.10256410256410253,0.48362235067437376,0.6188624744011519,,95.7,0.4705295732931012,0.9085447384958691,0.7410972088546679,False,False,False
3010,110.5,2026-07-29,-0.0714285714285714,-0.14671814671814676,-0.13752317651116575,-0.007408190204291398,,36.9,-0.15061595389243831,0.6724430035233027,0.8108496247412255,False,False,False
3011,11.550000190734863,2026-07-29,-0.049382670504806825,-0.22222222935783242,-0.15073530391425805,-0.20618556430743806,,20.4,-0.16382808129553061,0.4393152172294272,0.673469413856738,False,False,False
3013,75.5,2026-07-29,-0.15830543401730246,-0.2981042165938429,-0.3231719557194562,-0.3786496719304304,,3.0,-0.3362647331007288,0.46745173188070244,0.5414624724575147,False,False,False
3014,121.0,2026-07-29,-0.09022556390977443,-0.1943736390204137,0.03302092459005723,0.10904409012818128,,72.8,0.019928147208784663,0.4813887430279343,0.760205318600357,False,False,False
3015,50.79999923706055,2026-07-29,-0.11033273914912334,-0.19236887114923307,0.056386674418470006,-0.06203385771588965,,63.5,0.04329389703719744,0.2817670200607471,0.6791443471186696,False,False,False
3016,77.30000305175781,2026-07-29,-0.2638094947451637,-0.42097375991192654,-0.04890024115748082,0.35444569392330827,,76.8,-0.061993018538753386,0.5575164810580842,0.5089162993399672,False,False,False
3017,2095.0,2026-07-29,-0.07505518763796915,-0.17029702970297034,-0.26102292768959434,0.5404411764705883,,60.5,-0.2741157050708669,1.0177822654203232,0.7113752122241087,False,False,False
3018,17.25,2026-07-29,0.44957987840091107,0.4375,0.6121495614479557,0.4256197897660501,,96.0,0.5990567840666832,3.998479370789201,1.0,True,True,False
3019,123.0,2026-07-29,-0.1151079136690647,-0.13684210526315788,-0.10765777279530775,-0.08510754934317488,,35.7,-0.12075055017658032,0.4220708612138065,0.7388489728248535,False,False,False
3021,20.100000381469727,2026-07-29,-0.1446808348310754,-0.3311147789754193,0.22188446499974845,0.11741975038448382,,85.4,0.20879168761847589,0.5943791689568241,0.5025000095367431,False,False,False
3022,88.0,2026-07-29,-0.03190320656984025,0.05011929349988353,0.27906971070623565,0.29221735641361546,,90.1,0.2659769333249631,1.5074152468577124,0.9331919104148919,False,False,False
3023,278.0,2026-07-29,-0.12302839116719244,-0.15372907153729076,-0.015929203539822967,0.4256410256410257,,80.9,-0.029021980921095536,0.9511964122896963,0.826151560178306,False,False,False
3024,12.350000381469728,2026-07-29,-0.0643938969755734,0.022126703825494642,-0.0402932053419337,0.12251417801164766,,62.4,-0.05338598272320627,0.47137294249608686,0.7063011314964729,False,False,False
3025,51.400001525878906,2026-07-29,-0.10139858670803437,-0.24963501422074585,-0.1601307044916751,-0.2871012120155877,,14.7,-0.17322348187294767,0.30093918731069624,0.6522842580617427,False,False,False
3026,474.5,2026-07-29,-0.28431372549019607,-0.4364608076009501,1.0236053205808484,3.505385353282101,,98.9,1.0105125431995758,0.18233366711706323,0.4721393034825871,False,False,False
3027,17.600000381469727,2026-07-29,-0.11779450083206289,-0.1351351326019674,-0.04864862802866343,-0.35766421071162835,,23.8,-0.061741405409936,0.4567542420314599,0.5945945998192529,False,False,False
3028,58.29999923706055,2026-07-29,-0.13501486769735938,-0.2984356160341415,-0.14026731996545994,0.5005470326851906,,75.3,-0.1533600973467325,0.43351229755741366,0.7015643839658585,False,False,False
3029,99.3000030517578,2026-07-29,-0.04519227834848272,-0.006999969482421986,0.041972716389395925,-0.07004760848664582,,60.1,0.028879939008123356,0.5366697677480721,0.8168993593445848,False,False,False
3030,255.0,2026-07-29,-0.14572864321608037,-0.22137404580152675,-0.24339990503382314,0.5022981232510346,,60.3,-0.2564926824150957,0.6434518339797226,0.6213319169430777,False,False,False
3031,19.649999618530277,2026-07-29,-0.21400001525878887,-0.39015638170917655,-0.37714138541143627,0.026621227545841286,,9.7,-0.39023416279270884,0.33691915455115506,0.5921670262190851,False,False,False
3032,73.9000015258789,2026-07-29,-0.06218275807248974,-0.0573979580665519,0.18810290384933004,0.015109868516613112,,80.9,0.17501012646805747,0.4623177845727932,0.6426087089206861,False,False,False
3033,43.45000076293945,2026-07-29,-0.13446214935086698,-0.1204453558533285,0.21199449406684212,0.4222586529635579,,90.0,0.19890171668556955,0.44548235343072334,0.7814748553125082,False,False,False
3034,505.0,2026-07-29,0.007984031936127733,-0.014243802477519774,0.2910148693614978,0.3951840559643851,,91.4,0.2779220919802252,0.6736078992061066,0.9301226516958265,False,False,False
3035,167.0,2026-07-29,-0.16080402010050254,-0.20853080568720384,8.862968007061767e-06,0.012020978109874791,,59.9,-0.013083914413265507,0.4120722985962592,0.7167381974248928,False,False,False
3036,184.5,2026-07-29,-0.0658227848101266,-0.1378504672897196,-0.06520138454873059,0.27358461948113666,,71.1,-0.07829416193000316,0.6747296097333185,0.6294000618396355,False,False,False
3037,688.0,2026-07-29,-0.24145534729878726,-0.35569271684526194,-0.14145852226903044,1.5160904165529678,,93.8,-0.154551299650303,0.8418124771749456,0.6353998018298886,False,False,False
3038,19.899999618530277,2026-07-29,-0.043269214016445234,-0.0995475441160667,-0.1328976489331728,-0.1262144923360896,,28.9,-0.14599042631444537,0.6802737471827678,0.7896825006369184,False,False,False
3040,35.400001525878906,2026-07-29,-0.04710632377177537,-0.06842101247687093,-0.1917807730022547,-0.2990098707746751,,11.4,-0.20487355038352728,2.517716564367512,0.4745308612594576,False,False,False
3041,20.549999237060547,2026-07-29,-0.14553015014680637,-0.28146856772858186,-0.12553194735912565,-0.21714288620721722,,23.1,-0.13862472474039822,0.5436917520566238,0.6452118992443246,False,False,False
3042,136.5,2026-07-29,-0.1923076923076923,-0.272,-0.11590560964432395,0.6285948745396877,,81.1,-0.12899838702559652,0.36298171931214257,0.5481927710843374,False,False,False
3043,18.850000381469727,2026-07-29,-0.11084907060842442,-0.15090091289826424,-0.0759803561786645,-0.13532105315745824,,36.6,-0.08907313355993707,0.4058918377032761,0.6842105591100166,False,False,False
3044,339.5,2026-07-29,-0.18682634730538927,-0.3264721262123714,-0.23152548608634382,0.10059128629576497,,31.0,-0.2446182634676164,0.6902770967757821,0.6088786187404425,False,False,False
3045,113.5,2026-07-29,0.008888888888888946,0.01694515299801025,0.057804604242802204,0.09698248321399872,,74.9,0.044711826861529635,0.8731962755857565,0.9831876297372669,False,False,False
3046,51.20000076293945,2026-07-29,-0.07747746373082065,0.005893894461044713,0.12120439537600203,-3.486750088899093e-05,,76.2,0.10811161799472946,0.5668943737074544,0.8452830086487731,False,False,False
3047,13.600000381469728,2026-07-29,-0.10819669629706696,-0.13099036977823664,-0.0810810671486587,-0.2989690387169167,,23.4,-0.09417384452993127,0.5171644158778805,0.5830602285069268,False,False,False
3048,44.20000076293945,2026-07-29,-0.13163065937302565,-0.286248538757207,0.16157742345734238,0.09767642567252643,,81.9,0.14848464607606982,0.16222599548690653,0.5970075849891308,False,False,False
3049,9.579999923706056,2026-07-29,-0.15221241044217637,-0.29298894547200005,-0.23968256875651017,0.25721785663821817,,41.8,-0.25277534613778274,0.32384065404264273,0.5322222179836698,False,False,False
3050,10.649999618530272,2026-07-29,-0.10126588390798208,-0.1614173402773842,-0.13061227603834513,-0.2705479903927115,,18.7,-0.1437050534196177,0.8741391624333317,0.6960783977623434,False,False,False
3051,20.899999618530277,2026-07-29,-0.09913797710228023,-0.2302025815033265,-0.23861569990381948,-0.07111112806532105,,17.8,-0.25170847728509205,0.2505128101883029,0.6785714329947791,False,False,False
3052,10.5,2026-07-29,-0.018691571292548725,-0.018691571292548725,-0.018691571292548725,-0.1063829787234043,,46.8,-0.031784348673821294,0.6263511763453873,0.8571428571428571,False,False,False
3055,103.5,2026-07-29,-0.37462235649546827,-0.10492611061703505,0.30766461320375793,0.45011965186315805,,92.7,0.29457183582248536,0.8722025526675238,0.5362694300518135,False,False,False
3056,13.949999809265137,2026-07-29,-0.01992375609857744,0.007206443087146797,0.039580890906382615,-0.17773262602034134,,50.6,0.026488113525110046,0.6710586701460981,0.6039059088804293,False,False,False
3057,13.600000381469728,2026-07-29,-0.16049384314954562,-0.29533673994377563,-0.342995174868849,-0.2785145832230831,,3.8,-0.3560879522501216,0.47496414843504065,0.569037681947296,False,False,False
3058,8.140000343322754,2026-07-29,-0.06113030314963319,-0.11999996288402659,-0.06221197498472808,-0.2019607357316996,,34.0,-0.07530475236600065,0.49780437658551113,0.5898550891896249,False,False,False
3059,37.5,2026-07-29,-0.09529555344353957,-0.24849701696798698,-0.08088233575413906,-0.0660025261560907,,41.4,-0.09397511313541163,0.2537111278537279,0.5952380952380952,False,False,False
3060,26.149999618530277,2026-07-29,-0.13266998509484518,-0.284437835517682,-0.07078056397862054,-0.25504507885090455,,28.4,-0.0838733413598931,0.4158254985781741,0.6313783571646068,False,False,False
3062,18.899999618530277,2026-07-29,-0.1250000331136908,-0.2440000152587889,-0.24850895009139728,-0.25590551565433883,,8.9,-0.26160172747266985,0.3602176150538258,0.5797546166615221,False,False,False
3066,19.700000762939453,2026-07-29,-0.13024277727481237,-0.18595040736078916,0.045092857520857565,0.24683547627369995,,79.4,0.032000080139584997,0.3912185492749139,0.652317889578159,False,False,False
3067,18.0,2026-07-28,0.0,-0.04761902839658705,0.02857142857142847,-0.010989052448102776,,63.1,0.015478651190155901,1.0490566437604971,0.8450704528045816,False,False,False
3071,24.350000381469727,2026-07-29,-0.07061069952664267,-0.22491300133289283,-0.1776671650145606,0.024960999191442346,,33.4,-0.19075994239583316,0.39938037291331796,0.7255174756764012,False,False,False
3073,21.200000762939453,2026-07-29,-0.02304147384427424,-0.03416856373264032,-0.06401761059653877,-0.3977272641067664,,19.2,-0.07711038797781133,0.6134887919274025,0.48398718239569366,False,False,False
3078,50.20000076293945,2026-07-29,-0.0634327949248582,-0.05283017428416126,-0.09712226365788579,-0.2204969010324206,,27.0,-0.11021504103915836,0.4862189386721385,0.5500502123061404,False,False,False
3081,1540.0,2026-07-29,-0.07507507507507505,-0.1599460423438952,-0.3059677286612671,1.5364857782997694,,90.8,-0.31906050604253966,2.069145644593446,0.5369965348883359,False,False,False
3085,12.100000381469728,2026-07-29,-0.016260146842581924,-0.00819667453760653,0.04310344685839129,-0.21428567005221033,,48.2,0.030010669477118723,0.11824543230316807,0.7076023457041436,False,False,False
3088,133.5,2026-07-29,-0.07656902573325697,-0.05082887852824636,0.3419316206700016,0.5930533196030703,,94.1,0.32883884328872903,1.9360057536048154,0.8668831168831169,False,False,False
3090,126.5,2026-07-29,-0.3087431693989071,-0.601701828683681,0.30539789792981553,0.27812094435028056,,90.6,0.29230512054854296,0.14678982834289994,0.3720588235294118,False,False,False
3092,22.700000762939453,2026-07-29,-0.06967208533477931,-0.25816991895576025,-0.3036809256000601,-0.1482175952019268,,8.8,-0.31677370298133267,0.33544697871167534,0.6005291328335138,False,False,False
3093,43.04999923706055,2026-07-29,-0.1132852746947437,-0.39277248915251906,-0.2993529010988166,0.7212748047278055,,69.4,-0.3124456784800892,0.2303986928148903,0.578311915092839,False,False,False
3094,30.75,2026-07-29,-0.19397119868682422,-0.22053233446607434,0.18364450349259753,0.2331594819429481,,86.4,0.17055172611132496,0.35750171271627573,0.6795580110497238,False,False,False
3095,37.04999923706055,2026-07-29,-0.030104751385099604,-0.019841270241737763,-0.10181820031368372,0.23499997456868482,,61.5,-0.11491097769495628,0.30230116190489265,0.7759162143887025,False,False,False
3097,22.850000381469727,2026-07-29,-0.08964143290057802,-0.1106338369766966,-0.07241880961102609,0.027968775098609733,,48.9,-0.08551158699229866,0.7459709169418339,0.751458147886069,False,False,False
3105,291.0,2026-07-29,-0.18941504178272983,-0.31690140845070425,-0.4178830720941322,0.33740363840728493,,21.4,-0.4309758494754048,1.0621020331900488,0.47361863169515206,False,False,False
3114,29.0,2026-07-29,-0.13303439944520956,-0.4039054657670724,0.12840463576247418,0.08007447255062528,,79.3,0.11531185838120162,0.33976933324021585,0.5025996467339151,False,False,False
3115,9.5,2026-07-28,0.14045619291835565,0.05555555555555558,-0.08212563769480996,-0.11214951688373453,,37.5,-0.09521841507608253,0.5257667322206356,0.6959707154206417,True,False,False
3117,26.5,2026-07-29,-0.09863944408701486,-0.014869874505676006,-0.1820988039511785,2.925925925925926,,97.9,-0.19519158133245107,0.3128383222737134,0.5196078431372549,False,False,False
3122,23.0,2026-07-29,-0.13043480769094862,-0.2508143508659052,-0.3164933445155539,-0.04166666666666663,,11.8,-0.32958612189682646,0.22902156538492546,0.5721392926241881,False,False,False
3128,20.399999618530277,2026-07-29,-0.08520177953067576,-0.1622176879284728,-0.13924055013405345,-0.31081083258022046,,15.7,-0.15233332751532602,0.5261810488131944,0.49403594149322216,False,False,False
3130,205.0,2026-07-29,0.0,-0.012979780781843031,-0.012979780781843031,-0.019589270277461157,,55.3,-0.0260725581631156,2.032509483532507,0.9425407702510569,False,False,False
3131,2255.0,2026-07-29,-0.23704214065796492,-0.36735446055968957,-0.19982465669878113,0.2829626730185484,,49.0,-0.2129174340800537,0.7353320301589393,0.5880930088632778,False,False,False
3135,148.0,2026-07-29,-0.0326797385620915,-0.1754874651810585,0.02422145328719716,0.21311475409836067,,77.0,0.01112867590592459,0.5475181843257213,0.5681381957773513,False,False,False
3138,86.0,2026-07-29,-0.14851485148514854,-0.27826103826579174,-0.4292129815578979,-0.4292129815578979,,0.8,-0.44230575893917046,0.44002457941797546,0.40151916419894984,False,False,False
3141,60.0,2026-07-29,-0.08814593894768619,-0.23175414632202118,0.29032258064516125,0.20603015075376874,,89.5,0.2772298032638887,0.2101862162576851,0.7211538726056126,False,False,False
3147,209.5,2026-07-29,-0.08913043478260874,-0.1686507936507936,0.23235294117647065,0.3386581469648562,,89.7,0.21926016379519808,1.052626038230077,0.5985714285714285,False,False,False
3149,64.69999694824219,2026-07-29,-0.11126381543908526,-0.36256160642125923,0.35639404430598853,0.45720708839460866,,93.4,0.34330126692471596,0.4801784315293578,0.6191387267774372,False,False,False
3150,14.899999618530272,2026-07-29,-0.12609969001388288,-0.1870291035569953,-0.21007727740214144,-0.2299245518600116,,12.8,-0.223170054783414,0.67833839209056,0.6452421318925696,False,False,False
3152,212.5,2026-07-29,-0.10526315789473684,-0.34514637904468415,-0.318364073777065,-0.2518630631776674,,5.4,-0.33145685115833756,0.23075478326097387,0.5514357666661387,False,False,False
3158,82.0,2026-07-29,0.002444950376293331,-0.020310597493730098,-0.0888888888888889,-0.038035268834758384,,42.2,-0.10198166627016148,0.4690291604581021,0.6288973788062733,False,False,False
3162,57.09999847412109,2026-07-29,-0.15532544729301523,-0.28326640880052034,-0.26029418784934033,-0.046329628960180225,,17.0,-0.2733869652306129,0.2899719421651236,0.6016376881461504,False,False,False
3163,525.0,2026-07-29,-0.15262068328232603,-0.21895586559459546,-0.40805077374018095,0.7182972205120133,,50.7,-0.4211435511214535,2.326851768185874,0.4776733151236672,False,False,False
3167,482.5,2026-07-29,-0.30972818311874106,-0.42417665823782447,-0.40436946019174025,1.1500809413566815,,79.6,-0.4174622375730128,0.6070151090310449,0.5098246929438828,False,False,False
3168,41.400001525878906,2026-07-29,-0.04387985553485718,-0.025882317038143365,0.013104556307323323,0.06314940304904182,,67.0,1.1778926050753924e-05,0.5680006097132003,0.8468464869223606,False,False,False
3169,96.0,2026-07-29,-0.10280373831775702,-0.10280373831775702,-0.06830084519173074,0.03630750093229618,,50.5,-0.08139362257300331,0.3780049831710436,0.8029276979066623,False,False,False
3171,64.19999694824219,2026-07-29,-0.01834869341955403,-0.010575600854344613,-0.003405901288316082,0.43260396387684596,,82.0,-0.01649867866958865,0.412497430447124,0.866057802630566,False,False,False
3178,56.0,2026-07-29,-0.16292976498158174,-0.16790494114936994,-0.2056737588652482,-0.06666666666666665,,22.2,-0.21876653624652076,0.5777679018531372,0.7537011803484056,False,False,False
3188,22.549999237060547,2026-07-29,-0.052521010086989506,-0.05845517667144662,-0.11568630442899819,-0.1458748182598094,,30.2,-0.12877908181027076,0.480756147264489,0.7212065781744906,False,False,False
3189,576.0,2026-07-29,-0.27638190954773867,-0.3524286642408433,0.13579933102639496,1.9973301826566683,,97.5,0.1227065536451224,0.7788219999320141,0.6475713357591567,False,False,False
3191,17.600000381469727,2026-07-29,-0.02762430881006428,-0.08093990955282904,0.2394366632305287,0.008595966302124447,,83.6,0.22634388584925613,0.34583530192712103,0.6654064224500913,False,False,False
3206,31.399999618530277,2026-07-29,-0.07374636562892645,-0.12678078152560524,-0.032761728143219315,0.027880240582763394,,55.9,-0.045854505524491884,0.3672243961520622,0.7806994930820549,False,False,False
3207,39.79999923706055,2026-07-29,-0.16386553544326687,-0.3923664238616711,-0.3732283584714875,-0.4936386767212899,,1.0,-0.38632113585276007,0.5149407124231642,0.4760765545872694,False,False,False
3209,53.400001525878906,2026-07-29,-0.06643355220936664,-0.09797295882285662,0.045009845801123216,0.589285831873114,,87.7,0.03191706841985065,0.410274110364799,0.6560196624677191,False,False,False
3211,308.0,2026-07-29,-0.2182741116751269,-0.2326740377789589,-0.1257776365669271,0.11194949650419139,,47.2,-0.13887041394819966,0.427441040438071,0.673224043715847,False,False,False
3213,121.5,2026-07-29,-0.054474708171206254,0.008298755186721962,0.22206590765469447,0.25783363428722916,,88.1,0.2089731302734219,0.3410046834172658,0.8526315789473684,False,False,False
3217,140.0,2026-07-29,-0.07894736842105265,-0.17004083924018953,-0.11832235397199575,-0.10773158154495477,,32.2,-0.13141513135326832,0.3670090271379055,0.717694145980152,False,False,False
3219,55.900001525878906,2026-07-29,-0.13655233969960157,-0.22348453937335078,-0.12463358515558343,-0.16801915562674963,,26.9,-0.137726362536856,0.2658780192196721,0.5212227026644805,False,False,False
3221,42.54999923706055,2026-07-29,-0.09468086729658409,-0.270351219896386,-0.02380326001417088,0.6165374180434455,,85.6,-0.03689603739544345,0.40864400920188965,0.6449082310909978,False,False,False
3224,33.45000076293945,2026-07-29,-0.05508476494030434,-0.11390726455789524,-0.36285712832496275,-0.27909483485074427,,3.2,-0.3759499057062353,0.5653737233372722,0.6371428716750372,False,False,False
3226,44.84999847412109,2026-07-29,-0.02922082827975414,-0.022875882720087004,0.06785710652669263,-0.12402348035538979,,59.8,0.054764329145420065,0.02495627452733856,0.7732758357607084,False,False,False
3227,185.0,2026-07-29,-0.08188585607940446,-0.18590984587551007,-0.061726572127038026,-0.07294994003386546,,43.1,-0.0748193495083106,0.41185810759904234,0.7553741036826368,False,False,False
3228,135.5,2026-07-29,-0.18126888217522663,-0.245125348189415,-0.31565656565656564,0.12916666666666665,,20.8,-0.3287493430378382,0.36574950230125874,0.5262135922330097,False,False,False
3229,38.25,2026-07-29,-0.10421547267984443,-0.0892857142857143,0.021361794946936907,0.5517241619446567,,86.3,0.008269017565664338,0.8227871019566927,0.7031249802778754,False,False,False
3230,35.95000076293945,2026-07-29,-0.15511160029287552,-0.2260495118953264,0.02130681772000531,0.03751801384740561,,65.8,0.008214040338732742,1.0238605019333473,0.5446969812566583,False,False,False
3231,169.5,2026-07-29,0.03353658536585358,0.10861663638726182,0.2506457655870076,0.21183260090766742,,88.3,0.237552988205735,2.39676823629101,0.9057512074533428,False,False,False
3232,19.0,2026-07-29,-0.09307879197737334,-0.15742790940880313,-0.1224018321119108,-0.1897654847829372,,25.5,-0.13549460949318337,0.5017219607990755,0.7024029772972622,False,False,False
3234,90.0,2026-07-29,-0.17050691244239635,-0.2941176470588235,-0.15492957746478875,1.0338983050847457,,88.7,-0.16802235484606132,0.5630888844434193,0.6185567010309279,False,False,False
3236,38.45000076293945,2026-07-29,-0.18278424258394055,-0.4419448488909308,0.2544861742736688,0.037786816591308,,85.1,0.24139339689239625,0.2778919377603121,0.5267123392183487,False,False,False
3257,49.0,2026-07-29,-0.09594097213546682,-0.27621857889504275,-0.039945349248720285,-0.22473783487995802,,35.3,-0.053038126629992854,0.2215742926717735,0.6584282757650652,False,False,False
3259,14.899999618530272,2026-07-29,-0.026143827922748497,-0.09696972008907445,-0.12352943420410167,-0.25125628622345086,,21.4,-0.13662221158537424,0.6584932876675461,0.6247379195057303,False,False,False
3260,394.0,2026-07-29,0.03820816864295118,-0.03667481662591687,-0.13406593406593403,0.3826317289900485,,68.8,-0.1471587114472066,0.8635985219185935,0.7755905511811023,False,False,False
3264,167.0,2026-07-29,-0.2304147465437788,-0.24774774774774777,-0.14626841035890525,0.2036711131347324,,51.4,-0.15936118774017782,0.7286381112283699,0.6498054474708171,False,False,False
3265,137.0,2026-07-29,-0.17469879518072284,-0.21979887977269064,-0.14865593577203506,-0.030822841255815248,,33.9,-0.16174871315330763,0.4573067054612404,0.7116883116883117,False,False,False
3266,13.800000190734863,2026-07-29,0.033707849918098276,0.04857229130128449,0.05242728826502785,0.022357941420656058,,69.6,0.03933451088375528,0.5912526741558969,0.9703736706888704,True,True,False
3268,19.549999237060547,2026-07-29,-0.050970928396374404,-0.062350173651054,0.11714281354631706,0.12680108398962808,,80.3,0.10405003616504449,0.45524137235223217,0.8231578626130757,False,False,False
3272,13.300000190734863,2026-07-29,-0.11333332061767576,-0.1582278461911667,-0.24858759223431115,-0.387096786952681,,5.6,-0.2616803696155837,0.8798984983248495,0.5195312497089617,False,False,False
3276,15.550000190734863,2026-07-29,-0.13370476157080513,-0.06255062288280788,0.047552577571802424,0.026877141327319665,,69.3,0.034459800190529855,1.275627059301219,0.8497268218046438,False,False,False
3284,20.049999237060547,2026-07-29,-0.15932918589643263,-0.28789690683518365,0.25549252465337413,-0.014408128677812826,,83.9,0.24239974727210156,0.5393437299994189,0.6613210171635625,False,False,False
3285,36.54999923706055,2026-07-29,-0.0593538857197049,-0.24537366843742348,0.3195872923641403,0.31723922562575946,,91.1,0.3064945149828677,0.32524483950358796,0.7229379186529855,False,False,False
3287,27.399999618530277,2026-07-29,-0.06324787628956319,-0.14906835499003246,-0.02664298437525725,-0.06960954469613945,,48.5,-0.03973576175652982,0.19655607338785996,0.7126137600740995,False,False,False
3288,24.5,2026-07-29,0.0,0.1980439650838628,0.5857605373760402,0.44542766355316865,,95.8,0.5726677599947676,1.0529593437403788,0.8361774961758636,False,False,False
3289,133.5,2026-07-29,-0.09491525423728808,-0.23495702005730656,-0.3082901554404145,0.11223680207714515,,20.5,-0.32138293282168706,0.29052389776585924,0.6342042755344418,False,False,False
3290,51.70000076293945,2026-07-29,-0.16612901995258944,-0.20443458972234907,0.11446288902213952,0.2115951328952601,,82.4,0.10137011164086696,0.45819245810632,0.7408911656533075,False,False,False
3294,27.299999237060547,2026-07-29,-0.1428571770773467,-0.2611637706800206,-0.10638298138015623,-0.33251838096419506,,18.0,-0.1194757587614288,0.27067481496630996,0.4627118514756025,False,False,False
3296,22.700000762939453,2026-07-29,-0.10980389164943316,-0.214532835205142,0.15228425806174273,-0.06967208533477931,,75.8,0.13919148068047016,0.4412215561479936,0.7394136872577062,False,False,False
3297,25.75,2026-07-29,-0.1387959756346736,-0.16935483870967738,-0.19025155289971585,-0.35624999999999996,,9.4,-0.20334433028098842,0.7387484031426136,0.3737300352646331,False,False,False
3303,50.5,2026-07-29,-0.03809523809523807,-0.08441084140970168,0.09119446906500861,0.1366609677372821,,78.9,0.07810169168373604,0.4166483931636929,0.8054226377274528,False,False,False
3305,94.6999969482422,2026-07-29,-0.15446431296212315,-0.30543385238589615,-0.09347707583041387,-0.22764245145961504,,27.1,-0.10656985321168644,0.25269477815043834,0.5763862388188198,False,False,False
3306,42.29999923706055,2026-07-29,-0.0631229721484019,-0.1233160779883824,-0.09615384772135815,-0.15400001525878904,,32.0,-0.10924662510263072,0.6405034970784014,0.6148255430343298,False,False,False
3308,19.049999237060547,2026-07-29,-0.07073174453363185,-0.10981310389533194,-0.10352944766773897,-0.2045929590725205,,27.5,-0.11662222504901154,0.36070313821142874,0.7229601123822827,False,False,False
3310,65.69999694824219,2026-07-29,-0.03382357429055605,0.0,-0.013612069367408774,-0.13474739623314902,,45.6,-0.026704846748681343,0.08499203170205778,0.7864140806295821,False,False,False
3311,32.150001525878906,2026-07-29,-0.059941496822479956,-0.13812438436944707,0.05201573218462774,-0.024922755608765446,,65.6,0.03892295480335517,0.2597393121856803,0.7909222616810747,False,False,False
3312,41.95000076293945,2026-07-29,-0.14212680053315263,-0.29614090877612087,0.01084339187805905,0.023170750315596456,,62.8,-0.002249385503213519,0.21331233970127703,0.5730874660090657,False,False,False
3313,10.149999618530272,2026-07-29,-0.13617024523146626,-0.09777781168619804,-0.14705882824357075,-0.2975778717988471,,15.6,-0.16015160562484332,1.0090299033811678,0.5165394308180369,False,False,False
3317,62.59999847412109,2026-07-29,-0.2184769080320763,-0.29977631537287985,0.12387787462603805,0.33760682680842113,,86.1,0.11078509724476548,0.21482349044108262,0.5933649144466454,False,False,False
3321,17.5,2026-07-29,-0.083769651807023,-0.25531914893617025,0.10062895722368737,-0.1421568467038632,,64.0,0.0875361798424148,0.2975623331009216,0.6517690782633083,False,False,False
3322,10.899999618530272,2026-07-29,-0.1349206913866109,-0.23776227460524735,-0.20437957881147273,-0.3681159641431726,,7.7,-0.2174723561927453,0.9343729104806661,0.6055555343627929,False,False,False
3323,26.25,2026-07-29,-0.15185785612539915,-0.21407189219254852,-0.23913043478260865,-0.3303571558902282,,7.3,-0.2522232121638812,0.2648524001336973,0.46542551932299675,False,False,False
3324,855.0,2026-07-29,-0.05837004405286339,-0.1534653465346535,-0.25447940775255584,-0.10752958836889404,,14.3,-0.2675721851338284,1.0302262082920008,0.6756280187458377,False,False,False
3325,11.550000190734863,2026-07-29,-0.09765624854480848,-0.13157894548145177,-0.12167296381824799,-0.29141099807697124,,18.5,-0.13476574119952056,0.6890182147061465,0.570370379789376,False,False,False
3332,62.09999847412109,2026-07-29,-0.06193351454874907,-0.03869969131657969,-0.01584786092205892,0.11690647802850962,,66.4,-0.02894063830333149,0.6951465455485966,0.7811320562782527,False,False,False
3338,56.70000076293945,2026-07-29,-0.15875371692433982,-0.20140843995859925,-0.24669896603569097,0.15175372887695526,,32.7,-0.25979174341696354,0.41006025591854994,0.6505395907643083,False,False,False
3339,31.799999237060547,2026-07-29,-0.10169497552667062,-0.25874130289068675,-0.4207650573184305,0.16483516944173093,,11.6,-0.43385783469970307,0.26408179528881315,0.4453781310569671,False,False,False
3346,18.600000381469727,2026-07-29,-0.13888888643602293,-0.3149171033956497,0.07204610792602839,-0.13689090301764695,,59.6,0.05895333054475582,0.32008327747624754,0.634812316238672,False,False,False
3349,22.299999237060547,2026-07-29,-0.06302521210438738,0.22527463199176867,-0.1537002309592863,-0.2700491065803966,,16.2,-0.16679300834055888,0.6785086088444365,0.6968749761581421,False,False,False
3354,18.950000762939453,2026-07-29,-0.1760869233504586,-0.3045871279655247,-0.2849056315871904,-0.3896940023006127,,4.0,-0.29799840896846297,0.14106309328535746,0.5353107329412456,False,False,False
3356,54.5,2026-07-29,-0.05381941937921886,-0.1307815097792836,0.09634703900656572,0.1731470861432669,,80.4,0.08325426162529315,0.3930651101205573,0.8692184902207164,False,False,False
3357,185.0,2026-07-29,-0.1552511415525114,-0.42006269592476486,0.12348830546024425,0.11351657560148753,,80.2,0.11039552807897168,0.2897993286891955,0.5407594510338164,False,False,False
3360,15.0,2026-07-29,-0.20424404793404805,-0.3392070706671805,0.10701105452799986,-0.03846156197421835,,72.9,0.09391827714672729,0.4936740560203528,0.6564551312727458,False,False,False
3362,173.5,2026-07-29,0.10862619808306717,-0.08201058201058198,0.6291079812206573,0.5772727272727274,,96.2,0.6160152038393847,2.0936263538175344,0.8222748815165877,False,False,False
3363,485.5,2026-07-29,-0.142226148409894,-0.16003460207612452,-0.3561007957559682,0.22700996810471796,,22.0,-0.36919357313724077,1.354932836800002,0.4904040404040404,False,False,False
3372,14.899999618530272,2026-07-29,-0.1362319061721582,-0.2605459106397212,-0.18356166473806734,-0.33924611429510065,,10.4,-0.1966544421193399,0.5633830335238432,0.5808966799268915,False,False,False
3373,16.25,2026-07-29,-0.026946152238393473,-0.018126842954092504,-0.04970762353846625,-0.06340059696163214,,45.5,-0.06280040091973882,5.766876784171533,0.7869249540042637,False,False,False
3374,279.5,2026-07-29,-0.33133971291866027,-0.024432809773123898,0.3882829459958266,0.6104081392405654,,94.7,0.375190168614554,1.0770050955683925,0.6686602870813397,False,False,False
3376,169.0,2026-07-29,-0.11749347258485643,-0.1507537688442211,-0.17560975609756102,-0.22477064220183485,,16.5,-0.1887025334788336,0.4754006020233213,0.6401515151515151,False,False,False
3379,24.899999618530277,2026-07-29,-0.18174842650690193,-0.19697173992180306,-0.3484864908512523,-0.4971327783810834,,1.3,-0.36157926823252484,0.3570110346172598,0.3494961331208746,False,False,False
3380,27.049999237060547,2026-07-29,-0.12175324976916746,-0.19332042447916464,-0.19213422315977713,-0.18007652778641803,,17.2,-0.2052270005410497,0.5915764632001521,0.6610694957838262,False,False,False
3388,68.80000305175781,2026-07-29,-0.07651002615090186,-0.1700844175463555,-0.37655966309797595,0.14214270067882584,,14.6,-0.3896524404792485,0.46678760176541473,0.5899497377635243,False,False,False
3390,21.600000381469727,2026-07-29,-0.11293634319992629,-0.2230215476885884,-0.15953308403718458,-0.11836733136858257,,25.3,-0.17262586141845715,0.19497672307419886,0.721201997704049,False,False,False
3402,115.5,2026-07-29,-0.17500000000000004,-0.1856638955915797,-0.08348483654181116,-0.1659394603195241,,33.2,-0.09657761392308373,0.715767204242364,0.7627958685276445,False,False,False
3406,466.5,2026-07-29,-0.11814744801512289,-0.2921092564491654,-0.07101836720679056,0.06081050837429269,,51.9,-0.08411114458806312,0.46602346175515136,0.6027131782945736,False,False,False
3413,289.0,2026-07-29,-0.20385674931129472,-0.12556732223903178,-0.04181346877120706,0.029224583485263356,,54.6,-0.05490624615247963,0.9354519435446922,0.756544502617801,False,False,False
3416,165.5,2026-07-29,-0.07799442896935938,-0.06760563380281692,0.09791167962891589,0.1419750103261157,,79.5,0.08481890224764332,1.1966091997937536,0.8410111542334943,False,False,False
3419,11.949999809265137,2026-07-29,-0.04400001525878905,-0.13718415305942167,-0.2412698533799913,-0.17869418195096332,,12.2,-0.25436263076126386,0.627801729762933,0.6657381226377302,False,False,False
3426,47.79999923706055,2026-07-17,,,,,,,,,,False,False,False
3430,95.1999969482422,2026-07-29,-0.20995853154985722,-0.3306185898611953,-0.20338077149027145,0.22013827652449658,,43.8,-0.21647354887154402,0.2377129511214133,0.5252911568765697,False,False,False
3432,15.149999618530272,2026-07-29,-0.15363128819026184,-0.16758247343702748,-0.2887323867988547,-0.13428573608398453,,10.3,-0.3018251641801273,0.38813249001331557,0.6703539541066608,False,False,False
3434,29.5,2026-07-29,-0.01666666666666672,0.0,0.01374569117823743,-0.057507964247145105,,56.5,0.0006529137969648602,0.6426321420782724,0.7061824551477114,False,False,False
3437,15.899999618530272,2026-07-29,-0.1382114384261367,-0.27727274461226037,-0.3652694569744014,0.03583056829917042,,10.8,-0.37836223435567395,0.31963889861289996,0.5317725692771039,False,False,False
3438,48.34999847412109,2026-07-29,-0.14726635231857244,-0.29123260146324814,-0.12253843834122613,-0.08516506696806392,,33.4,-0.1356312157224987,0.27449036698495693,0.6253301633963452,False,False,False
3441,84.80000305175781,2026-07-29,0.3250000476837158,0.060000038146972745,1.5713741062866755,1.3063193581094787,,98.8,1.558281328905403,3.633069856361455,0.9137931062832174,True,False,False
3443,3295.0,2026-07-29,-0.24599542334096114,-0.3199174406604747,-0.19659922371514282,0.3187296799185957,,52.5,-0.2096920010964154,0.8259529918897008,0.577663412036823,False,False,False
3444,63.70000076293945,2026-07-29,-0.1562913806233185,-0.28252279838989514,-0.23631526941120917,-0.1441117596485043,,14.3,-0.24940804679248174,0.27786857770367723,0.5550525935669292,False,False,False
3447,26.700000762939453,2026-07-29,-0.11589403680728039,-0.277401888724199,-0.269916175249867,-0.40901720865775104,,4.2,-0.28300895263113957,0.8611627939344776,0.3331450226286988,False,False,False
3450,364.5,2026-07-29,-0.20501635768811344,-0.3148496240601504,0.20937485191558958,0.4580087209994299,,90.3,0.196282074534317,1.3005115647491963,0.5955882352941176,False,False,False
3455,152.0,2026-07-29,-0.2456575682382134,-0.3531914893617021,-0.36401673640167365,0.22580645161290325,,20.8,-0.3771095137829462,0.6625456434417513,0.49032258064516127,False,False,False
3465,29.950000762939453,2026-07-29,-0.024429966819590088,-0.16106442232822404,-0.10060055708328008,-0.42292871132180065,,14.1,-0.11369333446455265,0.5248283987685759,0.5546296437581381,False,False,False
3466,26.450000762939453,2026-07-29,-0.09726957502839217,-0.11686143274930894,-0.31209362189574674,-0.3345911757751081,,4.0,-0.3251863992770193,0.40807917392029003,0.5237623913453358,False,False,False
3467,44.59999847412109,2026-07-29,-0.16007533416677167,-0.2733037010001784,-0.23758474008996044,0.02699777377068968,,24.3,-0.250677517471233,0.381700932135905,0.5804193769831553,False,False,False
3479,139.5,2026-07-29,-0.06999999999999995,0.014405640557797694,0.5881544091123512,0.5422441194203278,,96.2,0.5750616317310786,1.3477645561833655,0.8913738019169329,False,False,False
3481,41.79999923706055,2026-07-29,-0.2038095383417039,-0.3915574804384314,0.7856098600118258,0.6077201125765996,,97.2,0.7725170826305532,0.603727147013519,0.5895627410078871,False,False,False
3483,72.5,2026-07-29,-0.07643312101910826,-0.19623057147550305,-0.22625397693398652,-0.1899441340782123,,13.2,-0.2393467543152591,0.3929804844113086,0.6277056277056277,False,False,False
3484,45.650001525878906,2026-07-29,-0.038947336297286195,-0.11013640926333434,0.018973265698522646,-0.09424602889269784,,54.3,0.005880488317250077,0.41764683921845364,0.8284936985491828,False,False,False
3485,192.0,2026-07-29,-0.22267206477732793,-0.3458262350936968,-0.40093603744149764,0.3568904593639577,,24.5,-0.4140288148227702,0.30965336015503997,0.49676584734799484,False,False,False
3489,19.799999237060547,2026-07-29,0.03664915401100921,-0.01301809195514203,0.013537556749021906,0.0344112130795613,,64.1,0.00044477936774933724,0.6196914083968466,0.9132075192849942,False,False,False
3490,25.850000381469727,2026-07-29,-0.06509943080990999,-0.14851590461434516,-0.12729950164129844,0.018150603272212296,,40.4,-0.140392279022571,0.29463904763108234,0.6038686443022852,False,False,False
3491,1025.0,2026-07-29,-0.20739248476528083,-0.2281724412484325,-0.33736992013921796,0.1199888491963852,,17.6,-0.35046269752049053,0.8358846446739577,0.4683589943132936,False,False,False
3492,21.649999618530277,2026-07-29,-0.026966309279538137,-0.039911292637701545,-0.05458515374771111,-0.15098040711645977,,38.4,-0.06767793112898368,0.5326184483235891,0.7623239404694993,False,False,False
3494,7.110000133514404,2026-07-29,-0.04819272647770845,-0.09999999396408665,-0.10902254178942883,-0.21436464268880095,,25.7,-0.1221153191707014,0.770177854928084,0.5170909188010476,False,False,False
3498,93.3000030517578,2026-07-29,-0.16322867218154447,-0.21265820209487085,0.1691729258612178,0.7942308279184191,,93.2,0.15608014847994522,0.7102318265559324,0.5831250190734862,False,False,False
3499,12.449999809265137,2026-07-29,-0.094545468417081,-0.1530612264757899,-0.19677420585386218,-0.3083333439297147,,10.5,-0.20986698323513475,0.5588873261256516,0.5831381539492078,False,False,False
3501,40.04999923706055,2026-07-29,-0.002490716936932147,-0.017177932832870058,-0.14605548115043454,-0.3094827717748182,,15.0,-0.1591482585317071,0.6500176528611386,0.6905172282251818,False,False,False
3504,68.5999984741211,2026-07-29,0.0652173423715594,-0.14463839046786076,0.05538459190955525,0.23603600854272244,,79.9,0.04229181452828268,1.1136621980754022,0.749726759280012,False,False,False
3508,15.649999618530272,2026-07-29,-0.02187502384185802,-0.14010994711614144,-0.35860656298350624,-0.3438155401167394,,2.4,-0.3716993403647788,0.3814763005624315,0.2992351787156519,False,False,False
3511,18.450000762939453,2026-07-29,-0.11084333672580948,-0.2360248010611652,-0.20474137257735903,-0.170786482564519,,16.1,-0.2178341499586316,0.3040072386814813,0.6554174427339738,False,False,False
3512,19.450000762939453,2026-07-29,0.005167978268646012,0.04589564450919248,-0.01705184435041085,-0.014771183178670988,,54.9,-0.03014462173168342,0.7532612181487535,0.8442019882048182,False,False,False
3515,190.5,2026-07-29,-0.08851674641148322,-0.1457330712814906,-0.1493682063574202,-0.1457330712814906,,24.6,-0.16246098373869278,0.4515530172538763,0.5922917766920152,False,False,False
3516,23.899999618530277,2026-07-29,-0.09640835806636805,-0.1758620821196456,0.1773399269344511,0.21319790319460563,,85.6,0.16424714955317854,0.23308679564279297,0.8156996669235405,False,False,False
3518,23.600000381469727,2026-07-29,-0.12267655330326921,-0.20805365819876387,-0.2804877765117686,0.09006932089137032,,22.9,-0.29358055389304116,0.36354534314717396,0.6066837906360856,False,False,False
3520,16.299999237060547,2026-07-29,-0.038348170892128275,0.03821652452768376,0.08666661580403656,0.012422288872800724,,73.5,0.07357383842276399,0.6238790543917201,0.8253164170663568,False,False,False
3521,12.199999809265137,2026-07-29,-0.008130112188539096,0.008264415259734204,-0.13780917751485267,-0.15862070280930096,,25.6,-0.15090195489612523,0.7922264496893546,0.7261904978157451,False,False,False
3523,14.550000190734863,2026-07-29,-0.05519476940587931,-0.14411763583912574,0.13671874796273187,-0.204917989216705,,64.5,0.1236259705814593,1.4783425497008378,0.6258064598165533,False,False,False
3526,283.0,2026-07-29,-0.08414239482200647,-0.090032154340836,-0.13719512195121952,0.2086622665675928,,53.5,-0.1502878993324921,0.4345317907028313,0.7164556962025317,False,False,False
3527,48.29999923706055,2026-07-29,-0.14665747829837705,-0.24597452850312884,-0.1710797756062502,-0.13919821334180882,,22.1,-0.18417255298752278,0.4205466735389841,0.6886414761441684,False,False,False
3528,78.5,2026-07-29,-0.09038241918809453,-0.21421422621635577,-0.018750000000000044,0.12303287963358822,,66.5,-0.03184277738127261,0.2598158349015303,0.5607142857142857,False,False,False
3529,2085.0,2026-07-29,-0.19807692307692304,-0.28717948717948716,-0.4619048363137618,0.2528783386968432,,11.9,-0.47499761369503435,0.9961704243402616,0.4460300207050151,False,False,False
3530,51.70000076293945,2026-07-29,-0.1266891875564835,-0.256115096936123,-0.20322966989591718,-0.30862256941298616,,10.1,-0.21632244727718974,0.4277975525440545,0.6616219349536137,False,False,False
3531,21.700000762939453,2026-07-29,-0.048245548724979215,-0.04405286195552127,-0.040228724376193625,0.014678119151601665,,53.5,-0.053321501757466194,0.6953815348452531,0.9214437989785682,False,False,False
3532,308.0,2026-07-29,-0.3418803418803419,-0.15202451636201153,0.7006230647966998,1.3120829949986605,,98.1,0.6875302874154272,1.349939179236453,0.5889101338432122,False,False,False
3533,1725.0,2026-07-29,-0.14179104477611937,-0.18246445497630337,-0.34905660377358494,0.25912408759124084,,25.2,-0.3621493811548575,0.6449038601195152,0.6052631578947368,False,False,False
3535,74.4000015258789,2026-07-29,-0.1733333163791233,-0.3586206765010439,-0.4095237974136595,-0.23219813875844952,,2.5,-0.4226165747949321,0.4024239662266936,0.5010101112853799,False,False,False
3537,47.04999923706055,2026-07-29,-0.15289616774007175,-0.3778576517424298,0.13339351694910961,-0.07091840428053786,,74.0,0.12030073956783705,0.1533066145607137,0.5464576082565469,False,False,False
3540,19.350000381469727,2026-07-29,-0.08435434037956657,-0.24924074689533027,-0.2989331939258222,-0.38284041141324265,,3.5,-0.31202597130709475,0.9914721873138046,0.49733039003159973,False,False,False
3541,20.600000381469727,2026-07-29,-0.06150343209778275,-0.05720823698749611,-0.12340423908639464,-0.18577071135662548,,25.7,-0.1364970164676672,0.46344751321163546,0.6613162322228522,False,False,False
3543,27.350000381469727,2026-07-29,-0.05363319230172969,-0.05851975560199141,-0.33462160612067626,-0.36565743013187113,,2.8,-0.34771438350194883,0.8297747331162919,0.505977433256659,False,False,False
3545,45.79999923706055,2026-07-29,-0.08946322203290302,-0.17625898392105044,-0.10371818777538033,-0.13421554034067484,,32.6,-0.1168109651566529,0.5032124572727913,0.6533523571183613,False,False,False
3548,67.80000305175781,2026-07-29,-0.09837261949729659,-0.19171758746125123,-0.33297084639773733,-0.2245597951933901,,5.4,-0.3460636237790099,0.4452317263188597,0.5667517388045148,False,False,False
3550,19.100000381469727,2026-07-29,-0.16411378281818645,-0.39937104277631275,-0.0772947015699782,0.2282958294013433,,65.1,-0.09038747895125077,0.2356961088858345,0.512751688093147,False,False,False
3551,160.5,2026-07-29,-0.1640625,-0.19608508964026727,-0.16113227581332723,-0.2000066320517172,,19.4,-0.1742250531945998,0.4349742567967597,0.7288828438890732,False,False,False
3552,44.20000076293945,2026-07-29,-0.032129330258671596,-0.06358005768955222,-0.17588137742909038,-0.27956077373521393,,13.7,-0.18897415481036295,0.7038446452811818,0.5838853741280974,False,False,False
3555,134.0,2026-07-29,-0.0821917808219178,-0.33498759305210923,-0.45417515274949083,0.5914489887971126,,34.6,-0.4672679301307634,0.5800861438917022,0.4855072463768116,False,False,False
3556,54.70000076293945,2026-07-29,-0.13858266515055984,-0.23709898059792744,0.08852450578951165,0.49077404495981214,,87.5,0.07543172840823908,0.35738505920913843,0.6999591816332384,False,False,False
3557,25.5,2026-07-29,-0.02857142857142858,0.011494225045432405,-0.15846317891182748,-0.3084958939088587,,14.0,-0.17155595629310005,0.37679069726773023,0.5505465214459304,False,False,False
3558,117.0,2026-07-29,-0.11363636363636365,-0.13653136531365317,0.07339449541284404,-0.12030075187969924,,61.2,0.06030171803157147,0.3496121865375063,0.6655515857440232,False,False,False
3563,588.0,2026-07-29,-0.12238805970149258,-0.1694915254237288,-0.3173973273338958,0.22798473717385326,,27.7,-0.3304901047151684,0.4958393548142242,0.6255408100168687,False,False,False
3564,41.400001525878906,2026-07-29,-0.14285709772614819,-0.05544485362816609,0.026082719227054074,-0.12772211042671022,,52.4,0.012989941845781505,0.6534905563593106,0.6678596465835458,False,False,False
3567,25.100000381469727,2026-07-29,-0.0971222636578859,-0.1342823778144263,-0.07244539608403022,-0.11208447958182044,,38.7,-0.08553817346530279,0.37203017038890446,0.7978964165437452,False,False,False
3570,160.5,2026-07-29,-0.027272727272727226,-0.026580568069725086,0.03890944281573594,0.0021338338860290573,,65.6,0.02581666543446337,0.42247410966652094,0.7956051037797288,False,False,False
3576,16.0,2026-07-29,-0.17737792429875765,-0.0804597499553582,0.05610563715328909,0.509433907943081,,86.9,0.04301285977201652,0.5545101158348821,0.5992509192062858,False,False,False
3577,120.5,2026-07-29,-0.20723684210526316,0.032461984524878584,0.4865946312262339,0.8997941331248402,,96.4,0.47350185384496135,2.4883450649698866,0.753125,False,False,False
3580,69.0,2026-07-29,-0.155446724879167,-0.2729188736505559,-0.16570515783117257,-0.016681998899906403,,31.9,-0.17879793521244514,0.1902593532329063,0.6187071601582923,False,False,False
3581,93.1999969482422,2026-07-29,-0.23606559878489997,-0.3383802610557548,-0.4274055938798318,0.29129920498257444,,17.3,-0.44049837126110436,0.5456458574325068,0.33435423066320213,False,False,False
3583,624.0,2026-07-29,-0.18644067796610164,-0.3097345132743363,-0.1917098445595855,0.8851963746223566,,83.9,-0.20480262194085808,0.442012549369366,0.6459627329192547,False,False,False
3585,39.0,2026-07-29,-0.21999999999999997,-0.477211785553465,-0.6736401673640167,1.9323307850152096,,86.0,-0.6867329447452892,0.4158911271311208,0.23636363636363636,False,False,False
3587,215.0,2026-07-29,-0.14455935661274089,-0.2514894256753347,-0.3201708296206319,0.12084651505400901,,19.7,-0.3332636070019045,0.4921285500065933,0.5519319993754539,False,False,False
3588,46.75,2026-07-29,-0.19396551724137934,-0.30229179853415167,-0.23046895922504584,-0.09951623150966349,,17.3,-0.2435617366063184,0.3819140230167207,0.620491434089311,False,False,False
3591,18.5,2026-07-29,-0.12941176470588234,-0.2911877498233876,-0.2094016965132771,-0.1273585219704062,,17.9,-0.22249447389454968,0.4754126260139888,0.6548672566371682,False,False,False
3592,225.5,2026-07-29,-0.044491525423728806,-0.14601319792237533,0.00777683202078272,0.05940012836071418,,65.2,-0.005315945360489849,0.49111206720557105,0.6634179241201312,False,False,False
3593,13.399999618530272,2026-07-29,-0.06944444628409407,-0.13268609812574306,-0.3283208468130453,0.12133889810951404,,18.5,-0.34141362419431787,0.42677247150777503,0.6716791531869547,False,False,False
3594,50.70000076293945,2026-07-29,-0.0558659209939979,-0.009765624854480848,-0.02873563176391669,0.3556149383538827,,78.1,-0.04182840914518926,2.5572858988246905,0.8637138007492013,False,False,False
3595,1350.0,2026-07-29,-0.29528448129026563,-0.2968132143568828,-0.3753966885045136,3.0521141034763497,,97.6,-0.38848946588578614,1.354910018979965,0.5513080605274356,False,False,False
3596,169.5,2026-07-29,-0.09599999999999997,-0.1171875,0.052795031055900665,0.03210067735732247,,70.6,0.039702253674628096,0.3618176719122661,0.7156449603808234,False,False,False
3597,24.899999618530277,2026-07-29,-0.07262572570707393,-0.04414585996970777,0.04475520087941853,-0.06876328310677704,,60.6,0.031662423498145964,0.20648539242057048,0.7339063956384227,False,False,False
3603,6.400000095367432,2026-07-29,-0.11845731493136036,-0.16120576679226084,-0.31914889839451954,0.05436571900717646,,16.0,-0.3322416757757921,0.36798959188330377,0.4776119610120848,False,False,False
3605,82.5,2026-07-29,-0.1109914085456778,0.05905004344053766,0.0,0.32423757640952,,79.1,-0.013092777381272569,1.20451755254484,0.873015873015873,False,False,False
3607,13.5,2026-07-29,-0.10299004459076888,-0.15624994970857797,-0.029109614408581508,-0.045454573040165536,,50.0,-0.04220239178985408,0.5331663990099511,0.7745901518244798,False,False,False
3609,21.850000381469727,2026-07-29,-0.16920148230727405,-0.16122836770051063,-0.05818966970148842,-0.46772227070486216,,15.9,-0.07128244708276099,0.5940394159661468,0.420192315028264,False,False,False
3611,181.0,2026-07-29,-0.021621621621621623,-0.05486229349442262,0.004830583945383715,-0.038197424509910705,,56.8,-0.008262193435888854,1.026001185553915,0.8859295208242077,False,False,False
3615,32.45000076293945,2026-07-29,-0.2161835853398425,-0.37553814547175257,0.005231317617518716,0.2681378569481514,,77.4,-0.007861459763753853,0.13700570783854646,0.541405330172951,False,False,False
3617,204.5,2026-07-29,-0.01918465227817745,0.00742679773478927,0.12641418345487732,0.1293784855112199,,80.7,0.11332140607360475,0.6181511784037499,0.8365766585452452,False,False,False
3622,51.70000076293945,2026-07-29,-0.02636530605295473,-0.11015486883415881,-0.05999998612837354,-0.21666665510697802,,33.0,-0.07309276350964611,0.5192158666855955,0.7082191885334171,False,False,False
3623,19.700000762939453,2026-07-29,-0.08796294374884595,-0.168776365874846,-0.15811961179096878,-0.3519736509821748,,12.0,-0.17121238917224135,0.2864107958683479,0.6175548902356723,False,False,False
3624,62.29999923706055,2026-07-29,-0.33582092526495866,-0.5880813509753083,0.2011012737656177,-0.0365399406924376,,80.4,0.18800849638434514,0.08247254445325507,0.355907052906716,False,False,False
3625,15.350000381469728,2026-07-29,-0.16802169394467992,-0.03154574056569437,-0.10233917900354972,-0.23441391692939872,,25.2,-0.11543195638482229,0.65027062128145,0.44492754728897765,False,False,False
3628,62.400001525878906,2026-07-29,-0.09826583413651457,-0.06715404010046899,-0.031168954546671457,-0.11876905327255682,,44.1,-0.044261731927944026,0.4851429327150069,0.6562735403800868,False,False,False
3630,27.200000762939453,2026-07-29,0.06876227691703529,-0.09634550105572692,-0.010909063165838062,-0.12540191545637425,,46.6,-0.02400184054711063,0.7471673803275645,0.6554217051310711,False,False,False
3631,31.899999618530277,2026-07-29,-0.02743901339831023,-0.07267447082721479,-0.15831138959853874,0.2993890268792436,,57.4,-0.1714041669798113,0.3400048098762793,0.7696019066675662,False,False,False
3632,7.760000228881836,2026-07-29,-0.018963289686958484,-0.021437528768825098,-0.11918276285173501,-0.1664876606738841,,27.8,-0.13227554023300758,0.24371880834247445,0.7497584485866362,False,False,False
3633,115.5,2026-07-29,-0.02941176470588236,0.0029579636320464786,0.05891697056952849,0.46339052924748003,,85.9,0.045824193188255924,0.4127459708511655,0.8224255279988257,False,False,False
3645,61.70000076293945,2026-07-29,-0.13342691843383958,-0.31459962670195507,-0.3858275230238474,0.03205259993677889,,9.3,-0.39892030040511994,0.3237242605784663,0.5331539856991726,False,False,False
3646,23.149999618530277,2026-07-29,-0.002155221670899654,-0.01906782862990042,-0.008565343026639471,-0.09215687770469505,,49.5,-0.02165812040791204,0.6095804167719897,0.7847457497806873,False,False,False
3652,28.799999237060547,2026-07-29,-0.08860763008253325,-0.2189081666974113,-0.06658916418356642,0.03157983479412674,,50.2,-0.07968194156483899,1.1791683041940104,0.700604563120833,False,False,False
3653,3310.0,2026-07-29,-0.05428571428571427,-0.028993695795771934,-0.38832844321283844,0.38197168793633973,,28.8,-0.401421220594111,1.1092301541757836,0.6116715567871616,False,False,False
3659,18.200000762939453,2026-07-29,-0.12709830072163641,-0.1495326594688321,-0.3013435203081748,-0.33938289412158595,,4.3,-0.31443629768944736,4.005841308045685,0.4708926272810951,False,False,False
3661,2805.0,2026-07-29,-0.21866295264623958,-0.32894736842105265,-0.29962546816479396,-0.16017964071856283,,8.7,-0.31271824554606653,0.973551253027136,0.521860465116279,False,False,False
3663,55.900001525878906,2026-07-29,-0.2159887919597956,-0.27870965773059475,-0.15686276089248496,-0.1619189792578829,,22.5,-0.16995553827375753,0.18789945011198333,0.6095965472870221,False,False,False
3664,5.199999809265137,2026-07-29,-0.1836734846646323,-0.25714288439069477,-0.007633580839735754,-0.675000011920929,,11.2,-0.020726358221008323,0.5163455381405347,0.2241379154423051,False,False,False
3665,2090.0,2026-07-29,-0.011820330969267157,0.10080101718754286,-0.24171442283324807,0.505738528000861,,60.8,-0.25480720021452063,1.2582721271850237,0.7170183646837901,False,False,False
3666,25.0,2026-07-29,-0.001995977588157949,0.0,-0.04761904761904767,-0.16805322347004925,,38.2,-0.06071182500032024,0.39352075723986674,0.7587253238585285,False,False,False
3669,39.59999847412109,2026-07-29,0.08791200038733837,0.16470583747414969,0.04356369156224371,0.008692071319798433,,67.5,0.030470914180971143,5.432236724187799,0.9306697810614755,False,False,False
3672,12.5,2026-07-29,-0.060150389418202055,0.06837608579286902,0.1467890309601192,0.02459017995287449,,78.8,0.13369625357884662,0.9680886860968849,0.7267441538103612,False,False,False
3673,53.5,2026-07-29,-0.18070447933065092,-0.318033490927247,-0.09071126228278892,0.26628430845151807,,66.3,-0.10380403966406149,0.2739542590585896,0.5832990209020519,False,False,False
3675,202.5,2026-07-29,-0.2582417582417582,-0.4642857142857143,-0.06032482598607891,0.302250803858521,,73.3,-0.07341760336735148,0.17379291730163812,0.45,False,False,False
3678,49.0,2026-07-29,-0.01606424195414846,-0.030547617074544342,-0.21354877206997847,0.3661658406424748,,54.0,-0.22664154945125103,0.30909305700880957,0.6479629737057822,False,False,False
3679,115.0,2026-07-29,0.045454545454545414,0.06976744186046502,0.016715564517913117,0.08806405866269307,,69.2,0.0036227871366405484,0.7747783616493117,0.9541484875099896,True,False,False
3680,385.0,2026-07-29,-0.22064777327935226,-0.24212598425196852,-0.22496115953076523,-0.08957927190185344,,18.1,-0.2380539369120378,0.6465433236123466,0.6303481142789761,False,False,False
3684,47.900001525878906,2026-07-29,-0.07350095127628187,-0.08761901855468746,-0.14283660531376274,-0.16975579773265226,,23.7,-0.1559293826950353,0.13120643782955263,0.7165445481500756,False,False,False
3685,34.099998474121094,2026-07-29,-0.10026392872736667,0.17586201634900323,0.08945684681503852,-0.11543452272396904,,64.3,0.07636406943376595,2.0208363534783964,0.7453551579042862,False,False,False
3686,14.399999618530272,2026-07-29,-0.09433962490488745,-0.16763004314577157,-0.17241379688337044,-0.25000004967053546,,15.3,-0.185506574264643,0.46034012596838236,0.6180257549376181,False,False,False
3687,64.5999984741211,2026-07-29,-0.12702704764701223,-0.11314497623095798,0.008157295022824806,-0.19689155881885956,,44.3,-0.0049354823584477625,0.41157462190993815,0.7804324372651663,False,False,False
3689,99.3000030517578,2026-07-29,-0.10540537791209192,-0.17249997456868504,-0.24486689694480757,-0.1860655487560836,,11.8,-0.25795967432608014,0.3879942028879728,0.6992957961391394,False,False,False
3691,100.5,2026-07-29,-0.15546218487394958,-0.3388157894736842,-0.11061946902654862,-0.12227074235807855,,32.3,-0.12371224640782119,0.2939829419226375,0.5929203539823009,False,False,False
3693,429.5,2026-07-29,-0.17244701348747593,-0.14271457085828343,-0.3061389337641357,0.20139860139860133,,27.5,-0.31923171114540827,0.8312098757559218,0.5899725274725275,False,False,False
3694,52.0,2026-07-29,-0.1572535424253957,-0.13286538196322784,-0.1099707327902113,-0.1084996424577821,,33.8,-0.12306351017148387,0.5993669938817899,0.5186132145266765,False,False,False
3701,35.099998474121094,2026-07-29,-0.11698117046236245,-0.21564249219841136,-0.48908296894736336,-0.37985866748442265,,0.5,-0.5021757463286359,0.5372980201008304,0.44656487475222667,False,False,False
3702,106.0,2026-07-29,-0.10169491525423724,-0.009345794392523366,0.03921568627450989,0.6434108527131783,,88.6,0.026122908893237318,0.788262871178695,0.8582995951417004,False,False,False
3703,20.450000762939453,2026-07-29,-0.004866105977305968,-0.00680950792945012,0.026375806468288188,-0.08887398156076443,,56.0,0.013283029087015619,1.0205806252889091,0.8812530231789727,False,False,False
3704,40.900001525878906,2026-07-29,-0.1325556690930244,-0.11382488848723415,0.22045723961972352,0.2731929210231818,,88.4,0.20736446223845095,0.488876647551331,0.8204614398757014,False,False,False
3706,85.30000305175781,2026-07-29,-0.06469291769639807,-0.02290950664473923,0.050492687901565025,0.02400960296192678,,69.5,0.037399910520292456,0.5490168227721564,0.797196290203344,False,False,False
3707,52.79999923706055,2026-07-29,-0.20000001155968872,-0.39240508273942143,-0.12292361182883116,-0.06713779751775073,,35.0,-0.13601638921010373,0.30509478810024687,0.5253731267369208,False,False,False
3708,88.0999984741211,2026-07-29,-0.14466020898911558,-0.18801844724312355,-0.19850400094063025,-0.22188095700321042,,14.2,-0.21159677832190282,0.5718634348470769,0.6287830218216964,False,False,False
3709,67.5,2026-07-29,-0.09152089868718971,-0.09517424422715104,-0.1477272398872468,0.056338002944540166,,40.2,-0.16082001726851936,0.38902106080541965,0.7265877168064061,False,False,False
3710,4.989999771118164,2026-07-29,-0.11681421470955677,-0.16134454939848797,-0.2911932104890629,-0.11681421470955677,,10.7,-0.30428598787033545,0.5982621435671466,0.48446598822462233,False,False,False
3711,499.0,2026-07-29,-0.23932926829268297,-0.25946909157245124,0.030831128350996773,0.6591796456827543,,88.6,0.017738350969724204,0.7928065513775038,0.6926561612270214,False,False,False
3712,17.0,2026-07-29,-0.05555555555555558,-0.07608693736712713,-0.17675543273400107,-0.35969866333291334,,10.2,-0.18984821011527364,0.7998041728837835,0.34274194602787716,False,False,False
3713,14.350000381469728,2026-07-29,-0.013745691178237318,-0.027118618205442147,-0.036912701418900795,-0.3622222052680121,,25.3,-0.050005478800173364,0.3174591655023612,0.5199275428671417,False,False,False
3714,46.09999847412109,2026-07-29,-0.14312269279058376,-0.2885803039654248,-0.365337388226197,0.3538244344556465,,30.2,-0.37843016560746956,0.3750032062572328,0.5746269487056906,False,False,False
3715,98.0,2026-07-29,-0.21912350597609564,-0.43966342087283705,-0.444398671995341,-0.2667715082749712,,1.7,-0.45749144937661357,0.5871584387131301,0.48461540493034133,False,False,False
3717,20.399999618530277,2026-07-29,-0.06636158982263218,-0.2510198842413177,0.04098758909805933,0.051637069076557296,,70.1,0.02789481171678676,0.538726213857842,0.7004941752189857,False,False,False
4113,14.350000381469728,2026-07-29,-0.03367003280511127,-0.05592101568825625,0.010563420719676309,-0.3294392225575532,,35.1,-0.0025293566615962604,0.44444521771299816,0.5508637543856207,False,False,False
4154,11.699999809265137,2026-07-29,-0.08235295613606775,-0.06772911303198592,-0.11698114647055569,-0.27777782356460834,,20.1,-0.13007392385182825,0.3166919038350621,0.6125654228057578,False,False,False
4171,17.299999237060547,2026-07-29,-0.09895840887393914,0.02064887659983783,-0.10362694710161069,-0.12182748390517317,,33.7,-0.11671972448288326,1.9524509984543692,0.6528301598890772,False,False,False
4303,40.400001525878906,2026-07-29,-0.08286033540065973,-0.12837102792062194,-0.25598522848034755,-0.32890363764330544,,6.4,-0.2690780058616201,0.6990030971930039,0.49328450272510976,False,False,False
4304,16.899999618530273,2026-07-29,-0.05586592297827697,-0.18357492774650364,-0.4539580225546589,-0.47187501192092896,,0.3,-0.46705079993593146,0.622638577485737,0.4787535406172872,False,False,False
4305,41.45000076293945,2026-07-29,0.0036319982723946875,-0.032672059767450135,0.015970736398791985,0.05453658061275246,,66.6,0.002877959017519416,0.42494623655913977,0.9662004496185214,False,False,False
4306,14.050000190734863,2026-07-29,-0.034364260717906325,-0.07455802547493429,0.10635540560664314,0.05480484329097246,,77.1,0.09326262822537057,0.5170524692231317,0.8890953437754485,False,False,False
4401,14.100000381469728,2026-07-29,-0.05999997456868478,0.014388544491241051,-0.0342465744476691,-0.13230766883263212,,42.9,-0.04733935182894167,0.5693159261665429,0.7943662186743509,False,False,False
4402,15.850000381469728,2026-07-29,-0.015527949942643171,-0.12430938964528893,0.1006945000938444,-0.2015113311400265,,59.0,0.08760172271257183,0.2730820137692667,0.7155756503133262,False,False,False
4406,10.300000190734863,2026-07-29,0.04040409975934667,0.04040409975934667,0.030000019073486373,0.046747970631483504,,68.2,0.016907241692213804,2.000900779923303,0.9626168574149027,True,True,False
4413,14.100000381469728,2026-07-29,-0.010526289019668233,-0.04703802580042937,-0.23254796561589108,-0.21152187799680588,,11.7,-0.24564074299716365,0.6757125146407118,0.7231018390995284,False,False,False
4414,8.569999694824219,2026-07-29,0.013002323425679307,0.009422841679949556,-0.16796121008491127,-0.22443443014508369,,17.4,-0.18105398746618384,0.38860871981847567,0.6617760479573732,False,False,False
4416,10.199999809265137,2026-07-29,-0.00970877472018683,-0.11688314798060917,-0.2062257193413014,-0.6600000063578289,,2.3,-0.21931849672257397,0.5622764034364068,0.16531604024536478,False,False,False
4417,42.70000076293945,2026-07-29,-0.017261219489775215,-0.03852488967156842,-0.032465069579057815,-0.11603338707578315,,44.2,-0.045557846960330384,0.5573541340543212,0.8108215059620671,False,False,False
4420,34.20000076293945,2026-07-29,-0.02564096154719786,-0.029787212398880714,-0.16788316222265232,-0.2765890680230957,,14.6,-0.18097593960392488,0.6358164932839093,0.6617043957352207,False,False,False
4426,7.96999979019165,2026-07-29,-0.02804878346626427,0.010139407485400653,-0.05456708165261914,-0.12991267216632751,,40.2,-0.06765985903389171,0.4942118160226773,0.7116071362428518,False,False,False
4430,16.649999618530273,2026-07-29,-0.008928549127512841,-0.04857145036969868,-0.03757223394194298,-0.06460672291130853,,47.2,-0.05066501132321555,1.2425488116695835,0.8430379553686215,False,False,False
4431,17.600000381469727,2026-07-29,0.02623911212529917,0.04142016442248475,0.02325579074346007,0.03834805836419042,,66.3,0.0101630133621875,1.2736403241258714,0.8224299390281237,False,False,False
4432,15.399999618530272,2026-07-29,-0.03750002384185802,0.0,0.06944444628409396,-0.09411766949821931,,62.8,0.056351668902821395,0.3956822112013384,0.820748960167215,False,False,False
4433,19.299999237060547,2026-07-29,-0.025252526225563066,-0.04455452930131176,0.01277220467836071,-0.1343827066076606,,49.6,-0.0003205727029118588,0.390847902213492,0.8250690325897424,False,False,False
4438,61.0,2026-07-29,0.004942326742831238,0.026936000555892514,0.07773854495580435,-0.16093531553477025,,58.5,0.06464576757453178,0.42181228193499476,0.7270560058474443,False,False,False
4439,99.1999969482422,2026-07-29,-0.017821812393641556,0.1303339326501436,0.04127728576055145,0.0008393990595498835,,66.1,0.028184508379278883,0.5408013701383603,0.9545041913538965,False,False,False
4440,17.350000381469727,2026-07-29,0.005797123563462403,0.005797123563462403,-0.03611108991834855,0.04261371483810916,,56.6,-0.04920386729962112,0.4072412967502011,0.8265766037962163,False,False,False
4441,173.0,2026-07-29,-0.005747126436781658,-0.07978723404255317,-0.06486486486486487,-0.3434535104364327,,22.8,-0.07795764224613744,0.6973961252503663,0.5854483925549916,False,False,False
4442,62.09999847412109,2026-07-29,0.21052630404833073,0.23459243371849636,0.20213512814379886,0.10749469184104843,,84.0,0.1890423507625263,7.064395283674762,0.9247193345941533,False,False,False
4502,15.649999618530272,2026-07-29,-0.0063492305695065365,-0.0063492305695065365,-0.01572327081748126,-0.01880878961268695,,54.8,-0.02881604819875383,1.3458823004332072,0.8324468220019572,False,False,False
4503,31.0,2026-07-29,-0.18528250666018087,-0.25659473782189934,-0.30493271164599733,-0.24665859415571711,,6.2,-0.3180254890272699,0.6027153007268984,0.5115511679961244,False,False,False
4506,120.5,2026-07-29,-0.004132231404958664,0.04427735575840086,0.07551642803415293,0.08478815512998317,,76.0,0.06242365065288036,1.0023347093390504,0.9497013260494447,False,False,False
4510,34.400001525878906,2026-07-29,-0.13350123766264954,-0.17703344129778553,-0.26963900975963184,-0.30010172008303393,,6.5,-0.2827317871409044,0.19258519277182518,0.6231884248265194,False,False,False
4513,17.299999237060547,2026-07-29,-0.2412280782474745,0.04848480224609375,0.16891885230452486,-0.16222762437552818,,72.9,0.1558260749232523,1.374886410850086,0.7408993128235498,False,False,False
4523,24.350000381469727,2026-07-29,0.004123727070916461,-0.11319301869444787,-0.13475236764582788,-0.15125947065328238,,26.6,-0.14784514502710044,0.8006347083014417,0.6706756531284856,False,False,False
4526,27.549999237060547,2026-07-29,-0.1390625238418579,-0.33212123061671406,-0.19679300729274485,-0.2315202117247519,,14.0,-0.20988578467401742,0.2334256670384804,0.6163310686093346,False,False,False
4527,38.900001525878906,2026-07-29,-0.008917158576333573,-0.021383609411851467,-0.02307238281713664,0.02127885872856039,,57.0,-0.03616516019840921,0.3842120083143845,0.9057043267725574,False,False,False
4528,15.0,2026-07-29,-0.02912620160650603,-0.019607855359147774,-0.0445859756540915,-0.15451419872408223,,39.7,-0.05767875303536407,0.7269988163133542,0.7009917595817324,False,False,False
4529,4.130000114440918,2026-07-29,-0.07399101365101379,-0.014319795217220932,-0.27543855216841284,0.21470588194045215,,33.0,-0.2885313295496854,0.33004025372252493,0.6792763431357879,False,False,False
4532,23.350000381469727,2026-07-29,-0.05273830657925427,-0.17051507289900136,0.010822510643789585,-0.010677974443233262,,59.7,-0.0022702667374829844,0.5908812643595139,0.8024055008720384,False,False,False
4533,23.350000381469727,2026-07-29,-0.12873130424645562,-0.17345131393027513,-0.2177554411032795,-0.23064250121966612,,12.1,-0.23084821848455206,0.37366514083448266,0.566060615308357,False,False,False
4534,29.799999237060547,2026-07-29,-0.2577833597876007,-0.01650165058052011,0.168627421061198,0.66016701785257,,91.9,0.15553464367992542,1.2501186651697755,0.7036599837251589,False,False,False
4535,27.399999618530277,2026-07-29,0.0036630177386223206,0.04351827322188284,0.01903136523119997,-0.02664931566604678,,59.8,0.005938587849927401,1.036224508248813,0.9300550031202557,False,False,False
4536,167.0,2026-07-29,0.009063444108761365,0.049079759305737936,0.15641137452356002,0.021552880016181275,,79.2,0.14331859714228745,1.1005036977244156,0.8984426409300286,True,True,False
4537,94.9000015258789,2026-07-29,-0.41419752144519195,-0.4232052134205069,-0.4033157437457858,0.5653148531861334,,39.9,-0.4164085211270584,1.5800209775272662,0.47585570554783396,False,False,False
4538,17.399999618530273,2026-07-29,-0.008546987182399324,-0.07692311584061606,0.00453828854745586,0.06568400251672424,,65.1,-0.008554488833816709,0.3998569489066958,0.918205747651445,False,False,False
4540,44.95000076293945,2026-07-29,-0.15823971014016514,-0.19009007634343322,-0.29212597223717396,0.1600000196887601,,26.5,-0.3052187496184465,0.17464814462815875,0.5815006337430835,False,False,False
4541,61.20000076293945,2026-07-29,-0.1331444463788094,0.1791907314766319,0.3609791760141019,0.3252016335703818,,92.6,0.34788639863282933,1.8909065220517405,0.8084544680336418,False,False,False
4542,252.5,2026-07-29,-0.24626865671641796,-0.4382647385984427,0.28826530612244894,1.5644391695680508,,97.1,0.27517252874117637,0.15717474059389547,0.5111336032388664,False,False,False
4543,29.049999237060547,2026-07-29,-0.08069623777297497,-0.17354202059784496,-0.23350928581824448,-0.11969699281634705,,15.8,-0.24660206319951705,0.2656225653055056,0.6267529707316006,False,False,False
4544,13.800000190734863,2026-07-29,-0.038327538405161676,0.05343509838788263,-0.10736961803743506,-0.015345876086274468,,41.0,-0.12046239541870762,0.43624647020490914,0.7981457541159224,False,False,False
4545,31.299999237060547,2026-07-29,-0.08932217818419541,-0.15655337148616033,0.013496309155204722,-0.16217634441628703,,47.6,0.0004035317739321531,0.44421868248315144,0.740126854555108,False,False,False
4546,65.5,2026-07-29,0.483578657672449,-0.42035398230088494,-0.5037878787878788,-0.5338078291814947,,0.2,-0.5168806561691514,4.278669757614264,0.43234323432343236,False,False,False
4549,85.5999984741211,2026-07-29,-0.08226896369291004,-0.11086157827305543,-0.09909085748207613,-0.1731843884187657,,30.4,-0.1121836348633487,0.3008082711837665,0.6201969238688325,False,False,False
4550,24.350000381469727,2026-07-29,-0.02012072403720533,-0.006122433409398886,0.06463552965613695,-0.044812954449242604,,66.2,0.05154275227486438,0.20849957980477082,0.9012787846924805,False,False,False
4551,160.5,2026-07-29,-0.11813186813186816,-0.2866666666666666,0.21590909090909083,0.30487804878048785,,88.9,0.20281631352781826,0.852419637777351,0.5691489361702128,False,False,False
4552,17.5,2026-07-29,-0.083769651807023,-0.1271820116754474,-0.1271820116754474,-0.275362307394313,,18.9,-0.14027478905671997,2.0765631915367306,0.7085020024071202,False,False,False
4553,16.350000381469727,2026-07-29,-0.03823527167825136,-0.07102272573335111,-0.2584844365457336,-0.08134465341242048,,15.1,-0.2715772139270062,1.457933182326341,0.5334127634493196,False,False,False
4554,29.600000381469727,2026-07-29,-0.05128206225463516,-0.06180662132315473,-0.010033419427692203,0.07441020693937062,,63.7,-0.023126196808964772,0.4027493326235949,0.773681760854156,False,False,False
4555,40.25,2026-07-29,-0.13254313197487366,-0.1561844998696046,0.027989044444201916,0.016409676649955296,,64.9,0.014896267062929347,0.35709614215865776,0.6988910127561418,False,False,False
4556,95.0,2026-07-29,-0.28301886792452835,0.31706464700056136,1.5566546405304984,1.9974574724840366,,98.8,1.5435618631492258,0.2279174050792576,0.7169811320754716,False,False,False
4557,50.0,2026-07-29,-0.04397704150310455,0.04384130286481369,0.04414922494591922,-0.3285689623995136,,40.0,0.03105644756464665,0.7024258633001442,0.5789227457559564,False,False,False
4558,15.800000190734863,2026-07-29,-0.08670515101020027,-0.14824793312290463,-0.17922076931247466,-0.1876606904386039,,17.9,-0.19231354669374723,0.5072093815592172,0.5438898659445749,False,False,False
4559,8.899999618530273,2026-07-29,-0.10101010490225204,0.10558998852866064,-0.10732202806825097,0.04705877865062047,,45.3,-0.12041480544952354,0.7989596920483196,0.5855262980401679,False,False,False
4560,31.399999618530277,2026-07-29,-0.004754346185659175,0.005266359228301765,-0.07033870605599113,0.009828854128245856,,48.0,-0.0834314834372637,0.9778120675112424,0.8959689611291359,False,False,False
4561,32.900001525878906,2026-07-29,-0.11195212748540584,-0.1550502632416595,-0.04531652026295552,-0.08619385870306318,,44.6,-0.058409297644228086,0.18940991644048835,0.5823905641327054,False,False,False
4562,28.25,2026-07-29,-0.12267082824065334,-0.15671641791044777,-0.24161073825503354,-0.294631696925011,,7.7,-0.2547035156363061,0.16643940512630043,0.5080935391239068,False,False,False
4563,36.5,2026-07-29,-0.10757949539671452,-0.10429447852760731,-0.2065217391304348,-0.3302752293577982,,9.1,-0.21961451651170738,0.5006140368230785,0.5336257190899382,False,False,False
4564,16.350000381469727,2026-07-29,-0.12566846447017632,0.018691660976310587,-0.11382115418054617,-0.052173890929291256,,37.3,-0.12691393156181874,0.7401805200280948,0.75694444873696,False,False,False
4565,127.0,2026-07-29,0.01195219123505975,0.05833333333333335,0.19811320754716988,0.2919633373066206,,87.8,0.1850204301658973,0.5955052755875518,0.9731800766283525,False,False,False
4566,69.69999694824219,2026-07-29,0.019005780604718803,0.0993690105794669,0.07894734666540537,0.1524314202667174,,78.5,0.0658545692841328,2.8325593679685657,0.9418918506519215,False,False,False
4568,39.29999923706055,2026-07-29,-0.006321112637740267,-0.006531634739930348,0.0006847845439563738,-0.03438594366718106,,56.1,-0.012407992837316195,0.5186207689238669,0.9083138338485194,False,False,False
4569,150.0,2026-07-29,-0.059561128526645746,-0.12023460410557185,-0.20424403183023876,-0.032258064516129004,,25.0,-0.21733680921151133,0.6209228011263165,0.6976744186046512,False,False,False
4571,144.5,2026-07-29,-0.07371794871794868,-0.1347305389221557,-0.15884288881996167,-0.14679190779828044,,23.3,-0.17193566620123424,0.2888546017998769,0.6417448826854592,False,False,False
4572,139.0,2026-07-29,-0.03472222222222221,-0.009009152097528395,-0.015796728377735048,-0.045224747570824175,,52.3,-0.028889505759007617,0.7925154106265806,0.8095418454613333,False,False,False
4573,300.0,2026-07-29,-0.07692307692307687,-0.2433795712484237,-0.3499458288190682,3.1782728029097953,,97.7,-0.3630386062003408,0.8117429627778986,0.4966887417218543,False,False,False
4575,21.100000381469727,2026-07-29,-0.07456135581037804,-0.20377357051057632,-0.22710619153330014,0.06996124822011263,,29.5,-0.2401989689145727,0.3185191669955026,0.5832281631277143,False,False,False
4576,176.0,2026-07-29,-0.11111111111111116,-0.1628736648844441,-0.12557596096849766,0.4018544801005113,,71.5,-0.13866873834977023,0.35166499411137464,0.6208564663003286,False,False,False
4577,69.5999984741211,2026-07-29,-0.012765979090480939,-0.2451192974204538,-0.6154696216899387,0.18568990748741876,,2.7,-0.6285623990712113,1.241074676814828,0.3845303783100613,False,False,False
4580,79.9000015258789,2026-07-29,-0.019631883118050197,-0.025609737489281637,0.0037688826320185775,-0.022031768538542273,,57.7,-0.009323894749253991,0.7068335150393716,0.8271221820700538,False,False,False
4581,50.79999923706055,2026-07-29,0.009940358003655891,0.017016986208972185,0.022132765739137472,-0.045112809989860225,,58.9,0.009039988357864903,1.1486696191183579,0.8975265124836983,False,False,False
4582,26.850000381469727,2026-07-29,-0.05457743865775322,0.05088067253338746,-0.2906208331863557,0.2877697789076519,,36.4,-0.30371361056762824,0.4474302382934552,0.6215277756315201,False,False,False
4583,487.0,2026-07-29,-0.17176870748299322,-0.18013468013468015,-0.33378932968536257,-0.3284245557834632,,3.3,-0.34688210706663514,0.7235985714552566,0.6079699067770251,False,False,False
4584,39.70000076293945,2026-07-29,-0.0037640581411576557,-0.009975005645942225,-0.043373475591820365,-0.14898179068834472,,40.6,-0.056466252973092934,0.41049905062546493,0.7039007037034081,False,False,False
4585,288.5,2026-07-29,-0.06026058631921827,-0.03993344425956735,-0.07117872648598789,-0.1564786630387821,,35.8,-0.08427150386726046,0.4216236991866652,0.36211240921016435,False,False,False
4587,40.84999847412109,2026-07-29,-0.039953015121532154,-0.2731317096162884,-0.10219783573360253,0.6372744378749429,,82.1,-0.1152906131148751,0.08831173515207694,0.5468540849128154,False,False,False
4588,49.29999923706055,2026-07-29,-0.05736137750981374,-0.11640651306431327,-0.12089176193678774,-0.23819211539948804,,22.2,-0.13398453931806031,0.5283826360158378,0.7020986087975591,False,False,False
4590,77.5,2026-07-29,-0.11428571428571432,0.006307850110249147,0.06996378920510038,-0.1424129513366661,,58.8,0.05687101182382781,0.7304846347618441,0.7910280464657958,False,False,False
4609,5.050000190734863,2026-07-29,0.0100000381469727,0.0,0.14772729119978623,-0.08181814713911573,,75.1,0.13463451381851366,0.23328133072126772,0.6040670332685192,False,False,False
4702,9.15999984741211,2026-07-29,-0.054695537246888803,-0.04656004634503741,-0.016369408487629022,-0.037025607616566036,,53.0,-0.02946218586890159,0.5530574535807212,0.9171184645581025,False,False,False
4706,33.0,2026-07-28,0.03125,0.028037432045502575,0.01538461538461533,0.10552762406280336,,70.3,0.002291838003342761,1.6392952293184313,0.9428571428571428,False,False,False
4707,25.799999237060547,2026-07-29,-0.2722144236444508,-0.11945392802512333,0.7086091778329713,1.5418719415475612,,98.3,0.6955164004516987,0.8676345597953793,0.5733333163791232,False,False,False
4711,15.449999809265137,2026-07-29,-0.06646522528727206,-0.0614480576165084,-0.01189712409317667,0.006864303483916645,,57.5,-0.02498990147444924,0.34486038432183125,0.857598784661143,False,False,False
4714,9.880000114440918,2026-07-29,-0.10588235801796275,-0.21587303053014162,-0.3435215954001595,-0.42390668605229875,,1.9,-0.35661437278143204,0.7773408240268604,0.46178560488789944,False,False,False
4716,16.399999618530273,2026-07-29,-0.11111116854406966,-0.31236899973920906,0.09698995503441488,0.012345607788387003,,74.6,0.08389717765314231,0.4332483037630884,0.677685913284998,False,False,False
4720,18.25,2026-07-29,-0.10539214013402876,-0.2677987933083743,-0.3452804144110818,0.04570703827908851,,13.0,-0.3583731917923544,0.19711910420687606,0.6249596102571887,False,False,False
4721,65.0,2026-07-29,-0.1298527087619974,-0.2737872793609156,-0.21596242662485465,-0.04073342962389481,,22.8,-0.22905520400612722,0.24366644109983887,0.6629387153943885,False,False,False
4722,166.5,2026-07-29,-0.25,-0.4208695652173913,-0.10377630152195694,0.01300439625628913,,43.1,-0.1168690789032295,0.4020495003573492,0.5453367813500041,False,False,False
4729,17.649999618530273,2026-07-29,-0.08549221159355724,-0.22246700328988223,-0.11083127056225084,-0.2489361864455203,,22.9,-0.12392404794352341,0.22622777259865598,0.6488970265978357,False,False,False
4738,5.670000076293945,2026-07-29,-0.14992503576636096,-0.15499254186893163,-0.4937499845666542,-0.05499998728434241,,2.8,-0.5068427619479268,0.5502037878247564,0.30648649061048355,False,False,False
4739,71.5,2026-07-29,-0.13855421686746983,-0.37554585152838427,-0.15394759839204286,-0.025896412686190473,,33.1,-0.16704037577331543,0.3466038545200812,0.5544897130366541,False,False,False
4741,39.0,2026-07-29,-0.16038752724593075,-0.3035714285714286,-0.2810649414577546,0.7337150114173596,,72.5,-0.2941577188390272,0.1876134986791459,0.483727887922322,False,False,False
4749,664.0,2026-07-29,-0.18527607361963194,-0.2411428571428571,-0.3368388276450125,-0.24911120356992877,,4.9,-0.34993160502628506,0.6377303333502913,0.5700364019269044,False,False,False
4754,36.09999847412109,2026-07-29,-0.02564104676118828,-0.021680298609114024,0.03067262964250106,-0.01310102050010531,,63.3,0.01757985226122849,0.9660436144044371,0.9466919694126211,False,False,False
4755,106.0,2026-07-29,-0.13469387755102036,-0.21944037100205405,-0.3019995474482068,-0.08111330958697216,,11.4,-0.31509232482947935,1.084411381223153,0.6424074892992441,False,False,False
4760,205.0,2026-07-29,-0.196078431372549,-0.4040697674418605,-0.1386554621848739,0.12195018479983188,,46.0,-0.15174823956614647,0.32341708475653047,0.43803418803418803,False,False,False
4763,47.0,2026-07-29,-0.06560634765634632,-0.00843885048527937,0.09557105660352527,-0.08382064914250731,,68.2,0.0824782792222527,0.8949251854962175,0.5773955665720428,False,False,False
4764,253.0,2026-07-29,-0.11776219061086501,-0.15946843853820603,0.02429149797570851,0.9700003005981903,,91.9,0.01119872059443594,1.3342303242445719,0.7031277776345376,False,False,False
4765,12.300000190734863,2026-07-29,-0.1881187788486487,-0.2634730761191967,-0.47323340514820755,-0.08550183158650215,,2.9,-0.4863261825294801,1.4233785436568651,0.39486357436158465,False,False,False
4766,310.0,2026-07-29,-0.06906906906906907,-0.09752547307132464,-0.0797663614223123,0.013258843401769749,,46.7,-0.09285913880358487,0.4102280958675047,0.7429024233362258,False,False,False
4767,26.200000762939453,2026-07-29,-0.007575714336391259,0.0033701460196953192,0.02793478615513889,0.049679556247988366,,68.1,0.014842008773866322,0.9229334844349151,0.8860931327770276,False,False,False
4768,270.5,2026-07-29,-0.13853503184713378,-0.28154050464807434,-0.4524291497975709,-0.35441527446300713,,1.0,-0.46552192717884344,0.6190039637997556,0.5027881040892194,False,False,False
4770,212.5,2026-07-29,-0.06593406593406592,-0.009324009324009341,-0.05764966740576494,-0.0020227699386017317,,48.7,-0.0707424447870375,0.7194261813339516,0.6851317303305294,False,False,False
4772,217.5,2026-07-29,-0.1030927835051546,-0.1903117889919148,-0.29428455887041804,-0.3737026723949073,,3.8,-0.3073773362516906,0.5474806429511069,0.584655212454571,False,False,False
4903,35.29999923706055,2026-07-29,-0.008426945222445026,-0.12839508056640625,-0.21468301139240864,-0.14734304502393036,,16.3,-0.2277757887736812,1.4574382783091369,0.6635338107297825,False,False,False
4904,106.5,2026-07-29,0.03398058252427183,0.05323793768851037,0.15197902150879616,0.2139405554578664,,84.3,0.1388862441275236,0.9541840335856974,0.9830220702312542,False,False,False
4905,65.19999694824219,2026-07-29,-0.03264101673338993,-0.04117651546702661,-0.18500003814697263,0.06885240898757683,,35.5,-0.1980928155282452,0.268981708546717,0.6639511097195536,False,False,False
4906,30.25,2026-07-29,-0.16088763827484254,-0.29156909930889663,-0.10844446593111068,0.12427768631926983,,51.0,-0.12153724331238325,0.2426396398088824,0.5726657830747396,False,False,False
4907,41.5,2026-07-29,0.013430994549780584,0.012195121951219523,0.10666666666666669,-0.052511399021085925,,72.0,0.09357388928539412,1.4534243242339842,0.8185404216075586,False,False,False
4908,125.5,2026-07-29,-0.13148788927335642,-0.33597883597883593,-0.3580562659846548,0.7358228866208707,,60.6,-0.37114904336592736,0.9219871693204383,0.42759795570698467,False,False,False
4909,34.849998474121094,2026-07-29,-0.11548230648593394,-0.22296544794243633,-0.3640511138811754,-0.42868854960457226,,1.6,-0.37714389126244796,0.5381622729333275,0.4992836239316389,False,False,False
4911,30.299999237060547,2026-07-29,-0.016231878062717087,0.06228491823223359,-0.03442380859645189,-0.17920193627816206,,39.3,-0.04751658597772446,0.7209326465718865,0.6216117482428606,False,False,False
4912,78.4000015258789,2026-07-29,-0.0873108249915513,-0.09364160085689122,-0.012523199741389046,-0.13080336982234597,,46.0,-0.025615977122661615,0.2790769555082561,0.6877990366571989,False,False,False
4915,63.0,2026-07-29,-0.049773799394573603,-0.045454545454545414,-0.09098638912856383,-0.15819417304699857,,32.7,-0.1040791665098364,0.6559462920203962,0.7556367787200433,False,False,False
4916,90.1999969482422,2026-07-29,-0.15305167184749102,-0.12000002977324686,0.44319995117187516,0.47868847456134755,,94.5,0.4301071737906026,0.36208111590961667,0.7244979674557607,False,False,False
4919,108.5,2026-07-29,-0.24125874125874125,-0.3746397694524496,-0.24913494809688586,0.9135802211649762,,81.6,-0.2622277254781584,0.3291834801956707,0.4954337899543379,False,False,False
4923,38.150001525878906,2026-07-29,-0.20520830154418945,-0.3609715068954965,0.15256807506218184,0.11549709575503408,,81.8,0.13947529768090927,0.2300615594873977,0.5736842334718633,False,False,False
4924,9.300000190734863,2026-07-29,-0.07920793668509252,-0.3473684076677289,-0.12264152301422981,-0.18421048228650272,,26.0,-0.13573430039550238,0.22220111690103175,0.5942492279503485,False,False,False
4925,89.5,2026-07-29,-0.2811244979919679,-0.4033333333333333,-0.46084337349397586,0.8044355393820593,,48.8,-0.47393615087524843,0.6721368289657444,0.43028846153846156,False,False,False
4927,28.399999618530277,2026-07-29,-0.2219178186704034,-0.4107883989834543,-0.4991181792524202,-0.2632944181428786,,0.9,-0.5122109566336928,0.4087075897027934,0.45880450595234507,False,False,False
4930,15.600000381469728,2026-07-29,-0.05454543142607704,-0.07692303351505048,-0.14986375710253474,-0.2868082477053131,,15.9,-0.1629565344838073,2.851197939986619,0.6687099419803345,False,False,False
4931,174.0,2026-07-29,-0.19069767441860463,-0.2641717225861916,0.10258907602505873,0.14568706979959223,,80.0,0.08949629864378617,0.2916395915885451,0.6292055871588751,False,False,False
4933,51.70000076293945,2026-07-29,-0.06699850682256114,-0.18693590896361667,-0.2842896156539,-0.06859610750776612,,13.4,-0.29738239303517255,0.23099814582886014,0.6982540101248762,False,False,False
4934,13.600000381469728,2026-07-29,-0.13924049257639992,-0.26086952916165085,-0.13099036977823664,-0.06529208225509686,,33.9,-0.1440831471595092,0.436162229831647,0.6554217051310712,False,False,False
4935,35.0,2026-07-29,-0.02370986081727955,-0.043715807126396555,-0.052054042705838244,-0.12372801438397774,,41.3,-0.06514682008711081,0.6045611355624779,0.7030753646761304,False,False,False
4938,82.0,2026-07-29,-0.028436036522381025,-0.02147974923874485,0.04500402332087128,0.2018279398195051,,77.9,0.03191124593959871,0.7963523990501761,0.8699525827899051,False,False,False
4939,49.95000076293945,2026-07-29,-0.29548660524771053,-0.22317265330870095,0.1392724091133486,0.2802282884836198,,85.3,0.12617963173207603,1.6323148836379195,0.6861263553440657,False,False,False
4942,34.29999923706055,2026-07-29,-0.01144971866870459,-0.03639323816014117,-0.04777427534946477,-0.06855465980146314,,45.5,-0.06086705273073734,1.7260948281141177,0.8742120191453692,False,False,False
4943,8.289999961853027,2026-07-29,-0.04712642027594949,-0.11526146605087328,-0.11051499642679108,-0.30916666984558105,,18.8,-0.12360777380806365,0.3239443882960257,0.4605555534362793,False,False,False
4949,57.79999923706055,2026-07-29,-0.1586608179821839,-0.2541935582314768,-0.43609756841892144,0.49388177766524977,,30.0,-0.449190345800194,0.36378300283092024,0.535185178120931,False,False,False
4950,15.899999618530272,2026-07-29,-0.012422407341657338,-0.006250023841858021,-0.027522981800628177,-0.19493672817568242,,39.2,-0.040615759181900746,0.7160309388851829,0.604562740675857,False,False,False
4951,75.19999694824219,2026-07-29,-0.06234414202318228,-0.21910701386141296,-0.2797916319134436,0.1966707769310183,,31.0,-0.29288440929471615,0.4716635871599423,0.55816149342389,False,False,False
4952,42.84999847412109,2026-07-29,-0.14811134942225546,-0.25478263523267675,-0.06333505942508666,0.17209013751897362,,63.0,-0.07642783680635923,0.29040728633500107,0.7129783620971669,False,False,False
4953,118.0,2026-07-29,-0.06719367588932801,-0.04065040650406504,0.038487812561982526,-0.09180219515397525,,57.7,0.025395035180709957,0.4863412933427524,0.8605651037296561,False,False,False
4956,25.350000381469727,2026-07-29,-0.16611839804045037,-0.3398437662981444,-0.4831804123186182,0.20427559621183322,,8.6,-0.49627318969989076,0.35330322836067635,0.4634369292119819,False,False,False
4958,404.5,2026-07-29,-0.276386404293381,-0.3579365079365079,0.06335497804241341,1.3406032538319876,,95.2,0.05026220066114084,1.0119091033490397,0.6261609907120743,False,False,False
4960,18.700000762939453,2026-07-29,-0.1595505275083392,-0.284894797868817,-0.5142856944691051,0.33571434020996094,,10.9,-0.5273784718503777,0.3056219845014132,0.41601780746480654,False,False,False
4961,149.0,2026-07-29,-0.0942249240121581,-0.05264495704196803,-0.004372156902529567,0.04908440460864427,,62.3,-0.017464934283802136,0.3661497605295163,0.8314551749588268,False,False,False
4966,561.0,2026-07-29,-0.08333333333333337,-0.10810810810810811,-0.01232394366197187,-0.005974046423661505,,56.4,-0.02541672104324444,0.30172050384075777,0.6448275862068965,False,False,False
4967,218.5,2026-07-29,0.0,-0.17077798861480076,-0.23467600700525393,0.07371007371007376,,28.6,-0.2477687843865265,0.38604913898835697,0.7175697865353038,False,False,False
4968,87.5999984741211,2026-07-29,-0.1283582241380986,-0.23051657137066883,-0.2468191923726739,-0.2685157572678377,,8.5,-0.2599119697539465,0.7335199158603627,0.53378581988948,False,False,False
4971,351.0,2026-07-29,-0.16052157347901785,-0.2836222941976396,-0.535348117806402,0.1420177536713596,,4.8,-0.5484408951876746,1.214306142641786,0.4033732274689599,False,False,False
4972,16.5,2026-07-29,-0.017857098255025683,-0.020771535522018714,-0.0030211020764631114,-0.08333333333333337,,51.3,-0.01611387945773568,0.619931153895894,0.8375634193395849,False,False,False
4973,122.5,2026-07-29,-0.1522491349480969,-0.2939481268011528,0.40320728199027744,1.3412989035879006,,97.1,0.3901145046090049,0.32698756248338134,0.5833333333333334,False,False,False
4974,65.30000305175781,2026-07-29,-0.05362314417742298,-0.06980048589029275,-0.049548399562696854,-0.016961459477091156,,49.1,-0.06264117694396942,0.5149342309722883,0.716053036937586,False,False,False
4976,37.70000076293945,2026-07-29,0.17080744936907633,0.0053333536783854996,0.28231296775860626,0.20833332823891948,,89.3,0.2692201903773337,1.7737284450956086,0.6556521871815557,False,False,False
4977,112.0,2026-07-29,-0.16417910447761197,-0.3282953876789413,-0.4591262214833096,-0.039207367859846354,,4.1,-0.4722189988645822,1.0039931873685048,0.42090177640418874,False,False,False
4979,384.5,2026-07-29,0.014511873350923521,-0.18462816546165017,-0.30984596982850465,0.4131123969407773,,42.8,-0.3229387472097772,3.363446569871247,0.5382816542678379,False,False,False
4980,40.20000076293945,2026-07-29,-0.09255075721742023,-0.05744433001843752,0.16353116210255525,0.2523365318957431,,85.9,0.15043838472128268,0.2840756400115167,0.751401883419429,False,False,False
4989,55.5,2026-07-29,-0.23448275862068968,-0.3642611906084866,-0.47887323943661975,-0.15137616658864228,,1.9,-0.4919660168178923,0.49596522701064677,0.47639484978540775,False,False,False
4991,356.5,2026-07-29,-0.15219976218787157,-0.3273584905660377,-0.4203252032520325,0.7692307692307692,,52.9,-0.43341798063330506,2.2784413222871325,0.40977011494252874,False,False,False
4994,93.0,2026-07-29,0.0032362789820294946,0.009772003700214915,-0.03793100917240033,-0.07046472508670854,,46.7,-0.0510237865536729,0.6111825932095794,0.916256157635468,False,False,False
4995,45.900001525878906,2026-07-29,0.003278721877134627,0.024553622936412722,0.13515315177288056,0.14055863477356811,,81.5,0.122060374391608,3.6369501925352496,0.912524895071176,False,False,False
4999,18.700000762939453,2026-07-29,-0.03608241594614292,-0.05790488709775077,-0.13137099907982341,-0.21263565695369502,,22.6,-0.14446377646109598,0.6196884653735665,0.6375794861976805,False,False,False
5007,56.900001525878906,2026-07-29,0.023381350493433928,0.008865247987104752,-0.018965490933122275,0.08094401322294509,,62.6,-0.032058268314394844,1.08650495325672,0.9726495987329727,True,False,False
5009,32.0,2026-07-29,-0.0560472401285429,0.012658215623466695,-0.004497711270196381,-0.004497711270196381,,57.9,-0.01759048865146895,0.5454208859802364,0.8268990438120241,False,False,False
5011,18.0,2026-07-29,-0.09774439540683699,-0.26380370395391406,0.2765957101430767,0.32841326543359983,,90.5,0.26350293276180414,0.35197978030266686,0.6741572841070715,False,False,False
5013,24.700000762939453,2026-07-28,0.006110041977209768,-0.08178434523379463,-0.1569965390409538,-0.19016390941182126,,20.5,-0.17008931642222636,0.6003530182318746,0.769470465328916,False,False,False
5014,10.899999618530272,2026-07-29,-0.026785731771771237,0.0,0.10772352129116625,-0.06437768451142811,,71.5,0.09463074390989368,1.0203469021620453,0.9159663838608167,False,False,False
5015,21.049999237060547,2026-07-29,-0.011737089622285812,-0.05156400996023225,-0.09539926035317448,-0.23654267190024214,,26.3,-0.10849203773444704,0.5253296223252426,0.6543919890470806,False,False,False
5016,23.600000381469727,2026-07-29,-0.03080082087270719,-0.038696492265332005,-0.06565791345621474,-0.02680410798062982,,45.8,-0.07875069083748731,0.31909216300146165,0.7607800721466021,False,False,False
5201,26.200000762939453,2026-07-29,-0.04379557928093103,-0.027829312755766944,-0.12262915919894024,-0.39104853251092087,,13.5,-0.1357219365802128,0.6266904304942914,0.5336273907738552,False,False,False
5202,11.399999618530272,2026-07-29,-0.129771046827155,-0.22184300918951483,-0.13636365278364904,-0.2962963529847533,,16.9,-0.1494564301649216,0.44002741857382727,0.5220686411851653,False,False,False
5203,63.20000076293945,2026-07-29,-0.04675719677415868,-0.060921279389322014,-0.014040526249700203,-0.28100114145808575,,35.1,-0.02713330363097277,0.7800043848909215,0.5906542127377519,False,False,False
5205,22.049999237060547,2026-07-29,-0.008988798334357395,-0.08506228680333994,-0.03289473794283748,-0.30000002422030014,,30.9,-0.04598751532411005,0.5192052354846896,0.6264204192937414,False,False,False
5206,20.0,2026-07-29,-0.01960782480441514,-0.03194721175767001,-0.04867379678659234,-0.28727503976118884,,29.5,-0.06176657416786491,0.3865290955052579,0.5787963806679571,False,False,False
5209,152.0,2026-07-29,-0.009771986970684043,-0.033108049739045686,-0.0007802993424480542,-0.08428061658887576,,51.6,-0.013873076723720623,0.5714849201307118,0.8861004372739821,False,False,False
5210,28.450000762939453,2026-07-29,-0.03231288666385079,0.0,0.24507659903634238,0.2931818528608843,,89.4,0.2319838216550698,0.6206664091432536,0.8556391206899083,False,False,False
5211,18.450000762939453,2026-07-29,-0.0415584019252232,-0.1478059543637099,-0.09999996278344137,-0.3089887552157411,,20.3,-0.11309274016471393,0.21547724524177536,0.5720930469128512,False,False,False
5212,46.5,2026-07-29,-0.01273882151929906,-0.010638297872340385,-0.01898737335245726,-0.06956463927709089,,49.7,-0.03208015073372983,0.861960966273236,0.8691588165312567,False,False,False
5213,21.399999618530277,2026-07-29,-0.036036086347559615,-0.04250562625167065,-0.08266146950434938,-0.05918631313573841,,41.7,-0.09575424688562195,0.3161298698998114,0.864255619859997,False,False,False
5215,38.09999847412109,2026-07-29,-0.0354430766045295,-0.08777200670802776,0.05442472186403813,0.07574063969590505,,73.4,0.04133194448276556,0.31002647169870995,0.7934389087250437,False,False,False
5220,20.0,2026-07-29,-0.04761904761904767,-0.03378298560335047,-0.00046508129771671847,0.1594604172759797,,71.8,-0.013557858678989287,0.35423533026088005,0.8198205016421805,False,False,False
5222,104.0,2026-07-29,-0.11489361702127665,-0.17786561264822132,-0.21509433962264146,-0.22086567178510996,,12.7,-0.22818711700391403,0.7110953567063338,0.6540880503144654,False,False,False
5223,21.899999618530277,2026-07-29,-0.07399577286372716,-0.1240000152587889,-0.1292246540475266,-0.24221453606911802,,21.0,-0.14231743142879916,0.45040804190294764,0.7215815269610797,False,False,False
5225,70.69999694824219,2026-07-29,-0.027510317523450123,-0.0166899103222522,-0.07942715965004132,-0.2850502289248985,,24.8,-0.09251993703131389,0.47708626968008544,0.6597176071278739,False,False,False
5227,37.45000076293945,2026-07-29,-0.03727508241805122,0.10147061067468988,0.6718750625316594,0.33511592804107204,,96.1,0.6587822851503868,3.38044434807049,0.9002404359758979,False,False,False
5228,36.150001525878906,2026-07-29,-0.17182129983554417,-0.4620535242922431,0.06480119921944216,0.2887701429280747,,81.7,0.051708421838169594,0.20647666569765416,0.47440948784333026,False,False,False
5230,17.0,2026-07-29,-0.07859082400972428,-0.20745923564851365,0.0014367239772006268,-0.03994491871481887,,55.9,-0.011656053404071942,0.3138673830124747,0.7083333333333334,False,False,False
5234,298.5,2026-07-29,-0.11946902654867253,-0.23559539052496803,-0.3531960996749729,-0.146179808000514,,6.2,-0.36628887705624547,0.7207797126001664,0.6461038961038961,False,False,False
5236,137.5,2026-07-29,-0.08940397350993379,-0.18397626112759646,-0.0783773050411366,0.22105289117592397,,64.4,-0.09147008242240917,0.4546873523588969,0.766016713091922,False,False,False
5240,15.350000381469728,2026-07-29,-0.0890207694979982,-0.2682864493146624,-0.4747298515615418,-0.182761468580247,,1.8,-0.48782262894281436,0.7950338816111223,0.4774458759042634,False,False,False
5243,74.80000305175781,2026-07-29,-0.1753031359588435,-0.2666666367474724,-0.2772946565047555,-0.10526310505959369,,12.3,-0.29038743388602806,0.4020624895043472,0.5540740966796875,False,False,False
5244,29.299999237060547,2026-07-29,-0.08864703432515453,-0.1838440670834144,-0.3237592371197575,-0.2463271195967024,,5.3,-0.3368520145010301,0.6211929242680356,0.5830579601812358,False,False,False
5245,22.5,2026-07-29,-0.07407404500306825,-0.17582415279134544,-0.08350302650787378,-0.23076923076923073,,28.2,-0.09659580388914635,0.44760384613532644,0.6637167842846182,False,False,False
5248,37.0,2026-07-29,-0.15717542792820582,0.2251655319626782,-0.3802345137829739,0.6481068482224617,,49.1,-0.3933272911642465,1.300335829048425,0.37,False,False,False
5251,24.950000762939453,2026-07-29,-0.10892854418073383,-0.2227413723071029,-0.1276223625820352,-0.2820143665341165,,18.3,-0.14071513996330776,0.3432925972839071,0.45117542689256757,False,False,False
5254,35.54999923706055,2026-07-29,0.020086105985320568,-0.17325583169626635,0.04558821285472203,0.15422078304094544,,76.3,0.03249543547344946,0.31084074013963336,0.6150518980330087,False,False,False
5258,48.54999923706055,2026-07-29,-0.1058931874915302,-0.00614123329439753,0.019957999861196507,-0.22813993546429956,,43.7,0.006865222479923938,0.39028594075224504,0.6076345220260807,False,False,False
5262,38.150001525878906,2026-07-29,-0.0970413840028661,-0.16028556756326495,-0.2326173428676639,-0.024070559561319427,,21.6,-0.24571012024893646,0.5643752000620741,0.5916461697264966,False,False,False
5263,91.0,2026-07-29,-0.07103941493846222,-0.07614213197969544,-0.015151531415146136,-0.2661290322580645,,36.0,-0.028244308796418705,0.74369348240983,0.728,False,False,False
5267,41.95000076293945,2026-07-29,-0.11028633286650824,-0.12876429006148993,-0.2691637692025808,0.46935207999881356,,53.1,-0.28225654658385335,0.454475067793382,0.4311407959630233,False,False,False
5269,1450.0,2026-07-29,0.02473498233215543,0.017812925806010016,0.1465019548174915,0.15091161959146437,,82.5,0.13340917743621894,0.5427366802031227,0.7672743634995886,False,False,False
5271,10.699999809265137,2026-07-29,-0.08936171836041384,-0.3029316258400877,-0.581213302200625,0.2441859691448669,,4.9,-0.5943060795818975,0.3810147217523233,0.21104535795365498,False,False,False
5272,16.649999618530273,2026-07-29,-0.132812554327148,-0.21462268776721993,-0.31481480900061365,-0.232718938564918,,6.0,-0.3279075863818862,0.44591265054594303,0.6155268054765234,False,False,False
5274,12910.0,2026-07-29,-0.1676337846550613,-0.13907242071083392,-0.1382362677069493,0.639827500959472,,80.3,-0.15132904508822187,0.9319097339038518,0.7401556428424739,False,False,False
5278,23.299999237060547,2026-07-29,-0.04508198355193205,-0.060483872828448915,0.01174790760195532,-0.19800637200974347,,44.9,-0.0013448697793172482,0.47983575931768835,0.5255723643960821,False,False,False
5283,53.59999847412109,2026-07-29,0.01132072592681288,0.01515150092083739,0.00751875386175338,-0.11526126863119157,,50.6,-0.005574023519519189,0.9019331707495716,0.831408280474803,False,False,False
5284,264.0,2026-07-29,-0.0989761092150171,-0.3068425995614017,-0.2050287074559619,-0.00035325484997417167,,27.6,-0.21812148483723448,0.45027339092356117,0.5824028769412948,False,False,False
5285,66.0999984741211,2026-07-29,-0.19878789728338064,-0.31360336054616,0.2318717012611322,0.2962054106086205,,89.2,0.21877892387985964,0.2692320549995943,0.6092165757983511,False,False,False
5287,145.0,2026-07-29,-0.010238907849829393,-0.020270270270270285,-0.067524115755627,-0.11144847703316962,,39.5,-0.08061689313689957,0.7844046525830866,0.8271874215756996,False,False,False
5288,183.0,2026-07-29,-0.05670103092783507,0.022346368715083775,0.07331378299120228,0.14375000000000004,,77.8,0.06022100560992971,0.7632707504167103,0.9265822784810127,False,False,False
5289,1160.0,2026-07-29,-0.1470588235294118,-0.281733746130031,-0.11787072243346008,0.7008797653958945,,83.1,-0.13096349981473265,0.6245207964129582,0.5829145728643216,False,False,False
5291,46.09999847412109,2026-07-29,-0.16936939686268315,-0.22390576953038266,-0.18980672692681444,0.19430052581552015,,43.9,-0.202899504308087,0.496021279843917,0.5850253386899167,False,False,False
5292,155.5,2026-07-29,-0.09064327485380119,-0.19904767698355164,-0.2882225511445323,-0.1052975410723368,,11.5,-0.3013153285258049,0.4636408081692584,0.66343029893804,False,False,False
5299,96.0999984741211,2026-07-29,0.0,-0.1931308480869972,0.12906605689781592,0.3632540595871867,,86.8,0.11597327951654335,0.5263544231375998,0.7013774283542034,False,False,False
5302,9.890000343322754,2026-07-29,-0.09680360588184522,-0.21818176746539586,-0.11300442316729009,-0.11696424002245898,,32.4,-0.12609720054856266,0.3987977469638629,0.6401294799623147,False,False,False
5309,46.59999847412109,2026-07-29,-0.1465201506148719,-0.2603174845377605,-0.22483183467018475,-0.2649267277102102,,10.1,-0.23792461205145732,0.22046950857547873,0.5696821116820202,False,False,False
5310,24.399999618530277,2026-07-29,-0.010141987986566403,0.033898272208872315,0.07726269445798573,-0.07575757685224327,,65.5,0.06416991707671316,1.310835426731079,0.5520361809357488,False,False,False
5314,50.29999923706055,2026-07-29,-0.138698665705154,-0.2470060338457286,-0.3109589145608145,-0.46716103364393213,,2.2,-0.32405169194208705,0.6568774254723089,0.3500770252964327,False,False,False
5315,18.549999237060547,2026-07-29,-0.04134372757818083,-0.13693010055867905,-0.10596792217013495,-0.16055094136052217,,30.3,-0.11906069955140752,0.5990387942805274,0.7772676468884054,False,False,False
5321,53.79999923706055,2026-07-29,-0.020036471006286583,-0.14467411872914426,1.3700439395973798,0.7025316008733,,98.5,1.3569511622161072,1.1596452301140274,0.7707735943387709,False,False,False
5324,11.949999809265137,2026-07-29,-0.008298786712602424,-0.02448981148856022,0.11682243198898234,0.10648144427968043,,79.6,0.10372965460770978,0.8920535146716283,0.9755101885114398,False,False,False
5328,64.5,2026-07-29,-0.027149366046825385,-0.09282698475054618,1.58,1.271126791069229,,98.7,1.5669072226187275,1.175548358752338,0.7827669757960241,False,False,False
5340,59.29999923706055,2026-07-29,-0.19319728929169322,-0.3803552651194755,-0.4717762857842457,-0.29110117156739623,,1.1,-0.48486906316551825,0.48214416429155327,0.44544237863931335,False,False,False
5344,13.600000381469728,2026-07-29,-0.1023101832401836,-0.12820512507010418,-0.2023459829893579,-0.07167230473729402,,22.4,-0.21543876037063048,0.4439354907608516,0.7195767542839404,False,False,False
5345,20.649999618530277,2026-07-29,-0.10021791145747183,-0.22659179668664253,-0.08017822197051439,-0.15195074763757044,,35.0,-0.09327099935178695,1.1824305534798245,0.5841584302654965,False,False,False
5347,133.0,2026-07-29,-0.2222222222222222,-0.36968620579687306,-0.05452937706652161,-0.024030276903783454,,47.7,-0.06762215444779418,0.581249490076334,0.6188535059704326,False,False,False
5348,16.399999618530273,2026-07-29,-0.0120482384544226,-0.006060629179983401,-0.035294140086454484,-0.026706276127704265,,50.8,-0.04838691746772705,0.467844726578298,0.8261964384564909,False,False,False
5351,70.0999984741211,2026-07-29,-0.22455755209192674,-0.19239635933743804,-0.016830358012265623,0.08012321765768649,,63.2,-0.02992313539353819,0.523360545199937,0.6708133825274746,False,False,False
5353,26.950000762939453,2026-07-29,-0.04432623993552354,-0.12639831610374186,0.051955167303654015,0.008123673853534186,,68.6,0.038862389922381446,0.25107581698205067,0.8159593663893551,False,False,False
5355,5.489999771118164,2026-07-29,-0.06949157925797189,-0.11594207127310296,-0.1914580556757597,-0.22127664927823087,,14.9,-0.20455083305703226,0.551807097430414,0.4858406795089742,False,False,False
5356,24.100000381469727,2026-07-29,-0.03018108605580805,-0.05925351640577381,-0.03834798807812012,0.044853217589709615,,56.1,-0.05144076545939269,0.6974986676905128,0.9046899911194561,False,False,False
5371,71.5,2026-07-29,-0.16860465116279066,-0.17721520432071303,0.06712893956967547,-0.20757750761420457,,52.7,0.0540361621884029,0.9410367922110611,0.5498565285242041,False,False,False
5381,21.700000762939453,2026-07-29,-0.11788616152684028,-0.22638141343445295,-0.08050845711096333,-0.35731704630381256,,19.7,-0.0936012344922359,0.21922757292289857,0.5425000190734863,False,False,False
5386,214.0,2026-07-29,-0.19397363465160078,-0.31584286718085797,-0.1400209170949177,2.8812758389630893,,98.0,-0.15311369447619028,0.4390033014246921,0.5445567482430539,False,False,False
5388,81.9000015258789,2026-07-29,-0.06077976614505054,0.013613841987313746,0.06088089071801095,0.07491729438951644,,74.1,0.04778811333673838,1.1614705681442898,0.7933192462001802,False,False,False
5392,36.25,2026-07-29,-0.14504720057911424,-0.20765027322404372,-0.10933662603248717,-0.2676767676767676,,21.8,-0.12242940341375974,0.22937949383893622,0.6207191618640021,False,False,False
5398,14.449999809265137,2026-07-29,-0.03020133025409588,-0.14497040618739399,-0.2933985686957933,-0.3717391387276028,,4.1,-0.30649134607706585,0.30518181900067276,0.471451875664266,False,False,False
5403,92.8000030517578,2026-07-29,-0.02827221935332147,0.003243276235219472,-0.009605057906048153,-0.13710045744703947,,45.9,-0.022697835287320722,0.5960155124990094,0.7841428020696474,False,False,False
5410,35.20000076293945,2026-07-29,-0.04347822030685711,-0.2045197567697299,0.055472335036354625,0.13731825186541147,,76.5,0.042379557655082056,0.4318829025074466,0.7333333492279053,False,False,False
5425,70.0999984741211,2026-07-29,-0.22620904586566593,-0.40408465286994677,0.11157591371608655,0.09296501271318758,,78.6,0.09848313633481398,0.27408543079398656,0.4986652722208594,False,False,False
5426,23.600000381469727,2026-07-29,-0.17913042151409642,-0.24600635921018454,0.32584277488806124,0.14009659476546155,,89.6,0.31274999750678867,0.6431683809468652,0.5952080573330216,False,False,False
5432,102.0,2026-07-29,-0.1807228915662651,-0.3808001769599678,-0.26095504108672474,-0.4191731278318872,,4.5,-0.2740478184679973,0.3472123847035044,0.557279840736029,False,False,False
5434,491.5,2026-07-29,-0.13008849557522129,-0.0825959569101028,0.23444813392630048,0.49674545236910994,,91.3,0.22135535654502791,0.7142152319645989,0.8246644295302014,False,False,False
5438,16.149999618530273,2026-07-29,-0.09014086656167475,-0.12938003866519732,-0.1264664163787388,-0.2592281625982289,,20.0,-0.13955919376001136,0.7940823665133662,0.5568053511702167,False,False,False
5439,195.5,2026-07-29,-0.22266401590457252,-0.3521863169778381,-0.4795701342688621,-0.33833506079155284,,0.7,-0.49266291165013465,0.7239528805426273,0.45559716557512375,False,False,False
5443,82.80000305175781,2026-07-29,-0.1801979895865563,-0.2831168566947375,-0.30664429241635704,-0.1306331449356768,,9.1,-0.3197370697976296,0.3778377892394533,0.615195625502093,False,False,False
5450,14.199999809265137,2026-07-29,-0.12345684317803829,-0.046979854173592406,0.09230767763577985,-0.010453001269483453,,72.7,0.07921490025450728,1.1922875970160596,0.7573333231608073,False,False,False
5452,23.75,2026-07-29,-0.1268382597856449,-0.3001132019052094,-0.2635037773420047,-0.3131669983202934,,6.4,-0.27659655472327727,0.26388281506685163,0.6067459201757305,False,False,False
5455,28.200000762939453,2026-07-29,0.0,0.044444472701461235,0.11683171338374065,0.0,,75.7,0.10373893600246809,0.21537283430649948,0.8812500238418579,False,False,False
5457,28.649999618530277,2026-07-29,-0.05601320400567078,-0.16105422142311543,-0.21934607566924802,-0.2663252195062814,,10.4,-0.2324388530505206,0.5644438491800503,0.5541585917938264,False,False,False
5460,15.25,2026-07-29,-0.08132532231605893,-0.028662408581659693,0.016666666666666607,-0.043887135901940044,,58.3,0.0035738892853940385,0.377050069030627,0.7901554716497815,False,False,False
5464,64.80000305175781,2026-07-29,-0.20782395312679247,-0.345454514628709,1.0377359939127988,1.468571544828869,,98.5,1.0246432165315262,0.2667854312028977,0.6027907260628633,False,False,False
5465,21.0,2026-07-29,-0.06666666666666665,-0.11383379103631897,-0.1208948724201252,-0.2693530511146034,,20.2,-0.13398764980139777,0.42776638980269005,0.5026318437295649,False,False,False
5468,22.799999237060547,2026-07-29,-0.11627907320596487,-0.25490199500561395,0.24250674458211652,0.16923073010566902,,87.2,0.22941396720084395,0.42773377526598944,0.6280991657372501,False,False,False
5469,65.19999694824219,2026-07-29,-0.0931850408268099,-0.24714535402050153,-0.20154487007237942,-0.3343572280970163,,9.3,-0.214637647453652,0.3761001171345931,0.6029589097385563,False,False,False
5471,46.70000076293945,2026-07-29,-0.18782607368800952,-0.2324361208036152,0.11777617586944733,0.39887378212551905,,87.0,0.10468339848817476,0.38188841478284574,0.6994368910627595,False,False,False
5474,132.0,2026-07-29,-0.117056856187291,-0.19512195121951215,-0.03414626957191058,-0.19030229331384485,,38.6,-0.04723904695318315,0.27579241786152325,0.6423730181637645,False,False,False
5475,109.0,2026-07-29,-0.2875816993464052,-0.5541922290388548,-0.6938202247191011,0.07389162561576357,,0.6,-0.7069130021003737,0.9311306263805991,0.2725,False,False,False
5478,98.8000030517578,2026-07-29,-0.008032082676900365,-0.05454542534203066,0.010224948556195601,0.05501761972594599,,65.3,-0.002867828825076968,0.4128521682417407,0.9219936896766492,False,False,False
5481,20.299999237060547,2026-07-29,-0.053613122842673167,-0.03791474549506413,-0.02168678375611821,-0.11546847223457313,,45.7,-0.03477956113739078,0.5798115389639602,0.8007889124885136,False,False,False
5483,166.5,2026-07-29,-0.28077753779697623,-0.0650107806477711,0.28471807770960655,0.4634614249770659,,92.3,0.271625300328334,0.9466449056045437,0.6053887072828106,False,False,False
5484,37.54999923706055,2026-07-29,-0.1070154597299956,-0.17833701071813057,-0.005298033455349738,-0.062421973723450375,,52.7,-0.018390810836622307,0.2599681470792858,0.6485319213727007,False,False,False
5487,28.0,2026-07-29,-0.0035587323883337074,0.0071942722456204145,-0.03281522410719939,-0.05882352941176472,,48.4,-0.04590800148847196,1.053400380998541,0.883280735839441,False,False,False
5488,12.800000190734863,2026-07-29,-0.1196574463731005,-0.011307541739851157,0.30619934523485126,0.2969729924142903,,90.7,0.2931065678535787,0.4924191871009478,0.7180448328198368,False,False,False
5489,41.09999847412109,2026-07-29,-0.09171274090340142,-0.34968357629795843,0.008588919610333479,-0.0024272399749157847,,60.2,-0.00450385777093909,0.6270246129175543,0.6061946404743637,False,False,False
5490,33.150001525878906,2026-07-29,-0.008968586852557747,0.2248021306019774,0.29511480595723905,0.29272092007028805,,90.5,0.2820220285759665,2.118619563058642,0.9619835954965381,False,False,False
5493,73.5,2026-07-29,-0.09594099334525386,-0.16697936599483432,-0.15772355932341198,-0.1831370892428007,,21.3,-0.17081633670468455,0.25030511400647126,0.7542773711746453,False,False,False
5498,41.0,2026-07-29,-0.1742195621357694,-0.3256578862749637,-0.43448275862068964,-0.41428571428571426,,0.9,-0.4475755360019622,0.36220409749959825,0.4933814771701611,False,False,False
5508,50.09999847412109,2026-07-29,-0.0328185480304638,-0.008486822531077687,0.08964230277394925,-0.12936327191581387,,63.5,0.07654952539267668,0.5225538228302643,0.49390329021809726,False,False,False
5511,73.80000305175781,2026-07-29,-0.0013531592971087747,0.18407924876914383,0.3230871542102618,0.3459318565500944,,91.8,0.3099943768289892,0.8863485782726495,0.9840000406901042,False,False,False
5512,7.679999828338623,2026-07-29,-0.04239409102475988,-0.05651111739343717,0.03643724513986446,-0.03879849207256714,,61.6,0.02334446775859189,0.6681199150868192,0.8633347012786858,False,False,False
5514,13.600000381469728,2026-07-28,0.0,-0.0388692050804218,-0.12258062055034014,-0.14465404353721267,,29.1,-0.1356733979316127,1.5935266506424428,0.751381220709422,False,False,False
5515,42.34999847412109,2026-07-29,0.01073978357648131,0.0266666296756628,0.14011710906144614,0.3570418638286019,,87.1,0.12702433168017357,0.7103950576869651,0.9570621124095161,False,False,False
5516,10.550000190734863,2026-07-29,0.004761922927129847,-0.04090907356955786,-0.07456135581037793,-0.354740064551209,,20.6,-0.0876541331916505,0.7687227491141506,0.6298507576558128,False,False,False
5519,27.649999618530277,2026-07-29,-0.01601426180891441,-0.06437231217564743,-0.01286984960196269,0.011885705191541307,,57.8,-0.02596262698323526,0.6210444934290512,0.914423710560307,False,False,False
5520,80.80000305175781,2026-07-29,-0.018226001754297116,-0.03233529279331959,-0.006150061269760143,-0.013774044140674402,,56.9,-0.019242838651032712,0.39697321205945163,0.8929206903366496,False,False,False
5521,9.779999732971191,2026-07-29,-0.03645319206550435,-0.050485480401391336,-0.1257161744510764,-0.6198037778815684,,5.9,-0.13880895183234898,0.6094905481902242,0.3628197877213318,False,False,False
5522,65.5999984741211,2026-07-29,-0.007564296695040884,0.015479876526631742,0.026974996821429897,0.04203327739997387,,67.5,0.013882219440157328,0.4730552864852278,0.8645579738852568,False,False,False
5523,30.350000381469727,2026-07-29,-0.0016447117660512989,-0.0016447117660512989,0.0,0.004966874660293108,,59.4,-0.013092777381272569,0.7328470532041003,0.9918300654613262,False,False,False
5525,23.049999237060547,2026-07-29,-0.006465582799399017,0.06960557090973718,-0.019148968635721464,-0.13670417309295502,,44.8,-0.03224174601699403,1.1605234845077959,0.7423510403680981,False,False,False
5529,21.049999237060547,2026-07-29,-0.018648089121284017,-0.025463015495176378,-0.003976059170864743,-0.22746559220013562,,40.8,-0.017068836552137312,0.2979564257078725,0.7239312706679735,False,False,False
5530,46.59999847412109,2026-07-29,-0.037190144525003355,-0.03519670372241024,0.044843050861548495,-0.14180480425649977,,54.7,0.031750273480275926,0.4204155801597974,0.7779632268287714,False,False,False
5531,7.900000095367432,2026-07-29,0.01935485101515244,-0.00628927233928156,-0.05952375546063715,-0.1222222116258409,,40.0,-0.07261653284190972,0.8151258649723457,0.7783251618004847,False,False,False
5533,14.300000190734863,2026-07-29,0.007042280479784058,0.06302889537741718,0.04080527446654392,0.04444446921050127,,69.5,0.027712497085271348,0.8223253209567994,0.8811537252343973,True,True,False
5534,78.0,2026-07-29,-0.02377974329904753,-0.0038314564503848514,-0.0051020601797675535,-0.03465350180697668,,55.3,-0.018194837561040123,0.48979190421183805,0.896551724137931,False,False,False
5536,944.0,2026-07-29,-0.21333333333333337,-0.260720852920862,0.10763082028224269,0.21024125799707027,,82.0,0.09453804290097012,0.5832785504109235,0.6578397212543554,False,False,False
5538,33.95000076293945,2026-07-29,-0.018786061845285973,0.08962460562918317,0.11353482368697376,0.07478858165845503,,78.3,0.1004420463057012,0.6341938044348874,0.9644886371333244,False,False,False
5543,27.5,2026-07-29,-0.03169012783870073,-0.045138863593707224,-0.08637874912022758,-0.1085899624001927,,37.1,-0.09947152650150015,0.49705317797182946,0.7452574217568406,False,False,False
5546,14.149999618530272,2026-07-29,-0.10102012450792686,-0.061934092387797346,-0.09563712041365302,-0.3390433143828213,,18.7,-0.10872989779492559,1.800524871131847,0.530856272399946,False,False,False
5547,19.75,2026-07-29,-0.01002510051583505,0.008778930566640142,0.09264425132566911,-0.14971676626762775,,61.8,0.07955147394439654,0.3893917931695534,0.8185110002339803,False,False,False
5601,29.0,2026-07-29,-0.05691056910569103,-0.11585363797103221,-0.17583029218644075,-0.1961523637722865,,17.8,-0.18892306956771332,1.5023578095060621,0.7620892912994314,False,False,False
5603,14.199999809265137,2026-07-29,-0.0138888760113417,-0.04054056579305587,-0.13939395095362805,-0.23035234568723162,,20.2,-0.15248672833490062,0.4783267436763644,0.6843373402055487,False,False,False
5604,29.899999618530277,2026-07-29,-0.011570260544453648,-0.03079418966587999,-0.0785824679339141,-0.16086044798186327,,34.6,-0.09167524531518667,1.2784618695493681,0.7887281914005635,False,False,False
5607,49.09999847412109,2026-07-29,-0.018000030517578258,-0.03725493187997875,0.04357065399154747,0.00101935245337903,,66.7,0.0304778766102749,0.8504522285565246,0.881508039525742,False,False,False
5608,13.0,2026-07-29,-0.06137186700781361,-0.08771929824561409,-0.15032680797792808,-0.2696628900447755,,16.8,-0.16341958535920065,0.9828967165874445,0.6265060240963856,False,False,False
5609,78.19999694824219,2026-07-29,-0.010126620908326722,0.01690501165888536,0.07704849352042142,0.04877595072860963,,74.5,0.06395571613914885,0.6911594712388405,0.9836477603552476,False,False,False
5859,13.649999618530272,2026-07-29,-0.021505390310874062,0.007380031467732806,-0.11363636645122299,-0.12779553027157353,,31.2,-0.12672914383249556,0.6335364968723852,0.8348623425110435,False,False,False
5863,11.449999809265137,2026-07-29,0.02690584762319559,0.036199059875642536,0.00881052197660459,-0.029661048797655076,,58.1,-0.004282255404667978,1.0808157215994063,0.9462809461394712,True,True,False
5864,28.850000381469727,2026-07-29,-0.15022092096790163,-0.31108813277061853,0.18081252800151004,0.7379787490494707,,92.9,0.16771975062023747,0.32692601776345165,0.6047258035859499,False,False,False
5871,112.5,2026-07-29,-0.018694816723341945,0.027238655204603557,0.018569961096976728,0.16058205091414646,,74.2,0.005477183715704159,0.9798624903707966,0.9773323141299931,False,False,False
5876,44.34999847412109,2026-07-29,0.035463701458767316,0.09123813406980541,0.18413896999412405,0.17666325424027285,,85.0,0.17104619261285148,1.3876197453927117,0.9914014087755855,False,False,False
5878,38.59999847412109,2026-07-29,0.0,-0.0038710071194558715,-0.05029689373301116,-0.07188099980591511,,45.1,-0.06338967111428373,0.4722294867603792,0.9106895404998335,False,False,False
5880,26.100000381469727,2026-07-29,0.02152646422045268,0.050301810093013266,0.1274298406717096,0.08977033611861973,,79.7,0.11433706329043702,0.9961947176767032,1.0,True,True,False
5902,33.849998474121094,2026-07-29,-0.008784862030839724,-0.0014750162096494046,-0.057110260172068106,-0.12570526280941707,,40.1,-0.07020303755334067,0.43362231730342343,0.7424639305353745,False,False,False
5903,190.0,2026-07-29,0.007957559681697646,0.010638297872340496,0.0026385224274405594,-0.002624671916010457,,59.1,-0.01045425495383201,0.9739535050823026,0.945273631840796,True,True,False
5904,720.0,2026-07-29,0.1410459587955626,0.12171084942937793,0.3432337183946983,0.7501312990145899,,95.0,0.3301409410134257,1.4244213567506918,1.0,True,True,False
6005,32.849998474121094,2026-07-29,-0.03806743758920972,-0.1411765104804943,0.16903907573551868,0.17321423121861046,,84.0,0.15594629835424612,0.6239741459248159,0.7291897676015258,False,False,False
6015,14.699999809265137,2026-07-29,-0.11445786316520357,-0.16713880300416606,0.04626331741681455,0.1432336312447493,,75.9,0.033170540035541984,0.3780814851043956,0.6419213997440487,False,False,False
6016,19.399999618530277,2026-07-29,-0.1136381916878374,-0.22735428516126643,0.13600871441493845,0.37816750992229187,,87.2,0.12291593703366588,0.7318665406826701,0.6106047445235537,False,False,False
6020,20.200000762939453,2026-07-29,-0.07551485536492641,-0.1081677217153878,0.05208333126372766,0.05615831517575032,,71.9,0.03899055388245509,0.2647862684277457,0.7859922242519446,False,False,False
6021,32.20000076293945,2026-07-29,-0.13557044931706164,-0.1999999810449825,-0.025718562594335803,0.1849194013382751,,70.0,-0.03881133997560837,0.32231058205639057,0.7268623322232822,False,False,False
6023,86.4000015258789,2026-07-29,-0.015945347120928988,0.04494425670189228,0.04810757266173726,0.08534437044900844,,73.2,0.035014795280464694,1.2221289973624037,0.9617357342004672,False,False,False
6024,63.09999847412109,2026-07-29,-0.02170545001362656,0.031045713847967837,0.1328545351853081,0.2157995494982312,,83.5,0.11976175780403553,1.3704636600004652,0.967791432938438,False,False,False
6026,13.350000381469728,2026-07-29,-0.08561643611917269,-0.14423076570386728,-0.0456925995635753,0.0002190716051191366,,51.1,-0.05878537694484787,0.37671188317913235,0.7540511999972421,False,False,False
6027,11.600000381469728,2026-07-29,-0.0042917801457277305,0.008695685345193827,-0.07569719480693549,0.2249208082767249,,65.0,-0.08878997218820806,0.6314328263774603,0.8197880349253743,False,False,False
6028,79.19999694824219,2026-07-29,-0.005025144893802347,0.005076064479612397,-0.002518949292104611,-0.18419516254049084,,43.6,-0.01561172667337718,0.7645239340252236,0.6192971004022457,False,False,False
6035,51.0,2026-07-29,-0.037735849056603765,0.000846456706176113,0.037914864135945026,-0.05089065894279521,,61.1,0.024822086754672457,0.8034195399822474,0.7672194705409421,False,False,False
6103,28.25,2026-07-29,-0.06456956005552283,-0.09163988252449795,-0.26240207407982874,-0.204225352112676,,9.6,-0.2754948514611013,5.048153370735951,0.5432692307692307,False,False,False
6104,86.5,2026-07-29,-0.08947368421052626,-0.15609756097560978,-0.12360686246667085,-0.09514003199568388,,32.5,-0.13669963984794342,0.3373251954944298,0.654233281711254,False,False,False
6108,16.350000381469727,2026-07-29,-0.01506024061776956,-0.13031909335193603,-0.18249998092651365,0.08637874912022747,,37.4,-0.19559275830778622,0.44369673920515346,0.6756198291740787,False,False,False
6109,11.199999809265137,2026-07-29,-0.05485236719663067,-0.138461553133451,-0.0743802102339498,-0.07053944962783354,,42.1,-0.08747298761522238,0.2687154592030337,0.7887323915284438,False,False,False
6112,38.04999923706055,2026-07-29,-0.09188549280697433,-0.12122621208723972,-0.13468669130997935,-0.16218604169071016,,25.9,-0.14777946869125191,0.385838160941644,0.6925537642285015,False,False,False
6113,19.850000381469727,2026-07-29,-0.1553191327034159,-0.2768670371671017,-0.11973387791310508,-0.17291665077209473,,27.3,-0.13282665529437765,0.21652717340880268,0.6649916290718778,False,False,False
6114,25.600000381469727,2026-07-29,-0.0798670658958498,-0.14891451474688122,-0.1376605405177581,-0.15305942737090417,,26.1,-0.15075331789903068,0.7341179721667018,0.6497078056485938,False,False,False
6115,45.75,2026-07-29,0.0010940751909371826,0.0066650254165734335,0.012963181469928697,0.02797004277448556,,63.6,-0.0001295959113438716,0.5599368959607774,0.9733784213172612,False,False,False
6116,11.949999809265137,2026-07-29,-0.18430033307645954,-0.39030614404666386,0.45200491785422114,0.21566631760052024,,93.0,0.4389121404729486,0.3077042943026052,0.526431691966063,False,False,False
6117,65.0,2026-07-29,-0.038461516757525294,-0.11564625850340138,-0.2833516848176727,-0.18648311941587292,,8.8,-0.29644446219894527,0.4432643239760582,0.678496846862129,False,False,False
6118,15.699999809265137,2026-07-29,-0.021806818967769037,-0.07100590747643432,-0.10285715375627791,-0.19072164340307596,,28.5,-0.11594993113755048,0.3937557259298237,0.6156862670300054,False,False,False
6120,11.600000381469728,2026-07-29,-0.13432830509721827,-0.216216200542241,-0.12297794690228725,-0.10636770978900356,,31.6,-0.13607072428355982,0.7236603904278833,0.7326674513682112,False,False,False
6121,348.0,2026-07-29,-0.08781127129750987,-0.14135080621023244,-0.015148212314723852,0.006983284623421904,,57.1,-0.02824098969599642,0.6071156816641631,0.7668150723989008,False,False,False
6122,49.0,2026-07-29,-0.025844915641722754,0.02725365233265542,-0.001019352453379252,-0.09594097213546682,,50.7,-0.014112129834651821,0.790489172089912,0.781499193042479,False,False,False
6123,41.650001525878906,2026-07-29,-0.030267734900304988,-0.0023951730328405363,0.025707658373705033,-0.03798015533579546,,60.0,0.012614880992432465,0.5815108201522142,0.8046542502132261,False,False,False
6124,25.399999618530277,2026-07-29,-0.059259273387767486,-0.1630972224290872,-0.18064517359579757,-0.059259273387767486,,26.7,-0.19373795097707014,0.21259912368700118,0.669301689272559,False,False,False
6125,44.29999923706055,2026-07-29,-0.13645224374473297,-0.2554621976964614,-0.18715597730164135,-0.36714286804199214,,9.2,-0.20024875468291392,0.4075351189459257,0.5097813401518522,False,False,False
6126,29.0,2026-07-29,-0.08082406652058371,-0.18994411681498347,-0.08805029258608765,-0.20873127441692385,,29.4,-0.10114306996736022,0.22238412876927974,0.6744186046511628,False,False,False
6127,45.5,2026-07-29,-0.2222222222222222,-0.5102260575601263,-0.010869565217391353,0.13749999999999996,,68.9,-0.02396234259866392,0.18694706060080146,0.4695562361559757,False,False,False
6128,19.899999618530277,2026-07-29,-0.03631961326173527,-0.043269214016445234,-0.024509804379889588,-0.09387796895798928,,46.9,-0.03760258176116216,0.4554753548369337,0.6739750339350813,False,False,False
6129,13.600000381469728,2026-07-29,-0.11400651182475352,-0.2568305492643157,-0.18805967871822515,-0.0993377458348117,,22.6,-0.20115245609949772,0.47190600513969033,0.6522781838199208,False,False,False
6133,19.25,2026-07-29,-0.10046727368483643,-0.13870247555073523,-0.125,-0.14062498536493084,,29.1,-0.13809277738127257,0.31831680008118485,0.6649395334263004,False,False,False
6134,23.700000762939453,2026-07-29,-0.13027520136002002,-0.34530386012580283,-0.21782173730382481,-0.29985223541269845,,9.5,-0.23091451468509738,0.2332510507104984,0.5954774175189113,False,False,False
6136,24.049999237060547,2026-07-29,-0.01232037534740571,0.0004159035421145152,0.0024048253595949642,0.033216484099982235,,62.0,-0.010687952021677605,0.5865483907991611,0.9003742846134006,False,False,False
6138,273.0,2026-07-29,-0.19705882352941173,-0.25815217391304346,0.14225941422594146,0.26096997690531176,,85.0,0.1291666368446689,0.6013286098927059,0.6204545454545455,False,False,False
6139,671.0,2026-07-29,-0.20497630331753558,-0.27302275189599134,0.0,0.148972602739726,,71.3,-0.013092777381272569,1.3900571339070151,0.7026178010471205,False,False,False
6140,15.899999618530272,2026-07-29,-0.11666668785942935,-0.22439026251071847,-0.16753930361404623,-0.3825242866590186,,10.0,-0.1806320809953188,0.4541652096139018,0.39171332650982366,False,False,False
6141,30.700000762939453,2026-07-29,-0.269047600882394,-0.20466316122986616,-0.04062497615814209,1.6351932848228259,,95.6,-0.05371775353941466,1.4749985014479776,0.6673913209334664,False,False,False
6142,9.68000030517578,2026-07-29,-0.04158416439909396,0.02978730829877274,0.08277413417515511,-0.022222153720360738,,71.1,0.06968135679388254,1.09250218392943,0.8604444715711804,False,False,False
6143,84.9000015258789,2026-07-29,-0.12474225231052671,-0.09680849440554351,-0.025258289170875803,-0.1788643562685568,,41.2,-0.03835106655214837,0.5004633947377638,0.5942429312247915,False,False,False
6146,185.0,2026-07-29,-0.038961038961038974,-0.03141361256544506,-0.09681987053496399,0.15288285851079064,,55.8,-0.10991264791623656,0.4274281046952482,0.8217613969596721,False,False,False
6147,126.0,2026-07-29,-0.33684210526315794,-0.4042553191489362,-0.1925943699799535,1.2263541893662695,,89.9,-0.20568714736122606,0.8309113926273574,0.4175780608401629,False,False,False
6148,25.75,2026-07-29,-0.1387959756346736,-0.16801294458015348,-0.17069241118481548,-0.3018714955675377,,13.1,-0.18378518856608805,0.5737932333208129,0.44955244603605526,False,False,False
6150,51.900001525878906,2026-07-29,-0.11282048673711276,-0.15748068700384554,-0.04370983908220483,-0.19870492592483957,,36.7,-0.056802616463477396,0.29567858593138907,0.5647058051998873,False,False,False
6151,32.900001525878906,2026-07-29,-0.07843134950202169,-0.15749034139147855,-0.09615384212310107,0.10961220739164812,,51.8,-0.10924661950437364,0.262886572855514,0.6606426110423538,False,False,False
6152,11.300000190734863,2026-07-29,-0.0775510048379704,-0.172161135052723,-0.1870503236798161,-0.19858156843844033,,16.7,-0.20014310106108868,0.4023529008729254,0.5124716817106453,False,False,False
6153,14.199999809265137,2026-07-29,-0.16470589357263898,-0.3379953704337675,-0.20000001074562612,-0.10126584570599995,,20.9,-0.2130927881268987,0.42647799234957334,0.5807770701908955,False,False,False
6154,13.5,2026-07-29,-0.01459852642697701,-0.02173914395568488,0.06486103817469879,0.044994224241178715,,72.7,0.051768260793426224,0.7081353974773662,0.9273458007721017,False,False,False
6155,49.54999923706055,2026-07-29,-0.17691032210809043,-0.45582309446847413,0.04513814377844283,-0.10054205400513994,,58.4,0.03204536639717026,0.1373289678796759,0.5077143114449063,False,False,False
6156,20.350000381469727,2026-07-29,-0.16082472653733082,-0.28838251682188165,0.01963102473325984,-0.08301639915734804,,55.4,0.00653824735198727,0.5280140831496926,0.6404557263168941,False,False,False
6158,17.149999618530273,2026-07-29,-0.052486228890472164,-0.005797123563462403,-0.11597938372384675,-0.2204545627940785,,24.1,-0.12907216110511932,0.5320626006461369,0.6929292775163747,False,False,False
6160,13.899999618530272,2026-07-29,-0.0915033042321387,-0.14723924729232551,-0.12302843634118821,-0.2277777989705405,,22.7,-0.13612121372246078,0.40093505518143374,0.5978494459582913,False,False,False
6161,45.79999923706055,2026-07-29,-0.10894945763763975,-0.07001295965388865,0.1551654714467765,0.07451198026495609,,80.7,0.14207269406550393,0.3767817361019256,0.7339743736697848,False,False,False
6163,37.25,2026-07-29,-0.1296728816820819,-0.24747474747474751,-0.3464912280701754,-0.4811977936387004,,1.5,-0.359584005451448,1.0337151742739246,0.5026990656822928,False,False,False
6164,11.050000190734863,2026-07-29,-0.12992123175675452,-0.1596957786094687,-0.09426226528765358,-0.11244977027938674,,35.6,-0.10735504266892615,0.6231765816640429,0.6350574961488548,False,False,False
6165,47.79999923706055,2026-07-29,-0.038229406372478514,0.00525762363851201,-0.08429121573888532,0.051705136076418245,,48.8,-0.09738399312015789,1.2889305230795098,0.800669993738657,False,False,False
6166,139.0,2026-07-29,-0.04137931034482756,0.005311334614080732,0.8824285973624519,1.134565309363039,,98.3,0.8693358199811794,2.3009812659954236,0.8348348348348348,False,False,False
6167,10.0,2026-07-29,-0.09502264005526995,-0.18032785603770052,-0.19028342582043412,-0.21875001164153196,,15.1,-0.20337620320170668,0.6100204043408918,0.6097561117441157,False,False,False
6168,20.049999237060547,2026-07-29,-0.20119526165973223,-0.35426731949386525,-0.25602973397193773,-0.014742070701991405,,19.1,-0.2691225113532103,0.26335803096066573,0.564788710903114,False,False,False
6170,45.45000076293945,2026-07-29,-0.04416400647351326,-0.05900618052048112,-0.046240784867927265,-0.012758750666926444,,49.9,-0.059333562249199834,0.8207716112885497,0.9164613666810044,False,False,False
6171,22.950000762939453,2026-07-29,-0.0171306043681142,-0.03571422274659175,-0.09999997008080574,-0.18327400528885374,,29.6,-0.11309274746207831,0.3471533033036337,0.6891892278903635,False,False,False
6173,147.0,2026-07-29,-0.1741573033707865,-0.5234278319406216,0.761615088849745,0.9915970321379874,,97.8,0.7485223114684725,0.154945447516267,0.4221844718653594,False,False,False
6174,37.900001525878906,2026-07-29,-0.22653058110451207,-0.23372417655832234,0.16698875972930316,0.6484032969864453,,91.7,0.1538959823480306,0.43555941123199016,0.6015873258076017,False,False,False
6175,68.69999694824219,2026-07-29,-0.22325295130195433,-0.377911916740133,0.10212457704077149,0.2794316002901389,,83.6,0.08903179965949892,0.17977264834547171,0.6007288418219777,False,False,False
6176,83.9000015258789,2026-07-29,-0.04004576589124731,-0.03563216636920796,-0.1368062318575861,-0.30320502065114463,,16.3,-0.14989900923885868,0.5906351401428168,0.6024372956758608,False,False,False
6177,47.09999847412109,2026-07-29,-0.024844736685186164,0.044345899504799835,0.021691974687620963,-0.05516549817805161,,58.1,0.008599197306348394,0.5789518896520679,0.8471222979627183,False,False,False
6179,23.100000381469727,2026-07-29,-0.09055115242531786,-0.09411763209922641,-0.03549062022515792,-0.22999998728434246,,35.5,-0.04858339760643049,0.47142223240966763,0.6470588203866393,False,False,False
6182,94.0999984741211,2026-07-29,-0.2705426474874334,-0.23495936199901546,1.4128204736954126,1.4441558045226257,,98.7,1.39972769631414,0.58050751676222,0.49656991279219576,False,False,False
6183,92.8000030517578,2026-07-29,0.01866086285522406,0.039193727663944244,0.002159876683935469,-0.03534297301811429,,56.2,-0.0109329006973371,0.966502050694088,0.9298597215836788,True,True,False
6184,42.79999923706055,2026-07-29,0.002341884597994781,-0.016091971561826512,-0.020952837202483976,-0.06499995916580237,,49.8,-0.034045614583756545,0.8110326337700176,0.8150000809932518,False,False,False
6185,13.699999809265137,2026-07-29,-0.024911058841161515,-0.014715660019179677,0.006397569428024941,-0.05439152816428028,,55.7,-0.006695207953247628,0.8396478242656921,0.8005435262344165,False,False,False
6186,41.54999923706055,2026-07-29,-0.0348432061924101,-0.009535197106177118,0.034869182016824096,-0.1554878334807135,,51.6,0.021776404635551527,0.7602856914575483,0.6201492423441872,False,False,False
6187,890.0,2026-07-29,-0.1563981042654028,-0.10821643286573146,-0.19090909090909092,1.3670212765957448,,91.7,-0.2040018682903635,1.1289402924287388,0.6402877697841727,False,False,False
6188,64.4000015258789,2026-07-29,-0.10181305067046098,-0.1690322383757561,-0.2278177416352244,-0.4171139859298659,,5.8,-0.24091051901649696,0.5024518491326075,0.5044206078549436,False,False,False
6189,45.75,2026-07-29,-0.07200809922917584,-0.08864543217745724,0.0028291062302046033,0.06961021809614176,,65.2,-0.010263671151067966,0.3227188086822893,0.7517307293082197,False,False,False
6190,60.20000076293945,2026-07-29,-0.15804194737147614,-0.2651450425330196,-0.1293678855610093,0.2584671839429826,,59.0,-0.14246066294228188,0.3377257944722676,0.6709545182324429,False,False,False
6191,79.5999984741211,2026-07-29,-0.12527474204262534,-0.2336970041683708,-0.2037924468071548,-0.3054359743858932,,10.3,-0.21688522418842737,0.3754371794869505,0.5570735308392594,False,False,False
6192,108.0,2026-07-29,-0.06493506493506496,-0.12195121951219512,-0.06896551724137934,-0.09826040366034605,,40.5,-0.0820582946226519,0.5193150867954357,0.8089887640449438,False,False,False
6194,29.25,2026-07-29,-0.026622271459957658,-0.046043800774913324,-0.05774872871790648,-0.11092930161499703,,41.4,-0.07084150609917905,0.34470922642391155,0.7747134851787035,False,False,False
6195,26.600000381469727,2026-07-29,-0.01298702677407837,0.0576541067567693,0.17229323207462977,0.08938052357683013,,82.2,0.1592004546933572,0.6251158418225974,0.949477221326829,False,False,False
6196,447.0,2026-07-29,-0.18430656934306566,-0.19314079422382668,0.20157386835144475,0.5180958299485121,,90.7,0.18848109097017218,0.6024683436143556,0.7576271186440678,False,False,False
6197,277.5,2026-07-29,-0.11904761904761907,-0.19104926011742218,0.371102979964715,0.9130593028986369,,96.0,0.3580102025834424,0.4704461250216639,0.7449664429530202,False,False,False
6198,18.700000762939453,2026-07-29,-0.08557456893456161,-0.08780484083222184,-0.14999996532093396,-0.293005662625876,,15.5,-0.16309274270220653,1.485002898611427,0.606158850298483,False,False,False
6199,94.0999984741211,2026-07-29,-0.041751513253937,-0.07290641897417638,0.03406591729803399,-0.1887931166024044,,48.7,0.02097313991676142,0.9260895320010265,0.7558232809166353,False,False,False
6201,49.0,2026-07-29,0.0,0.019771087992166425,-0.039215686274509776,-0.10420476569355619,,44.1,-0.052308463655782345,0.5485757656609072,0.7790142895281165,False,False,False
6202,45.04999923706055,2026-07-29,-0.216521752398947,-0.3079877067129415,-0.16108010061423728,0.16861219529548377,,46.1,-0.17417287799550984,0.41941110325528524,0.6112618874149768,False,False,False
6203,64.5,2026-07-29,-0.028614480153865585,-0.03007518796992481,0.0078125,-0.0472673130353114,,56.2,-0.005280277381272569,0.41007793407017484,0.7422324380603358,False,False,False
6204,63.20000076293945,2026-07-29,-0.16402113705632315,-0.4923694717836189,-0.09064747103684245,-0.2818181731484153,,23.3,-0.10374024841811502,0.22122408163902615,0.5056000061035156,False,False,False
6205,53.0,2026-07-29,-0.15605094516111417,-0.2914438791756909,-0.41108190603595574,-0.06567841418549447,,5.5,-0.4241746834172283,0.2814786719258393,0.5499367599515106,False,False,False
6206,123.0,2026-07-29,-0.02766798418972327,-0.0009099844204519814,0.21587365057898555,0.3495560538702185,,89.4,0.20278087319771299,1.520537654435608,0.8950181320235152,False,False,False
6207,94.1999969482422,2026-07-29,-0.258267740565022,-0.3542261974186792,0.6089433245727653,0.8659933141816987,,97.0,0.5958505471914928,0.3751022809864964,0.5716366332067154,False,False,False
6208,79.5999984741211,2026-07-29,-0.06132080649175076,-0.1793814590296794,0.03502074489566831,0.8072523378084488,,90.4,0.02192796751439574,0.2451264620807015,0.758095223563058,False,False,False
6209,63.0,2026-07-29,-0.09999999999999998,-0.21933082549673788,0.0015898008218639958,0.04304633126552315,,63.1,-0.011502976559408573,0.4724880741708266,0.6481481684978522,False,False,False
6210,19.25,2026-07-29,-0.012820512820512775,-0.035087756198978415,-0.058679741719822154,-0.08983449895032714,,42.7,-0.07177251910109472,0.1429514112709013,0.8593750146350692,False,False,False
6212,28.25,2026-07-29,-0.0017667575409355818,-0.00877192982456143,-0.030874772909367687,-0.2902009914187521,,31.7,-0.043967550290640256,0.43353297259108203,0.6471935627138831,False,False,False
6213,249.0,2026-07-29,-0.3215258855585831,-0.32228965724148084,-0.009500284097444522,1.1739540058872806,,93.3,-0.02259306147871709,0.9842553104572576,0.6287878787878788,False,False,False
6214,144.0,2026-07-29,0.0176678445229681,0.07462686567164178,0.2378600719406061,0.28,,89.0,0.22476729455933353,0.9430407361142454,0.951898732134343,False,False,False
6215,84.4000015258789,2026-07-29,-0.1448834434094476,-0.17670006858800402,-0.20363044488445337,-0.2839366509979274,,11.1,-0.21672322226572593,0.268217423373924,0.5444826918866816,False,False,False
6216,21.600000381469727,2026-07-29,-0.020408112070792517,-0.0484581649559066,-0.12373222248521898,-0.23809523489149476,,21.9,-0.13682499986649155,0.585244337147279,0.7224115049780125,False,False,False
6217,112.5,2026-07-29,-0.34782608695652173,-0.560546875,-0.5754716981132075,1.1306818489693415,,57.3,-0.5885644754944801,0.13536267377356717,0.32991202346041054,False,False,False
6218,30.200000762939453,2026-07-29,-0.12081507701690886,-0.1793477883411032,-0.2315521285186094,0.22764228839963763,,40.7,-0.24464490589988197,0.26011588235107264,0.6696230994390958,False,False,False
6219,12.350000381469728,2026-07-29,-0.13333330656352782,-0.042635601032925186,-0.06083644564774193,-0.290229847573244,,27.3,-0.0739292230290145,0.7757355230288064,0.5704388267471071,False,False,False
6220,25.0,2026-07-29,-0.13793103448275867,-0.24176213480241915,-0.13655815739170907,-0.012970798101878511,,36.7,-0.14965093477298164,0.37925780791128855,0.5632385598398428,False,False,False
6221,20.600000381469727,2026-07-29,-0.055045820990249905,-0.07829977494993312,-0.21374046635109512,-0.3418530069138648,,8.1,-0.22683324373236768,0.3755270205609846,0.5102752566652651,False,False,False
6222,20.450000762939453,2026-07-29,-0.021531046115036645,-0.004866105977305968,-0.057603684610685546,0.07349089669018438,,55.7,-0.07069646199195811,0.46362020215701877,0.8852814036896709,False,False,False
6223,4790.0,2026-07-29,-0.20166666666666666,-0.2107769646363249,-0.028034738579339802,1.0897253586405897,,92.4,-0.04112751596061237,0.6741012203463067,0.6512694513564473,False,False,False
6224,50.20000076293945,2026-07-29,-0.13893651080825453,-0.3497408970547571,-0.24850301692286436,0.1674994650288566,,33.6,-0.26159579430413693,0.19258882174110398,0.5284210606625206,False,False,False
6225,23.25,2026-07-29,-0.07554670566000232,0.14250612108936123,0.15384617569019254,0.3061798312660744,,86.7,0.14075339830891997,1.4071649107763937,0.6633381028840745,False,False,False
6226,22.549999237060547,2026-07-29,0.18062820872704854,0.02267573774604159,0.6954886401256957,1.4644808936814648,,98.2,0.6823958627444231,3.0836926335293637,0.8111510739539461,False,False,False
6227,111.0,2026-07-29,0.013698630136986356,-0.0864197530864198,0.1846318422114137,0.20783458277465394,,85.8,0.17153906483014114,0.4397514549076753,0.8191881918819188,False,False,False
6228,18.25,2026-07-29,-0.021447701164178268,-0.07360409679106517,-0.2315789473684211,-0.29807692307692313,,8.7,-0.24467172474969368,0.256871683817907,0.44785276073619634,False,False,False
6229,21.899999618530277,2026-07-29,-0.0855950346181773,-0.1559211887772335,-0.1159648403388156,-0.1071597395299011,,32.8,-0.12905761772008817,0.2101404472347817,0.7194314803635034,False,False,False
6230,112.0,2026-07-29,-0.02183406113537123,-0.09677419354838712,-0.30434782608695654,-0.06276150627615062,,11.9,-0.3174406034682291,0.8876692682700985,0.6136986301369863,False,False,False
6231,201.5,2026-07-29,-0.13146551724137934,-0.266627917812592,-0.3372576089006545,-0.014585885543053068,,11.2,-0.35035038628192705,0.3865558618518633,0.5923795046039207,False,False,False
6233,19.049999237060547,2026-07-29,-0.15521064826679942,-0.23005711617105884,-0.29502540367028884,-0.17851284601031991,,8.3,-0.3081181810515614,0.8848895116871615,0.6447797473401353,False,False,False
6234,31.950000762939453,2026-07-29,-0.13648646586650126,-0.3425925562538352,-0.335067611441361,0.09605492902405577,,16.6,-0.34816038882263356,0.32677633049809196,0.5153225929506363,False,False,False
6235,35.099998474121094,2026-07-29,-0.12140180716385807,-0.12468828404636445,-0.1995439066015925,-0.4243307004640263,,6.9,-0.21263668398286506,0.6236397411551305,0.46970408081484594,False,False,False
6236,17.049999237060547,2026-07-28,0.0,-0.10263161910207652,-0.10498688084507257,-0.2586956853451936,,23.0,-0.11807965822634514,0.0,0.5412698170495411,True,False,False
6237,31.0,2026-07-29,-0.13888888888888884,-0.3048043947951764,-0.1959834314370139,-0.24021410789297293,,13.6,-0.20907620881828648,0.2102484277602539,0.5539259320757629,False,False,False
6239,233.0,2026-07-29,-0.20748299319727892,-0.3096296296296296,0.13936430317848414,-0.11406844106463876,,72.2,0.12627152579721157,0.6949635473559467,0.6147757255936676,False,False,False
6240,17.299999237060547,2026-07-29,-0.06233070343221425,-0.01983005037021479,-0.0942408957308446,-0.07978723728046977,,37.9,-0.10733367311211717,0.5532581588964078,0.7521738798721976,False,False,False
6241,15.5,2026-07-29,-0.08284021598410107,0.043771016958447984,0.5196078715531569,0.14814814814814814,,93.6,0.5065150941718843,0.7650272619507049,0.824468118564854,False,False,False
6243,51.20000076293945,2026-07-29,0.021956134178059195,0.28320799009823183,0.5375375956753017,0.4163208465229695,,95.4,0.5244448182940291,4.527672263169939,0.9808429121573888,False,False,False
6244,21.149999618530277,2026-07-29,-0.19886363923713857,-0.23230441442454963,-0.19754079818004777,-0.07138998344467218,,23.2,-0.21063357556132034,0.47290965708655874,0.5858173105624078,False,False,False
6245,77.4000015258789,2026-07-29,-0.04914004821889728,-0.058394107062870515,-0.019011406476437176,0.12663762684285418,,67.0,-0.032104183857709745,0.9897915676302185,0.8468271360363593,False,False,False
6246,11.949999809265137,2026-07-29,-0.12773722805576226,-0.25776400458853577,-0.20066889888124118,-0.11152416515030084,,19.9,-0.21376167626251374,0.4385626619754491,0.5886699634672254,False,False,False
6248,17.299999237060547,2026-07-29,-0.022598955290241363,-0.0494506312170917,-0.11734699487983946,-0.19347325772822954,,26.2,-0.13043977226111203,0.8193365649034429,0.7538125778626227,False,False,False
6257,181.5,2026-07-29,-0.18791946308724827,-0.2220673958895375,0.03870433711252774,0.3408728694163383,,81.7,0.025611559731255173,0.5379270144105953,0.6753480703260466,False,False,False
6259,27.700000762939453,2026-07-29,-0.23063917840353199,-0.21774485369725294,0.2614744858259801,0.573299796246816,,92.9,0.24838170844470753,0.743571994512101,0.6573881316339026,False,False,False
6261,73.0999984741211,2026-07-29,-0.1519721454513141,-0.21818183450137862,-0.23052633185135696,0.026685415833094472,,25.5,-0.24361910923262953,0.23718664415009683,0.5475655316413565,False,False,False
6263,140.5,2026-07-29,-0.09935897435897434,-0.1380368098159509,0.0638343988459329,0.1424836335310553,,77.2,0.050741621464660325,0.2931013086179674,0.7788284173416428,False,False,False
6264,6.0,2026-07-29,-0.004975158999091178,-0.02439025903112113,-0.0033222559783855354,-0.14163087318095824,,46.5,-0.016415033359658104,0.17983305039974812,0.747198032319228,False,False,False
6265,41.04999923706055,2026-07-29,-0.14479168256123864,-0.23127344449294174,-0.05523593748532174,-0.1430063062757423,,38.9,-0.06832871486659431,0.2240616937581535,0.6424099883696509,False,False,False
6266,23.799999237060547,2026-07-29,-0.049900201120592125,-0.03643730761455255,-0.08604841139157571,-0.14297808264188538,,34.7,-0.09914118877284828,0.6964068439424977,0.8106226578901347,False,False,False
6269,49.0,2026-07-29,-0.15517241379310343,-0.3098591549295775,-0.23076923998236254,-0.1694915254237288,,13.8,-0.2438620173636351,0.47353234702167785,0.56,False,False,False
6270,27.049999237060547,2026-07-29,-0.1560062439632861,-0.2874109514291484,0.02988289158670332,0.09058330406678983,,71.4,0.01679011420543075,0.1964236742910195,0.6492478114079814,False,False,False
6271,149.0,2026-07-29,-0.2660098522167488,-0.44194756554307113,-0.127826197321956,0.16965946145205701,,51.5,-0.14091897470322856,0.4334594214724013,0.5182608695652174,False,False,False
6272,24.899999618530277,2026-07-29,-0.07606683066325748,-0.191558433918109,-0.17079691783841155,-0.3814960751909293,,9.9,-0.18388969521968412,0.7085414589255824,0.43013222143878543,False,False,False
6274,1020.0,2026-07-29,-0.24723247232472323,-0.3928571428571429,0.04615384615384621,1.0897530612867583,,93.5,0.03306106877257364,1.1853826560434784,0.5368421052631579,False,False,False
6275,40.09999847412109,2026-07-29,-0.0886363983154298,-0.1546754036390704,-0.19596995771642067,-0.24104213432302313,,13.6,-0.20906273509769324,0.33227091700804806,0.6903021307286533,False,False,False
6276,19.0,2026-07-29,-0.08212563769480985,-0.17391304347826086,-0.40251570893571265,-0.5045632136642362,,0.7,-0.4156084863169852,0.6988440000875982,0.3109656378804568,False,False,False
6277,76.30000305175781,2026-07-29,-0.02678569430165012,0.12333118532021548,0.126545258009636,0.2951565315224165,,85.1,0.11345248062836344,1.0244489875016283,0.962168980018299,False,False,False
6278,136.5,2026-07-29,-0.1826347305389222,-0.3408132397615521,-0.13060814524229158,0.45198329523478864,,73.8,-0.14370092262356415,0.2683457949184781,0.5696015791023631,False,False,False
6281,52.0,2026-07-29,0.01364523924658756,0.015624984866008385,0.03174600050953447,-0.12280699948056295,,54.2,0.018653223128261898,0.6327920327706967,0.7703081178674458,False,False,False
6282,40.70000076293945,2026-07-29,-0.1642710446544382,-0.30068728128168054,-0.15208331743876136,-0.25594149551612677,,17.4,-0.16517609482003393,0.24943825995585187,0.5748587430594604,False,False,False
6283,20.0,2026-07-29,-0.04988120071814173,-0.1434689647426407,-0.08256877523190476,-0.16666666666666663,,33.3,-0.09566155261317733,0.534169836491562,0.6329113847646667,False,False,False
6284,69.19999694824219,2026-07-29,-0.17026384074142342,-0.2981812503791448,-0.09573357316350617,-0.23333928392113978,,26.4,-0.10882635054477874,0.28543381341620244,0.5688127660847396,False,False,False
6285,216.0,2026-07-29,-0.1462450592885376,-0.15359918568208697,0.031178491181922174,1.0337131065804077,,92.8,0.018085713800649605,0.38469383544498187,0.6885298623667533,False,False,False
6290,202.5,2026-07-29,-0.16942725450753804,-0.32692643207875893,-0.27524188749577305,0.2286579079882336,,34.5,-0.2883346648770456,0.48991794001615613,0.5657852675946069,False,False,False
6291,315.0,2026-07-29,-0.16666666666666663,-0.4521739130434783,-0.2674418604651163,0.8267334657173786,,78.0,-0.2805346378463889,0.49249114254696696,0.4639175257731959,False,False,False
6292,47.29999923706055,2026-07-29,-0.08333332101195923,-0.24077046843809458,0.06199129057256392,0.15681201051815985,,77.4,0.04889851319129135,0.19041479605092043,0.6950801459872182,False,False,False
6405,33.849998474121094,2026-07-29,-0.1930870593922437,-0.44779773416936397,-0.2688985090300806,0.07802544220876317,,23.6,-0.2819912864113532,0.6059004514531995,0.41790121572989003,False,False,False
6407,20.899999618530277,2026-07-29,-0.10300427884619301,-0.24092009668456604,-0.4967897301490468,0.21042470615968334,,7.6,-0.5098825075303194,0.38926664065098654,0.37825771022891636,False,False,False
6409,923.0,2026-07-29,-0.039771695447294086,-0.11676694305312829,0.24942357711103558,-0.04169217043298601,,82.9,0.236330799729763,0.47528281827980656,0.7428742941495776,False,False,False
6411,70.5999984741211,2026-07-29,-0.11839988384658717,-0.26681444445624114,-0.06273186254644847,-0.1108557053089998,,40.4,-0.07582463992772104,0.3019880388803777,0.6380000584658075,False,False,False
6412,77.5,2026-07-29,-0.05717758056854394,-0.1867786199554532,0.03829508342836663,-0.014950849266072375,,64.1,0.02520230604709406,0.2495357567607711,0.6984894236551846,False,False,False
6414,436.5,2026-07-29,-0.10918367346938773,0.18132611637347762,0.41741058952938737,0.4896797891340021,,94.4,0.4043178121481148,2.6918917976440846,0.8677932405566601,False,False,False
6415,375.5,2026-07-29,-0.22337125129265767,-0.37207357859531776,-0.04452926208651398,0.7455964752082034,,87.3,-0.057622039467786546,0.7237759155068523,0.5579494799405647,False,False,False
6416,92.3000030517578,2026-07-29,-0.10466748735479658,0.1848345205399491,0.171669641534121,0.06635107892945902,,81.5,0.15857686415284844,1.782325390772516,0.8911290717609599,False,False,False
6417,106.5,2026-07-29,-0.10126582278481011,-0.19318181818181823,-0.09745762711864403,-0.0818965517241379,,37.4,-0.1105504044999166,0.66339514009944,0.726962457337884,False,False,False
6418,29.5,2026-07-29,-0.023178832624351275,-0.048387096774193505,-0.12701132037984453,-0.23347337136404656,,21.7,-0.1401040977611171,0.5437731030694715,0.3949234481814034,False,False,False
6419,120.5,2026-07-29,-0.14840989399293292,-0.16027874564459932,-0.1802721088435374,0.5508366117474612,,73.7,-0.19336488622480996,0.25169896569206435,0.6195372750642674,False,False,False
6423,65.5,2026-07-29,-0.08774377136469458,-0.2050971020986112,-0.3878504672897196,-0.20387479273213927,,3.6,-0.4009432446709922,0.37175241206801407,0.5219123505976095,False,False,False
6425,51.29999923706055,2026-07-29,-0.14925373323170088,-0.28958033957120577,-0.3515870654802229,-0.38165614604405773,,2.2,-0.36467984286149546,0.16628649926396627,0.5073435867038125,False,False,False
6426,148.5,2026-07-29,-0.1107784431137725,-0.2265625,-0.29116945107398573,0.6855845921906694,,67.8,-0.3042622284552583,0.6968163527941202,0.5147313691507799,False,False,False
6432,72.30000305175781,2026-07-29,-0.009588999290988887,-0.04993423782597739,0.8303798240951346,1.0167365726374786,,98.1,0.817287046713862,0.380357622387875,0.8319908145252081,False,False,False
6434,10.100000381469728,2026-07-29,-0.2290076269191239,-0.4540540334340687,-0.6499133362938556,1.5124379177588754,,74.9,-0.6630061136751282,0.6297525428024253,0.2767123392183487,False,False,False
6435,220.0,2026-07-29,-0.25730478128797396,-0.37887392811216347,0.18831227648449822,0.9053108886518142,,94.2,0.17521949910322565,0.5156561303294708,0.5375698456914683,False,False,False
6438,130.5,2026-07-29,-0.13861386138613863,-0.17142857142857137,-0.23979591473929351,-0.1628132348065463,,13.3,-0.2528886921205661,0.5397136185165806,0.6512307479334482,False,False,False
6441,19.200000762939453,2026-07-29,-0.10697670870049059,-0.14285709420028925,-0.4018691066786677,-0.1370786173959796,,4.5,-0.4149618840599403,0.33111862382972646,0.5981308933213323,False,False,False
6442,1110.0,2026-07-29,-0.1985559566787004,-0.3173258505686324,-0.44160319973785844,-0.10789991147791844,,3.4,-0.454695977119131,1.093033083024664,0.47239897481476,False,False,False
6443,23.549999237060547,2026-07-29,-0.20439192792026506,-0.33568409787792,-0.3338048018785361,-0.3810775372073347,,2.6,-0.3468975792598087,0.3228045698079056,0.45028679886428513,False,False,False
6449,202.0,2026-07-29,-0.25046382189239336,-0.4144927536231884,0.2553845150107732,0.13333325913768612,,87.1,0.24229173762950063,0.6484409908646471,0.4406047217158083,False,False,False
6451,342.5,2026-07-29,-0.22821964943156114,-0.3967068903643527,-0.13793590807140443,1.3153412109255327,,92.5,-0.151028685452677,0.5899650317314545,0.4733017918012597,False,False,False
6456,53.29999923706055,2026-07-29,-0.2241630042980035,-0.23309353615740225,-0.325316465353664,0.2323699245563131,,26.8,-0.33840924273493656,0.4414588032109088,0.5850713515895564,False,False,False
6462,91.8000030517578,2026-07-29,-0.09108907869546734,-0.21872337828291233,-0.24132228882844797,-0.2120171411866283,,10.8,-0.25441506620972054,0.36228284421808343,0.5865814891486121,False,False,False
6464,79.5,2026-07-29,0.002522029515076518,0.07903726264279332,0.11329249069373715,0.09589725710806074,,78.9,0.10019971331246458,0.4214686029406356,0.9987437377382161,False,False,False
6465,46.20000076293945,2026-07-29,-0.12167296381824799,-0.2499999690365473,0.0061266205350782865,0.2728606816937349,,77.6,-0.0069661568461942824,0.8348712765761958,0.6488764430218147,False,False,False
6470,45.650001525878906,2026-07-29,-0.02975553100708417,-0.06646216561527163,-0.04297692252142049,0.057937425529420716,,56.8,-0.05606969990269306,0.4416836038609152,0.8500931262068775,False,False,False
6473,6.5,2026-07-29,-0.08062237027180053,-0.15803106520050358,-0.33605719863867134,-0.09972296552830484,,8.0,-0.3491499760199439,0.05812902418334284,0.38235294117647056,False,False,False
6474,36.25,2026-07-29,-0.030748702645992276,-0.020270270270270285,-0.025537654393972264,-0.008207913633999642,,54.3,-0.03863043177524483,0.37277231209936845,0.7712765957446809,False,False,False
6477,34.25,2026-07-29,-0.14694897388922956,0.03453531688465228,0.02684924901680308,-0.014165988101167315,,62.1,0.01375647163553051,1.2183264289913718,0.7560936379188062,False,False,False
6485,55.20000076293945,2026-07-29,-0.17365272094120232,-0.3381294993644458,-0.3074027242587377,-0.5241379244574185,,1.8,-0.3204955016400103,0.2175302298238265,0.44337350010393134,False,False,False
6486,75.30000305175781,2026-07-29,-0.018252854656944817,-0.0033673399629953193,-0.04898776011808681,-0.034252231850182224,,47.9,-0.06208053749935938,1.0748476047252746,0.8963079608374132,False,False,False
6488,864.0,2026-07-29,-0.3032258064516129,-0.1369746960586018,0.6181724695536193,0.8107315555665846,,96.9,0.6050796921723467,0.9991725955058424,0.5725019515766336,False,False,False
6494,44.29999923706055,2026-07-29,-0.13137256397920494,-0.3142414816804179,-0.15342011819480816,0.24352393024945695,,53.8,-0.16651289557608073,0.4284150391180186,0.6401734276114857,False,False,False
6498,70.0,2026-07-29,-0.14529916122307673,-0.2505353441498106,-0.18354823495911088,-0.16971006944994327,,18.3,-0.19664101234038345,0.5699217427191822,0.5630702173423153,False,False,False
6504,40.95000076293945,2026-07-29,0.10975607234650608,0.1375000211927626,0.03670888007441664,-0.01562494555344729,,63.9,0.02361610269314407,2.2173899564385304,0.710583687192167,True,True,False
6505,74.80000305175781,2026-07-29,-0.121034025934742,0.35753185341537286,0.41666674493539335,0.5838510355295925,,94.9,0.4035739675541208,2.685889908790509,0.8025751663199875,False,False,False
6506,16.149999618530273,2026-07-29,-0.07183908203473766,-0.07435445324852386,-0.03513224689125116,0.08089617640642244,,59.7,-0.04822502427252373,0.5653159523692528,0.8250318768368278,False,False,False
6508,24.850000381469727,2026-07-29,-0.08133082874829278,0.038412113546163695,-0.01793577538374469,0.06013623649173394,,61.0,-0.03102855276501726,1.7981496337603669,0.864752756198601,False,False,False
6509,42.5,2026-07-29,-0.11366007666785605,-0.13967613993421113,0.016746430041051807,0.2518409144306679,,77.7,0.0036536526597792385,0.4365907509927911,0.7391304347826086,False,False,False
6510,2370.0,2026-07-29,-0.1254612546125461,-0.21489876845105405,-0.34358614833374,-0.005101311377794793,,10.9,-0.3566789257150126,0.5287744432650102,0.5673291327394901,False,False,False
6512,19.700000762939453,2026-07-29,-0.024752474312641604,-0.012531327841571738,0.034120816373282015,-0.07075471443483194,,58.8,0.021028038992009446,0.48863363456088704,0.8621444391272407,False,False,False
6515,5415.0,2026-07-29,-0.16692307692307695,-0.3252885735426767,-0.46440431477837485,0.5431519321264286,,29.4,-0.4774970921596474,0.8043544477731716,0.5053304315279616,False,False,False
6516,55.59999847412109,2026-07-29,-0.03135893735031148,-0.01766784499927543,-0.05327790827454604,-0.12223495875255197,,41.3,-0.0663706856558186,0.4307509043730487,0.8322981004684672,False,False,False
6517,64.9000015258789,2026-07-29,-0.06243667382521778,-0.0906919682274584,0.15042435100103901,-0.1608156093961407,,70.7,0.13733157361976644,0.7885872161286407,0.8085199103863668,False,False,False
6525,120.5,2026-07-29,-0.22258064516129028,-0.20198675496688745,0.37896949153489445,0.6396612124367447,,94.8,0.3658767141536219,0.6261266630629422,0.5452488687782805,False,False,False
6526,507.0,2026-07-29,-0.14213197969543145,-0.2280930058808197,-0.05624510963339879,0.19578656185998655,,66.0,-0.06933788701467136,0.37192317893562393,0.6868229956678172,False,False,False
6530,64.69999694824219,2026-07-29,-0.1124829136625708,-0.26057146344866067,-0.3886624304011106,0.11716519705705264,,12.3,-0.40175520778238316,0.7160496939662968,0.4945652604965879,False,False,False
6531,627.0,2026-07-29,-0.30947136563876654,-0.3717434869739479,-0.2301189254426822,0.3111163042455829,,46.4,-0.24321170282395477,0.5240700212217908,0.5305062713010334,False,False,False
6532,61.29999923706055,2026-07-29,-0.1280228083072925,-0.3181312770121085,-0.33220147073845196,0.09949498059565065,,17.1,-0.34529424811972453,0.20251204919840274,0.5564987589669795,False,False,False
6533,198.0,2026-07-29,-0.15565031982942434,0.0050761421319796,-0.14099783080260309,-0.17154811715481166,,23.9,-0.15409060818387565,1.0748121622265863,0.6082949308755761,False,False,False
6536,17.600000381469727,2026-07-29,-0.04087193375523679,-0.16190474373953678,-0.36116149296316413,0.15032680797792808,,16.7,-0.3742542703444367,0.1334778600589588,0.378494631859564,False,False,False
6538,122.0,2026-07-29,-0.12230215827338131,-0.06870229007633588,0.7087281701711508,0.803657534373275,,97.3,0.6956353927898782,1.2609915207909328,0.782051282051282,False,False,False
6546,53.70000076293945,2026-07-29,-0.11677629215813046,-0.20246505484962607,-0.11483778676953749,-0.1381676749750429,,30.7,-0.12793056415081006,0.45415957974760657,0.6176464806943971,False,False,False
6548,59.59999847412109,2026-07-29,-0.1699164910737151,-0.28963054362117624,0.10913472937842417,0.26252141100210946,,83.4,0.0960419519971516,0.4290435203334031,0.6105328865095594,False,False,False
6552,23.899999618530277,2026-07-29,-0.07899811499569931,-0.20333334604899078,-0.2724505105423837,-0.11152416515030084,,12.4,-0.28554328792365624,0.4743887388538169,0.6476964398434673,False,False,False
6555,14.399999618530272,2026-07-29,-0.24010559162127454,-0.25194807176466116,-0.4285714610093295,-0.47636365023526284,,0.5,-0.4416642383906021,0.7557753526888843,0.43636362480394764,False,False,False
6556,64.5999984741211,2026-07-29,0.006230553658770122,-0.061570124966958684,-0.019651769605196656,-0.02805471842660423,,53.4,-0.032744546986469225,0.6714345886625045,0.8430752585905099,False,False,False
6558,23.149999618530277,2026-07-29,-0.16425996458804215,-0.2125850367719304,-0.20989760336755747,-0.3700680375910129,,7.5,-0.22299038074883004,0.45805573356702944,0.4133928503308978,False,False,False
6559,14.449999809265137,2026-07-29,-0.03666667938232426,-0.1819098463524721,-0.5520579482446921,0.19207425514845822,,5.0,-0.5651507256259647,0.39735297117681906,0.31404107757757693,False,False,False
6560,30.649999618530277,2026-07-29,-0.0809594896289414,-0.21309373509195273,-0.19973889741302753,-0.25425788913765357,,12.6,-0.2128316747943001,0.4644219386551004,0.635892098202969,False,False,False
6561,324.0,2026-07-29,-0.012195121951219523,-0.001280661225314339,-0.048565764350645746,-0.048565764350645746,,46.8,-0.061658541731918315,0.41466803062451973,0.7387638893566494,False,False,False
6565,16.299999237060547,2026-07-29,-0.08683479615038281,-0.21256045235305077,-0.31941550238765004,-0.052325667788232,,11.1,-0.3325082797689226,0.6587052605126377,0.48511904694325797,False,False,False
6568,125.0,2026-07-29,-0.1349480968858131,-0.23076923076923073,-0.48948788755173045,-0.03374337512070835,,3.2,-0.502580664933003,0.3346917446471187,0.46020615572922396,False,False,False
6570,48.45000076293945,2026-07-29,-0.06826921609731817,-0.03677929427796156,0.256165367993455,0.21894561766523735,,88.8,0.24307259061218245,0.5029151056156661,0.7536992506135697,False,False,False
6573,16.549999237060547,2026-07-29,-0.23732725091302231,-0.23732725091302231,0.2980391558478861,0.09966770945618442,,87.9,0.2849463784666135,0.5605081350801394,0.5921287579714546,False,False,False
6577,81.80000305175781,2026-07-29,0.04737521958931579,0.1220850663867199,0.09955551936527907,0.2125653997883321,,81.6,0.0864627419840065,7.904330248860295,0.8665254420502639,False,False,False
6578,16.100000381469727,2026-07-29,0.003115336248348477,-0.0271902644311387,0.022222246442522353,-0.1970074317154894,,46.3,0.009129469061249784,0.4283997023412009,0.630137020047989,False,False,False
6579,158.0,2026-07-29,-0.053892215568862256,0.0031746031746031633,0.3759524239650429,0.43074699540986483,,93.6,0.36285964658377035,2.194105529358036,0.8610354223433242,False,False,False
6581,108.5,2026-07-29,0.014018691588784993,0.014018691588784993,0.009302325581395321,0.0696223829198721,,66.8,-0.003790451799877248,1.260648979713747,0.9601769911504425,False,False,False
6582,32.0,2026-07-29,-0.007751937984496138,-0.030303030303030276,0.02564100056083385,-0.004665677099833565,,63.2,0.01254822317956128,0.7405736553232491,0.8556149383538827,False,False,False
6584,434.0,2026-07-29,-0.21376811594202894,-0.40871934604904636,-0.38613861386138615,0.4183006535947713,,31.2,-0.3992313912426587,0.3349132993401863,0.5391304347826087,False,False,False
6585,110.0,2026-07-29,-0.13385826771653542,-0.15384615384615385,0.33490013839782207,0.18333330871119702,,90.2,0.3218073610165495,0.6581393209988589,0.7548172612765917,False,False,False
6588,89.9000015258789,2026-07-29,0.22146743735992258,0.019274428984780156,-0.34379560930015396,0.7997998028576703,,68.7,-0.35688838668142653,4.438754170836969,0.5636363732030025,False,False,False
6590,65.4000015258789,2026-07-29,-0.012084523553509419,-0.0015266942613907375,-0.06970129890707577,-0.08045616603583816,,42.0,-0.08279407628834834,0.7707327131147648,0.8757560860289666,False,False,False
6591,42.29999923706055,2026-07-29,-0.06000001695421009,-0.14829143914953047,-0.21028757115817776,-0.3697592048184499,,7.4,-0.22338034853945032,0.5407417504709823,0.46139529592536116,False,False,False
6592,60.09999847412109,2026-07-29,-0.006611595469072973,0.023850045877095383,0.047397311564463696,0.0457134676067088,,70.8,0.03430453418319113,0.5274839015418812,0.9058965181166607,False,False,False
6593,32.5,2026-07-29,-0.026946152238393473,-0.026946152238393473,-0.09722222222222221,-0.14248024560610306,,32.9,-0.11031499960349478,0.9164659869458145,0.5551278637154213,False,False,False
6597,59.5,2026-07-29,0.00676821550264628,-0.11194029850746268,0.010511476276487741,0.17597544843881874,,74.1,-0.0025813011047848278,0.13456838835691753,0.7130914655884749,False,False,False
6599,38.0,2026-07-29,-0.02564102564102566,-0.11627906976744184,-0.27641276963079553,-0.38773386831093604,,4.6,-0.2895055470120681,1.0402519063697409,0.612266131689064,False,False,False
6603,26.200000762939453,2026-07-29,0.08041240259544136,0.1441048558681579,0.03149610852062934,-0.1534733403201659,,51.2,0.01840333113935677,1.1254209869801588,0.7627365917549673,False,False,False
6606,25.75,2026-07-29,0.00194549554771406,0.0341365620277827,0.09921108387503774,0.04158255182330728,,76.1,0.08611830649376517,0.44387246348531467,0.9828243988612401,False,False,False
6609,35.400001525878906,2026-07-29,-0.09693875416076903,-0.11055270843031817,-0.08645157352570565,-0.15714282081240705,,33.5,-0.09954435090697822,0.3025091398003793,0.6730038508137127,False,False,False
6613,263.5,2026-07-29,-0.19908814589665658,-0.2770919067215364,0.18490437972576967,0.30253415367060543,,87.6,0.1718116023444971,0.7091689538526841,0.689675091729108,False,False,False
6614,37.59999847412109,2026-07-29,-0.019556715250095946,-0.014363142357755487,-0.09193644466989048,-0.19366196923851708,,30.1,-0.10502922205116305,0.9078498011441957,0.5223481776398878,False,False,False
6616,8.84000015258789,2026-07-29,-0.024282589055124593,-0.031763412729243545,-0.10707065725117126,-0.12906399164299376,,32.3,-0.12016343463244383,0.3557088184896708,0.8147465291969358,False,False,False
6618,18.700000762939453,2026-07-29,-0.07881766178592109,-0.10739856410794268,-0.16517852315184955,-0.12412175977431283,,23.8,-0.17827130053312212,0.40209391297497576,0.5917721688986166,False,False,False
6624,38.45000076293945,2026-07-29,-0.045905670202092796,-0.050617265112606113,-0.2153061068787867,-0.3778316951842039,,7.3,-0.22839888426005928,0.05581602208920928,0.5303448381095097,False,False,False
6625,73.9000015258789,2026-07-29,-0.01597865476196647,-0.06218275807248974,0.0027137664303729103,-0.11744654299962742,,49.2,-0.010379010950899659,0.5868534262776326,0.8374868221610592,False,False,False
6629,103.5,2026-07-29,-0.028169014084507005,-0.04608294930875578,-0.0856155000247032,-0.10466518213653542,,37.5,-0.09870827740597576,0.28872178710300644,0.704509217699104,False,False,False
6638,49.25,2026-07-29,-0.0060544751095811256,-0.022817489902027366,0.11804769246317126,0.8073394495412844,,92.5,0.10495491508189869,0.6622138298600726,0.7361733763331625,False,False,False
6639,4.940000057220459,2026-07-29,-0.11785711761639994,-0.15555553200804118,-0.4321838890203693,-0.45594712569070506,,0.6,-0.4452766664016419,1.0190100373739746,0.45740740462749263,False,False,False
6640,790.0,2026-07-29,-0.18134715025906734,-0.2292682926829268,-0.4589373596225417,0.1029926888182251,,7.0,-0.47203013700381424,0.4782893166765001,0.45498450255438766,False,False,False
6641,17.0,2026-07-29,-0.05292483134044634,-0.03535357307019493,-0.058881566998953194,-0.2912801714369774,,27.6,-0.07197434438022576,0.4554637099190348,0.6383689650939244,False,False,False
6642,70.0,2026-07-29,-0.06790943512307146,-0.11167516130650079,0.21107268034559046,0.32769812950217037,,89.0,0.1979799029643179,0.2550308862263537,0.7616974846326646,False,False,False
6643,378.0,2026-07-29,-0.10598379247438139,-0.20364946674884155,-0.30062203924935205,-0.0605629278833264,,12.2,-0.3137148166306246,0.9386231756517457,0.5438491668326363,False,False,False
6648,14.199999809265137,2026-07-29,-0.056478429946665853,-0.15476187773031858,-0.27551022791356017,-0.4156378495844413,,3.7,-0.28860300529483274,0.6224690850940787,0.47333332697550456,False,False,False
6651,112.0,2026-07-29,-0.09677419354838712,-0.2703583061889251,0.004484304932735439,0.4269836176579316,,82.3,-0.00860847244853713,0.27584603328312657,0.6627218934911243,False,False,False
6654,153.0,2026-07-29,-0.14525139664804465,-0.17297297297297298,0.715246695454232,0.5692307692307692,,96.8,0.7021539180729595,0.4647077886457816,0.6725274725274726,False,False,False
6655,120.0,2026-07-29,0.016949152542372836,0.015228452607710219,-0.09512242044443053,0.04060916560209482,,46.4,-0.1082151978257031,0.9817326112862594,0.8887764778556857,False,False,False
6658,138.0,2026-07-29,-0.15076923076923077,-0.41025641025641024,-0.05196923061118741,1.4280858902178588,,94.4,-0.06506200799245998,0.3667642718894672,0.5369649805447471,False,False,False
6664,313.5,2026-07-29,-0.13123604654339072,-0.17567405995592056,-0.29626322610416156,0.09258113951564795,,21.2,-0.30935600348543413,0.4575726386051769,0.6714821690756162,False,False,False
6667,220.0,2026-07-29,-0.09836065573770492,-0.17910447761194026,-0.12356692854034002,-0.14800275325814816,,28.7,-0.13665970592161258,0.36721456279654785,0.7614194271926789,False,False,False
6668,37.150001525878906,2026-07-29,0.08944290874594896,-0.046213073217015954,0.09587020217444486,-0.04865551212043151,,71.0,0.0827774247931723,0.9677713418697568,0.760491354888365,False,False,False
6669,5135.0,2026-07-29,-0.0663636363636364,0.10787486515641853,0.09055066873028084,0.3813642424651209,,85.5,0.07745789134900827,1.2508106977114088,0.8938207136640557,False,False,False
6670,267.0,2026-07-29,0.017142857142857126,0.045009784735812186,0.1176435946938521,0.000933886274548934,,76.0,0.10455081731257954,0.5513038368867952,0.9409778664579299,False,False,False
6671,23.149999618530277,2026-07-29,0.015350894437786478,0.0007565081135598728,-0.1930986689578782,-0.336913694799293,,9.9,-0.20619144633915076,0.6376175702556461,0.6031787122007792,False,False,False
6672,185.5,2026-07-29,-0.21063829787234045,-0.3816666666666667,-0.10817307692307687,0.920813568984231,,88.1,-0.12126585430434944,0.524449305546334,0.5888888888888889,False,False,False
6673,11.050000190734863,2026-07-29,-0.2379310213286301,-0.40591398042424565,-0.5195652090984841,0.293911035139772,,9.0,-0.5326579864797567,0.5053394178460036,0.27183271281552424,False,False,False
6674,15.850000381469728,2026-07-29,-0.021604960801632545,-0.08381496644720021,-0.161375624265633,-0.23614455992916972,,17.5,-0.17446840164690558,0.7532607403366692,0.5239669547593299,False,False,False
6679,195.5,2026-07-29,-0.16631130063965882,-0.25806451612903225,-0.2970850533203755,0.1387221623929551,,23.7,-0.31017783070164806,0.9548949705886594,0.5767768013088199,False,False,False
6680,55.09999847412109,2026-07-29,-0.016071455819266278,0.14078673591039959,0.04158784281255512,-0.163884716262361,,52.1,0.02849506543128255,0.6927440501482066,0.7445945739746093,False,False,False
6682,34.45000076293945,2026-07-29,-0.18073718459007426,-0.3792792655326225,-0.2904222182429591,0.3275529768823473,,39.0,-0.3035149956242317,0.22866024070434865,0.48589562794811797,False,False,False
6683,936.0,2026-07-29,-0.23278688524590163,-0.4546334039344543,-0.5138204640449817,1.294530236538804,,77.0,-0.5269132414262543,0.12651094325371987,0.3667670195759922,False,False,False
6684,45.0,2026-07-29,-0.09909911285951611,-0.2333901292142575,-0.06054282742166772,-0.08722108120902539,,42.6,-0.07363560480294029,0.23576948035705705,0.658857950063325,False,False,False
6689,55.400001525878906,2026-07-29,-0.07515389023679886,-0.09700069446763171,-0.17018150235841645,-0.05378780272591199,,28.8,-0.18327427973968902,0.5562990586004732,0.6706486277607243,False,False,False
6690,156.0,2026-07-29,-0.05740181268882172,-0.03703703703703709,-0.008825603275496863,-0.0292922815393587,,55.0,-0.02191838065676943,0.3825282765675718,0.877519766823666,False,False,False
6691,629.0,2026-07-29,-0.1336088154269972,-0.17345597897503284,-0.011006289308176154,0.06070826306914001,,62.0,-0.024099066689448723,0.7881444149253013,0.7892095357590966,False,False,False
6692,22.350000381469727,2026-07-29,-0.06680585931110228,-0.1450750112630893,-0.2982157435072824,-0.31003760282602355,,5.2,-0.311308520888555,0.313742216156274,0.6408896687454577,False,False,False
6693,142.0,2026-07-29,-0.2661498708010336,-0.3929936156168222,0.0059575187501370586,0.608395356311195,,86.8,-0.00713525863113551,0.5134108609127875,0.5148028659559308,False,False,False
6695,46.75,2026-07-29,-0.16368517488578083,-0.21560400676353508,0.027472527472527375,0.0697940316661767,,69.4,0.014379750091254806,0.3751571746583692,0.6785195785872465,False,False,False
6697,38.79999923706055,2026-07-29,-0.04901960875977929,-0.06280198533792591,-0.07508942714160238,-0.1439409369663932,,36.3,-0.08818220452287495,0.5215383241401894,0.713629840811762,False,False,False
6698,30.399999618530277,2026-07-29,-0.13513518353196885,-0.28901185108497984,0.006071453595056786,-0.0891778358666212,,52.3,-0.007021323786215783,0.2359007887051703,0.644728493152835,False,False,False
6705,92.5,2026-07-29,0.017601743094201927,0.031829529441221194,-0.030417800923186022,0.6154196728045542,,85.2,-0.04351057830445859,0.325879514566638,0.6472705871399218,False,False,False
6706,94.0999984741211,2026-07-29,-0.192274691209261,-0.3705685720794576,-0.35986395595835996,-0.22231406219734628,,4.4,-0.37295673333963253,0.3834257604645374,0.434642025284624,False,False,False
6708,37.70000076293945,2026-07-29,-0.002645462331730686,-0.0610211872933627,-0.09156624667615776,-0.11294115851907172,,36.1,-0.10465902405743033,0.33481838592224483,0.7789256110411837,False,False,False
6715,320.5,2026-07-29,-0.16417783110384165,-0.26085551668918483,-0.13235201174340738,2.1101198928560323,,96.3,-0.14544478912467995,1.09137796641407,0.5657248283645002,False,False,False
6716,71.0,2026-07-29,-0.1820276785282653,-0.23491381826355306,-0.13543138119631404,0.530892280997111,,76.9,-0.1485241585775866,0.30133120639184113,0.613659786387507,False,False,False
6719,199.0,2026-07-29,-0.19269776876267752,-0.2470814272221542,0.18535290697521178,0.12313819890392597,,83.8,0.17226012959393922,0.5121823885492321,0.6505216228443621,False,False,False
6720,137.0,2026-07-29,0.007352941176470562,-0.021428571428571463,-0.16463414634146345,0.136820343166985,,43.3,-0.17772692372273602,0.9694214110814372,0.7811670707896637,False,False,False
6721,52.0,2026-07-29,-0.013282746732552586,-0.06306306306306309,-0.048499319852489564,-0.11142110561044694,,42.5,-0.06159209723376213,0.6871180981737861,0.875864709544399,False,False,False
6723,33.650001525878906,2026-07-29,-0.04042735249139928,-0.053003649649141615,-0.1325831709760309,-0.26718234155499987,,18.6,-0.14567594835730346,1.1239898984562389,0.6568711261180624,False,False,False
6725,245.5,2026-07-29,-0.22063492063492063,-0.2965616045845272,-0.27900146842878115,-0.09742647058823528,,12.5,-0.2920942458100537,0.4175962967008702,0.6002444987775061,False,False,False
6727,309.0,2026-07-29,-0.15458276333789334,-0.2710225751412175,-0.20212816003657563,0.8003851371895654,,81.0,-0.2152209374178482,0.09947214369548008,0.4732830707398264,False,False,False
6728,108.0,2026-07-29,-0.018181818181818188,0.0046511627906977715,-0.08085106382978724,-0.25,,27.4,-0.09394384121105981,0.5147258915508998,0.6525679758308157,False,False,False
6729,41.04999923706055,2026-07-29,-0.17900001525878906,-0.22547171250829157,-0.29224139246447334,0.052564083001552575,,18.6,-0.3053341698457459,0.7497135446177867,0.5585033909804156,False,False,False
6732,150.0,2026-07-29,-0.216710182767624,-0.09909909909909909,0.020778168904395544,-0.1137656790829985,,52.9,0.007685391523122975,1.0725611363394236,0.6029157364171924,False,False,False
6735,59.29999923706055,2026-07-29,-0.13933239588119006,-0.3111725789494627,-0.5460000759336924,0.029690456421365807,,2.4,-0.5590928533149649,0.23534706756600535,0.4132964453048189,False,False,False
6737,29.0,2026-07-29,-0.033333333333333326,-0.033333333333333326,-0.22563419468075363,-0.31771595401106334,,8.3,-0.2387269720620262,0.6531356992024929,0.5096574225406699,False,False,False
6738,73.4000015258789,2026-07-29,0.12923079270582938,0.12923079270582938,-0.006765899724980429,-0.05167958554448593,,53.6,-0.019858677106252998,5.386608530559098,0.8843373677816736,True,True,False
6739,847.0,2026-07-29,-0.2760683760683761,-0.18557692307692308,-0.4247451422363413,0.19543892679981978,,12.6,-0.43783791961761387,0.863886814042299,0.501245451866668,False,False,False
6741,54.29999923706055,2026-07-29,-0.05729165493890054,-0.10543659712417075,-0.14416581650935745,-0.2234755195779986,,20.1,-0.15725859389063002,0.897703987881711,0.6343810220747758,False,False,False
6742,42.29999923706055,2026-07-29,-0.05685617221440742,-0.3761062340252527,0.0695322390151425,-0.10191081512874955,,61.9,0.056439461633869925,0.23131178162150712,0.5966149270338281,False,False,False
6743,29.850000381469727,2026-07-29,-0.006655536128738482,-0.014851447753187363,-0.027687308154592416,0.0994475433103379,,62.7,-0.040780085535864985,0.5364968702106959,0.8540772454895709,False,False,False
6750,49.900001525878906,2026-07-29,-0.11524822383236111,-0.20346471602491145,-0.24019266053553778,-0.003201706438816343,,22.1,-0.25328543791681035,0.26611334722077107,0.7096989215342664,False,False,False
6751,39.95000076293945,2026-07-29,-0.023227401650299573,-0.11024500210955301,-0.18058923477815647,-0.28645265760052907,,12.8,-0.19368201215942904,0.43003390419465,0.6110261997905417,False,False,False
6752,93.1999969482422,2026-07-29,-0.06800003051757797,-0.05858588941169496,-0.10384618318997885,-0.2123663266328527,,26.7,-0.11693896057125142,0.4358785649857585,0.637765386438239,False,False,False
6753,129.5,2026-07-29,-0.10380622837370246,-0.05128205128205132,-0.061594202898550776,-0.05128205128205132,,44.9,-0.07468698027982335,1.0469722207181091,0.6363636363636364,False,False,False
6754,42.95000076293945,2026-07-29,0.018979815138781664,0.04409586283731137,-0.002955600200877373,-0.02492624431167967,,56.4,-0.016048377582149942,0.5833196460834232,0.8540857899524646,False,False,False
6755,13.550000190734863,2026-07-29,-0.018115941778598432,-0.15047019731850697,-0.35476189567929217,-0.2773333231608073,,3.4,-0.36785467306056474,0.3370411726330046,0.4680483534936894,False,False,False
6756,86.30000305175781,2026-07-29,-0.09916492377215713,-0.11848823588684776,0.04227052984300217,0.047407601105751374,,69.9,0.0291777524617296,0.3743361931515758,0.7671111382378473,False,False,False
6757,55.20000076293945,2026-07-29,0.014357615875470353,-0.07356420640619699,0.1636481701732082,-0.14111680375425584,,73.6,0.15055539279193564,0.6844041627032625,0.7052739867304462,False,False,False
6761,134.0,2026-07-29,-0.13826366559485526,-0.27762803234501343,-0.35421686746987957,0.0564384882618032,,12.7,-0.36730964485115214,0.30865869730516676,0.5826086956521739,False,False,False
6763,40.45000076293945,2026-07-29,-0.0571095728624047,-0.10767023773328221,-0.09912659570617854,-0.24793871066372408,,24.4,-0.11221937308745111,0.31253230839368895,0.6339816268507629,False,False,False
6768,69.5,2026-07-29,-0.00429803780288307,-0.06961174244552026,-0.04357423275988059,-0.3154471192807039,,28.0,-0.05666701014115316,0.6053314527975364,0.5986373457274877,False,False,False
6770,50.400001525878906,2026-07-29,-0.2577319529710199,-0.3676285639181509,-0.05794389671254385,-0.10638297584525636,,41.8,-0.07103667409381642,0.5725555828112565,0.5682074775638164,False,False,False
6771,38.04999923706055,2026-07-29,-0.00782266620591865,-0.039141396383474025,-0.07224791772486805,-0.08461791256727191,,41.2,-0.08534069510614062,0.9981499496718832,0.7448859832006373,False,False,False
6775,25.950000762939453,2026-07-29,-0.1218273626757359,-0.35205989370091073,-0.28413790998787714,-0.00954198445496346,,16.2,-0.2972306873691497,0.1620315292986836,0.35892115722820206,False,False,False
6776,51.70000076293945,2026-07-29,-0.06170594928017137,-0.040816339529845314,-0.051647093646109754,-0.06626211348093713,,45.2,-0.06473987102738232,0.6816425270384626,0.7419087609845137,False,False,False
6781,870.0,2026-07-29,-0.13432835820895528,-0.2504226406220058,-0.21725547168522408,-0.25672161528389537,,11.0,-0.23034824906649665,0.40712170455439617,0.5896675144416847,False,False,False
6784,22.0,2026-07-29,0.0,0.018518500530834592,-0.3103448193391044,0.268011499498098,,31.5,-0.323437596720377,2.9560310113399675,0.5378972904458159,False,False,False
6786,47.0,2026-07-29,-0.21666666666666667,-0.3935483870967742,-0.6083333333333334,-0.4012738853503185,,0.1,-0.621426110714606,0.5740907636077268,0.34057971014492755,False,False,False
6787,31.600000381469727,2026-07-29,-0.1606905949326638,-0.17493469945314366,-0.19490444887975222,0.3769062889313113,,58.0,-0.2079972262610248,2.2165441323070163,0.6364551744273153,False,False,False
6788,306.0,2026-07-29,-0.1368124118476728,-0.28919860627177696,-0.27666708194373624,-0.09376722570709284,,13.0,-0.2897598593250088,0.444500464899668,0.6064655575982749,False,False,False
6789,400.5,2026-07-29,-0.18597560975609762,-0.2192982456140351,-0.2743243687102017,0.48069840994757596,,53.3,-0.2874171460914743,0.4681507147170079,0.6591652846560202,False,False,False
6791,97.0,2026-07-29,-0.0717703349282297,-0.07619047619047614,-0.19834710743801653,-0.0883010970804946,,22.0,-0.2114398848192891,0.44529337314366413,0.6524903876354097,False,False,False
6792,49.75,2026-07-29,-0.08379372561676035,-0.21031746031746035,-0.11886566537355536,-0.08123722112256371,,34.5,-0.13195844275482793,0.5475872922755987,0.709264686431888,False,False,False
6793,5.46999979019165,2026-07-29,-0.0728814064788591,0.0519230751596258,-0.24133151716355827,0.04190472194126671,,24.9,-0.25442429454483084,0.8693989917072864,0.6670731606616779,False,False,False
6799,72.19999694824219,2026-07-29,-0.1485849722885646,-0.2692308226911776,-0.19329612348332748,-0.16628177574601344,,17.7,-0.20638890086460004,0.4959479386502529,0.6475336049169703,False,False,False
6803,270.0,2026-07-29,0.0,-0.01216085792800492,-0.01216085792800492,-0.07007973213668206,,50.8,-0.02525363530927749,0.625543794202651,0.9224087410805912,False,False,False
6804,19.100000381469727,2026-07-29,0.12023467660650788,0.223877731279307,0.2631045395838161,0.13243861429940096,,87.4,0.2500117622025435,3.8303201274288443,0.838486439143821,True,True,False
6805,1265.0,2026-07-29,-0.09318996415770608,-0.24702380952380953,-0.38888888888888884,-0.04166666666666663,,6.9,-0.4019816662701614,0.7633551967462106,0.5711060948081265,False,False,False
6806,3.509999990463257,2026-06-22,,,,,,,,,,False,False,False
6807,35.0,2026-07-29,0.02339179003549785,0.04633779377302294,-0.043715807126396555,-0.19545676635885756,,36.9,-0.056808584507669124,0.39263392093102856,0.7326242838778565,True,False,False
6811,214.5,2026-07-29,-0.12269938650306744,0.03125,0.16279068997982193,0.06382984197923669,,80.8,0.14969791259854937,1.0103400475485782,0.8555132989601818,False,False,False
6812,50.900001525878906,2026-07-29,-0.15166664123535156,-0.27181687532532706,-0.3926014358920573,0.01596812527192104,,8.2,-0.4056942132733299,0.49513708026143566,0.4894230915949895,False,False,False
6818,43.75,2026-07-29,-0.0875912553933812,-0.2584745762711864,-0.34483804609920776,0.00954511668816238,,11.5,-0.35793082348048033,0.3518557193576719,0.44198990415638845,False,False,False
6819,36.59999847412109,2026-07-29,-0.03684214541786612,-0.010810852050781472,0.30714280264718163,0.5541401129441994,,93.4,0.29405002526590907,0.22745379452642658,0.5198863306937145,False,False,False
6820,216.0,2026-07-29,-0.1724137931034483,-0.1724137931034483,-0.31468135906704564,2.093247955192209,,95.2,-0.3277741364483182,0.4771133596027044,0.5129728078073986,False,False,False
6821,38.79999923706055,2026-07-29,-0.11516532298264259,-0.39844962423161945,-0.2693031948772996,0.07828918270341889,,23.4,-0.28239597225857216,0.17917806902336722,0.5388888782925076,False,False,False
6823,62.900001525878906,2026-07-29,0.017799390006443705,-0.0625931005030057,-0.31630433124044666,-0.192554553352825,,6.8,-0.3293971086217192,0.6473633917828691,0.5962085452689944,False,False,False
6825,39.79999923706055,2026-07-29,-0.01728396945529509,-0.1116071447578012,0.0473684009752775,0.0473684009752775,,71.0,0.034275623594004934,0.3575096775624743,0.8486140286178743,False,False,False
6826,439.0,2026-07-29,-0.1442495126705653,-0.18401486988847582,-0.17715925772712793,-0.21994126819019721,,16.5,-0.1902520351084005,0.7000926509373961,0.7088092554087956,False,False,False
6829,169.0,2026-07-29,-0.2028301886792453,-0.22748148808445168,-0.28381097227799457,0.5211094132961163,,55.1,-0.29690374965926714,0.6374004660654109,0.6182926599161042,False,False,False
6830,337.0,2026-07-29,-0.09041835357624828,-0.32124874118831825,-0.5640362225097024,0.7905031060306651,,32.8,-0.577128999890975,1.3580598344119035,0.34564102564102567,False,False,False
6831,511.0,2026-07-29,-0.19527559055118116,-0.4146620847651775,0.10845986984815625,1.0550680667854704,,94.1,0.09536709246688369,0.282087517615894,0.5345188284518828,False,False,False
6832,64.0,2026-07-29,-0.17419354838709677,-0.10238433014453907,-0.2098765432098766,0.06666666666666665,,31.4,-0.22296932059114916,0.3015198795844194,0.45878136200716846,False,False,False
6833,22.700000762939453,2026-07-29,-0.004385898134529276,-0.01304344508958899,-0.14339619762492628,0.027149338059415218,,38.5,-0.15648897500619885,0.46452092187735267,0.7229299693858391,False,False,False
6834,74.0999984741211,2026-07-29,-0.2626865823470538,-0.3773109371922597,0.9509386613749424,1.0672916722761507,,98.4,0.9378458839936699,0.5870308928698379,0.5613636248039476,False,False,False
6835,30.600000381469727,2026-07-29,-0.03622046042615035,-0.11560688638882877,-0.20848545804367513,-0.21145732430079023,,13.9,-0.2215782354249477,0.2601659326313881,0.7087126992049076,False,False,False
6839,11.649999618530272,2026-07-29,-0.04897962297712066,-0.08267718161451065,-0.10727973576571692,-0.1338290123613921,,31.9,-0.12037251314698949,0.7816805036036859,0.6418732707099444,False,False,False
6840,57.79999923706055,2026-07-29,-0.04777597181925419,-0.060762328641873364,-0.1613949362873871,-0.1529242765689457,,22.4,-0.17448771366865967,0.5693800021441923,0.7247204392960801,False,False,False
6854,87.30000305175781,2026-07-29,-0.1356435341410117,-0.29596771732453375,-0.436774173859627,-0.2902438776279853,,1.5,-0.4498669512408996,0.8160784680835899,0.4582677325551591,False,False,False
6855,111.0,2026-07-29,-0.038961038961038974,-0.0901639344262295,0.05213270142180093,-0.034782608695652195,,64.6,0.03903992404052836,0.2795370683808356,0.8166912495601911,False,False,False
6858,23.350000381469727,2026-07-29,-0.04303275629001002,0.024122858018134297,-0.10364679211773697,0.024122858018134297,,44.0,-0.11673956949900954,2.435895794661717,0.7075757691354463,False,False,False
6859,99.0,2026-07-29,-0.024630541871921152,-0.20799999999999996,-0.1580773911037764,-0.08118945139989053,,28.3,-0.17117016848504896,0.38742902532592294,0.723811189778566,False,False,False
6862,120.5,2026-07-29,-0.20983606557377055,-0.38624786185888893,-0.2809822236057543,-0.27252320263093655,,6.6,-0.2940750009870269,0.2344551143111224,0.5424169147021303,False,False,False
6863,123.5,2026-07-29,0.1868746732635953,0.3640008554396337,0.25718157387834584,0.047826587636981444,,85.5,0.24408879649707327,3.4108462680941645,0.7925017548982198,False,False,False
6869,65.9000015258789,2026-07-29,-0.04075684929757373,-0.09103446171201512,-0.20121210271661927,-0.36937797582890997,,8.0,-0.21430488009789184,0.7273410019417206,0.48129224086908523,False,False,False
6870,223.0,2026-07-29,-0.17863720073664824,-0.059685850938761775,0.38420541722473156,0.21160284606119784,,91.5,0.371112639843459,0.4579879493220715,0.7508265523859587,False,False,False
6873,78.0999984741211,2026-07-29,-0.10844749047349012,-0.0510328605333753,-0.110478408205961,-0.30884957102547705,,18.9,-0.12357118558723357,0.7208458697595008,0.40677082538604736,False,False,False
6874,75.0,2026-07-29,-0.055415635281125364,-0.09963988892774311,-0.1685143842850032,0.11111111111111116,,41.6,-0.18160716166627577,0.5418838784326795,0.7978723404255319,False,False,False
6877,109.0,2026-07-29,-0.1417322834645669,-0.1029692617252369,-0.37284957149459264,0.26810830347724735,,22.3,-0.3859423488758652,0.21031935063808344,0.588375015865744,False,False,False
6878,19.549999237060547,2026-07-29,-0.10933947346056982,1.0092497591800713,0.9166666277093818,0.3767605281448436,,97.3,0.9035738503281092,2.343486430365154,0.6729776161962727,False,False,False
6881,199.0,2026-07-29,-0.02450980392156865,-0.14224137931034486,-0.17797692905900575,-0.07277226054448349,,26.1,-0.19106970644027832,0.382188733561599,0.777185415044509,False,False,False
6882,15.199999809265137,2026-07-29,-0.06748463063080357,-0.1314285823277065,-0.10588236416087426,-0.022508062840942422,,40.8,-0.11897514154214683,0.6154269177291027,0.6427061333800451,False,False,False
6884,29.399999618530277,2026-07-29,-0.08553660270078167,-0.09815947869234032,-0.13238588903323412,-0.18847174742006323,,24.0,-0.14547866641450669,0.6344802886104095,0.4523076864389273,False,False,False
6887,37.34999847412109,2026-07-29,-0.011904782328626684,0.1146193151708712,0.02424494312509662,-0.37434098968741214,,34.1,0.01115216574382405,0.4176449525070941,0.5094995329668184,False,False,False
6890,176.0,2026-07-29,0.029239766081871288,-0.06593645443240492,0.172041517146984,-0.2489366486034269,,67.4,0.15894873976571144,0.35584847176602663,0.6367146085809671,False,False,False
6894,302.5,2026-07-29,-0.09701492537313428,-0.16781292984869323,-0.08885542168674698,0.34576204200578053,,72.3,-0.10194819906801955,0.4163509891162147,0.7396088019559902,False,False,False
6895,113.5,2026-07-29,-0.09199999999999997,-0.2226027397260274,-0.34957020057306587,-0.3518290439622701,,2.5,-0.36266297795433844,0.5148537381448607,0.3388382572747629,False,False,False
6898,77.4000015258789,2026-07-29,-0.045622651268271586,-0.15778019324533765,-0.30582958272754346,-0.3494608686685926,,3.9,-0.318922360108816,0.42869642827071724,0.6021718964648587,False,False,False
6899,49.0,2026-07-29,-0.05038756881795381,-0.10475592421438229,-0.03601997535013646,-0.03782179084067272,,49.4,-0.049112752731409026,0.18884942135848645,0.7787675603892353,False,False,False
6901,16.75,2026-07-29,-0.042857142857142816,-0.10904251703475454,0.20938624827839392,-0.0616246699138252,,80.1,0.19629347089712135,0.5564945595418841,0.7938388482073229,False,False,False
6902,113.5,2026-07-29,-0.069672131147541,-0.11673151750972766,0.017937219730941756,0.5033112582781456,,84.8,0.004844442349669187,0.4697090434546207,0.7694915254237288,False,False,False
6903,291.0,2026-07-29,-0.19166666666666665,-0.25,-0.2506923766742848,0.05487631585905195,,24.4,-0.26378515405555736,0.7591578143878912,0.6854265783969631,False,False,False
6904,116.0,2026-07-29,-0.05306122448979589,-0.04542213790857108,-0.002032252174126503,-0.01825940984060448,,57.2,-0.015125029555399072,1.2367479026816817,0.9113516457386516,False,False,False
6906,68.0,2026-07-29,-0.060773500457816376,-0.2166753337561853,0.10939768387970839,-0.10361805416571546,,68.8,0.09630490649843582,0.3127177162448484,0.5392188755065029,False,False,False
6908,32.849998474121094,2026-07-29,-0.08368201192994751,-0.1216578306449918,-0.12966064625256313,-0.4444642279535048,,10.5,-0.1427534236338357,0.7708229313240434,0.4855970786458817,False,False,False
6909,38.20000076293945,2026-07-29,-0.12284726906650112,-0.3067150304753472,-0.3345687635356025,-0.2367112585973732,,5.3,-0.34766154091687507,0.415289545609073,0.5827503832084293,False,False,False
6914,146.0,2026-07-29,0.01038062283737018,0.020979020979021046,-0.0034129692832765013,-0.006802721088435382,,57.8,-0.01650574666454907,0.7335324446937763,0.9419354838709677,False,False,False
6916,17.299999237060547,2026-07-29,-0.1284635312546213,-0.15196080585481253,-0.0966057659698123,-0.0966057659698123,,36.5,-0.10969854335108487,0.7798161999201061,0.7757847456922572,False,False,False
6920,62.0,2026-07-29,-0.22110551270730316,-0.3787575340268692,-0.48547717842323657,1.0394737098025484,,64.5,-0.49856995580450914,0.6118752024634435,0.4732824427480916,False,False,False
6921,59.70000076293945,2026-07-29,-0.0583596320802795,-0.12846714214686927,-0.3594420309252443,0.06039079168656181,,12.4,-0.37253480830651686,0.5334081164179748,0.5740384688744178,False,False,False
6922,168.0,2026-07-29,-0.13178294573643412,-0.00874202889364839,0.02666003490069424,0.08477280217465943,,70.6,0.013567257519421672,0.6552436464889982,0.7631808768916978,False,False,False
6923,74.69999694824219,2026-07-29,-0.056818184007516925,0.006738544751541786,-0.09924036327803976,-0.22120888004111305,,26.8,-0.11233314065931232,0.7500769710630587,0.6211637843145689,False,False,False
6924,99.8000030517578,2026-07-29,-0.06291076946706298,-0.13683835448128923,0.15825133877298536,0.42285885401274115,,88.9,0.1451585613917128,0.22500241607145952,0.5375244312738056,False,False,False
6925,50.0,2026-07-29,-0.11504424778761058,-0.15966386554621848,-0.2260061736684078,-0.4197227674520574,,5.8,-0.23909895104968037,0.2813916954110302,0.319693107105191,False,False,False
6927,67.5,2026-07-29,-0.0638002575793698,-0.09395973154362414,0.275992401757847,0.5517241379310345,,93.0,0.26289962437657444,0.5550104240522514,0.8598726114649682,False,False,False
6928,45.84999847412109,2026-07-29,-0.16484522404779545,-0.15871562432805342,-0.03676470706089263,-0.18125002724783779,,38.8,-0.0498574844421652,1.2177393076837153,0.5970051647422645,False,False,False
6933,148.0,2026-07-29,-0.10303030303030303,0.0584750878813447,-0.08630116055328396,0.01556391470263585,,45.9,-0.09939393793455653,1.4964255049264052,0.6109896431340196,False,False,False
6937,238.5,2026-07-29,-0.171875,-0.10533019417638001,-0.20341686557033767,0.047037149526418354,,31.1,-0.21650964295161024,1.0232752292890799,0.6821380216170696,False,False,False
6940,20.100000381469727,2026-07-29,-0.09255075721742045,-0.24150941956718008,-0.05188680857939776,-0.29225349818825397,,28.5,-0.06497958596067033,0.3649911071817628,0.4774347057001728,False,False,False
6944,687.0,2026-07-29,-0.11390017241296513,-0.06583130066287601,0.010722951318258955,0.24683445309602603,,77.2,-0.0023698260630136136,1.0880297737358031,0.8287092882991556,False,False,False
6947,69.30000305175781,2026-07-29,-0.1579586818705755,-0.23762374160105648,-0.1227847714967365,-0.1569342381436699,,28.0,-0.13587754887800907,1.655381399934448,0.7372340750187001,False,False,False
6951,70.9000015258789,2026-07-29,-0.012534839660523822,0.03550165309119868,0.029412514051534222,0.11089640194321304,,72.4,0.016319736670261653,0.5480140886768927,0.9633152580948552,False,False,False
6952,34.099998474121094,2026-07-29,-0.031250064345921924,-0.05013935864209529,-0.08823537211554333,-0.20512826896869263,,29.8,-0.1013281494968159,1.0583381303328219,0.6909827665344909,False,False,False
6953,193.5,2026-07-29,-0.16233766233766234,-0.16594827586206895,-0.2614503816793893,-0.26392023796546626,,7.6,-0.27454315906066185,0.5917721396008888,0.6615384615384615,False,False,False
6957,216.0,2026-07-29,-0.14455445544554457,0.13684210526315788,0.36708860759493667,0.11627906976744184,,90.2,0.3539958302136641,1.3728087130892794,0.8537549407114624,False,False,False
6958,18.649999618530277,2026-07-29,0.05070420386086072,0.12349392710550333,-0.0580807910526463,0.21103896626655727,,67.4,-0.07117356843391887,0.9038048857263062,0.8923444956427122,True,False,False
6959,101.0,2026-07-29,-0.16182572614107882,-0.22605363984674332,-0.3082191780821918,0.286624203821656,,33.6,-0.32131195546346436,0.40654062987523215,0.4752941176470588,False,False,False
6962,30.149999618530277,2026-07-29,-0.10134127260350301,-0.21992242100319914,-0.13237411169697044,-0.21073301004273948,,22.5,-0.145466889078243,0.5056477977872692,0.6097067573986034,False,False,False
6965,78.5,2026-07-29,0.0012754907165160034,0.02614379084967311,-0.038004569153678114,-0.01650110693368423,,51.0,-0.05109734653495068,0.5836827534799766,0.7740500197891778,False,False,False
6968,42.900001525878906,2026-07-29,-0.031602657681547464,0.014184451528137965,-0.014925320839695888,-0.20994471217968225,,40.1,-0.028018098220968457,0.8375314475166181,0.6600000234750601,False,False,False
6969,28.149999618530277,2026-07-29,-0.11755486033992535,0.18526314183285386,-0.014010494893850423,-0.19800567400921643,,41.5,-0.02710327227512299,4.256090681299606,0.5361904689243863,False,False,False
6977,174.0,2026-07-29,-0.1278195488721805,-0.35674676524953786,-0.47432024169184295,-0.05434782608695654,,3.3,-0.4874130190731155,0.3395521348773264,0.4269938650306748,False,False,False
6982,47.0,2026-07-29,-0.06374503414951893,-0.1454545454545455,-0.09351101764261927,-0.2578208726193393,,24.5,-0.10660379502389183,0.5069419837934356,0.6258531543369428,False,False,False
6988,12.800000190734863,2026-07-29,0.0,-0.04832710986973521,-0.05185183772334345,-0.19242902948448048,,36.1,-0.06494461510461602,0.4094289573418723,0.609523818606422,False,False,False
6994,38.75,2026-07-29,-0.05717758056854383,-0.1952232861472858,-0.38976377952755903,-0.583780873951665,,0.4,-0.4028565569088316,0.43731455169745476,0.3817733990147783,False,False,False
6997,68.5,2026-07-29,-0.06164383561643838,-0.06164383561643838,-0.13291139240506333,-0.23463687150837986,,21.2,-0.1460041697863359,0.5540343617882522,0.6342592592592593,False,False,False
7402,96.3000030517578,2026-07-29,-0.1626086691151496,-0.15969466498555485,-0.18451380234226655,-0.27342022196019333,,13.2,-0.19760657972353912,0.7448257658348592,0.5892385248601576,False,False,False
7419,45.70000076293945,2026-07-29,-0.22278909258666124,-0.361731819317606,-0.7042071148029809,1.6264368830371043,,75.2,-0.7172998921842535,0.4029692030311102,0.20867580257049978,False,False,False
7507,20.0,2026-07-29,-0.0024937276290828425,-0.05882352941176472,-0.15966383860816757,-0.40387480015477095,,9.8,-0.17275661598944014,0.19513544794539833,0.43478260869565216,False,False,False
7516,8.420000076293945,2026-07-29,-0.03218387805859524,-0.0644444359673394,-0.12746109749832923,-0.11832461694997787,,30.3,-0.1405538748796018,0.1406967278002544,0.6427480787103061,False,False,False
7547,45.5,2026-07-29,-0.14953271028037385,-0.20035151529291306,-0.35643561578496974,-0.22089043131552832,,4.8,-0.3695283931662423,0.16580235762884565,0.30952380952380953,False,False,False
7551,13.050000190734863,2026-07-29,-0.003816808341898348,-0.022471923757491075,-0.11224487346525747,-0.011363607628614325,,40.6,-0.12533765084653004,0.3398900069988723,0.6923076884159384,False,False,False
7556,201.5,2026-07-29,-0.10444444444444445,-0.23334907021940976,-0.3097676820526062,0.27775147545393275,,32.6,-0.32286045943387875,0.3812265770810894,0.6729224408138764,False,False,False
7558,19.600000381469727,2026-07-29,-0.06443915667334377,-0.18672198874569357,-0.20487772417749972,0.8174223648264871,,81.4,-0.2179705015587723,0.3996941730403309,0.7417395043345303,False,False,False
7578,25.799999237060547,2026-07-29,-0.06048503968859509,-0.14365529470313487,-0.26114528399299874,-0.15746729747580834,,11.6,-0.2742380613742713,0.6679152412596655,0.597677658103475,False,False,False
7590,17.5,2026-07-29,-0.03846157876898881,-0.1336633990575432,-0.25213673994499186,-0.033149191647752096,,18.2,-0.26522951732626443,0.3864127098458743,0.546875,False,False,False
7610,1215.0,2026-07-29,-0.33787465940054495,-0.3460076245494196,1.2858980159431908,6.478989181393823,,99.0,1.2728052385619182,0.8823758574615601,0.4673076923076923,False,False,False
7702,20.399999618530277,2026-07-29,0.02512562862234513,0.07368419044896202,0.19325472296466528,-0.2402579754807791,,71.3,0.1801619455833927,0.41253354637601986,0.4115898476704165,False,False,False
7704,50.5,2026-07-29,-0.06481481481481477,-0.19070514799496707,-0.20402900478432595,0.11231850205251237,,36.2,-0.21712178216559852,0.40661747472380044,0.7457951997645593,False,False,False
7711,282.0,2026-07-29,-0.08589951377633709,-0.12012480499219969,-0.3010957892889774,0.15786527761566793,,24.6,-0.31418856667024997,0.39865180248033427,0.6158073080442013,False,False,False
7721,57.29999923706055,2026-07-29,-0.09191758125698313,-0.18777620533238515,-0.18091231383306194,0.1772312087473198,,44.0,-0.1940050912143345,0.21453932319271854,0.6328098188994165,False,False,False
7722,272.5,2026-07-29,-0.08440000447070306,-0.1155332511528463,0.01921180837820846,-0.42972670146742575,,29.0,0.0061190309969358925,0.5039516774500081,0.3846970428069208,False,False,False
7728,531.0,2026-07-29,-0.16509433962264153,-0.20270270270270274,-0.23706113759648983,-0.12036163848709025,,15.4,-0.2501539149777624,0.2808241282893399,0.5962320187802822,False,False,False
7730,145.0,2026-07-29,-0.14201183431952658,-0.22872340425531912,-0.12121212121212122,0.41463414634146334,,72.6,-0.13430489859339378,0.8474688733368201,0.6304347826086957,False,False,False
7740,145.0,2026-07-29,0.01827036383744618,0.09556482048428783,-0.08299404174637515,-0.023658410311243605,,43.6,-0.09608681912764772,0.6178751497886003,0.6147336122217535,False,False,False
7742,64.9000015258789,2026-07-29,-0.3218390428896354,-0.5297101338704426,-0.6834146267030297,0.8463726517364958,,19.6,-0.6965074040843022,0.6775533847246831,0.23345324289884498,False,False,False
7749,311.5,2026-07-29,-0.15353260869565222,-0.24668606969918017,-0.22937899566062736,-0.27165304100599363,,9.6,-0.24247177304189993,0.3090155798269813,0.46315667199070715,False,False,False
7750,1890.0,2026-07-29,-0.06896551724137934,-0.05970149253731338,-0.21250000000000002,1.2155223564079467,,89.5,-0.2255927773812726,0.5214998349337371,0.6156351791530945,False,False,False
7765,223.5,2026-07-29,-0.01541850220264318,0.009029345372460584,0.03789836170979988,-0.13572771707151954,,54.1,0.024805584328527308,0.5672957560196548,0.6623624903204871,False,False,False
7769,5175.0,2026-07-29,-0.1920374707259953,-0.2001545595054096,-0.008620689655172376,0.46600566572237967,,82.7,-0.021713467036444944,0.8997689510647535,0.6265133171912833,False,False,False
7786,124.0,2026-07-29,-0.01012824843266047,0.05425366611476967,-0.025013525875168696,-0.2117130846022386,,38.3,-0.038106303256441265,0.8795063227393175,0.44960814511101466,False,False,False
7788,186.0,2026-07-29,-0.21656959985439006,-0.2699160226764109,0.0845756067257466,0.34986746274289504,,84.4,0.07148282934447403,0.5324624678949459,0.6425738851882131,False,False,False
7795,347.5,2026-07-29,-0.19930875576036866,-0.375,-0.14828431372549022,0.25416070850528616,,55.6,-0.1613770911067628,0.9327974758927967,0.5217717717717718,False,False,False
7812,73.5999984741211,2026-07-29,-0.1371630030369103,-0.1206690423222675,-0.22198731859118148,-0.07187899569078726,,19.8,-0.23508009597245405,0.4752944123313358,0.6484581363358687,False,False,False
7815,219.5,2026-07-29,-0.252129471890971,-0.4435994930291508,-0.502267573696145,0.5129142722522779,,21.6,-0.5153603510774176,0.5838424259539992,0.3782285680630695,False,False,False
7819,35.099998474121094,2026-07-29,-0.046195673863694386,-0.11698117046236245,-0.4929965922994033,-0.5685077401506322,,0.2,-0.5060893696806759,0.29373651279783747,0.20800138274941438,False,False,False
7823,76.80000305175781,2026-07-29,-0.07581222067441096,-0.02661594972760939,-0.05067983185154279,,,50.3,-0.06377260923281536,0.45108627901160736,0.5189189395389041,False,False,False
7828,1290.0,2026-07-29,-0.32460732984293195,-0.35980148883374685,0.014592992644554048,1.2303553206285622,,94.0,0.0015002152632814791,1.0921844114434331,0.5548387096774193,False,False,False
7833,21.350000381469727,2026-07-29,-0.0183907870588631,-0.10482180125843421,-0.2883333206176758,-0.3359253695747354,,5.0,-0.3014260979989484,1.3823133217651504,0.30083609142216544,False,False,False
7861,942.0,2026-07-29,-0.13577981651376148,-0.2458766059607972,0.07670631728137822,0.8704048599874157,,92.1,0.06361353990010565,0.6724816225702375,0.6712232718262092,False,False,False
8011,15.600000381469728,2026-07-29,-0.051671753315945645,-0.11864408423454642,-0.16836155423148735,-0.2760289967501871,,14.5,-0.18145433161275992,0.5889873171650276,0.649977907296473,False,False,False
8016,264.5,2026-07-29,-0.11686143572621033,-0.20331325301204817,0.20543339149698103,0.4573626387484735,,90.3,0.19234061411570846,0.41598241366331284,0.7286501377410468,False,False,False
8021,316.5,2026-07-29,-0.2437275985663082,-0.44636658103762916,-0.1702726208746631,0.4346979377276803,,67.3,-0.18336539825593567,1.0297453884869219,0.546963138916914,False,False,False
8024,13.800000190734863,2026-07-29,-0.10967740704936368,-0.10389606931354634,0.10400001525878899,0.09523807721703892,,78.4,0.09090723787751642,0.44129043109606175,0.7908309219128224,False,False,False
8027,157.5,2026-07-29,-0.2605633802816901,-0.2725173210161663,-0.10511363636363635,0.529126213592233,,78.8,-0.11820641374490892,0.4115572471862317,0.537542662116041,False,False,False
8028,252.0,2026-07-29,-0.18181818181818177,-0.20504731861198733,0.033576799115164535,0.3560527353184635,,81.9,0.020484021733891966,0.17307829015825135,0.7132114690641178,False,False,False
8032,33.099998474121094,2026-07-29,-0.11615493191453086,-0.2320832061505801,-0.1549104744080625,-0.10376031707404743,,27.1,-0.16800325178933506,0.4357229828805101,0.6986073529497013,False,False,False
8033,157.0,2026-07-29,-0.20101781170483457,-0.07374631268436582,0.09790209790209792,0.04318936877076407,,76.1,0.08480932052082535,1.0296412433385265,0.5825602968460112,False,False,False
8034,18.649999618530277,2026-07-29,-0.0628140715558626,-0.14449540040236297,-0.17458659564499857,-0.2571279423514985,,14.7,-0.18767937302627113,0.40744711341600587,0.6788314012592089,False,False,False
8038,31.399999618530277,2026-07-29,-0.14673912311096027,-0.2020330156002218,-0.2559241931079268,-0.43012703288407583,,4.4,-0.26901697048919937,0.5409601511726545,0.5064516067504884,False,False,False
8039,175.5,2026-07-29,-0.24678111587982832,0.1778523489932886,0.2765710338238545,1.0659126694311394,,95.8,0.26347825644258194,1.8515078219239791,0.685546875,False,False,False
8040,64.5,2026-07-29,-0.16450773899326376,-0.4241071428571429,-0.07593127249332321,0.3109755894269308,,71.9,-0.08902404987459578,0.23498640857213846,0.516,False,False,False
8042,95.4000015258789,2026-07-29,-0.26332045153761463,-0.48571427748852347,0.626220102152881,0.3832217177952115,,95.9,0.6131273247716085,0.7062618172977848,0.45320665808018484,False,False,False
8043,119.5,2026-07-29,-0.19798657718120805,-0.384020618556701,0.38310182742539456,0.2565720496043826,,92.1,0.370009050044122,0.3097136648232374,0.5275938189845475,False,False,False
8044,25.649999618530277,2026-07-29,-0.0320754860931971,-0.09042557005035257,0.12500002091391127,-0.13781513887293184,,68.6,0.1119072435326387,0.3337118767700952,0.7225352005219796,False,False,False
8045,53.400001525878906,2026-07-29,-0.1455999755859375,-0.09337860539075649,-0.2639064387264839,-0.2852143194368434,,7.1,-0.27699921610775646,0.9483217767863997,0.4084489543629271,False,False,False
8046,879.0,2026-07-29,-0.3264367816091954,-0.25822784810126587,-0.03837913654855252,2.042641559381856,,96.6,-0.051471913929825086,0.822849363296042,0.6212014134275619,False,False,False
8047,44.20000076293945,2026-07-29,0.020785255005468795,-0.09611453203027231,-0.21071427209036686,-0.07916665077209473,,21.1,-0.22380704947163943,0.4096084013199437,0.7366666793823242,False,False,False
8048,49.20000076293945,2026-07-29,-0.07761192215242962,-0.1759228891669148,-0.15472477124948059,-0.015428495788265773,,34.2,-0.16781754863075315,0.6987727892600882,0.7153213894627366,False,False,False
8049,24.899999618530277,2026-07-29,-0.0478011479248448,-0.09124087718268725,-0.015810262078756576,-0.08455886323146633,,49.0,-0.028903039460029145,0.49698995922396966,0.8861209708363684,False,False,False
8050,60.79999923706055,2026-07-29,0.028526287850721754,0.20355281057453678,0.5040815398250933,0.43711896975526154,,95.1,0.4909887624438207,2.374387882138088,0.9918433930469331,False,False,False
8054,79.0,2026-07-29,-0.18134715025906734,-0.33613445378151263,-0.2651162790697674,-0.31896551724137934,,6.3,-0.27820905645104,0.3941683792406915,0.512987012987013,False,False,False
8059,14.300000190734863,2026-07-29,-0.10062889724416901,-0.1411411100081964,-0.3058252463141645,-0.3630289663801991,,3.6,-0.3189180236954371,0.3301092378293927,0.43137253491742417,False,False,False
8064,87.80000305175781,2026-07-29,-0.23982681340469425,-0.39863011608385057,-0.06799264930323312,0.5907823516816457,,82.8,-0.08108542668450569,0.3351802341738211,0.5127391242358895,False,False,False
8066,14.75,2026-07-29,-0.026402615749311575,-0.026402615749311575,-0.1782730154277402,-0.29086535860448104,,12.9,-0.19136579280901278,0.16759206283715916,0.6497797138439392,False,False,False
8067,12.75,2026-07-29,-0.09574470531532064,-0.030418222823870966,-0.022988520026831494,-0.12969281010267253,,44.8,-0.03608129740810406,1.298253949670193,0.7223796190122355,False,False,False
8068,16.450000762939453,2026-07-29,-0.13874343275412848,-0.13192611606059956,-0.2985074529747074,-0.4166666553939209,,3.1,-0.31160023035597995,0.8056552295973071,0.5692041861617169,False,False,False
8069,179.0,2026-07-29,-0.07969151670951158,-0.13752070463814037,0.32617789996675217,0.06018233126450223,,88.3,0.3130851225854796,0.6820189907780883,0.6814063187595755,False,False,False
8070,42.04999923706055,2026-07-29,-0.1418367502640705,-0.21548506652732569,-0.06908864612362331,-0.054968704583753136,,43.2,-0.08218142350489588,0.36043522377819753,0.667889669789157,False,False,False
8071,20.049999237060547,2026-07-29,-0.18989902072482634,-0.3553054986775205,0.23765421560526634,0.11080332878317067,,86.2,0.22456143822399377,0.2352782052051121,0.5931952570897222,False,False,False
8072,25.850000381469727,2026-07-29,-0.05656931600876025,-0.08758490663846297,-0.038353891092563264,-0.16975899701966224,,39.6,-0.05144666847383583,0.49197489376052256,0.6231645793119684,False,False,False
8074,46.79999923706055,2026-07-29,-0.17894738180595526,-0.33428168982290907,-0.3512053824561856,-0.16321541212582502,,6.0,-0.36429815983745817,0.41723431329160865,0.5109170307495422,False,False,False
8076,22.299999237060547,2026-07-29,-0.07660457187130665,-0.09164969734921258,-0.013274386696699225,-0.07660457187130665,,50.0,-0.026367164077971794,0.41848942724969246,0.7797202426440867,False,False,False
8080,27.299999237060547,2026-07-29,-0.043782838297851345,-0.016216243709529787,-0.037037076905843236,-0.3651162968125454,,25.1,-0.050129854287115805,0.5158865485673043,0.5717277327133099,False,False,False
8081,241.5,2026-07-29,-0.045454545454545414,-0.18630122703556262,0.01875082310749021,0.16829225731072883,,74.6,0.005658045726217642,0.8459902934518589,0.7453703703703703,False,False,False
8084,41.45000076293945,2026-07-29,-0.06853930869798985,-0.14974357409354966,-0.05688282040049719,-0.3303715712250799,,24.7,-0.06997559778176976,1.1170192624438777,0.6251885196834918,False,False,False
8085,11.300000190734863,2026-07-29,0.0,-0.058333317438761356,-0.12403096706274941,-0.3487031733553406,,15.2,-0.13712374444402198,0.9739252034651695,0.4902386362150655,False,False,False
8086,106.5,2026-07-29,-0.1306122448979592,-0.2876254180602007,-0.25,-0.049107142857142905,,17.7,-0.26309277738127257,0.4908931226336634,0.5949720670391061,False,False,False
8087,28.0,2026-07-29,-0.0035587323883337074,-0.1515151515151515,-0.1566265254049065,-0.09967846763490062,,27.2,-0.16971930278617908,0.07618815471148514,0.709485234942015,False,False,False
8088,42.09999847412109,2026-07-29,-0.13463520752971836,-0.33386075147125405,-0.1582185807929659,-0.3518916023917663,,12.0,-0.17131135817423848,0.13708988965131833,0.589592476046905,False,False,False
8089,20.200000762939453,2026-07-29,0.06878313072210895,0.002481446419641431,-0.009803865653465804,-0.3094016833183093,,33.8,-0.022896643034738373,0.6256400868807451,0.4832604074026246,False,False,False
8091,204.5,2026-07-29,-0.20889748549323017,-0.24677716390423576,0.15231525128336076,0.5350029166186099,,89.9,0.1392224739020882,0.5199288189932674,0.6932203389830508,False,False,False
8092,13.0,2026-07-29,-0.057971027512881634,-0.029850718650553554,-0.2024539504000401,-0.12457914706710804,,19.0,-0.21554672778131267,0.24151099044299448,0.682414725492972,False,False,False
8093,18.5,2026-07-29,-0.10843373493975905,-0.06801009347737708,-0.043927667427010375,0.07558134763933455,,58.0,-0.057020444808282944,0.6646125344946255,0.5577889874933893,False,False,False
8096,113.5,2026-07-29,-0.19217081850533813,-0.2653721682847896,0.23101956352248965,1.2298624085952845,,96.1,0.21792678614121708,0.06795915400580228,0.6696165191740413,False,False,False
8097,51.0,2026-07-29,-0.02857142857142858,-0.15000000000000002,-0.015444000942922531,-0.10526315789473684,,47.5,-0.0285367783241951,0.7763245198271915,0.6521739384945897,False,False,False
8099,55.79999923706055,2026-07-29,-0.0412371390793379,-0.03460207658130254,-0.14417175078464584,-0.23351652612721685,,19.5,-0.1572645281659184,0.4359147903224635,0.6690647268123356,False,False,False
8101,12.199999809265137,2026-07-29,-0.12230214790789229,-0.03174607619797021,-0.02400001525878903,-0.2469136274872944,,36.2,-0.0370927926400616,0.3083219348914314,0.6387434327541285,False,False,False
8102,70.69999694824219,2026-07-29,-0.052278841898794726,0.024637636931046147,0.026124751560233195,0.22601399489579244,,77.3,0.013031974178960626,0.2259443722479466,0.792350679938991,False,False,False
8103,69.0999984741211,2026-07-29,-0.13625001907348633,-0.2786532838326491,-0.4275577738710761,-0.24101112202381958,,2.1,-0.44065055125234864,0.47882741449513416,0.5567895083208819,False,False,False
8104,29.149999618530277,2026-07-29,-0.15014576481289788,-0.23289474688078216,-0.13372961971154307,-0.2703379458863001,,18.2,-0.14682239709281564,0.2036611681261459,0.6535874577539371,False,False,False
8105,15.149999618530272,2026-07-29,-0.14887638944460369,-0.33698033410904416,0.12222219396520528,0.07067137999710194,,78.6,0.10912941658393271,0.23828303103713766,0.6023856798537642,False,False,False
8109,116.5,2026-07-29,-0.10727969348659006,-0.05668016194331982,-0.021008403361344574,0.12380317212146963,,65.9,-0.03410118074261714,0.7486239394964787,0.7213622291021672,False,False,False
8110,34.150001525878906,2026-07-29,-0.22998866514491623,-0.38613436651151023,-0.24355915004549777,-0.5603187513199448,,2.6,-0.25665192742677034,0.2538622059268429,0.39971022607277745,False,False,False
8111,62.59999847412109,2026-07-29,0.21083167408761772,0.1992336697160615,-0.09995571686303406,-0.044212710628658836,,39.7,-0.11304849424430663,7.020382170170261,0.7821151798045528,False,False,False
8112,76.69999694824219,2026-07-29,-0.12939843045772126,-0.13450597593509683,-0.055824671461853215,0.005932700555967507,,49.8,-0.06891744884312578,0.6534584308973526,0.7957377639320687,False,False,False
8114,209.5,2026-07-29,-0.05203619909502266,0.14168937329700282,0.20485092793355375,0.11683908114231345,,84.6,0.19175815055228118,1.9343782869202961,0.7819843566586151,False,False,False
8119,9.100000381469728,2026-07-29,-0.02673796682355878,-0.04210522300318653,-0.2945735929791823,0.2638889753524194,,34.2,-0.30766637036045485,0.19085977351619543,0.5306122789435714,False,False,False
8121,27.700000762939453,2026-07-29,-0.1971014271611753,-0.44599998474121094,0.009107467870730579,-0.08126032791340554,,53.8,-0.00398530951054199,0.3761722895358937,0.5091911762127826,False,False,False
8131,53.59999847412109,2026-07-29,-0.2534819471319111,-0.24548191331567082,-0.15249134677818477,-0.2183409840049081,,19.3,-0.16558412415945734,0.7278756677775426,0.6368734232180266,False,False,False
8147,109.5,2026-07-29,-0.16412213740458015,-0.21906535201243627,-0.33920914401052304,0.10023297300492096,,16.1,-0.3523019213917956,0.37611769401872075,0.5862133753060464,False,False,False
8150,72.9000015258789,2026-07-29,-0.2709999847412109,-0.26733666808161904,0.10196137994090204,0.09056750855719775,,78.0,0.08886860255962947,0.7146391504259417,0.5951020532724809,False,False,False
8155,258.0,2026-07-29,-0.16504854368932043,-0.30170976598507304,-0.37128728186553894,0.49633621574627207,,39.6,-0.3843800592468115,0.6853900590239437,0.573622875641778,False,False,False
8162,49.0,2026-07-29,-0.24031007751937983,-0.38131310747370506,-0.06405616833479377,0.3756315615304624,,76.4,-0.07714894571606634,0.37497734991249565,0.5684454957628536,False,False,False
8163,28.950000762939453,2026-07-29,-0.1187213970269746,-0.30575539008938013,0.09479806143594827,-0.07761110619542166,,68.5,0.0817052840546757,0.2979858624554244,0.6390728752872707,False,False,False
8171,18.799999237060547,2026-07-29,-0.10047848898560918,-0.12962968032219357,-0.1790393209505594,-0.39059970811692757,,8.9,-0.19213209833183198,0.41478268192449047,0.5784615149864784,False,False,False
8176,9.710000038146973,2026-07-29,-0.03383086031195681,-0.02705405976690589,-0.07081337651911424,-0.15196504804394728,,36.3,-0.0839061539003868,0.5787455982921635,0.698561172994742,False,False,False
8182,34.95000076293945,2026-07-29,-0.14756095700147676,-0.2842546272237719,-0.05908713120223197,0.2484225809165863,,69.8,-0.07217990858350454,0.3100241239505038,0.595645682496165,False,False,False
8183,27.950000762939453,2026-07-29,-0.10559997558593748,-0.1714159670128126,-0.15677242278093473,-0.1726133456224903,,21.8,-0.1698652001622073,0.41440867404674864,0.7042454217091088,False,False,False
8201,11.649999618530272,2026-07-29,-0.037190144525003466,-0.10727973576571692,-0.09338527060823365,-0.1853147228572457,,30.4,-0.10647804798950622,0.337659056338989,0.6115485608978896,False,False,False
8210,981.0,2026-07-29,-0.14695652173913043,-0.23657587548638137,-0.11475357828337573,0.06840084973765093,,45.6,-0.1278463556646483,0.6132622681233695,0.6376051216902873,False,False,False
8213,28.899999618530277,2026-07-29,-0.10387598082076666,-0.18306636562753664,-0.18417929753991535,-0.13341184445349863,,20.9,-0.19727207492118792,0.6801459434627428,0.7162827515948861,False,False,False
8215,21.700000762939453,2026-07-29,-0.13545815007398765,-0.2761263353460288,-0.15663852731365013,0.04866659913395277,,38.1,-0.1697313046949227,0.22572954771229897,0.6739130512044906,False,False,False
8222,35.54999923706055,2026-07-29,-0.10902260958554033,-0.0854821968597812,0.021341916831470575,-0.17015981194174212,,48.3,0.008249139450198006,1.26021986044691,0.6117593546632049,False,False,False
8227,134.0,2026-07-29,-0.1326860841423948,-0.37529137529137524,-0.1469007649486731,-0.03070803219411833,,34.3,-0.15999354232994567,0.3482206313945076,0.5430370764108425,False,False,False
8234,59.09999847412109,2026-07-29,-0.07511741685661566,-0.17226894662319703,-0.07511741685661566,-0.20027067315519653,,31.8,-0.08821019423788823,0.5117648205141384,0.5105411098902888,False,False,False
8240,36.79999923706055,2026-07-29,-0.13817333537379428,-0.29094410674449533,-0.45011993518791593,-0.12782028371136023,,3.0,-0.4632127125691885,0.32038447052908564,0.504301743615265,False,False,False
8249,40.04999923706055,2026-07-29,-0.09389143561641233,-0.15148308072683236,-0.14733366014282157,-0.21249021788546718,,20.4,-0.16042643752409413,0.28926876034311166,0.6501248993745743,False,False,False
8261,175.5,2026-07-29,-0.3090551181102362,-0.34174374750397507,0.49628831236159177,0.9588373245589386,,96.5,0.4831955349803192,0.3251444032317318,0.5058474591403542,False,False,False
8271,222.5,2026-07-29,0.1323155216284988,0.17073493448810484,0.044531873037217284,0.7583626097125629,,90.1,0.031439095655944715,2.3012845739449235,0.8741188231296775,True,False,False
8277,7.599999904632568,2026-07-29,-0.06403940742059633,-0.23847692853405156,0.04683190978398888,-0.13636366591965787,,55.5,0.03373913240271631,0.40997567767350507,0.462006051802427,False,False,False
8284,61.20000076293945,2026-07-29,-0.02392344468497387,-0.005611344421273534,0.02722221172866912,0.037005270926392164,,67.1,0.014129434347396552,0.5544648357306752,0.9509655524222655,False,False,False
8289,37.59999847412109,2026-07-29,-0.169060807201744,-0.3583617840753701,-0.16726096446058103,0.5012526667431256,,72.2,-0.1803537418418536,0.18957657411086787,0.4977733906598964,False,False,False
8291,39.59999847412109,2026-07-29,-0.008761008313748375,-0.045783169298287074,0.9750623431907268,1.3157893327905006,,98.4,0.9619695658094543,1.0364880766295106,0.29774434942948186,False,False,False
8298,44.25,2026-07-29,0.033878523102493396,-0.09954961458745726,-0.07226325236581477,0.6170059605448981,,83.2,-0.08535602974708734,0.481464554675585,0.791775329359988,False,False,False
8299,1515.0,2026-07-29,-0.2088772845953003,-0.3647798742138365,-0.26277127024354263,-0.19255900569878903,,10.0,-0.2758640476248152,0.7781762149286275,0.5298831180364376,False,False,False
8341,76.19999694824219,2026-07-29,0.006605020081333235,0.003952508779080821,0.07370793817406507,-0.019372999509082,,69.7,0.0606151607927925,0.7999841149649775,0.8777415565690933,False,False,False
8342,88.5,2026-07-29,-0.028540049590227823,-0.028540049590227823,0.06301182063860233,0.09919417754209703,,75.4,0.049919043257329765,0.355421745632985,0.9672131147540983,False,False,False
8345,50.5,2026-07-29,-0.03256706394813702,-0.054307143127580226,0.08607496404983594,0.12705903486804515,,78.2,0.07298218666856338,0.5660098148061087,0.926110454486468,False,False,False
8349,39.5,2026-07-29,-0.005037802496118737,-0.014962556033719099,-0.104620642579213,-0.08973080801549793,,35.7,-0.11771341996048557,0.762412844836822,0.8439834676955289,False,False,False
8354,15.100000381469728,2026-07-29,-0.05031441863232522,-0.06501543417101951,-0.05031441863232522,-0.0320512812675261,,47.8,-0.06340719601359779,0.3824288391418746,0.7947368621826173,False,False,False
8358,301.0,2026-07-29,-0.27030303030303027,-0.4960373462513441,-0.18165742455060585,0.11168232778685105,,39.0,-0.19475020193187842,0.8336299132362022,0.43196797631508643,False,False,False
8367,40.59999847412109,2026-07-29,0.006195787099232186,0.006195787099232186,-0.04358073629137582,-0.000425542825377212,,51.4,-0.05667351367264839,0.532867707331298,0.9269406205780972,False,False,False
8374,70.0,2026-07-29,-0.11392405063291144,-0.17454422444382067,-0.15769821913851856,-0.20718933990137733,,19.4,-0.17079099651979113,0.1816443835600424,0.5920990772652047,False,False,False
8383,68.9000015258789,2026-07-29,-0.1768219350296416,0.08575420111047749,0.14529555097636004,0.6906744511401417,,91.6,0.13220277359508747,0.7342220573660386,0.7621681456073297,False,False,False
8390,88.9000015258789,2026-07-29,-0.07588353070625209,-0.14118420945955412,0.06608202013847553,-0.050177952535882864,,66.0,0.05298924275720296,0.4759830117743382,0.7129165991110186,False,False,False
8401,22.5,2026-07-29,-0.023861139057056446,-0.019607875728968716,-0.08163265306122447,-0.20260601221147434,,30.8,-0.09472543044249704,0.7536406936128652,0.7947046636271147,False,False,False
8404,16.600000381469727,2026-07-29,-0.020648989127775685,-0.003002957249614635,-0.023529389325310235,-0.3210634002665763,,30.7,-0.036622166706582804,0.6927637688055537,0.5928571564810616,False,False,False
8410,30.700000762939453,2026-07-29,-0.04062497615814209,-0.0780780340447419,-0.1691474931245116,-0.18997362725759115,,19.0,-0.18224027050578417,0.848906493990453,0.6875800275772885,False,False,False
8411,12.949999809265137,2026-07-29,0.0,0.06989978961381516,0.0655328496410128,0.08321805063079113,,75.2,0.052440072259740234,1.051040063069785,0.9847908885880646,False,False,False
8415,38.29999923706055,2026-07-29,0.02406410894285349,0.1494167406509357,0.17473435102696233,0.18693476425901356,,84.7,0.16164157364568976,1.1298542533183507,1.0,True,True,False
8416,168.0,2026-07-29,-0.008849557522123908,-0.008849557522123908,0.04335218403173968,-0.04170363983045278,,62.9,0.030259406650467113,0.32877409264672286,0.9329445431709944,False,False,False
8421,14.899999618530272,2026-07-29,0.01016946566306931,0.15057913806840362,0.09558817651445195,0.14615381681002093,,79.5,0.08249539913317938,1.7725134478861,0.8842729543742973,False,False,False
8422,24.799999237060547,2026-07-29,-0.04615387549767125,-0.11111112630305597,-0.07007549912931832,-0.3848361413501683,,19.3,-0.08316827651059089,0.5869634171353125,0.49900569915376203,False,False,False
8424,68.4000015258789,2026-07-29,-0.007256893888633598,-0.0043667457887850425,-0.0131447871607141,-0.0010608538575480608,,56.9,-0.02623756454198667,0.6240107390165026,0.9622808180324781,False,False,False
8426,20.450000762939453,2026-07-29,0.012376237156320746,0.06064645510566846,-0.10834547730053223,-0.24320427623828478,,23.5,-0.1214382546818048,1.1853793962155281,0.6543372425448437,False,False,False
8431,44.5,2026-07-29,-0.09460836991898247,-0.16510317754266934,-0.31007751937984496,-0.32677759414136354,,4.2,-0.3231702967611175,0.7125837553840154,0.5647207903122959,False,False,False
8433,52.20000076293945,2026-07-29,-0.03512010655768327,-0.009487665896802389,-0.05776174503252751,-0.051783771573020165,,45.4,-0.07085452241380008,0.642344563028266,0.8728906794752648,False,False,False
8435,52.09999847412109,2026-07-29,-0.011385242507250815,-0.013257590398753738,-0.007006363499148183,0.01864288419012783,,59.3,-0.02009914088042075,0.5088578248053783,0.8377912328123451,False,False,False
8437,9.6899995803833,2026-07-29,-0.031000041961669944,-0.04059413718821714,-0.22788849138528144,-0.41801802988637815,,5.7,-0.240981268766554,0.600966991846649,0.5130538971379728,False,False,False
8438,53.0,2026-07-29,-0.24501421219325104,-0.44048042475321525,-0.3951650053942054,-0.08864694530556128,,5.7,-0.408257782775478,1.2469241720649291,0.5048810580063887,False,False,False
8440,18.549999237060547,2026-07-29,-0.07711448333295223,-0.1431870871173796,-0.1293835779472483,-0.3697558100253723,,13.8,-0.14247635532852088,0.6513205334092425,0.6157320164514425,False,False,False
8442,44.150001525878906,2026-07-29,-0.021064234598307086,0.08476660192303842,-0.11876241775367768,-0.37816899259325487,,14.4,-0.13185519513495025,0.6001313588190103,0.5617048649233144,False,False,False
8444,4.650000095367432,2026-07-29,-0.1666666381817703,-0.21848735387745555,-0.1827767928637004,-0.5418718945685286,,5.2,-0.19586957024497298,0.15169944006653105,0.2870370294058986,False,False,False
8454,250.5,2026-07-29,0.010080645161290258,-0.15798319327731092,0.48521544251442017,0.2778037747621278,,94.0,0.4721226651331476,0.48700985146081505,0.5699658703071673,False,False,False
8455,23.5,2026-07-29,-0.10646385240631251,-0.15467623579385426,-0.026915098500934653,0.1325301204819278,,65.5,-0.04000787588220722,0.20715201231941116,0.5070118829264022,False,False,False
8462,164.0,2026-07-29,0.05128205128205132,0.14685314685314688,0.1551703902292434,0.12506823691921154,,82.3,0.14207761284797082,1.015121662468906,0.9820359281437125,False,False,False
8463,21.200000762939453,2026-07-29,-0.004694764211404467,-0.0070257431311552265,-0.013621282035171656,-0.18532427886113023,,42.4,-0.026714059416444225,0.6033306921895399,0.7855801740645526,False,False,False
8464,378.5,2026-07-29,0.04269972451790638,0.0939306358381502,0.07681365576102417,-0.05502062351464676,,67.7,0.0637208783797516,0.5242756681060864,0.7907935366129147,False,False,False
8466,16.700000762939453,2026-07-29,-0.04571424211774555,0.003003071805090629,0.04049853936304304,-0.3012551870506509,,42.0,0.02740576198177047,0.4843384113597549,0.6128440646950258,False,False,False
8467,101.0,2026-07-29,-0.03809523809523807,-0.14406779661016944,-0.31986531986531985,-0.4584450402144772,,2.0,-0.3329580972465924,0.7115527860036698,0.5167472556709679,False,False,False
8472,68.0,2026-07-29,-0.01449275362318836,-0.16768662741715012,-0.011627950817908794,0.002949807363423096,,57.3,-0.024720728199181363,0.41170062449718375,0.6384976525821596,False,False,False
8473,40.400001525878906,2026-07-29,-0.0921347971712605,-0.1984126924056797,0.11294772382894314,-0.0346474791185194,,73.8,0.09985494644767057,0.28027125761934857,0.7214285986764091,False,False,False
8476,19.75,2026-07-29,-0.15053763440860213,-0.19543893760862485,0.1282089277083387,-0.10704541270103385,,71.4,0.11511615032706612,1.1933756089958367,0.8044806767319775,False,False,False
8477,15.050000190734863,2026-07-29,-0.041401250090887576,-0.09063438764194764,0.10661763004365721,0.23868318216090545,,82.7,0.09352485266238464,0.3103970264750552,0.7253012140113188,False,False,False
8478,151.0,2026-07-29,-0.006578947368421018,-0.0033003300330033403,-0.11695906432748537,-0.20734908136482944,,24.9,-0.13005184170875794,0.6899202126919206,0.652267818574514,False,False,False
8481,40.45000076293945,2026-07-29,0.006218905354610671,0.041184101715838306,0.04369293017499443,0.021539099739059653,,68.3,0.030600152793721858,0.3650363111383323,0.9700616962065616,False,False,False
8482,49.70000076293945,2026-07-29,0.03866253600444547,0.03455453405030151,0.04500458152516029,0.030432851085328894,,69.2,0.03191180414388772,1.3681238498462172,0.881221934994872,False,False,False
8487,74.5,2026-07-29,-0.009308470434167382,-0.05456856453334735,0.16396398372311083,0.12058641740836018,,82.5,0.15087120634183826,0.4290388217905288,0.8965102451018782,False,False,False
8488,10.199999809265137,2026-07-29,0.009900933071138818,0.014925334893879816,0.009900933071138818,0.02512562862234513,,62.9,-0.0031918443101337513,0.38164748634276613,0.8607594498659462,False,False,False
8489,21.899999618530277,2026-07-29,-0.045751682331303334,0.009216536799961483,-0.19485297778485855,-0.4906976832899935,,5.6,-0.20794575516613112,0.523974523184473,0.45061729024933533,False,False,False
8499,242.0,2026-07-29,-0.10204081632653061,-0.20357127935490715,-0.044285573620452934,-0.2086441183027673,,35.9,-0.0573783510017255,0.6075809176857654,0.624336069911793,False,False,False
8905,30.600000381469727,2026-07-29,0.01830286716716012,0.0320404983191207,-0.23018866964856033,-0.043749988079071045,,20.6,-0.2432814470298329,0.328014136490627,0.7509202547599932,False,False,False
8906,25.299999237060547,2026-07-29,-0.028790787791386885,-0.1495798575777968,0.03476476268293194,-0.3512820708446014,,37.0,0.02167198530165937,0.40863441400501327,0.6340851696622396,False,False,False
8908,39.34999847412109,2026-07-29,0.003826472149547566,-0.05635496992381139,-0.010062931468651892,-0.054619862524701523,,52.5,-0.02315570884992446,0.2664299058112792,0.8333637098371721,False,False,False
8916,42.45000076293945,2026-07-29,0.009512521596584556,-0.02749142545225358,-0.10158728544043483,-0.14242422701132418,,32.1,-0.1146800628217074,1.4904963544600691,0.8389328467005809,False,False,False
8917,52.5,2026-07-29,-0.00756146529945223,0.022926459991207127,0.02484572648455652,-0.039995178547213794,,59.6,0.01175294910328395,0.614844834512181,0.7882290722012965,False,False,False
8921,17.5,2026-07-29,-0.008498562140068944,-0.007891418919941828,-0.050334632670002266,-0.029576886790457224,,48.1,-0.06342741005127484,0.8424353401625199,0.9153991312376322,False,False,False
8924,55.29999923706055,2026-07-29,-0.008960573599218202,-0.012500013623918838,-0.137554531375233,-0.1905737780433573,,23.2,-0.15064730875650556,0.6926000860679166,0.7878989915328062,False,False,False
8926,60.79999923706055,2026-07-29,-0.06027817457706386,-0.17974408256022834,0.38616883400384805,0.47260070200595594,,93.9,0.3730760566225755,0.401100977127143,0.7506172745316116,False,False,False
8927,19.549999237060547,2026-07-29,-0.02005020103166999,-0.08000003590303306,-0.11337868873020751,-0.20528459618289918,,25.8,-0.12647146611148008,0.61956130260789,0.45359628606017527,False,False,False
8928,22.350000381469727,2026-07-29,-0.028260852979577145,0.06428573245093938,0.020547980400816623,-0.11133197930538086,,53.0,0.007455203019544054,0.6617401149276254,0.7996422646364105,False,False,False
8929,13.300000190734863,2026-07-29,-0.02205883693530053,-0.025640984437851122,-0.11333332061767576,-0.20359283933386707,,25.9,-0.12642609799894833,0.3549358659938588,0.6820512918325571,False,False,False
8930,29.950000762939453,2026-07-29,-0.04465708457719131,0.09706965567535453,-0.009917330150761905,0.0016722790985652658,,57.4,-0.023010107532034474,0.48528815322055485,0.9403453816083566,False,False,False
8931,42.20000076293945,2026-07-29,0.007159886065284615,0.016867488263601293,0.009569414669373,-0.06740329805658662,,55.0,-0.003523362711899569,0.5166854433369125,0.7785977890944,False,False,False
8932,89.5,2026-07-29,-0.24152542372881358,-0.1751152073732719,-0.007760498580103858,-0.02717391304347827,,55.5,-0.020853275961376427,0.8821152999138614,0.6911196911196911,False,False,False
8933,4.289999961853027,2026-07-29,-0.05714290505114106,-0.06535951650583716,-0.2909091195694752,-0.351963740783249,,4.7,-0.30400189695074775,0.2708328701618257,0.4668117690680132,False,False,False
8935,17.450000762939453,2026-07-29,-0.06434310349253458,-0.1749408473912747,-0.046448005986782004,-0.046448005986782004,,47.4,-0.05954078336805457,0.3399817243263668,0.5684039195205758,False,False,False
8936,50.79999923706055,2026-07-29,-0.03605315936190756,-0.21846155019906854,0.001972356461860114,-0.0644567228209314,,54.1,-0.011120420919412455,0.2163794943591844,0.7330446897544832,False,False,False
8937,22.700000762939453,2026-07-29,-0.08282825200244637,-0.21043475607167117,-0.4080833985363099,-0.3823129044098108,,1.3,-0.4211761759175825,0.25201632440087957,0.5044444613986545,False,False,False
8938,55.400001525878906,2026-07-29,-0.012477664300919566,0.04725897784288313,-0.07046974925789407,-0.19488396738506752,,33.1,-0.08356252663916663,0.6848800229754869,0.7847740801743033,False,False,False
8941,43.0,2026-07-29,-0.009216624696208542,0.023174990805015838,-0.007970074860372711,-0.051799052790979405,,53.3,-0.02106285224164528,0.32354948805460754,0.8301231171210713,False,False,False
8942,36.0,2026-07-29,-0.04887710828802205,-0.11388193272695002,-0.1254171957587129,-0.008023531993849642,,38.5,-0.13850997313998548,0.6302594053088821,0.7972195093558901,False,False,False
8996,859.0,2026-07-29,-0.2046296296296296,-0.4458064516129032,-0.24649122807017543,0.2700819894412638,,41.7,-0.259584005451448,1.1355232596678169,0.540251572327044,False,False,False
9802,72.69999694824219,2026-07-29,-0.016238221283615184,0.0,-0.059508485406340794,-0.2593524212752393,,29.9,-0.07260126278761336,0.9587655442109457,0.6472615464203655,False,False,False
9902,13.649999618530272,2026-07-29,-0.010869606531259346,-0.007272755015980237,-0.06185570861900702,-0.20639540621755714,,33.5,-0.07494848600027959,0.9562310467487045,0.7604456288777882,False,False,False
9904,24.100000381469727,2026-07-29,-0.006185551279598855,0.0028378712473466905,-0.016559339488174785,-0.19677910438614787,,41.1,-0.029652116869447354,0.7991441301677772,0.7895012723530302,False,False,False
9905,20.600000381469727,2026-07-29,0.0,0.019802056858443606,0.015036550997106435,0.08068570996310465,,68.4,0.0019437736158338659,0.6383279105715287,0.9927711027214327,False,False,False
9906,38.45000076293945,2026-07-29,-0.04234123781648447,-0.0701329581184047,0.003916489004359036,-0.21209013598223414,,42.8,-0.009176288376913533,0.3461146974881011,0.5217096656047626,False,False,False
9907,15.25,2026-07-29,0.006600685411728646,0.006600685411728646,-0.07291128572841543,-0.12482818959309183,,37.8,-0.086004063109688,0.6029778807955936,0.8143658707899502,False,False,False
9908,29.350000381469727,2026-07-29,0.012068978671369912,0.027804281699345124,0.02607979960446083,0.020940832370635487,,64.9,0.01298702222318826,0.9087251002501117,0.8862950565942929,False,False,False
9910,70.80000305175781,2026-07-29,0.03660321944796241,0.0114286150251115,0.04669707610755691,-0.28744084561429994,,43.2,0.03360429872628434,0.3987457734271395,0.548934499327193,True,False,False
9911,82.30000305175781,2026-07-29,-0.0012135736925888985,-0.006038647120428897,0.0012166193093485766,0.033860597261222924,,61.9,-0.011876158071923992,1.1640723126252681,0.9453719330062855,False,False,False
9912,12.649999618530272,2026-07-29,0.01606424195414835,0.02016129094281638,0.003968193297364975,0.05416663487752271,,64.2,-0.009124584083907594,4.577019246157182,0.9806201544656725,False,False,False
9914,79.19999694824219,2026-07-29,-0.001261110966797263,0.011494174475184415,0.3678755589124305,-0.14006516546798464,,86.3,0.35478278153115794,0.8649954241213651,0.6886956256368886,False,False,False
9917,111.0,2026-07-29,0.032558139534883734,0.05213270142180093,0.019529941008924023,0.08089053720638417,,69.1,0.006437163627651454,0.8176617377047709,0.9568538832215391,True,False,False
9918,43.0,2026-07-29,0.023809523809523725,0.027352147021868722,0.035714259462216846,0.12180637207410516,,73.9,0.022621482080944277,0.7444281129655173,0.7265206255318537,False,False,False
9919,13.699999809265137,2026-07-29,-0.0551724269472319,-0.003636377507990063,-0.04861109915338868,-0.1746988256362817,,37.7,-0.06170387653466125,2.948242401234408,0.6972010216400111,False,False,False
9921,87.4000015258789,2026-07-29,0.033096963383685285,0.11054644110543443,0.3162650529731601,-0.0799999839381168,,85.2,0.30317227559188753,1.0901026044377249,0.7532605232118427,False,False,False
9924,39.400001525878906,2026-07-29,-0.007556655700132864,-0.0025316069397745,-0.05115254686970039,-0.16311655741009745,,38.0,-0.06424532425097296,1.3067604652467635,0.747217361617579,False,False,False
9925,40.5,2026-07-29,0.03290873824265761,0.049465843384242536,0.055976176752739804,0.043035293505069516,,71.7,0.042883399371467235,2.596069005543042,1.0,True,True,False
9926,49.79999923706055,2026-07-29,0.015290520115509576,0.059070994696439616,0.05370043808233005,0.05477015343195757,,72.1,0.04060766070105748,1.1598986980560013,0.9081718815870573,True,True,False
9927,69.30000305175781,2026-07-29,-0.0014409001717933245,0.007267441538103547,0.002894422316255474,-0.017021233308399775,,58.2,-0.010198355065017095,1.1555671137103285,0.8415888965327144,False,False,False
9928,17.950000762939453,2026-07-29,-0.0055400819029274295,-0.03494621533329845,0.025714329310825956,-0.02445646005001212,,61.3,0.012621551929553387,1.1199473182892554,0.8588517268213102,False,False,False
9929,11.550000190734863,2026-07-29,-0.004310361128499363,0.03587449200803805,0.008733657915767745,0.0947867281441579,,68.7,-0.004359119465504824,0.9832865625823657,0.7700000127156575,False,False,False
9930,63.900001525878906,2026-07-29,0.017515960225827687,-0.03619911637116091,-0.026338100523095487,-0.0495530556545033,,50.2,-0.039430877904368056,1.2185815893764427,0.9096223929881051,False,False,False
9931,33.95000076293945,2026-07-29,0.010416735259316523,0.014947682768186032,0.02097394045630585,0.04788093435517893,,67.1,0.007881163075033282,0.5454795472523898,0.6975659934629462,False,False,False
9933,36.29999923706055,2026-07-29,-0.09589046432132309,-0.13261647406014865,-0.01891893953890411,0.07079638947359657,,61.5,-0.03201171692017668,0.599678249046631,0.8297142682756696,False,False,False
9934,10.350000381469728,2026-07-29,-0.05045864736779726,0.024752474312641715,0.1179118477356873,0.04524760670321526,,77.5,0.10481907035441473,0.6881856070870171,0.9291089638508505,False,False,False
9935,19.200000762939453,2026-07-29,-0.007751918117475554,0.06773736728102153,0.1083578629940185,0.004619942559100032,,75.3,0.09526508561274594,0.8090974419800272,0.946347271928007,False,False,False
9937,56.29999923706055,2026-07-29,0.0217785988415784,0.05902987091835055,0.034705854887036924,0.011474109374191466,,65.9,0.021613077505764355,1.0314203430029198,0.9079744489847145,True,True,False
9938,46.59999847412109,2026-07-29,-0.010615711596566713,0.05073280896081456,0.0590908744118428,-0.12734087748035694,,58.4,0.04599809703057023,1.0955090634105311,0.7715231340541425,False,False,False
9939,130.0,2026-07-29,-0.015151515151515138,0.06338273755452217,0.21461940602737628,0.16293343505288105,,86.2,0.2015266286461037,0.9509417472470275,0.9201662107244648,False,False,False
9940,20.799999237060547,2026-07-29,0.03225804619532191,0.08616186169182294,0.07876285812472839,-0.05221282070803723,,68.0,0.06567008074345582,0.9746615493287192,0.824083681009226,True,True,False
9941,82.0,2026-07-29,0.0,0.02499999999999991,0.040609096755241936,0.023720369064585745,,67.9,0.027516319373969367,0.3999146642489899,0.7961165048543689,False,False,False
9944,17.700000762939453,2026-07-29,-0.03013694449646831,0.0028329260900767927,0.10445182287730481,0.07799783399045834,,77.8,0.09135904549603224,0.48537663120178476,0.9593495951768995,False,False,False
9945,26.049999237060547,2026-07-29,-0.013257590398753738,0.014110085247101445,0.13716103194328233,-0.08491084352719425,,73.7,0.12406825456200976,0.5890680068595998,0.8506462854229068,False,False,False
9946,17.950000762939453,2026-07-29,-0.016438314359482065,-0.0818413573688539,0.11490685326933181,0.0,,75.6,0.10181407588805924,0.34686450077455183,0.8713592442010816,False,False,False
9950,10.199999809265137,2026-07-29,-0.028571446736653683,-0.01923075159625809,-0.04672897279559296,-0.028571446736653683,,48.6,-0.05982175017686553,0.5030828449396941,0.7669172678937802,False,False,False
9955,22.850000381469727,2026-07-29,-0.06734692320531732,-0.13446967001350973,-0.21477662948691467,-0.3367198875057428,,8.4,-0.22786940686818724,0.7411607257604766,0.563501869577991,False,False,False
9957,5.880000114440918,2026-07-29,-0.013422805905036084,-0.024875636840516635,-0.16358464595249034,-0.06666667675845805,,28.9,-0.1766774233337629,0.8044681513563584,0.6482911038901501,False,False,False
9958,104.0,2026-07-29,-0.06306306306306309,-0.07901088864599104,0.05064285695567583,-0.27371668878667454,,45.1,0.03755007957440326,0.7062116594939287,0.5330848013660497,False,False,False
9960,31.100000381469727,2026-07-29,-0.059001479594716355,-0.06466164266256458,-0.00320514035334607,0.34051721373863164,,79.1,-0.01629791773461864,0.14725996725645646,0.8785310463541733,False,False,False
9962,9.770000457763672,2026-07-29,-0.004077467904388787,0.01559257525873381,-0.003061197182379072,-0.14672483663641978,,46.2,-0.01615397456365164,0.3750571472233963,0.8074380289050005,False,False,False
