ticker,last_close,last_date,ret_1w,ret_1m,ret_3m,ret_6m,ret_12m,rs_rating,rs_vs_bench_3m,vol_surge,near_high_pct,new_high_20d,new_high_60d,new_high_250d
1101,24.549999237060547,2026-08-10,0.03151260605219375,0.08149772739838168,0.017824805904857355,-0.03625314824730319,,48.2,-0.05728164837203176,0.7023244015981026,0.9564870322964958,False,False,False
1102,32.95000076293945,2026-08-10,0.007645259760462597,-0.011713020695497511,0.01970659859213786,-0.006145170211250606,,51.3,-0.055399855684751254,0.34166687206777424,0.8864785629220389,False,False,False
1103,13.199999809265137,2026-08-10,0.003802295983674986,0.024528212084962364,0.03223138289383298,-0.03995260386060895,,50.4,-0.04287507138305613,0.7146205919868703,0.960047396139391,False,False,False
1104,26.649999618530277,2026-08-10,-0.009293680429191764,-0.016605193970666843,0.009548907715158927,-0.051023980122155255,,45.8,-0.06555754656173018,0.6488143976378201,0.8692909961529095,False,False,False
1108,12.100000381469728,2026-08-10,0.0,-0.043754092928015687,-0.08079180846622891,-0.13843194215546661,,23.1,-0.15589826274311802,0.647658670054135,0.8394055382054538,False,False,False
1109,13.550000190734863,2026-08-10,-0.010948877417416458,-0.01789733249059533,-0.056411161310121805,-0.06858652111792918,,32.9,-0.13151761558701092,0.7036704822420523,0.8939263026029001,False,False,False
1110,16.299999237060547,2026-08-10,0.01874995231628418,0.044871720414975336,0.10749732242418952,0.02863525695286806,,67.5,0.03239086814730041,1.0058804281222113,0.9077846741186806,True,True,False
1240,54.900001525878906,2026-08-10,-0.009025270509540273,0.0015417321291575359,0.0032774492474290096,-0.03838686769905442,,45.8,-0.0718290050294601,0.6646165352613046,0.9262257569517746,False,False,False
1301,55.59999847412109,2026-08-10,0.0334572353640592,0.014598526426976788,0.17791207267247033,0.09410358938973973,,76.1,0.10280561839558122,0.3684131402483472,0.8398791697466602,False,False,False
1303,185.0,2026-08-10,0.1212121212121211,0.019283746556473913,1.0863432533137298,1.3092320733321974,,98.1,1.0112367990368407,1.12806172135552,0.8131868131868132,False,False,False
1304,12.100000381469728,2026-08-10,0.08520186506200789,-0.08675370831285834,-0.040196073462339665,-0.020999962345469858,,39.5,-0.11530252773922878,0.3797770144115807,0.6705479313052203,False,False,False
1305,11.699999809265137,2026-08-10,0.06363634629683057,-0.07868308189566153,-0.09285719461638786,-0.07142854439698532,,26.7,-0.16796364889327697,0.32233166836455446,0.6391791953025066,False,False,False
1307,30.899999618530277,2026-08-10,-0.014354091147170567,-0.03888030631483641,0.019294589335713486,0.017719201954312425,,53.0,-0.055811864941175626,0.6407651528871704,0.8802998121867561,False,False,False
1308,13.649999618530272,2026-08-10,0.08333327025963677,-0.055318508020880786,0.028965323882200966,-0.021937599301467325,,51.5,-0.046141130394688146,0.5127767978242253,0.7133805549042967,False,False,False
1309,12.899999618530272,2026-08-10,0.027888400197300323,-0.1043243373527164,-0.21729243708020984,0.03841280552238513,,16.8,-0.29239889135709896,0.2928309619452168,0.49177666715287,False,False,False
1310,8.079999923706055,2026-08-10,0.10081740541343986,-0.21932370764234965,-0.05164325239638645,-0.11886588260841247,,30.1,-0.12674970667327556,0.7049919632000786,0.6595918305066167,False,False,False
1312,11.899999618530272,2026-08-10,0.03930129404028482,-0.11851854677553542,0.03478257552437136,-0.12177125822720059,,44.2,-0.04032387875251775,0.278157214143433,0.7880794250266111,False,False,False
1313,11.600000381469728,2026-08-10,0.09952608263049956,-0.07199996948242171,0.04472056528626389,0.021910083709627992,,58.3,-0.03038588899062522,0.5438525967179532,0.8111888270452964,False,False,False
1314,7.739999771118164,2026-08-10,0.010443854477762526,-0.1303370670934556,0.09322031843562928,-0.060679613335978266,,59.8,0.018113864158740167,0.5009946904273332,0.7442307745211226,False,False,False
1315,64.4000015258789,2026-08-10,0.01577287028284724,0.012578664637599601,0.04715449635575464,0.03473677397432051,,60.1,-0.027951957921134474,1.3953918462344166,0.9907692542442909,False,False,False
1316,10.050000190734863,2026-08-10,0.0,-0.028985524606547353,-0.12227071107873888,-0.29225349818825386,,10.6,-0.197377165355628,0.46027549361627795,0.6109422324998742,False,False,False
1319,77.5999984741211,2026-08-10,0.08683468929612004,0.0237466404999247,0.02148616625242883,-0.27682394538290345,,28.7,-0.05362028802446028,0.4810690709037731,0.7105990845869135,True,False,False
1321,32.20000076293945,2026-08-10,0.00782472594773731,0.023847376210044402,0.09337860539075638,-0.038805947374941696,,61.5,0.018272151113867263,0.5321100002661747,0.8529801526606478,False,False,False
1323,21.600000381469727,2026-08-10,0.08270674463308447,0.058823567910728514,0.1603895432543656,0.206929145506066,,78.6,0.0852830889774765,1.247699091505422,0.9156015149447339,True,True,False
1324,10.050000190734863,2026-08-10,0.0070140933576485764,-0.03827747615608834,-0.01470584522894025,-0.07798160160945222,,38.8,-0.08981229950582936,0.30535441758340753,0.7882353090772442,False,False,False
1325,26.799999237060547,2026-08-10,0.02681987913256134,0.09611445402010577,-0.00924214443812188,-0.2513966534022465,,25.5,-0.08434859871501099,0.9132074583598443,0.7486033465977535,False,False,False
1326,58.79999923706055,2026-08-10,0.044404973958762195,-0.020000012715657545,0.264017026023762,0.34857149506357077,,86.7,0.18891057174687287,0.4517945326312389,0.8200837062727672,False,False,False
1336,14.75,2026-08-10,-0.01666666666666672,0.0449074891980934,0.08655236805812727,-0.10213045894256578,,54.7,0.01144591378123816,0.5229813863702631,0.810509347861175,False,False,False
1337,4.71999979019165,2026-08-10,0.012875524623216839,-0.07992208871401763,-0.056000041961669966,-0.19591143403538602,,22.5,-0.13110649623855908,0.409195585322297,0.7340590849457611,False,False,False
1338,15.449999809265137,2026-08-10,0.009803896513747024,-0.08579880721862632,-0.04362262936406047,-0.21923530019574422,,22.6,-0.11872908364094958,0.4264279505892693,0.670891565893851,False,False,False
1339,45.0,2026-08-10,0.013513478682458668,0.00446430282021093,0.125,0.022727272727272707,,68.9,0.04989354572311089,0.6806861274315984,0.967741935483871,False,False,False
1340,5.260000228881836,2026-08-10,0.04365084696308652,-0.043636322021484375,-0.03839114613612382,-0.2528408725307252,,20.6,-0.11349760041301293,0.7290443380932793,0.6102088513590136,False,False,False
1341,59.20000076293945,2026-08-10,0.025996533451754233,0.017182130358953218,0.0392415877041703,0.08187714224944109,,62.7,-0.03586486657271881,1.3359161249370717,0.9633153179235243,False,False,False
1342,103.5,2026-08-10,0.05504588797015564,-0.06334841628959276,0.08947368421052637,0.16833516300813534,,72.0,0.01436722993363726,0.48814264793125745,0.8808510638297873,False,False,False
1343,35.349998474121094,2026-08-10,-0.004225395095180495,0.37281547472314935,0.6833332606724329,0.14772725161582767,,93.7,0.6082268063955438,1.0654654311142093,0.6415607886218725,False,False,False
1402,27.25,2026-08-10,0.013011166781899286,0.04118636603435677,0.07244150319960596,0.009914044351864604,,62.3,-0.002664951077283151,0.47043877233384773,0.9771133369832132,False,False,False
1409,24.75,2026-08-10,0.13532114065051792,-0.06779658338174144,0.4688426967169721,0.617647038657406,,93.9,0.393736242440083,0.24811752533705428,0.7807570790009344,False,False,False
1410,25.799999237060547,2026-08-10,0.00389099109542812,-0.017142886207217267,-0.029703282794318664,-0.2237626373717182,,24.2,-0.10480973707120778,0.42736844137984303,0.722331984466367,False,False,False
1413,9.399999618530272,2026-08-10,-0.006342539045956941,0.0010648854996717638,-0.005291025581380726,-0.05527640213849272,,42.2,-0.08039747985826984,1.2166359879084039,0.796610124287199,False,False,False
1414,19.75,2026-08-10,0.04497356606485581,0.018041257131542032,0.2421383945810187,0.03250571509880951,,78.0,0.1670319403041296,1.445883897166162,0.9559323598623711,False,False,False
1416,11.0,2026-08-10,0.018518500530834592,-0.004524904060796975,0.03266830798905129,-0.019840305076227804,,51.9,-0.04243814628783782,0.9338766413654086,0.9558581900464863,False,False,False
1417,8.289999961853027,2026-08-10,0.002418319586739548,-0.034796726699094394,-0.0020588639465646263,-0.03588736577729246,,45.0,-0.07716531822345374,0.3796232963992771,0.9224213555941836,False,False,False
1418,18.049999237060547,2026-08-10,0.0,-0.059895910426143395,-0.019021760256845432,-0.0952381680811003,,37.1,-0.09412821453373454,0.28545521689241765,0.7307691773088223,False,False,False
1419,65.0,2026-08-10,-0.014249945619726812,0.002006793908275517,0.06934169442676952,-0.1420558182129258,,48.0,-0.005764759850119594,0.8269687389698994,0.8375168971939869,False,False,False
1423,35.95000076293945,2026-08-10,0.018413641357716726,-0.025745277063828675,-0.027769819782968663,0.023132329208376268,,45.7,-0.10287627405985778,0.08260840410817692,0.8665999618198892,False,False,False
1432,15.300000190734863,2026-08-10,0.020000012715657656,0.0065789725476688155,0.030688581159046935,-0.06959459498644394,,47.4,-0.04441787311784218,0.44570639485074404,0.8895348553531178,True,False,False
1434,17.700000762939453,2026-08-10,0.035087740823673386,0.02624677082596083,0.15697888795776826,0.046949192621815294,,72.8,0.08187243368087915,0.3811004077403268,0.9076923468174078,False,False,False
1435,24.649999618530277,2026-08-10,0.010245901799528667,-0.15582195292898837,0.9182878511098469,0.1307339670280656,,96.1,0.8431813968329578,1.7712150230179893,0.7458396425888281,False,False,False
1436,37.34999847412109,2026-08-10,0.026098816165344596,-0.06383878305939383,-0.1306382534767313,-0.31092396049122417,,9.1,-0.20574470775362041,0.5288037672137422,0.5157501389316876,False,False,False
1437,30.299999237060547,2026-08-10,-0.01503672548717494,-0.0006460036505591127,0.07434914873359988,-0.061582253177143054,,56.4,-0.0007573055432892328,1.1777371914128374,0.8977207303590605,False,False,False
1438,22.450000762939453,2026-08-10,-0.019650605374975316,0.02277904248842688,0.05647062413832726,-0.3196969465775923,,31.1,-0.01863583013856185,0.26740392198240304,0.5808538131080692,False,False,False
1439,29.25,2026-08-10,0.06101119631637619,0.266441001130475,0.12307030950771569,0.0003819415927479586,,67.6,0.04796385523082658,0.8442821320902981,0.9631509332288247,True,True,False
1440,13.5,2026-08-10,0.1020408163265305,0.03430594897538075,0.1458908203594249,-0.010180284851071697,,69.2,0.0707843660825358,0.5629057692509752,0.8851272262339953,True,False,False
1441,8.890000343322754,2026-08-10,-0.005592756085834538,-0.050213603695936415,-0.09837721573322811,-0.1198019794501135,,21.7,-0.17348367001011722,0.4095724239941414,0.6350000245230538,False,False,False
1442,30.049999237060547,2026-08-10,0.030874772909367465,0.05623896067536638,0.11502776943828841,0.04159441385524465,,68.8,0.039921315161399296,0.49709817047884,0.47494500926897465,False,False,False
1443,26.049999237060547,2026-08-10,-0.01698116086563972,-0.0019157526313554607,-0.03874542913760037,-0.040515668395036175,,38.1,-0.11385188341448949,0.6560171934411486,0.8403225560342112,False,False,False
1444,7.260000228881836,2026-08-10,0.01538463385275679,-0.11786140550512292,0.22428337926543107,0.07079646079938029,,78.1,0.14917692498854196,0.24973740053983268,0.7260000228881835,False,False,False
1445,10.449999809265137,2026-08-10,-0.027906994486963987,-0.07111112806532116,-0.14344262519340245,-0.2328594160749614,,11.4,-0.21854907947029156,0.6466543469561198,0.6598807632649348,False,False,False
1446,13.949999809265137,2026-08-10,0.014545440673828125,-0.07000001271565759,-0.017183128722525254,-0.12167801154180402,,34.9,-0.09228958299941437,0.48900121059112023,0.6747374095230574,False,False,False
1447,7.170000076293945,2026-08-10,0.04063863791497724,-0.1443914106948314,0.454361120882673,0.244791630448568,,90.9,0.3792546666057839,0.5359939641172251,0.7177177417984484,False,False,False
1449,12.899999618530272,2026-08-10,0.05737703444335529,-0.0685921109583858,-0.0618182095614348,0.10256408793398997,,46.3,-0.1369246638383239,0.2137109065692461,0.7865853608895594,False,False,False
1451,17.5,2026-08-10,-0.0028489595005202206,0.01156073825199977,0.0385756441433136,0.021629955329077077,,57.1,-0.03653081013357551,0.7988243339382477,0.9859154929577465,False,False,False
1452,11.350000381469728,2026-08-10,0.01339290846063279,-0.025751008316203694,0.04634837338374953,-0.040485508122707126,,52.5,-0.02875808089313958,0.8644485882759747,0.8113789443837721,False,False,False
1453,11.100000381469728,2026-08-10,-0.004484236661089103,-0.004484236661089103,-0.038961021803801676,-0.129411734786688,,31.0,-0.11406747608069079,0.5964270672225129,0.7816901782088238,False,False,False
1454,12.75,2026-08-10,-0.019230769230769273,-0.003906264842953311,-0.06934305273658936,-0.030418222823870966,,33.8,-0.14444950701347847,0.38061711289399225,0.7680722715062458,False,False,False
1455,9.899999618530272,2026-08-10,0.15116269527866888,0.06451606618171457,0.24169978475485432,0.07225680529528988,,79.5,0.1665933304779652,0.7653666351357032,0.8999999653209337,True,False,False
1456,14.25,2026-08-10,0.010638270529935712,0.06741569983619655,0.010638270529935712,0.09195400702883538,,58.5,-0.0644681837469534,0.6450591256815591,0.9134615161244926,True,False,False
1457,14.100000381469728,2026-08-10,-0.013986000461364778,-0.0035335150818708305,-0.013986000461364778,-0.037078941251475594,,42.4,-0.08909245473825389,0.6260403163070842,0.8810305173657783,False,False,False
1459,14.0,2026-08-10,0.09374998370185517,0.07070252658437748,0.06659846666240421,0.06213567928272856,,64.6,-0.008507987614484902,1.6161350385847462,0.8860759386705334,False,False,False
1460,6.659999847412109,2026-08-10,-0.01624817338616158,-0.07112973827825209,-0.05128207044053168,-0.0133333559389468,,38.4,-0.1263885247174208,0.2945276215956753,0.7762237653418744,False,False,False
1463,17.799999237060547,2026-08-10,0.002816858425946256,-0.011111153496636272,-0.016574648513063672,0.01714281354631697,,46.9,-0.09168110278995278,0.6702900267810771,0.8989898950977477,False,False,False
1464,10.399999618530272,2026-08-10,0.009708682130449064,0.00959304989922738,0.02910208467630926,-0.06976353383041756,,47.0,-0.04600436960057985,0.5358339180417835,0.8839175841660493,False,False,False
1465,12.350000381469728,2026-08-10,-0.01984126924056795,-0.007938004216942462,0.049692105833336164,0.011903265156126386,,58.3,-0.025414348443552948,0.6538922155688622,0.9266513716892745,False,False,False
1466,17.0,2026-08-10,0.09324757501476366,0.0089020543106475,0.11475409836065564,0.17241379310344818,,74.9,0.03964764408376653,0.3633430115500336,0.8521302932268762,False,False,False
1467,9.789999961853027,2026-08-10,0.05495692279708164,0.16409038519371277,0.37307150136289824,0.24554704778047776,,88.6,0.2979650470860091,0.8719331208530612,0.9323809487479073,False,False,False
1468,13.550000190734863,2026-08-10,-0.03214284351893837,0.11065577070292121,0.08400001525878897,0.018796992211636,,64.4,0.008893560981899862,1.0172352520851644,0.9063545393717908,False,False,False
1470,23.399999618530277,2026-08-10,0.006451596495925971,0.08837207528047797,0.08235708768588168,0.051701964745812345,,66.0,0.007250633408992568,0.34215246392297755,0.9915253915378541,False,False,False
1471,9.529999732971191,2026-08-10,0.0031578666285465573,-0.08365383821831607,-0.1216590416672162,-0.31438848960350874,,9.6,-0.1967654959441053,0.364298959216862,0.6505119441038776,False,False,False
1472,88.9000015258789,2026-08-10,0.0056561084996544775,0.004519791252868943,0.06740391849502503,0.08814208833651449,,66.2,-0.007702535781864084,0.43143539373195544,0.981571413793603,False,False,False
1473,19.950000762939453,2026-08-10,0.007575834932263215,-0.012376237156320857,-0.010219314071138075,-0.22871803539025315,,27.4,-0.08532576834802719,0.5608408638513656,0.6298604256632173,False,False,False
1474,10.100000381469728,2026-08-10,0.010000038146972923,-0.0140475594213475,0.03836510669338766,-0.0140475594213475,,53.9,-0.03674134758350145,0.3348384502285132,0.8249003809820384,False,False,False
1475,27.149999618530277,2026-08-10,0.0,-0.005494491674807089,-0.007312642053012741,-0.11861930335327797,,37.2,-0.08241909632990185,0.8005171561784786,0.7322239529053016,False,False,False
1476,337.0,2026-08-10,-0.02741702741702745,0.005970149253731405,0.02289733109477221,-0.13204889940190312,,40.4,-0.0522091231821169,1.0025581189615607,0.7796197795297649,False,False,False
1477,222.0,2026-08-10,0.016018306636155666,-0.0022471910112359383,-0.02844638949671774,-0.2613688539854018,,21.6,-0.10355284377360685,0.7675389444490842,0.6786241530253762,False,False,False
1503,195.5,2026-08-10,0.002564102564102555,-0.0960105908036315,-0.020862376787103787,-0.18604206604206608,,29.3,-0.0959688310639929,0.25144402673520333,0.7471404965771797,False,False,False
1504,67.19999694824219,2026-08-10,0.029096382966144807,-0.0044444896556713465,-0.04654482237535751,-0.21179591365193473,,22.7,-0.12165127665224662,0.23239507763485068,0.5784560465274202,False,False,False
1506,10.5,2026-08-10,0.0047847073346865,-0.0047393544863415515,-0.01408447172798788,-0.16996044927786857,,31.7,-0.08919092600487699,0.49849633890366274,0.7241379310344828,False,False,False
1512,6.570000171661377,2026-08-10,-0.01793720247125663,-0.07203386405938217,-0.07854136518810595,-0.20266985993255304,,18.8,-0.15364781946499506,0.6680082599978614,0.7164667521264234,False,False,False
1513,159.5,2026-08-10,0.025723472668810254,-0.053412462908011826,0.05275459750863676,-0.10898936062756248,,47.9,-0.022351856768252354,0.1934778101147259,0.8838634798965508,False,False,False
1514,102.0,2026-08-10,0.03343468240924374,-0.13276934411701413,-0.13979145514278102,-0.2329548407973301,,11.8,-0.21489790941967013,0.18628328607746714,0.7106070508434793,False,False,False
1515,31.200000762939453,2026-08-10,0.057627144506422034,-0.2229140827596403,0.39152871356429886,0.17235028920334972,,88.0,0.31642225928740975,0.3421844505658438,0.6956522145913154,False,False,False
1516,14.649999618530272,2026-08-10,-0.07278484546341668,-0.19505499975791352,-0.3217592888980568,-0.35745613558103784,,1.3,-0.39686574317494594,0.7310086874395664,0.5745097889619715,False,False,False
1517,11.800000190734863,2026-08-10,0.044247786863752525,0.10280377580168132,0.17412934992910079,-0.05220880550106932,,69.8,0.09902289565221167,1.0620023212917566,0.8280701888234991,False,False,False
1519,671.0,2026-08-10,0.06805446097838885,0.04139003010499187,-0.17850962116135416,-0.27803629853382517,,6.8,-0.25361607543824327,0.4046839001567767,0.6952243068065387,True,False,False
1521,25.299999237060547,2026-08-10,-0.003937022951637226,-0.019379845534327478,0.029761932950079784,-0.05261906875666589,,48.9,-0.04534452132680933,0.32801693437264934,0.8772045288389271,False,False,False
1522,28.200000762939453,2026-08-10,0.007142884390694659,-0.020968858566832727,-0.06461989108790311,-0.41140413002603216,,10.4,-0.13972634536479223,0.769888409362864,0.5562677274825323,False,False,False
1524,27.149999618530277,2026-08-10,0.02840909131959113,-0.04063603001883742,-0.06861063554623947,-0.18940991872470603,,20.7,-0.14371708982312859,0.38414496122235664,0.7958520633174102,False,False,False
1525,68.4000015258789,2026-08-10,-0.002915407473626064,0.02242152415227916,0.1730705733058462,0.11277265898155253,,76.5,0.09796411902895708,0.4908908524313562,0.9941860245910457,False,False,False
1526,18.299999237060547,2026-08-10,0.0,0.27083331401701294,0.18831166820555034,-0.17567573837157457,,65.0,0.11320521392866123,1.6368128109520839,0.7770700564720998,False,False,False
1527,32.650001525878906,2026-08-10,0.012403148089268345,0.019958360349691118,0.05458657880870432,-0.026535350384068623,,55.7,-0.02051987546818479,0.49340413983963277,0.9197471131241403,False,False,False
1528,19.0,2026-08-10,0.07042253521126751,-0.15929204958870058,-0.281663536788175,-0.35593220338983056,,2.1,-0.35676999106506413,0.17637423844106212,0.5993690707481921,False,False,False
1529,17.149999618530273,2026-08-10,0.002923931926617218,-0.11105290168810733,-0.12907217409531024,-0.2357866191887228,,12.6,-0.20417862837219936,0.3361148785493505,0.6632795040256166,False,False,False
1530,27.149999618530277,2026-08-10,-0.01808318288962696,0.03295946439210384,0.11645058851543899,0.02229204718406108,,68.2,0.04134413423854988,0.15778803939009153,0.8295414718315615,False,False,False
1531,13.0,2026-08-10,0.0,0.0,0.03174600050953447,0.04838712902644793,,58.4,-0.043360453767354645,0.510295506137126,0.9701492813494464,False,False,False
1532,21.75,2026-08-10,0.006944426661166014,-0.021691890783089085,0.10539224667154068,-0.09255530605316775,,59.1,0.030285792394651567,0.4283934792610799,0.7996453956659424,False,False,False
1533,33.099998474121094,2026-08-10,0.03276128742762641,-0.10176391194788059,-0.02359890901913675,0.03276128742762641,,46.9,-0.09870536329602586,0.35681177688990817,0.8152709290178771,False,False,False
1535,46.5,2026-08-10,0.006493489872433145,-0.009032902554043654,-0.0010250607185390281,-0.05450749005424116,,43.5,-0.07613151499542814,0.45311139990153415,0.8584941060339203,False,False,False
1536,51.59999847412109,2026-08-10,0.05846150716145826,-0.0618182095614348,-0.035514047212689914,-0.20737327675002326,,24.7,-0.11062050148957903,0.6126706291595448,0.7078188942945839,False,False,False
1537,127.0,2026-08-10,0.0039525691699604515,0.007936507936507908,0.016000000000000014,0.02008032128514059,,52.4,-0.0591064542768891,1.1806543744043805,0.9407407407407408,False,False,False
1538,10.199999809265137,2026-08-07,0.0,0.019999980926513672,-0.12446350701666908,-0.6129032386489776,,2.6,-0.1995699612935582,0.0,0.3675675606942392,False,False,False
1539,16.350000381469727,2026-08-10,0.003067555015309198,0.03154574056569426,0.044728484345176955,-0.14621406228912737,,43.4,-0.030377969931712157,0.5699910166537419,0.7587007406177473,False,False,False
1540,19.75,2026-08-10,-0.002525214090259187,-0.07982261680206548,-0.002403840827219561,-0.20345490211161965,,30.9,-0.07751029510410867,0.5426959952699805,0.7410713774509411,False,False,False
1541,21.950000762939453,2026-08-10,0.02570098851464131,0.02570098851464131,-0.011261260874249501,-0.14922475147172654,,33.6,-0.08636771515113861,0.6627136581759137,0.7478705443832873,False,False,False
1558,94.5999984741211,2026-08-10,0.03728071973301117,0.08158655349593658,0.09581801840177961,0.03456107078819759,,66.5,0.020711564124890502,1.047066985458106,0.9563502552380984,True,True,False
1560,688.0,2026-08-10,0.0253353204172877,-0.023112629763393122,0.03684604018390636,0.6201476706677631,,83.5,-0.03826041409298275,0.626409847584998,0.9006672510676664,False,False,False
1563,56.5,2026-08-10,0.027272727272727337,-0.13872960905393827,0.32518183840248804,0.24589749682976625,,87.0,0.25007538412559893,0.45527752742961364,0.8212394719186475,False,False,False
1568,28.600000381469727,2026-08-10,0.0534070270096727,-0.1306991168686369,0.01864045061749997,0.2164755914084484,,68.1,-0.05646600365938914,0.2674615297111508,0.5742972052133277,False,False,False
1569,42.79999923706055,2026-08-10,0.07402762549301523,-0.09799792310036726,-0.2218181956898082,-0.22743685815482406,,6.2,-0.2969246499666973,0.471770117368489,0.622998560965084,False,False,False
1570,33.79999923706055,2026-08-10,0.005952403929229133,-0.16129032563411294,-0.11349754908998722,0.09864486322871358,,37.3,-0.18860400336687633,0.1243957438009601,0.6325227332108331,False,False,False
1580,112.5,2026-08-10,0.0044642857142858094,-0.03347824342850936,-0.017762488047265546,-0.08473318870078506,,37.9,-0.09286894232415466,0.665703375347037,0.8538177563242478,False,False,False
1582,74.30000305175781,2026-08-10,0.08944290874594896,-0.0618686121880353,-0.14462173996637917,0.08187279700330796,,30.9,-0.21972819424326828,0.1945173104764899,0.6427863303825306,False,False,False
1583,49.70000076293945,2026-08-10,-0.005999984741210884,0.0236869525015575,0.02053388058180472,0.02792145463129514,,54.4,-0.05457257369508439,0.2035019486986173,0.8283333460489909,False,False,False
1584,18.0,2026-08-10,0.04651158148692014,-0.07692307692307687,-0.08800930044226385,-0.23522793806901454,,16.2,-0.16311575471915296,0.6576620802427179,0.6525872293720901,False,False,False
1586,18.299999237060547,2026-08-10,-0.0027248579493039937,-0.04188487583410305,-0.15081207030443056,-0.2837573470250362,,8.5,-0.22591852458131967,0.33563761626915095,0.6019736666676078,False,False,False
1587,24.299999237060547,2026-08-10,-0.008163296446508261,-0.08646620719642628,-0.17627121230303233,-0.5080971966300316,,2.6,-0.25137766657992144,0.26226719157670025,0.4278168937228686,False,False,False
1589,5.539999961853027,2026-08-07,0.0,0.0,0.0,-0.6852272817172294,,5.9,-0.07510645427688911,,0.23083333174387613,True,True,False
1590,1570.0,2026-08-10,0.10954063604240272,0.2520481009111768,0.044053135218155015,0.5635331528258518,,82.5,-0.031053319058734097,1.2615380992457808,1.0,True,True,False
1591,35.0,2026-08-10,-0.06040268456375841,0.12359551937777447,-0.4156928362534553,-0.3013971843117105,,0.7,-0.49079929053034443,0.9794937738098911,0.5169867293606838,False,False,False
1593,31.350000381469727,2026-08-10,0.04152823867635336,0.038079456605230266,0.04773448311690953,0.09762650807014239,,64.5,-0.02737197115997958,1.176982157540856,0.9454803525728233,False,False,False
1594,7.829999923706055,2026-08-10,-0.021250009536743164,-0.05776178961165257,-0.2323529343016556,-0.16702125090827324,,6.9,-0.3074593885785447,0.20751504249842492,0.4987261158490772,False,False,False
1595,62.59999847412109,2026-08-10,0.13818179043856516,-0.11830988064618186,-0.30828730967822005,0.5649999618530273,,44.3,-0.38339376395510916,0.48252882930663693,0.6228855569564288,False,False,False
1597,149.0,2026-08-10,0.19199999999999995,0.07581227436823101,-0.20320855614973266,0.7633136094674555,,72.5,-0.27831501042662177,1.2346197615291796,0.6742081447963801,True,False,False
1598,20.350000381469727,2026-08-10,0.009925596363561384,0.06544502487092685,0.02400925760809014,0.02150547208693765,,54.5,-0.05109719666879897,0.6941027234775563,0.8578968685077856,False,False,False
1599,23.600000381469727,2026-08-10,-0.020746887638410372,0.017241362300696395,-0.03278685449048124,-0.12915128969493328,,32.1,-0.10789330876737036,0.2606365542086444,0.7251841855279149,False,False,False
1603,29.25,2026-08-10,0.0017123025943206471,-0.024693803024249505,-0.03225429041526584,-0.27334578080260585,,20.0,-0.10736074469215495,0.6338881262063859,0.7266542191973941,False,False,False
1604,23.200000762939453,2026-08-10,-0.006423966427397176,-0.008546959779967112,0.017543927160695638,0.02532726899987736,,53.6,-0.057562527116193474,0.4891675413423754,0.963246891626546,False,False,False
1605,38.0,2026-08-10,0.15853661231381988,0.10465111379174896,0.11750537860221599,-0.10339682283948093,,60.3,0.04239892432532688,0.7932210000263887,0.8702920097157764,True,False,False
1608,35.75,2026-08-10,0.14767256622158387,0.12039149661209936,0.12867838382889496,-0.05920268749669344,,64.7,0.05357192955200585,2.2193357250859154,0.9407973125033066,True,False,False
1609,36.95000076293945,2026-08-10,0.06637804143652803,-0.0549871558845364,0.06604977478203766,-0.14181171410028948,,47.3,-0.00905667949485145,0.4891217228411555,0.7955931584163474,False,False,False
1611,11.850000381469728,2026-08-10,0.004237304231073269,-0.09885926043896265,0.017167448024748344,-0.07291172602008322,,45.3,-0.05793900625214077,0.3235712290772949,0.7900000254313152,False,False,False
1612,32.95000076293945,2026-08-10,0.0821018041826369,-0.01788371051461346,-0.03992446680439654,-0.07268283837704881,,35.2,-0.11503092108128565,0.8969026106510701,0.8691459037778309,True,False,False
1614,30.850000381469727,2026-08-10,-0.014376960592957566,-0.009350551734981005,0.004734480887117476,-0.07558589584058706,,42.0,-0.07037197338977164,0.9245060451743708,0.8302831804038964,False,False,False
1615,42.25,2026-08-10,0.008353185235683735,-0.02758774668885844,0.028960720856979316,-0.09760145744956916,,45.1,-0.046145733419909796,0.5492305213251801,0.8916981602680734,False,False,False
1616,19.75,2026-08-10,0.05053195752618489,-0.09403666554150591,-0.06982212630606122,-0.298477891665734,,15.1,-0.14492858058295033,0.4426003167727222,0.5230800690739077,False,False,False
1617,18.950000762939453,2026-08-10,0.14156628478713706,-0.16767436748245568,0.317148275028001,0.13718905382948066,,84.9,0.2420418207511119,2.101879267296704,0.7325711939693444,False,False,False
1618,40.5,2026-08-10,0.05058367837955213,0.04381445351461921,0.0546874580904857,-0.1606217616580311,,44.4,-0.020418996186403415,0.6602872080789848,0.8083832581535921,True,False,False
1623,210.0,2026-08-10,-0.01869158878504673,-0.07284768211920534,-0.09287257019438444,-0.21312951079938947,,16.6,-0.16797902447127355,0.2719488220399278,0.6433823649721027,False,False,False
1626,9.65999984741211,2026-08-10,-0.015290577552335205,-0.11376145087290934,-0.08867929247444839,-0.1950000127156576,,17.8,-0.1637857467513375,0.35166390465605524,0.7546874768333514,False,False,False
1708,49.95000076293945,2026-08-10,0.02777782574493748,-0.15051018008420491,0.24835440810221443,0.5150811055547218,,89.0,0.17324795382532532,0.302068535340366,0.809562401058223,False,False,False
1709,27.299999237060547,2026-08-10,0.18954241087196988,0.11885244524052774,0.49999989520062904,0.5826086514237998,,94.3,0.42489344092373993,1.539670618402883,0.9715302087705048,False,False,False
1710,14.5,2026-08-10,0.08208958304361347,-0.11585363797103221,0.18367346938775508,0.039426537509310355,,75.2,0.10856701511086597,0.4332212940150376,0.7692307536637536,False,False,False
1711,38.04999923706055,2026-08-10,0.1689708180926115,-0.11098131038953318,-0.29406311391676543,0.7139638706941391,,59.9,-0.36916956819365454,0.27778516630564093,0.6137096651138798,False,False,False
1712,39.34999847412109,2026-08-10,0.010269517415830931,-0.006313131556390794,-0.047215515713366574,-0.09650713204138905,,32.3,-0.12232196999025569,0.8643543255704869,0.8763919184154375,False,False,False
1713,44.0,2026-08-10,0.021922043458507234,-0.015452355479120383,-0.008197822226143403,-0.06340743464261922,,41.2,-0.08330427650303251,1.4451359846518623,0.8822210334519843,False,False,False
1714,16.649999618530273,2026-08-10,0.16027868821735725,-0.03478263080983923,0.6243902066858804,0.7922496971904385,,96.4,0.5492837524089913,1.054927293225029,0.7318681151002318,False,False,False
1717,70.0,2026-08-10,0.1345218660361185,-0.05149055412765735,-0.1535670788015927,0.05345899312493274,,26.8,-0.22867353307848182,0.420104365788663,0.8196721165021031,False,False,False
1718,10.25,2026-08-10,0.0677082909064175,-0.2781690043888495,0.5275707811814903,0.39266301821459604,,93.1,0.45246432690460114,1.137237944448914,0.6743421137250363,False,False,False
1721,20.299999237060547,2026-08-10,0.03571422663096557,-0.14884700577058918,-0.41074023838923,0.06842101247687093,,4.1,-0.48584669266611913,0.24215736439420812,0.5841726399154115,False,False,False
1722,46.09999847412109,2026-08-10,0.013186779651013003,-0.03049423314836408,-0.019148968635721575,-0.017057633810872885,,43.8,-0.09425542291261069,1.2255531397644535,0.8837782072364451,False,False,False
1723,86.30000305175781,2026-08-10,0.033532970679734264,0.022511866013371185,0.08984139775466837,0.19941795191857858,,73.7,0.014734943477779261,0.4602953738560714,0.9620959418934406,False,False,False
1725,30.899999618530277,2026-08-10,0.03344481648020681,-0.02215192261041654,-0.025025148460926072,0.09371114533616431,,51.7,-0.10013160273781518,0.18878413671978087,0.7747673784774148,True,False,False
1726,77.30000305175781,2026-08-10,0.001295415899856378,0.02840984237370514,0.06629861407762205,0.0691120659945903,,65.1,-0.008807840199267059,0.5128497474066228,0.985969407490917,False,False,False
1727,76.5,2026-08-10,0.08050842800211822,-0.15841585571128158,-0.025055670083846904,0.6568783903952355,,81.4,-0.10016212436073602,0.2266816614777193,0.733307414919002,False,False,False
1730,51.400001525878906,2026-08-10,0.0019493623841249086,0.0019493623841249086,0.02959557688581116,0.023789645610277077,,55.8,-0.04551087739107795,0.5453023316754865,0.9961240900357297,False,False,False
1732,26.799999237060547,2026-08-10,0.011320725926813102,-0.007407435664424145,0.007518753861753602,-0.19760484991908045,,32.8,-0.06758770041513551,0.8391452181339857,0.8023951500809196,False,False,False
1735,20.5,2026-08-10,0.04859339130502649,-0.06818181818181823,-0.24400631557194186,0.2900442097346396,,31.7,-0.31911276984883097,0.3928635933786637,0.6653697989120352,False,False,False
1736,139.5,2026-08-10,0.11155378486055767,0.09887448647295938,0.20418327303266226,-0.013638294380829419,,74.5,0.12907681875577315,2.1463032339642254,0.7896284158272688,False,False,False
1742,17.850000381469727,2026-08-10,-0.035135114515149946,0.1743421450959024,0.14423076570386706,0.0851063558419014,,73.4,0.06912431142697795,2.2164327083142408,0.96486488548485,False,False,False
1773,162.0,2026-08-10,0.06930693069306937,-0.07163323782234954,-0.07668593797478551,0.11983015693269894,,45.7,-0.15179239225167462,0.6717274407791465,0.8499223994240578,False,False,False
1776,17.0,2026-08-10,0.017964025350603707,-0.1304347486738805,0.04399433872734759,0.13127356133464163,,66.0,-0.03111211554954152,0.3358138318472945,0.83129581250717,False,False,False
1785,118.5,2026-08-10,0.11267605633802824,-0.15740071567627456,-0.2398000186770355,0.7957034311484072,,70.7,-0.3149064729539246,0.42327372528665397,0.6513064554937452,False,False,False
1802,54.70000076293945,2026-08-10,0.150368068151433,-0.15846152672400837,-0.23066101354630686,0.051923091594989534,,16.4,-0.30576746782319597,0.48206446400931174,0.7140992408951491,False,False,False
1805,9.989999771118164,2026-08-10,-0.0010000228881835715,-0.01089114912840794,-0.03478266638483385,-0.1709543889634637,,27.9,-0.10988912066172296,0.4241467104497463,0.7684615208552434,False,False,False
1806,8.039999961853027,2026-08-10,0.0012453585572083092,-0.0265711390855794,0.00202412283751352,-0.09541027437321015,,40.2,-0.07308233143937559,0.4250296963605884,0.772314773828247,False,False,False
1808,33.349998474121094,2026-08-10,0.007552870438814585,0.10797335719145518,0.159999946925951,0.06379579165279758,,73.9,0.08489349264906187,1.0447332150594941,0.7757166537742899,True,True,False
1809,41.0,2026-08-10,0.19533530355593176,-0.15107272807837813,0.021234222179908002,0.5898982865764004,,82.1,-0.05387223209698111,0.3890484567200599,0.6922460344761957,False,False,False
1810,24.649999618530277,2026-08-10,0.03354294441362393,0.03354294441362393,0.3751650098117396,0.28633006580900044,,89.3,0.3000585555348505,0.477568013078691,0.7218154763434046,False,False,False
1815,89.0999984741211,2026-08-10,0.22222217570861535,-0.06210527921977793,-0.1750000141285084,-0.060126628630219336,,16.3,-0.2501064684053975,1.4348713286397687,0.7015747911348118,False,False,False
1817,38.400001525878906,2026-08-10,-0.0025973629641842244,-0.009032218686995996,0.051127763805780546,0.04841517546318164,,61.7,-0.023978690471108566,0.5581773910453036,0.9871465300671681,False,False,False
2002,19.649999618530277,2026-08-10,0.04244027696927688,0.06768410195950647,0.07056978714361373,0.010486748704776616,,61.9,-0.004536667133275385,0.7382356480834572,0.9320254606091178,True,False,False
2006,85.9000015258789,2026-08-10,0.06840795890071805,0.22364679857767222,0.2975831644378921,0.2907149927010211,,86.9,0.222476710161003,1.7424273988515306,0.9706214861681233,False,False,False
2007,7.170000076293945,2026-08-10,0.019914631907160585,-0.019151828670516013,-0.015109908014315887,-0.11699505205100469,,35.7,-0.090216362291205,0.6162449323823415,0.7940199654839591,False,False,False
2008,31.299999237060547,2026-08-10,0.009677394743888623,0.08492196960816845,0.17763355004809145,0.09779397130988654,,76.2,0.10252709577120234,0.8501898680700568,1.0,True,True,False
2009,39.650001525878906,2026-08-10,0.08481538586942161,0.05213424426436064,-0.01989450061768072,-0.22910932026256836,,25.6,-0.09500095489456983,1.3608905042332549,0.7301696332618713,False,False,False
2010,23.399999618530277,2026-08-10,0.1090047012075146,0.09601869791252104,0.10634985606937608,0.21988931411261992,,75.7,0.03124340179248697,1.446532203828524,0.9905691028815012,True,True,False
2012,15.25,2026-08-10,-0.025559081679251583,-0.028662408581659693,0.026936000555892514,-0.1029411764705882,,44.6,-0.0481704537209966,0.5131329844286221,0.8475969287434385,False,False,False
2013,41.34999847412109,2026-08-10,0.018472907098212366,-0.0012078031380400311,0.026656704116522656,0.04630561728644689,,57.3,-0.048449750160366456,0.888987260460819,0.9686727142727308,True,False,False
2014,17.950000762939453,2026-08-10,0.07485029598166215,0.04664729808767998,0.0,0.05278601561005525,,52.5,-0.07510645427688911,0.7925444083329706,0.8997493772674263,True,False,False
2015,65.9000015258789,2026-08-10,0.007645259760462597,0.07154474025819368,0.03129890379094924,0.06711895690332526,,60.2,-0.04380755048593987,0.7993626136231803,0.9823548712326399,False,False,False
2017,9.119999885559082,2026-08-10,0.05433529338220566,0.0,0.020134263268954733,0.031674177391187275,,54.8,-0.05497219100793438,0.7016035421656454,0.8405529552915737,False,False,False
2020,21.75,2026-08-10,0.025943359305062863,0.013985977920283998,-0.013605408047195011,-0.021851417497740555,,44.6,-0.08871186232408412,0.8908198217772406,0.9115431157186109,True,False,False
2022,7.909999847412109,2026-08-10,0.04629628403196606,-0.019826499809501463,-0.03536584982908875,-0.1122334474888288,,32.7,-0.11047230410597786,0.7391349310298071,0.8054989911640419,True,False,False
2023,13.899999618530272,2026-08-10,0.014598526426976788,0.0,0.0,-0.06397311370610437,,42.4,-0.07510645427688911,0.6137077002102362,0.8580246274018167,False,False,False
2024,13.800000190734863,2026-08-10,0.018450184242133405,0.014705867915830284,0.018450184242133405,-0.12101908545304663,,40.7,-0.05665627003475571,0.5298205571219721,0.7150259448837496,False,False,False
2025,12.850000381469728,2026-08-10,0.07983199944478558,0.06198346912026298,0.07083336512247729,-0.007721963650058394,,60.5,-0.004273089154411824,0.5557902204041871,0.839869295508325,True,False,False
2027,47.29999923706055,2026-08-10,0.06411694994834072,0.22917756085287988,0.23846608689051307,0.2704677725930895,,84.3,0.16335963261362396,0.9471365929176155,1.0,True,True,False
2028,15.75,2026-08-10,0.016129032258064502,-0.009433938498681349,-0.05910836107475048,-0.14257456194135854,,26.4,-0.1342148153516396,1.0293572262609565,0.7798588298759191,False,False,False
2029,21.200000762939453,2026-08-10,0.03667481525766925,0.049281828248623816,0.07778084840445376,0.02948406157172556,,64.3,0.00267439412756465,1.1580581323290209,0.9346921733689946,True,True,False
2030,20.450000762939453,2026-08-10,0.21005924405564635,0.1488764965990257,0.17066078953646624,0.24339420481760188,,80.7,0.09555433525957713,1.7024038256247476,1.0,True,True,False
2031,46.5,2026-08-10,0.2140992408951492,0.21251634550594845,0.2617801605326646,0.2666270770890127,,85.3,0.1866737062557755,3.132080834315031,1.0,True,True,False
2032,17.850000381469727,2026-08-10,0.1553398447788552,0.08841468272359632,0.025862113379601537,0.10788609960335993,,62.7,-0.049244340897287575,1.4668725801441287,0.9571045976716436,True,False,False
2033,18.700000762939453,2026-08-10,0.206451662125126,0.18354433779723323,0.24252495189014134,0.16149070309726166,,82.4,0.16741849761325223,3.03019086949837,0.853881328249741,True,True,False
2034,20.350000381469727,2026-08-10,0.09703510611542265,0.04040777058034006,0.0532207490369323,-0.02372690935916366,,55.8,-0.02188570523995681,1.3502243711173405,0.9439461522372985,True,True,False
2035,27.0,2026-08-07,0.030534321136057585,-0.01996367521929665,-0.04761906043402109,-0.04424778761061943,,36.3,-0.1227255147109102,0.30325770941530206,0.8852459016393442,False,False,False
2038,13.149999618530272,2026-08-10,0.0867767937155226,-0.0037878932922233988,-0.05395683601315826,-0.12333335876464857,,29.0,-0.12906329029004737,1.0749767715482532,0.7921686335145735,True,False,False
2049,387.0,2026-08-10,0.1656626506024097,0.16742081447963808,0.05921045103254352,0.5000379705060249,,81.6,-0.01589600324434559,2.2480754521729702,0.9505734939108788,True,False,False
2059,11905.0,2026-08-10,0.3786913723219456,0.4430303030303031,1.1864095500459135,2.522189349112426,,98.8,1.1113030957690244,1.1973917350341665,1.0,True,True,False
2061,59.5,2026-08-10,0.12689395567711848,-0.20348055648213603,1.7674418604651163,2.5,,98.9,1.6923354061882272,0.7966680550504959,0.7168674698795181,False,False,False
2062,18.75,2026-08-10,-0.005305059917560029,-0.02849737092239979,-0.06716419680838903,-0.1515837250518156,,23.9,-0.14227065108527814,0.6251663036550028,0.7800809553007995,False,False,False
2063,24.600000381469727,2026-08-10,0.03578948974609375,0.01652890933552542,-0.03529410268746169,-0.11191336808976904,,32.8,-0.1104005569643508,1.0902342502464695,0.83531408299408,True,False,False
2064,11.899999618530272,2026-08-10,0.021459228170475964,-0.10526319940806239,-0.08108109700384991,0.0,,34.5,-0.15618755128073902,1.0602868630189994,0.772727267097554,False,False,False
2065,35.25,2026-08-10,0.120826681872086,0.08461538461538454,0.11198735494072487,0.09138439977422497,,70.6,0.03688090066383576,1.5060565381677997,0.9737568855547639,True,False,False
2066,64.5999984741211,2026-08-10,0.09863944408701486,-0.02121214433149854,0.404347792915676,0.17668482110460015,,88.4,0.3292413386387869,0.7154444990401733,0.8849314859468643,False,False,False
2067,6.480000019073486,2026-08-10,0.03514373516739422,-0.018181801105005113,-0.07954544684857368,-0.3769230522347615,,10.8,-0.1546519011254628,0.1430555742855987,0.5491525351127926,False,False,False
2069,19.950000762939453,2026-08-10,0.07258066418184939,0.09615384212310119,0.03919680708321849,0.034077700570102065,,58.4,-0.035909647193670624,1.6856504854698893,1.0,True,True,False
2070,59.0,2026-08-10,0.22406637066621315,-0.026402615749311575,-0.13235294117647056,0.3595768551638221,,56.8,-0.20745939545335967,0.47798407048933905,0.7160194042165181,False,False,False
2071,35.75,2026-08-10,0.05147058823529416,0.22641511038903017,0.7610838100295723,1.3442622950819674,,97.9,0.6859773557526831,0.4391261392563468,0.9889349513417709,False,False,False
2072,154.0,2026-08-10,-0.03144654088050314,0.04761904761904767,-0.13725490196078427,-0.4493509271105849,,4.8,-0.21236135623767338,1.1823577176448345,0.5118833512574144,False,False,False
2073,26.850000381469727,2026-08-10,-0.04278070902780429,-0.01847271697879027,0.0790945779095169,0.04381644516270877,,65.2,0.003988123632627794,0.3645369590502546,0.937451711071282,False,False,False
2101,34.29999923706055,2026-08-10,0.028485781301508473,0.008823506972369,0.026946038025905672,-0.04513122578855577,,49.0,-0.04816041625098344,1.1594983976472102,0.7699865074183508,False,False,False
2102,18.649999618530277,2026-08-10,-0.0311688509854402,-0.02099735614435594,0.005390856365640184,-0.07213934007067035,,42.9,-0.06971559791124893,0.925958942188629,0.8859857622082551,False,False,False
2103,27.5,2026-08-10,0.29716976463858535,0.19305860781915318,0.30777489094559063,0.7742422357397472,,92.5,0.23266843666870152,1.136559207471509,1.0,True,True,False
2104,10.449999809265137,2026-08-10,0.09538782505774268,0.0,0.02955667014875263,-0.16064257274217986,,39.4,-0.045549784128136483,0.8321119113668034,0.7627737193250129,False,False,False
2105,31.700000762939453,2026-08-10,0.046204671984497514,-0.021604960801632656,0.05101431213068497,0.07983250960564447,,64.1,-0.024092142146204143,0.3097708312034028,0.8379175312244072,False,False,False
2106,18.350000381469727,2026-08-10,0.00824173693639163,0.054597746193496555,0.11691853205095759,-0.059582267252186405,,63.3,0.04181207777406848,0.9835817071953415,0.8755613728006841,False,False,False
2107,25.450000762939453,2026-08-10,0.0,-0.005859360011527537,0.03554356310747275,0.06425168513515778,,60.6,-0.03956289116941636,0.5241048449492034,0.9769674283418982,False,False,False
2108,29.850000381469727,2026-08-10,0.08545455932617196,0.034662044602338904,0.07567568942233249,0.25813250171696933,,75.3,0.0005692351454433808,0.7944637180791551,0.9284603099456212,True,False,False
2109,14.600000381469728,2026-08-10,0.010380662573324928,-0.0135135004518675,0.035460991948418785,0.009919357966874154,,55.4,-0.03964546232847033,0.4837209474089784,0.9040894115568314,False,False,False
2114,88.0,2026-08-10,-0.0011350564796033247,-0.01895202905327975,0.057763056789326805,0.0365370928201183,,61.9,-0.017343397487562306,0.31199290915109,0.9723756906077348,False,False,False
2115,22.850000381469727,2026-08-10,0.0457665895899968,0.06775704620498657,0.1802386942953298,-0.026244460334151287,,71.1,0.10513224001844068,0.5794229565134689,0.8970678862815639,True,True,False
2201,27.549999237060547,2026-08-10,0.00364293156071982,-0.03163449918255534,-0.005415217391603777,-0.1212121562414804,,37.2,-0.08052167166849289,0.7140821905418923,0.6355248029249007,False,False,False
2204,51.79999923706055,2026-08-10,0.005825227904088237,-0.028191902316642037,0.025797497620974497,-0.007292736980506143,,51.8,-0.049308956655914615,2.2571801178208335,0.8655166140989297,False,False,False
2206,62.70000076293945,2026-08-10,-0.020312488079071045,0.025726875083818657,0.11802478826716811,0.10489373271505897,,71.7,0.042918333990279,0.6768756853262234,0.967592558797551,False,False,False
2207,514.0,2026-08-10,-0.01532567049808431,0.07869884575026243,0.14020349848531377,-0.013083530352332562,,68.7,0.06509704420842466,0.39815078148865557,0.862955981577568,False,False,False
2208,19.0,2026-08-10,0.00795753928353915,-0.03797468354430378,-0.050000000000000044,-0.151785699840711,,27.1,-0.12510645427688916,0.27639567793524905,0.6462585117866686,False,False,False
2211,88.0,2026-08-10,0.011494252873563315,-0.00502905465159087,-0.021508871824280518,-0.06874645410956737,,38.6,-0.09661532610116963,1.4757028767027578,0.7811755055312577,False,False,False
2221,49.0,2026-08-10,0.13425923922752037,0.06582620130411088,0.33474680446694016,0.6349567893432595,,92.0,0.25964035019005105,0.2777896185462702,0.8390410739678925,False,False,False
2227,49.04999923706055,2026-08-10,-0.022908396581696966,-0.01801804829093545,-0.06214149230229815,-0.11141306958111374,,28.6,-0.13724794657918726,0.8461549453389386,0.8370307254994553,False,False,False
2228,75.19999694824219,2026-08-10,-0.044472682791866,-0.06940603271698853,-0.07049448951485782,-0.20527277054841797,,19.6,-0.14560094379174693,1.0142153399420704,0.6383351422470652,False,False,False
2230,27.100000381469727,2026-08-10,0.1655914142567625,0.15319150559445638,-0.09571129064665962,-0.6877203377283951,,2.5,-0.17081774492354873,0.9564601923512418,0.25824802256264134,True,False,False
2231,99.0,2026-08-10,0.026970938101314346,-0.10810810810810811,-0.1160714285714286,0.01538461538461533,,30.3,-0.19117788284831772,0.4801855545824674,0.6711864406779661,False,False,False
2233,204.5,2026-08-10,0.056847545219638196,-0.17225019452143164,-0.29863483514864086,-0.13094875584442134,,4.6,-0.37374128942553,0.973645614591154,0.5478553942007771,False,False,False
2235,27.549999237060547,2026-08-10,0.01660512358879962,-0.03226110323354725,-0.03226110323354725,-0.17967412169606656,,27.6,-0.10736755751043636,0.6540280890421825,0.7118862711610963,False,False,False
2236,137.0,2026-08-10,0.0,-0.22159090909090906,-0.017921146953404965,0.18103448275862077,,61.4,-0.09302760123029408,1.027679588050918,0.7425474254742548,False,False,False
2237,27.0,2026-08-10,,,,,,,,,,False,False,False
2239,19.5,2026-08-10,-0.032258046195322354,-0.09512757817341666,-0.11161734295135206,-0.3310463034241653,,9.8,-0.18672379722824117,1.1012818689517043,0.5051813671203522,False,False,False
2241,32.599998474121094,2026-08-10,0.0,-0.24097793026698,-0.04817522703296073,-0.0030581738986287244,,39.7,-0.12328168130984984,0.4683773596559316,0.6317829348477781,False,False,False
2243,40.59999847412109,2026-08-10,-0.06018523710418233,-0.20392159854664538,0.8288286972448433,2.5151513249921367,,98.7,0.7537222429679542,0.21634347199170026,0.6151514920321377,False,False,False
2245,25.049999237060547,2026-08-10,0.018292636122468897,0.018073983808847283,0.05550310219564736,-0.028437053575424587,,55.6,-0.019603352081241754,0.3483843639821763,0.8833749144768296,False,False,False
2247,229.5,2026-08-10,0.006578947368421018,0.02047232554944345,0.1376557434758343,-0.13538163495836575,,61.1,0.0625492891989452,0.5771187219878111,0.7813485159143431,False,False,False
2248,62.0,2026-08-10,0.043771016958448206,0.10923255754275996,0.20969919121801972,0.34659926874190616,,84.7,0.1345927369411306,0.4919196251131021,0.9393939393939394,False,False,False
2249,99.0,2026-08-10,-0.01980198019801982,-0.13165437883184838,-0.14259990271089318,-0.18047700239431486,,13.8,-0.2177063569877823,0.9742141078478979,0.734033154484284,False,False,False
2250,60.20000076293945,2026-08-10,0.0579964700978024,-0.06666665483814804,-0.0459587604010957,-0.21614585454679114,,22.4,-0.12106521467798481,0.34656192383368095,0.5931034557925069,False,False,False
2252,17.600000381469727,2026-08-10,0.07975467516915136,-0.0736841904489618,-0.0736841904489618,0.06024096247107802,,40.4,-0.1487906447258509,0.23884195872873956,0.6186291708081942,False,False,False
2254,60.70000076293945,2026-08-10,0.0016502028273328584,0.021885508479223992,-0.006546607547806338,0.01675041854640602,,48.6,-0.08165306182469545,0.3155977251375173,0.7049942141541842,False,False,False
2255,15.699999809265137,2026-08-10,0.03289473725487979,-0.08454809571531641,-0.151351361661344,-0.2879818434244046,,8.2,-0.2264578159382331,1.4059378711599184,0.5215946714382911,False,False,False
2256,96.8000030517578,2026-08-10,0.5638126117216335,0.31343293161515606,0.13481828357054204,1.834553403413545,,96.6,0.05971182929365293,2.668049308890829,0.9857434425662733,True,True,False
2258,30.200000762939453,2026-08-10,-0.03821652452768376,-0.05031441863232544,0.05594406853597067,-0.21660178052853796,,39.1,-0.01916238574091844,0.7607725061236315,0.6942528911020563,False,False,False
2301,271.5,2026-08-10,0.18300653594771243,0.27166276346604223,0.1577825159914712,0.6021870323246403,,87.4,0.08267606171458208,1.7091287876590227,1.0,True,True,False
2302,42.5,2026-08-10,0.0625,-0.08306361598416623,0.8102815769152183,1.063284615203694,,97.6,0.7351751226383292,0.49902454795814255,0.7671479933109216,False,False,False
2303,123.0,2026-08-10,0.04237288135593231,-0.21153846153846156,0.197177629642864,0.6482878847100151,,89.5,0.1220711753659749,0.7801660262300659,0.7008686553800388,False,False,False
2305,29.049999237060547,2026-08-10,-0.09076686875209017,-0.1930555767483182,0.6599999564034598,1.0899280600219305,,97.0,0.5848935021265707,1.1822283813971863,0.681125397368011,False,False,False
2308,1815.0,2026-08-10,0.14873417721518978,-0.034574468085106336,-0.1687969702878549,0.4253833326223264,,56.6,-0.243903424564744,1.0873841221196092,0.7240042511720864,False,False,False
2312,32.5,2026-08-10,0.023622047244094446,-0.044117647058823484,0.12234515715233729,0.291135363578507,,78.9,0.04723870287544818,0.24493725977315756,0.7615913960539323,False,False,False
2313,215.0,2026-08-10,0.15902964959568733,-0.0358744394618834,-0.16483227284447122,0.23377058912636706,,40.0,-0.23993872712136033,0.7354041065713592,0.727449350975478,False,False,False
2314,12.050000190734863,2026-08-10,0.004166682561238533,-0.1299639091088497,-0.07307690840501047,-0.4485125867112535,,8.0,-0.14818336268189958,0.24237608330173302,0.430010682082335,False,False,False
2316,163.5,2026-08-10,0.09731543624161065,-0.2063106796116505,0.2183570592519939,0.6508736885812296,,90.2,0.14325060497510478,0.3556416531502358,0.7039973467225381,False,False,False
2317,264.5,2026-08-10,0.045454545454545414,0.11368421052631583,0.08950692571475694,0.20787903282001263,,74.1,0.014400471437867823,0.7739828176129132,0.8814780936247871,True,False,False
2321,15.300000190734863,2026-08-07,0.06250004139211573,0.10469312413919685,0.19066145809599688,-0.08928566157412132,,69.6,0.11555500381910777,0.9839937985952879,0.7611940248936511,False,False,False
2323,10.25,2026-08-10,0.009852254702272356,-0.08071745733825453,-0.033018902723963794,-0.037558650972559615,,39.1,-0.1081253570008529,0.4150188864509412,0.7824427253070065,False,False,False
2324,36.29999923706055,2026-08-10,-0.0013754948874656892,-0.008196700807861057,0.2140468127151387,0.15556029694165008,,80.6,0.1389403584382496,0.37454433741090687,0.7715196562313141,False,False,False
2327,573.0,2026-08-10,0.03804347826086962,-0.3633333333333333,0.37571249992764644,1.021405987716577,,95.2,0.3006060456507573,1.0666370793481097,0.5026315789473684,False,False,False
2328,47.04999923706055,2026-08-10,0.10187349874467877,-0.02989692294720525,-0.11231572573746951,-0.1006575241581339,,20.8,-0.18742218001435862,0.4106661495478373,0.7731443876507769,False,False,False
2329,44.84999847412109,2026-08-10,0.059031879340625704,-0.12743196220451514,-0.23804097828857518,-0.2602339534524344,,4.4,-0.3131474325654643,0.28385226092924126,0.6540420501609076,False,False,False
2330,2380.0,2026-08-10,0.00421940928270037,-0.01449275362318836,0.05824811027123156,0.31545892419299015,,75.7,-0.016858344005657555,0.80442046720325,0.9482071713147411,False,False,False
2331,19.950000762939453,2026-08-10,0.06684491705889717,-0.029197007123924257,-0.029197007123924257,-0.31088082082268587,,18.1,-0.10430346140081337,0.3906696082328708,0.6661101921448316,False,False,False
2332,23.600000381469727,2026-08-10,0.06306304371247706,-0.018710971720006575,0.6797153068391073,0.4523077157827524,,95.3,0.6046088525622182,1.6358988303069357,0.909441221102934,False,False,False
2337,133.5,2026-08-10,0.20814479638009042,-0.06968641114982577,-0.12745098039215685,0.5930787009344825,,71.4,-0.20255743466904597,1.4254807567566021,0.7196765498652291,False,False,False
2338,40.09999847412109,2026-08-10,0.06648936440039144,-0.15932918589643275,-0.20594062427482995,-0.05424535304212219,,13.8,-0.28104707855171907,0.2579232929014087,0.6925733578124008,False,False,False
2340,31.899999618530277,2026-08-10,0.08503401470877225,-0.12602740771149923,-0.16162942816934922,0.16636194419007322,,34.9,-0.23673588244623833,0.5311760185254666,0.7324913932807545,False,False,False
2342,37.09999847412109,2026-08-10,0.1025259076315026,-0.24285717399752882,-0.15873016422229047,0.049504952631925114,,25.7,-0.23383661849917958,0.26427367287266373,0.6266891553377568,False,False,False
2344,179.5,2026-08-10,0.2552447552447552,0.016997167138810276,0.47736625514403297,0.42078569536686206,,92.4,0.40225980086714386,0.886138064572615,0.8085585585585585,False,False,False
2345,2165.0,2026-08-10,-0.0728051391862955,-0.11654362677538788,-0.13578724935745679,0.865074524405828,,81.0,-0.2108937036343459,1.141148841371733,0.7935044564740904,False,False,False
2347,91.9000015258789,2026-08-10,0.0021810750740764995,0.09015418978638601,0.13637982004365323,0.4464565946253325,,83.7,0.06127336576676412,0.5819118676023038,0.946446992482414,False,False,False
2348,71.0999984741211,2026-08-10,0.07960957490054188,0.058273393549442165,0.13290475472076113,0.04315509221558633,,70.4,0.05779830044387202,0.8949451950574531,0.7686406440758656,False,False,False
2349,11.100000381469728,2026-08-10,0.037383231713539855,-0.13618676638512617,-0.16226412215322805,-0.21554765507317664,,10.4,-0.23737057643011716,0.2500654167285517,0.6809816503691716,False,False,False
2351,168.5,2026-08-10,0.08380228871293816,-0.1519247359253295,-0.0680491579979644,0.7631503421659169,,81.9,-0.14315561227485352,0.5396835294022715,0.7406770758469854,False,False,False
2352,29.600000381469727,2026-08-10,0.040421778126218166,-0.0725211410501414,0.17945288747331234,0.20026678395859143,,79.7,0.10434643319642323,0.40927405230222674,0.8003315520597072,False,False,False
2353,31.0,2026-08-10,0.07638891740345732,-0.0461538461538461,0.13327950353868134,0.2552566857987386,,78.2,0.05817304926179223,0.421891192402445,0.738981743846414,False,False,False
2354,63.09999847412109,2026-08-10,0.11879426891802325,0.10701751708984353,0.037906493275716935,0.08840869714382049,,62.9,-0.03719996100117218,2.9350896553244135,0.8501855203178027,True,False,False
2355,42.04999923706055,2026-08-10,0.09934638528262862,-0.1506425222303076,-0.1654568497366491,0.15759202401641503,,33.5,-0.2405633040135382,0.21532123310265494,0.6427227294767169,False,False,False
2356,66.0,2026-08-10,0.03286382510132824,-0.023791132483274136,0.39916594315319043,0.4780778252240332,,91.7,0.3240594888763013,0.4255327462478416,0.7978850597527066,True,False,False
2357,818.0,2026-08-10,0.02377972465581979,0.19590643274853803,0.2930353234384766,0.7062995628169086,,91.9,0.2179288691615875,0.7645619273701124,0.934707573997297,False,False,False
2359,153.5,2026-08-10,0.1584905660377358,0.1123188405797102,0.20790871224758445,0.09266648056889437,,77.8,0.13280225797069534,1.6357514164757014,0.9286024508081283,True,True,False
2360,2030.0,2026-08-10,0.03571428571428581,0.11538461538461542,-0.16099595001905576,0.9779418831134847,,82.7,-0.23610240429594487,1.2244033866805393,0.7798742091173535,False,False,False
2362,46.79999923706055,2026-08-10,0.045810038816995524,0.07834095833278387,0.23230347899150372,0.26906482395987763,,84.0,0.1571970247146146,2.1608432911805875,0.9158512844332428,False,False,False
2363,54.0,2026-08-10,0.08324978240537617,-0.17682924914544385,-0.1455696305677,-0.07216496061652844,,18.5,-0.22067608484458912,0.3503670931927185,0.7095926554895199,False,False,False
2364,76.0999984741211,2026-08-10,0.07637909135741716,0.11911762461942788,0.07334269162665907,0.1890624761581421,,71.3,-0.0017637626502300385,0.8719342655654222,0.8383897865945271,True,False,False
2365,31.25,2026-08-10,0.09841824822402057,-0.029558427761452344,-0.1263337221745503,-0.2418425188819806,,12.4,-0.2014401764514394,0.30664959323821345,0.6233073424113624,False,False,False
2367,44.25,2026-08-10,0.16447368421052633,-0.1360164885624452,-0.31334644303613135,-0.10831364491196993,,4.5,-0.38845289731302046,0.32892012958956024,0.5689917462912365,False,False,False
2368,926.0,2026-08-10,0.06192660550458706,-0.13860465116279075,-0.3290983235753937,0.29521291649190506,,18.6,-0.4042047778522828,2.2239017378387413,0.6237814609796565,False,False,False
2369,33.599998474121094,2026-08-10,0.04999995231628418,-0.2094118006089154,0.07692300168250155,0.16464464574850668,,70.8,0.0018165474056124342,0.43596955780097574,0.7542087328739998,False,False,False
2371,26.799999237060547,2026-08-10,0.0613861083984375,-0.032491028920224485,-0.10963458812581073,-0.3316708165374076,,9.9,-0.18474104240269984,0.44654850884999187,0.6189376376275402,False,False,False
2373,53.400001525878906,2026-08-10,0.0,-0.009276437585255648,0.008590079619484214,0.03417023229156291,,52.3,-0.0665163746574049,0.5722418084671639,0.9708537006311854,False,False,False
2374,72.4000015258789,2026-08-10,0.07578006304396268,-0.034666646321614536,-0.12135922105364716,-0.20158839067225365,,14.8,-0.19646567533053627,0.46105382437777787,0.762451362618016,False,False,False
2375,124.0,2026-08-10,0.03484856684967963,-0.33572054837609056,0.32085092660707626,0.2648148702981197,,87.3,0.24574447233018715,0.25737207621690644,0.5385663672909664,False,False,False
2376,349.5,2026-08-10,0.07704160246533132,0.07704160246533132,0.129048337129553,0.5069625734333016,,84.7,0.05394188285266388,0.7232796728805801,0.9083320656380117,True,False,False
2377,155.0,2026-08-10,0.08391608391608396,0.06896551724137923,0.4761904761904763,0.6230366492146597,,94.2,0.40108402191358716,0.6581931415350467,1.0,True,True,False
2379,758.0,2026-08-10,0.07670454545454541,-0.0976190476190476,0.3657657657657658,0.4438095238095239,,91.0,0.2906593114888767,0.5779751575021239,0.8422222222222222,False,False,False
2380,19.100000381469727,2026-08-10,0.00526317797209086,-0.044999980926513694,-0.0907554685506693,0.05443325968513468,,37.5,-0.1658619228275584,0.6173545311619851,0.7546730049576493,False,False,False
2382,313.5,2026-08-10,0.057335581787521184,-0.12480794838525,-0.03857576096767157,0.1389695025796196,,53.7,-0.11368221524456068,0.5880432011169584,0.7838950306281489,False,False,False
2383,5290.0,2026-08-10,0.06224899598393585,-0.0009442870632672129,0.07959183673469394,1.7842105263157895,,96.0,0.004485382457804832,0.9533464864385732,0.8700657894736842,False,False,False
2385,103.0,2026-08-10,-0.028301886792452824,-0.03738317757009346,-0.19598074224770656,-0.07623318385650224,,13.6,-0.2710871965245957,0.7340363249911792,0.7409051210771792,False,False,False
2387,37.54999923706055,2026-08-10,-0.005298033455349738,-0.05771641970210306,-0.02467534449193387,0.07280894717775221,,50.2,-0.09978179876882298,0.7994721854702557,0.8632183732657597,False,False,False
2388,80.69999694824219,2026-08-10,0.06324104513656259,0.10396714955899289,0.07809871165414695,0.42415514289166834,,80.3,0.0029922573772578342,0.8206343973216046,0.9176090639476836,False,False,False
2390,10.600000381469728,2026-08-10,0.029126231570822947,-0.17829451977321742,0.13006399276590264,-0.027522866748594832,,66.9,0.054957538489013524,0.36162706012059753,0.7881041287575213,False,False,False
2392,37.95000076293945,2026-08-10,0.10159651444087103,0.05393819199235539,0.022209638585908742,-0.03703056599481658,,48.9,-0.05289681569098037,0.6863117055437136,0.6732484188074127,True,False,False
2393,62.400001525878906,2026-08-10,0.09473686887506849,-0.05174201062772388,-0.07391582250066375,0.1628033409956522,,49.4,-0.14902227677755286,1.2971205545782056,0.912280703711243,False,False,False
2395,667.0,2026-08-10,0.15798611111111116,0.2617498792588322,0.3778461873647134,1.2825626102117789,,96.4,0.3027397330878243,1.6061733288964202,1.0,True,True,False
2397,68.0,2026-08-10,0.22965643649463674,0.16239316239316248,0.18763966221764083,0.16047138108512438,,78.8,0.11253320794075172,2.4358559550151058,0.856705100458568,True,True,False
2399,43.650001525878906,2026-08-10,0.19917581582642363,-0.10644825200960739,-0.060279853413792606,0.66921614388659,,79.0,-0.13538630769068172,0.9737457339032586,0.7936363913796165,True,False,False
2401,27.950000762939453,2026-08-10,0.08123792458336232,-0.15303027991092566,0.07707128867819946,0.22052407111495342,,73.5,0.0019648344013103447,0.22401927768231503,0.8008595856998483,False,False,False
2402,55.5,2026-08-10,0.04323306774579572,-0.10567795537054547,-0.18652064697727588,0.022990114066729905,,19.3,-0.261627101254165,0.2583324333922898,0.7412399240428631,False,False,False
2404,1150.0,2026-08-10,0.040723981900452566,-0.02308821013226592,0.19531501679198882,0.24548558079550298,,82.3,0.1202085625150997,0.4366113164500375,0.8570019849464283,False,False,False
2405,16.350000381469727,2026-08-10,0.03481013823388324,-0.06571426391601565,0.07840096757956783,-0.03544774481953583,,59.5,0.0032945133026787143,0.22207617455357714,0.7578624131192342,False,False,False
2406,31.950000762939453,2026-08-10,0.03398061997966839,-0.170129850313261,-0.0792507187186311,0.09605492902405577,,42.7,-0.1543571729955202,0.2829052663481901,0.764354099188884,False,False,False
2408,502.0,2026-08-10,0.26607818411097095,0.1526980482204363,0.5688891474635263,0.6956681517840015,,95.4,0.49378269318663714,1.0013541982765821,0.9972542905272234,True,False,False
2409,27.0,2026-08-10,0.129707131002053,-0.1267244857904487,0.3267881414980649,0.9478379564715447,,94.4,0.2516816872211758,0.44886628209234486,0.8398934583391775,False,False,False
2412,136.5,2026-08-10,-0.017985611510791366,0.022471910112359605,0.04638504602758209,0.06206133118111201,,62.3,-0.028721408249307023,0.5847423180699232,0.9678168786203212,False,False,False
2413,44.84999847412109,2026-08-10,0.12265325701137986,-0.009933791843672046,-0.003333367241753593,0.028669725774002952,,50.1,-0.0784398215186427,0.24522212120894563,0.7175999755859374,False,False,False
2414,56.70000076293945,2026-08-10,-0.01047117769825423,-0.02869161899183026,0.25566826544340193,0.45578102234391515,,88.2,0.18056181116651282,1.495337264206273,0.9262012132569045,False,False,False
2415,31.0,2026-08-10,0.011419262180287992,-0.19060050606990064,0.14814814814814814,0.15027826057170057,,76.0,0.07304169387125903,0.30159276804740964,0.7442976918197324,False,False,False
2417,44.54999923706055,2026-08-10,0.11374998092651367,-0.011098779322257446,-0.11138744287103997,0.07015717274707156,,35.2,-0.18649389714792908,0.6621044829115222,0.7871014733137661,True,False,False
2419,24.950000762939453,2026-08-10,0.03958336512247729,-0.1057347274525241,-0.17247094266611163,-0.22874800804400008,,9.1,-0.24757739694300074,0.3216639819754089,0.6609271725281974,False,False,False
2420,56.5,2026-08-10,0.03860291204444355,-0.07072367254964518,-0.025862068965517238,0.08653846153846145,,51.5,-0.10096852324240635,0.6897103199066903,0.8652373255666957,False,False,False
2421,149.5,2026-08-10,0.09523809523809534,0.04912280701754379,0.03733102637268093,0.03386166584395012,,58.1,-0.03777542790420818,1.3086565984117413,0.8156322906950075,False,False,False
2423,72.5,2026-08-10,0.004155167097484425,-0.09033873555751726,0.2308998780527376,0.44197896997665187,,87.2,0.15579342377584848,0.6325520578775906,0.8549527994208858,False,False,False
2424,8.710000038146973,2026-08-10,0.08468248166730308,-0.13762379117063817,-0.6253763424452915,-0.7811557737409078,,0.1,-0.7004827967221806,0.08710968206102972,0.10969773136979243,False,False,False
2425,49.54999923706055,2026-08-10,0.025879917593060187,0.2372035001491113,0.4608187364691989,0.6473577944651101,,94.2,0.3857122821923098,2.7196196333166407,0.9366729264236501,False,False,False
2426,67.5999984741211,2026-08-10,0.22242313574603867,-0.06111113230387366,-0.03174041170282205,2.58102371666623,,97.3,-0.10684686597971116,1.0250177060180397,0.7138331642298523,False,False,False
2427,21.899999618530277,2026-08-10,-0.009390078032084914,-0.10550868392789714,0.060371182789820343,-0.1346396847717507,,47.0,-0.014735271487068768,0.30302420564677407,0.7579163192085289,False,False,False
2428,229.0,2026-08-10,0.022321428571428603,-0.29538461538461536,0.1364764267990075,0.3198847262247839,,80.9,0.0613699725221184,0.24088020205758032,0.6666666666666666,False,False,False
2429,31.399999618530277,2026-08-10,0.0015948719761453845,-0.273148169815131,-0.39147285761494166,-0.5285285234543745,,0.3,-0.4665793118918308,0.4674274231457031,0.20794701734126012,False,False,False
2430,17.25,2026-08-10,0.03293408454693614,-0.04166666666666663,-0.12213738753801484,-0.2106533202252212,,14.1,-0.19724384181490395,0.6916895994529221,0.7066680429187495,False,False,False
2431,10.199999809265137,2026-08-10,0.009900933071138818,-0.10917030749542211,-0.04672897279559296,-0.3946587787331878,,12.7,-0.12183542707248207,0.43651453069028134,0.5779036844032803,False,False,False
2432,28.299999237060547,2026-08-10,0.0017698844977185324,0.0035460450856623638,0.1132369431086091,0.2004181825934006,,75.5,0.03813048883171999,0.8920276848860422,0.9355371058732272,False,False,False
2433,41.900001525878906,2026-08-10,0.002392399297694192,-0.0023809160505022797,-0.020062087463456946,-0.04319361431844415,,40.8,-0.09516854174034606,0.46140577646727676,0.9007510527235995,False,False,False
2434,52.900001525878906,2026-08-10,0.06331661358550567,-0.14814810264570444,0.6982344197015704,0.7633333841959635,,96.8,0.6231279654246813,1.2243100019684339,0.5825991161666025,False,False,False
2436,67.4000015258789,2026-08-10,0.17421602324333518,0.0029762587309454247,-0.09534711041108512,0.26684481430550067,,55.1,-0.17045356468797423,1.269601030695986,0.8608250275613976,True,False,False
2438,17.5,2026-08-10,-0.02777777777777779,-0.13580246913580252,-0.18032788349789686,-0.22907491577837724,,8.4,-0.25543433777478597,0.15168182409866546,0.5932203389830508,False,False,False
2439,82.30000305175781,2026-08-10,0.019826594349710014,-0.07424070147175221,-0.03855134907929869,-0.21619044712611613,,23.6,-0.1136578033561878,0.774448082682325,0.7283186110775027,False,False,False
2440,15.850000381469728,2026-08-10,0.016025640633763105,-0.0480480033266909,-0.059347179665332095,-0.03058103904185061,,35.4,-0.1344536339422212,0.24711290760218552,0.7731707503155965,False,False,False
2441,129.0,2026-08-10,0.16742081447963808,-0.10726643598615915,0.33678756476683946,0.37234042553191493,,89.6,0.26168111048995035,0.930606237549844,0.8896551724137931,False,False,False
2442,19.649999618530277,2026-08-10,0.023437439464035315,0.020779200962611766,0.04799997965494818,-0.10681819915771473,,47.1,-0.027106474621940935,0.9632492473136357,0.6673243660286416,True,False,False
2444,11.399999618530272,2026-08-10,0.04587156123840486,-0.08064516377126518,-0.12307695242074834,-0.12307695242074834,,18.2,-0.19818340669763745,0.43267302898342547,0.7599999745686847,False,False,False
2449,248.5,2026-08-10,0.06423982869379019,-0.1509839927831771,-0.12982908190499065,-0.15780894679472734,,15.9,-0.20493553618187976,0.6608697751992149,0.739891048714053,False,False,False
2450,28.350000381469727,2026-08-10,-0.010471177698254341,-0.013913030209748656,0.0030960293470865263,0.027266982089617864,,51.4,-0.07201042492980259,0.6206689084870333,0.9488745669723383,False,False,False
2451,295.5,2026-08-10,0.05160142348754437,0.16568047337278102,-0.12297178693607158,0.2288899054607232,,46.6,-0.1980782412129607,1.264794796400892,0.846869119962945,False,False,False
2453,52.59999847412109,2026-08-10,0.0,-0.02048421365344788,0.013415089909082134,-0.05252631723607193,,46.2,-0.06169136436780698,0.2541603323826358,0.865922710751138,False,False,False
2454,3960.0,2026-08-10,0.01278772378516635,0.008917197452229297,0.07666502911646567,1.2380115615199094,,92.6,0.0015585748395765542,0.8834659097356196,0.8585475825983967,False,False,False
2455,384.5,2026-08-10,0.19781931464174463,0.16338880484114982,0.03229654653750447,1.2311884806156441,,91.9,-0.042809907739384645,1.7373399744155917,0.8718720706748542,False,False,False
2457,23.549999237060547,2026-08-10,0.05605381357693573,-0.15439860271133887,-0.07465624632301415,-0.27649770233336424,,15.5,-0.14976270059990326,0.22575714838085342,0.6108949339334991,False,False,False
2458,145.5,2026-08-10,-0.07028753993610226,-0.20708446866485009,0.0,0.28025744008339304,,69.2,-0.07510645427688911,0.9350636591056263,0.7698412698412699,False,False,False
2459,66.0999984741211,2026-08-10,0.03281247615814209,0.03767657272271108,0.05881000723727481,0.04004240426568373,,62.5,-0.016296447039614304,0.6080808485320505,0.9836309743441162,False,False,False
2460,31.799999237060547,2026-08-10,0.04605261960848517,-0.07288629899731291,-0.00780031219816435,0.3826086624808933,,73.1,-0.08290676647505346,0.3242720829764946,0.7861557141476226,False,False,False
2461,17.5,2026-08-10,0.08024686270599068,0.01156073825199977,0.09717869650597044,0.057401861434054346,,68.0,0.02207224222908133,0.454841201980727,0.8706467496455036,True,False,False
2462,19.5,2026-08-10,-0.01763226069237045,-0.14660832934543055,-0.0475318465551946,-0.25214954732646955,,19.6,-0.12263830083208371,0.32736408961046237,0.7062286051979245,False,False,False
2464,180.0,2026-08-10,0.22033898305084754,0.11455108359133126,0.5254237288135593,1.5899280575539567,,97.5,0.45031727453667014,1.304176473819027,0.9045226130653267,True,False,False
2465,93.5999984741211,2026-08-10,0.23973507912743175,0.045810038816995524,0.09601869791252082,0.6744185316486793,,86.6,0.02091224363563171,1.6252546090349171,1.0,True,True,False
2466,97.0999984741211,2026-08-10,-0.003080113419485997,-0.014213213460699592,0.9342628884142554,0.6945898737694689,,97.5,0.8591564341373663,0.8103591645481456,0.7959016268370581,False,False,False
2467,550.0,2026-08-10,0.10552763819095468,-0.010791366906474864,-0.14449915481886166,1.284856102710509,,88.7,-0.21960560909575078,0.5378961291384091,0.8311676811987881,False,False,False
2468,34.95000076293945,2026-08-10,0.059090932210286384,-0.04508190655658917,0.040178641372800694,-0.1370370181990258,,43.5,-0.03492781290408842,0.28760116370447264,0.575909181940231,False,False,False
2471,49.5,2026-08-10,0.022727240484340383,-0.00625830535016203,0.030546965984026064,0.0012700942647605462,,53.8,-0.04455948829286305,0.4516063060510459,0.9647273553192747,False,False,False
2472,240.5,2026-08-10,0.04338394793926237,-0.3603723404255319,0.07847533632286985,1.091304347826087,,91.5,0.0033688820459807367,0.3303797234682423,0.5303197353914002,False,False,False
2474,201.0,2026-08-10,0.10136986301369855,0.028132992327365658,0.012912451175764783,0.02286732392496038,,52.0,-0.06219400310112433,0.42793540276078,0.8099358051678298,True,False,False
2476,126.0,2026-08-10,0.05882352941176472,-0.023255813953488413,0.06329113924050622,0.3999999999999999,,78.5,-0.01181531503638289,0.387110608804256,0.9264705882352942,False,False,False
2477,22.049999237060547,2026-08-10,0.002272692593661141,0.03521126886685755,0.047505939964092914,-0.09179175932935313,,48.5,-0.0276005143127962,0.9250522677842791,0.8597927031317947,False,False,False
2478,122.0,2026-08-10,0.03389830508474567,-0.29885057471264365,0.542039143115721,0.7473532011165029,,95.4,0.4669326888388319,0.7046727180360111,0.5097650120826556,False,False,False
2480,154.5,2026-08-10,0.013114754098360715,-0.03738317757009346,0.098677276722833,0.1614587885824721,,72.8,0.023570822445943884,0.7159513257887711,0.8958911054690144,False,False,False
2481,137.5,2026-08-10,0.06589147286821695,-0.3544600938967136,0.19047619047619047,0.5023644500877955,,86.8,0.11536973619930135,0.772824517142912,0.6043956043956044,False,False,False
2482,16.149999618530273,2026-08-10,-0.009202431015409296,-0.0796505319162234,-0.018479215316695385,-0.12665760722417474,,34.4,-0.0935856695935845,0.39702748431410073,0.7383713234043777,False,False,False
2483,35.849998474121094,2026-08-10,-0.056578987523129065,-0.4727941400864545,0.45731698854466596,0.7696267300035882,,94.9,0.38221053426777685,0.5299687326475991,0.512875503455439,False,False,False
2484,74.30000305175781,2026-08-10,0.16823906972247138,-0.18081581530639979,0.9100257104701766,1.460264939560418,,98.1,0.8349192561932874,0.6998598333873788,0.7707469074241843,False,False,False
2485,44.0,2026-08-10,0.14882508815885087,-0.11823649990910468,-0.350073825946569,0.10275685005831048,,7.9,-0.4251802802234581,0.5024643428031218,0.5398773006134969,False,False,False
2486,233.0,2026-08-10,0.12832929782082325,-0.10038610038610041,-0.1370449376265973,0.7819034532655342,,77.8,-0.21215139190348642,0.9864193888668762,0.760356181930319,False,False,False
2488,49.650001525878906,2026-08-10,-0.02263775056009598,0.02582644546677626,0.013253741494003712,0.12367247845260931,,61.6,-0.0618527127828854,0.887072902509184,0.9578847045489671,False,False,False
2489,33.400001525878906,2026-08-10,0.19713268754655133,-0.13020832815931926,-0.18006687116587394,0.5300537185316705,,63.2,-0.25517332544276305,0.6830074854113185,0.6066053928208144,False,False,False
2491,34.900001525878906,2026-08-10,0.4511435606242653,-0.047748974819668444,0.6270396403051828,0.9123288507330907,,96.9,0.5519331860282937,0.5172521457478045,0.7931818528608843,True,False,False
2492,273.5,2026-08-10,0.14196242171189977,-0.4124597207303974,0.45863105555691175,0.8768052138131872,,95.3,0.38352460128002264,2.918284181963236,0.4456271639180174,False,False,False
2493,218.0,2026-08-10,0.09000000000000008,-0.2043795620437956,0.7355152118852533,0.9669172481010897,,97.1,0.6604087576083641,0.9686818057448126,0.681905062646488,False,False,False
2495,39.0,2026-08-10,0.10481588790106589,-0.24150376636014081,0.1030763434321551,0.10614033730541061,,70.6,0.027969889155265992,0.25538262022640046,0.7401682932543405,False,False,False
2496,59.400001525878906,2026-08-10,-0.0016806466238838969,-0.035714237057431486,-0.09863429210160868,-0.12446150911942766,,21.0,-0.1737407463784978,1.35835094178781,0.8755384908805723,False,False,False
2497,48.25,2026-08-10,0.05695505777030818,-0.17517091544894892,-0.1427417304075167,-0.035584438537955676,,21.1,-0.2178481846844058,0.48703542274833195,0.7507425844240914,False,False,False
2498,40.70000076293945,2026-08-10,0.020050105425226006,-0.09856036794126832,-0.003792852246177869,-0.11233315886601403,,38.0,-0.07889930652306698,0.40034106115581614,0.5522598204756928,False,False,False
2501,22.200000762939453,2026-08-10,-0.019867499477689732,-0.02114556102503584,0.04440265946301958,0.0467391502785337,,60.7,-0.030703794813869534,0.478010320248684,0.8664673852193654,False,False,False
2504,30.950000762939453,2026-08-10,-0.01746029324001741,-0.03582547557155691,-0.03637617848098096,-0.06475790998670805,,36.4,-0.11148263275787007,0.9105113234783105,0.8408923078166792,False,False,False
2505,18.100000381469727,2026-08-10,0.016853997599312276,0.008356524354025119,0.005555576748318192,-0.05974023992365052,,44.7,-0.06955087752857092,0.6182393578495757,0.9050000190734864,True,False,False
2506,8.630000114440918,2026-08-10,-0.0034641724595591006,-0.008173255345206631,0.026425210747438754,-0.010397203237081598,,51.6,-0.04868124352945036,0.8140868613249014,0.8654173922939579,False,False,False
2509,13.649999618530272,2026-08-10,0.04597696697517217,0.04198467336218781,0.04198467336218781,-0.08389261959748284,,48.3,-0.033121780914701304,0.6852425696162807,0.7647058446396718,True,False,False
2511,8.350000381469727,2026-08-10,-0.017647013944738,0.019801998649366048,0.12589315330413764,0.0210046428860875,,68.9,0.05078669902724853,0.8227260648635591,0.9113809128808653,False,False,False
2514,12.25,2026-08-10,-0.027777807212169492,-0.0540540401216314,-0.06488552341357756,-0.18333333333333335,,22.1,-0.13999197769046667,0.6944693884708764,0.7827476229133881,False,False,False
2515,11.949999809265137,2026-08-10,-0.008298786712602424,-0.0972161322483438,-0.03841414282491218,-0.1162890564199831,,32.2,-0.11352059710180129,0.5404424992924725,0.685721079337005,False,False,False
2516,14.100000381469728,2026-08-10,0.010752729337312639,0.032967089781348324,0.08880313429671394,-0.030927821537190425,,61.5,0.013696680019824825,0.4221244512057256,0.8895899080200699,False,False,False
2520,34.849998474121094,2026-08-10,0.053377056287538416,0.041372821610156096,0.2063428177966673,0.17720405921148097,,80.8,0.1312363635197782,0.6348002961006708,0.9092583692222466,True,True,False
2524,34.25,2026-08-10,-0.03792130707821395,-0.035211267605633756,-0.05777162482183196,-0.18062199461397588,,23.4,-0.13287807909872107,0.5153753819388627,0.663759709550716,False,False,False
2527,47.59999847412109,2026-08-10,0.05660375760811931,0.11737089622285857,0.4124628307566014,0.5973154259320821,,93.0,0.3373563764797123,1.0506334348047242,0.9425742272103186,False,False,False
2528,20.75,2026-08-10,0.0641025641025641,0.06291765335324939,0.07731385324297024,-0.10074965522736812,,52.6,0.002207398966081131,0.5408921467492641,0.78965420777961,True,True,False
2530,19.399999618530277,2026-08-10,-0.012722646557420059,-0.017721538302264417,-0.0892018632199949,-0.27611939661166607,,14.2,-0.16430831749688402,0.5852640963105032,0.6247629464092118,False,False,False
2534,17.149999618530273,2026-08-10,0.0,0.03939391627456201,-0.006316490941511432,-0.07289079058671943,,40.6,-0.08142294521840054,0.3252651525575877,0.8052262688090915,False,False,False
2535,90.5,2026-08-10,0.012304233281278831,0.02259887005649719,0.20989299876603718,0.41339999571047614,,86.2,0.13478654448914806,1.1022157997650688,0.935884207405294,False,False,False
2536,20.299999237060547,2026-08-10,0.12465374488106695,0.03836317285262303,0.0993330899792444,-0.02521015638151658,,63.3,0.02422663570235528,1.2715182016172943,0.7687775803092086,True,True,False
2537,11.0,2026-08-10,-0.004524904060796975,-0.017857126131349377,0.08910886975623122,0.03286388676115548,,65.7,0.014002415479342112,0.30415700735509027,0.8870968014839175,False,False,False
2538,9.170000076293944,2026-08-10,-0.032700367184749446,-0.025970494998996285,-0.006930921406972379,-0.10208074234291709,,38.3,-0.08203737568386149,0.7204171144380578,0.7879699442824734,False,False,False
2539,42.84999847412109,2026-08-10,0.01061313518980711,0.0903307711444643,0.09731112192837466,-0.10729169845581066,,56.5,0.022204667651485543,0.8765273047714284,0.7505066630035084,False,False,False
2540,45.20000076293945,2026-08-10,-0.15423305715726765,-0.03890123561635994,0.014920273455832023,0.07855507645702553,,58.0,-0.06018618082105709,2.136287523203929,0.8319018740016697,False,False,False
2542,44.34999847412109,2026-08-10,0.01140250894866246,0.017201835464401682,0.07907542872650919,0.18266662597656236,,71.6,0.003968974449620077,0.3957325916682676,0.9757975298052068,False,False,False
2543,38.900001525878906,2026-08-10,0.06802642216455501,0.030865715144121397,-0.05888028242261267,-0.38179924308099544,,12.2,-0.13398673669950178,0.5257517033068535,0.5101732959898068,False,False,False
2545,33.150001525878906,2026-08-10,0.012213787049737634,-0.04741372837228286,-0.06705919271140026,-0.039546050666885324,,33.4,-0.14216564698828937,0.9953907408902092,0.7952260124724052,False,False,False
2546,92.5999984741211,2026-08-10,0.05443179130962994,0.1893807888800978,0.29317111568688503,0.25613871639253416,,86.3,0.21806466140999592,1.8239613286978442,1.0,True,True,False
2547,10.75,2026-08-10,0.04368930106136548,0.011786229152572547,0.14137464245316833,0.06773746760705257,,72.2,0.06626818817627922,0.5332674156026627,0.9987027363032007,True,False,False
2548,93.8000030517578,2026-08-10,-0.04674795124785969,-0.024851446056188387,-0.14679028836550323,-0.015220540929864357,,22.4,-0.22189674264239234,0.6938569091421576,0.7982681983670066,False,False,False
2596,32.0,2026-08-10,0.050903093537752575,0.060966966895942054,0.1498342881008865,0.008475424430926859,,70.2,0.07472783382399739,0.7033457679490844,0.8514595921471232,False,False,False
2597,168.0,2026-08-10,0.03703703703703698,-0.0029673590504450953,0.09135806776739042,0.037109226529948414,,66.1,0.016251613490501304,0.1790491784392586,0.8693416057024771,True,False,False
2603,214.0,2026-08-10,0.031325301204819356,0.10025706940874035,0.07823955936474114,0.20178792112951416,,72.7,0.0031331050878520283,0.3875666935016722,0.9736003306076346,True,False,False
2605,33.099998474121094,2026-08-10,0.06089736104873844,0.08702783726714847,0.03773720975206518,0.09409996370428608,,63.2,-0.03736924452482393,0.7364154008490129,0.7899729758445038,True,True,False
2606,66.80000305175781,2026-08-10,0.06031750875806052,0.058637157957368125,0.09083492768318124,0.043478250506239435,,66.5,0.01572847340629213,0.810574843722902,0.9614393594745362,False,False,False
2607,48.5,2026-08-10,0.028631992161869402,0.0463862264651278,0.07314187706373687,-0.09912563918299655,,52.0,-0.001964577213152241,0.7424455625513607,0.7335691327752569,True,True,False
2608,28.600000381469727,2026-08-10,-0.008665511150584781,-0.02886249098300142,0.01519766366861841,-0.08185462630027562,,44.3,-0.0599087906082707,0.6639973845439985,0.8631352155489903,False,False,False
2609,51.59999847412109,2026-08-10,0.015748016714081103,0.04158002316995635,0.07276507507340324,-0.019242144260542715,,59.9,-0.0023413792034858716,0.5054835903976941,0.814326199932875,True,False,False
2610,20.450000762939453,2026-08-10,-0.08908685666067362,-0.0065843256118248705,0.12780343044343145,-0.0551513409845199,,64.9,0.05269697616654234,0.8687113564060139,0.8784750111205436,False,False,False
2611,14.25,2026-08-10,0.059479568927857995,-0.023972628241431204,0.05166050180159987,-0.03988360019746939,,53.9,-0.023445952475289245,0.580989659539758,0.9071038317713096,False,False,False
2612,55.0,2026-08-10,0.05769230769230771,0.011029383406095494,0.02107463567269874,-0.11210902066029937,,41.7,-0.054031818604190374,0.76444367699792,0.766490373257046,True,False,False
2613,20.5,2026-08-10,0.02499999999999991,-0.05747126436781613,-0.06818181818181823,-0.14390627553847246,,24.5,-0.14328827245870734,0.5214113356864675,0.7427432958664323,False,False,False
2614,18.200000762939453,2026-08-10,0.0,0.0,-0.08080800685720757,-0.1374407377298954,,23.2,-0.15591446113409668,0.753397415042753,0.7695560700423592,False,False,False
2615,87.5,2026-08-10,0.016260180611962438,0.08830843705687941,0.18061732055209667,0.21214247831813537,,80.0,0.10551086627520756,0.6970204694537413,1.0,True,True,False
2616,13.399999618530272,2026-08-10,0.0037452610960180266,0.0038283009933606227,0.00016464268160421014,-0.010667476293832245,,47.2,-0.0749418115952849,0.48699319134756364,0.5733161417732467,False,False,False
2617,29.299999237060547,2026-08-10,0.026269702978710674,0.011216526361071733,0.059866115098294204,-0.03618422352871431,,55.9,-0.015240339178594908,0.961436392448789,0.9234162590132438,True,True,False
2618,42.650001525878906,2026-08-10,-0.024027442076179906,0.07702028205256162,0.275253207026664,0.17483958767072472,,83.9,0.2001467527497749,0.6756662312173747,0.9605855869401266,False,False,False
2630,48.29999923706055,2026-08-10,0.008350682639655771,-0.10389614341902464,0.06976738880897138,-0.07058727412942856,,54.3,-0.005339065467917736,0.37208427974193226,0.6762852782871253,False,False,False
2633,25.899999618530277,2026-08-10,0.0,0.014130020776916385,0.012234499252847808,-0.004512115919767967,,49.9,-0.0628719550240413,0.3435682587377648,0.9434589239681993,False,False,False
2634,61.0,2026-08-10,0.004942326742831238,0.051724137931034475,0.3238460420185849,0.1343781302051854,,85.2,0.2487395877416958,0.7249240167282394,0.8531468531468531,False,False,False
2636,65.80000305175781,2026-08-10,-0.004538508763819893,0.006708598569054924,0.04218734517402134,0.06886982556411314,,62.1,-0.03291910910286777,0.5608829738977618,0.972232345879391,False,False,False
2637,88.0999984741211,2026-08-10,0.061445764748446985,0.061445764748446985,0.26142255302479644,0.26837260099552496,,85.5,0.18631609874790733,0.7613787955072555,1.0,True,True,False
2640,147.0,2026-08-10,0.0,-0.020973011645123996,-0.05390658888643263,0.2180021160620258,,58.2,-0.12901304316332174,0.3846648541603732,0.7932629328158323,False,False,False
2641,17.5,2026-08-10,0.035502981953434265,-0.025069679321047644,0.0073260555852721065,-0.1417293754960175,,37.5,-0.067780398691617,0.37758973193602496,0.7956092619093516,False,False,False
2642,20.350000381469727,2026-08-10,0.017500019073486417,-0.02398081490897097,-0.025815130549814214,-0.19817093654560125,,27.2,-0.10092158482670333,0.2935042454966894,0.6504697820616785,False,False,False
2643,63.400001525878906,2026-08-10,0.05140965718143975,0.039344287309490245,0.012803177997190884,-0.061441081405138154,,45.5,-0.06230327627969823,0.796384323493127,0.8940423072069258,False,False,False
2644,80.30000305175781,2026-08-10,-0.014723888935486928,-0.046271034883463846,-0.007606437034085478,-0.12763673369182416,,36.0,-0.08271289131097459,0.3017536973959199,0.6567547905130778,False,False,False
2645,189.5,2026-08-10,0.027100271002709952,-0.19361702127659575,0.2326873152257689,0.15887366978515938,,81.8,0.1575808609488798,0.47812500570247113,0.7534791252485089,False,False,False
2646,20.75,2026-08-10,-0.02810306186179201,-0.01891251185554743,0.01466988879551634,-0.10173161656546292,,41.6,-0.06043656548137277,0.8333787001031299,0.7859848598420237,False,False,False
2718,44.59999847412109,2026-08-10,0.022935780619202317,-0.09349598003021531,0.044496432722097135,-0.11507942214604283,,46.1,-0.030610021554791977,0.21534088102157742,0.7447329397646231,False,False,False
2724,10.899999618530272,2026-08-07,0.023474179244571625,-0.0801688381736263,-0.22419932593892977,-0.4467005484062797,,2.3,-0.2993057802158189,0.2383054102278696,0.4855233518087016,False,False,False
2762,84.80000305175781,2026-08-10,0.03230870294213717,0.0749039855533229,0.15178272396275472,0.26057531261171185,,79.8,0.0766762696858656,0.5460111943377336,0.9852289748231315,False,False,False
2801,23.200000762939453,2026-08-10,-0.0322905244207875,0.022029951861549213,0.1931952016677978,0.2048931602363171,,80.9,0.11808874739090869,1.1877652035610766,0.9677094755792125,False,False,False
2812,18.700000762939453,2026-08-10,-0.013886099165731913,-0.011492542324587629,0.03894144429831292,0.008081775226706167,,56.2,-0.03616500997857619,1.1435870392475445,0.8811317888954696,False,False,False
2816,33.79999923706055,2026-08-10,0.0014814588758680358,-0.01601162333311046,0.13728808055271857,0.2217498341210402,,77.5,0.06218162627582946,0.5618072018064786,0.9588652265832779,False,False,False
2820,16.350000381469727,2026-08-10,-0.009090885971531737,-0.04105565319142512,0.019129841577971485,0.053412508672078696,,56.7,-0.05597661269891763,0.8603703517783449,0.9478261090707087,False,False,False
2832,58.5,2026-08-10,-0.029850733993944445,0.03907639063503332,0.16573628254811434,0.2686997952928609,,81.3,0.09062982827122523,0.6482319081417289,0.9701492660060556,False,False,False
2834,16.5,2026-08-10,-0.012528609924377654,0.001224512660164656,0.12324868777978537,0.15575427753901327,,75.0,0.04814223350289626,1.0119082043685674,0.9763313829846666,False,False,False
2836,11.899999618530272,2026-08-10,-0.004184116446269592,-0.00874490075417056,0.041445217239040266,0.019927822313942745,,57.5,-0.033661237037848846,0.534255103364267,0.9493173397105756,False,False,False
2838,20.149999618530277,2026-08-10,-0.03588516811909592,-0.08308198031461467,0.06192941313650291,0.17642310418419394,,69.9,-0.013177041140386203,0.8540625446968402,0.8835080824023012,False,False,False
2845,13.149999618530272,2026-08-10,-0.01498133012917846,-0.0037878932922233988,0.08230452933306065,0.04365073177850087,,65.4,0.007198075056171538,0.40344119435783515,0.9704796629834661,False,False,False
2849,14.699999809265137,2026-08-10,-0.03921571071829566,0.04316416425209568,0.12399981478220323,0.1281628072234018,,73.5,0.04889336050531412,1.0199182489102472,0.954545465804892,False,False,False
2850,161.5,2026-08-10,-0.021212121212121238,0.1254355400696865,0.27701471863978977,0.49641373270824785,,89.7,0.20190826436290066,0.6988138207322762,0.9787878787878788,False,False,False
2851,36.0,2026-08-10,0.034482781300221976,-0.04887710828802205,0.12217283241269472,0.43857494681477016,,83.3,0.04706637813580561,0.39661967536452475,0.9207161484629502,False,False,False
2852,26.899999618530277,2026-08-10,-0.0037037178322120168,0.003731357623751208,0.09179389562651452,0.043978134662833845,,66.7,0.01668744134962541,0.5348899402191807,0.9944547274395202,False,False,False
2855,45.84999847412109,2026-08-10,0.03850502580947168,-0.09027783559533287,0.14328080911694774,0.6144977421576623,,87.2,0.06817435484005863,0.4245332203109242,0.8086148450797066,False,False,False
2867,9.699999809265137,2026-08-10,-0.012219947992700209,0.09480814730673637,0.25974026617422385,0.2232030289081781,,84.3,0.18463381189733474,0.8104357953097663,0.9797979982856982,False,False,False
2880,44.0,2026-08-10,0.02206738164403088,0.13256117704378934,0.35176654474089175,0.31343283582089554,,89.1,0.27666009046400264,0.6399879166787129,0.9909909569339596,False,False,False
2881,128.5,2026-08-10,-0.007722007722007707,0.032128514056224855,0.4179325863014902,0.4363273278110853,,91.7,0.3428261320246011,0.4156374753028176,0.9592799786669121,False,False,False
2882,101.0,2026-08-10,0.004975124378109541,0.0488057819241825,0.36920342295891206,0.3800413920514043,,90.4,0.29409696868202295,0.4388125199369352,0.9056895400001697,False,False,False
2883,31.049999237060547,2026-08-10,0.02138156666732538,0.03327787106119806,0.4876744065757941,0.780264227882332,,95.2,0.41256795229890497,0.44057936481769333,0.9825949007034918,False,False,False
2884,37.79999923706055,2026-08-10,-0.01690511087077584,0.08776976221756971,0.23903182131010436,0.17615549446447298,,82.6,0.16392536703321525,0.5402059040399009,0.9780077036155038,False,False,False
2885,68.19999694824219,2026-08-10,0.002941131591796875,0.027952512605171398,0.2858821472370885,0.6481024653937772,,91.3,0.21077569296019938,0.7124658873248096,0.9819463169007919,False,False,False
2886,51.0,2026-08-10,-0.011627877749298854,0.09207706995313303,0.3010203828418423,0.2944161935248131,,87.1,0.22591392856495318,0.7270438032341044,0.9604520050006302,False,False,False
2887,35.900001525878906,2026-08-10,0.01699723234521855,0.01307158233114003,0.6231169429216716,0.6337719498117407,,95.8,0.5480104886447825,0.41691346174559824,0.9986092006676092,False,False,False
2889,15.350000381469728,2026-08-10,-0.0128617239107367,-0.028481000242583265,0.03716217457072579,-0.07250748706402665,,48.5,-0.03794427970616332,0.7684236037358624,0.872159093679968,False,False,False
2890,38.900001525878906,2026-08-10,-0.02871405076376332,0.008935309978379546,0.33588972486236823,0.40972126028010836,,90.0,0.2607832705854791,0.3656492883143262,0.9581281524105038,False,False,False
2891,66.5,2026-08-10,0.026234519570691228,-0.013349675840158892,0.28910023820797326,0.3470090309675118,,87.6,0.21399378393108415,0.5405020254327416,0.9525809380164174,True,False,False
2892,34.95000076293945,2026-08-10,-0.027816411092566384,0.040178641372800694,0.18877555157895687,0.20309816457247876,,80.4,0.11366909730206776,0.9023594080914422,0.9510204289235226,False,False,False
2897,10.149999618530272,2026-08-10,-0.004901979575474891,0.012213944753690864,0.046946849404974955,0.1683651597935263,,68.5,-0.028159604871914157,0.5647614443700737,0.9854368379197195,False,False,False
2904,13.050000190734863,2026-08-10,-0.018796992211636,-0.06785712923322407,-0.1178914538350938,-0.19784868089155405,,15.3,-0.19299790811198292,0.544810591924104,0.7749597566688625,False,False,False
2916,41.04999923706055,2026-08-10,0.024968789489380194,0.017348222785892098,-0.004033101866827482,-0.046778409291726386,,43.8,-0.0791395561437166,0.3542334345203768,0.8884024507697086,False,False,False
2923,27.549999237060547,2026-08-10,-0.16515153827089257,0.014732951165762342,0.07827788883449283,0.31503571521565243,,76.8,0.003171434557603714,1.3900034604356852,0.6719512009039158,False,False,False
2924,17.450000762939453,2026-08-10,-0.030555513170030357,-0.051630373656861295,0.011594247126924806,-0.08877278796109422,,42.3,-0.0635122071499643,1.8458994433459492,0.5721311725553919,False,False,False
2937,45.45000076293945,2026-08-10,-0.0010988843310010266,-0.05213764254894959,0.010000016954210045,0.0795540160509931,,57.2,-0.06510643732267907,1.1489743334234914,0.9099099112859517,False,False,False
2938,25.399999618530277,2026-08-10,0.045267506831526694,-0.028680688754906813,0.10195229758148194,0.09956706489518319,,70.1,0.02684584330459283,0.4805538881874443,0.777947884578132,False,False,False
2941,31.700000762939453,2026-08-07,-0.004709564104669273,-0.023112480196196494,0.0566666920979817,-0.20636300898752313,,40.1,-0.018439762178907415,0.24251113107918462,0.48315794994113703,False,False,False
2942,36.5,2026-08-10,0.05187317572001304,0.03515483470259406,0.05735652029389482,0.26206072990347695,,73.6,-0.017749933982994293,0.4565707903578066,0.9896962837009307,False,False,False
2947,62.09999847412109,2026-08-10,0.0016128786148561503,-0.10000002211418713,-0.20790819814432504,-0.2330966391562489,,6.7,-0.28301465242121415,0.8823717147431636,0.6833764370132155,False,False,False
2948,37.150001525878906,2026-08-10,0.07529238426251528,0.04338042981233259,0.06118098793082538,0.012039956802557983,,60.5,-0.01392546634606373,2.4571712158808934,0.9178432443828736,True,True,False
2949,62.79999923706055,2026-08-10,0.08275860753552666,-0.22387978008114484,0.22024159573081858,0.002139827682754447,,75.8,0.14513514145392947,0.16016027069341526,0.7761202199188552,False,False,False
3002,16.899999618530273,2026-08-10,0.03999997652493992,-0.15812296780788204,-0.0019486882230632663,-0.23312319477540344,,28.3,-0.07705514249995238,0.21317585634045386,0.5885943599556386,False,False,False
3003,68.69999694824219,2026-08-10,0.22371903991424258,0.05710070897207964,0.16846752476602966,0.41732975280199236,,84.5,0.09336107048914055,1.0431610123499153,0.9953612463274921,True,False,False
3004,126.5,2026-08-10,0.016064257028112428,-0.17589576547231267,0.1145374449339207,0.12560297827156752,,72.3,0.039430990657031595,0.7485712114663852,0.7931034482758621,False,False,False
3005,114.5,2026-08-10,0.0,0.022321428571428603,0.1624365482233503,0.05647619054993824,,73.8,0.08733009394646118,0.5175695537268596,0.7331304814748524,False,False,False
3006,275.5,2026-08-10,0.39141414141414144,0.16244725738396615,0.2581796946808519,0.6674670372401816,,91.3,0.18307324040396278,1.260376464031571,1.0,True,True,False
3008,4400.0,2026-08-10,0.11111111111111116,0.11392405063291133,0.5742397137745976,0.8425460636515913,,96.2,0.4991332594977085,0.999426572682941,0.8469682386910491,False,False,False
3010,122.5,2026-08-10,0.056034482758620774,0.042553191489361764,-0.09471905163449124,0.025257902520962938,,34.3,-0.16982550591138035,0.4984032216357774,0.8989056925864264,True,False,False
3011,11.449999809265137,2026-08-10,0.004385981790174132,-0.12595423848525666,-0.14869888686706778,-0.18214287076677593,,13.1,-0.2238053411439569,0.40832814271985574,0.6676384876938197,False,False,False
3013,87.19999694824219,2026-08-10,0.08999996185302739,-0.14164741230547817,-0.20407307569610744,-0.25169260721024156,,6.5,-0.27917952997299655,0.2939672215684625,0.6253712045812311,False,False,False
3014,136.5,2026-08-10,0.07905138339920947,-0.021505376344086002,0.0321671882887431,0.19424306762985788,,68.3,-0.042939265988146014,0.8284582511010947,0.8575869916442044,True,False,False
3015,58.70000076293945,2026-08-10,0.08502777113790105,-0.08566972658482852,0.2133725052115667,0.12590212782023325,,79.2,0.1382660509346776,0.29768883135559665,0.7847593364711767,False,False,False
3016,107.0,2026-08-10,0.2186787731308375,-0.11934156378600824,-0.11581280961783957,0.5868352688794953,,72.3,-0.19091926389472869,0.7776803401973634,0.7044507358287639,False,False,False
3017,2765.0,2026-08-10,0.084313725490196,0.17659574468085104,0.09722222222222232,0.8873720136518772,,90.1,0.02211576794533321,1.2456138108731012,0.9388794567062818,False,False,False
3018,14.0,2026-08-10,-0.02439026983732251,0.16182570775098193,0.3207546694501957,0.16182570775098193,,85.7,0.2456482151733066,1.2513904692372515,0.8115942028985508,False,False,False
3019,134.5,2026-08-10,0.011278195488721776,-0.06271777003484325,-0.03777972814245234,-0.13128707723062594,,31.0,-0.11288618241934145,0.38309638336894253,0.8079283483328683,False,False,False
3021,21.0,2026-08-10,0.04218364255888374,-0.2075471698113207,0.30030962823707474,0.18978179648271354,,85.4,0.22520317396018563,0.2968653791138708,0.525,False,False,False
3022,113.0,2026-08-10,0.2282608695652173,0.2696629213483146,0.6212339303818266,0.7225610156771267,,96.0,0.5461274761049375,2.4057023883590873,1.0,True,True,False
3023,314.5,2026-08-10,0.08417710818872526,-0.003953918471513607,0.07698512103042421,0.42417114924426813,,80.1,0.0018786667535350965,0.7509048706290502,0.9649659273785969,True,False,False
3024,13.100000381469728,2026-08-10,0.06938778624242681,0.0564516761672631,-0.10197639321721585,0.22345424555807614,,49.7,-0.17708284749410497,0.3496453256272993,0.7491939114365586,False,False,False
3025,54.79999923706055,2026-08-10,0.014814800686306473,-0.08361204120051713,-0.128775867922448,-0.27799738952079056,,10.8,-0.2038823221993371,0.27320792315682657,0.6954314354666526,False,False,False
3026,588.0,2026-08-10,0.279651795429815,-0.4149253731343283,0.7933496824432971,4.530891584878794,,98.9,0.718243228166408,0.38282538862920956,0.5850746268656717,False,False,False
3027,18.600000381469727,2026-08-10,0.021978000096834593,-0.08823525836860935,0.019178103094231513,-0.27626459808157844,,28.2,-0.0559283511826576,0.20744751158186725,0.6458333636875514,False,False,False
3028,68.5,2026-08-10,0.07198745484001501,-0.07494129539284611,-0.046570628163764005,0.7247042974631759,,82.0,-0.12167708244065312,0.7125899845652848,0.8243080777111228,False,False,False
3029,109.0,2026-08-10,0.04807692307692313,0.058252427184465994,0.101010101010101,-0.0058357581725945185,,64.6,0.025903646733211882,1.0448930298359584,0.8966971544013818,False,False,False
3030,296.5,2026-08-10,0.034904013961605695,-0.00836120401337792,-0.25718618741267907,0.6652090228347443,,61.8,-0.3322926416895682,0.468565941895998,0.7224506406808726,False,False,False
3031,23.299999237060547,2026-08-10,0.07870364933184071,-0.21476168908730542,-0.188455548979387,0.15907193481519655,,30.3,-0.2635620032562761,0.25582077996718156,0.7021624186753588,False,False,False
3032,81.30000305175781,2026-08-10,0.02911396268047861,-0.0012284824600317101,0.03303692762816168,0.11369867194188776,,63.9,-0.04206952664872743,0.9053065667220564,0.7069565482761548,False,False,False
3033,49.34999847412109,2026-08-10,0.10096466273398708,0.03659382516709986,0.15669402109780006,0.6720341789228768,,88.4,0.08158756682091095,0.49295636888829264,0.9247311720351722,False,False,False
3034,544.0,2026-08-10,0.048169556840077066,0.048169556840077066,0.16654598169432022,0.4455671837336843,,85.0,0.09143952741743111,0.744750816040654,0.9890909090909091,False,False,False
3035,178.0,2026-08-10,0.11250000000000004,-0.17592592592592593,-0.13860717689022584,0.014691505863476673,,26.3,-0.21371363116711495,0.49973780000856355,0.7639484978540773,False,False,False
3036,229.0,2026-08-10,0.11980440097799505,0.08274231678486998,-0.14506794683836088,0.4274774308620406,,60.8,-0.22017440111525,2.0053572458170135,0.7812065808199269,False,False,False
3037,992.0,2026-08-10,0.146820809248555,0.13371428571428567,0.13603572590613977,1.7048470114578311,,96.2,0.06092927162925066,1.154481705930541,0.9161578538012348,True,False,False
3038,20.700000762939453,2026-08-10,-0.009569323408671337,-0.052631560569928015,-0.07795099957808937,-0.08728437219632135,,27.8,-0.1530574538549785,0.5132622459574607,0.8214285768348882,False,False,False
3040,37.95000076293945,2026-08-10,0.0690141059982945,0.012000020345052098,-0.026923057360526803,-0.15666664971245658,,30.7,-0.10202951163741592,0.4522155088473627,0.5087131573615835,False,False,False
3041,24.549999237060547,2026-08-10,0.12873559710623206,-0.07183370401036449,0.0,-0.1023766400495646,,39.2,-0.07510645427688911,0.31409259189425154,0.7708005947574084,False,False,False
3042,180.5,2026-08-10,0.16828478964401294,-0.09750000000000003,0.23163651689791953,1.0390879922402858,,93.5,0.15653006262103042,0.570910662891604,0.7248995983935743,False,False,False
3043,20.600000381469727,2026-08-10,0.045685258054578126,-0.048498810880433174,0.024875621418442906,-0.11587978300429524,,42.0,-0.050230832858446206,0.19538329118137251,0.7477314320124696,False,False,False
3044,401.5,2026-08-10,0.07352941176470584,-0.10479375696767002,-0.14220001553074568,0.04854332409944928,,28.6,-0.2173064698076348,0.776811931957317,0.7200729467578428,False,False,False
3045,110.5,2026-08-10,-0.013392857142857095,0.018433179723502224,0.048569395436206086,0.08813806078610775,,64.4,-0.026537058840683025,0.5278003128407608,0.9572002915063259,False,False,False
3046,59.09999847412109,2026-08-10,0.13218386226692247,0.06294964201535125,0.20087076968630102,0.1782127927268693,,80.2,0.1257643154094119,0.8764723556448052,0.9757074956433053,True,False,False
3047,14.600000381469728,2026-08-10,0.0281690547589728,-0.12312308012181816,0.003436439180715789,-0.23157892729106688,,29.7,-0.07167001509617332,0.24849433033585536,0.6259323029299069,False,False,False
3048,57.29999923706055,2026-08-10,0.12795275782716953,-0.04500001271565757,0.24095820669722556,0.45502352800548507,,87.9,0.16585175242033645,0.8725260128105677,0.7739487233918674,False,False,False
3049,11.0,2026-08-10,0.0837438830951216,-0.1304347563863385,-0.15057913806840373,0.24293779953184824,,43.3,-0.22568559234529284,0.22829559871563695,0.6111111111111112,False,False,False
3050,11.350000381469728,2026-08-10,0.01339290846063279,-0.08835336904799007,-0.08097165741795653,-0.20350874516001904,,18.5,-0.15607811169484564,0.40839686901024513,0.7418300810442399,False,False,False
3051,23.299999237060547,2026-08-10,0.08372089474700228,-0.05404350595617813,-0.08314982685093875,-0.05591663935997215,,29.9,-0.15825628112782786,0.26056079144628685,0.773964469599179,False,False,False
3052,10.699999809265137,2026-08-10,0.014217973063356482,-0.018348606996749783,-0.004651180533475685,-0.07359310540545072,,41.0,-0.0797576348103648,0.45083971154063024,0.8734693721849092,False,False,False
3055,113.5,2026-08-10,0.21911924661899396,-0.27936507936507937,0.03509377139098313,0.5491198551832046,,81.7,-0.04001268288590598,0.20091765764461672,0.5880829015544041,False,False,False
3056,14.25,2026-08-10,0.017857142857142794,0.0011531660609378491,0.11364233111564426,-0.13311223806627426,,56.7,0.038535876838755145,0.45895720057524886,0.6435984638963173,True,False,False
3057,15.699999809265137,2026-08-10,0.04666665395100922,-0.17368422056499278,-0.2322738765996778,-0.10285715375627791,,9.3,-0.3073803308765669,0.4923584843574601,0.6569037681947295,False,False,False
3058,8.1899995803833,2026-08-10,-0.010869583996423016,-0.13789478101228414,-0.06613464619228426,-0.2273585579581151,,18.9,-0.14124110046917338,0.3337442817206324,0.5934782222598778,False,False,False
3059,40.79999923706055,2026-08-10,0.06388528971109975,-0.12258066156859038,0.03816793967226029,-0.027413623479474847,,52.1,-0.036938514604628825,0.19319431000398682,0.6476190355088975,False,False,False
3060,29.549999237060547,2026-08-10,0.06486483737155124,-0.2045760962761779,0.0408409921530688,-0.13490507006601604,,44.1,-0.03426546212382031,0.24291430150814589,0.7134696078270641,False,False,False
3062,20.899999618530277,2026-08-10,0.044999980926513805,-0.12916668256123842,-0.27931035798171455,-0.21428573989458377,,3.7,-0.35441681225860366,0.30676506579139917,0.6411043127845959,False,False,False
3066,22.549999237060547,2026-08-10,0.11358020923755796,-0.17095593365624562,0.22222213032948845,0.5185184281341235,,88.1,0.14711567605259934,1.0957019630084253,0.7466886975954398,False,False,False
3067,18.0,2026-08-10,0.0027854726983509437,-0.027027027027026973,0.02857142857142847,0.011235998399541591,,54.2,-0.04653502570546064,0.18321617676696733,0.8450704528045816,False,False,False
3071,26.149999618530277,2026-08-10,0.013565906659678051,-0.11205436532830149,-0.1095438323022715,0.08293864243603455,,36.7,-0.1846502865791606,0.25267827532811316,0.7791491340843176,False,False,False
3073,22.100000381469727,2026-08-10,0.013761520867357158,0.004545471884987551,0.030303011441068062,-0.32415902550935827,,26.2,-0.04480344283582105,0.3032572890871309,0.5086306097448876,False,False,False
3078,54.70000076293945,2026-08-10,0.045889131183356247,-0.026690391096741095,-0.03185839357629283,-0.15193797266760534,,30.4,-0.10696484785318194,0.5232920507715922,0.5993575015045299,True,False,False
3081,2535.0,2026-08-10,0.4162011173184357,0.3931612951268215,-0.08566662392939617,2.1036538256183945,,95.9,-0.16077307820628528,1.1049907979255662,0.8839520882739814,True,False,False
3085,11.75,2026-08-10,-0.05241932568763363,-0.03292178033653781,-0.17253520015307144,-0.13602943599842765,,13.1,-0.24764165442996056,0.40733476710265876,0.6871344875952629,False,False,False
3088,146.0,2026-08-10,0.19183673469387763,0.034440498126856456,0.12848058777546667,0.7401804424992418,,88.8,0.05337413349857756,1.1576092540957486,0.948051948051948,False,False,False
3090,161.0,2026-08-10,0.1709090909090909,-0.4380453752181501,0.3567078455142587,0.6923737133023562,,92.7,0.2816013912373696,1.2457373933983338,0.47352941176470587,False,False,False
3092,23.600000381469727,2026-08-10,0.0328227565636372,-0.18055552060221358,-0.23376620240065837,-0.12592591179741752,,8.0,-0.3088726566775475,0.194639387937199,0.6243386470318072,False,False,False
3093,48.0,2026-08-10,0.0971428571428572,-0.14893619323794882,-0.15221804702766906,0.9004859163991799,,81.0,-0.22732450130455817,0.15257479962596607,0.6448077216354361,False,False,False
3094,36.95000076293945,2026-08-10,0.05120907991242363,-0.08426264782543325,0.18449341988930135,0.3673931053253354,,84.1,0.10938696561241223,0.3195546145298144,0.8165746024958995,False,False,False
3095,38.5,2026-08-10,0.029411722707015198,0.00917427156283801,-0.15104738047631971,0.2622950819672132,,45.0,-0.22615383475320883,0.4011771150324904,0.806282722513089,False,False,False
3097,25.549999237060547,2026-08-10,-0.024809217822556295,-0.03219698461181453,0.015371300397308607,0.18535529976426623,,65.9,-0.059735153879580505,0.945421594367899,0.8402518505313501,False,False,False
3105,385.5,2026-08-10,0.23954983922829576,-0.05049261083743839,-0.24390672231274313,0.5004641413812063,,49.3,-0.31901317658963224,0.9399178361034757,0.627422620338423,False,False,False
3114,37.5,2026-08-10,0.2315270627395538,-0.0625,0.43953938956934335,0.4367815881958361,,92.2,0.36443293529245424,1.3120083180694762,0.6499133362938557,False,False,False
3115,9.0,2026-08-10,-0.052631578947368474,-0.012074606017863143,-0.061522434118906344,-0.12621360841374063,,27.3,-0.13662888839579546,0.4198445386419087,0.6593406777669237,False,False,False
3117,28.299999237060547,2026-08-10,0.005328583323728653,-0.039049286794114235,0.1365461715107832,2.1797753314661317,,97.2,0.061439717233894076,0.3415799320094805,0.5549019458247166,False,False,False
3122,25.299999237060547,2026-08-10,0.030549899116404156,-0.16086236957989564,-0.34961444101154393,-0.12758623320480877,,3.0,-0.42472089528843304,0.23033964803397916,0.6293532029080139,False,False,False
3128,21.950000762939453,2026-08-10,0.013856866036727533,-0.09297520368039458,-0.04772227811411289,-0.22300882255081578,,21.5,-0.122828732391002,0.2863904885414777,0.5315730144840562,False,False,False
3130,202.5,2026-08-10,-0.0024630541871921707,-0.01617323008829874,-0.022820687216160707,-0.020614847747063014,,41.9,-0.09792714149304982,0.6521392144702757,0.9310463706138488,False,False,False
3131,2470.0,2026-08-10,0.02066115702479343,-0.2388924719105604,-0.19889796526297443,0.3974779668808419,,48.2,-0.27400441953986354,1.8622226776865443,0.6441639609278474,False,False,False
3135,163.0,2026-08-10,0.018750000000000044,-0.05232558139534882,-0.2365339578454333,0.3252032520325203,,35.6,-0.3116404121223224,1.4877794259834385,0.6257197696737045,False,False,False
3138,99.8000030517578,2026-08-10,0.10643022647799194,-0.11874863114858081,-0.36857381616997265,-0.4551403095386162,,0.5,-0.44368027044686176,0.31058424329275147,0.46594899781853993,False,False,False
3141,80.0,2026-08-10,0.13475177304964547,0.08401079528267741,0.26984126984126977,0.5444015671483569,,90.1,0.19473481556438066,0.8145504645167455,0.9615384968074834,True,False,False
3147,232.0,2026-08-10,-0.023157894736842155,0.0,0.3070422535211268,0.36070381231671544,,88.3,0.23193579924423768,1.4241661910859265,0.6628571428571428,False,False,False
3149,69.0,2026-08-10,0.042296120556424954,-0.1791067589778481,0.3424124115105296,0.14617938746735093,,86.2,0.2673059572336405,0.7025653724504525,0.6602870813397129,False,False,False
3150,17.75,2026-08-10,0.10591905568531335,-0.0024208101990685904,-0.023759514978176965,-0.018510856525120967,,42.2,-0.09886596925506608,0.7333795638461618,0.7686609486116774,False,False,False
3152,220.0,2026-08-10,-0.0023892833125674917,-0.17470387514685182,-0.2533252792691848,-0.22916820596859577,,4.4,-0.3284317335460739,0.29465430891031924,0.5889500944335124,False,False,False
3158,84.0,2026-08-10,0.015719505438088754,0.012048192771084265,-0.04869765462224651,-0.0014337208829863224,,39.7,-0.12380410889913562,0.5936020162750729,0.6442363392649629,True,False,False
3162,64.9000015258789,2026-08-10,0.08710218922086699,-0.20660147793864592,-0.25647823776409584,0.06842817747423813,,14.7,-0.33158469204098495,0.3930495725590657,0.6838229058168541,False,False,False
3163,706.0,2026-08-10,0.1806020066889633,0.11508333551039507,-0.21891817594893292,0.7831771917547257,,71.9,-0.29402463022582204,1.5734615193529966,0.6423568770996362,False,False,False
3167,655.0,2026-08-10,0.22659176029962547,-0.1548387096774193,-0.13397236528439294,1.8308861594945438,,94.1,-0.20907881956128205,0.48874973830192386,0.6920936246181206,False,False,False
3168,42.650001525878906,2026-08-10,0.05569306720344369,-0.03397508376349123,0.021412360117488927,0.11677755090176722,,62.6,-0.053694094159400185,0.27409804779630903,0.8724155224208558,False,False,False
3169,103.0,2026-08-10,0.04040404040404044,-0.009615384615384581,-0.04967384755562876,0.043954383537640584,,43.7,-0.12478030183251787,0.2835111935888071,0.8614745092123565,False,False,False
3171,63.900001525878906,2026-08-10,-0.01692305344801681,-0.0244274576201694,0.018506958114506755,0.4288864837642141,,76.6,-0.05659949616238236,0.6725754941272489,0.8620108651127865,False,False,False
3178,57.900001525878906,2026-08-10,0.05464480722438325,-0.12006080789486928,-0.13582087274807597,-0.010256384173010114,,24.4,-0.21092732702496508,0.3888482392154091,0.7792732052183824,False,False,False
3188,23.049999237060547,2026-08-10,-0.0021645516702800682,-0.023305132860973576,-0.04554867075963431,-0.12394639277463926,,30.5,-0.12065512503652343,0.49443333915005705,0.737197855393454,False,False,False
3189,836.0,2026-08-10,0.19770773638968486,0.051572327044025146,0.6952047707733695,2.4391423275648645,,98.5,0.6200983164964804,0.9150410429151798,0.9398778414837761,False,False,False
3191,18.549999237060547,2026-08-10,-0.013297872880078332,-0.013297872880078332,0.29720272654816515,0.17405057045115013,,84.8,0.22209627227127604,0.3364135407411055,0.7013232023437961,False,False,False
3206,33.75,2026-08-10,0.016566241699442985,-0.08220416811941234,-0.11670774119701344,0.11177795806102364,,37.8,-0.19181419547390255,0.1952085897992484,0.8391276500516288,False,False,False
3207,42.400001525878906,2026-08-10,0.053416186978357816,-0.3139158244446668,-0.2739725955813527,-0.40616245630595627,,1.5,-0.3490790498582418,0.19932338684351655,0.5071770610020297,False,False,False
3209,55.79999923706055,2026-08-10,0.005405391658748648,-0.051020408825263264,-0.1609022671118715,0.6607143384258787,,71.5,-0.2360087213887606,0.6105030741707964,0.6855036632808964,False,False,False
3211,370.0,2026-08-10,0.19741100323624594,-0.18502202643171806,-0.052989254178735234,0.11641728703866216,,49.2,-0.12809570845562435,1.204773971050314,0.8087431693989071,False,False,False
3213,138.0,2026-08-10,0.10400000000000009,0.03759398496240607,0.27892300839278517,0.4286505475854949,,88.5,0.20381655411589605,1.0582675476168029,0.968421052631579,False,False,False
3217,149.5,2026-08-10,0.06028368794326244,-0.08562691131498468,-0.13071933059857788,-0.020717725524994623,,24.3,-0.205825784875467,0.711150050181601,0.7663948201716623,False,False,False
3219,71.4000015258789,2026-08-10,0.1743421450959024,-0.06897345882131967,-0.12169416696174895,0.07680037795142236,,33.9,-0.19680062123863806,0.9077314940412395,0.6657477772757807,False,False,False
3221,48.20000076293945,2026-08-10,0.06050604958938499,-0.15734265524400493,0.10582102128720217,0.8277344233964523,,89.4,0.030714567010313054,0.3334700420574155,0.7305423686949853,False,False,False
3224,36.79999923706055,2026-08-10,0.057471265627790036,-0.006747638465534167,-0.19562843197681867,-0.19650655349175983,,8.4,-0.2707348862537078,0.29086345416430553,0.7009523664202009,False,False,False
3226,51.400001525878906,2026-08-10,0.015810337468033175,0.10537637690062174,0.2536585738019246,-0.1060869299847147,,74.8,0.17855211952503547,3.821056428006274,0.8862069228599811,False,False,False
3227,210.0,2026-08-10,0.06598984771573613,-0.00705931753076483,-0.03747760855719051,0.025344314893805286,,44.5,-0.11258406283407962,0.5829461458792934,0.8574516852613715,True,False,False
3228,144.5,2026-08-10,0.03214285714285725,-0.16714697406340062,-0.36203090507726265,-0.05245901639344264,,3.7,-0.43713735935415177,0.44110649856154094,0.5611650485436893,False,False,False
3229,50.900001525878906,2026-08-10,0.07270812871375254,0.31354842647429426,0.03877554134446748,1.2825113572778868,,92.3,-0.03633091293242163,1.3641563044857452,0.9356617665105212,True,False,False
3230,40.79999923706055,2026-08-10,0.039490426421924685,-0.2198852804542859,0.242009166886336,0.3182551932572424,,85.6,0.1669027126094469,0.509747584258852,0.6181818066221295,False,False,False
3231,193.0,2026-08-10,0.037634408602150504,0.33564013840830453,0.4139752100290308,0.48756513453355166,,92.1,0.3388687557521417,1.6344912151138757,0.9897435897435898,False,False,False
3232,19.600000381469727,2026-08-10,0.0,-0.09468818813770108,-0.06443915667334377,-0.1441047725778235,,25.1,-0.13954561095023288,0.20565856638017538,0.724584138051148,False,False,False
3234,118.0,2026-08-10,0.13461538461538458,-0.06349206349206349,0.10280373831775691,0.9344262295081966,,90.7,0.027697284040867798,0.7147335931852764,0.8109965635738832,True,False,False
3236,42.95000076293945,2026-08-10,0.0082160164637326,-0.29358550490310953,0.21499300189170145,0.32153848501352167,,84.4,0.13988654761481234,0.3070355377449437,0.5883561748347871,False,False,False
3257,51.400001525878906,2026-08-10,-0.0019417179440989196,-0.19937688521515962,-0.025584214035600295,-0.24784317770942932,,23.2,-0.1006906683124894,0.1817189795224333,0.6906778444695136,False,False,False
3259,14.550000190734863,2026-08-10,-0.0332225909410826,-0.0732483842357512,-0.16857141767229356,-0.2724999904632568,,7.6,-0.24367787194918267,0.7520787659298536,0.6100628913213559,False,False,False
3260,411.0,2026-08-10,0.04980842911877392,0.0024390243902439046,-0.07744107744107742,0.15109470103961065,,47.8,-0.15254753171796653,1.156474208654791,0.8090551181102362,False,False,False
3264,222.5,2026-08-10,0.18666666666666676,-0.05319148936170215,-0.0069031649949057305,0.3670038171177157,,72.2,-0.08200961927179484,0.9913926020917232,0.8657587548638133,False,False,False
3265,164.5,2026-08-10,0.07868852459016384,-0.05187319884726227,-0.057940970835303474,0.1400510939472559,,50.4,-0.13304742511219259,0.7043915629991051,0.8545454545454545,False,False,False
3266,13.850000381469728,2026-08-10,-0.007168417861123655,0.06802008640924218,0.08824780807220511,0.037174745083789595,,65.7,0.013141353795316002,0.44623774656219894,0.9906807191812105,False,False,False
3268,20.450000762939453,2026-08-10,-0.046620044961852125,-0.023866347579542757,0.1521127190388425,0.20648966622188114,,77.9,0.07700626476195338,0.1759951098872564,0.8610526637027138,False,False,False
3272,14.199999809265137,2026-08-10,0.021582748127196405,-0.0984127105228485,-0.2365591656970123,-0.29876544151777107,,3.8,-0.3116656199739014,0.3430951751120112,0.5546874842839318,False,False,False
3276,14.699999809265137,2026-08-10,-0.03606558627769596,-0.0863571319254498,-0.09197952904021112,-0.01302122468972966,,31.8,-0.16708598331710023,0.6326652286458306,0.8032787115911562,False,False,False
3284,20.549999237060547,2026-08-10,-0.0048426335746754035,-0.275132311797338,0.2521272507159209,0.01017022316322902,,77.9,0.1770207964390318,0.2491720703472987,0.6778128137303467,False,False,False
3285,38.0,2026-08-10,0.045392065891106226,-0.04032792043297573,0.3502753388795332,0.38427509652710845,,90.2,0.2751688846026441,0.21383542496203334,0.7516180980096457,False,False,False
3287,31.149999618530277,2026-08-10,0.08916081129539855,0.016313213906133717,0.009724448406838393,-0.03709424767209113,,46.5,-0.06538200587005072,0.3126571179005023,0.8101430169165204,True,False,False
3288,22.549999237060547,2026-08-10,-0.12765961685535399,0.21891887767894858,0.47868847456134733,0.40062103743888344,,92.3,0.4035820202844582,0.8267519233121285,0.7696245673801192,False,False,False
3289,140.5,2026-08-10,0.0012077156797856148,-0.12278085031059616,-0.21944411360173277,0.06571395469718477,,17.7,-0.2945505678786219,0.38117591341083956,0.6730208822824071,False,False,False
3290,54.900001525878906,2026-08-10,0.06395354940587583,-0.19736841664970317,0.17476879429706327,0.1686502674422099,,78.1,0.09966234002017416,0.3068559204473271,0.7867490430296886,False,False,False
3294,30.850000381469727,2026-08-10,0.04576272479558385,-0.18169761917361926,-0.008038585110402674,-0.25030378523635266,,25.9,-0.08314503938729179,0.13919903067468456,0.5228813623977919,False,False,False
3296,23.450000762939453,2026-08-10,0.03532013942087153,-0.16249997275216244,0.0756881460378156,-0.07677160964082164,,54.9,0.0005816917609264838,0.25290720909390874,0.7638436540772962,False,False,False
3297,28.200000762939453,2026-08-10,0.08045978355466499,-0.0799347108020716,-0.14155244831578495,-0.3071253013681079,,8.3,-0.21665890259267406,0.5134104196412768,0.40928882639207936,False,False,False
3303,56.0,2026-08-10,-0.005328583323728875,-0.0035587323883337074,0.18452465628157233,0.26995314343175836,,82.3,0.10941820200468322,0.5343166310646933,0.8931419349056903,False,False,False
3305,115.0,2026-08-10,0.12195121951219523,-0.08046958685100192,-0.08762548850897356,-0.03107334355059621,,31.1,-0.16273194278586267,0.38053153735990736,0.6999410728639378,False,False,False
3306,44.0,2026-08-10,0.02088170667614553,-0.05513240908740524,0.008344344020912553,-0.09706439401352496,,41.1,-0.06676211025597656,0.3871871991882311,0.665389998096304,False,False,False
3308,19.649999618530277,2026-08-10,-0.010075604992237364,-0.09027781150468506,-0.066508297827652,-0.15483872608471927,,23.8,-0.1416147521045411,0.2929331303492186,0.7457305250116378,False,False,False
3310,69.5999984741211,2026-08-10,0.035714310042713304,0.007235890174255966,0.061623327709038334,-0.024721994360187516,,57.1,-0.013483126567850778,0.05411246864855307,0.8330962154376581,True,False,False
3311,32.29999923706055,2026-08-10,0.014128692314007818,-0.11748632285055849,-0.008534987888373258,-0.008534987888373258,,46.2,-0.08364144216526237,0.18032157842783542,0.7946123557197724,False,False,False
3312,50.5,2026-08-10,0.14253391693022177,-0.0917265937785029,0.10745617740886027,0.21103115290303487,,75.4,0.03234972313197115,0.40424790954482914,0.689890739144528,False,False,False
3313,10.399999618530272,2026-08-10,0.019607824804414697,-0.11864411437076461,-0.0917030749542217,-0.25978651406791786,,14.9,-0.1668095292311108,0.2661868469511695,0.5292620773754569,False,False,False
3317,68.9000015258789,2026-08-10,0.051908420242426034,-0.2867494553394113,0.014727540169772624,0.3562992630049828,,74.0,-0.06037891410711649,0.13474909104598456,0.6530805831836863,False,False,False
3321,19.299999237060547,2026-08-10,0.03485252717562748,-0.11467890309601192,0.14201181495286863,0.06043947406645245,,71.8,0.06690536067597952,0.4203920791153508,0.718808155041229,False,False,False
3322,11.399999618530272,2026-08-10,0.022421525430774247,-0.1555555838125725,-0.17391308253864524,-0.32142856331909564,,6.3,-0.24901953681553435,0.3032012483613134,0.6333333121405706,False,False,False
3323,31.850000381469727,2026-08-10,0.11754387303402547,-0.08739257911342946,-0.13918917887919657,-0.2250607891987073,,12.0,-0.21429563315608569,0.41197284233479237,0.5647163035422169,False,False,False
3324,1010.0,2026-08-10,0.06991525423728806,0.09782608695652173,-0.03624416269203812,0.09965679584236953,,50.7,-0.11135061696892723,1.4482124518997002,0.7981102911500539,False,False,False
3325,11.899999618530272,2026-08-10,0.004219344763796817,-0.07751938213730991,-0.03252037121966045,-0.25391851029253776,,21.3,-0.10762682549654956,0.25269947079590416,0.5876543021496431,False,False,False
3332,63.5,2026-08-10,0.025848116876898253,-0.011286653827640603,-0.0037736698210368846,0.16020698705369085,,62.0,-0.078880124097926,0.1609506820285151,0.8245495900915417,False,False,False
3338,63.29999923706055,2026-08-10,-0.007836990689328416,-0.08920864407107132,-0.09902672147817315,0.21776167538234215,,49.7,-0.17413317575506226,0.3380799580333193,0.7262637574067571,False,False,False
3339,39.5,2026-08-10,0.16176470588235303,0.0340313929606455,-0.24474186278745258,0.32773109243697474,,34.6,-0.3198483170643417,1.5290860791924041,0.5532212766925956,False,False,False
3346,20.850000381469727,2026-08-10,0.08031094329956301,-0.20872864972965233,0.259818812243819,-0.07333331637912321,,75.9,0.18471235796692986,0.22310285949926548,0.7116041271119655,False,False,False
3349,23.25,2026-08-10,0.04494382022471921,-0.02719663719267662,0.1625000000000001,-0.20783646685473278,,58.8,0.08739354572311098,0.8966546000818953,0.7265625,False,False,False
3354,20.950000762939453,2026-08-10,0.039702290796744366,-0.2079395025086862,-0.3962535935931556,-0.22550826788060063,,1.2,-0.4713600478700447,0.1556093010000466,0.5918079056472388,False,False,False
3356,57.59999847412109,2026-08-10,-0.01369868203519331,-0.036789310886412685,0.0026915533753255616,0.23736414249307392,,67.3,-0.07241490090156355,0.4285710878283648,0.9186602515668092,False,False,False
3357,218.0,2026-08-10,0.06862745098039214,-0.20727272727272728,0.14305309232874186,0.36044358912585794,,82.4,0.06794663805185275,0.2821594912442227,0.6372192450020107,False,False,False
3360,16.25,2026-08-10,0.02201260313628106,-0.19154230390060378,0.015625,0.048387096774193505,,55.4,-0.05948145427688911,0.24512322842563172,0.7111597255454746,False,False,False
3362,178.0,2026-08-10,-0.011111111111111072,-0.011111111111111072,0.7033492822966507,0.5213675213675213,,95.8,0.6282428280197616,0.7266741901416872,0.8436018957345972,False,False,False
3363,640.0,2026-08-10,0.21904761904761916,0.05263157894736836,-0.30434782608695654,0.46118721461187207,,35.7,-0.37945428036384565,1.0170594048740969,0.6464646464646465,True,False,False
3372,16.399999618530273,2026-08-10,0.0754098110511654,-0.17171715906768026,-0.14805196786855723,-0.27593819449280665,,9.2,-0.22315842214544634,0.374696881145611,0.6393762129603485,False,False,False
3373,16.5,2026-08-10,0.018518470551362576,-0.0030211020764631114,-0.014925373134328401,-0.20096850824182466,,29.0,-0.09003182741121751,0.7388053355170947,0.7990314917581753,False,False,False
3374,337.0,2026-08-10,0.10673234811165844,-0.05469845722300137,0.32993739808219913,0.8619123573150786,,93.7,0.25483094380531,0.8752985597168547,0.80622009569378,False,False,False
3376,183.5,2026-08-10,0.041971705095429135,-0.033222151745583184,-0.08061327636013293,-0.14358491415236818,,22.8,-0.15571973063702205,0.39727129448877957,0.7104352646660028,False,False,False
3379,30.399999618530277,2026-08-10,0.19215684778550113,-0.07142346947336231,-0.10935126810399642,-0.39429064189624674,,7.4,-0.18445772238088554,0.8013385483951965,0.42669407535434795,False,False,False
3380,28.5,2026-08-10,-0.018932848588818052,-0.14252404078457437,-0.10124797998641488,-0.17432761574310196,,17.4,-0.176354434263304,0.44493386380735694,0.6965057730584392,False,False,False
3388,73.0999984741211,2026-08-10,0.02524537651220915,-0.10526314315004548,-0.3731784445143286,0.21158796163960192,,11.0,-0.4482848987912177,0.52157777576697,0.6268215554856714,False,False,False
3390,22.850000381469727,2026-08-10,0.011061946715938076,-0.14738802119548344,-0.17509026165655084,-0.03382660676382143,,17.3,-0.25019671593343995,0.2014796510125738,0.7629382236859451,False,False,False
3402,129.5,2026-08-10,-0.018939393939393923,-0.05503185445268666,-0.027838561566452702,-0.0027273404541086066,,43.1,-0.10294501584334181,0.42652573244059483,0.8552559738037226,False,False,False
3406,546.0,2026-08-10,0.11885245901639352,-0.11363636363636365,0.07066517961573693,0.20550672870781006,,72.0,-0.004441274661152184,0.9026138581164889,0.7054263565891473,False,False,False
3413,307.5,2026-08-10,-0.02535657686212356,-0.08071748878923768,0.029438132476040435,0.04639758738361133,,57.7,-0.04566832180084868,0.5114606007193118,0.8049738219895288,False,False,False
3416,196.0,2026-08-10,0.12968299711815567,0.07988980716253447,0.18585470301277796,0.35696796048340595,,84.0,0.11074824873588884,1.5315998002939126,0.9960011252553769,True,True,False
3419,12.0,2026-08-10,-0.0041493933563011565,-0.12408757904620171,-0.151943440034777,-0.1780822132559421,,13.0,-0.2270498943116661,0.47219544861785223,0.6685236484655673,False,False,False
3430,118.0,2026-08-10,0.14009661835748788,-0.078125,-0.32878563222017276,0.7215583822322529,,54.0,-0.4038920864970619,0.6111095888625807,0.6510962027145287,False,False,False
3432,16.299999237060547,2026-08-10,0.01874995231628418,-0.0994475749432564,-0.15544042065241603,-0.14882508815885098,,13.9,-0.23054687492930515,0.43701009588431566,0.7212388921207852,False,False,False
3434,31.549999237060547,2026-08-10,0.05518393443415626,0.051666641235351474,0.10122162852157968,-0.1162465388568581,,56.3,0.026115174244690564,0.4439002961272452,0.7552561329198589,True,False,False
3437,18.100000381469727,2026-08-10,0.07418397458166526,-0.12771082498941078,-0.3117870377743518,0.0838323086569639,,10.5,-0.3868934920512409,0.33512632455508345,0.6053511910499291,False,False,False
3438,61.400001525878906,2026-08-10,0.0753065353181519,-0.09572901110352172,-0.0010384565303660498,0.16824545893993292,,62.9,-0.07614491080725516,0.6942251868286843,0.7941111519840984,False,False,False
3441,79.5,2026-08-10,-0.13961040381872658,0.1760355295042575,1.0138955807924876,1.1336120210277074,,98.0,0.9387891265155985,2.511447786749463,0.8566810063105287,False,False,False
3443,4530.0,2026-08-10,0.08243727598566308,0.04377880184331806,-0.1830093735034951,0.7638131081772443,,74.6,-0.2581158277803842,0.968837598001703,0.7941776195832498,False,False,False
3444,74.0,2026-08-10,0.1212121212121211,-0.0937291899498629,-0.19826197604753293,0.07772741985180343,,21.4,-0.27336843032442204,0.389370477128069,0.6448020632968261,False,False,False
3447,27.399999618530277,2026-08-10,0.022388074572778915,-0.26045883447353824,-0.2720712217860597,-0.39805887851454125,,1.7,-0.3471776760629488,0.501198036788219,0.3418791472699819,False,False,False
3450,524.0,2026-08-10,0.28117359413202925,0.043824701195219085,0.11594297278428511,1.0272245750580202,,91.6,0.040836518507396,1.7025343502912942,0.8562091503267973,True,False,False
3455,205.5,2026-08-10,0.22686567164179094,-0.154320987654321,-0.2962328767123288,0.771551724137931,,63.8,-0.3713393309892179,0.5780353816770557,0.6629032258064517,False,False,False
3465,29.950000762939453,2026-08-10,-0.00827814548623429,-0.12013412687588398,0.06017701815714882,-0.3753910263524375,,26.7,-0.014929436119740291,0.5535999850589123,0.5693916660030834,False,False,False
3466,25.850000381469727,2026-08-10,0.06597939717400925,-0.22372369448283647,-0.33802814631205713,-0.34722218743612054,,1.1,-0.41313460058894624,0.4961523867149573,0.5118811956726679,False,False,False
3467,45.04999923706055,2026-08-10,0.012359533417090951,-0.2272727302469182,-0.36005126921823494,0.03381933003363313,,5.7,-0.43515772349512405,0.42749251061858534,0.5862756364316577,False,False,False
3479,143.0,2026-08-10,0.07116104868913853,-0.020547945205479423,0.5333296574797048,0.5945966800958462,,94.9,0.45822320320281573,0.573410839473219,0.9137380191693291,False,False,False
3481,52.29999923706055,2026-08-10,0.14192139974404872,-0.1990812129731948,0.5072633789509764,1.3994552536060834,,97.0,0.4321569246740873,0.6453370530628617,0.7376586475526484,False,False,False
3483,74.0,2026-08-10,0.008174365962506869,-0.10644398936465704,-0.16003789617349107,-0.12769512541150685,,14.5,-0.23514435045038018,0.39330942208947794,0.666878982643444,False,False,False
3484,50.70000076293945,2026-08-10,0.08102343525434108,-0.037950663587209554,0.1749710074177515,0.00795231673848984,,72.6,0.0998645531408624,1.2649436754929009,0.9201452298905564,False,False,False
3485,208.5,2026-08-10,0.03731343283582089,-0.2534825174825175,-0.30680519480519486,0.16668852459016392,,14.6,-0.38191164908208397,0.3522639937545178,0.5524036222509703,False,False,False
3489,25.950000762939453,2026-08-10,0.0679012994931476,0.22405659571030112,0.3373440067061466,0.4520671662260569,,90.6,0.2622375524292575,3.6958762819353224,0.9980769524207482,False,False,False
3490,31.600000381469727,2026-08-10,0.11267608471556212,0.009790164184221739,0.034181256835240204,0.28188937057475427,,72.1,-0.04092519744164891,1.6243363842030554,0.7381914548824806,True,False,False
3491,1235.0,2026-08-10,0.15962441314554,-0.022445702271238432,-0.2966039870407583,0.10847681621448868,,12.8,-0.3717104413176474,1.0572680217387833,0.5643154711969928,False,False,False
3492,21.950000762939453,2026-08-10,0.0022831573187274135,-0.05387930857298917,-0.030905027257402073,-0.16698290530669258,,29.3,-0.10601148153429119,0.6594368420241938,0.7728873611891753,False,False,False
3494,7.090000152587891,2026-08-10,0.0028288515475118903,-0.08868895097850593,-0.08868895097850593,-0.2513199627593714,,15.3,-0.16379540525539504,0.917922889773412,0.5156363747336647,False,False,False
3498,125.0,2026-08-10,0.26262626262626254,-0.011857707509881465,0.11111111111111116,1.465483197613128,,95.0,0.03600465683422205,0.8680502143657778,0.78125,False,False,False
3499,13.050000190734863,2026-08-10,0.0038461685180664062,-0.1182432417193846,-0.1182432417193846,-0.25852273250660607,,12.3,-0.19334969599627372,0.40224185371349336,0.6112412158109997,False,False,False
3501,38.75,2026-08-10,0.018396866674774026,0.007213847127995665,-0.08844327834063881,-0.2403694327007242,,16.0,-0.16354973261752792,0.2130083432064265,0.7033131131828766,False,False,False
3504,73.9000015258789,2026-08-10,-0.018592316987246504,-0.09657703216563807,0.12652443970760352,0.30565377240545,,79.6,0.05141798543071441,1.1794909299923477,0.807650289900316,False,False,False
3508,16.850000381469727,2026-08-10,0.0029762587309454247,-0.09651470637415493,-0.2014217973063357,-0.29350104352361583,,5.3,-0.2765282515832248,0.2759569654816088,0.3221797443073301,False,False,False
3511,20.299999237060547,2026-08-10,0.07692301465501417,-0.19284296043870697,-0.028708152747417337,-0.04245290063631668,,39.6,-0.10381460702430645,0.2214990238695384,0.7211367499876513,False,False,False
3512,19.75,2026-08-10,0.00765304161279956,0.036498146309099644,0.0594181117766337,0.03899567080454602,,62.6,-0.015688342500255414,0.3974160785060605,0.8693209613745407,False,False,False
3515,215.5,2026-08-10,0.09113924050632916,0.021327014218009532,-0.023188521672780293,0.007268907053588736,,45.3,-0.0982949759496694,0.8507510387696192,0.6700203563103898,True,False,False
3516,26.200000762939453,2026-08-10,0.04122916523434306,-0.00018334847893186623,0.25691231747619536,0.32638991752758506,,86.3,0.18180586319930625,0.39804460975122063,0.9008587191890273,False,False,False
3518,28.25,2026-08-10,0.09073360679852693,-0.053601352128054724,-0.24867018227557647,0.2639820813346354,,28.7,-0.3237766365524656,0.5909533270287745,0.726221051205003,False,False,False
3520,18.549999237060547,2026-08-10,0.01366120275533711,0.09763311572629307,0.22039470196265554,0.16666664667349407,,81.5,0.14528824768576643,0.401610132606088,0.9392404676992682,True,False,False
3521,12.25,2026-08-10,0.0,-0.09926473114729695,-0.0540540401216314,-0.19141912155451302,,23.1,-0.1291604943985205,0.29357852858067707,0.7291666997803598,False,False,False
3523,15.75,2026-08-10,-0.02777782356460834,0.022727298061006707,0.2701613293974272,-0.18393779157481582,,72.4,0.1950548751205381,0.15241497898281522,0.6774193548387096,False,False,False
3526,289.0,2026-08-10,-0.049342105263157854,-0.07520000000000004,-0.26181353767560667,0.2099426615870963,,21.9,-0.3369199919524958,0.8091499548540698,0.7316455696202532,False,False,False
3527,52.09999847412109,2026-08-10,0.01757808003458239,-0.15695794308558042,-0.13357832789656354,-0.10435666085493533,,17.9,-0.20868478217345265,0.2261245646806769,0.7428202986139664,False,False,False
3528,90.0999984741211,2026-08-10,0.033256899396455486,-0.09264858303016787,0.14050630979900114,0.2926829615362472,,80.0,0.06539985552211203,0.526117190097041,0.6435714176722935,False,False,False
3529,2835.0,2026-08-10,0.18619246861924688,0.08829174664107486,-0.30657281921141843,0.448453262330331,,34.2,-0.38167927348830755,1.4850322198982298,0.6064724741960277,True,False,False
3530,55.5,2026-08-10,0.02777777777777768,-0.14877296629235048,-0.19843011440599667,-0.22607051704199088,,7.2,-0.2735365686828858,0.6398549804879786,0.7102517765579586,False,False,False
3531,21.399999618530277,2026-08-10,-0.03820226433571794,-0.05726877095667715,-0.053497501838632444,0.021691924784402294,,40.6,-0.12860395611552156,0.4946549419627154,0.9087048964678172,False,False,False
3532,283.0,2026-08-10,0.06792452830188678,-0.3303205495717366,0.07224672160556533,0.9034178044141932,,89.7,-0.002859732671323778,0.47062635251180407,0.5411089866156787,False,False,False
3533,1960.0,2026-08-10,-0.005109308771705012,0.020335511861291122,-0.28758719073931505,0.32541916907879176,,27.2,-0.36269364501620416,0.9114520510847174,0.6999143171298435,False,False,False
3535,90.1999969482422,2026-08-10,0.12749996185302748,-0.13684213446658178,-0.29254904354319844,-0.13684213446658178,,4.9,-0.36765549782008755,0.3043809046177494,0.6074073868568498,False,False,False
3537,51.900001525878906,2026-08-10,0.015655637488188434,-0.21153638415375942,0.11475246234068393,0.09664482610086256,,71.0,0.03964600806379481,0.15344613311565738,0.6027874848508666,False,False,False
3540,20.950000762939453,2026-08-10,0.03456793891059018,-0.11419371982565873,-0.2409638329417968,-0.34420208624983417,,3.1,-0.3160702872186859,0.4888348724400267,0.5384533253328861,False,False,False
3541,21.0,2026-08-10,0.012048192771084265,-0.05405408656303867,-0.0948276159737812,-0.19847330578306632,,17.2,-0.1699340702506703,0.6051984384321181,0.7581227228013814,False,False,False
3543,37.75,2026-08-10,0.14393939393939403,0.13023946932309682,0.006029915554343734,-0.176884614546446,,34.1,-0.06907653872254538,2.416205337207248,0.6983783487761858,True,True,False
3545,51.09999847412109,2026-08-10,0.0368253891590431,-0.09817791054068647,-0.10285062612992923,-0.07571264451091408,,24.4,-0.17795708040681835,0.42175032321994305,0.7410121378208567,False,False,False
3548,76.5,2026-08-10,0.07746478873239426,-0.06263600157314742,-0.22402401770279423,-0.14342542591848906,,8.1,-0.29913047197968334,0.29498636729364863,0.6394764906639824,False,False,False
3550,23.700000762939453,2026-08-10,0.13397134906771235,-0.15957446376788464,0.16748776619024297,0.4234235018578034,,84.6,0.09238131191335386,0.5600312142462281,0.6362416312198511,False,False,False
3551,179.0,2026-08-10,0.014164305949008416,-0.10121910239163745,-0.15323190353885918,-0.047385857100212814,,19.2,-0.2283383578157483,0.5450937534766683,0.812897377296848,False,False,False
3552,44.79999923706055,2026-08-10,-0.03239740874119357,-0.04687219369641471,-0.19727711071321452,-0.22609280308971091,,7.3,-0.27238356499010363,0.46819422904698454,0.5918113996369527,False,False,False
3555,161.5,2026-08-10,0.11379310344827576,-0.10027855153203347,-0.2675736961451247,0.7346939059820927,,64.8,-0.34268015042201383,0.33246485905156803,0.5851449275362319,True,False,False
3556,64.19999694824219,2026-08-10,0.06467657977654984,-0.15415025484087086,0.23458969491198167,0.45006696900728627,,87.4,0.15948324063509256,0.2970251860044747,0.8215242540763207,False,False,False
3557,26.100000381469727,2026-08-10,0.05241940259685518,0.019531249708961695,0.0038022799742136737,-0.260504211217361,,26.9,-0.07130417430267544,0.6440395179877911,0.5840708104360308,False,False,False
3558,130.0,2026-08-10,0.06557377049180335,-0.10344827586206895,0.14035087719298245,-0.09090909090909094,,64.5,0.06524442291609334,0.18446510897698976,0.7395017619378035,False,False,False
3563,684.0,2026-08-10,0.09615384615384626,-0.05131761442441052,-0.14554589833430087,0.42409024182956045,,60.4,-0.22065235261118998,0.6429139181876345,0.7276699218563575,False,False,False
3564,48.09999847412109,2026-08-10,0.10829485675109085,-0.10644621499884044,0.1564894654025173,-0.07921410697951525,,67.0,0.08138301112562818,0.29263558422002084,0.775943159362326,False,False,False
3567,26.299999237060547,2026-08-10,0.02334624343616043,-0.09440281326219524,-0.06161402175384356,-0.07595271781174728,,31.5,-0.13672047603073267,0.2167848203419848,0.836042821809913,False,False,False
3570,165.5,2026-08-10,0.009146341463414531,0.009146341463414531,0.009529285979753777,0.0008761881947043637,,49.8,-0.06557716829713534,0.43506848926827285,0.8203903095049541,False,False,False
3576,17.149999618530273,2026-08-10,0.030030030718050993,0.045731708380808644,-0.008670498563314366,0.5879628995972581,,79.9,-0.08377695284020348,0.5296895799631484,0.6423220647369824,False,False,False
3577,133.5,2026-08-10,0.03891050583657596,0.08004763338808418,0.49609246883260383,1.144714736258035,,96.8,0.4209860145557147,1.0814602312065271,0.834375,False,False,False
3580,80.5,2026-08-10,0.08490570499824068,-0.15970775119382485,-0.20423197039412677,0.16523176705294973,,27.7,-0.2793384246710159,0.13103879862300274,0.7218250201846743,False,False,False
3581,114.0,2026-08-10,0.05555555555555558,-0.13900194300965973,-0.5106293032220726,0.5268366259526118,,12.5,-0.5857357574989617,1.1069536324295877,0.408974072357241,False,False,False
3583,696.0,2026-08-10,0.0388059701492538,-0.14018310215026153,-0.2621109234562149,1.0013401630871068,,77.0,-0.337217377733104,0.5524768367710868,0.7271950428676751,False,False,False
3585,54.20000076293945,2026-08-10,0.2560834031589405,-0.16358027453103363,-0.5050228240827448,1.9297297709697,,87.5,-0.5801292783596339,0.48096263756894764,0.32848485310872394,False,False,False
3587,253.5,2026-08-10,0.10698689956331875,-0.1113672877166384,-0.331508506465345,0.21558242919134707,,14.6,-0.40661496074223413,1.0942936137487806,0.6507663341473375,False,False,False
3588,57.900001525878906,2026-08-10,0.11132443803503711,-0.133233549689856,-0.0637614709457811,-0.0063431626648194905,,37.0,-0.13886792522267022,0.3460898663681861,0.7684803204399122,False,False,False
3591,21.700000762939453,2026-08-10,0.0931990098698805,-0.15068487628510885,-0.11608955448840708,0.09045232054844221,,36.1,-0.1911960087652962,0.4894870942984867,0.7681416199270603,False,False,False
3592,244.0,2026-08-10,0.04946236559139794,-0.1045871559633027,-0.01399497377904002,0.08814931480235821,,53.5,-0.08910142805592913,0.9531049938442067,0.8248311629146856,False,False,False
3593,12.899999618530272,2026-08-10,0.011764675963158666,-0.19122258477791088,-0.28133709915130967,0.07949789325758627,,12.9,-0.3564435534281988,0.7047581877906788,0.6466164975038112,False,False,False
3594,60.0,2026-08-10,0.17416833251739128,0.16504854368932032,0.12149532710280364,0.6348773502094704,,86.7,0.04638887282591453,2.827762974746044,1.0,True,True,False
3595,1570.0,2026-08-10,-0.01567398119122254,-0.24751494182584388,-0.35885202097027036,2.3303445154739135,,94.5,-0.43395847524715947,1.0120916911775746,0.6411479790297296,False,False,False
3596,174.0,2026-08-10,-0.04395604395604391,-0.1030927835051546,-0.03867403314917128,0.023987586357385293,,44.0,-0.1137804874260604,0.7420100512565583,0.7346443841077479,False,False,False
3597,27.200000762939453,2026-08-10,0.026415123129790663,0.0036900509248001256,0.00248501189853223,0.062248574482586694,,54.1,-0.07262144237835688,0.2931403076262024,0.8016969810086092,False,False,False
3603,6.800000190734863,2026-08-10,0.022556404994930057,-0.07230555777457948,-0.170731664767653,-0.005847947508874518,,19.5,-0.2458381190445421,0.23929211561836874,0.5074627152475021,False,False,False
3605,109.0,2026-08-10,0.294536864021532,0.1951754785897597,0.33251828769531677,0.5728715036071732,,91.4,0.25741183341842766,2.1051543423121757,1.0,True,True,False
3607,14.350000381469728,2026-08-10,0.025000027247837675,-0.11145506375091507,0.04635418408757275,0.01464646229657851,,57.8,-0.028752270189316365,0.25396500481522377,0.8233606647528874,False,False,False
3609,24.450000762939453,2026-08-10,-0.052325523800089146,-0.13604235257643715,0.06073759532399192,-0.37146530067168093,,27.1,-0.01436885895289719,0.5990878194754305,0.47019232236422026,False,False,False
3611,190.5,2026-08-10,0.029729729729729648,-0.0003066836701273168,0.06036075480351699,0.02258706514931874,,61.2,-0.01474569947337212,0.6382617739083252,0.9324285840718871,True,False,False
3615,36.400001525878906,2026-08-10,0.05202321188262826,-0.24750614286847628,0.12587755999737582,0.408955302337487,,82.8,0.05077110572048671,0.08687666655931565,0.6073083014198745,False,False,False
3617,234.0,2026-08-10,0.06849315068493156,0.014612664874134706,0.2656508232362609,0.2991337258328415,,86.1,0.19054436895937177,0.8377235362171177,0.9572564210248771,True,True,False
3622,54.29999923706055,2026-08-10,0.007421107604043131,-0.02862258041402088,-0.04063603001883742,-0.1907600525802874,,25.2,-0.11574248429572653,0.5140949750555055,0.7438356059871308,False,False,False
3623,21.450000762939453,2026-08-10,0.08607598799693439,-0.08528784370705922,-0.06739127117654553,-0.27040812784841284,,16.5,-0.14249772545343464,0.7471661014064648,0.6724138250609708,False,False,False
3624,82.19999694824219,2026-08-10,0.27639743789773696,-0.42916668785942924,0.2501194237353703,0.3587364923127365,,86.5,0.17501296945848122,0.19949009659612008,0.4695916375772057,False,False,False
3625,16.600000381469727,2026-08-10,0.0,-0.032069927072551185,0.13310585759148874,-0.16582911056881078,,57.4,0.05799940331459963,0.35026399427587984,0.4811594313469486,False,False,False
3628,65.30000305175781,2026-08-10,-0.015082955565165479,-0.08153290287687565,0.013856869835212393,0.000497150763862253,,50.8,-0.06124958444167672,0.17927768312528325,0.6867734477832445,False,False,False
3630,25.950000762939453,2026-08-10,-0.013307927158716204,-0.08787345985792161,-0.013307927158716204,-0.29674797588449797,,20.9,-0.08841438143560532,0.2591023689509935,0.6253012232033603,False,False,False
3631,33.79999923706055,2026-08-10,0.06289308326992504,0.028919354857439572,-0.18455974391003604,0.19434629499203027,,33.2,-0.25966619818692516,0.6107786212371294,0.815440256089964,True,False,False
3632,8.0,2026-08-10,-0.05882352941176472,-0.06868453342345315,-0.03846150319251662,-0.1489361356749892,,29.5,-0.11356795746940573,0.8668697359807985,0.7804878048780488,False,False,False
3633,121.5,2026-08-10,0.03404255319148941,0.029939236794897184,-0.009371418163658829,0.4763633504925646,,76.3,-0.08447787244054794,1.1108163927114296,0.8651489320507127,False,False,False
3645,72.0999984741211,2026-08-10,0.06814812554253469,-0.11694840595874212,-0.3190234419501934,0.025279800548534848,,7.5,-0.3941298962270825,0.32160000825184937,0.6230210871969944,False,False,False
3646,23.299999237060547,2026-08-10,0.004310278915198751,-0.01271191269321903,0.004310278915198751,-0.09689922767163739,,40.2,-0.07079617536169036,0.3751748982775535,0.7898304826122219,False,False,False
3652,36.650001525878906,2026-08-10,0.24448219274751581,0.1230074450435068,0.24006366318350247,0.3218734747241476,,85.6,0.16495720890661336,1.8417689993379274,0.8915680204037734,True,False,False
3653,4135.0,2026-08-10,0.09681697612732099,0.2981822033722925,0.06139644933629507,0.4806668357995436,,81.3,-0.013710004940594045,1.4277438175380401,0.7641274584032969,False,False,False
3659,18.600000381469727,2026-08-10,0.010869606906841023,-0.1564625385470414,-0.2249999841054281,-0.33571427209036686,,3.5,-0.3001064383823172,0.4051905577907765,0.48124190548907775,False,False,False
3661,3800.0,2026-08-10,0.1692307692307693,-0.09738717339667458,-0.2843691148775894,0.12759643916913954,,15.0,-0.35947556915447854,1.1707482767323072,0.7069767441860465,True,False,False
3663,64.30000305175781,2026-08-10,0.08983056019928504,-0.18089168086932728,-0.057184663797626434,0.012598473256028475,,39.3,-0.13229111807451555,0.14035322095417835,0.7011996204105695,False,False,False
3664,6.670000076293945,2026-08-10,0.08279224699917709,-0.16624999046325684,-0.2934321639002534,-0.5969788287749427,,0.5,-0.3685386181771425,0.3000033695984134,0.2874999938340025,False,False,False
3665,2190.0,2026-08-10,0.04534606205250591,0.1845525017059675,-0.20389539447614036,0.5341599275321236,,60.0,-0.27900184875302947,1.4596526898007296,0.7514252824303376,False,False,False
3666,25.049999237060547,2026-08-10,-0.0019920774362256477,-0.005952441322918833,-0.12717775013414578,-0.12869567871093746,,17.3,-0.2022842044110349,0.5623440634938308,0.7602427513517863,False,False,False
3669,38.59999847412109,2026-08-10,-0.01781172459360625,0.1060170998989376,0.021133395362354923,0.018515195001657103,,53.6,-0.05397305891453419,1.1001153394041923,0.9071680180078815,False,False,False
3672,12.600000381469728,2026-08-10,-0.023255755498597708,-0.10320283199863034,0.12500005321843388,0.05000003178914403,,69.9,0.04989359894154477,0.17811115255996163,0.7924528731928623,False,False,False
3673,63.29999923706055,2026-08-10,0.0970536984415078,-0.16614715378633182,0.07052399546493637,0.5959102870273845,,84.2,-0.004582458811952739,0.2533781568152571,0.6901463098706178,False,False,False
3675,280.5,2026-08-10,0.1785714285714286,-0.29166666666666663,0.16874999999999996,0.8038585209003215,,90.7,0.09364354572311084,0.5583873235461098,0.6233333333333333,False,False,False
3678,52.59999847412109,2026-08-10,0.07456583563416586,0.03273329115152723,-0.10256673764547908,0.3804903649423985,,63.5,-0.1776731919223682,0.4296092737259974,0.6955683964941042,True,False,False
3679,109.5,2026-08-10,0.004587155963302836,-0.004545454545454519,-0.0033165642868961953,0.0270173029753078,,50.0,-0.07842301856378531,0.5124642114018287,0.9085152989769032,False,False,False
3680,446.0,2026-08-10,0.06317044100119196,-0.10080645161290325,-0.25279664522211553,-0.012477644886844108,,11.5,-0.32790309949900465,0.4400849126353985,0.7302214518660346,False,False,False
3684,52.900001525878906,2026-08-10,0.09865004879484873,0.033203139406395854,-0.05012050714788974,-0.011177063136798115,,38.7,-0.12522696142477885,0.9750056151022316,0.791340427620241,True,False,False
3685,38.20000076293945,2026-08-10,0.039455803073182416,0.24227644757526678,0.3037543261988076,0.04945052641772074,,82.8,0.2286478719219185,1.2054847105928377,0.8349726942719006,False,False,False
3686,14.899999618530272,2026-08-10,0.04195800138409478,-0.09422498921101641,-0.12609969001388288,-0.21578949376156464,,13.7,-0.201206144290772,0.4599049411929032,0.6394849831080942,False,False,False
3687,66.0999984741211,2026-08-10,0.02163835536188441,-0.12416666093820827,0.050728873156805854,-0.17524807216811045,,41.4,-0.024377581120083258,0.21181913780025743,0.798553933914531,False,False,False
3689,110.5,2026-08-10,0.08866995073891615,-0.06548804306917289,-0.0767925917280593,0.008614212022236112,,35.8,-0.1518990460049484,0.625975412701248,0.806181087407918,False,False,False
3691,115.0,2026-08-10,0.040723981900452566,-0.1901408450704225,-0.25806451612903225,-0.1015625,,7.3,-0.33317097040592136,0.1690194597938851,0.6784660766961652,False,False,False
3693,500.0,2026-08-10,0.05932203389830515,-0.03100775193798455,-0.15682967959527827,0.277139208173691,,45.4,-0.23193613387216738,1.2843224592054951,0.6868131868131868,False,False,False
3694,55.900001525878906,2026-08-10,0.035185213442201935,-0.10798528738945878,0.03352866477436023,-0.07230469436735554,,47.5,-0.041577789502528884,0.6545173606885432,0.5575092208342727,False,False,False
3701,41.150001525878906,2026-08-10,0.13517245588631455,-0.01200480148096339,-0.3426517167905305,-0.2337057552841193,,2.1,-0.41775817106741964,1.938477136705541,0.5235369252510541,False,False,False
3702,130.0,2026-08-10,0.1206896551724137,0.22065727699530524,0.14035087719298245,1.0,,91.8,0.06524442291609334,0.9413763961631205,1.0,True,True,False
3703,20.200000762939453,2026-08-10,-0.014634109124904704,-0.019417456850636006,0.0360832351850946,-0.0805321732450649,,47.3,-0.039023219091794514,1.0364717045467378,0.8704797592388557,False,False,False
3704,50.400001525878906,2026-08-10,0.11135619011408782,0.11135619011408782,0.3720130911821855,0.3447906031184307,,90.3,0.2969066369052964,0.942014709513296,1.0,True,True,False
3706,92.9000015258789,2026-08-10,0.0379888438645688,0.04735067330484233,0.08149010332544782,0.1398773193359375,,70.0,0.006383649048558704,0.6447523754351038,0.868224313325971,True,False,False
3707,62.29999923706055,2026-08-10,0.106571937501029,-0.21635221085458434,-0.19300515932884255,-0.03410853896030164,,15.9,-0.26811161360573166,0.25239545411169007,0.6199004899210004,False,False,False
3708,102.0,2026-08-10,0.11475409836065564,-0.04225352112676062,-0.11023510113070234,-0.09911301066609546,,21.2,-0.18534155540759145,0.41775218814425946,0.7279894362841858,False,False,False
3709,79.5,2026-08-10,0.10581217027316048,0.026627201154211466,-0.003420432387642336,0.3266156083410754,,70.8,-0.07852688666453145,0.6436909921238623,0.879650376038231,True,False,False
3710,5.090000152587891,2026-08-10,0.018000030517578036,-0.13287900309676093,-0.20219434776077128,-0.2841068836841283,,5.6,-0.2773008020376604,0.7713954858131354,0.4941747629448092,False,False,False
3711,630.0,2026-08-10,0.032786885245901676,-0.069423929098966,0.14551060571035146,1.0247082226113524,,92.2,0.07040415143346235,1.1351646187344278,0.8744957546553577,False,False,False
3712,21.149999618530277,2026-08-10,0.1620878424136052,0.2296510860686598,0.06281407155586272,-0.20786520546144605,,41.1,-0.012292382721026396,0.6920439851855913,0.43698344941624895,True,True,False
3713,15.0,2026-08-10,0.0,0.034482758620689724,0.05633804235778106,-0.27184467367811715,,34.8,-0.018768411919108052,0.30212366355140186,0.5434782533579529,True,False,False
3714,59.0,2026-08-10,0.17063488519351044,-0.07378337059100804,-0.18774196672317178,0.6223146811938158,,67.7,-0.2628484210000609,0.637050775287642,0.7354228003427742,False,False,False
3715,125.5,2026-08-10,0.200956937799043,-0.16887417218543044,-0.3003158152992623,-0.15804662946066173,,4.0,-0.37542226957615144,0.7497336818832417,0.6206044216199779,False,False,False
3717,23.450000762939453,2026-08-10,0.02625822194542704,-0.07138102471439678,0.036550632297745356,0.28792109319397796,,72.9,-0.038555821979143756,0.7025290668904173,0.805224963259255,False,False,False
4113,15.0,2026-08-10,0.027397233430072276,-0.003322271767520979,0.01351350045186761,-0.3348115074280025,,22.5,-0.0615929538250215,0.7350837828806034,0.5758157558277374,True,False,False
4154,11.350000381469728,2026-08-10,-0.034042520725980574,-0.03813557643994503,-0.09199996948242173,-0.1684981173141007,,19.2,-0.16710642375931084,0.6436794256398971,0.5942408458002532,False,False,False
4171,17.200000762939453,2026-08-10,-0.002898506496263553,0.005847975394087879,-0.06010920874211911,-0.24726474941821697,,18.3,-0.13521566301900823,0.9359671727429674,0.6490566325637529,False,False,False
4303,45.0,2026-08-10,0.06888364919209078,-0.013157861714876984,-0.11242604885927387,-0.25,,13.3,-0.187532503136163,0.7217519895693932,0.5494505392137364,False,False,False
4304,15.550000190734863,2026-08-10,-0.04892967413270177,-0.2025640927828275,-0.48166666030883787,-0.4600694235184305,,0.2,-0.556773114585727,0.6674474307944835,0.44050992993816623,False,False,False
4305,43.79999923706055,2026-08-10,0.037914655099395844,0.04038006709155706,0.06024222880567209,0.11963595252127823,,67.2,-0.014864225471217019,0.4229811536264992,0.9965869960574518,False,False,False
4306,14.399999618530272,2026-08-10,0.01766784499927554,-0.027027065341188372,0.14685029038690778,0.09680587803051788,,74.3,0.07174383611001867,0.30962892909617656,0.9112435898503615,False,False,False
4401,14.350000381469728,2026-08-10,0.03610108203816109,0.005891192825160152,0.08607082562529822,-0.11314921589461602,,53.4,0.010964371348409108,0.26423538388470613,0.8443818912612386,False,False,False
4402,16.700000762939453,2026-08-07,0.0569620608443,0.04375004768371582,0.2145455100319602,-0.14138816926115105,,69.5,0.1394390557550711,0.7466050599268026,0.7539503860292865,False,False,False
4406,10.399999618530272,2026-08-10,0.05583748383352627,0.05476673231802143,0.03999996185302712,0.03999996185302712,,59.4,-0.03510649242386199,0.3297885799332178,0.9719625984969557,True,True,False
4413,15.300000190734863,2026-08-10,0.07368422391121854,0.04794525961465412,-0.1650062258074657,-0.1420669222766695,,13.4,-0.24011268008435482,1.6541275651900134,0.7846424097039849,True,False,False
4414,8.279999732971191,2026-08-10,-0.008383310814437883,-0.05154637260723871,-0.16448033698674325,-0.2151659162771593,,10.2,-0.23958679126363236,0.43020924983893044,0.6393822281794342,False,False,False
4416,10.550000190734863,2026-08-10,0.019323652356883825,-0.07860258808057008,-0.13877549463388872,-0.6435810792306813,,2.0,-0.21388194891077783,0.262720178858297,0.17098865575819888,False,False,False
4417,44.95000076293945,2026-08-10,0.04171492870008375,0.008978710050036254,0.04711504189171789,-0.06225482257377157,,51.2,-0.02799141238517122,0.5249403602367919,0.8535462918126111,True,True,False
4420,35.400001525878906,2026-08-10,0.0114286150251115,-0.04194855764699157,-0.15209577183523582,-0.2556369078849373,,9.4,-0.22720222611212493,0.4346263727562205,0.6950130765751056,False,False,False
4426,7.920000076293945,2026-08-10,-0.007518789804026538,-0.04116224493542375,-0.009999990463256836,-0.18935519905729736,,30.7,-0.08510644474014595,0.24671404828101826,0.707142875997388,False,False,False
4430,17.399999618530273,2026-08-10,-0.016949216467680994,0.023529389325310124,0.023529389325310124,-0.054347827213698574,,47.4,-0.05157706495157899,0.7400670848713694,0.8810126389129252,False,False,False
4431,17.850000381469727,2026-08-10,0.05000002243939572,0.037790673819667386,0.031791975067313905,-0.11633664815405487,,44.1,-0.04331447920957521,1.3018871134437162,0.834112182227022,False,False,False
4432,16.100000381469727,2026-08-10,0.03205128126752599,-0.012269869015459345,0.13780924491233293,-0.044510384748999154,,66.8,0.06270279063544382,0.5450481963529766,0.8646057503149175,False,False,False
4433,19.600000381469727,2026-08-10,0.005128224690755134,-0.03448270354182437,0.013315135288219704,-0.09381951637546326,,41.9,-0.06179131898866941,0.2718871717674011,0.8500122835997813,False,False,False
4438,60.79999923706055,2026-08-10,0.003300342705864434,-0.011382126226657796,0.03401360588350877,-0.13018600987368056,,42.8,-0.04109284839338034,1.6409542044519896,0.7246722065709,False,False,False
4439,104.5,2026-08-10,0.029556650246305383,0.0751890801109052,0.12532751475587944,0.059454662969165906,,70.4,0.05022106047899033,0.9561292735970035,1.0,True,True,False
4440,18.299999237060547,2026-08-10,0.04871051214658584,0.013850416097896279,0.01949852140640118,0.10283508066773317,,61.1,-0.05560793287048793,0.7722098508488293,0.8718357859518097,True,False,False
4441,198.5,2026-08-10,0.1310541310541311,0.044736842105263186,-0.07459207459207462,-0.24952741020793956,,16.7,-0.14969852886896373,1.650148041191311,0.6717428087986463,True,False,False
4442,52.09999847412109,2026-08-10,-0.2033639562912698,0.039920160896473655,-0.009455274094884558,-0.040302685777647396,,43.1,-0.08456172837177367,2.954257104836118,0.717630848059764,False,False,False
4502,15.699999809265137,2026-08-10,-0.0031746152847532683,-0.0031746152847532683,-0.01257860465808125,-0.006329137991299971,,45.9,-0.08768505893497036,0.4672495765372621,0.8351064067234448,False,False,False
4503,27.149999618530277,2026-08-10,-0.17602430986686757,-0.3700695921176844,-0.4161290404617145,-0.3279703318540994,,0.6,-0.4912354947386036,0.9831110547189617,0.44801980696624183,False,False,False
4506,121.5,2026-08-10,-0.020161290322580627,0.031542290729237976,0.07525165729653738,0.12282918371272289,,69.0,0.00014520301964826565,0.8990585042308729,0.9575826648548342,False,False,False
4510,40.84999847412109,2026-08-10,0.12225265828844578,-0.039953015121532154,-0.15424432465048743,-0.18625502284296935,,12.4,-0.22935077892737654,0.4379496559012276,0.7400361940130122,False,False,False
4513,17.75,2026-08-10,0.02011496489327458,0.053412439059646655,0.19127519828425688,-0.12128716190122235,,68.4,0.11616874400736776,0.5103457378040259,0.7601712937909064,False,False,False
4523,25.75,2026-08-10,0.017786591956899134,0.01577907741660889,-0.05750942182288532,-0.07601980487097759,,32.3,-0.13261587609977443,0.3812411250379587,0.7092360491789086,False,False,False
4526,30.399999618530277,2026-08-10,0.08185050554580275,-0.16437063326796142,-0.14627852575687494,-0.12859098301473681,,15.8,-0.22138498003376406,0.25366813661296644,0.7057048979469307,False,False,False
4527,40.59999847412109,2026-08-10,0.04102560190054061,0.03439486558270288,-0.0037647663177161617,0.05941107430667003,,52.3,-0.07887122059460527,0.5879488327642862,0.9452851630483292,True,False,False
4528,15.199999809265137,2026-08-10,0.0,-0.006535972563600612,-0.03492064703078501,-0.2072771017606133,,24.8,-0.11002710130767412,0.4560480006117415,0.7103383074625844,False,False,False
4529,4.260000228881836,2026-08-10,0.03902447023681255,-0.11801236104096224,-0.0273972334300725,0.23478265797182907,,64.0,-0.10250368770696161,0.4231094515071955,0.7006579411739794,False,False,False
4532,24.0,2026-08-10,0.0,-0.07869479067562024,0.03671707971819349,-0.016509976479081145,,53.1,-0.03838937455869562,0.4188203891284322,0.8247422572297525,False,False,False
4533,25.5,2026-08-10,0.0736842105263158,-0.125214396785447,-0.18006431873892736,-0.38181818181818183,,4.2,-0.2551707730158165,0.22698749819120678,0.6181818181818182,False,False,False
4534,35.20000076293945,2026-08-10,0.12820512507010418,0.04761911790117157,0.50427356140061,0.3913044199375686,,92.6,0.42916710712372086,0.5175629719726884,0.8311688791311103,False,False,False
4535,29.299999237060547,2026-08-10,0.04456328106948604,0.01913040824558432,0.1016251253897229,0.04264343828768946,,67.6,0.02651867111283379,0.570081366167685,0.9978355902084574,True,True,False
4536,171.5,2026-08-10,0.039393939393939315,0.049079754028593436,0.18366567187316685,0.11059987521909287,,77.0,0.10855921759627774,0.9524427519702477,0.9226521731706581,True,True,False
4537,140.0,2026-08-10,0.0852713178294573,-0.18128654970760238,-0.23278690717890915,0.8670212533243771,,74.9,-0.30789336145579826,0.5813716097239032,0.7019999758222317,False,False,False
4538,17.5,2026-08-10,0.01156073825199977,-0.05913980424245602,0.010311519251938961,0.030011080288873337,,52.2,-0.06479493502495015,0.49084423181608267,0.9234828124241967,False,False,False
4540,59.79999923706055,2026-08-10,0.2204081476951132,0.008431703312527405,-0.13207550199255647,0.20321928207398554,,43.0,-0.20718195626944558,1.2076382275490851,0.7736092739481553,False,False,False
4541,65.4000015258789,2026-08-10,0.08099176075832903,0.07213117255539192,0.4963950900640508,0.44501677416918706,,93.0,0.4212886357871617,0.5189003221226999,0.8639366467953015,False,False,False
4542,292.5,2026-08-10,0.15157480314960625,-0.19972640218878246,0.37002341920374704,1.7876588021778583,,97.4,0.2949169649268579,0.9497700356098067,0.5921052631578947,False,False,False
4543,31.899999618530277,2026-08-10,0.024077046843809402,-0.10014107385070803,-0.14819762433493622,-0.03625374353201327,,20.4,-0.22330407861182533,0.37136668919414334,0.6882416541252148,False,False,False
4544,13.399999618530272,2026-08-07,-0.018315018826859042,-0.07266437402038028,-0.07871193853620129,-0.10248710444464071,,26.6,-0.1538183928130904,0.605019901190515,0.7750110618016874,False,False,False
4545,33.0,2026-08-10,0.01694912863264686,-0.13512225158996205,0.1060038771974483,-0.1035231895799692,,58.0,0.030897422920559192,0.20726370977151432,0.7803254567303399,False,False,False
4546,65.30000305175781,2026-08-07,-0.010606014367305905,-0.4538689062353939,-0.4328638586001845,-0.5138833165747405,,0.3,-0.5079703128770736,1.2985899760387913,0.43798633794074315,False,False,False
4549,90.9000015258789,2026-08-10,-0.0021953562194515497,-0.06053073851637514,-0.055809750789523216,-0.1341296707577282,,27.5,-0.13091620506641233,0.2846207668098913,0.6585969898476816,False,False,False
4550,24.399999618530277,2026-08-10,-0.02008032159277251,-0.0468750291038299,0.06460376785685029,-0.05346695132297241,,55.1,-0.01050268642003882,0.12443867581809075,0.9031294315469988,False,False,False
4551,174.0,2026-08-10,0.08749999999999991,-0.22145694988054831,0.14903933547302484,0.5078112014965899,,85.9,0.07393288119613572,0.6181796988191407,0.633601470068066,False,False,False
4552,17.600000381469727,2026-08-10,0.0,-0.10432566294440881,-0.12219446128767064,-0.2635982986449925,,11.8,-0.19730091556455975,1.0282071690839814,0.712550600722136,False,False,False
4553,16.450000762939453,2026-08-10,-0.003030256791548336,-0.029498523745983052,-0.16815333264788712,-0.10070636651624809,,15.2,-0.24325978692477623,0.02063442928753523,0.5366752392035226,False,False,False
4554,31.0,2026-08-10,0.016393442622950838,-0.006410280706692251,-0.004815397122542753,0.11913354318299163,,58.2,-0.07992185139943186,0.3319672785125334,0.9051094890510949,False,False,False
4555,48.70000076293945,2026-08-10,0.19803195411778018,0.0,0.1560050099777588,0.1910355040433349,,77.7,0.08089855570086968,0.6567869240377044,0.8456147293027487,False,False,False
4556,83.80000305175781,2026-08-10,0.008423641281470218,-0.1702969994875464,0.9061227308918023,1.8115309579283383,,98.3,0.8310162766149132,0.27184591541055986,0.6324528532208137,False,False,False
4557,49.34999847412109,2026-08-10,-0.013000030517578254,-0.005040322735704095,0.02035133359876351,-0.2827655803038499,,27.9,-0.0547551206781256,0.9693920871560275,0.6021745450760728,False,False,False
4558,18.5,2026-08-10,0.15987462202059732,0.008174365962506869,-0.07035174097323293,-0.13348947684063384,,25.1,-0.14545819525012205,0.8132770184180136,0.6618962252240879,True,False,False
4559,9.960000038146973,2026-08-10,0.0790899818109605,0.0732758970627756,0.0528541224084329,0.2687898291908535,,73.4,-0.02225233186845621,1.6969356622676128,0.6552631686268753,False,False,False
4560,32.400001525878906,2026-08-10,0.03020670079152854,0.004015724342883331,-0.03805199965026107,0.07282676869814053,,48.0,-0.11315845392715018,1.3165741098748893,0.9245030592482187,True,True,False
4561,42.84999847412109,2026-08-10,0.21732947572080685,0.0744178559161528,-0.14174996556034203,-0.10983155786272802,,17.0,-0.21685641983723114,1.0515323883103178,0.758523818450257,False,False,False
4562,32.5,2026-08-10,0.09427606616611506,-0.044117647058823484,-0.12043303575253961,-0.22526819049042823,,13.7,-0.19553949002942872,0.4680645391345111,0.5845323901425477,False,False,False
4563,39.59999847412109,2026-08-10,0.010204023045831123,-0.05263159816014795,-0.19183676583426357,-0.382215297710051,,3.9,-0.2669432201111527,0.37195539501452557,0.5789473331976251,False,False,False
4564,16.850000381469727,2026-08-10,0.04984431043223503,-0.12694295090365837,-0.017492667273088625,-0.014619882714792864,,44.5,-0.09259912154997774,0.4157349122117999,0.7800925964762971,False,False,False
4565,122.5,2026-08-10,0.016597510373443924,0.01279524212710248,0.11847824231888726,0.31384061277299957,,79.1,0.04337178804199815,0.4832280642800768,0.9856321925514676,True,True,False
4566,74.80000305175781,2026-08-10,0.12481207596628296,0.20450893542178106,0.13677810915784705,0.24900087558345163,,78.3,0.06167165488095794,2.3997741038480416,0.980340760943581,False,False,False
4568,40.25,2026-08-10,0.020278814235463516,0.022398830558160165,0.055544006576981886,-0.004063300191121,,57.8,-0.019562447699907226,0.31597291885491285,0.9302705476372267,True,True,False
4569,170.5,2026-08-10,0.07232704402515733,0.014880952380952328,0.020958083832335328,0.14046822742474907,,64.2,-0.054148370444553784,0.6135011934864306,0.7930232558139535,True,False,False
4571,173.0,2026-08-10,0.14191419141914197,0.0453172205438066,-0.08118744096216202,-0.11975487325734357,,24.3,-0.15629389523905113,0.9058614760440706,0.7683174027998922,True,False,False
4572,142.0,2026-08-10,0.014285714285714235,-0.004779801358321234,0.015882220211926645,-0.004779801358321234,,50.6,-0.05922423406496247,0.45728934713048036,0.8270139716223693,False,False,False
4573,401.5,2026-08-10,0.17914831130690168,-0.015931372549019662,-0.17725409836065575,3.9690592182628057,,98.3,-0.25236055263754487,0.9041626618422585,0.6647350993377483,True,False,False
4575,22.399999618530277,2026-08-10,-0.017543843505050893,-0.10040160796386244,-0.16417909491749916,0.14423505432267425,,32.6,-0.23928554919438827,0.8372357709119039,0.6191616301130567,False,False,False
4576,226.5,2026-08-10,0.14974619289340096,0.03899082568807333,-0.11893221776594098,0.8040911349020785,,79.8,-0.1940386720428301,1.4888414372749252,0.7989999410058206,True,False,False
4577,78.5,2026-08-10,0.1527166190735092,-0.06658737902170475,-0.45104895104895104,0.3967971340627823,,11.9,-0.5261554053258402,0.7955383948596961,0.43370165745856354,False,False,False
4580,82.4000015258789,2026-08-10,0.023602503427067267,0.01228501205472421,0.01228501205472421,0.004878067388767171,,50.9,-0.0628214422221649,0.9194012294841721,0.853002099663114,True,False,False
4581,51.70000076293945,2026-08-10,0.01771656573613334,0.023762391345335754,0.03815264166640686,-0.005769216097318175,,54.6,-0.03695381261048225,1.24205703661897,0.9134275999420383,True,True,False
4582,28.950000762939453,2026-08-10,0.06826569577226671,0.10076051721494594,-0.14852938932531023,0.045126352547701254,,27.0,-0.22363584360219935,0.5376470774473794,0.6701388947144457,False,False,False
4583,501.0,2026-08-10,0.026639344262294973,-0.1732673267326733,-0.35521235521235517,-0.3683369223117695,,0.8,-0.4303188094892443,1.1803075679553154,0.6254474810991573,False,False,False
4584,40.0,2026-08-10,0.05263157894736836,0.04781130730792671,0.04521136011066784,-0.10758441248075923,,46.5,-0.02989509416622127,0.303773173391494,0.7548748711910378,True,False,False
4585,316.0,2026-08-10,0.09153713298791022,-0.0062893081761006275,-0.06517189573775051,-0.20073964878415385,,20.5,-0.14027835001463962,1.1272071812575066,0.3966291899840968,False,False,False
4587,44.04999923706055,2026-08-10,-0.020022280547344118,-0.11278956931953943,-0.22719299584104302,0.7906503477228313,,71.4,-0.30229945011793213,0.2996694846139199,0.5896921156179126,False,False,False
4588,52.29999923706055,2026-08-10,0.03359685403565593,-0.04144564835514419,-0.03641826244749813,-0.21035998946695955,,24.1,-0.11152471672438724,0.3466042063267165,0.744822662732418,False,False,False
4590,83.0999984741211,2026-08-10,0.03229811769094537,-0.08075224478473086,0.1157422118365703,-0.0744548336635853,,62.5,0.040635757559681185,0.9436234851749242,0.8481861865070274,False,False,False
4609,4.960000038146973,2026-08-10,0.010183338551673637,-0.06060609070941536,-0.007999992370605447,-0.098181811246005,,38.5,-0.08310644664749456,0.38311494553505315,0.6215538880064878,False,False,False
4702,9.699999809265137,2026-08-10,0.023206780343041133,-0.020202001714301754,0.03108547451209831,0.02486793140292387,,56.4,-0.0440209797647908,0.4441102923009615,0.9711843973229376,False,False,False
4706,31.600000381469727,2026-08-10,-0.01863355177805759,-0.010954628266416577,-0.027692295954777624,0.01935485101515244,,45.5,-0.10279875023166674,0.23882778224980025,0.902857153756278,False,False,False
4707,31.950000762939453,2026-08-10,0.25294120638978246,-0.11862066860856679,0.9722221764353915,2.1323530745478814,,98.5,0.8971157221585024,1.135786908570685,0.7100000169542101,False,False,False
4711,16.200000762939453,2026-08-10,0.018867996956399402,-0.03857564414331349,-0.001154965132895036,0.07617502285780309,,54.9,-0.07626141940978415,0.1709910676307954,0.8992298470757893,False,False,False
4714,10.550000190734863,2026-08-10,0.034313763530839037,-0.10970465391441864,-0.2648083686214975,-0.402266265226505,,1.8,-0.3399148228983866,0.48264035300711133,0.4931010286654878,False,False,False
4716,17.299999237060547,2026-08-10,0.04848480224609375,-0.2428884486544678,0.1419141698129529,0.10897428295002753,,74.5,0.0668077155360638,0.3609881301252838,0.7148759789939446,False,False,False
4720,19.899999618530277,2026-08-10,0.047368400975277725,-0.1549893731115829,-0.2490001862863851,0.22292731356019635,,25.0,-0.3241066405632742,0.18338584080070205,0.6814627948336923,False,False,False
4721,73.69999694824219,2026-08-10,0.049857552024973995,-0.0886108409390095,-0.22373501833623533,0.09867893607455458,,19.4,-0.29884147261312444,0.22642032650173305,0.7516704815605851,False,False,False
4722,215.5,2026-08-10,0.14933333333333332,-0.15984405458089668,-0.16311125938558668,0.33540586036993636,,49.0,-0.2382177136624758,0.8881820112110509,0.7058262845701254,False,False,False
4729,20.5,2026-08-10,0.07049610487529256,-0.04205605769034526,0.002444950376293331,-0.09292036929307157,,40.3,-0.07266150390059578,0.133049372654967,0.7536764494481802,True,False,False
4738,6.25,2026-08-10,0.02459017995287449,-0.11347520128952993,-0.3206521598287698,-0.5689655172413793,,0.4,-0.39575861410565893,0.28391366209497637,0.33783783783783783,False,False,False
4739,87.0,2026-08-10,0.09848489081199308,-0.12121212121212122,-0.1315822360702824,0.18848500071392915,,41.3,-0.20668869034717152,0.4886351287083593,0.6746937767019426,False,False,False
4741,44.5,2026-08-10,0.06586826347305386,-0.14092662827372648,-0.31430025156923647,1.0093313079385018,,73.8,-0.3894067058461256,0.185044220557231,0.551945923398547,False,False,False
4749,786.0,2026-08-10,0.027450980392156765,-0.09237875288683606,-0.32522799410459813,-0.07807312502044794,,4.5,-0.40033444838148724,0.7533583946287016,0.6747720058954019,False,False,False
4754,37.34999847412109,2026-08-10,0.02469129471450393,0.01632648909173029,0.03708818547662274,0.027684493402603483,,57.5,-0.038018268800266375,0.5096155953912591,0.9794721636448755,True,False,False
4755,118.5,2026-08-10,0.044052863436123246,-0.09885931558935357,-0.13667632854967482,-0.04526552068850387,,21.5,-0.21178278282656393,0.4816169996150447,0.7181630894524568,False,False,False
4760,245.0,2026-08-10,0.11363636363636354,-0.234375,-0.18604651162790697,0.30255684964051,,41.8,-0.2611529659047961,0.3625364371088369,0.5235042735042735,False,False,False
4763,50.0,2026-08-10,0.0030090577827557308,0.05042020173979078,0.1933173789771403,-0.007936537971601432,,73.6,0.11821092470025119,0.8728282569928585,0.684931506849315,False,False,False
4764,232.0,2026-08-10,-0.11787072243346008,-0.30952380952380953,-0.2850539291217258,0.8643982127010355,,69.7,-0.3601603833986149,0.7859745122039025,0.6447653929296946,False,False,False
4765,17.299999237060547,2026-08-10,0.4537814950953092,0.09148257543804328,-0.1350000381469727,0.3256704202458989,,52.9,-0.2101064924238618,1.5696423894219305,0.5553771893714328,True,False,False
4766,338.5,2026-08-10,0.057812500000000044,-0.002945508100147265,-0.04762555674826896,0.11683472097326408,,50.0,-0.12273201102515807,0.4464462544429289,0.8112015170945562,False,False,False
4767,26.450000762939453,2026-08-10,0.015355145397080605,0.00923391724298428,0.03384932542004315,0.06378709986639963,,60.3,-0.04125712885684596,1.147533228317925,0.9276795665116901,False,False,False
4768,320.0,2026-08-10,0.15315315315315314,-0.12806539509536785,-0.3509127789046653,-0.22330097087378642,,1.8,-0.42601923318155444,0.4629230069485551,0.5947955390334573,False,False,False
4770,221.0,2026-08-10,0.032710280373831724,0.016091954022988464,-0.041214750542299394,-0.07035054633719828,,35.1,-0.1163212048191885,0.4873899626822542,0.7125369995437506,False,False,False
4772,256.0,2026-08-10,0.12035010940919033,-0.05360443622920519,-0.1785941563188097,-0.2299319932722158,,8.5,-0.2537006105956988,0.5962900846729029,0.6881459052338857,False,False,False
4903,41.79999923706055,2026-08-10,0.09855453548465554,0.05822782878634292,-0.05855860809605884,-0.018779325486279697,,36.7,-0.13366506237294795,1.1962799521306196,0.7857142601054161,True,False,False
4904,101.5,2026-08-10,-0.019323671497584516,0.06842105263157894,0.10364361950557299,0.1815915959417107,,74.3,0.02853716522868388,0.44889333824248606,0.9368707993283785,False,False,False
4905,68.19999694824219,2026-08-10,0.05409582944493607,0.014880953056741975,-0.154894677480806,0.10714283502610544,,31.3,-0.2300011317576951,0.7657463513371517,0.6945010088359578,False,False,False
4906,35.599998474121094,2026-08-10,0.08042481486562592,-0.10776949592267193,-0.08889166156065498,0.2922361571856491,,58.6,-0.1639981158375441,0.40378333365298275,0.6739471406162675,False,False,False
4907,45.20000076293945,2026-08-10,0.020316061882140746,0.09310767668414521,0.1604621277940208,0.14720809676240654,,76.7,0.08535567351713169,2.3716940724459494,0.8915187393050223,False,False,False
4908,155.0,2026-08-10,0.09929078014184389,-0.054878048780487854,-0.3459915611814346,1.0025839398488294,,70.5,-0.4210980154583237,1.313351840532136,0.5281090289608177,False,False,False
4909,38.650001525878906,2026-08-10,0.06473835642451253,-0.08194767394974845,-0.2895220507026546,-0.34156727387504937,,2.0,-0.3646285049795437,0.34942512162152406,0.5537249260178301,False,False,False
4911,28.5,2026-08-10,-0.023972628241431093,-0.011648194252412924,-0.049887945946994305,-0.23718600599379058,,20.2,-0.12499440022388342,1.3012102092808886,0.5846843323762466,False,False,False
4912,89.80000305175781,2026-08-10,0.0369515546653616,0.03815032429777809,-0.04633445826053395,-0.058230447801701946,,35.3,-0.12144091253742306,0.628327147600656,0.7878106427131237,False,False,False
4915,60.70000076293945,2026-08-10,-0.06037148302323858,-0.11773258618498572,-0.08968143137058593,-0.19095437861047138,,18.0,-0.16478788564747504,1.0453253603564199,0.7280500483303451,False,False,False
4916,104.0,2026-08-10,0.09473684210526323,-0.03168550305159823,0.5289175581668317,0.5749694312508455,,94.7,0.4538111038899426,0.6053146513568995,0.8399836901970554,False,False,False
4919,127.5,2026-08-10,0.024096385542168752,-0.2153846153846154,-0.29558011049723754,0.9230768345586009,,71.1,-0.37068656477412665,0.5336308671931737,0.5821917808219178,False,False,False
4923,49.84999847412109,2026-08-10,0.18408551736085998,-0.2124802673783418,0.3293332926432291,0.4202279384962091,,89.9,0.25422683836633997,0.2282072365173283,0.7496240372048284,False,False,False
4924,10.0,2026-08-10,0.0,-0.20634923037728126,-0.004975143262281545,-0.09502264005526995,,39.0,-0.08008159753917066,0.31618212590997335,0.6389776513578678,False,False,False
4925,104.5,2026-08-10,0.08854166666666674,-0.25357142857142856,-0.47619047619047616,1.0370370673320846,,56.0,-0.5512969304673653,0.4782025708518381,0.5024038461538461,False,False,False
4927,33.79999923706055,2026-08-10,0.1173553466796875,-0.17258260710895224,-0.35984849004815544,0.005952403929229133,,4.9,-0.43495494432504456,0.5907289699286695,0.5460419774453411,False,False,False
4930,16.299999237060547,2026-08-10,0.012422288872800724,-0.035502981953434265,-0.08169018382757487,-0.23268845202447586,,16.9,-0.15679663810446398,0.2883088497974511,0.6987161075355905,False,False,False
4931,238.0,2026-08-10,0.24607329842931946,-0.06666666666666665,0.18789224167902163,0.5224569101916858,,87.1,0.11278578740213252,0.8019912518293565,0.8606375272632889,True,False,False
4933,55.09999847412109,2026-08-10,-0.0247787880686533,-0.07394325268708812,-0.16105425066355916,-0.0004973939408451367,,20.9,-0.23616070494044827,0.32483950780854887,0.744173971463635,False,False,False
4934,14.350000381469728,2026-08-10,0.007017570629454628,-0.16811591991479835,-0.22010865875137708,-0.10869564959850297,,10.1,-0.2952151130282662,0.3772678099052761,0.6915662834443242,False,False,False
4935,34.900001525878906,2026-08-10,-0.005697919001040552,-0.034578145151810125,-0.006255096311668873,-0.10884320212393328,,37.9,-0.08136155058855798,0.5959518083356514,0.7010666085715663,False,False,False
4938,89.5,2026-08-10,0.03348731613136824,0.082224949246535,0.15324123678462898,0.324757246194735,,82.0,0.07813478250773986,0.4971800287227454,0.9495214165816647,True,False,False
4939,61.29999923706055,2026-08-10,0.0985663095914,0.0830388849760908,0.5611745269797968,0.4389797976867329,,94.1,0.48606807270290764,1.0122690769014688,0.8420329212552198,False,False,False
4942,34.400001525878906,2026-08-10,-0.002898506496263553,-0.02451553023808506,-0.03869030613506719,-0.03869030613506719,,38.3,-0.1137967604119563,0.845041630525971,0.8767608006255915,False,False,False
4943,8.729999542236328,2026-08-10,0.0,0.015116180813981028,-0.03642393621371731,-0.2902439506616987,,18.6,-0.11153039049060642,0.664640649859129,0.4849999745686849,False,False,False
4949,72.5,2026-08-10,0.18657940770174308,-0.08227848101265822,-0.26619435464976826,0.5378863966436416,,48.7,-0.3413008089266574,0.28937178220574616,0.6712962962962963,False,False,False
4950,15.699999809265137,2026-08-10,-0.01567398137865672,-0.03384616558368392,-0.051359484409642775,-0.1886305168086697,,23.7,-0.1264659386865319,0.6390704599344224,0.5969581849698893,False,False,False
4951,79.4000015258789,2026-08-10,0.006337135492145762,-0.09977319418193775,-0.3749472897359716,0.2205171946504254,,11.1,-0.4500537440128607,0.3069266167476924,0.5893354418624036,False,False,False
4952,49.70000076293945,2026-08-10,0.04631580553556747,-0.1401383837549861,-0.008393512424766825,0.20123350748692004,,64.2,-0.08349996670165594,0.313859677983059,0.8269551085652714,False,False,False
4953,127.0,2026-08-10,0.02008032128514059,-0.0039215686274509665,0.11299837939316637,0.03474065381666569,,68.4,0.03789192511627726,0.7408417937321653,0.9262014252005621,False,False,False
4956,31.399999618530277,2026-08-10,0.13153151778487482,-0.14207647738749485,-0.33049043503326747,0.43052385089417733,,29.1,-0.4055968893101566,0.840330739180341,0.5740402043980322,False,False,False
4958,470.5,2026-08-10,0.11625148279952557,-0.1998299319727891,0.16392160581209492,1.6839438906865203,,96.3,0.0888151515352058,1.0215531532741902,0.728328173374613,False,False,False
4960,20.899999618530277,2026-08-10,0.08854160354369478,-0.11627907164299978,-0.4521625482936654,0.5367646347280213,,18.2,-0.5272690025705545,0.311657797940892,0.4649610514748197,False,False,False
4961,174.0,2026-08-10,0.1335504885993486,-0.011363636363636354,0.028398212397958478,0.19307636244324833,,67.9,-0.046708241878930634,0.8526143472688587,0.9709610767975562,True,False,False
4966,600.0,2026-08-10,0.04166666666666674,-0.08396946564885499,-0.21156373193166889,0.04674545155432175,,17.6,-0.286670186208558,0.5830367426130179,0.6896551724137931,False,False,False
4967,280.5,2026-08-10,0.16874999999999996,0.20386266094420602,-0.017513134851138368,0.0935672514619883,,53.3,-0.09261958912802748,1.4140268732618544,0.9211822660098522,True,False,False
4968,96.0,2026-08-10,0.0010427369398331443,-0.1264786290526646,-0.19172087189408882,-0.2208189613480651,,7.7,-0.26682732617097793,0.6539915310937159,0.5849707717121535,False,False,False
4971,502.0,2026-08-10,0.31413612565445037,0.19491788902829588,-0.36721957207757017,0.2965475472372394,,15.1,-0.4423260263544593,1.969879790599676,0.5769041600838116,True,False,False
4972,16.600000381469727,2026-08-10,0.006060629179983401,-0.023529389325310235,0.009118517420875216,-0.08791210518670955,,41.8,-0.0659879368560139,0.3741856034794647,0.8426395806389211,False,False,False
4973,162.0,2026-08-10,0.16546762589928066,-0.027027027027026973,0.3500000000000001,2.262448749751287,,98.0,0.274893545723111,1.0420668772543653,0.7714285714285715,False,False,False
4974,69.69999694824219,2026-08-10,0.0356611261167199,-0.01134756101784129,-0.0020464359854637237,-0.012777235427262612,,46.7,-0.07715289026235284,0.2819552592097153,0.7643015644236757,False,False,False
4976,36.150001525878906,2026-08-10,-0.04868417037160777,-0.05613571159294495,0.22959190458948942,0.12441679036252085,,80.6,0.1544854503126003,0.7699232575587469,0.6286956787109375,False,False,False
4977,144.5,2026-08-10,0.18930041152263377,-0.03677444947363062,-0.4569615474070958,0.06443398913440057,,2.8,-0.5320680016839849,1.1447015604224058,0.5430384525929042,False,False,False
4979,536.0,2026-08-10,0.31695331695331697,0.24570834095190075,-0.1824447959967107,0.6731952821120564,,70.3,-0.2575512502735998,0.7658730352498416,0.7503744257153736,True,False,False
4980,43.29999923706055,2026-08-10,0.006976726443268522,0.043373475591820476,0.11311047657040496,0.4385381624020528,,82.9,0.03800402229351585,0.4888743638429883,0.8093457801319729,False,False,False
4989,67.5,2026-08-10,0.10474634510162284,-0.26470590679672634,-0.2857142857142857,0.0714285714285714,,12.1,-0.3608207399911748,0.9776641725627432,0.5793991416309013,False,False,False
4991,511.0,2026-08-10,0.3170103092783505,0.10725893824485366,-0.3094594594594594,1.3018018018018016,,83.2,-0.3845659137363485,0.4749211001138874,0.5873563218390805,True,False,False
4994,86.9000015258789,2026-08-10,-0.035516059960437274,-0.04505492828704494,-0.06455192613823535,-0.1397458667586674,,25.6,-0.13965838041512446,1.2500276134202235,0.85615765050127,False,False,False
4995,49.650001525878906,2026-08-10,0.05750800253598154,0.07817594676355855,0.14893891237249224,0.256173277393813,,79.4,0.07383245809560313,0.522211244664872,0.9870775800985951,False,False,False
4999,19.299999237060547,2026-08-10,0.04607037609605347,-0.025252526225563066,-0.06489535615502817,-0.1839797498913519,,21.9,-0.14000181043191728,1.0105137871582222,0.6580365291518,False,False,False
5007,56.09999847412109,2026-08-10,-0.007079673024405597,0.005376330486780434,-0.024347852623981092,0.009367114897451012,,45.1,-0.0994543069008702,0.8751654367548524,0.9589743328909588,False,False,False
5009,33.45000076293945,2026-08-10,0.024502272578041273,0.010574087762934559,-0.087927025982385,0.040611009922497,,36.8,-0.1630334802592741,0.4990663569638072,0.8643679264495658,False,False,False
5011,18.5,2026-08-10,0.07871722516023127,-0.19565217391304346,0.22516553196267797,0.42857144961223015,,86.8,0.15005907768578886,0.20977652363548685,0.692883875332268,False,False,False
5013,25.899999618530277,2026-08-10,0.04225348977634291,-0.037174721716766945,-0.0700179797569016,-0.17120001220703118,,22.2,-0.14512443403379072,0.6397291807718347,0.8068536090246473,False,False,False
5014,11.100000381469728,2026-08-10,0.06220101282952095,0.07199082665978995,0.13474156323619524,0.00702169408178932,,69.1,0.05963510895930613,1.2720083872082915,0.9774034537313533,True,True,False
5015,22.100000381469727,2026-08-10,0.0279069944869641,0.018433161496169914,0.02742801628772895,-0.2068976728713393,,35.3,-0.04767843798916016,0.8294307032322917,0.7063567729417745,True,False,False
5016,24.399999618530277,2026-08-10,0.025210100869895502,0.008264415259734426,0.01219856286242571,0.004197058518772279,,50.9,-0.0629078914144634,0.15858404920522295,0.7865692021233132,True,False,False
5201,25.850000381469727,2026-08-10,-0.03544771950131653,-0.04963236557364836,-0.13718797987822706,-0.41390279298211385,,5.6,-0.21229443415511617,0.27403575066155966,0.5264987730297773,False,False,False
5202,12.350000381469728,2026-08-10,0.05106386225274284,-0.1423610619004847,-0.042635601032925186,-0.2469511787356673,,20.4,-0.1177420553098143,0.3812683628941402,0.5655743976789197,False,False,False
5203,66.30000305175781,2026-08-10,0.03432144508591395,-0.02785914928891131,0.029503128584793537,-0.22456136781569813,,34.0,-0.045603325692095575,0.4708302143732751,0.6196261967454001,False,False,False
5205,21.850000381469727,2026-08-10,0.00229363055775611,-0.054112553218948034,-0.043763675418183046,-0.27287850461832275,,18.7,-0.11887012969507216,0.7849020897669792,0.6216216054893438,False,False,False
5206,22.350000381469727,2026-08-10,0.10370372254171478,0.07706469224732415,0.01698045986937391,-0.16854969577634693,,36.9,-0.0581259944075152,0.6779539180374254,0.646804966436107,True,True,False
5209,161.5,2026-08-10,0.041935483870967794,0.018927444794952786,0.05845371288096568,-0.0020294020500704057,,58.7,-0.01665274139592343,0.9294375552138205,0.9414817146036061,True,False,False
5210,28.0,2026-08-10,0.0,-0.08346969887865374,0.07074571351652281,0.30536125893185995,,76.1,-0.0043607407603662995,0.32536184305049903,0.8421052631578947,False,False,False
5211,20.399999618530277,2026-08-10,0.056994840671157565,-0.08108112984455784,0.009900933071139262,-0.2316384103674709,,30.6,-0.06520552120574985,0.5512461270942097,0.6325581277063652,False,False,False
5212,47.45000076293945,2026-08-10,0.016059956911075535,-0.006282706535299387,-0.01658029506861236,-0.03077561899929393,,42.5,-0.09168674934550147,0.3212959855494813,0.8869158388714771,False,False,False
5213,21.0,2026-08-10,-0.02097905580110504,-0.05191871956368832,-0.08576993405199862,-0.054435425692861306,,29.4,-0.16087638832888773,0.42612855795229815,0.8481013243263978,False,False,False
5215,38.20000076293945,2026-08-10,-0.009079078626404224,-0.09155763481507795,-0.049531352819557006,0.04069517961314717,,43.2,-0.12463780709644612,0.39359001326534027,0.7955214732942771,False,False,False
5220,20.5,2026-08-10,0.004901979575474558,-0.004854387360093471,-0.00010466061632186108,0.11816246854359713,,59.0,-0.07521111489321097,0.41537788130957476,0.840316014183235,False,False,False
5222,117.0,2026-08-10,0.054054054054053946,-0.04878048780487809,-0.09302325581395354,-0.15154770349926683,,20.1,-0.16812971009084265,0.3994090769725268,0.7358490566037735,False,False,False
5223,23.75,2026-08-10,0.032608695652173836,-0.05378487493834361,-0.042338680216225666,-0.17534720037638352,,26.5,-0.11744513449311478,0.2501514123317946,0.7825370577095816,False,False,False
5225,66.69999694824219,2026-08-10,-0.10228809947990736,-0.09742901798338077,-0.06843577695954772,-0.2891298650684635,,15.4,-0.14354223123643683,1.9092065318606115,0.6223927055378023,False,False,False
5227,34.0,2026-08-10,-0.04494377928932192,0.127694873306184,0.6152019587791591,0.2477064220183487,,93.3,0.54009550450227,0.6316969154228604,0.8173077222863611,False,False,False
5228,41.59999847412109,2026-08-10,0.08333325054910756,-0.2490975211491907,-0.09269356906083237,0.6639999389648434,,77.1,-0.16780002333772148,0.4822944891962925,0.5459317603697191,False,False,False
5230,17.950000762939453,2026-08-10,0.0286532938761761,-0.12652061171039708,0.10835849357924965,-0.016109674168274912,,64.9,0.033252039302360537,0.17188955196193248,0.7479166984558105,False,False,False
5234,333.0,2026-08-10,0.024615384615384706,-0.12483574244415241,-0.23094688221709003,0.013816736061597501,,14.5,-0.30605333649397914,0.40063573847085,0.7207792207792207,False,False,False
5236,144.0,2026-08-10,-0.0034602076124568004,-0.10559006211180122,-0.08988057000892358,0.21227906718633816,,51.3,-0.1649870242858127,0.3512650067922254,0.8022284122562674,False,False,False
5240,17.149999618530273,2026-08-10,0.08201887733582502,-0.0779570286667316,-0.3918125739727619,0.00437807077363539,,3.6,-0.46691902824965104,0.6748426302092223,0.5334329893249793,False,False,False
5243,88.69999694824219,2026-08-10,0.10323377195075922,-0.09304709426951341,-0.14299519856770837,0.02071341071066879,,26.0,-0.21810165284459748,0.3169237749213642,0.6570370144314236,False,False,False
5244,33.45000076293945,2026-08-10,0.08603901271173586,-0.01906151730988881,-0.1630055608616443,-0.15884137187433156,,12.8,-0.23811201513853342,0.6233602980023087,0.6656412873974149,False,False,False
5245,23.899999618530277,2026-08-10,0.08144792787287924,-0.07184467500853298,-0.04970179001827946,-0.06274511299881269,,34.6,-0.12480824429516857,1.3201602291245833,0.7050147062762008,False,False,False
5248,36.400001525878906,2026-08-10,-0.06064512191280247,-0.044619344260522276,-0.3013435203081747,0.6177778455946181,,49.4,-0.3764499745850638,0.771188512023064,0.36400001525878906,False,False,False
5251,25.600000381469727,2026-08-10,0.024000015258789142,-0.12925167640701196,-0.09219859259318375,-0.2622478438441066,,14.7,-0.16730504687007286,0.19931424507121795,0.4629294888726383,False,False,False
5254,38.5,2026-08-10,0.036339122979057725,-0.0517241022917686,-0.21106556143628674,0.2622950819672132,,34.7,-0.28617201571317585,0.5470686768427104,0.6660899741900748,False,False,False
5258,53.20000076293945,2026-08-10,-0.005607462374963457,0.0075757865844463534,0.0,-0.11920530763322168,,38.0,-0.07510645427688911,0.5624830182882389,0.6658322871959951,False,False,False
5262,45.84999847412109,2026-08-10,0.09952032698449997,0.012141263715752526,-0.12453964645372095,0.1429322650638567,,38.9,-0.19964610073061007,1.3251639642650401,0.7110609408698968,False,False,False
5263,92.6999969482422,2026-08-10,0.0076086624808935355,-0.08217824803720597,-0.09117650050742943,-0.13767444699309583,,21.1,-0.16628295478431854,0.5901885636660389,0.7415999755859376,False,False,False
5267,49.54999923706055,2026-08-10,0.16588233498965987,0.1109865679885993,-0.22939351655744644,0.7602131406226844,,70.0,-0.30449997083433555,0.3230351019418239,0.5092497192492677,False,False,False
5269,1400.0,2026-08-10,0.04477611940298498,-0.023924023215506796,-0.052726294493690706,0.0506126757086216,,43.9,-0.12783274877057982,0.6419628875272283,0.7504376156854863,False,False,False
5271,11.050000190734863,2026-08-10,-0.026431733978146132,-0.21908123755252784,-0.4516128833782658,0.17553198288986493,,4.6,-0.5267193376551549,0.3973545320586819,0.21794871843102934,False,False,False
5272,18.100000381469727,2026-08-10,0.03428573608398433,-0.12560387853340926,-0.22814499818374867,-0.17162471096248821,,6.9,-0.3032514524606378,1.3347121773332913,0.6691312714224168,False,False,False
5274,16540.0,2026-08-10,0.035367762128325486,0.21039151115989752,0.015157815846568834,1.0676375564536458,,90.3,-0.05994863843032028,0.8229801863873789,0.9482706686765701,False,False,False
5278,24.799999237060547,2026-08-10,0.02268038090971336,0.02691509850093432,0.09068814051706764,-0.1534074324340602,,50.8,0.015581686240178527,0.3119373566183113,0.57745285769026,False,False,False
5283,53.70000076293945,2026-08-10,-0.02007296513568524,0.013207561564895443,0.046783656170994226,-0.12227240324433786,,46.0,-0.028322798105894886,0.4695840644744003,0.8329594508732531,False,False,False
5284,307.5,2026-08-10,0.08274647887323949,-0.06818181818181823,-0.18311828374547123,0.12653003178964495,,28.0,-0.25822473802236035,0.5732855852458987,0.6783669873463944,False,False,False
5285,77.9000015258789,2026-08-10,0.05986396633848856,-0.18854165077209473,0.06009339777466227,0.40278793294321,,78.4,-0.01501305650222684,0.1616177269513444,0.7179723642938148,False,False,False
5287,146.5,2026-08-10,0.010344827586206806,-0.023333333333333317,-0.023333333333333317,-0.08873632123174524,,36.8,-0.09843978761022243,0.9881407722387231,0.8357445328333792,False,False,False
5288,197.5,2026-08-10,0.0788517595721987,0.07601270030442264,0.30218098937046234,0.4099476156338939,,89.0,0.22707453509357323,1.0850894864162324,1.0,True,True,False
5289,1465.0,2026-08-10,0.05776173285198549,-0.042483660130718914,-0.18384401114206128,0.8878865979381443,,78.2,-0.2589504654189504,1.2246510157412245,0.7361809045226131,False,False,False
5291,56.20000076293945,2026-08-10,0.2047159469386668,-0.015761781702840705,-0.20509189266186023,0.4050000190734864,,47.6,-0.28019834693874934,0.62434963114515,0.7131979516044674,True,False,False
5292,178.5,2026-08-10,0.10869565217391308,-0.07272727272727275,-0.13384999955945331,0.00906471166267342,,26.6,-0.20895645383634243,0.4579616687239454,0.7615582531218015,True,False,False
5299,102.0,2026-08-10,0.0049261083743843415,-0.10730523893309662,0.042950366622452885,0.3715882632655354,,76.3,-0.03215608765443623,0.7141525373275248,0.7444380731326856,False,False,False
5302,11.149999618530272,2026-08-10,0.1094526773053699,-0.15849059482790406,0.022935780619202317,-0.0630252121043875,,46.6,-0.052170673657686795,0.38578685646047134,0.7216828321152329,False,False,False
5309,55.79999923706055,2026-08-10,0.10495047994179307,-0.11568937264007151,-0.1555422301192142,-0.17779733221515182,,12.6,-0.2306486843961033,0.31114750321468043,0.6821515544657605,False,False,False
5310,25.0,2026-08-10,-0.019607843137254943,0.05042020173979056,-0.00398407888246699,-0.038461538461538436,,44.8,-0.0790905331593561,0.23558435363499872,0.5681818181818182,False,False,False
5314,62.29999923706055,2026-08-10,0.13067152381721203,-0.056060617620294795,-0.12867133934181052,-0.3951456384751403,,6.5,-0.20377779361869963,0.5179828260560215,0.43359440834366725,False,False,False
5315,19.25,2026-08-10,0.005221952138994235,-0.04938271604938271,-0.06805173382251517,-0.1773657021231575,,22.0,-0.14315818809940428,0.34354809072901504,0.806598534662407,False,False,False
5321,56.09999847412109,2026-08-10,0.003577762840482057,-0.08333336969346483,1.4933332655164926,0.7368420990472584,,98.4,1.4182268112396035,0.36024125538407326,0.803724871366009,False,False,False
5324,12.300000190734863,2026-08-10,0.01652890933552542,0.020746887638410483,0.1284404239633692,0.07423584241302095,,71.0,0.053333969686480076,1.324378390128012,0.9919355297684065,False,False,False
5328,62.5,2026-08-10,-0.0727003177291844,-0.11347517730496459,1.2123893805309733,1.181500901646651,,98.2,1.1372829262540842,0.5289936538057775,0.7584951315852947,False,False,False
5340,73.0,2026-08-10,0.1370717051412378,-0.11835752041738312,-0.32587879120506724,-0.25778573030401963,,2.2,-0.40098524548195635,1.9276611421931131,0.5483523450089294,False,False,False
5344,14.149999618530272,2026-08-10,-0.010489550363906863,-0.13190182326155708,-0.1183800441649272,-0.04713809730354879,,24.0,-0.1934864984418163,0.6628929612452883,0.7486772436046546,False,False,False
5345,22.700000762939453,2026-08-10,0.015659972057983085,-0.05613299446765774,0.03416856373264032,-0.05219206514324071,,49.5,-0.04093789054424879,0.4234214218686092,0.6421499785794218,False,False,False
5347,157.5,2026-08-10,0.04304635761589415,-0.08959537572254339,-0.05160217260312694,-0.010873480614857822,,38.5,-0.12670862688001605,0.9485919517233878,0.7328528360176175,False,False,False
5348,16.700000762939453,2026-08-07,-0.014749261872991526,-0.002985029078241608,0.11333338419596362,0.015197567684205326,,67.3,0.038226929919074504,0.18237475933330827,0.8413098459448471,False,False,False
5351,114.0,2026-08-10,0.426783452101392,0.1608961664233597,0.36038181203394015,0.8357488373773019,,94.0,0.28527535775705104,1.4113456159444102,1.0,True,True,False
5353,28.600000381469727,2026-08-10,0.01598581772779939,-0.03050846164509402,0.13133089079657578,0.07765467917202762,,71.6,0.05622443651968667,0.15416395498855945,0.8659160493268213,False,False,False
5355,6.079999923706055,2026-08-10,0.09945744901097675,-0.011382141557055525,-0.13018596240476554,-0.1648351993844085,,15.5,-0.20529241668165465,0.711823012638086,0.5380530815115552,False,False,False
5356,25.0,2026-08-10,0.02459017995287427,-0.036608891522508125,0.006887320680460274,-0.013397922529396311,,48.4,-0.06821913359642884,0.9032706713302482,0.9384750796674927,False,False,False
5371,85.5999984741211,2026-08-10,0.13829789824375793,-0.08154505067571727,0.23370466575628623,-0.07867561996093886,,74.2,0.15859821147939712,0.8389247694376765,0.6582897622749285,False,False,False
5381,24.649999618530277,2026-08-10,0.07641921524679551,-0.09541285803558619,0.010245901799528667,-0.3119047510026436,,23.7,-0.06486055247736044,0.15264505943538886,0.6162499904632569,False,False,False
5386,298.0,2026-08-10,0.2416666666666667,0.21043504992726736,0.0037425264340535946,4.12160184327785,,98.6,-0.07136392784283552,0.4895877325769172,0.7583079952169629,True,False,False
5388,93.5999984741211,2026-08-10,0.07093817894735821,0.10638298064216967,0.061224509214526934,0.16335276436574842,,69.4,-0.013881945062362178,0.8517972682823841,0.9066505354137832,True,True,False
5392,47.09999847412109,2026-08-10,0.1335739913109364,0.016181230306161698,0.1418181448271778,-0.08365764443786738,,64.8,0.0667116905502887,0.9565879133947535,0.806506802114544,True,False,False
5398,14.0,2026-08-10,-0.020979034037302835,-0.07894735686336518,-0.29648239857433845,-0.366515848038689,,1.5,-0.37158885285122756,0.8953308317574726,0.45676998937174296,False,False,False
5403,92.5999984741211,2026-08-10,0.006521722544794439,-0.01906782862990053,0.017582400814517563,-0.11974057105293157,,40.7,-0.05752405346237155,0.6184484241794449,0.7824528005095469,False,False,False
5410,34.20000076293945,2026-08-10,-0.035260930129705104,-0.18332567244976827,-0.02306432634854183,0.19940619170833007,,62.2,-0.09817078062543094,0.5659865750804096,0.757125163580399,False,False,False
5425,84.30000305175781,2026-08-10,0.048507480744556686,-0.3382854363411961,0.06478122509245576,0.2774223592180065,,75.3,-0.010325229184433349,0.37943786777906185,0.5996788143375369,False,False,False
5426,28.0,2026-08-10,0.15463917525773185,-0.06510853800552863,0.5642458433917561,0.382716049382716,,93.6,0.489139389114867,0.35041073935304307,0.7061790396584187,False,False,False
5432,112.0,2026-08-10,0.06666666666666665,-0.19713261648745517,-0.2299027258072216,-0.36222931683501336,,3.3,-0.3050091800841107,0.5831357445055484,0.6119151192395612,False,False,False
5434,514.0,2026-08-10,0.015810276679841806,0.03479621869584748,0.24371015507284732,0.5769798560632411,,89.9,0.1686037007959582,0.7022003914365252,0.8624161073825504,False,False,False
5438,17.649999618530273,2026-08-10,0.023188383682914315,-0.0783289832835582,-0.027654172635019236,-0.18863860485250017,,27.6,-0.10276062691190835,0.6208184099017969,0.6085210196831137,False,False,False
5439,241.0,2026-08-10,0.12616822429906538,-0.23821746223035134,-0.34918581555701356,-0.21531576853931222,,2.2,-0.42429226983390267,1.043857154366325,0.5616312885094875,False,False,False
5443,104.5,2026-08-10,0.1572535600037921,-0.02336448598130836,-0.16595037495631704,0.13693667281299216,,32.0,-0.24105682923320615,0.3199406256637938,0.7764244021196797,False,False,False
5450,15.5,2026-08-10,0.1071428571428572,0.0624098094857346,0.2373949678997631,0.004890803505045893,,77.2,0.162288513622874,0.4744864731288782,0.8414285576723064,False,False,False
5452,27.200000762939453,2026-08-10,0.0625000139698384,-0.13924049257640003,-0.1816965007087823,-0.1406531047347247,,12.0,-0.2568029549856714,0.18996315430411315,0.6948837680711694,False,False,False
5455,28.700000762939453,2026-08-10,0.014134329917404376,0.0436363913796165,0.12328773463561582,0.0017452406657916253,,67.7,0.04818128035872671,0.09081126241276442,0.8968750238418579,True,True,False
5457,28.799999237060547,2026-08-10,0.05688070594717609,-0.08871400865509282,-0.1487006989570614,-0.20127759665155887,,12.2,-0.2238071532339505,0.3034839120474663,0.5878411227876966,False,False,False
5460,16.399999618530273,2026-08-10,0.041269817049541135,-0.023809502184254927,0.09333330790201821,0.037974646870400086,,66.4,0.018226853625129102,0.1818559150203782,0.8497409464679361,False,False,False
5464,61.70000076293945,2026-08-10,-0.03894075240094208,-0.34708993901651375,-0.025276437494557435,1.4387352815631154,,92.5,-0.10038289177144655,0.5824769995665987,0.5739534954692043,False,False,False
5465,21.600000381469727,2026-08-10,0.004651180533475685,-0.08851474039709084,-0.0957775670915576,-0.24971957123467026,,14.9,-0.17088402136844671,0.4469780104831532,0.5169927626808303,False,False,False
5468,27.799999237060547,2026-08-10,0.15833330154418945,-0.03135893735031137,0.5316804309283889,0.4708994602203258,,93.8,0.4565739766514998,0.44794256795442017,0.7658402154641946,True,False,False
5469,75.9000015258789,2026-08-10,0.12611275678883094,-0.058312618327793775,-0.0547939986371595,-0.2364580073835515,,19.7,-0.12990045291404861,0.5537109206853817,0.701910802319946,False,False,False
5471,56.70000076293945,2026-08-10,0.04036698647595327,-0.1507907578374469,0.09554470117561498,0.42980183236237246,,81.7,0.020438246898725865,0.5454031831206205,0.8492092421625531,False,False,False
5474,149.5,2026-08-10,0.06028368794326244,-0.06853582554517135,-0.06332506470116239,-0.0690191713427295,,31.9,-0.1384315189780515,0.35972088517143336,0.7275361076930514,False,False,False
5475,125.0,2026-08-10,0.024590163934426146,-0.35064935064935066,-0.609375,0.15740740740740744,,0.9,-0.6844814542768891,1.9273949531576346,0.3125,False,False,False
5478,99.5,2026-08-10,0.007084989135835329,-0.019704433497536922,0.03002072020379809,0.03670377258766,,57.0,-0.04508573407309102,0.38336710071708713,0.928526004951317,False,False,False
5481,19.649999618530277,2026-08-10,-0.017500019073486195,-0.06428573245093916,-0.022388097233784543,-0.13626375303163618,,32.9,-0.09749455151067365,0.24499217905051915,0.7751479022814524,False,False,False
5483,169.5,2026-08-10,-0.017391304347826098,-0.18607860437859436,0.10535782039260844,0.3872911027228534,,81.2,0.030251366115719325,1.0813250969270496,0.6162966119185369,False,False,False
5484,45.34999847412109,2026-08-10,0.12252467230901898,-0.0801217205693201,0.16282047369541242,0.01910108930609189,,71.9,0.0877140194185233,0.49385625192200594,0.783246930552351,False,False,False
5487,29.25,2026-08-10,-0.0051020279073654695,0.019163735973511287,0.07536761689557414,0.0034305448637519387,,62.2,0.0002611626186850291,0.7105266656774633,0.9227129115465589,False,False,False
5488,13.449999809265137,2026-08-10,0.0590551189971551,-0.1663153214268065,0.33719723226040976,0.32408760563195127,,88.8,0.26209077798352065,0.459142567284867,0.7545080250437216,False,False,False
5489,42.650001525878906,2026-08-10,0.04024393965558315,-0.308752009748808,0.06226649825626063,-0.0069848482358912944,,58.9,-0.012839956020628485,0.30695165506585675,0.6290560413886758,False,False,False
5490,31.399999618530277,2026-08-10,-0.1129943992918887,0.04841398392834351,0.1683287129305917,0.2593962768706166,,81.1,0.0932222586537026,2.381486986412039,0.8870056007081113,False,False,False
5493,80.0,2026-08-10,0.0652463598593469,-0.07084791720202388,-0.08729302812047868,-0.07189302751423088,,27.5,-0.1623994823973678,0.1842600432937133,0.820982172707097,False,False,False
5498,50.59999847412109,2026-08-10,0.13707861739597949,-0.15242884711096127,-0.30110500818105024,-0.22273426021298792,,3.2,-0.37621146245793935,0.3883272777246624,0.6089049266334088,False,False,False
5508,54.70000076293945,2026-08-10,0.07889546232361999,-0.00517356642029243,0.1691982906992029,-0.047855887781037776,,69.5,0.09409183642231378,0.35401308533029974,0.5392517200515181,True,False,False
5511,71.5,2026-08-10,0.02435525607329292,0.1295418777531132,0.258708154558029,0.3386555890612932,,86.4,0.18360170028113987,0.365642095151712,0.9533333333333334,False,False,False
5512,7.809999942779541,2026-08-10,0.019582258270946173,-0.015132394471214283,0.13024603693797387,-0.023750007152557373,,67.1,0.05513958266108476,0.31848857867225583,0.877948452903121,False,False,False
5514,13.75,2026-08-07,-0.017857142857142905,0.0185185185185186,-0.09539472549080508,-0.140625,,20.5,-0.1705011797676942,0.8004583533919941,0.7638888888888888,False,False,False
5515,44.45000076293945,2026-08-10,0.03976609971788192,0.07888349368487058,0.2689856675408777,0.5042026092568035,,89.5,0.1938792132639886,0.8350929350500725,1.0,True,True,False
5516,13.100000381469728,2026-08-10,0.10084040347958134,0.24761908394949783,0.21296297686253718,-0.10273972334300718,,70.9,0.13785652258564807,1.835535371248854,0.7820895750131182,True,True,False
5519,27.850000381469727,2026-08-10,-0.005357129233224067,-0.05623686252822868,-0.005729640346124998,0.04374450791842621,,51.2,-0.08083609462301411,0.33428634713173233,0.9210380122704387,False,False,False
5520,83.9000015258789,2026-08-10,0.03325128915162079,0.019441049997469317,0.04613472217492176,0.026370212051071373,,59.2,-0.02897173210196735,1.0517125807242704,0.9271787679728799,True,True,False
5521,10.350000381469728,2026-08-10,0.019704509404544934,-0.023584904811610685,-0.08682927009865271,-0.5160615958786253,,5.5,-0.16193572437554182,0.479805981545524,0.38396575090495566,True,False,False
5522,65.0999984741211,2026-08-10,0.0,0.006182404091902738,0.010386770032693615,0.06856058616137539,,56.6,-0.0647196842441955,0.7913024255199022,0.8579683550285863,False,False,False
5523,30.350000381469727,2026-08-10,-0.0016447117660512989,-0.0016447117660512989,0.0,0.0016502028273328584,,48.4,-0.07510645427688911,0.568321382416307,0.9918300654613262,False,False,False
5525,22.049999237060547,2026-08-10,0.008676825548393996,0.06407321285394496,-0.002145888479916702,-0.09356724458414556,,39.9,-0.07725234275680581,1.0354819698548938,0.7487922736604511,False,False,False
5529,21.450000762939453,2026-08-10,0.014184451528137743,0.009411800608915444,0.014950834443560268,-0.2043510747259849,,33.3,-0.060155619833328844,1.1453971299177006,0.7376877373375219,False,False,False
5530,49.84999847412109,2026-08-10,0.05838641378111675,0.0030180625528981597,0.03423231711751962,-0.06996268855885435,,48.1,-0.040874137159369495,0.37728732183687125,0.8565291721759655,True,False,False
5531,7.590000152587891,2026-08-10,-0.03312098792399254,-0.045282976769092875,-0.07326000714731773,-0.1594683967847128,,22.7,-0.14836646142420684,0.8170816581031568,0.7768679423711329,False,False,False
5533,14.0,2026-08-10,0.0,0.03321031755946646,0.04444447606539281,0.018970185187306088,,57.9,-0.0306619782114963,1.0171774195726608,0.8626679712406087,False,False,False
5534,78.30000305175781,2026-08-10,0.009020677724242088,-0.011363559736909168,-0.011363559736909168,0.02835616829551668,,48.8,-0.08647001401379828,0.338149776990432,0.900000035077676,False,False,False
5536,1045.0,2026-08-10,0.10934182590233554,-0.13991769547325106,0.19288671844327654,0.6044145088576833,,88.6,0.11778026416638743,0.5183595673928438,0.7282229965156795,False,False,False
5538,35.400001525878906,2026-08-10,0.0396476452002088,0.07435510489259523,0.20061237079043615,0.15746535002704398,,79.6,0.12550591651354703,4.275159396951096,1.0,True,True,False
5543,26.299999237060547,2026-08-10,-0.03663003765371797,-0.08041961936124231,-0.1069609998055735,-0.09931511815436589,,22.1,-0.1820674540824626,0.7834715577163045,0.7127370772224952,False,False,False
5546,14.100000381469728,2026-08-10,0.04444447270146146,-0.05645799674733143,-0.07101889124624372,-0.32361817918974656,,13.9,-0.14612534552313283,0.7103567648458644,0.5374819769000407,False,False,False
5547,19.700000762939453,2026-08-10,0.0,-0.027160456151138157,0.04281514859787272,-0.13426666414088884,,44.7,-0.03229130567901639,0.4302733376552536,0.8164388521055062,False,False,False
5601,29.299999237060547,2026-08-10,0.0103448012779499,-0.06984129406156991,-0.16022775081366125,-0.1944575570020446,,11.6,-0.23533420509055036,0.5233470954236205,0.7699729535739777,False,False,False
5603,14.149999618530272,2026-08-10,0.0035460450856619197,-0.03741497944702077,-0.10725556605834097,-0.21388891008165156,,15.4,-0.18236202033523008,0.2338875382752075,0.690243883830745,False,False,False
5604,30.399999618530277,2026-08-10,0.009966751935499563,-0.01298700092333005,-0.04702194413597016,-0.1490940546713846,,27.8,-0.12212839841285927,0.42781519333113543,0.8019176262076422,False,False,False
5607,49.34999847412109,2026-08-10,0.033507821447561925,-0.003346086308580243,0.03074473120758925,0.08304465941388961,,61.3,-0.04436172306929986,0.5817247608128869,0.9197129787047383,True,False,False
5608,14.100000381469728,2026-08-10,0.06818186251585234,-0.0342465744476691,-0.06312291011464422,-0.21883651094458878,,19.7,-0.13822936439153333,0.8713460947541637,0.6795180906732399,False,False,False
5609,79.4000015258789,2026-08-10,0.01794873751126813,0.006337135492145762,0.07022090090053035,0.07426962718710817,,65.8,-0.004885553376358764,0.5845141334061305,0.9987421575582253,True,False,False
5859,14.050000190734863,2026-08-10,0.03690036848426659,0.04850750676930882,-0.02430551646300183,-0.11635216806165016,,34.1,-0.09941197073989094,0.26419938344811883,0.8593272087417461,True,False,False
5863,11.350000381469728,2026-08-10,0.03181821649724803,0.036529733257724795,0.050925942687177095,-0.029914481495824208,,54.8,-0.024180511589712017,0.4219246419119702,0.9380165308797369,False,False,False
5864,29.549999237060547,2026-08-10,-0.019900510416622663,-0.25472892560234217,-0.019209433694106992,0.39494791244608907,,72.4,-0.0943158879709961,0.5646686180491041,0.6193985025412085,False,False,False
5871,109.0,2026-08-10,-0.03539823008849563,0.021357296559218142,0.06799461115597172,0.11376583851197997,,67.8,-0.007111843120917394,0.46998252910164084,0.9469264199126155,False,False,False
5876,43.34999847412109,2026-08-10,-0.029115408898795825,0.06414084562172251,0.13579120844743509,0.15013195108979183,,75.4,0.060684754170545974,0.4851057387811364,0.9537953299545214,False,False,False
5878,38.25,2026-08-10,0.003937048081007033,-0.012903225806451646,-0.055439807956851106,-0.07587496424052775,,32.6,-0.13054626223374022,0.30061424788017715,0.9024320285264413,False,False,False
5880,26.100000381469727,2026-08-10,-0.02973974901135179,0.037773390749457514,0.14473689714187143,0.10126580342913916,,74.4,0.06963044286498232,1.0096035092961784,0.9456521746642047,False,False,False
5902,34.349998474121094,2026-08-10,0.0014577037368130874,0.02384498525343748,-0.04950264497765633,-0.09833772199612745,,31.8,-0.12460909925454544,0.23286323406661233,0.753430901938682,True,False,False
5903,185.0,2026-08-10,0.013698630136986356,0.013698630136986356,0.011023968473546475,0.008363383950999115,,51.0,-0.06408248580334264,1.5750361153998784,0.9651840942562594,True,True,False
5904,79.19999694824219,2026-08-10,0.09999995761447478,0.14305449374628454,0.467021868032075,1.0371266450870364,,96.1,0.3919154137551859,0.2515866619638067,1.0,True,True,False
6005,33.79999923706055,2026-08-10,-0.02170767052276812,-0.0714286313139263,0.066246007052978,0.13804708312456326,,68.7,-0.008860447223911105,0.6940767521265707,0.7502774652492081,False,False,False
6015,14.949999809265137,2026-08-10,-0.03858523306174777,-0.1529744967490242,-0.08841462457272187,0.1498053916756119,,46.1,-0.16352107884961098,0.3259642824077813,0.6528384304935909,False,False,False
6016,18.399999618530277,2026-08-10,-0.09359604383932929,-0.2132569748839016,-0.13130451296847978,0.27514928503586034,,49.2,-0.2064109672453689,0.4588790885713972,0.5791302725374654,False,False,False
6020,20.549999237060547,2026-08-10,-0.021428607759021556,-0.08258930415067178,-0.10457522640933947,0.07169590986473673,,36.5,-0.17968168068622858,0.4553146420442726,0.7996108415177389,False,False,False
6021,35.0,2026-08-10,0.04633779377302294,-0.09326421286090625,0.017441815334505728,0.1896698210608243,,66.3,-0.057664638942383384,0.221173399649495,0.7900677336969265,False,False,False
6023,86.4000015258789,2026-08-10,0.020070893021112424,-0.03826426579953279,0.040756085663020025,0.0933416787300323,,63.4,-0.03435036861386909,0.971664458904689,0.9617357342004672,False,False,False
6024,62.09999847412109,2026-08-10,0.06518009068248709,0.07852499825426063,0.20982378151392878,0.3377857870190297,,84.5,0.13471732723703966,0.8369412636892826,1.0,True,True,False
6026,13.899999618530272,2026-08-10,-0.007142884390694881,-0.11464969507022671,-0.06464474490190475,0.0034937613175454185,,37.6,-0.13975119917879386,0.27585103902518404,0.7851169357914318,False,False,False
6027,12.199999809265137,2026-08-10,0.012448100925807948,0.04721031834713929,-0.09293680429191742,0.3048127605902211,,59.3,-0.16804325856880653,0.17368024348007233,0.8621908224851473,True,False,False
6028,85.30000305175781,2026-08-10,0.06491890982141224,0.07702028205256162,0.04791156575886557,-0.09972031235732393,,47.8,-0.02719488851802354,2.0766780011995905,0.6669955377495602,True,True,False
6035,52.59999847412109,2026-08-10,0.003816735542333971,0.03809945410236315,0.04203909588609589,0.0021070101255962204,,56.3,-0.03306735839079322,0.5933741673000402,0.8099624964006623,False,False,False
6103,28.5,2026-08-10,0.003521140239892029,-0.06862746259119046,-0.2875,-0.18454937402401872,,4.0,-0.3626064542768891,0.6316745198102721,0.5480769230769231,False,False,False
6104,94.5,2026-08-10,0.02272725583811752,-0.07352941176470584,-0.07352941176470584,-0.030742230086412525,,33.2,-0.14863586604159496,0.24456888250843206,0.7199197355112589,False,False,False
6108,18.700000762939453,2026-08-10,0.1065089458603028,0.005376364484882101,-0.08108106081573974,0.206451662125126,,51.7,-0.15618751509262885,0.6763622279529271,0.7727272798923688,False,False,False
6109,11.199999809265137,2026-08-10,0.0,-0.1450382073951837,-0.07818928716806428,-0.0743802102339498,,29.1,-0.1532957414449534,0.26360075404381417,0.7887323915284438,False,False,False
6112,46.650001525878906,2026-08-10,0.1825095215132,0.09318335167072922,0.11969236476958023,0.022841303256317502,,68.5,0.044585910492691117,1.1042679670212852,0.8490837005469705,True,False,False
6113,24.350000381469727,2026-08-10,0.12993045213634558,-0.12093863859930931,0.016701444918082675,0.033970325703884585,,54.1,-0.05840500935880644,0.6545890635734855,0.8157453959895328,False,False,False
6114,26.850000381469727,2026-08-10,0.04069771997903393,-0.08801708398598529,-0.10296760263363214,-0.1857294902889456,,17.0,-0.17807405691052125,0.3298942858864998,0.8046908511796153,False,False,False
6115,45.25,2026-08-10,0.0,-0.016304347826086918,0.011384152632686106,0.022143570564476134,,51.9,-0.063722301644203,0.6755934291773725,0.9627404057837392,False,False,False
6116,14.899999618530272,2026-08-10,0.1919999694824217,-0.133720990836521,0.3990610471577192,0.7009131540207929,,93.4,0.32395459288083006,0.5507600799870603,0.6563876263324342,False,False,False
6117,66.30000305175781,2026-08-10,0.02790702405826062,-0.08425412079502081,-0.17331663872075787,-0.17021274360947503,,11.5,-0.24842309299764698,0.282791631191487,0.69206681565488,False,False,False
6118,15.600000381469728,2026-08-10,-0.012658215623466584,-0.07142850655276456,-0.08504392495449764,-0.1853785539309062,,19.0,-0.16015037923138675,0.23950254967612222,0.6117647208419501,False,False,False
6120,13.300000190734863,2026-08-10,0.03906249941792339,-0.07638885117607241,0.036372533647032856,0.009303193034579271,,55.5,-0.038733920629856256,0.4906066054732997,0.8400411140079466,False,False,False
6121,395.0,2026-08-10,0.08965517241379306,-0.03233704625566425,0.0651891977035084,0.17601811142904622,,70.1,-0.009917256573380717,0.7094906203049847,0.8703791770044995,True,False,False
6122,47.59999847412109,2026-08-10,0.023655881163894277,-0.014464437034399147,0.06912554768028256,-0.08837960065676143,,52.1,-0.00598090659660655,0.6922626824955223,0.8142064379581684,False,False,False
6123,43.25,2026-08-10,0.023668639053254337,0.029761904761904656,0.021225112219911857,0.013326121247942302,,52.9,-0.053881342056977255,0.5388947646444773,0.8355653072449112,True,False,False
6124,27.100000381469727,2026-08-10,0.09274198448248794,-0.054101195731187435,-0.10116083833002809,-0.059027739605049034,,26.3,-0.1762672926069172,0.19793857257834205,0.7140974924020178,False,False,False
6125,50.0,2026-08-10,0.08633122443913743,-0.13056104589515594,-0.16780226770580486,-0.33182003185926456,,6.3,-0.24290872198269398,0.2890957092189125,0.5812934488824364,False,False,False
6126,30.75,2026-08-10,0.003262655227221023,-0.12393158584688568,-0.07239823274232182,-0.2135549565212299,,18.9,-0.14750468701921093,0.19558115257148576,0.7151162790697675,False,False,False
6127,50.29999923706055,2026-08-10,0.04248703081990768,-0.32754014458722014,0.03818366243527915,0.38186805298069326,,76.4,-0.03692279184160996,0.1740942757174028,0.5190918312176396,False,False,False
6128,20.25,2026-08-10,0.0,-0.0049140235673305055,0.0024752096619857777,-0.1684840685072827,,34.5,-0.07263124461490333,0.4786520553578262,0.6973554329163278,False,False,False
6129,14.649999618530272,2026-08-10,0.042704585028480846,-0.2289473884984068,-0.09006215705487386,-0.1382353165570428,,21.6,-0.16516861133176297,0.2978809110557977,0.70263785853694,False,False,False
6133,21.649999618530277,2026-08-10,0.07980052081559585,-0.12170385583879662,-0.020362025120902905,-0.2521589275311634,,23.6,-0.09546847939779202,0.25332821273089406,0.7478410724688366,False,False,False
6134,27.850000381469727,2026-08-10,0.11142216908551261,-0.07988818074480342,-0.15216284275126812,-0.12026929430713584,,15.7,-0.22726929702815724,0.23466080094492583,0.7051108316697234,False,False,False
6136,25.25,2026-08-10,0.030612244897959107,0.04771782573972483,0.05033273870181598,0.10284938001194455,,65.2,-0.02477371557507313,0.6914008186287258,0.9452994348313762,True,False,False
6138,288.5,2026-08-10,0.03963963963963968,-0.19864181636377998,0.04079682836416554,0.14349407836171224,,66.4,-0.034309625912723574,0.5750876955243003,0.6847970143977654,False,False,False
6139,808.0,2026-08-10,0.05620915032679741,-0.07657142857142862,0.18823529411764706,0.3718166383701189,,84.4,0.11312883984075794,0.7378284188622883,0.8460732984293193,False,False,False
6140,17.149999618530273,2026-08-10,0.04892961580399868,-0.13602018695475415,-0.18333335149855845,-0.31673309331136923,,6.0,-0.25843980577544756,0.29051338122090004,0.42250840008747576,False,False,False
6141,34.70000076293945,2026-08-10,0.1414474078410224,-0.1113956097083022,0.094637221697083,1.928270012311653,,96.7,0.019530767420193884,0.44825417036654713,0.7543478426725968,False,False,False
6142,9.630000114440918,2026-08-10,0.008376955194584035,-0.14399998982747397,0.13028164284495802,-0.04653467814626133,,65.8,0.05517518856806891,0.4338985576060726,0.856000010172526,False,False,False
6143,90.8000030517578,2026-08-10,0.020224753390537087,-0.1311004492654756,-0.08926774492385092,-0.12180073478567244,,23.0,-0.16437419920074003,0.4158081240612584,0.6355389752525449,False,False,False
6146,192.0,2026-08-10,0.005235602094240788,-0.06796116504854366,-0.05392585171892639,0.11761498955742566,,49.1,-0.1290323059958155,0.5195840336030147,0.8528550714392272,False,False,False
6147,154.0,2026-08-10,0.13653136531365306,-0.29032258064516125,-0.20449488187204456,1.6516838315974636,,91.4,-0.2796013361489337,0.587505386592788,0.5103731854713102,False,False,False
6148,28.600000381469727,2026-08-10,0.061224473907966814,-0.12135173419891998,-0.05298014374334714,-0.23163365250388956,,20.1,-0.12808659802023625,0.4946081356287741,0.4993087428396827,False,False,False
6150,60.59999847412109,2026-08-10,0.07256634467470957,-0.006667166482695719,-0.07986012603994086,-0.03334435931961155,,32.2,-0.15496658031682997,0.3480238890686919,0.6593674359792991,False,False,False
6151,35.20000076293945,2026-08-10,0.04142016442248475,-0.0974358778733474,-0.15180721053157942,0.22048775629419648,,41.0,-0.22691366480846853,0.13955912814884164,0.7068273353856609,False,False,False
6152,14.350000381469728,2026-08-10,0.20588242365356035,0.06691454163327348,-0.10591893684738651,0.0436363913796165,,33.8,-0.18102539112427563,0.46852863007929174,0.650793690611606,True,False,False
6153,16.600000381469727,2026-08-10,0.1216216329417148,-0.15736041936107892,-0.10027101923951276,0.012195168755581687,,32.4,-0.17537747351640187,0.35914415158179436,0.6789365997334237,False,False,False
6154,13.649999618530272,2026-08-10,0.022471852321214403,-0.014440487901144272,0.10182953101279102,0.029709801222193022,,66.9,0.026723076735901907,0.2654818091175164,0.9376496167988769,False,False,False
6155,53.20000076293945,2026-08-10,-0.005607462374963457,-0.273224002993391,0.03655863740332577,-0.05468776160178279,,49.6,-0.038547816873563345,0.13863661784023473,0.5451140700729229,False,False,False
6156,20.799999237060547,2026-08-10,-0.023474179244571736,-0.22271691237317603,0.06604474475002875,-0.04998730725009526,,55.6,-0.009061709526860362,0.4404984133891202,0.654618101672996,False,False,False
6158,16.700000762939453,2026-08-10,-0.03746395413480741,-0.12793727960287327,-0.0722221798366971,-0.2047618684314546,,19.3,-0.1473286341135862,0.7304039526280507,0.6747475055733112,False,False,False
6160,14.149999618530272,2026-08-10,0.0035460450856619197,-0.13981769226363205,-0.1183800441649272,-0.22038567956311128,,14.1,-0.1934864984418163,0.4316976514869854,0.6086021341303343,False,False,False
6161,53.09999847412109,2026-08-10,0.10624996821085597,0.022412229125702954,0.2599657651204126,0.2556753862800609,,84.9,0.18485931084352347,1.2911991129660423,0.8509615452214342,False,False,False
6163,42.0,2026-08-10,0.0619469231403591,-0.09090910592167334,-0.2733563917926457,-0.3759287058620274,,1.9,-0.3484628460695348,0.30543522140453855,0.5668016311048671,False,False,False
6164,11.800000190734863,2026-08-10,0.026086973107379396,-0.21070231830893316,-0.04065040587370328,-0.05976095526705194,,36.2,-0.11575686015059239,0.29685849964771893,0.6781609453696973,False,False,False
6165,50.900001525878906,2026-08-10,0.06708596879993545,0.01596812527192104,0.0190190340025842,0.18925239329921673,,66.6,-0.05608742027430491,1.087888090943975,0.8525963295711814,True,False,False
6166,143.0,2026-08-10,0.153225806451613,0.06319702602230493,0.4214447833201176,1.2230606850519647,,96.5,0.3463383290432285,1.4098528854944166,0.8588588588588588,False,False,False
6167,10.600000381469728,2026-08-10,0.009523845854259916,-0.11297066521697507,-0.11297066521697507,-0.1485943338263075,,17.6,-0.1880771194938642,0.2655499877624454,0.6463415017091124,False,False,False
6168,25.049999237060547,2026-08-10,0.06595741434300195,-0.1317158091564501,-0.06703914781511267,0.022448948451450956,,38.7,-0.14214560209200178,0.5148798889933932,0.7056337813256492,False,False,False
6170,46.75,2026-08-10,0.01300104993029394,-0.010582010582010581,0.00042759204616760194,0.030990543164834516,,51.1,-0.07467886223072151,0.3370896147697408,0.9426747672856587,False,False,False
6171,24.549999237060547,2026-08-10,0.0358649133653306,0.04025418814555359,0.016563131463710246,-0.11690647802850951,,40.8,-0.058543322813178866,0.4286145450942096,0.7542242645925651,True,False,False
6173,168.5,2026-08-10,0.05312500000000009,-0.3872727272727273,0.1538664731786097,1.2495804756873503,,94.0,0.07876001890172057,1.1862032938115585,0.4839325408796807,False,False,False
6174,42.09999847412109,2026-08-10,0.04466499432102289,-0.27036398756580615,0.07724027666340638,0.9008701493308529,,89.8,0.00213382238651727,0.44863167310482305,0.668253944033668,False,False,False
6175,75.5999984741211,2026-08-10,0.038461473969617854,-0.2665337121375301,0.13757699333127227,0.5130444355814467,,85.3,0.062470539054383156,0.13188220229336725,0.6610640690321613,False,False,False
6176,82.30000305175781,2026-08-10,-0.04524355028488092,-0.09161143004581929,-0.18176342330814166,-0.31649311222989784,,6.1,-0.25686987758503077,0.6297082203687869,0.590948633741359,False,False,False
6177,48.5,2026-08-10,0.02428725581707125,0.07064019463208937,0.02645502645502651,0.02428725581707125,,55.2,-0.0486514278218626,0.7908837910599378,0.8723021822127249,False,False,False
6179,27.899999618530277,2026-08-10,0.1318458438253629,-0.0017889496616928513,0.14344262519340245,-0.02447555082527164,,68.6,0.06833617091651334,1.2044481644213736,0.7815125776549999,True,False,False
6182,93.0,2026-08-10,0.05561863349314655,-0.4608695652173913,0.6518650312659504,1.4281984817902984,,97.6,0.5767585769890613,0.29266930821022635,0.49076517150395776,False,False,False
6183,92.9000015258789,2026-08-10,0.010881392637609455,0.029933532915594308,0.004324340820312411,-0.02722511491226276,,46.4,-0.0707821134565767,0.8844714787780481,0.9308617102716876,False,False,False
6184,42.20000076293945,2026-08-10,-0.0070588055778951775,-0.017462164998310215,-0.03156716788331282,-0.07050419906115057,,37.1,-0.10667362216020193,0.6780241519672335,0.803574875065185,False,False,False
6185,13.699999809265137,2026-08-10,-0.017921147198436405,-0.0551724269472319,0.006397569428024941,-0.05120767261106174,,45.4,-0.06870888484886417,0.637789510745847,0.8005435262344165,False,False,False
6186,35.95000076293945,2026-08-10,-0.027246676418893223,-0.055426014020554915,0.04912150707121499,-0.13738907270174505,,45.2,-0.025984947205674125,1.4851551046176539,0.6083338212314903,False,False,False
6187,1090.0,2026-08-10,0.08457711442786064,0.05129076066960736,-0.09520048751650911,1.8449879846915835,,94.8,-0.17030694179339823,1.4704481291132119,0.7941405665658184,False,False,False
6188,72.0999984741211,2026-08-10,0.031473489273497135,-0.08152868185833007,-0.15771028318512614,-0.36982725796610505,,5.8,-0.23281673746201526,0.4332820619402673,0.564731742157522,False,False,False
6189,49.04999923706055,2026-08-10,0.03919488229274948,-0.02678575888782808,0.07853122651385003,0.1518761421865482,,70.3,0.0034247722369609157,0.25096145922774343,0.9047573746325657,False,False,False
6190,68.80000305175781,2026-08-10,0.06172839215462811,-0.14072985831756257,-0.12473846019455637,0.3805494745984137,,60.2,-0.19984491447144548,0.2648613414841491,0.7668051879893162,False,False,False
6191,87.19999694824219,2026-08-10,0.060827252866545445,-0.13663369358176047,-0.046873134104319925,-0.21576051649365946,,22.3,-0.12197958838120904,0.30921272558475976,0.6102614462351129,False,False,False
6192,116.0,2026-08-10,0.026548672566371723,-0.033333333333333326,-0.12121212121212122,0.0171644874914878,,29.5,-0.19631857548901033,0.6055055574552236,0.8689138576779026,False,False,False
6194,30.0,2026-08-10,0.010100984153337045,-0.009276193840377478,-0.0321039436713324,-0.08415657676689214,,35.6,-0.10721039794822151,0.37208504547558247,0.794577933516619,False,False,False
6195,29.0,2026-08-10,0.07407407407407418,0.12840463576247418,0.16929264354765206,0.19471211475571226,,78.7,0.09418618927076294,1.248508906847344,1.0,True,True,False
6196,507.0,2026-08-10,0.026315789473684292,-0.07650273224043713,0.2231618751435689,0.7364345752222989,,91.2,0.14805542086667978,0.8292146649611145,0.8593220338983051,False,False,False
6197,309.0,2026-08-10,0.02148760330578514,-0.13807531380753135,0.34731687617075746,1.1818141856217381,,95.7,0.27221042189386835,0.5844988828205364,0.8295302013422818,False,False,False
6198,19.5,2026-08-10,0.04278070611879459,-0.041769059731503466,-0.10958902558608097,-0.25,,13.5,-0.18469547986297008,0.16334012371103418,0.6320907539344088,False,False,False
6199,97.6999969482422,2026-08-10,0.0010245745459476208,-0.07393367821571373,-0.00812185839348023,-0.06952383858816946,,40.5,-0.08322831267036934,0.6121944870480069,0.7847389313111823,False,False,False
6201,45.45000076293945,2026-08-10,0.00019811812961378905,0.006423417620047056,-0.02493252775286703,-0.11478816187433816,,34.2,-0.10003898202975614,1.5844466248661522,0.823592677916575,False,False,False
6202,63.79999923706055,2026-08-10,0.08688242602785468,-0.12960441226706665,0.09621990379228751,0.20604910012808442,,74.6,0.021113449515398397,0.6196703801885511,0.8656716672846787,False,False,False
6203,61.0,2026-08-10,0.011608572351834656,-0.03204705412910058,-0.09406077460747952,-0.030604539082332405,,30.2,-0.16916722888436864,0.498938804076812,0.7485205624292182,False,False,False
6204,80.9000015258789,2026-08-10,0.20746270934147626,-0.17868018755452886,0.05064937046595985,0.013784441504440137,,58.7,-0.02445708381092926,0.48075816555321715,0.6472000122070313,False,False,False
6205,61.5,2026-08-10,0.07329844361015225,-0.1151079136690647,-0.2704915777722111,0.11901382642012326,,15.7,-0.3455980320491002,0.24255095894325304,0.6381341648493943,False,False,False
6206,158.0,2026-08-10,0.18352059925093633,0.2589849612724313,0.18254661635295966,0.8034478677701093,,91.0,0.10744016207607054,2.5681181195093035,1.0,True,True,False
6207,107.0,2026-08-10,0.10880829015544036,-0.2537429637517349,0.5619333278167988,0.727669128056861,,95.5,0.4868268735399097,0.2884734053686214,0.6493112710685699,False,False,False
6208,81.69999694824219,2026-08-10,0.008641937632619667,-0.09523815961098359,-0.03715136734967839,0.8950262423333957,,86.0,-0.1122578216265675,0.49741033186691247,0.7780952090308779,False,False,False
6209,74.0,2026-08-10,0.06775460418511736,-0.07760802053519944,0.12923144771214656,0.023753680886957174,,69.3,0.05412499343525745,0.3981846725534401,0.766762086410904,False,False,False
6210,17.049999237060547,2026-08-10,-0.06575346646243574,-0.1367088993893394,-0.17233014945002156,-0.19194317872932076,,10.7,-0.24743660372691068,1.0695054276191518,0.7611606931884065,False,False,False
6212,29.350000381469727,2026-08-07,0.0051369731031190025,0.02086957848590343,-0.021666653951009085,-0.22864649224794353,,25.3,-0.0967731082278982,0.4492526070264923,0.6723940287623794,False,False,False
6213,427.5,2026-08-10,0.4792387543252594,0.11038961038961048,0.5099515151502085,2.65331466902861,,98.4,0.4348450608733194,1.499933476750771,1.0,True,True,False
6214,144.5,2026-08-10,-0.026936026936026924,0.006968641114982521,0.21711469866876287,0.2472910630352092,,83.1,0.14200824439187376,1.1102257988234219,0.9383116883116883,False,False,False
6215,102.5,2026-08-10,0.11899565182807703,-0.08823277709946031,-0.1786859175196447,-0.16879054386393666,,11.4,-0.2537923717965338,0.6218716356640708,0.6612497027179844,False,False,False
6216,21.899999618530277,2026-08-10,0.004587173622452534,-0.05399568123532261,-0.05194808411787133,-0.22614840251123003,,20.6,-0.12705453839476044,0.6012449039182185,0.7381316349696715,False,False,False
6217,165.0,2026-08-10,0.3524590163934427,-0.33999999999999997,-0.467741935483871,1.5190839694656488,,80.5,-0.5428483897607601,0.3948955440587435,0.4838709677419355,False,False,False
6218,36.09999847412109,2026-08-10,0.14060028149211878,-0.04116873808603749,-0.11951223233851005,0.48254611534187375,,67.4,-0.19461868661539916,0.2554742331280357,0.8004434522284007,False,False,False
6219,12.550000190734863,2026-08-10,0.032921858828253825,-0.023346317652058524,0.012096820711222867,-0.20317459106445312,,33.1,-0.06300963356566625,0.21070559577028705,0.579676693388636,False,False,False
6220,25.75,2026-08-10,0.003898650407677895,-0.2336309175777852,-0.1254526695641578,-0.04435831664728185,,23.5,-0.2005591238410469,0.22932566315334693,0.5801357166350382,False,False,False
6221,21.0,2026-08-10,-0.0047393544863415515,-0.04977377205803346,-0.13223143231631718,-0.30578512396694213,,9.3,-0.2073378865932063,0.5030750786154211,0.52018350444351,False,False,False
6222,20.299999237060547,2026-08-10,-0.03333336966378353,-0.028708152747417337,-0.09576843887810182,0.0884718312214261,,39.2,-0.17087489315499094,0.5237014150257359,0.8787878312480344,False,False,False
6223,6225.0,2026-08-10,0.07235142118863047,-0.12076271186440679,0.13983069372870505,1.3526448292995519,,94.6,0.06472423945181593,0.7228678071072264,0.8463783579736711,False,False,False
6224,56.0,2026-08-10,0.03703703703703698,-0.24832214765100669,-0.2774193548387097,0.37431057748316143,,33.0,-0.35252580911559883,0.1622831929117078,0.5894736842105263,False,False,False
6225,27.700000762939453,2026-08-10,0.1991342123595694,0.1888412733885565,0.04924246830279122,0.6198830494153864,,83.6,-0.02586398597409789,2.1889091634407967,0.7902996110097064,True,False,False
6226,21.399999618530277,2026-08-10,-0.006960539389361475,-0.19548874768294777,0.7051792265572232,1.3464912156869393,,97.7,0.6300727722803341,2.2975321179885975,0.7697841800657913,False,False,False
6227,125.0,2026-08-10,0.03305785123966931,0.03734439834024905,0.21359223300970864,0.41723360912759344,,86.4,0.13848577873281953,0.39436662726734173,0.922509225092251,True,False,False
6228,17.549999237060547,2026-08-10,-0.053908358012334956,-0.08115189075665918,-0.18561485575929915,-0.2951807427338251,,6.4,-0.26072131003618826,0.18864851283561918,0.444866892209228,False,False,False
6229,23.549999237060547,2026-08-10,0.02614372349346472,-0.08020090640607813,-0.2085800635213656,0.006210283179296727,,16.2,-0.2836865177982547,0.25613169218152676,0.7736352104473175,False,False,False
6230,110.0,2026-08-10,0.004566210045662045,-0.11290322580645162,-0.2666666666666667,-0.11646586345381527,,6.6,-0.34177312094355583,0.7026697823235601,0.6027397260273972,False,False,False
6231,216.0,2026-08-10,-0.002309468822170868,-0.16174224883550437,-0.2895664690944981,0.022171050280043847,,9.7,-0.36467292337138724,0.5053459923071888,0.6350073101461383,False,False,False
6233,21.75,2026-08-10,0.0714286116963132,-0.11943322557972202,-0.15410370746656255,-0.10869774555695766,,16.1,-0.22921016174345166,0.34204247125312615,0.7361658827452987,False,False,False
6234,37.45000076293945,2026-08-10,0.16304347439775468,-0.11255923967118753,-0.3252252114785684,0.34712236657238327,,22.8,-0.40033166575545753,0.24161385729906867,0.6040322703699912,False,False,False
6235,39.75,2026-08-10,0.04057589544773821,-0.06250003373847701,-0.0690866676868972,-0.33530462519163007,,13.4,-0.1441931219637863,0.33601584293483466,0.531929858235062,False,False,False
6236,17.049999237060547,2026-08-07,0.0,0.0,-0.10498688084507257,-0.3673469849950055,,8.8,-0.18009333512196168,0.0,0.5412698170495411,True,False,False
6237,34.400001525878906,2026-08-10,0.03927501847996173,-0.1789643433370156,-0.21090396313251147,-0.1789643433370156,,7.9,-0.2860104174094006,0.1857689617631715,0.6146791260848432,False,False,False
6239,288.5,2026-08-10,0.20964360587002107,-0.08068241104826346,0.2988151102212586,0.1249775833153941,,83.7,0.2237086559443695,0.7358580183968164,0.7762048433651486,False,False,False
6240,19.100000381469727,2026-08-10,-0.03535347891734264,0.0324324530524176,0.05524861762012856,0.00526317797209086,,58.8,-0.019857836656760552,0.4749906470709661,0.9073634714362526,False,False,False
6241,14.600000381469728,2026-08-10,-0.11782470969691472,-0.07301584879557277,0.6820276345801417,0.14960634651493998,,93.6,0.6069211803032526,0.8431831062850356,0.776595796487516,False,False,False
6243,45.70000076293945,2026-08-10,-0.04989600389432214,0.15549940946941954,0.33042220649207077,0.2589532155218879,,87.5,0.25531575221518166,1.4588139177693988,0.8754789290230276,False,False,False
6244,24.100000381469727,2026-08-10,0.04329004257515834,-0.10254689394429062,-0.17580840185701962,0.05582713948173845,,23.5,-0.25091485613390874,0.3909590044635141,0.6675270762490291,False,False,False
6245,88.5999984741211,2026-08-10,0.14618363488028763,0.09653459316538471,0.07004825131150949,0.2657142639160157,,75.1,-0.005058202965379621,1.0099292478447044,0.9693653938182373,True,False,False
6246,12.300000190734863,2026-08-10,-0.023809538226368776,-0.20129866912888028,-0.2407407647243187,-0.1086956506715906,,8.3,-0.3158472190012078,0.27243166263017377,0.6059113622171698,False,False,False
6248,17.899999618530273,2026-08-10,0.028735632813895018,-0.011049765675375856,-0.055409029136435084,-0.15962440095371022,,25.4,-0.1305154834133242,0.5718265438570772,0.7799563844649575,False,False,False
6257,207.5,2026-08-10,0.0613810741687979,-0.15132924335378328,0.003719796169607159,0.5788849770395743,,80.8,-0.07138665810728195,0.48848010952172516,0.7720921465160037,False,False,False
6259,30.25,2026-08-10,0.0016556038343515933,-0.2046089784726971,0.2796144756555381,0.732735830885408,,91.8,0.20450802137864899,0.2696934060366901,0.7179057918486247,False,False,False
6261,78.5,2026-08-10,0.05510750524238861,-0.1411378699181577,-0.34854771784232363,0.07240441629396943,,7.1,-0.42365417211921275,0.19600188252176032,0.5880149812734082,False,False,False
6263,161.0,2026-08-10,0.03536977491961424,-0.0359281437125748,-0.08818587869332262,0.3142945546558553,,60.9,-0.16329233297021173,0.49153329477050395,0.8924653038576832,True,False,False
6264,6.059999942779541,2026-08-10,0.0016528515255240794,-0.019417457749564604,-0.021001633802777864,-0.14527506172653515,,32.5,-0.09610808807966698,0.4029295441702938,0.7546700055165845,False,False,False
6265,55.79999923706055,2026-08-10,0.2441471825078818,0.058823499606116325,0.2441471825078818,0.14344262519340245,,82.1,0.1690407282309927,0.779244603508393,0.8732394038279023,True,False,False
6266,24.950000762939453,2026-08-10,0.03958336512247729,-0.013833932200614463,-0.020790758159237366,-0.10156730347098553,,35.9,-0.09589721243612648,0.6324194462558582,0.8497914529896762,False,False,False
6269,65.9000015258789,2026-08-10,0.21811466514924938,0.05440002441406255,0.144097279021403,0.08388161764498281,,73.2,0.0689908247445139,1.13859117163073,0.7531428745814732,False,False,False
6270,30.399999618530277,2026-08-10,0.0704225361571853,-0.20209971558977702,0.15314975137073694,0.2527188927777311,,79.7,0.07804329709384783,0.12193242148649079,0.7296537440227683,False,False,False
6271,197.0,2026-08-10,0.17261904761904767,-0.21825396825396826,0.09012929387600876,0.2954134733078295,,76.9,0.015022839599119653,0.8774201775319466,0.6852173913043478,False,False,False
6272,25.100000381469727,2026-08-10,0.03933750633314781,-0.2019077973744452,-0.12137791856305724,-0.36613691366252366,,7.6,-0.19648437283994635,0.3842946267542564,0.4335871119516583,False,False,False
6274,1460.0,2026-08-10,0.19672131147540983,-0.07006369426751591,0.006896551724137945,1.7303855242302677,,95.1,-0.06820990255275117,1.3299777774518122,0.7684210526315789,False,False,False
6275,44.34999847412109,2026-08-10,0.05595234462193055,-0.034956303582937,-0.0716280087422515,-0.12417734034679351,,25.8,-0.14673446301914062,0.4147053312710238,0.7634638306596426,False,False,False
6276,20.0,2026-08-10,0.0,-0.09502264005526995,-0.3231810315948598,-0.4587280220015628,,0.7,-0.3982874858717489,0.3953753791487133,0.3418803418803419,False,False,False
6277,80.0,2026-08-10,0.03359171088971857,0.167809202827798,0.16615964363587676,0.3446922202080729,,83.0,0.09105318935898765,0.7654194268512555,0.9975062723709172,False,False,False
6278,171.5,2026-08-10,0.1786941580756014,-0.14035087719298245,-0.17758262169364303,0.8806878349153366,,78.5,-0.25268907597053214,0.5432281382713181,0.715653266051687,False,False,False
6281,51.59999847412109,2026-08-10,-0.0057804054515919745,-0.0076923370361329235,0.011764675963158666,-0.11687825846527711,,40.0,-0.06334177831373045,0.6322974800708314,0.7686890251594986,False,False,False
6282,50.0,2026-08-10,0.11982079039841165,-0.13194442144882457,-0.1071428571428571,-0.09909909909909909,,22.0,-0.1822493114197462,0.3108706877852137,0.7062146588249139,False,False,False
6283,20.149999618530277,2026-08-10,-0.009828047134660789,-0.13146556224607375,-0.18913483665151853,-0.15157896343030408,,11.1,-0.26424129092840765,0.3775212180401109,0.6376582080785751,False,False,False
6284,76.4000015258789,2026-08-10,0.00526317797209086,-0.23216078868463408,-0.06404495096141494,-0.12503981003372744,,26.8,-0.13915140523830405,0.21705203717154034,0.6279956374754928,False,False,False
6285,256.0,2026-08-10,0.07112970711297062,-0.017274472168905985,-0.07689619268186232,0.5587741913724906,,75.1,-0.15200264695875143,0.7000299144486003,0.8160353924346706,False,False,False
6290,214.0,2026-08-10,-0.016091954022988464,-0.26487348271139877,-0.19473290808208943,0.30228653842796716,,40.3,-0.26983936235897854,0.8831981043299194,0.5979162827913376,False,False,False
6291,383.5,2026-08-10,0.1499250374812593,-0.17259978425026967,-0.25965250965250963,0.7541918726928429,,67.1,-0.33475896392939875,0.5429551674110374,0.56480117820324,False,False,False
6292,60.20000076293945,2026-08-10,0.07692306117504955,0.036144618656982486,0.08485716911743224,0.48467845999786996,,82.7,0.009750714840543129,0.32604147075188417,0.8846474840098747,True,False,False
6405,39.95000076293945,2026-08-10,0.10664826735597521,-0.28276480761701206,-0.3135738790508955,0.23875971357951786,,17.2,-0.3886803333277846,0.4388900303319469,0.4932098859622155,False,False,False
6407,23.200000762939453,2026-08-10,0.06912442153282261,-0.17876103494019635,-0.31048146814520006,0.35831386806619303,,26.2,-0.38558792242208917,0.7178809877386428,0.41988417828094216,False,False,False
6409,1040.0,2026-08-10,0.1134903640256959,-0.022820409093479377,0.41332922368649583,0.12243609399964894,,88.0,0.3382227694096067,0.43574170777593885,0.8370414581967072,False,False,False
6411,77.0999984741211,2026-08-10,0.017150334696894642,-0.18115155815078088,-0.060020148967674714,-0.04533294714555458,,34.0,-0.13512660324456383,0.1624829017094684,0.6967394418887103,False,False,False
6412,79.4000015258789,2026-08-10,0.008894594724026206,-0.10585586940126612,-0.14348825895843842,-0.016031221157048026,,22.9,-0.21859471323532753,0.5141913602858368,0.7548253665471136,False,False,False
6414,482.0,2026-08-10,0.10171428571428565,0.2233502538071066,0.3814040975658908,0.7038102291121331,,93.3,0.30629764328900166,1.1381337857191798,0.9582504970178927,False,False,False
6415,465.0,2026-08-10,0.09540636042402828,-0.11089866156787764,-0.02413431269674715,0.6315813932869365,,80.5,-0.09924076697363626,0.7994094601656984,0.6909361069836553,False,False,False
6416,103.5,2026-08-10,0.11410116576982277,0.08151801468114472,0.2684311192527693,0.2317288145934686,,84.8,0.1933246649758802,1.1148709533694379,0.9992617104848823,False,False,False
6417,114.0,2026-08-10,0.02150539031087395,-0.14057850880310974,-0.20510842921249162,0.068363440428449,,19.8,-0.28021488348938073,0.692474655871366,0.7948915707875084,False,False,False
6418,33.849998474121094,2026-08-10,0.12833328247070308,0.011958077789487431,0.07394159662988353,-0.08153520779943835,,54.0,-0.0011648576470055794,0.7431394992011755,0.45315790231644565,True,False,False
6419,145.0,2026-08-10,0.1328125,-0.006849315068493178,-0.03654485049833889,1.0083103341949688,,87.8,-0.111651304775228,0.8035699007974592,0.7455012853470437,False,False,False
6423,82.4000015258789,2026-08-10,0.16548804925977612,-0.05828569684709817,-0.2927038495632712,-0.25930728850017437,,2.9,-0.36781030384016034,0.7059332215511678,0.6565737173376806,True,False,False
6425,57.400001525878906,2026-08-10,0.07692312096634235,-0.18581558119320696,-0.34622157964200195,-0.2007380140442575,,2.4,-0.42132803391889107,0.19188441150437419,0.5676710152834762,False,False,False
6426,217.5,2026-08-10,0.37658227848101267,0.15999999999999992,-0.1807909604519774,1.1428571428571428,,85.1,-0.2558974147288665,1.6580226781185592,0.7538994800693241,True,False,False
6432,71.0,2026-08-10,-0.006993006993006978,-0.06084654189107863,0.5010571066641794,1.0669578792991974,,96.5,0.42595065238729024,0.39351023156041737,0.8170310558493619,False,False,False
6434,16.399999618530273,2026-08-10,-0.1413612936656753,-0.04651169237927755,-0.291576678670742,1.6031744638117695,,89.1,-0.3666831329476311,0.8508032310537879,0.4493150580419253,False,False,False
6435,258.5,2026-08-10,0.03607214428857719,-0.29255809995121707,0.0675682581957695,0.7985812265729226,,87.8,-0.007538196081119608,0.6357849531758786,0.6316445686874752,False,False,False
6438,147.0,2026-08-10,0.0652173913043479,-0.020000000000000018,-0.13119531582056787,-0.01650166970668887,,24.7,-0.20630177009745698,0.33717308993593187,0.7335702677871024,False,False,False
6441,23.5,2026-08-10,0.2271540714424085,0.021739130434782705,-0.11153121655379539,0.053811695246390956,,33.7,-0.1866376708306845,1.8497965344943728,0.7320872622142215,True,False,False
6442,1425.0,2026-08-10,0.1220472440944882,-0.028847398529627588,-0.24550876840112956,-0.08451859587286781,,8.9,-0.3206152226780187,1.4040591629578,0.606458143343273,False,False,False
6443,27.049999237060547,2026-08-10,0.08416827294211604,-0.1344000244140625,-0.3481927894684206,-0.34264888860212994,,1.0,-0.4232992437453097,0.3496443291746948,0.5172084059590678,False,False,False
6449,240.5,2026-08-10,0.068888888888889,-0.31676136363636365,0.22358269806780462,0.3800066630155794,,86.0,0.1484762437909155,0.6582582494934387,0.524581364221049,False,False,False
6451,456.0,2026-08-10,0.21762349799732972,-0.1192529728187639,-0.000598081084063784,1.8603573712376136,,95.6,-0.0757045353609529,1.097855746120305,0.6301477870405092,False,False,False
6456,67.5999984741211,2026-08-10,0.19646014998444405,-0.04384722217725878,-0.0029499198913610636,0.6407766316094143,,82.2,-0.07805637416825018,0.33846919440044465,0.7420417080832808,False,False,False
6462,101.5,2026-08-10,0.07180573675703816,-0.08144796380090502,-0.22519083969465647,-0.12121212121212122,,9.2,-0.3002972939715456,0.25000155981224564,0.6485623003194888,False,False,False
6464,77.0999984741211,2026-08-10,-0.025284450550960957,0.05185668067074256,0.06698142262697449,0.07683492091873623,,65.6,-0.008125031649914627,0.41132534721184955,0.9685929642220686,False,False,False
6465,47.400001525878906,2026-08-10,-0.0062892920809685116,-0.2511848009924239,0.07546520506551913,0.32043232336241956,,76.7,0.0003587507886300134,0.758623732183861,0.665730387043916,False,False,False
6470,42.75,2026-08-10,0.00470037054114103,-0.05879088331999771,-0.026474672926886433,-0.1504442167673209,,31.3,-0.10158112720377555,0.5835583539293361,0.8448096511628871,False,False,False
6473,7.210000038146973,2026-08-10,0.06029409351645931,-0.09079442695807649,-0.26653101789356926,0.028530642330241163,,11.9,-0.34163747217045837,0.13298992007130914,0.4241176493027631,False,False,False
6474,39.09999847412109,2026-08-10,0.039893618640234774,0.009032218686995774,0.005141309521778048,0.10296185141404735,,58.6,-0.06996514475511106,1.056463467358409,0.8319148611515125,True,True,False
6477,33.95000076293945,2026-08-10,-0.04500699039264988,-0.14050630979900114,-0.011520282307615037,-0.035188067443470694,,43.2,-0.08662673658450415,0.44078433443393844,0.74947093676488,False,False,False
6485,65.19999694824219,2026-08-10,0.10135128560773388,-0.1510417401376668,-0.23203774114929587,-0.4763052453956451,,1.7,-0.307144195426185,0.19451667206198145,0.5236947546043549,False,False,False
6486,74.80000305175781,2026-08-10,0.016304410360261867,-0.03142934369617101,-0.025566371347185535,-0.0232013182347538,,41.4,-0.10067282562407465,0.40154339843995784,0.890356380993377,False,False,False
6488,854.0,2026-08-10,-0.01385681293302543,-0.36496164381646723,0.09210417247831826,0.6842863502123062,,86.6,0.016997718201429146,1.5889463886461253,0.5658757715815338,False,False,False
6494,55.20000076293945,2026-08-10,0.12309255440968903,-0.15596331077917935,-0.0015300992428923799,0.38992950720358976,,74.0,-0.07663655351978149,0.3179671208455423,0.7976879074752855,False,False,False
6498,77.0,2026-08-10,0.0664820395380179,-0.16122007145700645,-0.14827474169861576,-0.09789364335325934,,16.9,-0.22338119597550488,0.6642248877180461,0.6339508220878872,False,False,False
6504,39.0,2026-08-10,-0.016393480475774047,0.08333333333333326,-0.01015232259867238,-0.20489295399350593,,29.6,-0.08525877687556149,0.7408277067959635,0.7105836457312781,False,False,False
6505,69.0,2026-08-10,0.01920240931106232,0.17346940298105618,0.3289676893954645,0.33905468830334407,,88.7,0.2538612351185754,0.862344735379634,0.7403433718814234,False,False,False
6506,17.200000762939453,2026-08-10,0.03927501847996173,-0.02994630351374905,-0.006092560899156996,0.15117123826537338,,60.9,-0.08119901517604611,0.27290924245835024,0.8786717799522905,False,False,False
6508,26.5,2026-08-10,0.015325655658390724,0.08950034648659777,0.12581698644664874,0.14732946090437782,,74.7,0.050710532169759626,0.4278044000191833,0.9221709330978928,False,False,False
6509,47.70000076293945,2026-08-10,0.09153317917999382,-0.05522536251282284,0.057175440848062475,0.3911773174441695,,77.7,-0.017931013428826637,0.3359217371317787,0.8576910922972779,False,False,False
6510,2845.0,2026-08-10,0.07156308851224114,-0.003502626970227629,-0.25897823861583413,-0.09339329909948657,,7.5,-0.33408469289272325,0.9604645456033832,0.6810343386682909,True,False,False
6512,20.149999618530277,2026-08-10,0.02025314524203936,-0.004938290442949245,0.049479105095899145,-0.021844696825551457,,55.2,-0.025627349180989967,0.298694293718044,0.8818380429818713,False,False,False
6515,6830.0,2026-08-10,0.0928,-0.11390785296428707,-0.308491884030172,0.7137000294767617,,57.0,-0.38359833830706114,1.0800135144952514,0.6373789191756192,False,False,False
6516,60.70000076293945,2026-08-10,0.048359225617793156,0.05017303744217805,0.09257132239920285,-0.029944350317203883,,62.4,0.017464868122313737,1.9685132807045551,0.9152264095466149,False,False,False
6517,62.0,2026-08-10,-0.008000000000000007,-0.031856834502719034,0.12634769210661223,-0.11803378998833414,,60.6,0.05124123782972312,0.28225779034662457,0.7723918839041335,False,False,False
6525,142.0,2026-08-10,0.11372549019607847,-0.28822055137844615,0.3786127968274213,0.8410046708056791,,94.4,0.3035063425505322,0.6490474009161687,0.6425339366515838,False,False,False
6526,627.0,2026-08-10,0.13586956521739135,-0.03834355828220859,-0.1286285450363659,0.38289000788586836,,59.8,-0.203734999313255,0.9561484839252631,0.8493846514471822,False,False,False
6530,82.5,2026-08-10,0.18025748496523608,-0.0060240963855421326,-0.30708772419971186,0.3384553086692368,,24.9,-0.382194178476601,1.1950130416061475,0.6306280667000407,True,False,False
6531,923.0,2026-08-10,0.2592087312414735,0.0010845986984815426,-0.11911505338224648,1.1314992608255738,,87.0,-0.1942215076591356,0.5508670414599506,0.7809526130954606,False,False,False
6532,83.5,2026-08-10,0.19627501933034908,0.07051282051282048,-0.1650610890514832,0.4696628984145732,,61.0,-0.2401675433283723,0.8879139615110303,0.7580366550094432,True,False,False
6533,250.0,2026-08-10,0.079913606911447,0.3054830287206267,0.018329938900203624,0.024590163934426146,,53.7,-0.05677651537668549,2.4308797752917317,0.7680491551459293,False,False,False
6536,16.5,2026-08-10,-0.06250002031976487,-0.1970802621615988,-0.24485127176505161,0.10000000000000009,,17.1,-0.3199577260419407,0.8400219951427393,0.3548387096774194,False,False,False
6538,145.5,2026-08-10,0.07777777777777772,0.06985294117647056,0.8887560785963586,1.1637366761713421,,97.9,0.8136496243194695,1.7953158954324295,0.9297124600638977,False,False,False
6546,61.09999847412109,2026-08-10,0.09892086602412342,-0.09615384832424756,-0.10792131661183613,-0.03141840347593661,,27.4,-0.18302777088872524,0.4267361437379555,0.7027597484508525,False,False,False
6548,75.69999694824219,2026-08-10,0.07834758175353063,-0.08685168208819749,0.44350086002079525,0.2675097527281962,,90.9,0.36839440574390614,0.4082957849406079,0.7754587051817319,False,False,False
6552,24.899999618530277,2026-08-10,0.04621850490469126,-0.15449918596046353,-0.17000001271565746,-0.17412935543698427,,11.7,-0.24510646699254657,0.2472047694641907,0.6747967097255342,False,False,False
6555,15.5,2026-08-10,0.013071882795547163,-0.17989416334150543,-0.3002257215827223,-0.4301470748074735,,1.1,-0.3753321758596114,0.5166702390619357,0.4696969696969697,False,False,False
6556,61.70000076293945,2026-08-10,-0.052227308615578893,-0.07957621644999469,-0.07301114991932123,-0.05274174718571334,,31.6,-0.14811760419621034,3.550728966645331,0.8184120232697347,False,False,False
6558,26.75,2026-08-10,0.09631149254957538,-0.10234897030693335,-0.12724305602184827,-0.30519480519480524,,9.5,-0.20234951029873738,0.37444826256309227,0.47767857142857145,False,False,False
6559,18.100000381469727,2026-08-10,0.19078951372334219,-0.0498687083274344,-0.35021187448922964,0.36503994451008603,,20.2,-0.42531832876611875,0.8675592537334099,0.39336634595017184,False,False,False
6560,32.75,2026-08-10,0.02024926968152152,-0.1289893263548718,-0.15592781845422765,-0.21556886227544914,,11.2,-0.23103427273111676,0.12884551288790663,0.6794605701579404,False,False,False
6561,327.5,2026-08-10,0.0234375,-0.009077155824508298,-0.027121515256209316,0.00798988884188323,,44.9,-0.10222796953309843,0.39961029095515055,0.74674436347007,False,False,False
6565,15.649999618530272,2026-08-10,-0.01880878961268695,-0.14480872836123315,-0.3340425694242437,-0.06845236135448107,,4.3,-0.4091490237011328,0.45497423212934623,0.46577381932275946,False,False,False
6568,139.5,2026-08-10,0.06488549618320616,-0.10576923076923073,-0.3787033567369401,0.03473303731175714,,4.8,-0.4538098110138292,0.297511709849138,0.5135900697938139,False,False,False
6570,57.29999923706055,2026-08-10,0.06703907677792054,0.08522727395877361,0.3269285420558188,0.40011630933099473,,89.8,0.25182208777892967,1.3080453193364772,0.8913718432418556,False,False,False
6573,16.950000762939453,2026-08-10,0.005934740605685551,-0.393559917700809,0.2555556120695892,0.10423454994836479,,81.6,0.1804491577927001,0.34617481476504736,0.606440082299191,False,False,False
6577,80.30000305175781,2026-08-10,0.012610339993900377,0.003750038146972612,0.0712971449771822,0.19698010810835398,,71.5,-0.003809309299706909,0.4476964971127297,0.8506356117986321,False,False,False
6578,18.600000381469727,2026-08-10,0.12048192494215626,0.13414639110440496,0.26962463247734414,-0.04615382659129608,,77.5,0.19451817820045503,3.831527807007844,0.727984381091105,False,False,False
6579,164.5,2026-08-10,0.009202453987730008,-0.02083333333333337,0.19379843759464377,0.4264879521878453,,85.9,0.11869198331775466,1.4511529521775839,0.896457765667575,False,False,False
6581,108.0,2026-08-10,-0.004608294930875556,0.014084507042253502,0.0,0.06971539875753585,,54.5,-0.07510645427688911,0.6869512625931015,0.9557522123893806,False,False,False
6582,32.099998474121094,2026-08-10,0.006269556676566257,-0.021341487171393725,0.03548382174584175,-0.04747781164972298,,50.2,-0.039622632531047364,0.9356564052336427,0.858288694237339,False,False,False
6584,522.0,2026-08-10,0.15486725663716805,-0.21266968325791857,-0.23348017621145378,0.8347978910369069,,73.2,-0.3085866304883429,1.1861222979165493,0.6484472049689441,False,False,False
6585,117.5,2026-08-10,0.049107142857142794,-0.05622489959839361,0.32617975711067904,0.3175402611783755,,88.3,0.2510733028337899,1.0829628726646268,0.8062820745454502,False,False,False
6588,90.5,2026-08-10,0.04262669145340836,0.14702152407837832,-0.36042402826855124,0.6189623887237825,,39.3,-0.43553048254544036,1.567610590260076,0.567398119122257,False,False,False
6590,64.4000015258789,2026-08-10,-0.010752641546074027,-0.05571841044578263,-0.06122444667147642,-0.08211256071422013,,31.2,-0.13633090094836553,1.876969254182481,0.8623653204999715,False,False,False
6591,44.900001525878906,2026-08-10,0.01354406995827695,-0.0910931145952012,-0.1269461354999415,-0.30306649732216606,,9.8,-0.2020525897768306,0.5635812273261951,0.489755315951199,False,False,False
6592,60.70000076293945,2026-08-10,-0.0032840846950465963,0.021885508479223992,0.0912413569677255,0.06298909457138846,,67.5,0.016134902690836395,0.5344820932764753,0.9149404448737741,False,False,False
6593,32.45000076293945,2026-08-10,0.0,-0.041358870732356556,-0.08333335129330088,-0.11700678196083125,,24.1,-0.15843980557019,0.4219381605282534,0.576718025644664,False,False,False
6597,67.80000305175781,2026-08-10,0.09354843631867449,0.0,-0.10022279066263717,0.10341862173401473,,39.9,-0.17532924493952629,0.4319683244345791,0.8681178537311208,False,False,False
6599,38.34999847412109,2026-08-07,-0.014138895377469818,-0.04838711662173445,-0.1951132693131723,-0.37922948847367066,,3.8,-0.2702197235900614,0.5111802694777744,0.6179054004218848,False,False,False
6603,26.850000381469727,2026-08-10,0.020912591648829748,0.04474706554050467,0.12343099623534037,-0.018281535394009008,,66.8,0.04832454195845126,1.1614279353643326,0.7816594344741592,True,True,False
6606,26.399999618530277,2026-08-10,0.011494223474170617,0.05389223243857244,0.09335102870334189,0.06374384384859821,,67.9,0.018244574426452775,0.906825099025208,1.0,True,True,False
6609,39.650001525878906,2026-08-10,0.06873323872335368,-0.003768786785351641,-0.04801920592385367,-0.13616557281542097,,28.9,-0.12312566020074278,0.22631778542136596,0.7538023322450569,False,False,False
6613,267.0,2026-08-10,-0.048128342245989275,-0.16822429906542058,0.15977021611435327,0.3661453882309256,,83.3,0.08466376183746416,1.5412875260777585,0.69883586144847,False,False,False
6614,35.849998474121094,2026-08-10,-0.0013928426081477596,-0.06493605991024132,-0.07648003421338934,-0.21751972257261443,,18.0,-0.15158648849027845,0.6694305456675322,0.49803675881100273,False,False,False
6616,8.649999618530273,2026-08-10,-0.03135505902314706,-0.03674832299867503,-0.12449397587686639,-0.1560975981921684,,16.5,-0.1996004301537555,0.8493482597912612,0.7972349598533889,False,False,False
6618,20.200000762939453,2026-08-10,0.07446816929221334,-0.009803865653465804,0.004975143262281545,0.0100000381469727,,49.8,-0.07013131101460757,0.29532893946486494,0.6392405227559667,False,False,False
6624,43.54999923706055,2026-08-10,0.13263974962093616,0.07266012004458133,-0.09365244685642349,-0.3391502544964513,,11.3,-0.1687589011333126,0.2750347227521787,0.600689644649111,False,False,False
6625,77.0999984741211,2026-08-10,-0.0012953170734985031,-0.022813726450530147,0.0590658687102823,-0.03938432161375316,,55.3,-0.016040585566606813,0.5608009157312196,0.9055418097697948,False,False,False
6629,110.5,2026-08-10,0.06763285024154597,0.02314814814814814,-0.0712010993123654,-0.08962965379422283,,28.9,-0.1463075535892545,0.5816007814639588,0.7521571841135362,True,False,False
6638,50.900001525878906,2026-08-10,-0.009727626170366155,0.0190190340025842,0.15813425807264148,0.864468972467247,,91.1,0.08302780379575236,0.29478931056779245,0.7608370757090234,False,False,False
6639,4.840000152587891,2026-08-10,0.02760087333079153,-0.2193547900832019,-0.32871010721494964,-0.5184079541560699,,0.6,-0.40381656149183875,2.462758891653726,0.44814815436207533,False,False,False
6640,1005.0,2026-08-10,0.19928400954653935,0.01005025125628145,-0.30935286560812225,0.19847587715307835,,15.8,-0.38445931988501136,0.44160329387834935,0.5788093988191894,False,False,False
6641,18.200000762939453,2026-08-10,0.04000004359654019,-0.01886784304669087,0.002118912406454676,-0.2055852555540727,,31.4,-0.07298754187043444,0.3687125695741641,0.6834303324556643,True,False,False
6642,83.30000305175781,2026-08-10,0.10624169556143537,0.003614494599491813,0.3035993906513772,0.545922178719471,,90.8,0.2284929363744881,0.6756577865615253,0.9064200399202459,True,False,False
6643,441.0,2026-08-10,0.07955936352509174,0.0005429677779573705,-0.3655093053619244,-0.07577846447615055,,3.4,-0.4406157596388135,1.189837077931346,0.6344906946380756,False,False,False
6648,15.350000381469728,2026-08-10,0.04778162328782942,-0.0128617239107367,-0.12535606559714563,-0.3709016138749297,,7.2,-0.20046251987403474,0.3251150476315541,0.5116666793823242,False,False,False
6651,135.0,2026-08-10,0.11111111111111116,-0.11764705882352944,0.011235955056179803,0.6593894325557945,,83.1,-0.06387049922070931,0.5373269822669255,0.7988165680473372,False,False,False
6654,175.5,2026-08-10,0.08000000000000007,-0.06149732620320858,0.9285714285714286,0.9076086956521738,,97.7,0.8534649742945395,0.18436516978951897,0.7714285714285715,False,False,False
6655,117.5,2026-08-10,-0.004237288135593209,-0.004237288135593209,-0.11397403668517159,0.014701849765229813,,30.6,-0.1890804909620607,0.6966023090582744,0.8702603012336922,False,False,False
6658,161.5,2026-08-10,0.12937062937062938,-0.10027855153203347,-0.16217797895024466,1.871686983127788,,93.8,-0.23728443322713377,0.2626368574314082,0.6284046692607004,False,False,False
6664,348.0,2026-08-10,0.04035874439461873,-0.04208535785385714,-0.23387341890533309,0.23160455468206265,,28.4,-0.3089798731822222,0.369306589318731,0.7453773360073825,False,False,False
6667,235.5,2026-08-10,0.042035398230088505,-0.07647058823529407,-0.026450249778512624,-0.03029827806740326,,40.9,-0.10155670405540174,0.30137596053517113,0.8150648868357994,False,False,False
6668,35.25,2026-08-10,0.0071428571428571175,-0.06992088177277334,-0.0221913801384529,-0.10532998388726156,,35.4,-0.09729783441534201,0.31453380104222545,0.7215967472071496,False,False,False
6669,6010.0,2026-08-10,0.014345991561181437,0.19246031746031744,0.06805866388017323,0.669111880784387,,85.8,-0.007047790396715881,1.0606830770094315,0.9592976855546688,False,False,False
6670,266.5,2026-08-10,0.026974951830443183,0.019120458891013437,0.028176000484142705,0.051152028496883384,,57.9,-0.04693045379274641,0.45996536779601743,0.9392157356218663,False,False,False
6671,22.649999618530277,2026-08-10,-0.017353563200433353,-0.030808780267324143,-0.18904400580658953,-0.371749571762491,,4.1,-0.26415046008347864,0.1467542544353159,0.5901510940120089,False,False,False
6672,251.5,2026-08-10,0.18912529550827428,-0.15604026845637586,0.220873786407767,1.6636005067244093,,96.6,0.1457673321308779,0.6901109708068159,0.7984126984126985,False,False,False
6673,14.300000190734863,2026-08-10,0.19166668256123853,-0.11999998826246994,-0.3755458327971519,0.4019608292291834,,19.4,-0.45065228707404104,0.7678800667056288,0.35178350932240654,False,False,False
6674,15.149999618530272,2026-08-10,-0.016233766635889046,-0.09821426746796513,-0.15363128819026184,-0.25185187068986314,,9.5,-0.22873774246715095,0.568115806240045,0.5008264336704222,False,False,False
6679,215.5,2026-08-10,0.04611650485436902,-0.13453815261044177,-0.3230733363804522,0.1684186455782788,,13.2,-0.3981797906573413,1.072934477777657,0.6357821006754512,False,False,False
6680,52.900001525878906,2026-08-10,0.02606194246975213,0.10403014985441916,0.007095937902536598,-0.18801954174930458,,33.3,-0.06801051637435251,1.240223790021613,0.7362687912250576,False,False,False
6682,38.45000076293945,2026-08-10,-0.0012986814820921122,-0.20062365940351445,-0.3277971984250102,0.5137795803307295,,36.1,-0.4029036527018993,0.1925507180464185,0.5423131161556461,False,False,False
6683,1230.0,2026-08-10,0.21182266009852224,-0.28695652173913044,-0.4783747957354141,1.323781365995519,,73.1,-0.5534812500123032,0.5101386347155797,0.4819694808530667,False,False,False
6684,50.20000076293945,2026-08-10,0.0703624547909587,-0.06864565228561226,0.06922257608492788,-0.017612480196793512,,59.5,-0.005883878191961234,0.17890485766281009,0.7349926576855031,False,False,False
6689,64.0999984741211,2026-08-10,0.0901360426161375,0.039893175262228464,-0.03568057011782377,0.05477237605329388,,46.7,-0.11078702439471289,0.6357742504932047,0.7759670547310844,True,False,False
6690,164.0,2026-08-10,0.009230769230769154,-0.01501501501501501,0.029599033310144574,0.026543864893853852,,56.1,-0.04550742096674454,0.2791824295435848,0.9225207805069309,False,False,False
6691,732.0,2026-08-10,0.10574018126888207,0.03389830508474567,0.1563981042654028,0.20991735537190093,,78.4,0.08129164998851368,0.868844363811897,0.918444165621079,False,False,False
6692,24.25,2026-08-10,0.05434782608695654,-0.030000000000000027,-0.18661085831727275,-0.2289482098039778,,7.8,-0.26171731259416187,1.117672050428323,0.695372447508448,False,False,False
6693,184.0,2026-08-10,0.1719745222929936,-0.22198731501057078,0.1385459826315103,1.134773578861489,,92.8,0.06343952835462119,0.8565723098973748,0.6670685023654315,False,False,False
6695,49.04999923706055,2026-08-10,-0.03823530907724415,-0.08659220595557349,-0.056730783902681825,0.10224717386652915,,47.1,-0.13183723817957094,0.204190158265604,0.71190127940182,False,False,False
6697,40.0,2026-08-10,-0.007444149943920175,-0.023199041397801934,-0.024390243902439046,-0.07717521144005057,,37.6,-0.09949669817932816,0.18263035301947103,0.7357008812826213,False,False,False
6698,34.04999923706055,2026-08-10,0.041284356043536086,-0.13902353765714548,0.12136927610021897,-0.035465591926873485,,65.3,0.04626282182332986,0.1296806850649389,0.7221383215604978,False,False,False
6705,98.0,2026-08-10,0.05263159619965996,0.053763440860215006,0.01786618774996862,0.6469407743703539,,83.2,-0.05724026652692049,1.3326245353025645,0.6857569463752685,False,False,False
6706,115.0,2026-08-10,0.16988806134064083,-0.17266187050359716,-0.3175074183976261,-0.0043290043290042934,,6.8,-0.3926138726745152,0.47784959974142066,0.5311778290993071,False,False,False
6708,38.79999923706055,2026-08-10,-0.005128224690755245,-0.03362396606506246,-0.06954439982783545,-0.1310190837379418,,25.5,-0.14465085410472456,0.18988709357068492,0.8016528515255242,False,False,False
6715,363.5,2026-08-10,0.0628654970760234,-0.0715197956577267,-0.23940645294274543,2.349402797615943,,95.6,-0.31451290721963454,0.8458827421605106,0.6416255073650415,False,False,False
6716,105.0,2026-08-10,0.3324872580402487,0.024390243902439046,0.06740924676020899,0.8073591403613614,,87.9,-0.007697207516680127,0.39540492185901943,0.9075250362068764,True,False,False
6719,205.5,2026-08-10,-0.007246376811594235,-0.21227737685487846,0.07655421385107752,-0.0003424814630239581,,62.1,0.001447759574188412,0.3430640164056476,0.6717698165553588,False,False,False
6720,138.5,2026-08-10,0.033582089552238736,-0.014234875444839812,-0.15290519877675846,-0.11925312200227334,,15.6,-0.22801165305364757,0.3148524602238911,0.7897199949223973,False,False,False
6721,52.09999847412109,2026-08-10,-0.0019157526313555717,-0.045787547067147494,-0.04003765709815865,-0.11399945144354173,,32.1,-0.11514411137504776,1.9826558085739747,0.8775490390538403,False,False,False
6723,31.149999618530277,2026-08-10,-0.06736532348973967,-0.12105607144367903,-0.15332117094838593,-0.27296057234446003,,8.8,-0.22842762522527504,1.0756172559937833,0.6080693729616929,False,False,False
6725,247.5,2026-08-10,0.023975176359360972,-0.16707747520359673,-0.22421392888627678,-0.02131603336422616,,13.5,-0.2993203831631659,0.35365801409766856,0.6221462868589271,False,False,False
6727,388.0,2026-08-10,0.15304606240713214,-0.24133926880384826,-0.2383929964175553,1.1790422965084892,,83.5,-0.3134994506944444,0.4605976068716499,0.5942842441652189,False,False,False
6728,105.5,2026-08-10,0.024271844660194164,0.019616043637022074,-0.016159895532103508,-0.2045548753809372,,28.4,-0.09126634980899262,0.9531816176397414,0.7708437994107556,True,False,False
6729,42.09999847412109,2026-08-10,0.03950613516348356,-0.17450983384076302,-0.20864665657206016,0.07948714036207916,,20.0,-0.2837531108489493,0.4872679149079738,0.5727890948860012,False,False,False
6732,155.5,2026-08-10,0.016339869281045694,-0.20663265306122447,-0.05971667810321424,-0.11670356585441066,,28.5,-0.13482313238010335,0.45759170072036465,0.6250226467524894,False,False,False
6735,65.4000015258789,2026-08-10,0.03317539200835973,-0.17487404042546006,-0.5122318319194572,-0.030900451837484133,,1.0,-0.5873382861963463,0.5311556896595808,0.45581093594151145,False,False,False
6737,30.049999237060547,2026-08-10,0.0016666412353516513,0.0016666412353516513,-0.12005862681181356,-0.3088999682323529,,10.0,-0.19516508108870267,0.20818497701716276,0.5281105227072198,False,False,False
6738,78.0999984741211,2026-08-10,0.06548424587341373,0.1941895512527898,0.1318840358568274,0.030342946302954532,,69.7,0.056777581579938285,1.8991376023424154,0.9409638370376036,True,True,False
6739,1050.0,2026-08-10,0.16666666666666674,-0.004739336492891044,-0.2099944663977168,0.27100179901958965,,35.5,-0.2851009206746059,0.4817112869798549,0.6213786593388446,False,False,False
6741,56.0,2026-08-10,0.020036401521821068,-0.06666666666666665,-0.12138982117787234,-0.16809751758661384,,16.3,-0.19649627545476145,0.613621516346208,0.6542419472437281,False,False,False
6742,44.09999847412109,2026-08-10,0.006849297769089935,-0.22631581624348973,0.09838099123598254,-0.07643982253149562,,59.4,0.023274536959093428,0.12123658416150604,0.6220027859664338,False,False,False
6743,25.950000762939453,2026-08-10,-0.04945056135084436,-0.06790783263647626,-0.038342332067241025,0.010584142267177965,,42.1,-0.11344878634413014,0.8773333376908085,0.8240814962329241,False,False,False
6750,59.70000076293945,2026-08-10,0.14367815881958368,-0.06132072020046586,-0.08170961176200542,0.1009868995196952,,42.8,-0.15681606603889453,0.3052496310217201,0.8490786545383127,False,False,False
6751,41.54999923706055,2026-08-10,0.02846528880562027,-0.03819447909117668,-0.09363430236834913,-0.34763062710714243,,10.9,-0.16874075664523824,0.5315136212938165,0.6354978135237712,False,False,False
6752,98.5999984741211,2026-08-10,0.027083317438761467,-0.018905487819690592,-0.0380487953744284,-0.15644360507482402,,28.8,-0.11315524965131751,0.39300846421057783,0.6747174698361793,False,False,False
6753,142.0,2026-08-10,0.09652509652509655,-0.04054054054054057,0.06766917293233088,-0.010452961672473893,,59.7,-0.007437281344558233,0.64469647484284,0.6977886977886978,False,False,False
6754,42.59999847412109,2026-08-10,0.019138738078043893,0.02650598732821896,0.01954962397757054,0.017298939388031842,,53.1,-0.05555683029931857,0.45519488815478526,0.8794588359501181,False,False,False
6755,13.699999809265137,2026-08-10,0.049808399159392724,-0.13836477119793122,-0.41327624901722537,-0.23888889948527015,,0.9,-0.4883827032941145,0.2559662107945101,0.473229687330554,False,False,False
6756,99.9000015258789,2026-08-10,0.047169810566295434,0.00200606402967618,-0.04857141403924847,0.19245118375028603,,56.8,-0.12367786831613758,0.7524094800076874,0.8880000135633681,False,False,False
6757,55.59999847412109,2026-08-10,-0.015929230546529394,-0.0011136654217372977,0.07657752016772346,-0.14757788630142232,,48.8,0.0014710658908343444,0.39447921874882835,0.710384707726761,False,False,False
6761,168.0,2026-08-10,0.1914893617021276,-0.07182320441988954,-0.17647058823529416,0.13404053481983658,,30.1,-0.25157704251218327,0.5673497490449114,0.7304347826086957,False,False,False
6763,43.34999847412109,2026-08-10,0.0395682897120726,-0.01140259495094198,-0.030414046201638012,-0.16433473638648832,,29.7,-0.10552050047852712,0.399698304534526,0.6794339193630268,False,False,False
6768,67.0999984741211,2026-08-10,-0.027536253998244997,-0.05758425070020057,-0.21041291733304035,-0.32020308889154436,,4.2,-0.28551937160992946,1.9267913588419343,0.5779649638110264,False,False,False
6770,67.5999984741211,2026-08-10,0.23583176473960288,-0.04922644268795484,0.08856682987346653,0.03363909628307349,,65.6,0.013460375596577423,1.2043646424175596,0.7621195129642082,False,False,False
6771,38.0,2026-08-10,0.003963052362643271,-0.04522611235088769,-0.05646631409989844,-0.0837847893039404,,31.9,-0.13157276837678755,0.7853017411707972,0.7534444378641252,False,False,False
6775,32.70000076293945,2026-08-10,0.06341465895738052,-0.050798257220435517,-0.5477178508619105,0.4034335550933168,,5.4,-0.6228243051387996,0.25218202487260694,0.4522821491380895,True,False,False
6776,54.0,2026-08-10,-0.018181818181818188,-0.03052065959881578,-0.00773162851508713,-0.037901935128172526,,43.9,-0.08283808279197624,0.6993128976800137,0.7749143617398646,False,False,False
6781,1195.0,2026-08-10,0.23962655601659755,0.05752212389380529,-0.05453820579524937,-0.028065301465421855,,36.6,-0.12964466007213848,1.2465827265981833,0.8099456089170267,True,False,False
6784,20.0,2026-08-10,-0.07407409042651403,-0.00990102749433508,-0.2495309461057703,-0.017199035622054826,,11.6,-0.3246374003826594,1.6167808806399926,0.48899753676892355,False,False,False
6786,62.79999923706055,2026-08-10,0.19619046165829612,-0.1079545756263175,-0.38731708061404346,-0.22180914979045163,,1.3,-0.4624235348909326,0.5505191646419368,0.45507245823956916,False,False,False
6787,31.799999237060547,2026-08-10,-0.04072404907023808,-0.06470590479233684,-0.20698253249104293,0.13571425846644813,,24.8,-0.28208898676793204,0.6531933660122589,0.6404833486356599,False,False,False
6788,355.0,2026-08-10,0.04565537555228283,-0.1201982651796778,-0.2086623844359965,0.15714455672620908,,26.4,-0.2837688387128856,0.41504383901357456,0.7035793233574759,False,False,False
6789,441.5,2026-08-10,0.025551684088269466,-0.14271844660194177,-0.2525583745026079,0.5230885686281326,,49.6,-0.327664828779497,0.6158899409727405,0.7266453762188089,False,False,False
6791,102.5,2026-08-10,0.009852216748768461,-0.055299539170506895,-0.14937759336099588,0.014341872731159055,,23.9,-0.224484047637885,0.21440826721333267,0.6894872652848401,False,False,False
6792,58.09999847412109,2026-08-10,0.056363608620383365,-0.05834687592063581,0.030782153201562634,0.04146383208479709,,57.6,-0.04432430107532648,0.2414922950649823,0.8283070793857419,False,False,False
6793,5.900000095367432,2026-08-10,0.09259259095734862,-0.07086611275959931,0.0,-0.06349207670750456,,42.6,-0.07510645427688911,0.41680112902759764,0.7195122234882314,False,False,False
6799,88.0,2026-08-10,0.1311053540892082,-0.10750505718215819,-0.06779662523760033,-0.009009043066040445,,35.8,-0.14290307951448944,0.8172620110605242,0.7892376681614349,False,False,False
6803,271.5,2026-08-10,0.003696857670979714,-0.009124087591240837,0.001994864170833832,-0.04785556149422421,,44.9,-0.07311159010605528,0.5297990594898625,0.9275332340865945,False,False,False
6804,20.299999237060547,2026-08-10,0.16666664839704337,0.2767295423958629,0.3869142347177026,0.19329943344589817,,88.2,0.3118077804408135,2.265853559616337,0.9740653365022887,True,True,False
6805,1755.0,2026-08-10,0.19387755102040827,0.20205479452054798,-0.05135135135135138,0.1778523489932886,,55.0,-0.1264578056282405,1.8600652919928609,0.7923250564334086,False,False,False
6806,3.509999990463257,2026-06-22,,,,,,,,,,False,False,False
6807,37.900001525878906,2026-08-10,0.08595988162852808,0.1364318818571617,0.10656938761690227,-0.11154303216989181,,57.4,0.031462933340013155,1.1166653689428743,0.7948891912438527,True,True,False
6811,235.0,2026-08-10,0.06334841628959276,0.03982300884955747,0.16826300360659774,0.10788087253560419,,75.8,0.09315654932970863,1.0252548265084913,0.9372756422174486,False,False,False
6812,57.70000076293945,2026-08-10,0.07050091149322246,-0.1551976839706093,-0.19074336194552333,0.18116688976984863,,31.5,-0.26584981622241244,0.19041034195643392,0.5548076996436486,False,False,False
6818,47.400001525878906,2026-08-10,0.03043481577997631,-0.14748196354823384,-0.24567583069216825,-0.037482382167248085,,11.2,-0.32078228496905736,0.18191441497026112,0.4788645058613916,False,False,False
6819,38.95000076293945,2026-08-10,0.07005492115838519,0.08194446563720703,-0.3540629974170767,0.7624434430145084,,52.7,-0.4291694516939658,0.24902793166497614,0.5532670443000134,False,False,False
6820,294.0,2026-08-10,0.19999999999999996,0.2301255230125523,-0.06125433121989199,2.6021635882721132,,97.3,-0.1363607854967811,0.9330898378484084,0.6982129884045148,True,False,False
6821,42.20000076293945,2026-08-10,0.038130361104015575,-0.18217050366573184,-0.1559999847412109,0.09639060030793156,,30.5,-0.23110643901810002,0.10308126547981389,0.5861111217074924,False,False,False
6823,64.9000015258789,2026-08-10,0.025276497758337957,-0.019637393992324004,-0.27078649970922575,0.05528457765656758,,12.7,-0.34589295398611486,0.6092498216107517,0.6151658912405583,False,False,False
6825,44.0,2026-08-10,0.04761904761904767,0.0,0.03286388676115548,0.20547945205479445,,68.8,-0.04224256751573363,1.6256670744962445,0.9381662807776516,False,False,False
6826,521.0,2026-08-10,0.10969116080937158,-0.03159851301115246,-0.04442559281327463,-0.02878897742918407,,38.1,-0.11953204709016374,0.3166319669787849,0.8412064284008712,False,False,False
6829,200.0,2026-08-10,0.1527377521613833,-0.09909909909909909,-0.0538854096371133,0.8001294831906702,,83.4,-0.1289918639140024,0.49897451596409254,0.7317072898415434,False,False,False
6830,424.5,2026-08-10,0.11563731931668864,0.019207683073229287,-0.4557692307692308,1.3684802802533844,,76.2,-0.5308756850461199,1.6260265091394939,0.43538461538461537,False,False,False
6831,619.0,2026-08-10,0.09557522123893802,-0.2084398976982097,-0.011182108626198062,1.5195819708841927,,93.4,-0.08628856290308717,1.241281751249032,0.647489539748954,False,False,False
6832,70.0,2026-08-10,0.05263157894736836,-0.08496732026143794,-0.29506547987199816,0.21739130434782616,,17.8,-0.37017193414888727,0.2925865241464985,0.5017921146953405,False,False,False
6833,22.850000381469727,2026-08-10,0.0457665895899968,-0.012958930540129199,-0.14738802119548344,0.011061946715938076,,24.0,-0.22249447547237255,0.196319929857035,0.7277070273588511,False,False,False
6834,96.5999984741211,2026-08-10,0.10148234704194348,-0.256923088660607,1.2385983851893,1.9263606830479598,,98.8,1.163491930912411,0.8985083800929664,0.7318181702584932,False,False,False
6835,31.0,2026-08-10,0.011419262180287992,-0.09752543298204064,-0.18169040662811065,-0.17321053948849008,,10.7,-0.25679686090499976,0.1664409697312306,0.7179769085446301,False,False,False
6839,12.100000381469728,2026-08-10,0.008333365122477288,-0.028112404269672653,0.01680678734039809,-0.00819667453760653,,50.5,-0.058299666936491024,0.3909249675630573,0.666666701696027,False,False,False
6840,66.0,2026-08-10,0.08196721311475419,0.0,0.04734952197190667,-0.08926127085963109,,48.6,-0.02775693230498244,1.7891799847605419,0.8275354606384211,False,False,False
6854,94.1999969482422,2026-08-10,0.0272628144296565,-0.17004407975116997,-0.36135595289327316,-0.258267740565022,,1.4,-0.43646240717016227,0.5467001822713327,0.494488172956652,False,False,False
6855,117.5,2026-08-10,0.052725260618704084,0.009580783290145778,0.17303673501160044,0.052725260618704084,,74.7,0.09793028073471133,0.8849229939805576,0.9260816440412165,True,False,False
6858,23.149999618530277,2026-08-10,0.08430909624820537,-0.01906782862990042,-0.04140786814889641,-0.039419118170217815,,37.7,-0.11651432242578552,0.5415082535251937,0.7015151399554629,False,False,False
6859,99.6999969482422,2026-08-10,0.005040322735704095,-0.17261413320960828,-0.14496935260986987,-0.06616465283017692,,19.0,-0.22007580688675898,0.18196034670883418,0.7289290243639048,False,False,False
6862,149.0,2026-08-10,0.08363636363636373,-0.17906336088154273,-0.08975563257085206,-0.1972648257345767,,17.5,-0.16486208684774117,0.1533063011882562,0.6707063924532565,False,False,False
6863,132.5,2026-08-10,-0.011194029850746245,0.44763225107505233,0.13367326263193835,0.17842350680440133,,75.9,0.05856680835504924,1.53303506276559,0.8529541308482746,False,False,False
6869,70.19999694824219,2026-08-10,0.09753063616551683,0.015832461713303658,-0.14808867336412268,-0.3947508634149397,,5.4,-0.2231951276410118,0.7331886893054286,0.5298701211947265,True,False,False
6870,254.0,2026-08-10,0.030425963488843744,-0.023472133704902753,0.5132254267306968,0.42533610189446636,,93.1,0.4381189724538077,0.3686807588715165,0.8552015439732445,False,False,False
6873,79.0,2026-08-10,0.01412064765821186,-0.08775979916895982,-0.1231964335416641,-0.32765957446808514,,9.0,-0.1983028878185532,0.5105847918934469,0.4146981627296588,False,False,False
6874,79.80000305175781,2026-08-10,0.03234152524322775,-0.046594910856400884,-0.05562126565967085,0.23338495851236463,,59.6,-0.13072771993655996,0.6532747766043867,0.8489362026782746,False,False,False
6877,127.5,2026-08-10,0.05809128630705396,-0.03387134333072872,-0.24253228228595736,0.42235610071549834,,42.7,-0.31763873656284647,0.33946314093354996,0.6882368304851593,False,False,False
6878,26.850000381469727,2026-08-10,0.4435483779999849,1.796874928598605,1.6584157789469884,0.9178571701049805,,98.7,1.5833093246700993,3.6076252938363966,0.9242685399872861,False,False,False
6881,202.5,2026-08-10,0.012499999999999956,-0.0959821428571429,-0.20188991129584277,-0.05028385127451296,,14.3,-0.2769963655727319,0.6126261756487248,0.7908545052588597,False,False,False
6882,14.850000381469728,2026-08-10,0.0,-0.13411074566878922,-0.20588236494085277,-0.21428567824360034,,7.1,-0.2809888192177419,0.13197807489961058,0.6279070030019974,False,False,False
6884,31.899999618530277,2026-08-10,0.025723447821473844,-0.033333344893021866,-0.0023226939312528394,-0.06781265766568167,,41.5,-0.07742914820814195,0.8893165004615604,0.4907692249004658,False,False,False
6887,36.04999923706055,2026-08-10,0.001388867696126228,0.13629942840487952,0.008055663439672234,-0.38548929347230254,,18.1,-0.06705079083721688,0.6734705082331607,0.5087009405348527,False,False,False
6890,174.5,2026-08-10,0.051204819277108404,-0.11435800854398948,0.08274338532841363,-0.22199465833748822,,43.6,0.00763693105152452,0.21594923334845517,0.6312880636214703,False,False,False
6894,346.5,2026-08-10,0.04367469879518082,-0.02941176470588236,0.01911764705882346,0.5151586767433378,,79.3,-0.05598880721806565,0.38684144553254673,0.8471882640586798,False,False,False
6895,118.5,2026-08-10,0.012820512820512775,-0.14130434782608692,-0.25705329153605017,-0.37748319845363487,,2.4,-0.3321597458129393,0.5193935854460506,0.35376505274942205,False,False,False
6898,74.80000305175781,2026-08-10,-0.002666625976562531,-0.16331094211329278,-0.2876190185546875,-0.3763230539488771,,1.6,-0.36272547283157663,0.6646553273641115,0.5819439122128977,False,False,False
6899,50.70000076293945,2026-08-10,0.014000015258789134,-0.07312614157603625,-0.10332570357052528,0.004951981858889232,,31.4,-0.1784321578474144,0.1006249018723773,0.8057860388956476,False,False,False
6901,16.299999237060547,2026-08-10,-0.038348170892128275,-0.21445786809346767,0.21189587124247877,-0.07909612799623444,,71.8,0.13678941696558966,0.7396632399808507,0.77251179821662,False,False,False
6902,127.5,2026-08-10,0.03658536585365857,-0.07272727272727275,0.2623762376237624,0.5957446503765569,,90.5,0.18726978334687328,0.5059234718861404,0.864406779661017,False,False,False
6903,315.0,2026-08-10,0.017770597738287597,-0.20050761421319796,-0.24054444011975396,0.16669989786492945,,21.8,-0.31565089439664307,0.5001043156417141,0.7419566054812488,False,False,False
6904,122.0,2026-08-10,0.029535864978903037,-0.007812519389830408,0.11403509505270049,-0.026819929434210854,,65.0,0.038928640775811374,0.6643003220422651,0.9584905239665129,False,False,False
6906,71.0,2026-08-10,0.03498544576184348,-0.1142924037163866,0.06963214567970821,-0.0818201290902344,,53.2,-0.005474308597180899,0.31494004605733344,0.5630079435435545,False,False,False
6908,32.900001525878906,2026-08-10,-0.02806490372424908,-0.10109281700813055,-0.1349897487033178,-0.44270651462842914,,5.0,-0.21009620298020693,0.86409677883923,0.4863362365449635,False,False,False
6909,41.84999847412109,2026-08-10,0.0449438020312094,-0.1842105439275039,-0.2544185689005197,-0.05017242515278286,,9.6,-0.32952502317740884,0.24052632548494313,0.6384319937429657,False,False,False
6914,148.0,2026-08-10,0.003389830508474523,0.03859649122807007,0.01718213058419238,0.034965034965035,,54.4,-0.05792432369269673,0.6018068569725329,0.9548387096774194,True,True,False
6916,18.850000381469727,2026-08-10,0.044321394915441514,-0.06451609239064449,0.01617256909692033,0.02168019522978848,,52.7,-0.05893388517996878,0.3625997418494775,0.8452915258464565,False,False,False
6920,80.5,2026-08-10,0.036036076727557154,-0.17940875380099008,-0.28125,1.6878129532341055,,90.5,-0.3563564542768891,0.4158950930382191,0.6145038167938931,False,False,False
6921,65.19999694824219,2026-08-10,0.07413502683265571,-0.04117651546702661,-0.21445786809346767,-0.17987425222336872,,7.7,-0.2895643223703568,1.0793403081470883,0.6269230475792518,False,False,False
6922,204.0,2026-08-10,0.16239316239316248,0.14929577464788735,0.1444734500376872,0.26549026144683596,,79.4,0.06936699576079808,0.9698399084739465,0.926719636225633,True,False,False
6923,76.69999694824219,2026-08-10,0.014550244660357148,0.017241318250067916,-0.026564905423568486,-0.17725146021751248,,29.2,-0.1016713597004576,0.6084906706692644,0.6377946761403063,False,False,False
6924,109.0,2026-08-10,0.09000000000000008,-0.16153846153846152,0.005302327820002395,0.7861503799094889,,85.5,-0.06980412645688672,0.5687125162561079,0.5870757636997171,False,False,False
6925,54.400001525878906,2026-08-10,0.06457931800974626,-0.07796607583256088,-0.09677418946212879,-0.3812154384483829,,8.9,-0.1718806437390179,0.1375072447239385,0.3672131358607598,False,False,False
6927,79.30000305175781,2026-08-10,0.08333342018892131,0.06300274361623703,0.5765408400509546,0.7183098684685814,,95.7,0.5014343857740655,1.1920079953051304,0.9814356442655188,False,False,False
6928,48.20000076293945,2026-08-10,-0.0082304058382765,-0.09568477574339185,0.01154248099576316,-0.10074622882291384,,41.2,-0.06356397328112595,0.2602986628442184,0.6276041516620258,False,False,False
6933,180.5,2026-08-10,0.17207792207792205,0.16386843298618725,0.024074199281925113,0.2863809595685316,,71.2,-0.051032254994964,1.7669695323704444,0.8004772040659789,True,False,False
6937,270.5,2026-08-10,0.046421663442939964,0.046421663442939964,-0.09503453241317683,0.2445863179028398,,52.8,-0.17014098669006594,0.618227226011726,0.7736617813308904,False,False,False
6940,22.299999237060547,2026-08-10,0.039626967081031195,-0.11332009640945984,0.022935780619202317,-0.18014710986902827,,36.9,-0.052170673657686795,0.45663977691217617,0.5296912124775581,False,False,False
6944,755.0,2026-08-10,0.03994490358126712,0.005031200855118989,0.10222101197909028,0.37588635127484427,,80.2,0.02711455770220117,0.6183083624728528,0.9107358262967431,False,False,False
6947,78.4000015258789,2026-08-10,0.12320914180682863,-0.0519951098070105,-0.006337135492145762,-0.05314011308826272,,42.3,-0.08144358976903487,0.8116108318344496,0.8340425694242437,False,False,False
6951,71.4000015258789,2026-08-10,0.0014025030833237917,0.025578698478005535,0.06398732748155189,0.07887767700790715,,65.3,-0.01111912679533722,0.5074977193717793,0.9701087364965675,False,False,False
6952,39.70000076293945,2026-08-10,0.1230552327181258,0.1278409063200321,0.07297299359295817,-0.0863060974488763,,53.5,-0.0021334606839309433,1.7490187676418547,0.8044579937273545,True,True,False
6953,223.0,2026-08-10,0.06190476190476191,-0.021929824561403466,-0.19494584837545126,-0.09290836253778612,,13.0,-0.27005230265234037,0.35292860947241556,0.7623931623931623,False,False,False
6957,214.0,2026-08-10,0.0046948356807512415,0.06435737602327496,0.4024079928443185,0.19561858135348076,,88.9,0.3273015385674294,0.4757716145010067,0.8813552079105829,False,False,False
6958,18.649999618530277,2026-08-10,-0.010610119835119947,0.10682487811929331,0.03611108991834877,0.21895420823746492,,69.6,-0.03899536435854034,1.0360126129457008,0.8966346299330871,False,False,False
6959,106.0,2026-08-10,0.004739336492890933,-0.19696969696969702,-0.05777777777777782,0.32499999999999996,,65.4,-0.13288423205466693,0.375883905903876,0.4988235294117647,False,False,False
6962,34.150001525878906,2026-08-10,0.09280004882812509,-0.017481855904360022,-0.06433042044634907,-0.12353524688839113,,27.0,-0.13943687472323818,0.47794592019915705,0.7142877204068915,True,False,False
6965,77.0,2026-08-10,0.0,-0.03749999999999998,-0.008464244791991593,-0.03868704606319173,,43.6,-0.0835706990688807,0.48999097525862517,0.8039215748749018,False,False,False
6968,44.150001525878906,2026-08-10,0.007990919975227051,0.02674422153206768,0.014942563813308274,-0.13090546872154696,,39.5,-0.06016389046358084,1.2773085864736209,0.6876947605071148,False,False,False
6969,34.29999923706055,2026-08-10,0.026946038025905672,0.31923073988694406,0.20562384243383303,0.01780410862129478,,75.5,0.13051738815694391,0.8949392377496374,0.6929292775163747,False,False,False
6977,231.5,2026-08-10,0.1751269035532994,-0.014893617021276562,-0.3191176470588235,0.31908831908831914,,21.3,-0.3942241013357126,0.49169439450494895,0.5680981595092025,True,False,False
6982,49.20000076293945,2026-08-10,0.021806837046437266,-0.06641366127761661,-0.043904462241502795,-0.18685764989577147,,25.0,-0.11901091651839191,0.42723397063071683,0.6551484185290564,False,False,False
6988,12.550000190734863,2026-08-10,0.05020923774446673,-0.07720589421199664,-0.16887418055062764,-0.3463541827061104,,5.9,-0.24398063482751675,0.5675447608257562,0.5976190567016602,False,False,False
6994,36.95000076293945,2026-08-10,0.01931036587419177,-0.10748793717212268,-0.4217527405226267,-0.6073326103921112,,0.2,-0.4968591947995158,0.6277926626989406,0.36403941638363996,False,False,False
6997,70.9000015258789,2026-08-07,0.10116388208108851,0.04184695497324409,0.004390436496197747,-0.16189194246972538,,35.0,-0.07071601778069136,1.4690748553781914,0.698423381275229,False,False,False
7402,103.0,2026-08-10,0.01980198019801982,-0.21100436166726122,-0.08125841941166267,-0.24001158299245617,,16.6,-0.1563648736885518,0.27049073710156535,0.6302343316435483,False,False,False
7419,58.79999923706055,2026-08-10,0.13076921609731817,-0.10773903071960012,-0.6053691326371775,2.0153845762595153,,85.8,-0.6804755869140666,0.4256627865006316,0.2684931472011897,False,False,False
7507,20.100000381469727,2026-08-10,-0.004950513747167595,-0.03597122236345651,-0.13548385456044187,-0.4281650210833914,,5.2,-0.210590308837331,0.36667220140013673,0.43695653003195056,False,False,False
7516,8.899999618530273,2026-08-10,0.019473091089120098,0.01714281354631697,-0.010011140698471532,-0.32061073592642475,,19.9,-0.08511759497536064,0.2795509240961545,0.6793892640735752,True,False,False
7547,57.09999847412109,2026-08-10,0.21231423193133359,-0.006956548276154995,-0.1748554769904287,-0.023931650015024175,,17.7,-0.2499619312673178,0.3173052512419555,0.40785713195800777,True,False,False
7551,13.0,2026-08-10,-0.003831432184220329,0.011673121718080104,-0.0714285714285714,-0.011406815428260608,,35.0,-0.1465350257054605,0.2152245552455146,0.6896551584571584,False,False,False
7556,223.0,2026-08-10,0.037209302325581506,-0.14230769230769236,-0.12337018216674012,0.4225548859646484,,63.6,-0.19847663644362923,0.17542538384315912,0.7447230982704438,False,False,False
7558,18.5,2026-08-10,-0.008042875152728723,-0.15909090909090906,-0.2379558233597493,0.5600904432612492,,56.0,-0.3130622776366384,1.0993372429221695,0.7001112532202838,False,False,False
7578,26.100000381469727,2026-08-10,0.0038461685180664062,-0.13934142992961474,-0.20174556506419794,-0.13369775985062338,,10.6,-0.27685201934108705,0.5659743769682699,0.6046274250306491,False,False,False
7590,17.200000762939453,2026-08-10,0.005847975394087879,-0.15061724627459494,-0.33073928979244926,-0.12244895774590325,,3.6,-0.4058457440693384,0.33591234330329045,0.5375000238418579,False,False,False
7610,1950.0,2026-08-10,0.4772727272727273,-0.11677038208372614,1.9440987263875797,10.58692318551533,,99.0,1.8689922721106906,0.7470752763644359,0.75,False,False,False
7702,20.5,2026-08-10,0.002444950376293331,0.04859339130502649,-0.04785105025678038,-0.25962795352394896,,19.1,-0.12295750453366949,0.5875349071089281,0.42544897974855844,False,False,False
7704,64.19999694824219,2026-08-10,0.1588446783390891,0.06999994913736973,0.09025966803190633,0.4231992301200316,,81.4,0.015153213755017214,1.6418780685057301,0.9481197930474927,False,False,False
7711,405.0,2026-08-10,0.37989778534923335,0.3170731707317074,0.003745408999872968,0.772571755314243,,85.1,-0.07136104527701614,1.8112126794694978,0.8844041126166721,True,True,False
7721,62.900001525878906,2026-08-10,0.053601352128054724,-0.10086182555467693,-0.22147791384312865,0.30549710937854435,,36.5,-0.29658436812001776,0.11910331875695321,0.694655132711069,False,False,False
7722,293.5,2026-08-10,0.07904411764705888,-0.04144639075075374,0.14231498239861962,-0.34204597984708773,,43.4,0.0672085281217305,0.6349990679626527,0.44977279417012184,False,False,False
7728,608.0,2026-08-10,0.05739130434782602,-0.07033639143730885,-0.1835012277228567,-0.08737095215836943,,14.3,-0.2586076819997458,0.26924170195662367,0.6826912757408882,False,False,False
7730,156.0,2026-08-10,0.026315789473684292,-0.14754098360655743,-0.10857142857142854,0.5757575757575757,,72.7,-0.18367788284831765,0.5910041766717143,0.6782608695652174,False,False,False
7740,177.0,2026-08-10,0.24210526315789482,0.37361154168518884,0.1918100784476544,0.27026778416422914,,82.5,0.1167036241707653,0.9911923454785888,0.7503989611258646,True,True,False
7742,138.5,2026-08-10,0.6787878787878787,0.0778210116731517,-0.2767624020887729,3.0261626121094007,,97.2,-0.351868856365662,1.4923293103141488,0.4982014388489209,True,False,False
7749,355.5,2026-08-10,0.05177514792899407,-0.09984658246088407,-0.2841299514396646,-0.14432470434308853,,5.0,-0.3592364057165537,0.22301198907869807,0.5285784811964571,False,False,False
7750,2485.0,2026-08-10,0.11185682326621915,0.20338983050847448,-0.19055374592833874,1.5577576198130627,,91.1,-0.26566020020522785,1.4136732535401033,0.8094462540716613,True,False,False
7765,225.5,2026-08-10,0.01348314606741563,0.018058690744920947,-0.03667486539499354,-0.09780892315450107,,33.6,-0.11178131967188265,0.5539125250504682,0.6682896714419232,False,False,False
7769,6280.0,2026-08-10,-0.02256809338521404,-0.04506449399356394,-0.07425467310489087,0.6780660614301732,,78.6,-0.14936112738177998,0.8991299238158234,0.7699601186156589,False,False,False
7786,132.0,2026-08-10,0.05600000000000005,0.04180540140584532,-0.0033269855197728404,-0.13182881473623087,,36.4,-0.07843343979666195,1.0250977057554638,0.4786151222149511,True,True,False
7788,234.5,2026-08-10,0.21818181818181825,-0.055660579845917546,0.2856360079325626,0.21311288550071916,,85.2,0.2105295536556735,0.7776165755403411,0.8101267531001933,False,False,False
7795,457.0,2026-08-10,0.185473411154345,-0.1721014492753623,0.14250000000000007,0.08720904315431821,,73.3,0.06739354572311096,2.5711076710349015,0.6861861861861862,False,False,False
7812,75.0,2026-08-10,0.02599181348206936,-0.0660025261560907,-0.07178221327593914,-0.07862409589567643,,30.0,-0.14688866755282826,0.3779279822813798,0.6607929515418502,False,False,False
7815,324.5,2026-08-10,0.3381443298969071,-0.13119143239625164,-0.3357215967246674,1.2064070201867718,,78.8,-0.4108280510015565,1.385091773998115,0.5591579514189797,False,False,False
7819,34.599998474121094,2026-08-10,0.011695839247322315,-0.16525940078975732,-0.44210480346121817,-0.6088669590460444,,0.1,-0.5172112577381073,0.1694894453702251,0.20503839996035852,False,False,False
7823,83.69999694824219,2026-08-10,0.06896543660304677,-0.05743249919195437,-0.07000003390842013,,,36.3,-0.14510648818530925,0.7449128405173507,0.5655405199205553,False,False,False
7828,1655.0,2026-08-10,0.12969283276450505,-0.21749408983451535,0.23392290493783596,1.1525633668287414,,94.6,0.15881645066094685,0.48695153397768265,0.7118279569892473,False,False,False
7833,25.950000762939453,2026-08-10,0.009727626170366266,0.20697677967160244,-0.1306532518824125,-0.19659438464739032,,14.0,-0.20575970615930161,0.7945399751817054,0.370767274681866,False,False,False
7861,1180.0,2026-08-10,0.19433198380566807,0.05381584386724736,0.22347038673270925,1.2538836787331604,,95.0,0.14836393245582014,0.8976561589798377,0.8408104678927036,False,False,False
8011,16.5,2026-08-10,-0.014925373134328401,-0.05714285714285716,-0.08763067631591792,-0.19091781786402917,,18.4,-0.16273713059280703,0.42998206464289407,0.6874766159064286,False,False,False
8016,311.0,2026-08-10,0.12681159420289845,-0.14325068870523416,0.1819894184214481,0.6565990186239714,,89.2,0.106882964144559,0.6387564731641371,0.8567493112947658,True,False,False
8021,434.5,2026-08-10,0.2239436619718309,-0.16263929402833444,-0.07472980370114679,0.8845135685756278,,84.1,-0.1498362579780359,1.4433656072364782,0.7508862049270114,False,False,False
8024,14.100000381469728,2026-08-10,0.007142884390694881,-0.16071422489321674,0.13253016847250731,0.010752729337312639,,69.1,0.0574237141956182,0.19513750243054975,0.8080229091688924,False,False,False
8027,182.0,2026-08-10,0.09638554216867479,-0.2479338842975206,-0.24637681159420288,0.6106194690265487,,59.0,-0.321483265871092,0.6130911993034296,0.621160409556314,False,False,False
8028,264.0,2026-08-10,0.013435700575815668,-0.1552,0.11684486862785648,0.4922549643567504,,83.9,0.04173841435096737,0.44455991130432587,0.7471739199719328,False,False,False
8032,37.900001525878906,2026-08-10,0.0616246699138252,-0.09330138235322838,-0.0856763017408878,0.007646146986957536,,34.4,-0.16078275601777692,0.3270369908822603,0.7999160411890912,False,False,False
8033,172.0,2026-08-10,-0.0028985507246376274,-0.2422907488986784,0.23221433517910905,0.10967741935483866,,80.1,0.15710788090221994,0.27518587557296575,0.6382189239332097,False,False,False
8034,19.100000381469727,2026-08-10,0.007915546833308307,-0.09692667962341106,-0.1886877124915457,-0.20781489550552734,,8.6,-0.2637941667684348,0.29872775467188917,0.6952107393140143,False,False,False
8038,32.849998474121094,2026-08-10,0.04451502948233288,-0.26013519492844606,-0.23247665748376323,-0.36337210376864004,,3.0,-0.30758311176065234,0.3191185466499557,0.5298386850664693,False,False,False
8039,226.0,2026-08-10,0.18635170603674545,0.46753246753246747,0.6557727930778132,1.5395851260311773,,97.8,0.5806663388009241,1.3110059375465644,0.8828125,False,False,False
8040,76.0,2026-08-10,0.1078717447591564,-0.18191605218834273,-0.06748466257668717,0.5019763298781426,,73.0,-0.14259111685357628,0.19846564105653988,0.608,False,False,False
8042,114.0,2026-08-10,0.05069124423963123,-0.3595505617977528,0.17750549775983915,0.7726084206862491,,90.6,0.10239904348295004,1.1198163687077307,0.5415676959619953,False,False,False
8043,134.5,2026-08-10,-0.03237410071942448,-0.2225433526011561,0.4446831600903498,0.5112359550561798,,92.7,0.3695767058134607,0.3038780498460366,0.5938189845474614,False,False,False
8044,27.549999237060547,2026-08-10,0.0515266578171516,0.027985075423541783,0.16985138554506674,-0.05488852152343193,,69.3,0.09474493126817762,0.31794886678519607,0.7760563165369169,False,False,False
8045,54.79999923706055,2026-08-10,0.0242990511600103,-0.06164387319789855,-0.24460813776109824,-0.36360814450957235,,2.7,-0.31971459203798736,0.2914573190634138,0.4191573361026825,False,False,False
8046,1130.0,2026-08-10,0.18572927597061906,-0.06995884773662553,0.25819052338002524,1.8595240757707652,,96.9,0.18308406910313613,0.2673095933988225,0.7985865724381626,False,False,False
8047,48.75,2026-08-10,0.10294115743263976,0.10795454545454541,-0.08536584056640739,0.0,,33.7,-0.1604722948432965,0.5051686143531936,0.8125,True,False,False
8048,52.400001525878906,2026-08-10,0.03353058653565366,-0.07138136519725613,-0.1167869962634781,0.05255081594387345,,33.0,-0.19189345054036722,0.8204736364818226,0.7618463682540358,False,False,False
8049,26.549999237060547,2026-08-10,0.023121327802732905,-0.003752359583532483,0.019193858527591257,-0.014842356755290775,,50.3,-0.055912595749297855,0.39162802832739235,0.9448398176737637,True,False,False
8050,68.4000015258789,2026-08-10,0.17931037113584325,0.21673606266811785,0.4939669834433966,0.6223147502241573,,94.5,0.4188605291665075,3.240618025599377,0.991304369940274,False,False,False
8054,84.9000015258789,2026-08-10,0.06926952007938403,-0.14242422701132418,-0.17170730218654728,-0.3341176350911458,,6.1,-0.2468137564634364,0.2939782443627866,0.5512987112070059,False,False,False
8059,15.449999809265137,2026-08-10,0.02657804740604064,-0.025236628553790608,-0.2763466260790032,-0.2729411854463465,,3.2,-0.3514530803558923,0.24873615790604153,0.4739263966999825,False,False,False
8064,101.0,2026-08-10,0.03483608175240316,-0.2681159420289855,-0.14139380093613274,0.784997203161826,,77.6,-0.21650025521302185,0.3342373164827181,0.5898251679706297,False,False,False
8066,14.850000381469728,2026-08-10,0.0033783912223301904,-0.009999974568684733,-0.13157894443313534,-0.2905080140562881,,9.9,-0.20668539871002445,0.3698728789777303,0.6541850168443246,False,False,False
8067,13.100000381469728,2026-08-10,-0.029629601372612724,0.01945525234073231,0.0396825384811359,-0.08391606945870034,,47.7,-0.035423915795753214,0.8967406491603932,0.7422096693824503,False,False,False
8068,18.600000381469727,2026-08-10,0.07514457813525688,0.013623977918412189,-0.19305852507083665,-0.2954545208245267,,6.0,-0.26816497934772576,0.44305576130659724,0.6435986376118726,False,False,False
8069,176.5,2026-08-10,-0.06613756613756616,-0.09018457438214988,-0.06691566976291063,0.01062593677768997,,37.7,-0.14202212403979975,1.5476150087484561,0.6718894707322072,False,False,False
8070,48.79999923706055,2026-08-10,0.038297856107671224,-0.07400382294911712,0.06332199356119927,0.023541418951566362,,61.7,-0.011784460715689837,0.25320720637461536,0.7751014498812593,False,False,False
8071,23.100000381469727,2026-08-10,0.03820226433571805,-0.23762373059020925,0.3915662560620077,0.2588555804498329,,89.4,0.31645980178511857,0.28041582453240543,0.6834319793753535,False,False,False
8072,26.299999237060547,2026-08-10,-0.013133222757210405,-0.09621996933691324,-0.012735201489377346,-0.16181375073492188,,32.5,-0.08784165576626646,0.35864799557813903,0.6340126777025641,False,False,False
8074,55.70000076293945,2026-08-10,0.07528960585560451,-0.12006316849481868,-0.3329341225995275,-0.1794921663176101,,2.9,-0.4080405768764166,0.4442271434188287,0.6080786210785348,False,False,False
8076,23.5,2026-08-10,0.04444444444444451,-0.11487756401902727,-0.054325970251348665,-0.02083333333333337,,37.3,-0.12943242452823778,0.3164428982496813,0.8216783107186922,False,False,False
8080,27.600000381469727,2026-08-10,-0.04498267315640414,-0.0018082906962154643,-0.026455026099054924,-0.24383560598713083,,23.3,-0.10156148037594404,0.8911125507475824,0.5780104791930832,False,False,False
8081,268.0,2026-08-10,0.07200000000000006,-0.05300353356890464,0.08705697316399652,0.1607179122043767,,71.2,0.011950518887107409,0.7388281874780603,0.8271604938271605,True,False,False
8084,48.0,2026-08-10,0.15662650602409633,-0.008264494075791107,0.07142858967489163,-0.1443850034658667,,48.1,-0.0036778646019974826,1.0923668728051634,0.7239818671279439,True,False,False
8085,11.350000381469728,2026-08-10,-0.008733574625432783,-0.05809126955892985,-0.06967208533477898,-0.3587570682350172,,12.3,-0.1447785396116681,0.7555161379707885,0.49240784195865933,False,False,False
8086,118.0,2026-08-10,0.02164502164502169,-0.13235294117647056,-0.25316455696202533,-0.04453441295546556,,10.0,-0.32827101123891445,0.9747795859639202,0.659217877094972,False,False,False
8087,29.450000762939453,2026-08-10,0.040636097416317574,-0.06507934085906497,-0.11295180463327148,0.0,,29.4,-0.1880582589101606,0.1933570923459439,0.758043807454891,False,False,False
8088,48.5,2026-08-10,0.06593406593406592,-0.13701068787203907,-0.045170965230180604,-0.22902007503510624,,21.2,-0.12027741950706972,0.6330515865767448,0.6792217606813553,False,False,False
8089,18.149999618530277,2026-08-10,0.016806679588196705,-0.09925558500560794,-0.14588237089269285,-0.3752151430222618,,6.4,-0.22098882516958196,0.2680899334828185,0.4342166276597736,False,False,False
8091,239.0,2026-08-10,0.08636363636363642,-0.18983050847457628,0.2793797985613016,0.7487925283522348,,92.1,0.20427334428441246,0.32645885264764135,0.8101694915254237,False,False,False
8092,13.050000190734863,2026-08-10,-0.022471923757491075,-0.05776174503252762,-0.24999997259556506,-0.08421051293088677,,8.7,-0.32510642687245417,0.3409410211950058,0.685039407526428,False,False,False
8093,22.700000762939453,2026-08-10,0.08095241728283109,0.1350000381469727,0.18229165942304704,0.1073171103872903,,76.9,0.10718520514615792,2.3576623487602664,0.6844221860356304,True,True,False
8096,123.0,2026-08-10,0.06956521739130439,-0.26126126126126126,0.26934982521285744,0.9158879415393457,,93.2,0.19424337093596833,0.832092096172526,0.7256637168141593,False,False,False
8097,51.29999923706055,2026-08-10,-0.02099240948065806,-0.10314687844727422,-0.011560737402275034,-0.09203541173344165,,38.4,-0.08666719167916415,1.1678255529964447,0.7297296871991789,False,False,False
8099,58.09999847412109,2026-08-10,0.056363608620383365,-0.034883758508374885,-0.0316666920979819,-0.17354202059784507,,28.3,-0.10677314637487101,0.5800486915599787,0.6966426548096973,False,False,False
8101,11.75,2026-08-10,-0.10305346123343151,-0.10305346123343151,-0.07480313571123642,-0.24679489021313772,,16.7,-0.14990958998812554,0.35655066383125467,0.6151832337867131,False,False,False
8102,68.80000305175781,2026-08-10,-0.04311541597124047,0.005847975394087879,0.06998444457891795,0.21796486403714765,,72.6,-0.005122009697971164,0.3110397601621126,0.7710570233514038,False,False,False
8103,80.30000305175781,2026-08-10,0.08660353712763724,-0.09977571974188015,-0.29813022013665713,-0.12820388787389514,,4.7,-0.37323667441354624,0.7068554538252388,0.6470361824117571,False,False,False
8104,31.649999618530277,2026-08-10,0.05499998728434252,-0.23086273523888334,-0.08393631498027776,-0.17578129268561626,,19.8,-0.15904276925716687,0.13823773320765345,0.7096412713308728,False,False,False
8105,16.649999618530273,2026-08-10,0.05714283292255695,-0.17777779661578896,0.1288135334596796,0.29571977620641254,,79.3,0.053707079182790496,0.17036833706117768,0.6620278278756996,False,False,False
8109,132.5,2026-08-10,0.08163265306122458,-0.12251655629139069,0.12765957446808507,0.2840625703092321,,78.9,0.05255312019119596,0.6178139444253893,0.8204334365325078,False,False,False
8110,46.20000076293945,2026-08-10,0.1323529810503974,-0.08695647912780025,-0.0632677095073696,-0.41540541657262153,,10.3,-0.1383741637842587,0.6362332846500705,0.540749983144891,False,False,False
8111,58.20000076293945,2026-08-10,-0.059773839607945245,0.1570576867933282,-0.11937416197352602,-0.17726147142726179,,16.1,-0.19448061625041513,2.43921593063097,0.7271422551255996,False,False,False
8112,92.4000015258789,2026-08-10,0.1351351326019674,0.08705884148092835,0.17776695739713366,0.19234330121801402,,79.0,0.10266050312024455,0.6857998689680197,0.9586202545893021,True,False,False
8114,223.5,2026-08-10,0.03953488372093017,0.09558823529411775,-0.012495418885759668,0.23502527336618573,,65.5,-0.08760187316264878,1.1278254139563144,0.834241067843439,False,False,False
8119,10.199999809265137,2026-08-10,0.13207542177065879,-0.01449280837449507,-0.03317539100872258,0.23337354832787582,,63.0,-0.10828184528561169,0.21322878270676124,0.5947521886965068,True,False,False
8121,29.450000762939453,2026-08-10,0.02972029266196974,-0.31828703141588577,-0.133823506972369,-0.011744915539656176,,24.6,-0.2089299612492581,0.2851677185268319,0.5413602929575221,False,False,False
8131,64.5999984741211,2026-08-10,0.0766666412353516,-0.13849798671716618,-0.022773875747194583,-0.194659879195905,,28.0,-0.0978803300240837,0.7717390511592837,0.7675750623007351,False,False,False
8147,126.0,2026-08-10,0.07234042553191489,-0.1515151515151515,-0.2978077325594102,0.23558838140498084,,18.8,-0.3729141868362993,0.3407503335793892,0.674546897612437,False,False,False
8150,92.9000015258789,2026-08-10,0.19716499165731594,-0.20598289294120598,0.08145917453734475,0.4342522107570308,,81.2,0.006352720260455635,0.6612446362963329,0.7583673593949298,False,False,False
8155,308.5,2026-08-10,0.07867132867132876,-0.12108262108262113,-0.25449009015652957,0.41042413970176916,,39.8,-0.3295965444334187,0.6388198761222758,0.6859017718429787,False,False,False
8162,54.400001525878906,2026-08-10,0.09236952528696207,-0.3034570731277969,0.02566869942863592,0.4383245413854948,,77.4,-0.04943775484825319,0.2760249292769302,0.6310905272832291,False,False,False
8163,31.649999618530277,2026-08-10,0.02759741566639251,-0.1480484974816837,0.08166107770597875,-0.0010243378828019845,,62.8,0.006554623429089634,0.3448872437054946,0.6986755000348208,False,False,False
8171,20.200000762939453,2026-08-10,0.04663220525681111,-0.014634109124904704,-0.17886177033739525,-0.3504822985476491,,5.2,-0.25396822461428437,0.2913679648554899,0.6215384850135216,False,False,False
8176,9.899999618530272,2026-08-10,0.010204023045831123,-0.03883500629100989,-0.05714289347330748,-0.10407244817686401,,30.2,-0.1322493477501966,0.3281755713883915,0.7122302079298227,False,False,False
8182,40.0,2026-08-10,0.0723860809159691,-0.2250289881711115,0.08266467158299506,0.38693089940744585,,79.2,0.007558217306105952,0.33839465100217697,0.6817117819668609,False,False,False
8183,30.299999237060547,2026-08-10,0.04663207041601547,-0.08872182745682566,-0.03017047125778438,-0.0818182049375592,,36.0,-0.1052769255346735,0.34269289005543996,0.7634574296249583,False,False,False
8201,12.0,2026-08-10,0.03448272460139279,-0.051383370603278467,-0.043824715727168284,-0.21052630588288435,,23.3,-0.1189311700040574,0.27041185423007963,0.6299212850704358,False,False,False
8210,1075.0,2026-08-10,-0.0182648401826484,-0.08510638297872342,-0.2990452611849179,0.14607572137283387,,14.4,-0.37415171546180703,1.51974221917415,0.698700821424117,False,False,False
8213,30.700000762939453,2026-08-10,0.03367003280511116,-0.06728925257587681,-0.22802343031696537,-0.12381724128245175,,8.7,-0.3031298845938545,0.32033261593508416,0.7608955470831137,False,False,False
8215,25.549999237060547,2026-08-10,0.1181618735455423,-0.08595793043293498,-0.06447048825901758,0.26800938486642023,,61.0,-0.1395769425359067,0.20475653794509036,0.7934782183753015,False,False,False
8222,38.0,2026-08-10,0.05849577673714834,-0.04200716388123649,0.07038308356941503,-0.08871077667144256,,52.4,-0.004723370707474084,0.5280529984057482,0.6539199993277961,False,False,False
8227,144.0,2026-08-10,0.02857142857142847,-0.22371967654986524,-0.316202376384089,-0.06554985036414818,,5.3,-0.3913088306609781,0.2948790733546329,0.5835622313668756,False,False,False
8234,73.80000305175781,2026-08-10,0.17515929854033763,0.03506311210372903,0.04237287952949487,-0.0415584019252232,,51.6,-0.032733574747394245,0.9624886309726124,0.6375285353763533,True,False,False
8240,43.5,2026-08-10,0.09987359896680048,-0.10860654344099929,-0.3547091335149062,0.06165707957495603,,6.7,-0.4298155877917953,0.2916639342876638,0.5961175625561314,False,False,False
8249,42.54999923706055,2026-08-10,0.0167264226633681,-0.09468086729658409,-0.09871168653193674,-0.24328686862821025,,15.0,-0.17381814080882585,0.25046892527514775,0.6907069787602947,False,False,False
8261,179.0,2026-08-10,0.04678362573099415,-0.4492307692307692,0.38633079114356006,0.8878309875474331,,94.8,0.31122433686667095,0.7885110556400796,0.5159355851061163,False,False,False
8271,235.5,2026-08-10,0.07289293849658307,0.30110497237569067,-0.03207935207752588,0.991836732586818,,87.7,-0.10718580635441499,2.0322346246120135,0.9251909341439957,False,False,False
8277,8.010000228881836,2026-08-10,-0.0062034972868203475,-0.02317068107350706,0.13778412958591701,-0.2069307003613955,,54.3,0.0626776753090279,0.2618372350322079,0.48693008251572434,False,False,False
8284,62.79999923706055,2026-08-10,0.011272154269555523,0.026143765591094548,0.05740280874577097,0.06074899407718992,,63.6,-0.01770364553111814,0.1687278831061821,0.998410138531122,False,False,False
8289,44.650001525878906,2026-08-10,0.10931680809637023,-0.2558333079020182,-0.18494143698731247,0.830131428514246,,76.6,-0.2600478912642016,0.1759269075637291,0.591105945597404,False,False,False
8291,41.95000076293945,2026-08-10,0.11273209320934319,0.34025564809819064,-0.018713432445860767,1.4532163641585778,,92.9,-0.09381988672274988,0.4525293696078203,0.31541353957097334,False,False,False
8298,46.95000076293945,2026-08-10,0.03300329977602812,-0.11415092900114243,-0.053882520920588095,0.597542536001187,,77.4,-0.1289889751974772,0.203873087164068,0.8400870580232332,False,False,False
8299,2040.0,2026-08-10,0.15909090909090917,-0.08108108108108103,-0.24590923194077763,-0.10070141466810334,,8.1,-0.32101568621766674,0.8636422087370067,0.713505980722332,False,False,False
8341,77.19999694824219,2026-08-10,0.015789433529502572,0.007832878408265298,0.06781285612420995,0.03389254167496847,,63.1,-0.007293598152679159,0.6557101178580289,0.8892604750956292,False,False,False
8342,88.0,2026-08-10,-0.005649717514124242,-0.03296703296703296,0.03354311538670052,0.11390232054613803,,64.0,-0.041563338890188595,0.76422754961906,0.9617486338797814,False,False,False
8345,52.09999847412109,2026-08-10,0.015594527270140768,-0.02067673445570062,0.12457468321140008,0.23376755828748452,,77.3,0.04946822893451097,0.7311513523370965,0.9554525399131202,False,False,False
8349,39.75,2026-08-10,-0.00500627682402921,0.006329113924050667,-0.014010309521247932,-0.07161862841817634,,39.6,-0.08911676379813704,0.2970430976169857,0.8589582889918701,False,False,False
8354,16.649999618530273,2026-08-10,0.08522523807146953,0.000998774752212661,0.02548802163424546,0.06794457803172604,,59.3,-0.04961843264264365,0.43019366391172664,0.8824594727924854,True,False,False
8358,346.0,2026-08-10,0.056488549618320505,-0.34787334197794795,-0.271313358390866,0.2616461928929492,,24.5,-0.3464198126677551,2.729479768849379,0.4965479063289698,False,False,False
8367,40.45000076293945,2026-08-10,-0.0012345490632234002,-0.0036945250448037203,-0.03575685274659557,-0.001813237651519306,,41.5,-0.11086330702348468,0.848040491357494,0.9235160152403254,False,False,False
8374,88.9000015258789,2026-08-10,0.19009377721227438,0.03613051706129955,-0.0229390411717586,-0.08136128460406178,,37.4,-0.09804549544864771,0.41033440470344246,0.7519658410335456,True,False,False
8383,69.9000015258789,2026-08-10,0.023426038105863745,0.03355712193412197,0.2705277291029804,0.7131730545564152,,91.5,0.19542127482609128,0.8401976092047421,0.7732300923232679,False,False,False
8390,102.0,2026-08-10,0.08395325880957927,0.03343468240924374,-0.041384122821282565,0.04878271301629877,,45.6,-0.11649057709817168,0.4831343249040484,0.8179695372463603,True,False,False
8401,22.899999618530277,2026-08-10,0.004385981790174132,0.0,-0.04781703347242294,-0.1716100627802566,,25.9,-0.12292348774931205,0.3987185854396427,0.8088327330624514,False,False,False
8404,16.149999618530273,2026-08-10,0.0,-0.008928624727030376,-0.008928624727030376,-0.29746838908892137,,21.7,-0.08403507900391949,0.5148464942388941,0.5946428112434795,False,False,False
8410,31.450000762939453,2026-08-10,0.04311778311301184,-0.03822629880231343,-0.13953484488584766,-0.1756225555690878,,14.2,-0.21464129916273678,0.3605116393947765,0.7280092640627885,False,False,False
8411,13.050000190734863,2026-08-10,0.0,0.06077196667493823,0.07816159568884018,0.0961309642534498,,68.1,0.003055141411951068,1.1862263125335826,0.981203007788364,False,False,False
8415,38.400001525878906,2026-08-10,0.02811253265472935,0.10503601513320593,0.15907941299031414,0.16581811957362524,,77.3,0.08397295871342503,0.7423277500314237,1.0,True,True,False
8416,169.5,2026-08-07,0.014970059880239583,-0.011661807580174877,0.016576405815277084,-0.038373715365388694,,47.5,-0.05853004846161203,0.3172601736796079,0.9412744051635925,False,False,False
8421,14.350000381469728,2026-08-10,-0.07419352377614652,0.02135232645282792,0.0436363913796165,0.08712125672891302,,63.4,-0.03147006289727261,1.6508088995267896,0.8516320508366696,False,False,False
8422,26.799999237060547,2026-08-10,0.0,-0.007407435664424145,0.015861294323723518,-0.3038065174316945,,25.2,-0.059245159953165594,0.4344451105212679,0.5392480954848119,False,False,False
8424,69.0,2026-08-10,0.01024885676376508,0.001451356631444023,0.004967182327182851,0.013215881733402934,,50.1,-0.07013927194970626,0.6778715042091081,0.9707218561847513,False,False,False
8426,21.25,2026-08-10,0.0047281505093792475,0.06516286653359527,-0.020049668108180763,-0.1993521872447922,,28.1,-0.09515612238506987,0.5432879343036675,0.6799347621187714,False,False,False
8431,49.79999923706055,2026-08-10,0.06296693402389275,0.009118556775142395,-0.18494270898953713,-0.17685951674280087,,10.2,-0.26004916326642624,0.7000502776511303,0.6319796612742599,False,False,False
8433,55.09999847412109,2026-08-10,0.033771093111178985,0.04356059224042874,0.016605123588799398,0.052542470576413036,,56.2,-0.058501330688089714,0.7316727704042318,0.9315415534684992,False,False,False
8435,53.79999923706055,2026-08-10,0.03065131131678167,0.007490593628312725,0.0235536373761267,0.05577661714827098,,57.6,-0.05155281690076241,1.0357524280410182,0.9346219440228046,False,False,False
8437,9.06999969482422,2026-08-10,0.01910113298656757,-0.09300003051757799,-0.20438596505904472,-0.4383900985101302,,2.8,-0.27949241933593383,0.3118193186442042,0.4942779022491643,False,False,False
8438,66.5999984741211,2026-08-10,0.09359600665724166,-0.2796655799287884,-0.34717515150998457,-0.017916116573448493,,5.1,-0.4222816057868737,0.5710661535817451,0.6344354281667571,False,False,False
8440,19.850000381469727,2026-08-10,0.047493381651487976,-0.06146568607602121,-0.025301874860919504,-0.282077221739757,,20.3,-0.10040832913780862,0.29241045177090225,0.6710232935376998,False,False,False
8442,44.0,2026-08-10,-0.006771991923863796,-0.03296703296703296,-0.12524849567828167,-0.375886524822695,,7.0,-0.20035494995517078,0.47358993631775337,0.5597964485264834,False,False,False
8444,5.5,2026-08-10,0.06382977153505398,-0.010791356726084111,-0.24965892807005718,-0.4685990534022584,,1.4,-0.3247653823469463,0.42226857329031126,0.3395061568504542,False,False,False
8454,274.5,2026-08-10,0.10909090909090913,0.02425373134328357,0.4854272395771493,0.4508823141812415,,92.9,0.41032078530026017,0.6450903747775765,0.6245733788395904,False,False,False
8455,24.700000762939453,2026-08-10,-0.01199996948242188,-0.07490636490078573,-0.11942953886768626,0.16784875690016055,,41.6,-0.19453599314457537,0.10970684443312025,0.5329018678766597,False,False,False
8462,171.5,2026-08-10,0.039393939393939315,0.07861635220125796,0.23273549909591118,0.24979750908373588,,83.6,0.15762904481902207,0.8793449993317876,0.997093023255814,False,False,False
8463,20.799999237060547,2026-08-10,-0.014218063459024544,-0.028037401503044346,-0.021259875522221194,-0.194730609775837,,28.2,-0.0963663297991103,0.9397068565653497,0.7707578506203308,False,False,False
8464,379.0,2026-08-10,0.007978723404255428,0.05277777777777781,0.13303437967115106,-0.04578250452096244,,66.2,0.05792792539426195,0.48659074522198625,0.7918381780087046,False,False,False
8466,16.700000762939453,2026-08-10,0.0,-0.04297994081426404,0.09150330423213848,-0.2443438699240038,,43.0,0.01639684995524937,0.18766103897784853,0.6219739488147196,False,False,False
8467,106.0,2026-08-10,0.07178967001596304,-0.04551510402093084,-0.1993515347859105,-0.4108435642644047,,3.3,-0.2744579890627996,1.1322631580413063,0.5591538820650687,False,False,False
8472,70.4000015258789,2026-08-10,0.03074668199545627,-0.12437810709221475,0.005714307512555861,0.11216433450857743,,59.7,-0.06939214676433325,0.45882189926722644,0.6610328781772667,False,False,False
8473,42.29999923706055,2026-08-10,0.049627792502803914,-0.07236840674311329,0.24778753194949465,0.08740353670474099,,80.4,0.17268107767260554,0.3595801409646433,0.7553571292332241,False,False,False
8476,20.600000381469727,2026-08-10,0.07291664390100472,-0.1452282134688727,0.22175864698474168,0.035905189207044774,,77.1,0.14665219270785257,0.32275457422519727,0.8391039112690512,False,False,False
8477,15.899999618530272,2026-08-10,0.03246753327177809,-0.015479876526631964,-0.03636365948301379,0.15636360862038345,,55.9,-0.1114701137599029,0.23548625600097234,0.7662650418568806,False,False,False
8478,147.0,2026-08-10,0.017150022203785253,-0.0026645188741066805,-0.04006466401139275,-0.18735629333342785,,25.8,-0.11517111828828186,0.6704322735778048,0.6634542318950009,False,False,False
8481,40.400001525878906,2026-08-10,0.0100000381469727,0.025111838595831548,0.07477566508900013,0.019074636077351714,,63.0,-0.00033078918788898015,0.658978668625073,0.9699489080148274,False,False,False
8482,49.59999847412109,2026-08-10,-0.007007052722170393,0.035490540586386565,0.06440504417467618,0.05354376645359182,,64.1,-0.010701410102212927,1.0765971291767966,0.8839665053355784,False,False,False
8487,72.5999984741211,2026-08-10,-0.03457444919725983,-0.07633587934452046,0.13281726275374117,0.0988327749577047,,73.0,0.05771080847685206,0.6905214670080172,0.8736462070661782,False,False,False
8488,10.0,2026-08-10,-0.009901027494335302,-0.004975143262281545,0.009081751157785645,0.008064508376087076,,50.6,-0.06602470311910347,1.711241965782823,0.8438818293742302,False,False,False
8489,23.049999237060547,2026-08-10,0.03131985877598398,0.06221190906254259,-0.07800003051757809,-0.38778224959122454,,10.3,-0.1531064847944672,0.3735910778034536,0.47427983458341866,False,False,False
8499,263.0,2026-08-10,0.08230452674897126,-0.11298482293423273,-0.11892797319933002,-0.14270292402710327,,17.4,-0.19403442747621913,0.34514325579515714,0.6785139933338907,False,False,False
8905,34.75,2026-08-10,0.07751937984496116,0.20003443535470233,0.1314610752471279,0.12432253102114288,,74.2,0.0563546209702388,1.9369538327763707,0.874626379303773,True,True,False
8906,28.950000762939453,2026-08-10,0.13085938795120433,0.014010561701159885,0.16265065086166564,-0.14852938932531023,,63.7,0.08754419658477652,0.6488718859681263,0.7255639011482907,True,False,False
8908,39.900001525878906,2026-08-10,0.0012547817734620548,0.019157087375954118,0.020460436904807366,-0.026745197904973428,,49.3,-0.054646017372081745,0.2046163178872063,0.8450118064422102,False,False,False
8916,43.25,2026-08-10,0.011695906432748648,-0.015927207071398386,-0.07387581812798028,-0.12271803916200774,,25.4,-0.1489822724048694,0.8118248243557445,0.8547431087793377,False,False,False
8917,52.5,2026-08-10,0.009615384615384581,-0.02777777777777779,0.036513744055840736,-0.04167933396847401,,51.0,-0.038592710221048376,0.24831427522830146,0.7882290722012965,False,False,False
8921,17.200000762939453,2026-08-10,-0.025495686420206942,-0.033707780889780325,-0.019420846628908972,-0.07157929719785971,,38.8,-0.09452730090579808,1.5066810950419398,0.8997066146103649,False,False,False
8924,51.5,2026-08-10,-0.03738317757009346,-0.10122162852157979,-0.14451828326712213,-0.24205263338732752,,11.0,-0.21962473754401124,1.104848375605072,0.7337576604656815,False,False,False
8926,57.0,2026-08-10,-0.07766989152618076,-0.25,0.13709177189109,0.3503781177805776,,81.8,0.0619853176142009,0.6336575540049707,0.7037037037037037,False,False,False
8927,20.399999618530277,2026-08-10,0.061598568399396036,-0.07377305927701738,0.037652752291708946,-0.19293674821755968,,38.2,-0.037453701985180166,0.6326053028549953,0.4803056485387592,False,False,False
8928,23.450000762939453,2026-08-10,0.049217018465097295,0.004282671513319736,0.11137442364851924,-0.12662940671229006,,56.9,0.03626796937163013,0.46456744105409153,0.8465704013378157,True,True,False
8929,13.25,2026-08-10,0.0037878932922232877,-0.1166666666666667,-0.0798610867357541,-0.2065868625943823,,18.4,-0.1549675410126432,0.5987897741191395,0.6794871794871795,False,False,False
8930,30.100000381469727,2026-08-10,-0.027463662698436697,-0.021138198976594302,0.041522518296852384,0.06298407376475024,,61.4,-0.03358393598003673,0.6024785288131561,0.945054945713026,False,False,False
8931,40.59999847412109,2026-08-10,-0.019323744499326723,-0.032110106343748446,0.021791728966282786,-0.07252754454057653,,45.9,-0.053314725310606326,0.42655842887516443,0.7785977619526089,False,False,False
8932,102.0,2026-08-10,0.08974360750872634,-0.1392405063291139,0.10032366081900013,-0.02392344497607657,,63.7,0.025217206542111015,0.47455681917513065,0.7876447876447876,False,False,False
8933,4.489999771118164,2026-08-10,0.056470534380744564,-0.01318690485747176,-0.20811292580212082,-0.39242221214633954,,3.4,-0.28321938007900993,0.2837224276154473,0.4885745349436559,False,False,False
8935,17.549999237060547,2026-08-10,0.01152731130798279,-0.22516558354806104,-0.06648936440039144,-0.17605634433428785,,22.3,-0.14159581867728055,0.16238277657924183,0.5716611987269598,False,False,False
8936,52.70000076293945,2026-08-10,0.02529181319977236,-0.052158233646920515,0.055055054214140586,0.01934235948245555,,60.1,-0.020051400062748526,0.14857697334224307,0.7604617379826032,False,False,False
8937,23.649999618530277,2026-08-10,-0.03271988218592581,-0.07436397946244555,-0.2919162114347258,-0.3069597181383069,,2.5,-0.3670226657116149,0.16951013517175045,0.5255555470784506,False,False,False
8938,53.09999847412109,2026-08-10,-0.01848428887624376,-0.02029524489546719,-0.04838711110852856,-0.20554873276201469,,22.9,-0.12349356538541767,0.7093323540897724,0.7521931644770685,False,False,False
8941,43.400001525878906,2026-08-10,0.006960627897422134,0.00930236106695137,-0.009904221251363587,-0.04297854521601585,,42.6,-0.0850106755282527,0.22617110134005664,0.8881159184067283,False,False,False
8942,38.84999847412109,2026-08-10,0.05284544356656995,-0.005575607075441802,-0.09165339728679434,0.009529589048862919,,33.4,-0.16675985156368345,0.4787920850788205,0.8668786417704445,False,False,False
8996,1075.0,2026-08-10,0.1436170212765957,-0.1260162601626016,0.018957345971563955,0.39281761987675257,,75.6,-0.05614910830532516,1.517499275940747,0.6761006289308176,False,False,False
9802,71.30000305175781,2026-08-10,-0.009722179836697098,-0.049333292643229165,-0.1164807218333993,-0.2435060091327128,,13.2,-0.19158717611028842,1.4113936132655196,0.6347971412971757,False,False,False
9902,13.850000381469728,2026-08-10,0.010948947028681655,-0.003597067513145036,-0.017730495974209393,-0.2284122678108632,,26.1,-0.0928369502510985,0.597648159904406,0.7715877321891368,False,False,False
9904,24.100000381469727,2026-08-10,-0.008230405838276611,-0.006185551279598855,-0.016559339488174785,-0.17595003841984413,,30.8,-0.0916657937650639,1.0041431650562287,0.7895012723530302,False,False,False
9905,21.350000381469727,2026-08-10,0.03140094659774162,0.05172419624983293,0.06694903097126881,0.11725189675473846,,68.0,-0.008157423305620304,1.233446158276997,1.0,True,True,False
9906,40.20000076293945,2026-08-10,0.01772153830226464,-0.007407388569396267,0.172011710119925,-0.11648349971561645,,66.7,0.09690525584303589,0.18934758046758304,0.5454545783926014,False,False,False
9907,14.850000381469728,2026-08-10,-0.013289023703020209,-0.01655629097246858,-0.05168789444480548,-0.11961099801423669,,29.9,-0.1267943487216946,1.1998694591149195,0.7930054748778156,False,False,False
9908,29.049999237060547,2026-08-10,-0.0051370384232759525,0.017298576188924386,0.03292269569648032,0.015591720894559735,,55.5,-0.04218375858040879,0.5950132793363625,0.8772357881852078,False,False,False
9910,70.19999694824219,2026-08-10,0.044642859170226146,0.03999995478877305,-0.0002975882315425782,-0.22245366096247965,,29.8,-0.07540404250843169,0.2640854569692131,0.5442824649228183,False,False,False
9911,82.80000305175781,2026-08-10,0.009756134777534342,-0.008383196984936392,0.0036364006273674754,0.047588977033427016,,52.8,-0.07147005364952164,0.9979355341100967,0.9511153831760975,False,False,False
9912,12.399999618530272,2026-08-10,-0.03125004423782174,-0.02745101031135122,0.0163934272452404,0.024793324595259625,,53.3,-0.05871302703164871,2.08908851171148,0.961240308931345,False,False,False
9914,86.0,2026-08-10,0.16740054298942453,0.22512919773772322,0.49898163539408746,0.03467991191051234,,89.2,0.42387518111719835,0.9848354861227927,0.7755600370737804,True,True,False
9917,107.5,2026-08-10,-0.0182648401826484,0.0,0.004936084942683605,0.06155217681165026,,54.7,-0.0701703693342055,0.44384960953427854,0.9266828148316707,False,False,False
9918,42.5,2026-08-10,-0.01047731676241892,0.00612246151200857,0.021296006180694604,0.10876211193370877,,61.8,-0.05381044809619451,0.488659891397975,0.7180727112814833,False,False,False
9919,13.949999809265137,2026-08-10,0.010869537424425646,0.010869537424425646,-0.01760563403929638,-0.29007633180256887,,20.8,-0.09271208831618549,0.4774978092859092,0.7099236681974311,False,False,False
9921,101.5,2026-08-10,0.20833333333333326,0.3961486143150954,0.40776702008435506,0.10446135271736368,,87.6,0.33266056580746595,1.5625760644393807,0.9311926605504587,True,True,False
9924,38.45000076293945,2026-08-10,0.0013020634133791287,-0.036340869861846814,-0.03234035796190282,-0.15976873009705628,,29.8,-0.10744681223879193,1.1860414146629719,0.7292006855737455,False,False,False
9925,40.04999923706055,2026-08-10,-0.007434925611036869,0.018958754406865674,0.042949106836235984,0.03271157059822394,,59.1,-0.03215734744065313,1.3481699669474423,0.986453220252924,False,False,False
9926,49.29999923706055,2026-08-10,-0.008048320316670576,0.03576775949495925,0.04737012721256417,0.042064286801090534,,60.7,-0.02773632706432494,0.4822093617127942,0.8990536898651666,False,False,False
9927,68.80000305175781,2026-08-10,-0.01714281354631697,0.007320643889592526,0.00879774384698262,-0.033707780889780325,,46.8,-0.06630871042990649,1.248535747880536,0.8644579601034771,False,False,False
9928,18.200000762939453,2026-08-10,0.0027548840473874403,-0.024128625458185726,0.03409093002642427,-0.01086950324658753,,53.2,-0.04101552425046484,0.8280047405082341,0.8708134495276755,False,False,False
9929,11.449999809265137,2026-08-10,-0.004347842672596802,0.04566210125199577,-0.029661048797655076,0.05529948448850952,,47.7,-0.10476750307454419,0.3040890208478126,0.7633333206176758,False,False,False
9930,62.29999923706055,2026-08-10,-0.014240530300858256,-0.017350193412366988,-0.04935193343100064,-0.06017008767142329,,34.8,-0.12445838770788975,0.9253969250451022,0.8880381833824181,False,False,False
9931,33.599998474121094,2026-08-10,-0.005917182469050486,0.009008986304320121,0.031039806416322202,0.03707796772214711,,57.2,-0.04406664786056691,0.3526911025234298,0.6903745446020554,False,False,False
9933,38.25,2026-08-10,0.0625,-0.06934303114185292,0.03099734698590595,0.1953125,,68.3,-0.04410910729098316,0.3640449807052725,0.8742857142857143,False,False,False
9934,12.0,2026-08-10,0.1374407377298954,0.16504852211501264,0.245510025223165,0.17658369806311613,,82.9,0.1704035709462759,1.584835440539548,1.0,True,True,False
9935,20.899999618530277,2026-08-10,0.06632649039586735,0.14207652950084815,0.1776912922833067,0.10445183750265485,,76.5,0.1025848380064176,1.3722329874656143,1.0,True,True,False
9937,55.09999847412109,2026-08-10,-0.008992806002192988,0.03458640994110551,0.01624263461343478,-0.0066535849301587735,,50.5,-0.05886381966345433,0.5031067088762224,0.9083373832076613,False,False,False
9938,42.0,2026-08-10,-0.02097905580110504,-0.02628256201717305,0.004180143842478001,-0.11366743014908676,,38.9,-0.07092631043441111,0.8455420567022326,0.7439910818765711,False,False,False
9939,144.5,2026-08-10,0.1245136186770428,0.1795918367346938,0.23988425418882042,0.24496573467515992,,83.8,0.1647777999119313,1.4675077266603676,1.0,True,True,False
9940,21.25,2026-08-10,0.02905570908249855,0.07868016127067756,0.15735182139929949,0.0014529495667219283,,70.7,0.08224536712241037,0.7123067520875853,0.8419124453737631,True,True,False
9941,85.19999694824219,2026-08-10,0.04029298364934153,0.051851814175829514,0.14670246902804807,0.09230765318259215,,73.9,0.07159601475115895,0.5500946358113631,0.8271844363907008,True,False,False
9944,17.600000381469727,2026-08-10,-0.00845068273409988,-0.00845068273409988,0.04683363950933028,0.049903554187209265,,61.3,-0.02827281476755883,0.4572802935196574,0.9539295205246211,False,False,False
9945,27.25,2026-08-10,0.011131696792865853,0.054158591793826316,0.212371737308912,-0.021338433086360298,,75.0,0.1372652830320229,0.6038437162647896,0.889831553038841,True,True,False
9946,18.200000762939453,2026-08-10,0.022471996799083183,-0.08542707980797326,0.08982035517799436,0.05813953230482882,,67.2,0.014713900901105248,0.2291220740969905,0.8834951663064463,False,False,False
9950,10.5,2026-08-10,0.0,-0.01408447172798788,-0.00943399791235322,0.0,,46.3,-0.08454045218924233,0.5966202604862677,0.7894736728887103,False,False,False
9955,24.549999237060547,2026-08-10,0.07675438853328731,-0.06297715564241024,-0.16354347809275283,-0.35816995458665235,,5.7,-0.23864993236964194,1.3483425320101066,0.6054253933159918,False,False,False
9957,5.96999979019165,2026-08-10,0.0205128012846727,-0.005000034968058231,-0.07727975521080954,-0.11160714634168323,,26.0,-0.15238620948769865,0.5157472499788862,0.6582138909661067,True,False,False
9958,116.0,2026-08-10,0.09952606635071093,0.03164702801069885,0.15504976155809302,-0.13163520659110395,,63.8,0.07994330728120391,0.6900173969633608,0.5945945861390555,True,False,False
9960,30.799999237060547,2026-08-10,-0.021991291714482775,-0.03512873817278983,-0.07911144334227493,0.3783874933643836,,66.1,-0.15421789761916405,0.3707078807319385,0.9130843377990284,False,False,False
9962,10.050000190734863,2026-08-10,0.025510203585134228,0.017206485255548465,0.04253110298861151,-0.1373390111747711,,44.2,-0.0325753512882776,1.0974244553057515,0.8305785019747361,True,True,False
