ticker,last_close,last_date,ret_1w,ret_1m,ret_3m,ret_6m,ret_12m,rs_rating,rs_vs_bench_3m,vol_surge,near_high_pct,new_high_20d,new_high_60d,new_high_250d
1101,24.200000762939453,2026-08-17,-0.014256557433726447,0.02978726650806185,0.034408652469976486,-0.029740729298262103,,46.3,-0.08702025875978703,0.7359480758612224,0.9428508199859463,False,False,False
1102,33.45000076293945,2026-08-17,0.015174506477170668,0.00601506053953238,0.02923079270582929,0.023349435453264178,,50.3,-0.09219811852393422,0.6888688435724923,0.914871815738515,True,False,False
1103,13.149999618530272,2026-08-17,-0.0037878932922233988,0.005637834190073354,0.04802103646563416,-0.026571180740011635,,48.8,-0.07340787476412935,0.6089850677060943,0.9564108390473381,False,False,False
1104,26.75,2026-08-17,0.003752359583532261,0.005639083322523719,0.04102388734466045,-0.04267650499719755,,46.3,-0.08040502388510307,0.6591908092937706,0.8725528885532021,False,False,False
1108,11.800000190734863,2026-08-17,-0.02479340341131675,-0.036734678307358104,-0.0775989835784221,-0.1570110552904873,,17.8,-0.1990278948081856,1.1783915313407765,0.8185938180710325,False,False,False
1109,13.649999618530272,2026-08-17,0.007380031467732806,-0.010869606531259346,-0.003873067824515797,-0.055619875351336945,,37.0,-0.1253019790542793,0.997413170811263,0.90613425479691,False,False,False
1110,16.100000381469727,2026-08-17,-0.012269869015459345,0.02547774376204348,0.15553713555085236,0.0035857136436885373,,66.7,0.03410822432108884,0.8376093743094293,0.9218330298064956,False,False,False
1240,56.79999923706055,2026-08-17,0.03460833621809667,0.03839119643200983,0.032630283605124655,-0.0034516289725072813,,48.3,-0.08879862762463886,1.2507339248292955,0.9582808893622228,True,True,False
1301,59.09999847412109,2026-08-17,0.06294964201535125,-0.058917210316715374,0.29838345594024673,0.27344121359665796,,85.5,0.17695454471048322,0.5577728168631388,0.8927492628183629,False,False,False
1303,200.5,2026-08-17,0.08378378378378382,0.007537688442211143,1.4659487122705643,1.5962372053750142,,98.6,1.3445198010408008,1.2973897030011998,0.8813186813186813,False,False,False
1304,11.850000381469728,2026-08-17,-0.02066115637342103,-0.102272750260743,-0.013608265427222932,0.03316023678423918,,43.2,-0.13503717665698645,0.28682710868895805,0.6566936356406491,False,False,False
1305,11.850000381469728,2026-08-17,0.01282056193589054,-0.05580643707720967,-0.04447618170232914,0.012207462342484598,,35.9,-0.16590509293209266,0.371726120768806,0.6473738317640151,False,False,False
1307,30.5,2026-08-17,-0.012944971633281233,-0.048361911823954995,0.026762184899309593,0.028386778205468755,,50.3,-0.09466672633045392,0.6124375126225655,0.8689043560892158,False,False,False
1308,13.399999618530272,2026-08-17,-0.018315018826859042,-0.053232739539040175,0.033164319674126475,0.010119804603113458,,49.5,-0.08826459155563704,0.4022017837966143,0.7003149766105095,False,False,False
1309,12.699999809265137,2026-08-17,-0.015503861641813055,-0.10902542200798204,-0.17225590701459947,0.038869102203700434,,18.2,-0.293684818244363,0.24713847459922308,0.48415222974665995,False,False,False
1310,8.119999885559082,2026-08-17,0.0049504903750889895,-0.19999998120838702,0.018820589625614614,-0.08661422137537,,38.4,-0.1026083216041489,0.4349833588832259,0.6628571335150271,False,False,False
1312,11.800000190734863,2026-08-17,-0.008403313529497303,-0.08171207467425545,0.12380954197474892,-0.08171207467425545,,57.6,0.0023806307449854014,0.24040245877269964,0.7814569465319665,False,False,False
1313,11.5,2026-08-17,-0.008620722256998614,-0.05737703444335551,0.10476188382112417,0.11004784336634366,,66.9,-0.016667027408639346,0.3715973965849606,0.8041957934693584,False,False,False
1314,7.809999942779541,2026-08-17,0.009043950094492548,-0.09606485735670856,0.12536021302390687,-0.028606967682183515,,61.5,0.00393130179414336,0.3580678905111769,0.7509615605046772,False,False,False
1315,65.9000015258789,2026-08-17,0.023291924913964923,0.03291539677007549,0.08032789386686723,0.06377021421971185,,61.7,-0.041101017362896286,2.217192358577219,1.0,True,True,False
1316,10.800000190734863,2026-08-17,0.07462686425532894,0.07462686425532894,0.03846159489197354,-0.2340425603868591,,29.4,-0.08296731633778998,1.1429826412849988,0.6565349355524899,True,False,False
1319,83.5999984741211,2026-08-17,0.0773195891492311,0.1358695680342461,0.10046705694868985,-0.1923177593446328,,43.5,-0.020961854281073666,0.8849059419412144,0.7655423138569933,False,False,False
1321,31.799999237060547,2026-08-17,-0.012422407341657227,0.0015747791200171335,0.07979621097593936,-0.04647674086891829,,53.0,-0.04163270025382415,0.715275746577628,0.8423840857499483,False,False,False
1323,21.5,2026-08-17,-0.004629647208502563,0.06435639544358973,0.12325433684181575,0.2045623410770454,,73.1,0.0018254256120522339,1.150925255927956,0.9113626029469691,False,False,False
1324,10.199999809265137,2026-08-17,0.014925334893879816,0.0,-0.004878067388767171,-0.037735901680140294,,38.5,-0.12630697861853069,0.3094182091514738,0.7999999850404029,False,False,False
1325,26.100000381469727,2026-08-17,-0.02611936102680268,0.039840636844701294,-0.05263153886553529,-0.13861382710708836,,22.8,-0.1740604500952988,0.5343996362673649,0.729050305522094,False,False,False
1326,59.29999923706055,2026-08-17,0.008503401470877137,-0.10287442351035492,0.3358064508090344,0.47910512703967445,,89.4,0.21437753957927086,0.42691088972318464,0.8270572072669294,False,False,False
1336,18.0,2026-08-17,0.22033898305084754,0.23287668011608686,0.41299450474587407,0.14722749441137162,,86.8,0.29156559351611055,3.9131666584685094,0.9890961533221119,True,True,False
1337,4.670000076293945,2026-08-17,-0.010593160194965812,-0.05846773379489123,-0.031120350627649285,-0.15090907703746448,,24.8,-0.1525492618574128,0.3835947424681537,0.7262830794663606,False,False,False
1338,14.600000381469728,2026-08-17,-0.05501614487306827,-0.10153843806340135,-0.05607168059664758,-0.2453365455097377,,15.0,-0.1775005918264111,0.7695632052785416,0.6435874905022857,False,False,False
1339,45.29999923706055,2026-08-17,0.006666649712456563,0.04377874756637268,0.11990107250046567,0.05717621587359267,,65.6,-0.001527838729297848,1.0312683490246166,0.9741935319797967,False,False,False
1340,5.119999885559082,2026-08-17,-0.026616033694073615,-0.02476192656017484,-0.062271089782497624,-0.21832065092128572,,15.7,-0.18370000101226114,0.5113833606995162,0.5939675120108201,False,False,False
1341,60.400001525878906,2026-08-17,0.02027028289652799,0.030716776427097248,0.058569058611178004,0.0963109290099895,,60.9,-0.06285985261858551,1.2440980847542786,0.982841991936393,False,False,False
1342,101.0,2026-08-17,-0.024154589371980673,-0.12173913043478257,0.09902065639855895,0.12817608320958573,,67.2,-0.022408254831204566,0.30497402089974374,0.8595744680851064,False,False,False
1343,35.099998474121094,2026-08-17,-0.01542785492894172,0.28336372886861727,0.6175113935510523,0.14893614895874996,,91.6,0.4960824823212888,0.501503564261919,0.6370235834145543,False,False,False
1402,27.549999237060547,2026-08-17,0.0110091463141484,-0.005415217391603777,0.10077005177244502,0.02465294672598972,,61.9,-0.02065885945731849,0.43787892023104874,0.9878705206755674,True,False,False
1409,24.399999618530277,2026-08-17,-0.014141429554332285,0.004115242164996369,0.4610777547195457,0.599999974985592,,92.5,0.3396488434897822,0.6142114290128393,0.7697160577691965,False,False,False
1410,25.850000381469727,2026-08-17,0.001938028910378975,-0.028195488317453887,-0.033233866491016006,-0.21047429989596755,,20.5,-0.15466277772077952,0.3263297554518518,0.7237318847351543,False,False,False
1413,9.399999618530272,2026-08-17,0.0,-0.010526355944181942,-0.010526355944181942,-0.05811622748592726,,35.8,-0.13195526717394546,0.22532213369745538,0.796610124287199,False,False,False
1414,20.149999618530277,2026-08-17,0.02025314524203936,0.1010929212348366,0.26729560389718166,0.06720530664869617,,78.6,0.14586669266741814,0.9663730940331308,0.9752929967882291,True,True,False
1416,11.850000381469728,2026-08-17,0.07727276195179344,0.06756756524549723,0.12756669572632484,0.055899341704359395,,66.6,0.006137784496561327,3.5824083832311606,0.9957983833056023,False,False,False
1417,8.279999732971191,2026-08-17,-0.001206300232551638,-0.0238137829633408,0.0304842470975748,-0.018190739393588506,,46.5,-0.09094466413218871,0.5075131014016184,0.9213086384984198,False,False,False
1418,17.850000381469727,2026-08-17,-0.011080269476143823,-0.02724795583682449,-0.008333312140570759,-0.10075566557001325,,33.1,-0.12976222337033427,0.3339479651983123,0.7500000400703507,False,False,False
1419,64.0999984741211,2026-08-17,-0.01384617732121396,-0.0028976525525178376,0.046166039354585076,-0.062468580975411636,,45.2,-0.07526287187517844,0.4761162496200784,0.825920489725926,False,False,False
1423,35.5,2026-08-17,-0.012517406213892301,-0.04054054054054057,-0.054058108960297724,0.015642850750536397,,35.2,-0.17548702019006124,0.05289078299292254,0.855752378072846,False,False,False
1432,15.149999618530272,2026-08-17,-0.009803958845400973,0.013377913833897637,0.04884611204813272,-0.10765707493727017,,41.7,-0.0725827991816308,0.23842778730645195,0.8808138922396862,False,False,False
1434,17.600000381469727,2026-08-17,-0.005649738822560368,-0.08333334989017849,0.1882857489451233,0.035068264257321013,,71.5,0.06685683771535977,0.26222826175001296,0.9025641221266526,False,False,False
1435,24.200000762939453,2026-08-17,-0.01825553194948304,0.056768609871820086,0.8832684859556059,0.12558143083439322,,94.6,0.7618395747258424,1.059555880388048,0.7322239431643567,False,False,False
1436,37.29999923706055,2026-08-17,-0.0013386677136060232,-0.06613195925007254,-0.08942797412582082,-0.30958273480046616,,10.3,-0.21085688535558433,0.4020085152608643,0.515059720872412,False,False,False
1437,31.5,2026-08-17,0.03960398657276887,0.044016861225509185,0.1287165984382157,-0.0031427274885982293,,63.5,0.007287687208452187,1.1754151989469697,0.9332740501102971,True,True,False
1438,22.399999618530277,2026-08-17,-0.00222722239242501,0.0692123533549398,0.08737860212273096,-0.28775837598941045,,33.7,-0.03405030910703255,0.21313251514128911,0.5795601224887894,False,False,False
1439,28.799999237060547,2026-08-17,-0.015384641468015436,0.1469078707405187,0.15141430060256056,-0.018308382035429616,,64.7,0.029985389372797044,1.389474325460671,0.9483332014415148,False,False,False
1440,13.550000190734863,2026-08-17,0.003703717832212128,0.04633207647157289,0.22106826290162296,0.015320557400656742,,73.5,0.09963935167185944,0.5489462929495581,0.8884054877255746,False,False,False
1441,8.930000305175781,2026-08-17,0.004499433105542128,-0.018681326282152355,-0.05402534935142567,-0.10610605507789106,,24.7,-0.17545426058118918,0.326488090277199,0.637857164655413,False,False,False
1442,30.0,2026-08-17,-0.001663868164059168,0.015228452607710441,0.14503813459561954,0.003344494406205545,,65.3,0.023609223365856025,0.36776549306089784,0.488523094014382,False,False,False
1443,25.049999237060547,2026-08-17,-0.03838771705518251,-0.07393715550497493,-0.05471700992224349,-0.08576643847397913,,26.3,-0.176145921152007,0.3486845795703147,0.81862741584245,False,False,False
1444,7.130000114440918,2026-08-17,-0.017906351286842925,-0.12192115579691298,0.2043918957015387,0.11755485682553513,,76.0,0.08296298447177519,0.253784850675851,0.7130000114440918,False,False,False
1445,10.300000190734863,2026-08-17,-0.014354030743357615,-0.0925110269114281,-0.0925110269114281,-0.3074934845481554,,10.0,-0.2139399381411916,0.8363688519834218,0.6504088145020795,False,False,False
1446,13.75,2026-08-17,-0.014336904085998858,-0.017857142857142905,-0.02814879045037999,-0.10335152987995933,,28.9,-0.1495777016801435,0.5294573004945732,0.6739907589174315,False,False,False
1447,6.75,2026-08-17,-0.05857741587515242,-0.17279410217872515,0.1637930651765671,0.22950824798034697,,77.2,0.042364153946803595,0.3699191128143016,0.6756756911561455,False,False,False
1449,12.149999618530272,2026-08-17,-0.05813953660298243,-0.06896556008049459,-0.016194393260063666,0.070484511909501,,46.1,-0.13762330448982718,0.16218906814524262,0.7408536525087507,False,False,False
1451,17.399999618530273,2026-08-17,-0.00571430751255575,0.008695630059726067,0.0419160972222381,0.035821678470556506,,53.6,-0.07951281400752541,0.4798958020738071,0.9802816686495929,False,False,False
1452,11.600000381469728,2026-08-17,0.02202643097776069,0.013100486873651729,0.09415022088131253,-0.0027998055032478764,,59.2,-0.027278690348450985,0.7186805673748172,0.8292507266990495,False,False,False
1453,11.199999809265137,2026-08-17,0.00900895714943828,0.00900895714943828,0.00900895714943828,-0.1450382073951837,,32.4,-0.11241995408032524,0.769645080558454,0.7887323915284438,False,False,False
1454,12.649999618530272,2026-08-17,-0.007843167174096388,0.007968081774949676,-0.038022814791220716,-0.17049182829309695,,22.5,-0.15945172602098423,0.35170813130624673,0.7620481522790344,False,False,False
1455,9.9399995803833,2026-08-17,0.004040400342860462,0.08278858931834954,0.2360349571964797,0.15016021154522896,,79.6,0.1146060459667162,0.7127868362228957,0.903636325489391,False,False,False
1456,13.899999618530272,2026-08-17,-0.02456143027857738,-0.007142884390694881,0.049056574983416645,0.06923073988694406,,57.8,-0.07237233624634687,0.5590709554608636,0.8910255947840372,False,False,False
1457,14.449999809265137,2026-08-17,0.02482265378200843,0.014035074334395548,0.02482265378200843,0.02288666537725037,,49.2,-0.09660625744775508,0.5358787155565967,0.9029000328697326,False,False,False
1459,14.0,2026-08-17,0.0,0.06612680796852244,0.07563750294919758,0.08483081331731923,,62.5,-0.04579140828056594,1.9982660236976761,0.8860759386705334,False,False,False
1460,6.579999923706055,2026-08-17,-0.012012000831672753,-0.06666670273945308,-0.06401141858779014,-0.0030303001841675004,,32.0,-0.18544032981755365,0.2099427438409231,0.7668997648270237,False,False,False
1463,17.649999618530273,2026-08-17,-0.008426945222445026,0.0,-0.005633824308153623,-0.01944446563720703,,40.1,-0.12706273553791714,0.8188600047106058,0.8914141564962274,False,False,False
1464,10.149999618530272,2026-08-17,-0.024038462420187034,-0.019323744499326834,0.03951690362626992,-0.07185994956514186,,43.3,-0.0819120076034936,0.5650015649758952,0.8735436351339815,False,False,False
1465,12.100000381469728,2026-08-17,-0.020242914354489105,-0.03932224955010932,0.03272851526794063,-0.0005852605709241177,,48.5,-0.08870039596182289,1.4913786528057864,0.9078932473356986,False,False,False
1466,16.399999618530273,2026-08-17,-0.035294140086454484,-0.04093571621776115,0.10067114351697959,0.11564624702876913,,66.8,-0.020757767712783926,0.5844203573249482,0.8220550872858152,False,False,False
1467,8.470000267028809,2026-08-17,-0.134831430027337,-0.02643672957226828,0.21870510783861308,0.12334221616457741,,77.4,0.09727619660884956,0.5346680799426221,0.8066666920979818,False,False,False
1468,13.300000190734863,2026-08-17,-0.018450184242133294,-0.02205883693530053,0.10833334922790527,0.027027056882218403,,63.2,-0.01309556200185824,0.8020970204570365,0.8896321311316874,False,False,False
1470,23.350000381469727,2026-08-17,-0.002136719567335188,0.010822510643789585,0.14146858382696692,0.0563591446356797,,67.9,0.020039672597203406,1.5299306374792572,0.9729166825612386,False,False,False
1471,9.449999809265137,2026-08-17,-0.00839453577624738,-0.031762337330622614,-0.059701529361449124,-0.29739777373413556,,12.6,-0.18113044059121264,0.263929199031678,0.6450511983162213,False,False,False
1472,89.19999694824219,2026-08-17,0.003374526627830887,0.00563697877342384,0.0794771845046991,0.0722079072112165,,62.1,-0.04195172672506442,0.7928488633159637,0.9848837526665671,False,False,False
1473,19.950000762939453,2026-08-17,0.0,-0.002499961853027366,-0.007816958377347971,-0.18407294298863974,,26.0,-0.12924586960711149,0.7575078345471842,0.6298604256632173,False,False,False
1474,10.050000190734863,2026-08-17,-0.004950513747167706,-0.014234413059990625,0.03634304719514825,-0.014234413059990625,,48.0,-0.08508586403461527,0.32424915644940366,0.820816700305943,False,False,False
1475,25.399999618530277,2026-08-17,-0.0644567228209314,-0.06959705756881363,-0.026819952211051712,-0.14645167563367067,,26.0,-0.14824886344081523,2.4684418136757893,0.6850271965300379,False,False,False
1476,316.5,2026-08-17,-0.060830860534124676,-0.050974512743628186,0.034225227979711725,-0.1715843006769462,,34.5,-0.08720368325005179,0.8415988149853357,0.7321948374515448,False,False,False
1477,204.5,2026-08-17,-0.05275794478321871,-0.02644570369909771,0.0013701665912768668,-0.30258008865620245,,18.7,-0.12005874463848665,1.0867375261735435,0.6428213067629687,False,False,False
1503,203.5,2026-08-17,0.04092071611253201,0.07436783925006285,0.13584390894665854,-0.059018696821171446,,60.8,0.014414997716895028,0.33148482056080064,0.7777140207337907,False,False,False
1504,71.9000015258789,2026-08-17,0.06994054748628464,0.07634727905879779,0.08925142778150974,-0.1056810803557584,,49.3,-0.032177483448253774,0.5312768883608974,0.6189135791182997,True,False,False
1506,10.149999618530272,2026-08-17,-0.03333336966378364,-0.09777781168619804,0.01499996185302721,-0.1398305547062737,,34.2,-0.1064289493767363,0.6872394927564967,0.6999999736917428,False,False,False
1512,6.690000057220459,2026-08-17,0.018264822286715,-0.008888880411783817,-0.04564909575080289,-0.16374999284744263,,21.9,-0.1670780069805664,0.5288278882289231,0.7295528900283524,False,False,False
1513,171.0,2026-08-17,0.07210031347962387,0.07886435331230279,0.18132934253056376,0.03929262498765418,,71.1,0.05990043130080025,0.6122361285685768,0.9475903138702833,True,False,False
1514,102.0,2026-08-17,0.0,0.0364464067345498,-0.0640021507303522,-0.15685908607743337,,19.7,-0.18543106196011572,0.24407947178491143,0.7106070508434793,False,False,False
1515,34.25,2026-08-17,0.09775638341276749,-0.16361417919686794,0.6042863726021512,0.3109653514716184,,92.4,0.4828574613723877,1.1249371370809547,0.7636566592028449,False,False,False
1516,14.75,2026-08-17,0.0068259647831827586,-0.10060973517742933,-0.32339447173352975,-0.312354336812681,,1.2,-0.44482338296329327,0.678046343656171,0.5784313725490197,False,False,False
1517,11.399999618530272,2026-08-17,-0.033898353028728345,-0.06172839699979549,0.1343282987238128,-0.057851300898424496,,60.7,0.012899387494049286,1.3031421037815916,0.7999999732301944,False,False,False
1519,720.0,2026-08-17,0.07302533532041733,0.2300347755345653,0.028956228486326285,-0.18701039372774686,,32.2,-0.09247268274343723,0.5675627301245562,0.7459932949339908,True,False,False
1521,25.899999618530277,2026-08-17,0.023715430812773386,0.011718720023055296,0.09756519245417716,-0.012191334775478624,,58.9,-0.02386371877558635,0.5364997673757931,0.8980078121512581,True,False,False
1522,28.200000762939453,2026-08-17,0.0,-0.02590673506855712,0.005853916993380892,-0.40181394757944766,,13.8,-0.11557499423638262,0.43362129204243666,0.5562677274825323,False,False,False
1524,27.049999237060547,2026-08-17,-0.003683255354503867,0.01691724996757138,-0.03736658826174222,-0.15382335241557887,,23.8,-0.15879549949150573,0.2588024244376935,0.7929207369438034,False,False,False
1525,67.0,2026-08-17,-0.020467858108880632,-0.014705882352941124,0.2065134346493367,0.1178559038059479,,76.2,0.08508452341957318,0.5332283236729201,0.973837166105884,False,False,False
1526,17.200000762939453,2026-08-17,-0.06010920874211911,-0.002898506496263553,0.1944445290683252,-0.18676117857373797,,60.2,0.0730156178385617,0.9293940885314309,0.730360990240368,False,False,False
1527,32.95000076293945,2026-08-17,0.009188337612259012,0.027796138645140633,0.06263662571078576,0.008261947834832473,,54.9,-0.05879228551897775,0.8185217470764786,0.9281980601174254,True,True,False
1528,19.100000381469727,2026-08-17,0.00526317797209086,-0.05210914426494351,-0.25536059783520026,-0.287313398313192,,3.2,-0.3767895090649638,0.1968820341516246,0.6025236568385065,False,False,False
1529,17.049999237060547,2026-08-17,-0.0058309261629182485,-0.050772380800076844,-0.06234829823397636,-0.20897697000051751,,16.6,-0.18377720946373988,0.3196764937272234,0.6594119702122663,False,False,False
1530,29.049999237060547,2026-08-17,0.06998157072656053,0.07350902327278264,0.1639512253016322,0.09383365038727298,,71.9,0.04252231407186868,0.2459591308662774,0.887594087013157,False,False,False
1531,12.949999809265137,2026-08-17,-0.0038461685180664062,0.003875983892514423,0.052845496622015764,0.06584363916479186,,58.1,-0.06858341460774775,0.554283579949479,0.9664179237256955,False,False,False
1532,22.399999618530277,2026-08-17,0.029885039932426638,0.005364001139590346,0.1273742048225759,-0.05208535876161413,,60.2,0.005945293592812373,0.4801774850252196,0.8235428302472001,False,False,False
1533,31.5,2026-08-17,-0.04833832470935118,-0.044006091938254,-0.08827783804373923,0.019417488313168585,,29.3,-0.20970674927350275,0.5593761287415538,0.7758620981249166,False,False,False
1535,46.0,2026-08-17,-0.010752688172043001,-0.021649092338062226,-0.00775765327491329,-0.006750338142907042,,40.9,-0.1291865645046768,0.42870429987400366,0.8492629866142007,False,False,False
1536,51.400001525878906,2026-08-17,-0.003875909964270341,0.039433786306448226,0.028000030517578045,-0.1736334261187903,,33.1,-0.09342888071218547,0.4859272324130032,0.7050754519892887,False,False,False
1537,127.5,2026-08-17,0.003937007874015741,0.020000000000000018,0.011904761904761862,0.03658536585365857,,48.2,-0.10952414932500165,1.434674983338767,0.9444444444444444,False,False,False
1538,9.199999809265137,2026-08-17,-0.09803921751955846,-0.10243904299852324,-0.25806450868620423,-0.647509591003804,,0.6,-0.37949341991596774,0.11959420754054538,0.33212994786534644,False,False,False
1539,15.949999809265137,2026-08-17,-0.02446486623070243,-0.02147235853849816,0.03571429898433687,-0.13079021919956846,,37.4,-0.08571461224542665,0.5398128744303929,0.7401392284893993,False,False,False
1540,19.200000762939453,2026-08-17,-0.027848062635977056,-0.06826084545938316,-0.027848062635977056,-0.1849635646287079,,23.0,-0.14927697386574057,0.5446848486596361,0.7204339753139575,False,False,False
1541,21.850000381469727,2026-08-17,-0.004555825876715547,-0.006818164478648803,0.07107847010067325,-0.12774446918371718,,44.1,-0.05035044112909026,0.5779396660304444,0.7444633764047525,False,False,False
1558,99.6999969482422,2026-08-17,0.053911189813774296,0.13132554360924975,0.16640542499620903,0.09600839710630305,,72.1,0.044976513766445514,1.302034106585345,1.0,True,True,False
1560,742.0,2026-08-17,0.07848837209302317,0.13109756097560976,0.15989932277583674,0.8375774186290521,,89.5,0.038470411546073224,1.2549713056176681,0.9713591574014658,True,False,False
1563,62.0,2026-08-17,0.09734513274336276,0.016393442622950838,0.41245037109032445,0.40778873634095447,,90.4,0.29102145986056094,0.9128615264733337,0.9011831373266574,False,False,False
1568,29.600000381469727,2026-08-17,0.034965034498667835,-0.023102273043447363,0.10792857049537474,0.2910183571069369,,75.6,-0.013500340734388772,0.28074493831474745,0.5943775268061002,False,False,False
1569,43.25,2026-08-17,0.010514036704696972,-0.009163837615028592,-0.15029472095377916,-0.16826923076923073,,10.7,-0.2717236321835427,0.49989322465059416,0.6295487907020443,False,False,False
1570,33.95000076293945,2026-08-17,0.004437915067004861,-0.11473266978487084,-0.08015654246418469,0.08800227776843239,,36.4,-0.2015854536939482,0.14617795036664544,0.6353298153787726,False,False,False
1580,107.5,2026-08-17,-0.0444444444444444,-0.06521739130434778,-0.05758650342389915,-0.11195654825091506,,24.0,-0.17901541465366266,2.1476312816267376,0.8158703004876147,False,False,False
1582,73.4000015258789,2026-08-17,-0.012113075220898217,0.023709967224460282,-0.35143140088932523,0.12252267725232091,,7.1,-0.47286031211908874,0.1985574457600128,0.635000211211642,False,False,False
1583,49.5,2026-08-17,-0.004024160158335288,0.00405681067007202,0.032325322469203055,0.010204081632652962,,49.4,-0.08910358876056046,0.33063920153295506,0.825,False,False,False
1584,18.100000381469727,2026-08-17,0.005555576748318192,-0.05974023992365052,-0.068977364827709,-0.27648337059964434,,12.7,-0.1904062760574725,0.39149782833094954,0.6562127278098391,False,False,False
1586,19.200000762939453,2026-08-17,0.04918041330057843,0.06666670905219174,-0.15231783283423683,-0.21951217621109853,,8.7,-0.27374674406400035,1.1927452132869114,0.6315789803903853,True,False,False
1587,24.25,2026-08-17,-0.0020575818366401766,-0.03386455651599296,-0.1415929203539823,-0.45627800830372367,,3.6,-0.2630218315837458,0.4694782164733478,0.42693662545293654,False,False,False
1589,5.539999961853027,2026-08-14,0.0,0.0,0.0,-0.6611620897494421,,5.0,-0.12142891122976351,,0.23083333174387613,True,True,False
1590,1465.0,2026-08-17,-0.06687898089171973,0.18216593436014517,0.045762113273758454,0.2359006499526186,,67.4,-0.07566679795600506,0.8897996942440067,0.9184952978056427,False,False,False
1591,35.150001525878906,2026-08-17,0.004285757882254382,0.12841097773141352,-0.1709905598841771,-0.2998007770583806,,5.4,-0.2924194711139406,0.8349005808698976,0.5192024093110622,False,False,False
1593,31.799999237060547,2026-08-17,0.01435403030670468,0.06354513855420785,0.08661792155024295,0.1630353286718047,,67.6,-0.034810989679520565,0.9928412202871216,0.9590518062080474,True,True,False
1594,8.0,2026-08-17,0.02171137649430288,-0.036144600462750365,-0.21182263047627514,-0.055489994357896255,,10.4,-0.33325154170603866,0.031774087808740074,0.5095541463178178,False,False,False
1595,64.0,2026-08-17,0.022364242172588478,0.07563025210084029,-0.26436781609195403,0.5458936628297939,,44.3,-0.38579672732171755,0.3409870999186983,0.6368159203980099,False,False,False
1597,145.0,2026-08-17,-0.02684563758389258,0.1328125,-0.19220055710306405,0.8261964384564908,,72.7,-0.31362946833282757,0.742685330453447,0.6561085972850679,False,False,False
1598,20.0,2026-08-17,-0.017199035622054826,0.007556655700132975,0.02141812629092632,0.013852073411686261,,47.9,-0.1000107849388372,1.0706599016524612,0.8431418697062708,False,False,False
1599,23.350000381469727,2026-08-17,-0.010593220167754547,0.015217407889988044,-0.006382962490649957,-0.10877863734649662,,32.6,-0.12781187372041347,0.3600032917948512,0.717502149788444,False,False,False
1603,30.899999618530277,2026-08-17,0.05641024336855649,0.08231174936142249,0.11953648470843214,-0.17367546807802625,,48.6,-0.0018924265213313696,1.1276786878474796,0.7676449605471075,False,False,False
1604,23.100000381469727,2026-08-17,-0.004310361128499252,-0.008583642151914983,-0.0021597942930646763,0.025170357325877024,,44.8,-0.12358870552282819,0.46023232021439375,0.9590949496677312,False,False,False
1605,38.5,2026-08-17,0.013157894736842035,0.18098165036917147,0.16949768656578912,0.037482642736635485,,70.0,0.048068775336025604,1.2639398304517198,0.8817432203699312,False,False,False
1608,36.34999847412109,2026-08-17,0.016783174101289156,0.20277821097082938,0.23533750914614981,0.12270896976334922,,78.4,0.1139085979163863,1.6506887750881594,0.9565868775930745,False,False,False
1609,37.45000076293945,2026-08-17,0.013531799449960857,0.01766308530855354,0.1300971564463862,-0.035631360681868895,,61.7,0.008668245216622683,0.4228648043105694,0.8063589654797985,False,False,False
1611,12.149999618530272,2026-08-17,0.025316390498152375,-0.004098376353817046,0.08482141298602985,-0.02433212014925812,,56.1,-0.03660749824373366,0.30832640252665483,0.8099999745686848,False,False,False
1612,34.5,2026-08-17,0.047040946924769456,0.11111113841257736,0.03912293302102854,0.03187658785363778,,52.7,-0.08230597820873498,0.8454251527536486,0.9100313501073245,False,False,False
1614,30.700000762939453,2026-08-17,-0.0048622242034191965,-0.02229295745525195,0.03585038476493785,-0.056774130939492795,,44.1,-0.08557852646482567,1.1575784916306813,0.8349663853192049,False,False,False
1615,43.900001525878906,2026-08-17,0.03905329055334694,-0.008837001234892505,0.09154853697244758,-0.03336063212235907,,56.6,-0.029880374257315934,1.3546473978843345,0.9265219076069073,False,False,False
1616,19.200000762939453,2026-08-17,-0.027848062635977056,-0.03030295440608144,-0.010127034121767298,-0.2743280293108231,,19.1,-0.1315559453515308,0.3743088454188022,0.5085133025467063,False,False,False
1617,18.200000762939453,2026-08-17,-0.03957783481817989,-0.12828194647152147,0.31367293184845724,0.15960017910408952,,84.1,0.19224402061869372,0.6158228830039187,0.7035776122618689,False,False,False
1618,39.0,2026-08-17,0.003888840665152493,0.08855430108494322,0.06712604355048168,-0.09043630448468043,,46.7,-0.05430286767928183,0.9966838406451838,0.8115269734503076,False,False,False
1623,206.0,2026-08-17,-0.01904761904761909,-0.05069124423963134,-0.06575963718820865,-0.05677653041676212,,26.7,-0.18718854841797217,0.2573592091649647,0.6311274627821579,False,False,False
1626,9.6899995803833,2026-08-17,0.0031055624684330763,-0.04059413718821714,-0.027108479591321788,-0.12702709483148078,,27.0,-0.1485373908210853,0.6135962012235835,0.7570312059368014,False,False,False
1708,48.79999923706055,2026-08-17,-0.023023053219493717,-0.07047620500837048,0.2777631172056474,0.43635707308309857,,87.0,0.15633420597588388,0.2374890352391149,0.7909238028141584,False,False,False
1709,32.75,2026-08-17,0.19963373315926392,0.25719773355722664,0.7945205479452055,0.9378698662271412,,96.5,0.673091636715442,2.7596971900767895,1.0,True,True,False
1710,15.199999809265137,2026-08-17,0.04827584891483694,-0.07317072177911899,0.2881355562349812,0.1647509262150597,,83.1,0.1667066450052177,0.3850765749887001,0.8063660213082712,False,False,False
1711,39.54999923706055,2026-08-17,0.03942181419386226,0.0,-0.17775466753207148,0.6548117099715947,,65.8,-0.299183578761835,0.8798619629837959,0.6379032135009766,False,False,False
1712,38.95000076293945,2026-08-17,-0.010165126472487573,-0.013924031317988583,-0.04182043540286673,-0.10569125131117885,,26.5,-0.16324934663263024,0.9412975663369132,0.8674832837252786,False,False,False
1713,44.400001525878906,2026-08-17,0.009090943769975102,0.0029300683573469932,0.00931819563380687,-0.005462643991467564,,43.9,-0.11211071559595664,1.317547689751598,0.8902412552597856,False,False,False
1714,17.149999618530273,2026-08-17,0.030030030718050993,0.12091499377337933,0.7735263167756936,0.8641304319657539,,96.4,0.6520974055459301,0.8281154664344008,0.7538461370782538,False,False,False
1717,71.80000305175781,2026-08-17,0.025714329310825956,0.11317834188771791,-0.036241569775062876,0.2160683574477058,,55.8,-0.1576704810048264,1.3356403167309783,0.8407494352327398,False,False,False
1718,10.649999618530272,2026-08-17,0.03902435302734353,-0.21978022592230795,0.635944584345971,0.4936885620744995,,93.9,0.5145156731162075,0.8297536998733458,0.7006578784322471,False,False,False
1721,20.0,2026-08-17,-0.014778288095344094,-0.05882352941176472,-0.30313590702665894,0.08991823347298045,,9.0,-0.42456481825642245,0.29251761165773826,0.5755395683453237,False,False,False
1722,45.5,2026-08-17,-0.013015151713245854,-0.033970244712432374,-0.002192949067264527,-0.013015151713245854,,41.2,-0.12362186029702804,0.6806098088056207,0.8722756997884024,False,False,False
1723,87.0999984741211,2026-08-17,0.009269935041410049,-0.012471638460107903,0.14078721352592316,0.21383477880876667,,75.2,0.019358302296159646,0.6759173880454447,0.9710145087783969,False,False,False
1725,31.100000381469727,2026-08-17,0.006472516679887352,0.06872852143581265,0.055527424597956676,0.16260987331858412,,64.3,-0.06590148663180684,0.16614926044654404,0.7797820732576425,True,False,False
1726,77.5999984741211,2026-08-17,0.003880923810085868,0.010598721289727164,0.05790891728741787,0.07467904710232398,,59.4,-0.06351999394234564,0.506928520034992,0.9897958796404648,False,False,False
1727,82.5999984741211,2026-08-17,0.07973854214537379,0.002427147385177797,-0.05438818661587552,0.8977302007818408,,84.2,-0.17581709784563904,0.5657866639866814,0.7917802791290359,True,False,False
1730,51.29999923706055,2026-08-17,-0.0019455697636119318,-0.0019455697636119318,0.02759242686267349,0.025653645093293598,,50.2,-0.09383648436709002,0.4108934483992494,0.9941860611253507,False,False,False
1732,26.149999618530277,2026-08-17,-0.024253717799790575,-0.007590161671500284,-0.0368324130405322,-0.07269507407614317,,30.6,-0.1582613242702957,0.628334041880775,0.7829340845469362,False,False,False
1735,20.649999618530277,2026-08-17,0.007317054562452574,0.03249998092651385,-0.14500782768726894,0.10948072346457782,,27.1,-0.26643673891703246,0.3044922990304858,0.6702383460348825,True,False,False
1736,131.5,2026-08-17,-0.05734767025089604,0.08107256446493594,0.08972115263578528,-0.06381343237940551,,53.4,-0.03170775859397823,1.3739919833938719,0.7443450658156692,False,False,False
1742,17.5,2026-08-17,-0.019607864089071114,0.08024686270599068,0.15894036807280343,0.054216843243866775,,69.6,0.037511456843039914,1.2726147421796354,0.9459459459459459,False,False,False
1773,157.5,2026-08-17,-0.02777777777777779,-0.09742120343839544,-0.029330580856392507,0.13074477461941414,,49.2,-0.15075949208615602,0.5636848054074386,0.8263134438845007,False,False,False
1776,17.100000381469727,2026-08-17,0.005882375380572125,-0.04999997880723739,-0.0002948270673103215,0.16413047345476217,,57.4,-0.12172373829707384,0.35348551017064955,0.836185806528635,False,False,False
1785,105.0,2026-08-17,-0.11392405063291144,-0.023255813953488413,-0.25339303920682554,0.7416768772885314,,62.4,-0.37482195043658906,0.5784581967388212,0.5771069858805338,False,False,False
1802,58.79999923706055,2026-08-17,0.07495426722002785,0.038869272477902284,-0.09954063569561034,0.10734465022098671,,35.3,-0.22096954692537385,0.4408110814899005,0.7676240262188232,True,False,False
1805,9.960000038146973,2026-08-17,-0.0030029763421940414,-0.023529389765297948,-0.023529389765297948,-0.16302518004810673,,25.2,-0.14495830099506146,0.34826702925590036,0.7661538490882287,False,False,False
1806,7.860000133514404,2026-08-17,-0.022388038456798376,-0.028730944056211905,-0.009497961052843396,-0.10976006382398196,,32.2,-0.1309268722826069,0.7597502032242146,0.7550241609710266,False,False,False
1808,33.0,2026-08-17,-0.010494707350367172,0.02484469621445795,0.139896343016515,0.026438520490796646,,66.2,0.018467431786751476,0.6933189074904031,0.7675757345061226,False,False,False
1809,39.34999847412109,2026-08-17,-0.04024393965558326,-0.008823988087476975,0.03387688371397468,0.5288603465639654,,78.5,-0.08755202751578883,0.4059715599061044,0.6643873268379189,False,False,False
1810,26.200000762939453,2026-08-17,0.06288037194304796,-0.034990750237154145,0.42234464128897464,0.39976784574979485,,90.5,0.30091573005921113,1.0633115802156285,0.7672035019701263,False,False,False
1815,96.5,2026-08-17,0.08305276826719843,0.18404907975460127,-0.05392156862745101,-0.005154639175257714,,33.8,-0.17535047985721453,0.28754798968190276,0.7598425196850394,True,False,False
1817,40.0,2026-08-17,0.04166662527455389,0.03626947101610711,0.05797099402110617,0.0920990977113616,,60.5,-0.06345791720865734,2.3940945866753984,1.0,True,True,False
2002,18.850000381469727,2026-08-17,-0.04071243015730841,0.01872431820414433,0.04391247377102081,-0.09311659640943937,,41.8,-0.0775164374587427,0.7558415179769887,0.894080439139236,False,False,False
2006,80.0,2026-08-17,-0.06868453342345315,0.1396011891422626,0.2195122234882314,0.1902612470967846,,79.9,0.09808331225846789,0.726931061347376,0.903954802259887,False,False,False
2007,7.039999961853027,2026-08-17,-0.018131117581258516,-0.01123594452133514,0.023255791388182345,-0.1717647103702321,,32.4,-0.09817311984158117,0.49940331104072283,0.7796234961279026,False,False,False
2008,31.100000381469727,2026-08-17,-0.006389739950984241,0.001610342854678759,0.1595672551350531,0.08343402194063665,,71.3,0.038138343905289585,0.6529866750475003,0.9936102600490158,False,False,False
2009,39.400001525878906,2026-08-17,-0.006305169996950188,0.07658282360080615,0.06081395658154598,-0.14703287513780183,,40.6,-0.060614954648217534,1.1031771754011868,0.7255657895975445,False,False,False
2010,22.799999237060547,2026-08-17,-0.025641042361154387,0.09090907431623596,0.1091929716208433,0.10427419940400906,,67.1,-0.012235939608920221,0.8252030265817017,0.965169878552866,False,False,False
2012,15.199999809265137,2026-08-17,-0.0032787010317942844,-0.01618122997322491,0.044673512715428076,-0.11370261531424153,,40.8,-0.07675539851433544,0.4477058729189395,0.8448179118186216,False,False,False
2013,41.150001525878906,2026-08-17,-0.0048366857466113355,0.0160494203920718,0.04000097181701734,0.04124496582071835,,53.7,-0.08142793941274618,0.6479482767855381,0.9639875487624766,False,False,False
2014,17.100000381469727,2026-08-17,-0.04735377968477217,0.002932618571647616,0.002932618571647616,-0.11855666403537779,,33.8,-0.1184962926581159,0.4590835561343167,0.8571428434847937,False,False,False
2015,63.20000076293945,2026-08-17,-0.040971179065590224,-0.007849293469567753,0.006369451126407855,0.0048187629718956515,,44.4,-0.11505946010335566,0.6992452747665298,0.9421066338974126,False,False,False
2017,8.729999542236328,2026-08-17,-0.042763196076383014,-0.020202054798919233,0.027058769674862093,-0.01689195611165073,,46.0,-0.09437014155490142,0.5375023035162159,0.8046082244518569,False,False,False
2020,21.700000762939453,2026-08-17,-0.002298815497036588,0.023584904811610574,0.023584904811610574,-0.04209807636592622,,43.1,-0.09784400641815294,0.926624119451096,0.9130002169138385,False,False,False
2022,7.610000133514404,2026-08-17,-0.03792663965674481,-0.0013123034376455456,0.0026350435473567746,-0.1362088795626305,,32.0,-0.11879386768240674,0.5680319535296839,0.7749491211822919,False,False,False
2023,13.75,2026-08-17,-0.010791339758765561,0.011029383406095272,0.011029383406095272,-0.07407409785944119,,38.1,-0.11039952782366824,0.3800812489726241,0.8487653921261356,False,False,False
2024,13.5,2026-08-17,-0.02173914395568488,-0.0357142857142857,-0.025270784969652627,-0.16149070309726166,,25.1,-0.14669969619941614,1.1354956788761803,0.6994818929358722,False,False,False
2025,12.699999809265137,2026-08-17,-0.011673195933978309,0.09956706489518297,0.07627115287989028,0.003952584367008516,,56.8,-0.045157758349873234,1.2582295103465309,0.830065336662924,False,False,False
2027,50.0,2026-08-17,0.05708246948181661,0.2300122539520355,0.2993420514579981,0.33608435908123435,,86.1,0.17791314022823457,1.534752134078209,0.9920634620283986,False,False,False
2028,15.550000190734863,2026-08-17,-0.01269840058826266,0.006472516679887352,-0.07105618001597036,-0.1862739980285355,,16.8,-0.19248509124573387,0.7507838051925904,0.769955870051861,False,False,False
2029,21.600000381469727,2026-08-17,0.018867905855434186,0.056234698074650646,0.08737674184140087,0.03427231963582167,,60.5,-0.03405216938836264,1.414003535318437,0.9584850773902096,True,True,False
2030,20.549999237060547,2026-08-17,0.004889900752586662,0.1913043035977129,0.2569115964748998,0.22058467336746035,,82.8,0.1354826852451363,2.5696405152519373,0.9448275511292206,False,False,False
2031,44.150001525878906,2026-08-17,-0.050537601594002,0.12198229321189391,0.22937444087515702,0.18292454079830445,,80.4,0.1079455296453935,1.4844617727326337,0.949462398405998,False,False,False
2032,16.700000762939453,2026-08-17,-0.06442574756043706,0.0569620608443,0.02769235464242792,0.01510682110055428,,48.9,-0.0937365565873356,0.9502565196108297,0.8954424184731166,False,False,False
2033,21.950000762939453,2026-08-17,0.1737967843531325,0.5034246705087981,0.4633333841959635,0.3143712431229806,,90.5,0.34190447296619997,6.352598367777541,0.971238955417752,False,False,False
2034,19.950000762939453,2026-08-17,-0.019656000542118135,0.017857161972334668,0.06939422424350372,-0.05371889237240812,,50.7,-0.05203468698625979,0.7662669515031232,0.9253919461571918,False,False,False
2035,27.149999618530277,2026-08-17,0.005555541427047395,0.0,-0.044014085098240896,-0.08585862218532814,,27.7,-0.1654429963280044,1.3864733039463732,0.8901639219190255,True,False,False
2038,12.600000381469728,2026-08-17,-0.04182503825213146,-0.003952508977731695,-0.05617977367558924,-0.21249997615814198,,17.1,-0.17760868490535275,0.4488710956527938,0.7590361501156877,False,False,False
2049,381.5,2026-08-17,-0.014211886304909549,0.24673202614379086,0.020552458764788728,0.5988654839241077,,80.4,-0.10087645246497479,1.5346934697041494,0.9370640514909567,False,False,False
2059,13750.0,2026-08-17,0.15497690046199075,0.7427122940430926,2.0898876404494384,3.4715447154471546,,98.9,1.968458729219675,0.49527847156405397,1.0,True,True,False
2061,51.59999847412109,2026-08-17,-0.13277313488872122,-0.0899471291039533,1.377880030412101,1.737400394158393,,98.5,1.2564511191823375,1.2452272634001316,0.6216867286038685,False,False,False
2062,18.799999237060547,2026-08-17,0.00266662597656242,0.0,0.0,-0.1512415548155216,,29.9,-0.12142891122976351,0.3974092985583264,0.7821611394400262,False,False,False
2063,24.649999618530277,2026-08-17,0.002032489279886862,0.02070393407444815,-0.025691685301639122,-0.06628787974571282,,33.0,-0.14712059653140264,1.0977462233959672,0.8370118499131041,True,False,False
2064,12.350000381469728,2026-08-17,0.037815191375193846,-0.04633200282876726,-0.042635601032925186,0.02489628099471175,,37.2,-0.1640645122626887,0.777651347204947,0.8019480965836786,False,False,False
2065,36.29999923706055,2026-08-17,0.029787212398880714,0.14873413920421674,0.08358206677792679,0.1562973388334199,,67.1,-0.037846844451836725,2.072126857843893,0.9679999796549479,False,False,False
2066,58.0,2026-08-17,-0.1021671614553531,-0.07348240553109164,0.005199293467830213,0.12185684998242063,,54.7,-0.1162296177619333,1.1272986880323177,0.7945205479452054,False,False,False
2067,6.0,2026-08-17,-0.07407407679948075,-0.10846954190261426,-0.12408757904620171,-0.4366196981302788,,4.4,-0.24551649027596523,1.136679687902619,0.508474568052218,False,False,False
2069,19.850000381469727,2026-08-17,-0.00501255025791747,0.06434320576324049,0.08784133813328654,0.05221929633436084,,62.0,-0.033587573096476975,1.421380371403604,0.9826732490965117,False,False,False
2070,60.900001525878906,2026-08-17,0.03220341569286278,0.13619409066368493,-0.073059294449354,0.5248702870185962,,70.1,-0.1944882056791175,0.311988901424821,0.7390776747346587,False,False,False
2071,33.70000076293945,2026-08-17,-0.05734263600169365,-0.028818443170411268,0.6724566452074952,1.202614401491771,,96.7,0.5510277339777316,0.1051612353580147,0.9322268143976271,False,False,False
2072,151.5,2026-08-17,-0.016233766233766267,0.08602150537634401,-0.13180515759312317,-0.47280822072009887,,3.7,-0.2532340688228867,0.5679627547586702,0.505190196626558,False,False,False
2073,25.5,2026-08-17,-0.05027934310203652,-0.027370355456469042,0.006823616858081971,-0.012464170523378892,,42.5,-0.11460529437168154,0.5842403807080175,0.8903172548487379,False,False,False
2101,31.899999618530277,2026-08-17,-0.06997083591585362,-0.06176471710205067,0.06333332061767583,-0.07667381708402088,,47.3,-0.05809559061208769,1.610256685946228,0.7161099078503602,False,False,False
2102,18.75,2026-08-17,0.005361950858720821,0.013513513513513598,0.04748605584269372,-0.06483786965226512,,45.2,-0.0739428553870698,0.5257554035245421,0.8907363743267421,False,False,False
2103,27.5,2026-08-17,0.0,0.17021276595744683,0.37558535211955624,0.8632511095018904,,93.0,0.2541564408897927,2.117841438082046,0.9598603967245264,False,False,False
2104,10.399999618530272,2026-08-17,-0.004784707334686611,-0.01886799582470633,0.03999996185302712,-0.07142858967489174,,43.4,-0.08142894937673639,0.6599373386497469,0.7591240703154524,False,False,False
2105,30.75,2026-08-17,-0.029968477604899624,-0.0848213870103649,0.002210390345224633,0.0752191257060566,,50.0,-0.11921852088453888,0.46728095588966806,0.8128064184551558,False,False,False
2106,17.549999237060547,2026-08-17,-0.04359679170454078,-0.030386802918095812,0.080903530995031,-0.06358738815973997,,51.6,-0.04052538023473251,1.438643057080704,0.8471267902321179,False,False,False
2107,25.75,2026-08-17,0.011787788922089426,0.00194549554771406,0.07679685935950897,0.09412960822046923,,63.3,-0.04463205187025454,0.7454867751582709,0.9884837141709492,False,False,False
2108,29.5,2026-08-17,-0.01172530576203945,0.06306306306306309,0.08856087028586646,0.2769854005106622,,73.4,-0.03286804094389706,0.9651833137450658,0.917573828923591,False,False,False
2109,14.649999618530272,2026-08-17,0.0034246051886410722,0.0034246051886410722,0.04642854418073372,0.0236486263613791,,53.5,-0.07500036704902979,0.5867743722275311,0.9071855608466445,False,False,False
2114,88.4000015258789,2026-08-17,0.004545471884987551,0.006833695367497894,0.052987703049809376,0.04241079501381595,,56.4,-0.06844120817995414,0.3915075169002304,0.9767955969710377,True,False,False
2115,23.200000762939453,2026-08-17,0.015317303090881307,0.06912442153282261,0.2279047483293768,0.012833911563110645,,73.9,0.10647583709961328,0.7329105145649714,0.9108085469888348,True,True,False
2201,28.75,2026-08-17,0.04355719768315636,-0.0017360846661483853,0.07677899544879474,-0.07407405132285227,,50.0,-0.044649915780968774,0.8750746145272543,0.6632064823984495,True,False,False
2204,52.59999847412109,2026-08-17,0.01544400094292242,0.0008639116339324016,0.0817029793721531,0.004438424562516641,,57.9,-0.03972593185761042,0.7112517220934396,0.8788836535031885,False,False,False
2206,61.79999923706055,2026-08-17,-0.014354091147170678,0.022148390049149258,0.10573119683524901,0.08539170077449687,,65.5,-0.015697714394514506,0.56630583248006,0.9537036470152468,False,False,False
2207,515.0,2026-08-17,0.0019455252918287869,0.05967078189300401,0.14607951353123338,0.02469129355593158,,66.7,0.02465060230146987,0.33881498202576865,0.8646348842654621,False,False,False
2208,19.549999237060547,2026-08-17,0.028947328266344607,-0.017587959204975023,0.07417573722689541,-0.09490745871318784,,47.6,-0.047253174002868104,0.8943861469545447,0.6649659690722766,False,False,False
2211,81.0,2026-08-17,-0.07954545454545459,-0.07639677515834253,-0.06246317612866492,-0.15118608770624253,,20.6,-0.18389208735842844,2.1737087858447204,0.7190365448639986,False,False,False
2221,54.0,2026-08-17,0.1020408163265305,0.02661599936296022,0.3431914034389887,0.837468199783566,,92.5,0.22176249220922517,0.6594374188991248,0.9246575100870652,True,False,False
2227,48.75,2026-08-17,-0.006116192491882444,-0.026946078148453845,-0.0030675157709253442,-0.08364662968274694,,35.4,-0.12449642700068886,0.72558118958252,0.8319112844606806,False,False,False
2228,77.80000305175781,2026-08-17,0.034574550651978564,-0.006385695791984669,0.016322105494799954,-0.1444281285033897,,33.9,-0.10510680573496356,0.8628226618562423,0.6604052929556243,False,False,False
2230,24.799999237060547,2026-08-17,-0.08487088974293377,0.12984047266791232,-0.12394805112203389,-0.7083179554851338,,1.3,-0.2453769623517974,0.6463215960653976,0.23633028311339674,False,False,False
2231,98.0,2026-08-17,-0.005224696651002114,-0.10061406541045392,-0.06206900177486874,0.09061738608892811,,39.8,-0.18349791300463225,0.4623269363800175,0.6676797126572706,False,False,False
2233,196.0,2026-08-17,-0.041564792176039145,-0.08320592603970023,-0.41082497628861814,-0.21443332573965723,,0.9,-0.5322538875183817,0.4547335720115946,0.5250838985982998,False,False,False
2235,27.299999237060547,2026-08-14,-0.014440487901143939,-0.017985612004386087,-0.01817153366937474,-0.18018027822314397,,24.6,-0.13960044489913825,0.4956408074849184,0.7132837852505333,False,False,False
2236,122.5,2026-08-17,-0.1058394160583942,-0.23913043478260865,-0.07196969696969702,0.07929515418502198,,36.9,-0.19339860819946053,1.3783790658734105,0.6639566395663956,False,False,False
2237,27.100000381469727,2026-08-17,0.003703717832212128,-0.3190954547497822,-0.25344349997115334,-0.15576318786065824,,4.9,-0.37487241120091686,1.5896968649739176,0.6467780285098992,False,False,False
2239,19.299999237060547,2026-08-17,-0.01025644938151038,-0.027707865684607924,-0.10023316780452529,-0.3094812626033432,,9.3,-0.2216620790342888,0.8485670317791913,0.5000000000000001,False,False,False
2241,32.0,2026-08-17,-0.01840486203081859,-0.12448698582863416,-0.04047971621853785,0.04746320128153858,,39.8,-0.16190862744830137,0.13309007734968925,0.6201550570984792,False,False,False
2243,40.0,2026-08-17,-0.014778288095343983,-0.23076923076923073,0.851851819146972,2.4188034745371807,,98.3,0.7304229079172084,0.2082437708323765,0.6060606060606061,False,False,False
2245,25.049999237060547,2026-08-17,0.052521010086989506,0.08134410466204911,0.05744695600867877,0.021696976391943457,,55.2,-0.06398195522108474,0.030406531680284815,0.8833749144768296,False,False,False
2247,223.5,2026-08-17,-0.02614379084967322,-0.0022321428571429047,0.12132607008609475,-0.1455577953398226,,51.2,-0.00010284114366876373,0.5508660737594039,0.7609211037335759,False,False,False
2248,59.5,2026-08-17,-0.040322580645161255,-0.04800000000000004,0.14400400757214027,0.3194501027978056,,78.9,0.022575096342376755,0.8305881330271574,0.9015151515151515,False,False,False
2249,88.0999984741211,2026-08-17,-0.11010102551392831,-0.12695250598188856,-0.2850634830851284,-0.27651843225234396,,2.5,-0.4064923943148919,4.29639481035905,0.6532153514143405,False,False,False
2250,60.5,2026-08-17,0.004983375967749781,-0.021035586619893576,-0.03354630232122491,-0.17574933593605857,,22.9,-0.15497521355098842,0.34592653780574467,0.5960591133004927,False,False,False
2252,18.049999237060547,2026-08-17,0.019773924239253393,0.019773924239253393,-0.0027624941080316434,0.14240500121291677,,55.3,-0.12419140533779516,0.2962312415432887,0.6344463533573425,True,False,False
2254,59.29999923706055,2026-08-17,-0.02306427526000432,0.011945405821957467,0.006791132441752001,0.0,,43.9,-0.11463777878801151,0.45314741895463617,0.6887340335422216,False,False,False
2255,14.550000190734863,2026-08-17,-0.026755827667795495,-0.12874254335220503,-0.28850857467432844,-0.2971014659678338,,2.1,-0.40993748590409196,1.1574328561430354,0.4833887045294587,False,False,False
2256,83.80000305175781,2026-08-17,-0.12251305704965643,0.3943428482421991,0.2359881899678642,1.3310153344460152,,94.2,0.11455927873810068,2.169559839287388,0.8533605463951885,False,False,False
2258,31.600000381469727,2026-08-17,0.04635760209146467,-0.015576265308998805,0.17472122043086635,-0.17493469945314366,,58.3,0.05329230920110284,0.569522825410825,0.7264367903786144,False,False,False
2301,263.5,2026-08-17,-0.029465930018416242,0.3409669211195929,0.27602905569007263,0.5460146250975841,,88.6,0.15460014446030912,1.0933223342332767,0.9705340699815838,False,False,False
2302,43.20000076293945,2026-08-17,0.016470606186810732,0.07196033699206672,0.7372581084346128,1.2606917329375937,,97.1,0.6158291972048493,0.7231456330419752,0.7797833857957479,False,False,False
2303,121.5,2026-08-17,-0.012195121951219523,-0.15625,0.09362289407048596,0.9996664972365479,,89.8,-0.027806017159277552,0.47602541832692213,0.6923214766558919,False,False,False
2305,28.549999237060547,2026-08-17,-0.017211704410722506,-0.11197518251812721,0.7408536525087508,1.0992645909010776,,96.8,0.6194247412789873,0.9867151844427441,0.6694020683618769,False,False,False
2308,1885.0,2026-08-17,0.038567493112947604,0.08333333333333326,-0.010518723604831859,0.5659972590342446,,76.7,-0.13194763483459537,1.1066812505083268,0.7519272801429108,True,False,False
2312,33.04999923706055,2026-08-17,0.016923053448016923,0.0559105444938135,0.2112585970142491,0.2903042719238389,,82.3,0.08982968578448558,0.40771501824687145,0.7744798479549028,False,False,False
2313,211.0,2026-08-17,-0.018604651162790753,-0.004716981132075526,-0.1675635202475766,0.10991528406466333,,24.3,-0.2889924314773401,0.45966597721945923,0.7139154095619807,False,False,False
2314,11.100000381469728,2026-08-17,-0.07883815719734022,-0.13281248311977845,-0.16541351712142938,-0.4825174831393053,,2.9,-0.2868424283511929,0.6863412110411896,0.39610943233179235,False,False,False
2316,167.0,2026-08-17,0.021406727828746197,0.047021943573667624,0.21310325204865088,0.7049681591372492,,89.1,0.09167434081888737,0.6447296950253218,0.719067626315987,False,False,False
2317,255.0,2026-08-17,-0.03591682419659736,0.08974358974358965,0.07181152892878684,0.19905850006475423,,68.2,-0.049617382300976676,0.7696710529720832,0.8498181999029139,False,False,False
2321,15.300000190734863,2026-08-17,0.0,-0.06990884613181603,0.20472444256045796,-0.046728914764923135,,69.4,0.08329553133069445,2.051932700934142,0.7611940248936511,False,False,False
2323,11.699999809265137,2026-08-17,0.1414633960258671,0.1414633960258671,0.23809524290085338,0.09345794559118592,,77.8,0.11666633167108986,1.1129777987636145,0.8931297304246704,True,False,False
2324,41.650001525878906,2026-08-17,0.14738298626067925,0.15694448682996964,0.4982015348530924,0.3340672661659754,,91.2,0.37677262362332886,2.015596054863172,0.8852285271254978,False,False,False
2327,608.0,2026-08-17,0.061082024432809856,-0.1301859799713877,0.23211777602209072,1.2934925893262217,,93.8,0.1106888647923272,1.1336679124637565,0.5333333333333333,False,False,False
2328,45.400001525878906,2026-08-17,-0.0350690273737978,-0.01731600051622262,-0.08589086779374144,-0.12231651711220315,,19.1,-0.20731977902350496,0.27316326041427075,0.7460309659563537,False,False,False
2329,44.20000076293945,2026-08-17,-0.014492703083517133,-0.021040990716133967,-0.12173545319733592,-0.1687274923399702,,12.8,-0.24316436442709943,0.37826121078622665,0.6445632129237907,False,False,False
2330,2400.0,2026-08-17,0.008403361344537785,0.048034934497816595,0.09133914964937029,0.3525233405691992,,76.5,-0.030089761580393226,0.542463971154819,0.9561752988047809,False,False,False
2331,19.799999237060547,2026-08-17,-0.007518873190098363,0.02061853744307318,0.04485479893929267,-0.27472528240288485,,26.8,-0.07657411229047084,1.1317940529835855,0.6611017940794627,False,False,False
2332,22.0,2026-08-17,-0.06779662523760033,0.07317073170731714,0.5884476096790847,0.375,,92.8,0.4670186984493212,0.9460615303197842,0.8477841754601929,False,False,False
2337,129.5,2026-08-17,-0.029962546816479363,0.03600000000000003,-0.10069444444444442,0.4437012754272758,,63.0,-0.22212335567420793,1.0993223338431803,0.6981132075471698,False,False,False
2338,39.400001525878906,2026-08-17,-0.01745628366280183,-0.08796294374884595,-0.19013360143636482,0.05685524070441361,,17.3,-0.31156251266612833,0.225094487738052,0.6804836008211284,False,False,False
2340,31.450000762939453,2026-08-17,-0.014106547365894784,-0.030816640261595363,-0.07363770084886279,0.2285156364960128,,50.2,-0.1950666120786263,0.3679677776497474,0.7221584687463293,False,False,False
2342,40.400001525878906,2026-08-17,0.08894887297797927,-0.044917204384178455,0.047989684187589754,0.24499231359091378,,68.0,-0.07343922704217376,0.409842156841474,0.6824324494125721,False,False,False
2344,181.5,2026-08-17,0.011142061281337101,0.1709677419354838,0.5446808510638297,0.6815691933756987,,94.0,0.42325193983406617,1.0123628981249098,0.8175675675675675,False,False,False
2345,2290.0,2026-08-17,0.05773672055427248,0.10436679731697862,-0.03425667383264552,0.9477861879876233,,85.6,-0.15568558506240904,0.9531946667675759,0.8393188015361048,False,False,False
2347,88.80000305175781,2026-08-17,-0.033732300572901885,0.04103165152146926,0.12999031092419022,0.4082206945948832,,81.3,0.008561399694426708,0.5395227521678223,0.9145211580556782,False,False,False
2348,70.4000015258789,2026-08-17,-0.009845245615539233,0.019642958566830737,0.14434750580391698,0.019642958566830737,,66.4,0.02291859457415346,0.41024580504230507,0.7610731881448524,False,False,False
2349,11.600000381469728,2026-08-17,0.04504504349699823,0.031111145019531383,-0.0569105527162852,-0.19999997369174283,,17.7,-0.17833946394604872,0.4734294191177406,0.7116564984307084,True,False,False
2351,170.0,2026-08-17,0.008902077151335286,-0.007971138958141388,-0.013688870128630737,0.9423947808182518,,85.9,-0.13511778135839425,0.26974548053998093,0.7472706403204007,False,False,False
2352,29.0,2026-08-17,-0.02027028289652799,-0.013605429378242717,0.19706167685216291,0.1645202098630678,,77.3,0.0756327656223994,0.5374101382645324,0.7841086859634901,False,False,False
2353,31.450000762939453,2026-08-17,0.01451615364320813,0.0625000120820225,0.1725177505811617,0.20732343264433295,,77.0,0.051088839351398185,0.6402519139454957,0.7497089163796145,False,False,False
2354,61.70000076293945,2026-08-17,-0.02218696901800732,0.14259260672110097,0.09930511330309755,0.09740323579661658,,65.5,-0.022123797926665967,1.1959503265054352,0.8665287909752301,False,False,False
2355,42.34999847412109,2026-08-17,0.00713434583837369,-0.000699397132273849,-0.31593619765872416,-0.008693776256989416,,5.4,-0.4373651088884877,0.2468009667443998,0.6473081357069873,False,False,False
2356,66.69999694824219,2026-08-17,0.010606014367305905,0.1401708880041399,0.3319549361316898,0.537099832171769,,89.9,0.2105260249019263,0.8552518040070787,0.8063474401599026,False,False,False
2357,938.0,2026-08-17,0.1466992665036675,0.3400000000000001,0.5543183375717173,0.9877934862549316,,95.4,0.4328894263419538,1.1290938883935064,0.9417670682730924,False,False,False
2359,175.0,2026-08-17,0.14006514657980462,0.24113475177304955,0.30568973702456015,0.37709462308356545,,86.9,0.18426082579479663,2.0685509432475695,1.0,True,True,False
2360,2360.0,2026-08-17,0.16256157635467972,0.27567567567567575,0.15813184961428095,1.3106416260467322,,93.1,0.036702938384517436,0.8193370896953028,0.9066517899098296,True,False,False
2362,48.5,2026-08-17,0.036324803219082824,0.2004950041631186,0.3151633539624803,0.33419859414706465,,86.6,0.19373444273271678,1.0205032167076182,0.9491194021182247,False,False,False
2363,53.09999847412109,2026-08-17,-0.016666694923683556,-0.06349210300489838,-0.1223140748079159,0.0391389444172463,,25.6,-0.2437429860376794,0.3686978803950971,0.6977660911803896,False,False,False
2364,88.0999984741211,2026-08-17,0.15768725677544881,0.31296572991874516,0.34298781285606506,0.4073482527406409,,88.6,0.22155890162630154,2.28906732415628,1.0,True,True,False
2365,31.25,2026-08-17,0.0,0.0539629140659339,-0.12024118622245294,-0.16118747265437372,,13.2,-0.24167009745221646,0.37222088258741126,0.6233073424113624,True,False,False
2367,43.45000076293945,2026-08-17,-0.018079078803628135,-0.024760718622429678,-0.3097832482643318,-0.2657021689079633,,2.0,-0.4312121594940953,0.32786430103211217,0.5587048996714232,False,False,False
2368,1010.0,2026-08-17,0.09071274298056164,0.08953613807982741,-0.20844532144950234,0.27622049984089503,,31.2,-0.32987423267926586,1.8384164879477103,0.6803663883255433,False,False,False
2369,32.54999923706055,2026-08-17,-0.031249978712625914,-0.09331482302036875,0.14210523638808947,0.24474186278745247,,76.1,0.02067632515832596,0.2166086086640462,0.7306397260268108,False,False,False
2371,27.450000762939453,2026-08-17,0.024253788969517798,0.05374286245226312,-0.03345066437856481,-0.28608582007110117,,15.2,-0.15487957560832832,0.6616922910617468,0.6339492204758505,True,False,False
2373,53.400001525878906,2026-08-17,0.0,-0.016574543716887935,0.01757926961621048,0.036047154407882864,,49.1,-0.10384964161355303,0.5983624983731468,0.9708537006311854,False,False,False
2374,70.9000015258789,2026-08-17,-0.020718231607548154,0.047267425729474954,-0.11264079885010991,-0.11706103572399718,,15.8,-0.23406971007987343,0.40862501325348116,0.7466547186978053,False,False,False
2375,128.0,2026-08-17,0.032258064516129004,-0.12958969894058991,0.27345734473785455,0.49948876644706264,,87.8,0.15202843350809103,0.7288821050249746,0.5559394759132557,False,False,False
2376,358.0,2026-08-17,0.024320457796852546,0.14227335196267288,0.2171765167543367,0.621130208567253,,87.9,0.09574760552457318,1.484726457358515,0.9006289308176101,False,False,False
2377,149.5,2026-08-17,-0.03548387096774197,0.05653710247349819,0.3408071748878925,0.6501104030669829,,91.3,0.21937826365812896,1.2697974087754453,0.8846153846153846,False,False,False
2379,717.0,2026-08-17,-0.05408970976253302,-0.0013927576601671099,0.2918918918918918,0.5063025210084033,,88.5,0.17046298066212828,0.40954497240098764,0.7966666666666666,False,False,False
2380,19.600000381469727,2026-08-17,0.02617800994837083,0.042553254089081616,-0.0949913238089426,0.09515193834436686,,35.0,-0.2164202350387061,0.5782808391300944,0.7744288423891976,False,False,False
2382,333.5,2026-08-17,0.06379585326953752,0.02457757296466978,0.19909691328331003,0.250856376746019,,80.5,0.07766800205354651,0.8085958027976583,0.8339042829808219,False,False,False
2383,6350.0,2026-08-17,0.2003780718336483,0.41268075639599555,0.40022050716648283,2.1127450980392157,,97.3,0.2787915959367193,0.9583956092384607,1.0,True,True,False
2385,107.0,2026-08-17,0.03883495145631066,0.04390243902439028,-0.09431449332106612,-0.04442498959406249,,23.4,-0.21574340455082963,0.6691876400633414,0.7696781354879434,False,False,False
2387,36.400001525878906,2026-08-17,-0.030625771892070608,-0.044619344260522276,-0.04960829631931507,0.04130748882525492,,37.6,-0.17103720754907858,0.892645537512684,0.8367816442730783,False,False,False
2388,79.30000305175781,2026-08-17,-0.017348128245683547,0.2033384099485449,0.06795074074241514,0.4999761885863958,,80.2,-0.053478170487348375,0.5454831342508665,0.9016902642269176,False,False,False
2390,10.25,2026-08-17,-0.033018902723963794,-0.08482141298603008,0.03326612108548921,-0.033018902723963794,,45.7,-0.0881627901442743,0.41400699238709243,0.7620817951937224,False,False,False
2392,43.29999923706055,2026-08-17,0.14097492402017808,0.25325615609896124,0.29892882302132184,0.09333146726136965,,81.7,0.17749991179155833,3.372848845815357,0.8735932719641364,True,True,False
2393,63.400001525878906,2026-08-17,0.016025640633763105,0.028650576820406615,0.09623817886500619,0.18759143224201424,,70.2,-0.02519073236475733,1.0366506028861533,0.9269005864260359,False,False,False
2395,674.0,2026-08-17,0.010494752623688264,0.31384015594541914,0.49186448813625083,1.3947668603677807,,96.3,0.3704355769064873,1.029115727334752,0.9656160458452722,False,False,False
2397,65.80000305175781,2026-08-17,-0.032352896297679234,0.20072999941317704,0.166776225495203,0.09606254181940876,,72.2,0.045347314265439476,1.3935071007040607,0.828988209185739,False,False,False
2399,47.0,2026-08-17,0.0767468123027435,0.26005364507626383,0.09302325581395343,1.0,,89.8,-0.028405655415810083,1.0009752971761248,0.8545454545454545,True,False,False
2401,26.649999618530277,2026-08-17,-0.04651166758223935,-0.02737226315480623,0.06813622459346735,0.2224770895048751,,69.1,-0.05329268663629616,0.2858726942200082,0.763610270869727,False,False,False
2402,54.400001525878906,2026-08-17,-0.019819792326506214,-0.034994314433867246,-0.1053433346399173,0.030161215952283493,,27.2,-0.2267722458696808,0.2597109445744262,0.7265487026842182,False,False,False
2404,1155.0,2026-08-17,0.004347826086956497,-0.004310344827586188,0.1573868277671262,0.2777153405689974,,78.2,0.03595791653736269,0.5110497548392803,0.8607280805331519,False,False,False
2405,15.899999618530272,2026-08-17,-0.027522981800628177,-0.04216871968996172,0.06619883337125554,-0.024818172151225393,,52.6,-0.055230077858507975,0.30082271893363577,0.7370037797155734,False,False,False
2406,29.5,2026-08-17,-0.07668233816699443,-0.04065040650406504,-0.0664557074721166,-0.006734032249218647,,31.4,-0.1878846187018801,0.3166738799706472,0.7057416396755536,False,False,False
2408,524.0,2026-08-17,0.043824701195219085,0.3249051833122629,0.9150606641825412,0.7819801608432737,,96.9,0.7936317529527777,0.9464563230028187,1.0,True,True,False
2409,27.25,2026-08-17,0.0092592592592593,0.07437277454626123,0.44745774800857196,0.8296248576013068,,93.6,0.32602883677880845,0.6334223413989091,0.8476702496200959,True,False,False
2412,136.0,2026-08-17,-0.00366300366300365,-0.01449275362318836,-0.008660887995725397,0.062149014822353355,,46.8,-0.1300897992254889,0.5670173687535537,0.9642717618488182,False,False,False
2413,44.75,2026-08-17,-0.0022296204575967815,0.09950857889782627,-0.10410411778807438,-0.07541325228940943,,19.8,-0.2255330290178379,0.31661590017537083,0.716,False,False,False
2414,52.70000076293945,2026-08-17,-0.07054673626414654,-0.07313995007497731,0.15857504297381753,0.3663784197689943,,81.5,0.03714613174405401,1.1310128468465874,0.8608607405377371,False,False,False
2415,29.549999237060547,2026-08-17,-0.046774218159337244,-0.09770994695998325,0.12357414807146738,0.10055861516688092,,68.4,0.002145236841703868,0.3994076854648719,0.709483749207065,False,False,False
2417,45.04999923706055,2026-08-17,0.01122334474888298,0.13619161420856818,-0.03641012113180808,0.14077391224466074,,48.7,-0.1578390323615716,1.4222828616917982,0.7959353845011201,False,False,False
2419,25.149999618530277,2026-08-17,0.008015985950906357,-0.013725505155675388,-0.1644518505051843,-0.1713344546155039,,9.7,-0.2858807617349478,0.2200751531026483,0.6662251554577557,False,False,False
2420,58.20000076293945,2026-08-17,0.0300885090785743,0.00866551115058467,-0.018549721556043952,0.13450295572117965,,51.4,-0.13997863278580747,1.1453567397946192,0.8912710266921307,False,False,False
2421,148.0,2026-08-17,-0.010033444816053505,0.16535433070866135,0.05525192294908732,0.006654760333144827,,53.5,-0.0661769882806762,0.5362557600984843,0.8074486891161279,False,False,False
2423,74.5999984741211,2026-08-17,0.02896549619477362,-0.039897021825960666,0.046283355731082665,0.5651716735741397,,81.0,-0.07514555549868085,0.7092369067953976,0.8797169314792226,False,False,False
2424,8.25,2026-08-17,-0.05281286293138021,-0.07094595791912128,-0.5864661812281335,-0.7859922136634245,,0.1,-0.7078950924578971,0.15790721861106058,0.10390428011907621,False,False,False
2425,38.04999923706055,2026-08-17,-0.23208880276629074,-0.07757577607125943,0.17355347105883223,0.3061810375234182,,80.7,0.05212455982906872,1.4115930618535175,0.7192816283463872,False,False,False
2426,73.19999694824219,2026-08-17,0.08284021598410107,0.31418305108797284,0.13098895860398896,2.837072386000011,,97.5,0.009560047374225444,0.9789513370111398,0.7729672577312676,True,False,False
2427,22.75,2026-08-17,0.03881280348290561,-0.012104084475230592,0.15864334942102554,-0.0799008958652151,,62.7,0.03721443819126202,0.3830760920394741,0.8035111685039276,False,False,False
2428,254.5,2026-08-17,0.1113537117903931,-0.03598484848484851,0.18925233644859807,0.48830409356725135,,85.2,0.06782342521883455,0.9918429019465407,0.7409024745269287,False,False,False
2429,36.0,2026-08-17,0.1464968292150901,-0.15393653007061803,-0.2749244935826268,-0.39291736149802203,,1.5,-0.39635340481239034,0.8009113061774981,0.23841059602649006,False,False,False
2430,17.149999618530273,2026-08-17,-0.005797123563462403,-0.04722224341498482,-0.05509641989077796,-0.2134930814982604,,17.2,-0.17652533112054147,0.2513274192621307,0.7025714009555993,False,False,False
2431,10.25,2026-08-17,0.00490197957547478,-0.028436036522381025,0.014851446818306302,-0.3344155679285511,,18.3,-0.10657746441145721,0.3300936186134659,0.5807365564608168,False,False,False
2432,28.0,2026-08-17,-0.01060068004057324,-0.0017825040435112127,0.13308626808858603,0.2021769462447447,,73.9,0.01165735685882252,0.19874655422329682,0.9256197763477813,False,False,False
2433,41.84999847412109,2026-08-17,-0.0011933902132900132,0.0011961540184959318,-0.007046426513310111,-0.04433545769512992,,37.5,-0.12847533774307363,0.25087058765329145,0.8996761052326684,False,False,False
2434,51.59999847412109,2026-08-17,-0.024574726167481353,-0.3691931962218644,0.7257524793459333,0.7199999491373696,,95.7,0.6043235681161698,1.416271665156452,0.5682819024213916,False,False,False
2436,66.4000015258789,2026-08-17,-0.014836794916333051,0.1507799072426952,-0.017722721633623095,0.3028296698279427,,64.0,-0.1391516328633866,1.0903226944043993,0.8480531431686223,False,False,False
2438,18.549999237060547,2026-08-17,0.0599999564034599,0.0,-0.1431870871173796,-0.1718750199569128,,11.1,-0.2646159983471431,0.5343003239983924,0.6578013735885789,False,False,False
2439,79.69999694824219,2026-08-17,-0.031591810535906095,-0.029232662247069552,-0.06455399292257225,-0.19657258669245903,,17.0,-0.18598290415233576,0.6745153991437667,0.7053097075065681,False,False,False
2440,13.75,2026-08-17,-0.13249213444340635,-0.11575563785570597,-0.23822711461570145,-0.08940399651422581,,7.5,-0.35965602584546497,0.8267886207110271,0.6707317073170732,False,False,False
2441,119.0,2026-08-17,-0.07751937984496127,-0.059288537549407105,0.16666666666666674,0.3885648102399475,,82.5,0.045237755436903226,0.726943329752444,0.8206896551724138,False,False,False
2442,19.149999618530277,2026-08-17,-0.025445293114840117,0.0,0.049315047590700045,-0.10930234332417321,,41.6,-0.07211386363906347,0.7645965036716172,0.6503441019323679,False,False,False
2444,11.050000190734863,2026-08-17,-0.03070170521992799,-0.026431733978146132,-0.1434108125970769,-0.14671811942197177,,12.0,-0.2648397238268404,0.4809158881798709,0.7366666793823242,False,False,False
2449,248.5,2026-08-17,0.0,-0.08578911636494979,-0.09369749054252396,-0.1181096631555737,,18.2,-0.21512640177228748,0.5584263513963247,0.739891048714053,False,False,False
2450,28.149999618530277,2026-08-17,-0.007054700537858727,-0.017452007213173193,0.018267287118990838,0.025314139382828005,,48.3,-0.10316162411077268,0.652376340209913,0.942180541054358,False,False,False
2451,290.0,2026-08-17,-0.0186125211505922,0.26086956521739135,-0.014331868876863219,0.3221325570509077,,65.4,-0.13576078010662673,0.7510425932749619,0.8311067505558513,False,False,False
2453,51.900001525878906,2026-08-17,-0.013307927158716093,0.015655637488188434,0.0017633772846168405,-7.136428897169811e-05,,42.8,-0.11966553394514667,0.30745642194817785,0.854399074391384,False,False,False
2454,4050.0,2026-08-17,0.022727272727272707,0.20178041543026715,0.2913465117810614,1.2634434937324412,,94.5,0.1699176005512979,0.840910240631075,0.8780600276574512,False,False,False
2455,417.0,2026-08-17,0.08452535760728219,0.47872340425531923,0.09616686517472361,1.313123394458528,,92.2,-0.0252620460550399,0.7326188512170135,0.9455673692364478,True,False,False
2457,23.899999618530277,2026-08-17,0.014862012433483951,-0.02647656369573459,-0.006236990573335377,-0.1952862288019397,,25.4,-0.1276659018030989,0.20210257796809894,0.6199740620371712,False,False,False
2458,144.5,2026-08-17,-0.0068728522336769515,-0.12158054711246202,-0.017006802721088454,0.25017881476110904,,61.1,-0.13843571395085197,0.4659753088769059,0.7645502645502645,False,False,False
2459,66.5,2026-08-17,0.006051460440434253,0.018376675224518024,0.07166346649545519,0.07004466822376187,,60.9,-0.04976544473430833,0.45750367284354004,0.9895833782733453,True,False,False
2460,29.049999237060547,2026-08-17,-0.08647798949614682,-0.08214851225298259,-0.06891030363155504,0.3543122705735331,,61.2,-0.19033921486131855,0.3844083898558743,0.7181705485572287,False,False,False
2461,17.649999618530273,2026-08-17,0.008571406773158374,0.09968850202654322,0.09627324225684597,0.09968850202654322,,65.2,-0.025155668972917544,0.726990391785646,0.8781094170924435,False,False,False
2462,19.5,2026-08-17,0.0,-0.046454803300599035,-0.006643032744117594,-0.23617607191331702,,22.2,-0.1280719439738811,0.23524172221388762,0.7062286051979245,False,False,False
2464,186.0,2026-08-17,0.03333333333333344,0.3006993006993006,0.37777777777777777,1.5833333333333335,,96.2,0.25634886654801425,1.545995251694164,0.9346733668341709,False,False,False
2465,90.5999984741211,2026-08-17,-0.03205128257378609,0.1858638306889593,0.19841270241737785,0.6934579154041325,,88.5,0.07698379118761434,3.335915716927611,0.8628571283249628,False,False,False
2466,90.1999969482422,2026-08-17,-0.07106077893212193,-0.2606557627193262,0.9191488712391958,0.481116497343806,,96.1,0.7977199600094322,0.8012710621391159,0.7393442372806738,False,False,False
2467,588.0,2026-08-17,0.06909090909090909,0.053763440860215006,0.030522039035742576,1.1428905557411033,,90.0,-0.09090687219402094,0.7990517483121019,0.8885938118997954,True,False,False
2468,35.29999923706055,2026-08-17,0.01001426227412927,0.01436781640694762,0.08448540904630564,-0.06490068246197223,,52.2,-0.03694350218345788,0.3096624897435539,0.5816764875342597,False,False,False
2471,49.84999847412109,2026-08-17,0.007070676244870455,0.02781594152059652,0.06802136978043394,0.04393849365011371,,58.7,-0.053407541449329576,0.48009200379089695,0.9715486301133074,False,False,False
2472,241.0,2026-08-17,0.0020790020790020236,-0.16319444444444442,0.0387931034482758,1.180995475113122,,90.6,-0.08263580778148771,0.5322614919141904,0.5314222712238148,False,False,False
2474,204.0,2026-08-17,0.014925373134328401,0.09383378016085797,0.14815370487532387,0.030537948704904005,,67.4,0.026724793645560352,0.41689123907291686,0.8220243992748123,False,False,False
2476,119.5,2026-08-17,-0.02903412318296905,0.03241938821038004,0.06384089724192443,0.47934349432723744,,78.9,-0.05758801398783908,0.4581909928061329,0.8995713352518088,False,False,False
2477,21.100000381469727,2026-08-17,-0.043083849816834,0.007159886065284615,0.02676404695029322,-0.06948906116403064,,41.2,-0.0946648642794703,0.6885894244422044,0.8227495234364547,False,False,False
2478,125.0,2026-08-17,0.024590163934426146,-0.1228070175438597,0.3125300314145216,1.0223464094001087,,93.2,0.1911011201847581,1.589818533893632,0.5223002172978028,False,False,False
2480,159.5,2026-08-17,0.032362459546925626,0.019169329073482455,0.14584654699048705,0.1990464516433934,,74.9,0.024417635760723533,0.5477464598519487,0.9274392878595239,False,False,False
2481,144.5,2026-08-17,0.050909090909091015,-0.04620462046204621,0.07037037037037042,0.6626969502612308,,84.4,-0.0510585408593931,0.8631914938821069,0.6351648351648351,False,False,False
2482,15.899999618530272,2026-08-17,-0.015479876526631964,-0.11642484933915076,-0.024834713267086972,-0.1236870831138045,,27.7,-0.1462636244968505,0.3819629084665794,0.7269414264872722,False,False,False
2483,37.650001525878906,2026-08-17,0.05020929228371296,-0.1344827235430136,0.5819328879326857,0.9839859480790123,,95.6,0.4605039767029222,0.5381099960900334,0.5386266195135896,False,False,False
2484,75.0,2026-08-17,0.00942122368090037,-0.07063193511516419,0.8610422188551496,1.6455026099054972,,97.8,0.7396133076253861,0.4749764208158624,0.7780082864403897,False,False,False
2485,42.04999923706055,2026-08-17,-0.044318199157714844,-0.031106042427518577,-0.4191989178062372,-0.07071824890473932,,1.8,-0.5406278290360007,0.329364857868004,0.5159509108841784,False,False,False
2486,238.0,2026-08-17,0.02145922746781115,0.010615711252653925,-0.051934091608509036,0.8412244068267192,,83.0,-0.17336300283827255,0.6368921789933244,0.7766728381949182,False,False,False
2488,49.650001525878906,2026-08-17,0.0,0.011201691829943794,0.015209916155842329,0.15071930068391826,,58.8,-0.10621899507392119,0.5760624007815363,0.9578847045489671,False,False,False
2489,32.20000076293945,2026-08-17,-0.035928164913695326,0.0015551861489120355,-0.20381133212693503,0.4492032121317058,,46.4,-0.32524024335669854,0.3539533668265003,0.5848111742300113,False,False,False
2491,37.79999923706055,2026-08-17,0.08309448665872532,0.19809826152573629,0.885286816729189,1.1849711505237712,,97.4,0.7638579054994254,0.5869989095762657,0.8590908917513761,True,False,False
2492,291.5,2026-08-17,0.06581352833638032,-0.052032520325203224,0.33203419212480023,1.2370040605961745,,94.7,0.21060528089503672,3.536705979225807,0.4749554598979966,False,False,False
2493,192.0,2026-08-17,-0.11926605504587151,-0.09219858156028371,0.48203210483480574,0.7961955447244113,,93.8,0.3606031936050422,0.9830646810846815,0.6005769359088334,False,False,False
2495,38.400001525878906,2026-08-17,-0.01538457625951517,-0.0048624311404381615,0.09673911124989076,0.19903437182711792,,70.6,-0.02468979997987275,0.15023281778328476,0.7287811177018938,False,False,False
2496,59.29999923706055,2026-08-17,-0.0016835401725502352,-0.019834723354371087,-0.08062016686727835,-0.11216091646791126,,20.8,-0.20204907809704187,0.7643546441083016,0.874064486658561,False,False,False
2497,46.400001525878906,2026-08-17,-0.03834193728748381,-0.135720902987006,-0.135720902987006,-0.00971713698693033,,20.0,-0.2571498142167695,0.3995759276973988,0.7219576593330593,False,False,False
2498,40.900001525878906,2026-08-17,0.0049140235673303945,-0.003654024700838976,-0.094292823883518,-0.0972590469939002,,19.5,-0.21572173511328152,0.36345083156654295,0.5549736382488,False,False,False
2501,22.899999618530277,2026-08-17,0.031531478897937504,0.022321428951560307,0.08703991687711188,0.08216535553367721,,63.7,-0.034388994352651636,0.3674841318010534,0.893788383292161,False,False,False
2504,30.549999237060547,2026-08-17,-0.012924120065220812,-0.03930817704370315,-0.050202809625798706,-0.07163681746141415,,27.8,-0.17163172085556222,0.395697920824348,0.8300245146685359,False,False,False
2505,18.0,2026-08-17,-0.005524882837687928,0.022727250560256484,0.008403339794098352,-0.0425531526343631,,40.5,-0.11302557143566516,0.6555548730703784,0.9,False,False,False
2506,8.65999984741211,2026-08-17,0.003476214666670918,-0.011415568362661,0.022857148006453887,-0.02230214541518205,,44.9,-0.09857176322330963,0.7626707761698368,0.8684257689258422,False,False,False
2509,14.300000190734863,2026-08-17,0.047619090869584824,0.08333336343668973,0.12598428389758443,-0.02054795773263296,,62.1,0.004555372667820912,0.5392396129516562,0.801120441744071,True,False,False
2511,8.289999961853027,2026-08-17,-0.007185678667734119,0.007726132786864515,0.1310399986884525,0.02332191625606206,,64.8,0.009611087458688994,0.6030166193266678,0.9048320224969972,False,False,False
2514,11.949999809265137,2026-08-17,-0.02448981148856022,-0.07003895295617524,-0.08076924544114328,-0.1898305214057534,,15.4,-0.2021981566709068,0.5411248624548977,0.7660256100672792,False,False,False
2515,11.850000381469728,2026-08-17,-0.008368153087155439,-0.03265303008410381,0.01581111067237928,-0.09170177418804226,,37.3,-0.10561780055738423,0.6180001907314603,0.6799828603700235,False,False,False
2516,13.949999809265137,2026-08-17,-0.010638338166410466,0.0035971361228104293,0.12048192955663484,-0.0412371390793379,,60.1,-0.0009469816731286773,0.5335680967060885,0.8801261497491264,False,False,False
2520,35.900001525878906,2026-08-17,0.03012921370821653,0.05471915197216637,0.2386011251419522,0.16936252950907127,,80.5,0.11717221391218868,0.6191766067589187,0.9366536089445281,True,True,False
2524,35.0,2026-08-17,0.021897810218978186,-0.05913980424245602,0.01596514440871144,-0.14738122654088914,,33.4,-0.10546376682105207,0.37768865155485937,0.6782945937014616,False,False,False
2527,44.45000076293945,2026-08-17,-0.0661764246251858,-0.07588353070625187,0.3368421282087053,0.5460869830587636,,90.2,0.21541321697894178,0.77778118626234,0.8801980349096922,False,False,False
2528,20.399999618530277,2026-08-17,-0.01686748826360107,0.06394561355550765,0.061538510400581004,-0.08834083610988475,,45.9,-0.05989040082918251,0.39711350496296643,0.7763347246975842,False,False,False
2530,19.700000762939453,2026-08-17,0.015463976820011105,0.01025644938151049,-0.048309176963431066,-0.22593319558454428,,17.4,-0.16973808819319458,0.35791897064468653,0.6344242661304856,False,False,False
2534,17.0,2026-08-17,-0.008746333636544312,-0.0029325067036874986,0.05816333326882739,-0.07410709713034258,,46.5,-0.06326557796093613,0.3787172425537232,0.7981834912091774,False,False,False
2535,92.1999969482422,2026-08-17,0.018784496665659622,0.06589591847678844,0.2630136568252357,0.425363050791963,,86.4,0.14158474559547218,0.7702756818086565,0.9534643211787422,False,False,False
2536,20.799999237060547,2026-08-17,0.02463054279761634,0.06940865918593775,0.13759056361857858,0.012028592441702735,,64.9,0.016161652388815062,1.9752536703417831,0.7877129894028626,False,False,False
2537,11.25,2026-08-17,0.022727272727272707,0.02739727816990678,0.16339192463704677,0.06635069162177687,,70.7,0.041963013407283256,0.6775191764748298,0.9072580924267337,True,False,False
2538,9.119999885559082,2026-08-17,-0.005452583458981697,-0.026369141716497735,0.03671705771794853,-0.09859150282963458,,40.7,-0.08471185351181498,0.6382128084743152,0.7836734723981039,False,False,False
2539,41.29999923706055,2026-08-17,-0.03617267893245435,0.012254902189944739,0.0825687440417231,-0.12127661197743522,,46.7,-0.03886016718804042,0.9482213330133181,0.7361239720809206,False,False,False
2540,45.59999847412109,2026-08-17,0.008849506735176815,-0.043082388504788294,-0.07756592399778461,0.08694463375368278,,36.7,-0.19899483522754813,1.351828113869063,0.8392637952386538,False,False,False
2542,46.79999923706055,2026-08-17,0.055242409182247654,0.08083141020021878,0.07093817894735821,0.2332015361318167,,69.9,-0.050490732282405304,0.8158294466168239,1.0,True,True,False
2543,38.75,2026-08-17,-0.0038560802055268573,0.04165628402558119,0.032211282372697436,-0.3635246745968771,,18.7,-0.08921762885706608,0.6487808882385155,0.5082060268417521,False,False,False
2545,33.79999923706055,2026-08-17,0.01960777319042384,-0.01457725979946256,-0.016759701523509363,-0.012773546756134846,,38.6,-0.13818861275327288,0.8805475536908297,0.8108186237600894,False,False,False
2546,105.0,2026-08-17,0.1339093059417742,0.2939180429068404,0.4767875758309006,0.43752053778335864,,91.7,0.3553586646011371,2.3345569698239856,1.0,True,True,False
2547,10.25,2026-08-17,-0.046511627906976716,-0.004854387360093471,0.10461171287362037,0.027545698371151506,,62.5,-0.016817198356143148,0.8267194486308247,0.9522514462425867,False,False,False
2548,93.1999969482422,2026-08-17,-0.006396653347489956,-0.03108913331807306,-0.15905721192919442,-0.021519833753264717,,16.2,-0.28048612315895793,0.44652225249572564,0.7931619534237275,False,False,False
2596,33.20000076293945,2026-08-17,0.03750002384185791,0.13291816427856928,0.20740063065705838,-0.01010270241005351,,71.4,0.08597171942729487,0.6452203614168227,0.8833893471530189,True,True,False
2597,168.0,2026-08-17,0.0,0.02127659574468077,0.09135806776739042,0.055629009287385456,,62.8,-0.030070843462373098,0.2873739015414871,0.8693416057024771,False,False,False
2603,231.5,2026-08-17,0.08177570093457942,0.16919191919191912,0.2670683725400078,0.324204000389277,,85.1,0.1456394613102443,0.9130182346650246,1.0,True,True,False
2605,32.900001525878906,2026-08-17,-0.006042204152926223,0.06129037180254526,0.12337990171560054,0.17373829133336693,,71.8,0.001950990485837023,1.0335615675450867,0.7851997978491565,False,False,False
2606,68.30000305175781,2026-08-17,0.022455088794498534,0.12335532744753142,0.12235545480679755,0.14031311863776152,,70.4,0.0009265435770340336,0.7084933371627778,0.9830285656620628,True,False,False
2607,50.20000076293945,2026-08-17,0.035051562122462965,0.08893714586823598,0.1189416656137321,-0.059296783076014714,,58.6,-0.0024872456160314194,1.295095035752953,0.7592818768038502,False,False,False
2608,28.5,2026-08-17,-0.0034965167879689174,-0.030612232319997212,0.03420619481025633,-0.08088075273477535,,41.4,-0.08722271641950718,0.6795741422943447,0.860117248777536,False,False,False
2609,54.70000076293945,2026-08-17,0.06007756551336163,0.11178861615268398,0.15099855764742665,0.07906116944823638,,70.2,0.02956964641766313,1.2118790064791947,0.8632489355585891,True,True,False
2610,20.25,2026-08-17,-0.009779988042929788,-0.02409638554216864,0.14408599369595088,-0.07058801798554881,,61.3,0.02265708246618736,0.6139066401469455,0.8698835360157721,False,False,False
2611,15.149999618530272,2026-08-17,0.0631578679670366,0.08214282989501931,0.1744186098089473,0.06573772760660646,,71.7,0.052989698579183786,1.7136111777232048,0.964394575810715,True,True,False
2612,55.29999923706055,2026-08-17,0.005454531582919087,0.07797271071127598,0.05104337161850836,-0.08306109076956814,,44.6,-0.07038553961125515,0.5878136865288291,0.77067121920598,True,False,False
2613,21.649999618530277,2026-08-17,0.056097542367330666,0.030952362787155963,0.0023147794526634513,-0.09769345281271957,,35.1,-0.11911413177710006,1.169708668556034,0.7857783202056858,True,False,False
2614,18.149999618530277,2026-08-17,-0.002747315511711035,0.00833331214057087,0.0,-0.12740383248709997,,32.3,-0.12142891122976351,0.6346588906309241,0.7674418567140004,False,False,False
2615,99.5999984741211,2026-08-17,0.13828569684709824,0.25283016948579995,0.2853775231330167,0.37792480356706704,,86.3,0.16394861190325316,1.9493446363657274,1.0,True,True,False
2616,13.350000381469728,2026-08-17,-0.0037312864540235413,0.0037594127832942803,0.007463374036365433,0.0037594127832942803,,44.5,-0.11396553719339808,0.3767674899039328,0.5711769350195751,False,False,False
2617,29.100000381469727,2026-08-17,-0.006825899685957926,0.02284708615463371,0.06175321027156078,-0.00868673700368161,,53.3,-0.05967570095820274,1.099209868058068,0.9171131122608368,False,False,False
2618,41.79999923706055,2026-08-17,-0.019929712975569336,0.014563069490542535,0.27341959681701433,0.14242981522291132,,81.7,0.15199068558725082,0.6703734362440569,0.9414413919039412,False,False,False
2630,52.400001525878906,2026-08-17,0.08488617709278201,-0.018726591225196487,0.22573102984512072,0.06465954152276887,,75.7,0.10430211861535721,0.8015379056609943,0.7336925501850476,False,False,False
2633,26.0,2026-08-17,0.0038610186464318463,0.0019267528165916037,0.047468905940951656,0.0030191037725957326,,51.5,-0.07396000528881186,0.3859678685157603,0.947101636465783,False,False,False
2634,71.0,2026-08-17,0.16393442622950816,0.1601307044916751,0.5711491460292621,0.33010411305377274,,92.1,0.44972023479949863,1.7412163172997146,0.993006993006993,False,False,False
2636,69.5999984741211,2026-08-17,0.05775068763103608,0.1135999755859376,0.16752242342070756,0.14964308254091163,,74.5,0.04609351219094404,1.2397009462582222,1.0,True,True,False
2637,87.0,2026-08-17,-0.012485794474153322,0.09571786307389463,0.2843800230649174,0.27358703296607567,,85.0,0.16295111183515387,0.3944608477682084,0.9875142055258467,False,False,False
2640,155.0,2026-08-17,0.054421768707483054,0.013071895424836555,-0.008482880456558872,0.3206847796763319,,65.9,-0.1299117916863224,1.0544676581220578,0.8364337046697551,True,True,False
2641,17.549999237060547,2026-08-17,0.0028570992606027357,0.044642859170226146,0.03336053022139529,-0.10731969878862324,,39.1,-0.08806838100836822,0.43282198605933153,0.7978823965432814,True,False,False
2642,20.200000762939453,2026-08-17,-0.007370988487393815,0.004975143262281545,0.016898640133466092,-0.18205971604222493,,30.4,-0.10453027109629742,0.3107845387116748,0.6456751767867043,False,False,False
2643,61.900001525878906,2026-08-17,-0.02365930542427075,0.049152568235235616,-0.01263264693045163,-0.08491239997978839,,34.1,-0.13406155816021514,0.7446281601382609,0.8728898871984975,False,False,False
2644,77.5999984741211,2026-08-17,-0.025300887658481486,-0.07070616535973129,-0.02545965006682538,-0.13935302977956388,,26.5,-0.1468885612965889,0.6969958048209037,0.6346396565933173,False,False,False
2645,182.0,2026-08-17,-0.0395778364116095,-0.15935334872979212,0.22284426132531854,0.1130079572606808,,77.3,0.10141535009555502,1.572672770785534,0.7236580516898609,False,False,False
2646,20.75,2026-08-17,0.0,-0.021226450318158285,0.024691358024691468,-0.09782608695652173,,38.4,-0.09673755320507205,0.7501570464357977,0.7919847097619702,False,False,False
2718,48.79999923706055,2026-08-17,0.09417042391551855,0.04608783796049698,0.05627702232002463,0.0010256253756009137,,53.1,-0.06515188890973889,1.186825106557548,0.8148647564061079,True,False,False
2724,10.649999618530272,2026-08-17,-0.02293578061920243,0.0,-0.23928574153355198,-0.4675000190734864,,1.4,-0.3607146527633155,3.4647005560363184,0.48190042690949536,False,False,False
2762,83.19999694824219,2026-08-17,-0.018867995824705996,0.03576769802194146,0.02841313101783305,0.2537099049749285,,66.5,-0.09301578021193047,0.689002855312037,0.9666396786397893,False,False,False
2801,23.75,2026-08-17,0.023706862886795133,0.05282551408129943,0.22744048852995724,0.23044158716751095,,81.6,0.10601157730019373,0.47401502673697427,0.9906508314310213,False,False,False
2812,18.799999237060547,2026-08-17,0.005347511766912616,-0.003788521197182426,0.06904150607458881,0.01347250438174119,,56.6,-0.052387405155174704,0.571022587633258,0.8858436515047888,False,False,False
2816,34.29999923706055,2026-08-17,0.014792899742192,0.01931642441923076,0.1449083663451498,0.26383376472961206,,77.1,0.023479455115386294,0.9678878749098014,0.9730496237463985,True,False,False
2820,16.25,2026-08-17,-0.00611623113985138,-0.01215810052666011,0.015902209300647785,0.046969594283429617,,49.8,-0.10552670192911573,1.036161403000414,0.9420289855072463,False,False,False
2832,59.20000076293945,2026-08-17,0.011965825007512088,0.049645375200491504,0.19529546253821617,0.30642822363290323,,81.9,0.07386655130845265,0.32761018637693157,0.9817579023542502,False,False,False
2834,16.299999237060547,2026-08-17,-0.012121258359966802,-0.016391340683518663,0.10617667411289244,0.15662126517745878,,69.5,-0.01525223711687107,0.6717890615053351,0.9644970180465657,False,False,False
2836,12.100000381469728,2026-08-17,0.01680678734039809,-0.004084129728556873,0.05894856553185135,0.04137266041886467,,57.0,-0.062480345697912165,0.49078076885482047,0.9652723143576437,False,False,False
2838,19.950000762939453,2026-08-17,-0.009925501706059658,-0.026829231076124227,0.059119991048731446,0.1554036797780114,,64.3,-0.06230892018103207,0.8784493096367582,0.8747388214230996,False,False,False
2845,13.600000381469728,2026-08-17,0.03422059133030997,0.014925430495004166,0.12863071918676372,0.0923695252869623,,68.5,0.007201807957000206,0.6062297116925055,1.0,True,True,False
2849,14.550000190734863,2026-08-17,-0.010204055814730828,-0.026755827667795495,0.13344266998559573,0.13344266998559573,,71.0,0.012013758755832216,0.535969194486534,0.9448052305941207,False,False,False
2850,163.0,2026-08-17,0.009287925696594534,0.12413793103448278,0.26509553262097874,0.4971218676463447,,87.4,0.14366662139121522,0.446575227255435,0.9878787878787879,False,False,False
2851,38.95000076293945,2026-08-17,0.08194446563720703,0.08194446563720703,0.18290823360404085,0.5333995620793126,,85.8,0.061479322374277334,0.8941110686246122,0.9961637412522941,True,False,False
2852,27.299999237060547,2026-08-17,0.014869874505675673,0.030188650455114985,0.07519827380080013,0.06729236935866312,,61.4,-0.046230637428963384,0.5508045548588152,1.0,True,True,False
2855,46.59999847412109,2026-08-17,0.016357688657793856,0.05549256769121724,0.23432927815051308,0.680652487593127,,89.4,0.11290036692074956,0.38443551399544623,0.8218419149595908,False,False,False
2867,9.710000038146973,2026-08-17,0.001030951451389095,0.08129181883330583,0.2529032307286416,0.22756007907177955,,82.8,0.1314743194988781,0.716691432792477,0.9808081224540991,False,False,False
2880,39.20000076293945,2026-08-17,-0.07085571228191179,0.018240354404752246,0.26963824055548513,0.23325346103939437,,83.6,0.14820932932572162,1.1105345411161234,0.9207736687123534,False,False,False
2881,125.5,2026-08-17,-0.023346303501945553,0.008032128514056325,0.33496390180134306,0.3997679978651447,,88.1,0.21353499057157954,0.3367329157208352,0.9368843371416146,False,False,False
2882,98.0999984741211,2026-08-17,-0.02871288639484071,0.0402968748609438,0.30595848957221916,0.3333802399037755,,86.2,0.18452957834245565,0.547643001650764,0.8796845791291493,False,False,False
2883,31.399999618530277,2026-08-17,0.011272154269555523,0.04666665395100922,0.5009692735453881,0.7660861831843238,,94.0,0.3795403623156246,0.4276234523061863,0.9921011057499782,False,False,False
2884,37.75,2026-08-17,-0.001322731165865343,0.0754986222530103,0.22965915817133742,0.16762886152735956,,79.9,0.1082302469415739,0.8139081137050277,0.9767140623454752,False,False,False
2885,68.30000305175781,2026-08-17,0.0014663652198037003,0.08172484753422093,0.28541341145178967,0.6583045841595017,,90.3,0.16398450022202615,0.5879497699269562,0.979914003475151,False,False,False
2886,46.59999847412109,2026-08-17,-0.05221660827286945,0.015482227932550607,0.18910084099134084,0.23466024913517036,,79.2,0.06767192976157732,1.1825044366459572,0.9103003976185066,False,False,False
2887,37.150001525878906,2026-08-17,0.034818940024248235,0.08668192695637122,0.6369296121023182,0.6759887101177924,,94.9,0.5155007008725547,0.6574253296173584,0.9841060006855339,False,False,False
2889,15.649999618530272,2026-08-17,0.019543923752777026,-0.0031847255632040383,0.06825938744292759,-0.045731708380808755,,51.0,-0.053169523786835926,0.9387394270753026,0.8892045045071405,False,False,False
2890,39.59999847412109,2026-08-17,0.017994779454610033,0.038645563782954584,0.38025986386209265,0.41794612778286133,,89.7,0.25883095263232914,0.6141089328868989,0.9753694572023835,False,False,False
2891,65.5999984741211,2026-08-17,-0.013533857532013638,0.056360709919478724,0.22804098686339724,0.3287788026480618,,84.0,0.10661207563363373,0.5818323458264137,0.9396888433135913,False,False,False
2892,33.400001525878906,2026-08-17,-0.007429420168309164,0.017312156898923403,0.1962187366173389,0.20035792988533574,,78.3,0.07478982538757539,0.9655806384105234,0.9439548727210549,False,False,False
2897,10.199999809265137,2026-08-17,0.004926127351136289,0.03187149829288094,0.06780718784524997,0.170279545975774,,66.2,-0.05362172338451354,0.5927042159762452,0.9902912252798132,False,False,False
2904,12.75,2026-08-17,-0.022988520026831494,-0.07942240802689415,-0.052900342800307976,-0.2162889525554279,,17.4,-0.1743292540300715,1.5521122388179274,0.7571445787826919,False,False,False
2916,40.5,2026-08-17,-0.01339827642588598,0.02402024731391772,-0.0773690079200482,-0.06556572366553626,,24.4,-0.1987979191498117,0.2984465682291991,0.8764993891568614,False,False,False
2923,26.0,2026-08-17,-0.056261316877841194,-0.2737430012823989,0.21495329268541563,0.27764125369132886,,82.3,0.09352438145565212,0.822055693989217,0.6341463414634146,False,False,False
2924,16.75,2026-08-17,-0.040114655148103195,-0.05367235717461549,0.046875,-0.12303666672957925,,40.2,-0.07455391122976351,1.0837451134706937,0.5491803278688525,False,False,False
2937,48.29999923706055,2026-08-17,0.06270623600176095,0.016842089201274613,0.03982773829354014,0.14724878495813565,,61.9,-0.08160117293622338,1.9158733927990945,0.9669669369233898,True,False,False
2938,25.0,2026-08-17,-0.015748016714081436,-0.007936537971601432,0.05485228671778786,0.08695652173913038,,59.8,-0.06657662451197566,1.8244700946969843,0.7656967482891113,False,False,False
2941,30.399999618530277,2026-08-17,-0.041009498836637626,-0.050000011920928844,-0.04402514629304377,-0.19609827335963914,,19.7,-0.16545405752280729,0.23066631810423044,0.46334388455511377,False,False,False
2942,38.20000076293945,2026-08-17,0.046575363368204226,0.04762186230802534,0.058366744507171386,0.32934953755728347,,73.0,-0.06306216672259213,0.5747386213642017,1.0,True,True,False
2947,62.5,2026-08-14,0.004823138800334137,-0.08892126253358856,-0.20280613796455738,-0.21862794042266964,,5.6,-0.3242350491943209,0.5722008880513144,0.6952540677497591,False,False,False
2948,38.400001525878906,2026-08-17,0.03364737412269658,0.11443706664892361,0.09401552046957007,0.09401552046957007,,64.6,-0.027413390760193446,0.9251273110978576,0.9487262594126139,True,True,False
2949,63.70000076293945,2026-08-17,0.014331234662623649,-0.028410031109827427,0.10319333054054014,0.016501728718037345,,61.6,-0.018235580689223374,0.18971420705793285,0.7872429809169195,True,False,False
3002,17.399999618530273,2026-08-17,0.02958579948438378,-0.023374911879995186,0.07428763143450423,-0.18125886883976028,,39.9,-0.04714127979525928,0.2552326275334251,0.6060083946669254,False,False,False
3003,66.19999694824219,2026-08-17,-0.036390103508788685,0.12219368838911682,0.15491631981551057,0.3969216086765641,,82.2,0.03348740858574706,1.4473232469733575,0.9390070489112367,False,False,False
3004,125.0,2026-08-17,-0.011857707509881465,-0.11660777385159016,0.004016064257028162,0.12201256621202705,,54.5,-0.11741284697273535,0.4802780444567405,0.7836990595611285,False,False,False
3005,121.5,2026-08-17,0.06113537117903922,0.1045454545454545,0.23350253807106602,0.14608799659741312,,79.3,0.11207362684130251,0.9525423980480219,0.7779506855824853,True,True,False
3006,273.0,2026-08-17,-0.00907441016333943,0.3787878787878789,0.16223611922761028,0.5854782742237825,,85.8,0.04080720799784676,0.29788074832715916,0.9837837837837838,False,False,False
3008,5070.0,2026-08-17,0.1627975470895402,0.27588757464614333,0.5204484662277535,1.2104520976746245,,96.0,0.39901955499799,0.914256277944798,0.9848525949771698,True,False,False
3010,127.5,2026-08-17,0.04081632653061229,0.12831858407079655,0.08011864986719952,0.07574574321730343,,62.4,-0.041310261362563994,1.1141703434267587,0.9355957208552601,False,False,False
3011,11.0,2026-08-17,-0.03930129404028504,-0.08333333333333337,-0.15057913806840373,-0.19117649327512376,,10.1,-0.27200804929816724,0.5114341729495823,0.6413994311763537,False,False,False
3013,85.30000305175781,2026-08-17,-0.02178892159379453,-0.039414413059873366,-0.140979908022408,-0.23871730707779037,,8.8,-0.2624088192521715,0.2880298520234277,0.6117450404375938,False,False,False
3014,131.5,2026-08-17,-0.03663003663003661,0.052000000000000046,0.03888239770355684,0.16008534410230513,,62.7,-0.08254651352620668,0.3838043575459479,0.8261735487268342,False,False,False
3015,54.70000076293945,2026-08-17,-0.06814309962539933,-0.021466918250152678,0.11953881107415554,0.08736814143414406,,67.3,-0.0018901001556079766,0.21626023213782655,0.731283402824059,False,False,False
3016,106.5,2026-08-17,-0.004672897196261627,0.019138755980861344,0.04318770531508909,0.7732461045806274,,85.2,-0.07824120591467443,0.700382532190371,0.7011589099604053,False,False,False
3017,3150.0,2026-08-17,0.139240506329114,0.4318181818181819,0.3179916317991631,0.8805970149253732,,92.4,0.1965627205693996,1.2466861082620884,0.973724884080371,False,False,False
3018,13.850000381469728,2026-08-17,-0.010714258466448023,0.18884127338855672,0.4892473223030478,0.18884127338855672,,89.5,0.3678184110732843,1.356267845411734,0.8028985728388248,False,False,False
3019,141.0,2026-08-17,0.048327137546468446,0.07633587786259532,-0.028388528254939982,-0.06286515176023821,,32.8,-0.1498174394847035,0.5042070995808591,0.8469732127504419,True,False,False
3021,20.399999618530277,2026-08-17,-0.02857144673665346,-0.06206898305607922,0.21791042498688218,0.1717962109551454,,79.0,0.09648151375711866,0.163274427926492,0.509999990463257,False,False,False
3022,96.5,2026-08-17,-0.14601769911504425,0.21383647798742134,0.4254062680944566,0.4891974607304015,,91.4,0.30397735686469307,1.4664609023350577,0.8539823008849557,False,False,False
3023,310.5,2026-08-17,-0.012718600953895098,0.058023615915218985,0.04254034613138247,0.3670838317125875,,73.3,-0.07888856509838105,0.4760215754560076,0.9526929108141632,False,False,False
3024,13.899999618530272,2026-08-17,0.06106864227211495,-0.02112677427918852,-0.1867792427261431,0.35407093466270356,,41.0,-0.3082081539559066,0.5580946603427479,0.7949461664065243,True,False,False
3025,57.79999923706055,2026-08-17,0.05474452630961246,0.03584229439687281,-0.011965825007511977,-0.1398809246735766,,28.7,-0.1333947362372755,0.266281047435829,0.7335024999820884,True,False,False
3026,689.0,2026-08-17,0.17176870748299322,-0.0014492753623188692,0.8998878520842455,5.635971768578767,,98.9,0.778458940854482,2.421526975283982,0.6855721393034826,False,False,False
3027,17.950000762939453,2026-08-17,-0.03494621533329845,-0.021798343880919058,0.02279211072751597,-0.27180523161364256,,24.1,-0.09863680050224755,0.21269805287428178,0.6232639318906978,False,False,False
3028,67.0999984741211,2026-08-17,-0.020437978479984076,-0.013235316557042687,-0.14597851771974957,0.3943903529309736,,52.0,-0.2674074289495131,0.4759064768543258,0.8074608869579859,False,False,False
3029,109.5,2026-08-17,0.004587155963302836,0.06829268292682933,0.140625,0.025476170606318016,,66.3,0.019196088770236486,0.7982476810967285,0.9008104441004707,False,False,False
3030,299.5,2026-08-17,0.010118043844856706,0.03993055555555558,-0.15198204216458688,0.6370828179230417,,67.5,-0.2734109533943504,0.4757855598447833,0.7297604279390265,False,False,False
3031,23.0,2026-08-17,-0.012875504158102014,-0.08730161493387334,-0.1638916396402743,0.186734494740326,,31.1,-0.2853205508700378,0.15154053729146177,0.6931217235340412,False,False,False
3032,82.4000015258789,2026-08-17,0.013530116024974781,0.08278584990905391,0.061855710646161466,0.09866668701171877,,61.6,-0.05957320058360205,0.6915690052890078,0.7259912028711798,False,False,False
3033,46.70000076293945,2026-08-17,-0.05369803025569053,-0.0029883981513205704,-0.0029883981513205704,0.5822492369945274,,78.0,-0.12441730938108408,0.8056527934070528,0.8750749295808474,False,False,False
3034,509.0,2026-08-17,-0.06433823529411764,0.10532030401737247,0.14067990051090473,0.44641309946048224,,82.7,0.019250989281141218,0.5796112359171989,0.9254545454545454,False,False,False
3035,177.0,2026-08-17,-0.005617977528089901,-0.03804347826086951,-0.05256547273624956,0.09230215105857953,,41.4,-0.17399438396601308,0.3290259216588624,0.759656652360515,False,False,False
3036,204.0,2026-08-17,-0.10917030567685593,0.08222811671087538,-0.20822463408056036,0.31548890522042505,,34.7,-0.32965354531032387,0.8004484607788642,0.6959220195950441,False,False,False
3037,1120.0,2026-08-17,0.12903225806451624,0.4105793450881612,0.3719968074109934,1.8925087738393502,,97.0,0.2505678961812299,0.6686359617793793,1.0,True,True,False
3038,20.5,2026-08-17,-0.009661872249663306,-0.0024330529886530394,-0.07029475241229877,-0.08847518040261793,,23.8,-0.19172366364206228,0.4948684444931075,0.8134920388632868,False,False,False
3040,37.95000076293945,2026-08-17,0.0,-0.01811127387590794,-0.03924048701419103,-0.27159305423416025,,15.5,-0.16066939824395454,0.23753745521870726,0.5087131573615835,False,False,False
3041,23.0,2026-08-17,-0.06313642709693756,-0.010752688172043001,0.008771963580347819,-0.11025146380704565,,35.1,-0.1126569476494157,0.3910465569373582,0.722134999200231,False,False,False
3042,195.5,2026-08-17,0.08310249307479234,0.1602373887240356,0.3475087109662993,1.287056234578292,,95.0,0.2260797997365358,0.6158703841816497,0.785140562248996,True,False,False
3043,21.350000381469727,2026-08-17,0.036407766316094214,0.044009759655427416,0.08651403541689229,-0.08760680643076468,,50.8,-0.03491487581287123,0.450099285403594,0.774954663256378,True,False,False
3044,483.0,2026-08-17,0.20298879202988784,0.21509433962264146,0.07320072620150153,0.19030052430716293,,67.8,-0.04822818502826198,1.7002962004297526,0.8662396843936191,False,False,False
3045,111.0,2026-08-17,0.004524886877828038,0.0,-0.0054545199755141605,0.1087516900108727,,51.4,-0.12688343120527767,0.9092889210185843,0.9615315145448161,False,False,False
3046,62.0,2026-08-17,0.04906940102796753,0.1832060724154736,0.2997902316568659,0.24542650663711885,,85.0,0.1783613204271024,1.3437476358321039,0.9951846028774574,False,False,False
3047,14.050000190734863,2026-08-17,-0.03767124495646745,-0.04095559340742172,-0.0070670975612220355,-0.23224039472737945,,22.6,-0.12849600879098555,0.28555359923484547,0.6023526538200685,False,False,False
3048,58.0,2026-08-17,0.012216418364046078,0.14398420369249143,0.05012388260295686,0.5381710816570466,,80.3,-0.07130502862680665,0.6398192898397257,0.7834036047891418,False,False,False
3049,10.850000381469728,2026-08-17,-0.013636328957297383,-0.04824554872497888,-0.08823523283358092,0.10714287452030447,,36.5,-0.20966414406334444,0.35878759406106275,0.6027777989705405,False,False,False
3050,11.600000381469728,2026-08-17,0.0446376604478993,0.031011946058589368,0.0005601039034284216,-0.17662236299273004,,27.6,-0.12086880732633509,0.6639132742500176,0.7749435873872751,True,False,False
3051,23.049999237060547,2026-08-17,-0.010729614085237982,0.02979614705362299,-0.060464889914707554,-0.054816379293623596,,27.5,-0.18189380114447107,0.19215152717831813,0.7656601295246939,False,False,False
3052,11.300000190734863,2026-08-17,0.05607480300608847,0.04629629547867431,0.07619049435570124,-0.017391287762185792,,55.0,-0.04523841687406227,1.5016700815562445,0.9224489951620296,True,True,False
3055,114.0,2026-08-17,0.004405286343612369,-0.3006134969325154,-0.07772659251507341,0.5994671799619589,,72.7,-0.19915550374483693,1.0498880865550229,0.5906735751295337,False,False,False
3056,14.050000190734863,2026-08-17,-0.014035074334395548,0.014426588600022328,0.08984862026911533,-0.1351938722212458,,46.8,-0.03158029096064818,0.47837955773583,0.6529382701473158,False,False,False
3057,16.899999618530273,2026-08-17,0.07643310979895523,0.07643310979895523,-0.08401089866200273,0.02735555226262565,,31.2,-0.20543980989176625,0.6155773104242587,0.7071129660365046,True,False,False
3058,8.199999809265137,2026-08-17,0.001221029230061177,-0.04872390740950738,0.007370941451077417,-0.18407963645366388,,28.1,-0.1140579697786861,0.33214162966460337,0.5942028765166618,False,False,False
3059,40.84999847412109,2026-08-17,0.0012254715194974786,-0.01684719075313712,-0.029691212477558127,0.047435858310797,,41.5,-0.15112012370732164,0.2898780702623219,0.6484126741923982,False,False,False
3060,28.200000762939453,2026-08-17,-0.04568522873015757,-0.04244482063216204,0.060128116638943796,-0.12203008854686515,,42.1,-0.06130079459081972,0.19177142312845896,0.6808745856014689,False,False,False
3062,20.899999618530277,2026-08-17,0.0,-0.023364486397796425,-0.24137930318286982,-0.20076482128434803,,4.4,-0.36280821441263333,0.29096433225826807,0.6411043127845959,False,False,False
3066,23.600000381469727,2026-08-17,0.0465632452298943,0.06306304371247706,0.24867729406361416,0.6275862332048088,,89.0,0.12724838283385065,0.8642873796275488,0.7814569465319666,False,False,False
3067,17.200000762939453,2026-08-17,-0.04444440205891931,-0.04444440205891931,-0.005780258874628963,-0.04709133019661649,,37.5,-0.12720917010439248,0.3840221196740932,0.8075118018320219,False,False,False
3071,24.700000762939453,2026-08-17,-0.055449287829562044,-0.04077666940040958,-0.13447731907815808,0.05485579821834907,,24.8,-0.2559062303079216,0.407367644611767,0.7359458694863222,False,False,False
3073,22.850000381469727,2026-08-17,0.03393665099792731,0.050574730182516126,0.10653756918064428,-0.25326797069888685,,39.2,-0.014891342049119238,1.2613502476478875,0.5258918292346628,False,False,False
3078,53.20000076293945,2026-08-17,-0.027422303091013567,0.02504815412023298,0.013333347865513323,-0.1582278461911667,,31.9,-0.10809556336425019,0.5221067011206882,0.5915851307047035,False,False,False
3081,2790.0,2026-08-17,0.10059171597633143,0.8851351351351351,0.23464664929407641,1.7086078549068429,,95.7,0.1132177380643129,0.5413893453307416,0.9728703456743227,True,False,False
3085,12.199999809265137,2026-08-14,0.038297856107671224,0.008264415259734204,-0.004081648223254186,-0.06870233175547569,,35.9,-0.1255105594530177,0.22157325234680364,0.7134502653278046,False,False,False
3088,127.5,2026-08-17,-0.12671232876712324,0.00840652546613141,-0.006989001325069966,0.5748722771277934,,77.5,-0.12841791255483348,0.6471408763581675,0.827922077922078,False,False,False
3090,166.0,2026-08-17,0.03105590062111796,-0.14652956298200515,0.03729483132551481,0.8604902836240667,,86.2,-0.0841340799042487,2.182313394061389,0.48823529411764705,False,False,False
3092,24.049999237060547,2026-08-17,0.0190677478100445,0.002083301544189453,-0.16202095478281275,-0.002074736249698339,,17.0,-0.28344986601257627,0.19237615616509482,0.6362433789014741,False,False,False
3093,47.79999923706055,2026-08-17,-0.004166682561238644,0.010570824694818182,-0.0001164224986037743,0.8815639443177645,,85.7,-0.12154533372836729,0.15830053622158424,0.6421210125463457,False,False,False
3094,37.20000076293945,2026-08-17,0.006765899724980429,0.00813006028875507,0.09327706418644732,0.4888563910165309,,81.4,-0.02815184704331619,0.6967866031320641,0.8220994643743526,False,False,False
3095,37.0,2026-08-17,-0.038961038961038974,0.0,-0.17318435754189943,0.21311475409836067,,31.8,-0.29461326877166294,0.38800060721909146,0.774869109947644,False,False,False
3097,24.950000762939453,2026-08-17,-0.02348330692905809,-0.03294567826576167,-0.0008312030032688877,0.15494126180182866,,56.7,-0.1222601142330324,0.6159319097514435,0.8205199584276134,False,False,False
3105,398.0,2026-08-17,0.03242542153048,0.1969924812030075,-0.12448567578833059,0.5891541879958622,,67.9,-0.2459145870180941,1.051015744951237,0.6477670632806547,False,False,False
3114,33.20000076293945,2026-08-17,-0.11466664632161461,-0.004497682699986849,0.23880603388333776,0.29182878511098465,,83.5,0.11737712265357425,0.33663428217954233,0.5753899536213476,False,False,False
3115,8.670000076293945,2026-08-17,-0.03666665818956161,-0.008009118610681987,-0.057608667821649195,-0.18591545663450193,,18.5,-0.1790375790514127,0.1775194609693857,0.6351648585047701,False,False,False
3117,27.149999618530277,2026-08-17,-0.03035715648106152,-0.0018382773164221655,0.06470586739334427,3.2289718529416405,,97.7,-0.05672304383641924,0.2467221839865639,0.5323529336966721,False,False,False
3122,25.450000762939453,2026-08-17,0.005928914245150629,-0.023032571658101797,-0.28410685487700205,0.036659941093613924,,8.5,-0.40553576610676556,0.30650108600135956,0.6330845840779663,False,False,False
3128,22.100000381469727,2026-08-17,0.006833695367497894,0.04988129132853136,0.037558740519447076,-0.17228465355906242,,34.9,-0.08387017071031644,0.2555122300007264,0.5352056225306229,False,False,False
3130,214.0,2026-08-17,0.05679012345679002,0.051597051597051635,0.03267344659625482,0.030352814208222334,,51.1,-0.0887554646335087,2.1428967878037777,1.0,True,True,False
3131,2500.0,2026-08-17,0.012145748987854255,-0.1310537297312342,-0.013173459724226344,0.576478327541238,,76.9,-0.13460237095398986,1.2168263048214318,0.651987814704299,False,False,False
3135,166.5,2026-08-17,0.021472392638036908,0.15224913494809678,-0.11436170212765961,0.5345622119815667,,66.1,-0.23579061335742313,0.6713318121268214,0.6391554702495201,False,False,False
3138,100.0,2026-08-17,0.0020039773760174295,0.010417852709427189,-0.3919341459929596,-0.4871363857545745,,0.2,-0.5133630572227231,0.32275639810307727,0.4668827490685463,False,False,False
3141,73.0999984741211,2026-08-17,-0.08625001907348628,0.15664553151377514,0.18284788635214255,0.6065933730576065,,86.7,0.06141897512237904,0.4044974248771243,0.8786057831179466,False,False,False
3147,230.5,2026-08-17,-0.006465517241379337,0.062211981566820285,0.27348066298342544,0.3679525222551929,,85.9,0.15205175175366192,0.4858081097679811,0.6585714285714286,False,False,False
3149,67.5999984741211,2026-08-17,-0.020289877186650762,-0.15075377173407034,0.16955016204873807,0.29254301071229727,,80.0,0.04812125081897456,0.8244856068605237,0.646889937551398,False,False,False
3150,17.100000381469727,2026-08-17,-0.036619696818606995,-0.005813975408954342,-0.031009385736261885,-0.0035591598768881516,,36.8,-0.1524382969660254,0.6789264451508803,0.740512817717215,False,False,False
3152,224.0,2026-08-17,0.018181818181818077,-0.0018016449801993017,-0.18395125964467574,-0.18395125964467574,,7.7,-0.30538017087443925,0.17474771283158982,0.5996582779686672,False,False,False
3158,82.69999694824219,2026-08-17,-0.015476226806640625,-0.0024126004095944564,-0.038372128508811776,-0.009181361155872536,,35.4,-0.1598010397385753,0.7844519367139132,0.6652639215061712,False,False,False
3162,62.29999923706055,2026-08-17,-0.04006166760691998,-0.11756373111116947,-0.27807990201573585,0.03880250631999327,,8.9,-0.39950881324549936,0.39718379164675016,0.6564278198620211,False,False,False
3163,733.0,2026-08-17,0.0382436260623229,0.32463981393783103,-0.04037199086259724,0.7625820834680217,,81.5,-0.16180090209236075,0.7929137875238325,0.6669229333059963,True,False,False
3167,700.0,2026-08-17,0.06870229007633588,-0.08616187989556134,-0.10280666276825234,2.310115604246252,,95.4,-0.22423557399801586,0.19970066048020346,0.7396420415766175,False,False,False
3168,42.0,2026-08-17,-0.015240363484735231,-0.03448275862068961,-0.0020037791350629997,0.134604056856503,,54.6,-0.12343269036482651,0.2526635449208403,0.8591195927494368,False,False,False
3169,100.5,2026-08-17,-0.024271844660194164,0.01720644631307988,-0.010626904682773608,0.07585321451585658,,47.8,-0.13205581591253712,0.1959978131787321,0.8405649337460371,False,False,False
3171,63.900001525878906,2026-08-17,0.0,0.004717029228858971,0.013980225723315032,0.42590965466108344,,73.3,-0.10744868550644848,0.5615204409983298,0.8620108651127865,False,False,False
3178,59.0,2026-08-17,0.018998246029914956,-0.1654879413475432,-0.11940298507462688,-0.005059009121758273,,22.8,-0.2408318963043904,0.3817196010800181,0.7940780292956416,False,False,False
3188,23.549999237060547,2026-08-17,0.021691974687620963,0.002127627108959418,-0.020790021449543783,-0.1140453543138491,,29.5,-0.1422189326793073,0.496344910597401,0.7531891326124172,False,False,False
3189,905.0,2026-08-17,0.08253588516746402,0.3059163059163059,0.7671525897703961,2.351383654536833,,98.0,0.6457236785406326,0.6634803133486787,1.0,True,True,False
3191,18.350000381469727,2026-08-17,-0.010781609909247258,0.00824173693639163,0.2482993618750975,0.17628204697139327,,81.3,0.12687045064533398,0.1903471748126916,0.6937618091558212,False,False,False
3206,35.400001525878906,2026-08-17,0.048888934100115744,0.06225209075944993,-0.01815741035324181,0.16246460738641644,,54.2,-0.13958632158300532,0.3267014757425288,0.8801517064365879,True,False,False
3207,43.0,2026-08-17,0.014150906899257576,-0.16988415765775822,-0.2880794881838492,-0.36671577269977973,,1.4,-0.4095083994136127,0.2798016135899379,0.5143540763737086,False,False,False
3209,52.20000076293945,2026-08-17,-0.06451610256887053,-0.06618963617069917,-0.314960592473572,0.4914285932268416,,31.5,-0.4363895037033355,1.3266738408241838,0.6412776386293296,False,False,False
3211,392.0,2026-08-17,0.05945945945945952,0.016861219195849486,0.12349426622455972,0.2948136111584323,,76.6,0.002065354994796209,1.2753780474951093,0.8568306010928962,False,False,False
3213,134.0,2026-08-17,-0.02898550724637683,0.13080168776371304,0.25833756692216747,0.4009078326307516,,86.0,0.13690865569240396,0.3955777967348269,0.9403508771929825,False,False,False
3217,135.5,2026-08-17,-0.09364548494983282,-0.08135593220338988,-0.24122715725067068,-0.08995277250909928,,7.3,-0.3626560684804342,0.9275954820901918,0.6946254055736472,False,False,False
3219,72.19999694824219,2026-08-17,0.01120441744070999,0.1323530150816905,-0.10211714207641975,0.20451270422348955,,42.4,-0.22354605330618327,0.8973992352115933,0.6732070932826034,False,False,False
3221,48.84999847412109,2026-08-17,0.013485429479109357,-0.0020429476457552997,0.0860205323714367,0.575862832356633,,83.3,-0.03540837885832682,0.2702031124205784,0.740394046289523,False,False,False
3224,35.70000076293945,2026-08-17,-0.02989126350343252,0.024390310646629,-0.12820512581653853,-0.20930233540574605,,10.8,-0.24963403704630205,0.28954154931305365,0.6800000145321801,False,False,False
3226,52.09999847412109,2026-08-17,0.013618617265794164,0.12770557605519506,0.2864197154103971,-0.0422794666772881,,76.2,0.1649908041806336,3.464706907686929,0.8982758357607084,True,True,False
3227,198.5,2026-08-17,-0.05476190476190479,0.11516853932584259,-0.04854813017990112,0.06338735189173939,,39.7,-0.16997704140966463,0.39449339537127576,0.8104959977351536,False,False,False
3228,147.0,2026-08-17,0.01730103806228378,-0.07836990595611282,-0.18333333333333335,0.10526315789473695,,21.4,-0.30476224456309686,0.41123990904752206,0.570873786407767,False,False,False
3229,54.20000076293945,2026-08-17,0.06483298896136058,0.3251833432975586,0.5118550368158203,1.3514100892374397,,96.2,0.3904261255860568,2.115157512461986,0.969588538165738,False,False,False
3230,44.0,2026-08-17,0.07843139271514366,-0.03190320656984025,0.3213213515942399,0.41252008150348773,,87.9,0.1998924403644764,0.8609868452036833,0.6666666666666666,False,False,False
3231,187.0,2026-08-17,-0.031088082901554404,0.3453237410071943,0.4630752698878067,0.502771183905607,,91.9,0.34164635865804316,0.8268989992464815,0.949238578680203,False,False,False
3232,19.450000762939453,2026-08-17,0.01792290224262616,-0.04080333433980565,-0.03616966979455727,-0.11914834841859367,,26.4,-0.15759858102432078,0.22116470454047518,0.7375707732991243,False,False,False
3234,150.0,2026-08-17,0.27118644067796605,0.4925373134328359,0.6339868737850525,1.4752475870780213,,97.2,0.512557962555289,1.7542695379796445,1.0,True,True,False
3236,45.09999847412109,2026-08-17,0.05005815303819072,-0.06721820274181667,0.11910668307522898,0.4983388007491758,,82.9,-0.0023222281545345336,0.536558855444841,0.6178081982756313,False,False,False
3257,50.5,2026-08-17,-0.01750975679301825,-0.0665434117496908,-0.019683677868662208,-0.19980202790831048,,23.2,-0.14111258909842572,0.1536446224896666,0.6785842433905264,False,False,False
3259,13.949999809265137,2026-08-17,-0.0412371390793379,-0.06375837809308904,-0.13622290162415174,-0.25994697469722483,,8.4,-0.25765181285391525,1.0973121946507347,0.5849056430247942,False,False,False
3260,400.0,2026-08-17,-0.02676399026763987,0.09140518417462484,0.02564102564102555,0.24139891883352527,,65.2,-0.09578788558873796,0.6607491805444853,0.7874015748031497,False,False,False
3264,219.0,2026-08-17,-0.01573033707865168,0.02336448598130847,0.04127297729502333,0.4503446093127579,,76.4,-0.08015593393474019,1.009206404746309,0.8521400778210116,False,False,False
3265,170.5,2026-08-17,0.036474164133738496,0.08945686900958472,0.019245265670482903,0.24939751801911147,,64.9,-0.10218364555928061,1.4302504137301408,0.8857142857142857,False,False,False
3266,14.0,2026-08-17,0.010830297068508354,0.03348366888200571,0.1663009148113055,0.05220626191880018,,70.3,0.044872003581541975,0.46039562470594647,1.0,True,True,False
3268,18.899999618530277,2026-08-17,-0.07579467416051,-0.02072536965505034,0.09565215179885667,0.1489360937362676,,68.0,-0.025776759430906848,0.2425633889522446,0.7957894576223274,False,False,False
3272,14.199999809265137,2026-08-17,0.0,-0.05960268539522995,-0.18390803904715436,-0.2791878548563902,,5.2,-0.3053369502769179,1.6362965587895153,0.5546874842839318,False,False,False
3276,14.649999618530272,2026-08-17,-0.003401373563511889,-0.08092848154403831,0.07729995144251611,0.014147901264479845,,58.0,-0.0441289597872474,0.4857817365538413,0.8005464606174181,False,False,False
3284,21.0,2026-08-17,0.02189784815796525,-0.11764703053857595,0.387559842983354,0.04236193450928161,,84.7,0.2661309317535905,0.5475659620283369,0.692655455804937,False,False,False
3285,37.150001525878906,2026-08-17,-0.02236838089792348,0.005937091087731883,0.3200718657824031,0.22947865277424118,,85.4,0.19864295455263958,0.310779551352541,0.7348056181035931,False,False,False
3287,37.59999847412109,2026-08-17,0.20706256611810292,0.319298192074424,0.18053368991470098,0.24092407329607335,,78.6,0.059104778684937465,2.9070345132469346,0.9778933089219168,True,False,False
3288,22.200000762939453,2026-08-17,-0.015520997160207273,-0.16697932154928252,0.4800000508626303,0.38317768337821057,,91.4,0.3585711396328668,0.4216920969431828,0.7576792266553867,False,False,False
3289,139.5,2026-08-17,-0.007117437722419906,-0.04635552690001643,-0.13171258471177694,0.03874923860082746,,24.4,-0.25314149594154045,0.34375914743985525,0.668230698066874,False,False,False
3290,53.09999847412109,2026-08-17,-0.032786939922202496,-0.15175719219749362,0.17057226143607918,0.09387139199189232,,72.4,0.04914335020631566,0.4005144507755598,0.7609539494220239,False,False,False
3294,31.049999237060547,2026-08-17,0.00648294499571378,-0.02358490622622189,-0.21491782968316797,-0.1774834639189259,,6.1,-0.3363467409129315,0.26549378943821017,0.5262711735095008,False,False,False
3296,23.549999237060547,2026-08-17,0.004264327115892197,-0.08007816851022587,0.2107968284470887,-0.03483608175240327,,70.5,0.08936791721732518,0.08832350399908136,0.7671009332836801,False,False,False
3297,28.0,2026-08-17,-0.00709222544427357,-0.1344667288810213,-0.06976745364968617,-0.28112966748278656,,12.5,-0.1911963648794497,0.18415324893386495,0.4063860577634846,False,False,False
3303,52.29999923706055,2026-08-17,-0.06607144219534733,-0.02788104128757518,0.14298373093669747,0.20025740066301556,,74.6,0.02155481970693396,0.4212209577345976,0.8341307591813283,False,False,False
3305,112.0,2026-08-17,-0.02608695652173909,0.02752293577981657,-0.1725964228140099,-0.007115729761346445,,15.3,-0.2940253340437734,0.5712256511159033,0.6816817405283567,False,False,False
3306,44.5,2026-08-17,0.011363636363636465,0.07173727819305453,0.023183393310044265,-0.03443067504385677,,43.6,-0.09824551791971925,0.21739019446293226,0.672951248074671,False,False,False
3308,20.450000762939453,2026-08-17,0.04071252722339813,0.027638248992579495,0.05412377139462654,-0.16700605301574745,,37.4,-0.06730513983513697,0.3180047999182992,0.7760910993124931,False,False,False
3310,69.5999984741211,2026-08-17,0.0,0.031111088505497708,0.04943832581508634,0.025888511537942582,,54.0,-0.07199058541467718,0.18133141716524917,0.8330962154376581,False,False,False
3311,32.04999923706055,2026-08-17,-0.007739938263315871,-0.05177514909767167,0.050434966342931986,0.014438796005520782,,53.3,-0.07099394488683153,0.16596815667362566,0.7884621051432333,False,False,False
3312,53.0,2026-08-17,0.04950495049504955,0.0973085059457548,0.16997794464949956,0.3642214178027463,,82.0,0.04854903341973604,0.6513873789793553,0.724043746032871,False,False,False
3313,10.300000190734863,2026-08-17,-0.00961532994840053,-0.14166665077209473,-0.08035711016581926,-0.23134324746610857,,13.7,-0.20178602139558277,0.5231201158600781,0.5241730478723161,False,False,False
3317,69.0,2026-08-17,0.001451356631444023,-0.18149469155255005,-0.09210526315789469,0.42709415051857036,,63.1,-0.2135341743876582,0.1354527443541714,0.6540284360189573,False,False,False
3321,18.5,2026-08-17,-0.041450739310101126,-0.021164001407603328,0.20915031172371767,0.03064062471774953,,73.0,0.08772140049395416,0.1755898206278433,0.6890130255926402,False,False,False
3322,11.449999809265137,2026-08-17,0.004385981790174132,-0.05761315483479912,-0.06147541079717245,-0.28437501192092896,,13.0,-0.18290432202693596,0.3018039931971647,0.6361111005147299,False,False,False
3323,31.049999237060547,2026-08-17,-0.025117775033830725,0.0032309683895335173,-0.07313435113252098,-0.24360536384546028,,13.8,-0.1945632623622845,0.2837870542935429,0.550531886471907,False,False,False
3324,1005.0,2026-08-17,-0.004950495049504955,0.10076670317634173,0.05230208335863029,0.0015012860650327475,,52.4,-0.06912682787113322,0.8888778564238453,0.7941592501047566,False,False,False
3325,11.550000190734863,2026-08-17,-0.02941171756429317,-0.06097560881055497,-0.021186440335509094,-0.25242716289171097,,19.0,-0.1426153515652726,0.36691069936379433,0.570370379789376,False,False,False
3332,62.0,2026-08-17,-0.023622047244094446,-0.007701898727144441,-0.021357361014276433,0.14907051992896414,,52.5,-0.14278627224403995,0.12687274538804041,0.8050720407193006,False,False,False
3338,63.59999847412109,2026-08-17,0.0047393244972568915,-0.0031348082340302286,-0.11818938634238407,0.23285518085690304,,41.8,-0.2396182975721476,0.2408079582700829,0.7297057570237047,False,False,False
3339,39.79999923706055,2026-08-17,0.007594917393937806,0.09944746956488104,-0.12431246272906549,0.4214285441807337,,58.1,-0.245741373958829,0.604884842224665,0.5574229465896446,False,False,False
3346,20.299999237060547,2026-08-17,-0.026378951287597485,-0.0193237444993265,0.2929935976865925,-0.06235567691716082,,75.8,0.17156468645682899,0.19341020170606563,0.6928327565068256,False,False,False
3349,22.600000381469727,2026-08-17,-0.02795697284001175,-0.013100403583316877,0.18947370428788024,-0.2299829612357227,,56.5,0.06804479305811673,1.0439786056884348,0.706250011920929,False,False,False
3354,20.700000762939453,2026-08-17,-0.011933173789771434,-0.0547944692462673,-0.3746223046166137,-0.16867465541908022,,1.7,-0.49605121584637724,0.1942245756848681,0.5847457590589896,False,False,False
3356,65.0999984741211,2026-08-17,0.13020833678267651,0.1583629464476921,0.144526463660277,0.4142407638847625,,82.0,0.02309755243051348,1.6877895687115605,0.9938931064751312,False,False,False
3357,220.0,2026-08-17,0.00917431192660545,0.00917431192660545,0.06565114136837358,0.45789400188259277,,78.2,-0.055777769861389936,0.5919534014877503,0.6430652931212951,False,False,False
3360,16.049999237060547,2026-08-17,-0.012307739257812478,-0.17902813997890699,0.12631573593407341,0.09183669695999108,,68.3,0.0048868247043099,0.40008741535413317,0.7024069570728033,False,False,False
3362,178.5,2026-08-17,0.002808988764045006,0.14423076923076916,0.5063291139240507,0.7,,93.4,0.38490020269428715,0.49169566627462347,0.8459715639810427,False,False,False
3363,624.0,2026-08-17,-0.025000000000000022,0.23809523809523814,-0.19483870967741934,0.4133635334088335,,45.0,-0.31626762090718286,1.2006685792095313,0.6303030303030303,False,False,False
3372,15.399999618530272,2026-08-17,-0.06097561117441164,-0.09144549112931022,-0.18518518892288616,-0.2666666848318918,,5.5,-0.30661410015264967,0.3294668557266183,0.6003898576047105,False,False,False
3373,16.5,2026-08-17,0.0,0.01538461538461533,-0.02941176470588236,-0.11764709482255842,,27.4,-0.15084067593564587,0.5257502314744504,0.7990314917581753,False,False,False
3374,292.5,2026-08-17,-0.13204747774480707,-0.18410041841004188,0.24442786010547457,0.7820508112726152,,90.7,0.12299894887571106,1.031218833790417,0.6997607655502392,False,False,False
3376,193.0,2026-08-17,0.05177111716621252,0.054892147603608166,-0.03537982213882018,-0.07604295955866103,,30.4,-0.1568087333685837,0.455626917784342,0.7472152919920356,True,False,False
3379,29.549999237060547,2026-08-17,-0.027960539214994418,-0.008581532816802295,-0.2785452390824663,-0.3347625350208373,,1.9,-0.3999741503122298,0.7314917558132187,0.4365620840493972,False,False,False
3380,28.0,2026-08-17,-0.01754385964912286,-0.060402660508191985,-0.09595870051896549,-0.12381821169331131,,17.7,-0.217387611748729,0.3822099465083952,0.6842863735310982,False,False,False
3388,92.1999969482422,2026-08-17,0.2612858942929104,0.22933329264322944,0.0027540634072671377,0.5454400307838903,,76.9,-0.11867484782249638,3.012509295908794,0.7906011861728182,True,False,False
3390,21.950000762939453,2026-08-17,-0.03094509471257656,-0.08120730379756425,-0.13335008678079951,-0.026685517034429784,,19.2,-0.25477899801056303,0.19854024836233802,0.7393290216971623,False,False,False
3402,124.5,2026-08-17,-0.038610038610038644,-0.10712684894666069,-0.0195241805271551,0.003189545485926093,,39.6,-0.1409530917569186,0.24934898359485802,0.8222345076336948,False,False,False
3406,676.0,2026-08-17,0.23809523809523814,0.3025048169556841,0.2446700028432045,0.4861333292542298,,86.8,0.12324109161344099,1.3350134664367936,0.8733850129198967,True,False,False
3413,297.0,2026-08-17,-0.034146341463414664,-0.19946091644204855,-0.024682348427892076,0.0504705537075838,,42.5,-0.1461112596576556,0.36135414450973835,0.7774869109947644,False,False,False
3416,184.0,2026-08-17,-0.061224489795918324,0.1358024691358024,0.160913456252733,0.2912200509308447,,79.2,0.0394845450229695,0.7883612832852778,0.9350214645254558,False,False,False
3419,12.100000381469728,2026-08-17,0.008333365122477288,-0.03585655796223419,-0.1263537871335636,-0.20394733333521542,,11.2,-0.24778269836332711,0.31160145451298504,0.6740947001212416,False,False,False
3430,113.0,2026-08-17,-0.0423728813559322,-0.13076923076923075,-0.27814762225637935,0.7656419437141975,,60.6,-0.39957653348614286,0.7631584211698439,0.623507380565608,False,False,False
3432,15.25,2026-08-17,-0.06441713412312389,-0.1029411764705882,-0.21593833409725338,-0.1029411764705882,,8.2,-0.3373672453270169,0.6753841804399775,0.6747787496722272,False,False,False
3434,31.299999237060547,2026-08-17,-0.00792393046102946,0.09440555313209642,0.11785711560930534,0.01294497163328101,,63.4,-0.0035717956204581736,0.4156400985024277,0.749271535842336,False,False,False
3437,17.549999237060547,2026-08-17,-0.030386802918095812,-0.019553094353555345,-0.2777777864990796,0.1072554457208903,,11.5,-0.3992066977288431,0.2822917231383363,0.5869565037112603,False,False,False
3438,58.09999847412109,2026-08-17,-0.053745976705992904,0.07195567631519939,-0.10597831159331061,0.22904852745606874,,44.3,-0.22740722282307413,0.1520137495042246,0.7514308725075919,False,False,False
3441,87.4000015258789,2026-08-17,0.09937108837583519,0.2852941400864546,1.026989622989467,1.4593392023292209,,97.9,0.9055607117597035,1.2169447190565477,0.9418103302985117,False,False,False
3443,5850.0,2026-08-17,0.2913907284768211,0.5254237288135593,0.3161593694457636,1.3227871041189592,,95.0,0.1947304582160001,1.2906383230918783,1.0,True,True,False
3444,78.80000305175781,2026-08-17,0.0648649061048352,0.03434202422500521,-0.11146827774185653,0.18297185130378057,,39.2,-0.23289718897162004,0.5040597288325341,0.6866270885887789,True,False,False
3447,27.100000381469727,2026-08-17,-0.01094887741741668,-0.10413221879438916,-0.21069676004805526,-0.3624163980115648,,3.3,-0.3321256712778188,0.24837508953542367,0.3381359543949519,False,False,False
3450,550.0,2026-08-17,0.04961832061068705,0.27314814814814814,0.4040849066871428,1.095449793744276,,94.8,0.2826559954573793,0.2544968747362232,0.8986928104575164,True,False,False
3455,253.0,2026-08-17,0.23114355231143557,0.2649999999999999,-0.07495429616087756,1.2488888888888887,,88.7,-0.19638320739064108,1.224519806650472,0.8161290322580645,True,False,False
3465,29.350000381469727,2026-08-17,-0.020033401208195523,-0.04862236568726219,0.1013133509038433,-0.3584699370170552,,29.5,-0.020115560325920212,0.28366856696151604,0.5579848143134408,False,False,False
3466,25.100000381469727,2026-08-17,-0.029013539223683327,-0.1520270250677801,-0.3085399198619311,-0.3403416324638865,,1.3,-0.4299688310916946,0.3097306052046342,0.497029710524153,False,False,False
3467,45.84999847412109,2026-08-17,0.01775802998021847,-0.11143411182238294,-0.23056203281696275,0.15176143009930532,,18.1,-0.35199094404672626,0.24632525404060382,0.5966867367600828,False,False,False
3479,129.5,2026-08-17,-0.09440559440559437,-0.05818181818181822,0.3305448094261303,0.4857750488392121,,89.3,0.20911589819636678,0.553713010701032,0.8274760383386581,False,False,False
3481,51.20000076293945,2026-08-17,-0.02103247591142643,-0.02661592684019609,0.39873019995239534,1.2774978322510147,,95.3,0.2773012887226318,0.5454971479267338,0.722143859817142,False,False,False
3483,73.9000015258789,2026-08-17,-0.0013513307313661738,-0.0036212798020865966,-0.11074636569707552,-0.11381985885666346,,16.6,-0.23217527692683904,0.31297942121051026,0.6659778085800957,False,False,False
3484,51.5,2026-08-17,0.01577907741660889,0.0957446808510638,0.17312068815398374,0.027944143084197348,,69.8,0.05169177692422022,0.352496520170425,0.9346642727075227,False,False,False
3485,218.5,2026-08-17,0.04796163069544357,-0.06187002096436056,-0.10681037924151693,0.19330133333333333,,40.9,-0.22823929047128044,0.4571220118240842,0.5788978007761967,False,False,False
3489,26.25,2026-08-17,0.011560663901366564,0.3601036807086404,0.3620282528705143,0.4616889414168248,,89.7,0.2405993416407508,1.4796538593314081,1.0,True,True,False
3490,42.45000076293945,2026-08-17,0.34335443830665824,0.5436363913796165,0.14118765828730173,0.7571036056740739,,87.7,0.019758747057538217,3.938622858907882,0.9916527672364297,True,True,False
3491,1330.0,2026-08-17,0.07692307692307687,-0.013288870764312288,-0.24249660142850893,-0.031164095905449773,,9.1,-0.36392551265827244,0.916245967663129,0.6077243535967615,False,False,False
3492,20.899999618530277,2026-08-17,-0.04783604136278696,-0.05643340954978049,-0.052154179515680354,-0.16898608606215015,,20.8,-0.17358309074544387,1.6620800165146479,0.7359154894105547,False,False,False
3494,7.150000095367432,2026-08-17,0.008462615160542697,-0.06290956905295642,-0.05797102086624284,-0.19753083975145813,,17.8,-0.17939993209600635,0.4953540995908975,0.5355805161842455,False,False,False
3498,158.5,2026-08-17,0.268,0.3547008547008548,0.16117216117216127,2.1324111616537578,,96.5,0.03974324994239775,2.0214310013653125,0.990625,True,False,False
3499,12.800000190734863,2026-08-17,-0.019157087842611165,-0.098591523755994,-0.13220337689933126,-0.23353295772653193,,9.9,-0.2536322881290948,0.40672548581169793,0.599531614146684,False,False,False
3501,39.900001525878906,2026-08-17,0.02967745873235894,0.05138341828029036,0.05667338919263121,-0.19842046725225382,,35.5,-0.06475552203713231,0.5177696633691748,0.7241856590752882,False,False,False
3504,79.0,2026-08-17,0.06901215654691328,0.234375,0.010230218452403683,0.4442412961267155,,73.7,-0.11119869277735983,0.5480650609542993,0.8633879781420765,True,False,False
3508,19.100000381469727,2026-08-17,0.13353115424699746,0.17901231370090853,-0.04975124283688592,-0.40498438350805277,,9.5,-0.17118015406664944,0.5979614705711581,0.3652007774396904,False,False,False
3511,20.100000381469727,2026-08-17,-0.009852160744208027,-0.017114932440687958,0.03341900221252425,-0.054117629107307,,43.7,-0.08800990901723926,0.24068387307681596,0.7140319948082172,False,False,False
3512,19.75,2026-08-17,0.0,0.018041257131542032,0.0594181117766337,0.05423760289180346,,58.2,-0.06201079945312982,0.3638950652285175,0.8872082310042821,False,False,False
3515,220.5,2026-08-17,0.023201856148491906,0.09975062344139651,0.046961713237581026,0.04224565043634487,,55.1,-0.07446719799218249,1.7667912014501035,0.6855660722340647,False,False,False
3516,25.450000762939453,2026-08-17,-0.02862595336489049,0.04014493132093544,0.09337188572732158,0.28842074160477926,,74.2,-0.028057025502441935,0.17270427792541934,0.8750707795051671,False,False,False
3518,28.600000381469727,2026-08-17,0.012389394034326706,0.07116103236849125,-0.10344825318253692,0.3364486397796458,,54.5,-0.22487716441230043,0.3096392045008922,0.7352184899644046,True,False,False
3520,18.200000762939453,2026-08-17,-0.01886784304669087,0.15189876855899986,0.197368486271011,0.2013202126209075,,78.4,0.07593957504124749,0.3233348420020473,0.9215190259716178,False,False,False
3521,12.300000190734863,2026-08-17,0.004081648223254186,0.00819675270763387,-0.05019302147519944,-0.2407407647243187,,15.9,-0.17162193270496295,0.15216721546053136,0.7321429017449743,False,False,False
3523,15.399999618530272,2026-08-17,-0.022222246442522464,0.03010032207400104,0.5539858582895758,-0.14681438950364345,,86.5,0.4325569470598123,0.14702618011329405,0.6623655749905493,False,False,False
3526,285.5,2026-08-17,-0.01211072664359858,-0.03547297297297303,-0.203626220362622,0.17672176705289622,,23.7,-0.3250551315923855,0.41303651376631695,0.7227848101265822,False,False,False
3527,51.20000076293945,2026-08-17,-0.01727442874357621,-0.042308735716266255,-0.06462047250218539,-0.07292761246364987,,25.7,-0.1860493837319489,0.19103854626037908,0.7299885022962774,False,False,False
3528,88.0,2026-08-17,-0.023307419641347304,0.04761904761904767,0.07579458089163182,0.26618705035971213,,71.8,-0.04563433033813169,0.5711417956707971,0.6285714285714286,False,False,False
3529,2390.0,2026-08-17,-0.15696649029982368,0.017021276595744705,-0.27324580900906037,0.40265681837313316,,31.0,-0.3946747202388239,1.2518112868204507,0.5112766184580269,False,False,False
3530,56.29999923706055,2026-08-17,0.014414400667757565,-0.008802817019648135,-0.12297872264565113,-0.11064561877762713,,15.0,-0.24440763387541464,0.3453704655856128,0.7204896302402516,False,False,False
3531,21.700000762939453,2026-08-17,0.014018745315743208,-0.041942555037114304,-0.05253348534481361,0.053240679666360036,,38.2,-0.17396239657457713,0.9912958715280551,0.9214437989785682,False,False,False
3532,371.5,2026-08-17,0.3127208480565371,-0.12382075471698117,0.8430682658895079,1.6688157540499278,,97.7,0.7216393546597444,1.793247073557692,0.7103250478011472,False,False,False
3533,1700.0,2026-08-17,-0.13265306122448983,-0.07230806534557965,-0.25585141223333174,0.03601518612103871,,10.5,-0.37728032346309526,2.41179534602844,0.6070685403677214,False,False,False
3535,92.3000030517578,2026-08-17,0.023281664906492194,0.006543142022722881,-0.3007575526381985,-0.07049345201280022,,4.6,-0.422186463867962,0.29331389351925863,0.6215488420993791,False,False,False
3537,55.79999923706055,2026-08-17,0.07514446236069916,0.018741962964448744,0.10395995517031897,0.2434323533564544,,73.2,-0.01746895605944454,0.5095895674163595,0.6480836263177431,False,False,False
3540,20.450000762939453,2026-08-17,-0.023866347579542757,-0.030035833260130262,-0.18948195044614569,-0.33197627095157933,,3.8,-0.3109108616759092,0.39986127721077075,0.5256024111151308,False,False,False
3541,22.100000381469727,2026-08-17,0.05238097054617752,0.023148147739337155,-0.03070170521992821,-0.151631438436715,,24.9,-0.15213061644969172,0.7596709208807352,0.8036363775079901,False,False,False
3543,42.95000076293945,2026-08-17,0.13774836458117767,0.47848543514403863,0.2367596373209695,-0.008351311729312472,,73.8,0.11533072609120598,2.121074871562149,0.7945788241790086,True,True,False
3545,49.650001525878906,2026-08-17,-0.02837567498121374,0.04063867340146765,-0.10033903914554587,-0.05661724425208747,,21.8,-0.2217679503753094,0.4515301455052474,0.7199854182409177,False,False,False
3548,75.5999984741211,2026-08-17,-0.011764725828482425,0.01737048090131088,-0.194447917532116,-0.11741940575124032,,9.5,-0.3158768287618795,0.35759246394788863,0.6319532250775606,False,False,False
3550,23.25,2026-08-17,-0.01898737335245726,0.03333333333333344,0.14814814814814814,0.40483390161952926,,81.9,0.026719236918384626,0.4068731141722675,0.6241610738255033,False,False,False
3551,175.0,2026-08-17,-0.022346368715083775,-0.09090909090909094,-0.10592644910419569,-0.0010351299626398802,,24.9,-0.2273553603339592,0.2889213566280141,0.794732072776248,False,False,False
3552,44.70000076293945,2026-08-17,-0.002232108835358404,0.011702429293811933,-0.12625695516371205,-0.16809358090572857,,12.6,-0.24768586639347556,0.40858728003722666,0.5904904121829572,False,False,False
3555,162.0,2026-08-17,0.003095975232198178,0.14084507042253525,-0.17135549872122757,0.390557939914163,,47.1,-0.2927844099509911,0.22594718377172943,0.5869565217391305,False,False,False
3556,63.70000076293945,2026-08-17,-0.00778810294501775,-0.0015673742212680697,0.30290544654775453,0.5014006027874311,,88.9,0.18147653531799102,0.2504764494575103,0.8151261386137454,False,False,False
3557,24.450000762939453,2026-08-17,-0.06321837526491869,-0.04305277913768135,-0.012733119426723505,-0.27261660265833276,,18.9,-0.13416203065648702,0.42264846368259573,0.5973679881559467,False,False,False
3558,130.0,2026-08-17,0.0,0.007751937984496138,0.1063829787234043,-0.051094890510948954,,57.2,-0.015045932506359216,0.26572414288406965,0.7542496748725386,False,False,False
3563,699.0,2026-08-17,0.021929824561403466,0.1077654516640254,-0.16570735968427996,0.47645562962060506,,56.1,-0.2871362709140435,0.5912581733501174,0.7436275955812776,False,False,False
3564,46.5,2026-08-17,-0.03326400259621465,0.00867682297437522,0.1727286738445737,-0.02435843163827589,,67.0,0.051299762614810174,0.3449174655913751,0.7501321840947827,False,False,False
3567,25.600000381469727,2026-08-17,-0.026615926840196202,-0.03939959670132476,-0.04372240377855019,-0.0261437870557939,,33.6,-0.1651513150083137,0.24537745829938495,0.8137907672293492,False,False,False
3570,163.0,2026-08-17,-0.015105740181268867,0.012422360248447228,0.002950631310416618,4.353156923442292e-05,,43.3,-0.1184782799193469,0.518042871770212,0.8497907058755491,False,False,False
3576,17.850000381469727,2026-08-17,0.04081637192476162,0.0,-0.07272725291066351,0.3222222504792389,,58.5,-0.19415616414042702,0.49588773448137213,0.6685393210267679,False,False,False
3577,126.5,2026-08-17,-0.05243445692883897,-0.02692307692307694,0.015325650086173814,1.058312409579715,,88.4,-0.1061032611435897,0.4124851878473809,0.790625,False,False,False
3580,83.69999694824219,2026-08-17,0.039751514884996064,-0.01645125206793796,-0.23595849767205623,0.23808182468318995,,23.3,-0.35738740890181975,0.3177602976293046,0.750518658218908,False,False,False
3581,113.0,2026-08-17,-0.00877192982456143,-0.02164502164502169,-0.4695876430060736,0.5154638616193961,,12.4,-0.5910165542358371,0.8826629087242579,0.40538658049445814,False,False,False
3583,729.0,2026-08-17,0.047413793103448176,-0.015023853060299519,-0.126155340913913,1.270917282288376,,87.4,-0.24758425214367652,0.610270215405192,0.7616741181760562,False,False,False
3585,51.400001525878906,2026-08-17,-0.05166050180159987,0.007843167174096166,-0.4400871479612146,1.9540231409626037,,88.2,-0.5615160591909781,0.31569327161516825,0.3115151607629025,False,False,False
3587,248.5,2026-08-17,-0.01972386587771202,0.006456434102663389,-0.23332148880956116,0.19160644439467345,,20.6,-0.3547504000393247,0.5565630664333576,0.6379307062548851,False,False,False
3588,54.20000076293945,2026-08-17,-0.06390329301262121,-0.012750468915915913,-0.07769717914298868,0.04199093962054712,,33.6,-0.1991260903727522,0.20009304414434997,0.7193718973484076,False,False,False
3591,20.600000381469727,2026-08-17,-0.0506912600366527,-0.030588217342601087,-0.19999998518564166,0.06735757491186178,,16.7,-0.3214288964154052,0.23245978665553474,0.729203553326362,False,False,False
3592,229.5,2026-08-17,-0.05942622950819676,-0.010775862068965525,-0.02593912236087237,0.057004921089959915,,43.1,-0.14736803359063588,0.45281736048703236,0.8015037916126976,False,False,False
3593,11.199999809265137,2026-08-17,-0.13178293484777792,-0.27035833674730103,-0.3945946049045872,-0.10756974987668722,,1.8,-0.5160235161343507,0.561932689739592,0.5614034777417681,False,False,False
3594,52.79999923706055,2026-08-17,-0.12000001271565752,0.10807969666873274,0.11157893130653784,0.3299747663065573,,77.0,-0.009849979923225671,1.1597376844231515,0.8799999872843425,False,False,False
3595,1405.0,2026-08-17,-0.09354838709677415,-0.23670922902775082,-0.33718171389609375,2.269132778411799,,93.0,-0.45861062512585726,0.7576309800871273,0.5737661850552677,False,False,False
3596,164.0,2026-08-17,-0.05747126436781613,-0.09641873278236912,-0.08379888268156421,-0.05853052716629703,,24.2,-0.20522779391132773,1.041602586848721,0.6924234424923601,False,False,False
3597,26.75,2026-08-17,-0.01654414523225267,0.028846153846153744,0.03669987625866522,0.10188793331429902,,58.4,-0.0847290349710983,0.38169266565163307,0.835739638933787,False,False,False
3603,6.539999961853027,2026-08-17,-0.038235326704268546,-0.07887323243682798,-0.1925926353269678,0.03809520061144145,,15.6,-0.3140215465567313,0.8246425136385716,0.4880597125397786,False,False,False
3605,131.5,2026-08-17,0.223753384125299,0.6820821709791491,0.7551199834874225,1.068048347738968,,96.8,0.633691072257659,1.6497907210063936,0.9962121212121212,False,False,False
3607,14.100000381469728,2026-08-17,-0.01742160232433354,-0.04406777074781498,0.038947417388663474,0.014041096829947586,,51.1,-0.08248149384110004,0.2856462218732882,0.8090164026820637,False,False,False
3609,24.25,2026-08-17,-0.008179990049023145,-0.11657561653913717,-0.16666667759077092,-0.32167832167832167,,5.1,-0.28809558882053443,1.2516681105421945,0.46634615384615385,False,False,False
3611,188.0,2026-08-17,-0.013123359580052507,0.03013698630136985,0.0632781047144555,0.02217203493387032,,56.4,-0.05815080651530802,0.6824523968641127,0.9201919884803925,False,False,False
3615,37.650001525878906,2026-08-17,0.03434065790110763,-0.08616502843014195,-0.14988515374290612,0.38605674707052096,,50.9,-0.27131406497266963,0.20833500091694152,0.628163668039437,False,False,False
3617,260.0,2026-08-17,0.11111111111111116,0.3373435263039215,0.4511599069655736,0.4026636298626778,,91.0,0.3297309957358101,1.9002307485469716,1.0,True,True,False
3622,50.0,2026-08-17,-0.07918967398669385,-0.060150389418202055,-0.07578555618781269,-0.22720243650091188,,14.2,-0.1972144674175762,1.181276915255461,0.684931506849315,False,False,False
3623,21.549999237060547,2026-08-17,0.004661933359642045,0.007009328093650291,-0.054824563238062396,-0.167953685155945,,20.4,-0.1762534744678259,0.3017992909487842,0.675548573503507,False,False,False
3624,87.5,2026-08-17,0.06447692516454717,-0.10440120027481448,-0.032599086094278196,0.5397375754879277,,74.1,-0.1540279973240417,1.0143923560448067,0.49986946245116826,False,False,False
3625,15.449999809265137,2026-08-17,-0.069277141311895,-0.07485035308790589,0.10357141494750977,-0.2137404524580484,,41.7,-0.01785749628225375,0.5862789494575572,0.447826081427975,False,False,False
3628,71.9000015258789,2026-08-17,0.10107194740695236,0.0861027921510813,0.2077143404718056,0.1469604032925187,,77.6,0.08628542924204208,0.3639272556053226,0.7561869775780838,True,False,False
3630,25.450000762939453,2026-08-17,-0.01926782216954981,-0.007797226454784756,-0.023032571658101797,-0.23227753871831236,,20.3,-0.1444614828878653,0.2548934782306699,0.613253030432276,False,False,False
3631,39.900001525878906,2026-08-17,0.18047344457126235,0.23529419406605512,0.044502636884466984,0.37349406450160805,,73.7,-0.07692627434529653,2.10290261116905,0.9626055679485921,True,True,False
3632,7.300000190734863,2026-08-17,-0.08749997615814209,-0.12048192494215626,-0.041994711237550164,-0.2142088029375222,,18.9,-0.16342362246731368,0.5595810860505025,0.7121951405594988,False,False,False
3633,132.5,2026-08-17,0.09053497942386834,0.11344537815126055,0.10997077026182533,0.6009194549567181,,84.8,-0.01145814096793818,2.9429147885162874,0.9434751728125057,False,False,False
3645,69.0999984741211,2026-08-17,-0.0416088774409169,-0.004322810449016279,-0.35337326531517066,0.16349926088797995,,8.0,-0.4748021765449342,0.5719342152887746,0.5970978791367079,False,False,False
3646,23.0,2026-08-17,-0.012875504158102014,-0.004329020771356551,-0.021276595744680882,-0.07630520673246599,,33.0,-0.1427055069744444,1.1165546443178427,0.7796610169491526,False,False,False
3652,37.0,2026-08-17,0.009549753330131638,0.27586206896551735,0.30726246743073604,0.35807478301852025,,86.7,0.18583355620097253,2.9370588379222733,0.9000822750756632,False,False,False
3653,5340.0,2026-08-17,0.29141475211608214,0.673880242699411,0.7388852967923705,0.7277028235882355,,95.8,0.617456385562607,0.6877152602035922,0.9868054722789856,True,True,False
3659,15.699999809265137,2026-08-14,-0.151351361661344,-0.28636364503340284,-0.36693547208649024,-0.4491228137099952,,0.5,-0.48836438331625376,3.808449772946702,0.4062095521200142,False,False,False
3661,4060.0,2026-08-17,0.06842105263157894,0.16666666666666674,-0.08352144469525957,0.19940915805022152,,45.5,-0.2049503559250231,1.748694436961449,0.7553488372093023,False,False,False
3663,63.79999923706055,2026-08-17,-0.00777610872420631,-0.08857143947056356,-0.23501201355178036,0.02737521424654954,,11.7,-0.3564409247815439,0.2505836054010423,0.6957470159248847,False,False,False
3664,6.090000152587891,2026-08-17,-0.08695650930611687,0.01162793552876451,-0.1869158426317643,-0.6045454348414392,,1.1,-0.3083447538615278,0.18073139737374688,0.2624999979446675,False,False,False
3665,2135.0,2026-08-17,-0.02511415525114158,0.2096317280453257,0.08226555292018123,0.6072450416631248,,83.5,-0.039163358309582286,0.8438086606630889,0.7325538712277492,False,False,False
3666,25.149999618530277,2026-08-17,0.003992031317980427,0.026530596674705142,-0.06679039307800183,-0.106571937501029,,23.0,-0.18821930430776534,0.4169837986056613,0.7632776642244502,False,False,False
3669,38.150001525878906,2026-08-17,-0.011657952487844625,0.13541676364248212,0.06972788497145221,0.05819448895856438,,60.0,-0.0517010262583113,0.6500726750987184,0.8965922963554535,False,False,False
3672,12.800000190734863,2026-08-17,0.015873000254767122,-0.003891065311326214,0.15315313070647307,0.06666668256123853,,69.7,0.03172421947670956,0.14695589009013357,0.8258064639183783,False,False,False
3673,62.59999847412109,2026-08-17,-0.011058464002786761,-0.04427483245616659,-0.14912003255390094,0.6429283469322842,,68.3,-0.27054894378366445,0.18081975574980866,0.6825143517462574,False,False,False
3675,294.0,2026-08-17,0.048128342245989275,0.02977232924693518,0.03703703703703698,0.9864864864864864,,88.0,-0.08439187419272653,0.6040099497755074,0.6533333333333333,True,False,False
3678,51.5,2026-08-17,-0.02091251912606573,0.05967081516315531,-0.10500779116431247,0.3761957880939899,,57.7,-0.22643670239407598,0.44465797088371894,0.6810223090989344,False,False,False
3679,109.5,2026-08-17,0.0,0.0,0.0009066638362333901,0.0315020876002996,,45.6,-0.12052224739353012,0.5265047207816697,0.9085152989769032,False,False,False
3680,471.0,2026-08-17,0.056053811659192876,0.013993541442411273,-0.07581642494894114,0.14880374626487058,,41.9,-0.19724533617870466,0.5291782522003425,0.7711531475984357,False,False,False
3684,54.0,2026-08-17,0.02079392140627756,0.06930693069306937,-0.06402535502603734,0.029572082241389852,,34.7,-0.18545426625580086,0.38138166431127535,0.8077954982777865,False,False,False
3685,35.5,2026-08-17,-0.0706806468328377,-0.0670170640785942,0.3027522935779816,-0.08740363476893431,,75.7,0.1813233823482181,0.5347176150422217,0.7759562841530054,False,False,False
3686,14.399999618530272,2026-08-17,-0.03355704783899316,-0.07096776654643411,-0.1603498577940885,-0.37662340343155964,,4.1,-0.281778769023852,0.35589579994933856,0.6180257549376181,False,False,False
3687,65.0999984741211,2026-08-17,-0.015128593390081768,-0.07000002179827014,-0.02550726736417408,-0.10268191546070438,,29.7,-0.1469361785939376,0.16718404356346203,0.786472936148288,False,False,False
3689,109.5,2026-08-17,-0.009049773755656076,0.07020488968840577,-0.03041262634884523,0.008370827724397234,,38.0,-0.15184153757860874,0.41642644130971823,0.7988853309607875,False,False,False
3691,105.0,2026-08-17,-0.08695652173913049,-0.1063829787234043,-0.2857142857142857,-0.13580246913580252,,4.0,-0.4071431969440492,0.3690590635863433,0.6194690265486725,False,False,False
3693,525.0,2026-08-17,0.050000000000000044,0.18778280542986425,-0.015009380863039379,0.2396694214876034,,60.6,-0.1364382920928029,1.0609629252889565,0.7211538461538461,False,False,False
3694,52.70000076293945,2026-08-17,-0.05724509258658983,-0.09048529675977479,-0.1564532295227561,-0.09649866302623689,,12.9,-0.2778821407525196,0.4925262066487123,0.5255945538697372,False,False,False
3701,41.04999923706055,2026-08-17,-0.002430189188582843,0.047193837707016684,-0.2495429860236329,-0.2734513409369814,,3.4,-0.3709718972533964,0.4664112579412231,0.5222646314754852,False,False,False
3702,111.0,2026-08-17,-0.1461538461538462,0.013698630136986356,0.02304147465437789,0.7289720448037997,,83.7,-0.09838743657538562,0.9508420742743,0.8538461538461538,False,False,False
3703,19.700000762939453,2026-08-17,-0.024752474312641604,-0.03902435302734375,0.030545779057054023,-0.08949577765110917,,40.4,-0.09088313217270949,1.6671839465091116,0.8489332313586214,False,False,False
3704,43.29999923706055,2026-08-17,-0.14087305702109387,-0.0525164438908543,0.14624864959625739,0.19159813994190888,,74.5,0.02481973836649387,1.0376873990022726,0.8591269429789061,False,False,False
3706,92.0999984741211,2026-08-17,-0.008611442826886861,0.04303505425855847,0.1412639647705367,0.16287881342103017,,72.8,0.019835053540773195,0.6305563740307238,0.8607476492908513,False,False,False
3707,65.19999694824219,2026-08-17,0.04654892049270698,-0.0509461449123042,-0.10316369071293807,0.13588841838003507,,36.5,-0.2245926019427016,0.36338430005913963,0.6487561885397233,False,False,False
3708,103.5,2026-08-17,0.014705882352941124,0.08832809317199675,-0.0502490462201165,-0.062425306838057915,,28.7,-0.17167795744988001,0.8822905798419767,0.7386951632883649,False,False,False
3709,70.5999984741211,2026-08-17,-0.11194970472803656,-0.019310204059139302,-0.08021488761071416,0.09129385609051055,,36.6,-0.20164379884047767,0.9592312129555253,0.7811737761768448,False,False,False
3710,5.150000095367432,2026-08-17,0.011787807658323102,-0.08687939409890333,-0.17202568021167886,-0.2404129887905997,,7.0,-0.29345459144144237,0.674597235599395,0.5,False,False,False
3711,615.0,2026-08-17,-0.023809523809523836,0.0016286644951140072,0.3148756055561095,1.0516406195994743,,93.3,0.19344669432634598,0.761441317731305,0.8536744271635635,False,False,False
3712,22.350000381469727,2026-08-17,0.05673762574861163,0.3504532575095949,0.42356692057283873,-0.14038460071270287,,82.1,0.3021380093430752,1.3911446048614748,0.5594493105042246,False,False,False
3713,14.800000190734863,2026-08-17,-0.013333320617675781,0.04593643743660447,0.11278195326981577,-0.26732675090348834,,39.0,-0.008646957959947743,0.41700107567434863,0.5362318835571969,False,False,False
3714,59.70000076293945,2026-08-17,0.011864419710838181,0.13714287167503714,-0.09456414392325141,0.6505084146942737,,73.5,-0.21599305515301492,0.48493183228631137,0.7441481651109608,True,False,False
3715,115.0,2026-08-17,-0.08366533864541836,-0.06882591093117407,-0.29862635128130344,-0.26522758656728584,,2.4,-0.42005526251106695,0.8316434870661046,0.5686813425202984,False,False,False
3717,22.149999618530277,2026-08-17,-0.055437147211684024,-0.013363079475009143,0.002482687870455802,0.3016435843919507,,66.3,-0.11894622335930771,0.3075681546971572,0.7605855884325289,False,False,False
4113,15.0,2026-08-17,0.0,0.020408176505266162,0.016949152542372836,-0.2805755527308703,,22.5,-0.10447975868739068,0.6325694027213487,0.5758157558277374,True,False,False
4154,12.25,2026-08-17,0.07929511791027166,0.03375524098343208,-0.13120569726373943,-0.05769230769230771,,17.5,-0.25263460849350294,1.7413587274115956,0.6413612437350839,False,False,False
4171,16.75,2026-08-17,-0.026162833894116,-0.08967389417055172,-0.08469941539240833,-0.22273779150793482,,13.6,-0.20612832662217184,0.3791926997301451,0.6320754716981132,False,False,False
4303,48.45000076293945,2026-08-17,0.0766666836208767,0.14539010961708643,0.05097619016489929,-0.17602038449683655,,36.3,-0.07045272106486422,1.4483140038120152,0.591575089868956,True,False,False
4304,17.649999618530273,2026-08-17,0.13504819305704263,-0.056149791527822956,-0.39032818123013513,-0.4213114879170402,,0.3,-0.5117570924598986,0.7073122586327033,0.5,False,False,False
4305,43.75,2026-08-17,-0.0011415351125906303,0.06189318421941259,0.06022848049479301,0.11173246688614769,,62.3,-0.0612004307349705,0.7937872914654637,0.9954493570087011,False,False,False
4306,15.699999809265137,2026-08-17,0.09027779341479936,0.0644067667298398,0.19149040421589603,0.2224957915692669,,78.8,0.07006149298613251,0.9464966580219084,0.9935086504054325,True,False,False
4401,14.0,2026-08-17,-0.02439026983732251,-0.008662884520466818,0.022533033140861525,-0.10567451312017906,,37.1,-0.09889587808890199,0.2806416367659343,0.8237871890876283,False,False,False
4402,15.600000381469728,2026-08-17,-0.06586828330636008,-0.04294471707699621,0.35652177230171556,-0.21012656296355803,,75.5,0.23509286107195204,0.2075085221371055,0.7042889684033701,False,False,False
4406,10.050000190734863,2026-08-17,-0.033653792368587676,0.035015463568708105,0.0,-0.05188680857939798,,38.2,-0.12142891122976351,0.17186647605598546,0.9392523710171061,False,False,False
4413,19.350000381469727,2026-08-17,0.26470589151936097,0.34843204648667037,0.09102777025270714,0.10014490069281656,,64.7,-0.030401140977056373,6.956932941565296,0.9923418782885779,True,True,False
4414,8.649999618530273,2026-08-17,0.044685977957913625,0.028537428712560153,0.017647013944738,-0.14778325678569826,,33.9,-0.10378189728502552,0.689584720774607,0.6679536483345422,False,False,False
4416,11.149999618530272,2026-08-17,0.056871982649093766,0.08780484083222162,-0.021929825295224914,-0.6213922129142461,,4.8,-0.14335873652498843,1.1092717181335376,0.18071311962167103,True,False,False
4417,47.5,2026-08-17,0.05672968173034998,0.08944957941211329,0.14356614093357223,-0.016664792419787466,,64.1,0.022137229703808714,1.8395121301873607,0.9019677012892611,False,False,False
4420,36.75,2026-08-17,0.03813554847262335,0.03230341503286538,-0.07894740364447939,-0.22265055096255348,,14.1,-0.2003763148742429,0.33161915485069726,0.7215177814459426,False,False,False
4426,7.829999923706055,2026-08-17,-0.011363655520317262,-0.0509091001568418,0.0025608170388020657,-0.18096238702675782,,27.5,-0.11886809419096145,0.3064847841551677,0.6991071479509072,False,False,False
4430,18.049999237060547,2026-08-17,0.03735630073451568,0.0744047652837101,0.06804731624190907,-0.016348835867716294,,53.7,-0.05338159498785444,1.3480807531136458,0.9139240120030656,True,True,False
4431,18.399999618530277,2026-08-17,0.030812281529781327,0.060518686684409406,0.09523812226968165,0.02222220102945993,,60.8,-0.026190788960081868,0.9803517022329604,0.8598130816132212,False,False,False
4432,16.149999618530273,2026-08-17,0.027950264561569904,0.024767795675080473,-0.02071008962544396,0.0030303245684799585,,39.4,-0.14213900085520748,1.0478115792660432,0.9271708974862116,True,False,False
4433,19.100000381469727,2026-08-17,-0.025510203585134117,-0.02798978359988835,-0.033949663591398505,-0.09090495614213068,,29.1,-0.15537857482116202,0.5430279205873078,0.8283282971952861,False,False,False
4438,60.5,2026-08-17,-0.004934198039885596,-0.0065681693900931926,0.044904981098472074,-0.10766965668401318,,41.1,-0.07652393013129144,1.1929946458780236,0.7210965303896784,False,False,False
4439,104.5,2026-08-17,0.0,0.04499999999999993,0.18682079280044595,0.05431169777446487,,72.0,0.06539188157068243,0.944441224205889,1.0,True,True,False
4440,17.799999237060547,2026-08-17,-0.02732240551067433,0.01714281354631697,-0.03523043355014732,0.09772221187768748,,45.1,-0.15665934477991084,0.8607909058030716,0.8480151350693168,False,False,False
4441,196.0,2026-08-17,-0.012594458438287104,0.12643678160919536,-0.01754385964912286,-0.2016293279022403,,23.2,-0.13897277087888638,1.5255437550060653,0.6632825719120136,False,False,False
4442,52.0,2026-08-17,-0.0019193565652551037,0.08333333333333326,0.08556936476994403,-0.026994146256295704,,55.9,-0.03585954645981948,0.5455733914659328,0.7162534585801108,False,False,False
4502,15.699999809265137,2026-08-17,0.0,0.0,0.003194900444321025,-0.006329137991299971,,42.3,-0.11823401078544249,0.4395932988878335,0.8579235226125049,False,False,False
4503,25.200000762939453,2026-08-17,-0.07182316327768645,-0.2999999788072374,-0.40845066512741524,-0.35135130623683863,,0.6,-0.5298795763571787,2.9344330663622946,0.42000001271565757,False,False,False
4506,123.0,2026-08-17,0.012345679012345734,0.0528369939478639,0.07937912850972917,0.1468403384382957,,66.0,-0.042049782720034345,0.4811395554733563,0.9694046730629186,False,False,False
4510,45.45000076293945,2026-08-17,0.1126071593792719,0.1653846349471655,-0.04214963051301124,-0.09099998474121096,,27.6,-0.16357854174277475,1.7453680929590463,0.8233695676586653,False,False,False
4513,17.0,2026-08-17,-0.04225352112676062,-0.19239902061042047,0.16438353122074867,-0.11227152278634278,,61.2,0.042954619990985154,0.5131482424103113,0.7280513799687555,False,False,False
4523,24.549999237060547,2026-08-17,-0.04660197137628941,0.01237110255919771,-0.03885237004430553,-0.06717043672843515,,30.8,-0.16028128127406904,0.7712506558794363,0.6761842511160405,False,False,False
4526,30.899999618530277,2026-08-17,0.016447368627440007,-0.014935728968278883,-0.1426780557849614,-0.06519417742391131,,15.4,-0.2641069670147249,0.2543708193114248,0.7173118865456538,False,False,False
4527,41.04999923706055,2026-08-17,0.011083763050540485,0.04987214422092867,0.004972183750678205,0.06080398824826361,,49.0,-0.11645672747908531,0.8584862947468199,0.9557624798107484,False,False,False
4528,15.100000381469728,2026-08-17,-0.006578909805936561,-0.01948047042154244,-0.022653684926618456,-0.22644825701062654,,20.9,-0.14408259615638197,0.45071136187136185,0.7056650558060864,False,False,False
4529,3.7200000286102295,2026-08-17,-0.12676060358178565,-0.10576919109158112,-0.37268125863463264,0.1272727522311463,,5.8,-0.49411016986439615,1.4388167001279268,0.6118421176463945,False,False,False
4532,23.799999237060547,2026-08-17,-0.008333365122477177,-0.03643730761455255,0.0236558811638945,-0.02658492865424189,,44.7,-0.09777303006586902,0.3336482057034901,0.8178693788683209,False,False,False
4533,27.149999618530277,2026-08-17,0.06470586739334427,0.04423075455885672,-0.14353315567514413,-0.2510344932819234,,8.1,-0.26496206690490764,1.2445067621483685,0.6581818089340673,False,False,False
4534,31.25,2026-08-17,-0.11221592833311067,-0.25059953409465663,0.4204545454545454,0.38888888888888884,,90.3,0.2990256342247819,0.3798055316341574,0.7378984917578217,False,False,False
4535,29.049999237060547,2026-08-17,-0.008532423430365976,0.037499972752162325,0.07651009386847463,0.03913128850629777,,59.7,-0.04491881736128889,0.5090727117718653,0.9893216344389096,False,False,False
4536,167.5,2026-08-17,-0.023323615160349864,0.012084592145015005,0.11568801089295144,0.10516265018029292,,67.8,-0.0057409003368120715,0.6449228000097504,0.9011325889567652,False,False,False
4537,125.5,2026-08-17,-0.10035842293906805,-0.23241590214067276,-0.22786153199972892,0.6218888804204292,,57.7,-0.34929044322949243,0.49206759796404437,0.6292928354692149,False,False,False
4538,17.5,2026-08-17,0.0,-0.05405405405405406,0.007558578157103701,0.038691103216464295,,47.7,-0.11387033307265981,0.5649070593808192,0.9234828124241967,False,False,False
4540,61.20000076293945,2026-08-17,0.023411397052514715,0.18604656148649013,-0.15586205844221446,0.2710280129492133,,39.0,-0.27729096967197797,0.857849028504239,0.7917205478240632,True,False,False
4541,72.69999694824219,2026-08-17,0.11162072250831145,0.0013773894796531572,0.7207833202950902,0.7070484624902658,,95.6,0.5993544090653267,1.2962034846237929,0.9603698795120009,False,False,False
4542,265.0,2026-08-17,-0.09401709401709402,-0.19083969465648853,0.2325581395348837,1.192985707112514,,93.3,0.11112922830512018,0.6997315588782432,0.5364372469635628,False,False,False
4543,31.75,2026-08-17,-0.004702182455298298,-0.006259804637358424,-0.18380465926517364,0.02750810329978104,,16.2,-0.30523357049493716,0.1770639782010421,0.6850054162941817,False,False,False
4544,13.399999618530272,2026-08-17,0.0,-0.06620214199897867,-0.04058969084356978,-0.07257005136900208,,29.6,-0.1620186020733333,0.09392100960693969,0.7750110618016874,False,False,False
4545,32.45000076293945,2026-08-17,-0.016666643547289306,-0.044787745719548355,0.03569907748512535,-0.07332182162679346,,42.0,-0.08572983374463816,0.2211389288953173,0.7673200504921396,False,False,False
4546,65.30000305175781,2026-08-07,-0.010606014367305905,-0.4538689062353939,-0.4328638586001845,-0.5138833165747405,,0.1,-0.554292769829948,1.2985899760387913,0.43798633794074315,False,False,False
4549,100.5,2026-08-17,0.1056105424969438,0.1108953500090446,0.07524551237418287,-0.010774164144489395,,55.5,-0.04618339885558065,0.37648592229543987,0.7281517752323493,True,False,False
4550,24.700000762939453,2026-08-17,0.012295129061450583,0.012295129061450583,0.03674081747756475,-0.023784535830210007,,47.2,-0.08468809375219877,0.5037910038879929,0.9142335244670636,False,False,False
4551,170.5,2026-08-17,-0.02011494252873558,-0.06871500301499667,0.1991888276636553,0.4469552029237749,,85.1,0.0777599164338918,1.5819356064332413,0.6208566129115244,False,False,False
4552,17.600000381469727,2026-08-17,0.0,-0.07853402984511226,-0.10659900000716471,-0.24625267263649075,,11.1,-0.22802791123692823,0.45860814413780915,0.712550600722136,False,False,False
4553,16.399999618530273,2026-08-17,-0.003039583105784893,-0.023809502184254927,-0.108260086638021,-0.08362634589322715,,18.6,-0.22968899786778452,0.3129045358327553,0.5350439702131464,False,False,False
4554,31.549999237060547,2026-08-17,0.017741910872920874,0.03273322504004805,0.03104571384796806,0.1535648554665623,,61.0,-0.09038319738179545,1.3614449007443505,0.9211678609360744,False,False,False
4555,49.0,2026-08-17,0.006160148508433716,0.053763440860215006,0.18971990160702723,0.27404290485673544,,80.8,0.06829099037726372,0.563093149036206,0.8508238416161727,False,False,False
4556,84.69999694824219,2026-08-17,0.010739783576481532,-0.21574076899775751,1.2258951787199588,2.0776816889577634,,98.7,1.1044662674901953,0.9801898857071543,0.6392452599867335,False,False,False
4557,51.400001525878906,2026-08-17,0.04154008338688864,0.009823182416719423,0.12999863218039254,-0.21693075630662328,,46.6,0.008569720950629023,1.2784754906211948,0.6271889258919946,False,False,False
4558,17.649999618530273,2026-08-17,-0.045945966565931196,0.03216369735620295,-0.12623767564838995,-0.08311690293349228,,16.5,-0.24766658687815346,0.352901180506395,0.6337522217871808,False,False,False
4559,9.170000076293944,2026-08-17,-0.07931726494250158,-0.03371967360822359,-0.07280083337053866,0.14625000953674294,,42.4,-0.19422974460030218,1.9202424659458295,0.6032894862738343,False,False,False
4560,32.45000076293945,2026-08-17,0.0015431862563528576,0.020440300046340232,0.05155128288093769,0.07784006328747828,,58.8,-0.06987762834882583,0.7744764755699838,0.9259297396632068,True,True,False
4561,50.20000076293945,2026-08-17,0.17152864762077735,0.4020643742551988,0.051548336708877374,0.09251768666639215,,59.8,-0.06988057452088614,1.661809288215356,0.8886323832171776,True,False,False
4562,32.849998474121094,2026-08-17,0.010769183819110628,0.024960975229462168,-0.2141148546960795,-0.14675328638646512,,7.2,-0.335543765925843,0.5267268305992375,0.595108659784225,False,False,False
4563,39.75,2026-08-17,0.0037879174661317183,-0.0012562622617838803,-0.16753926701570676,-0.28378378378378377,,5.8,-0.2889681782454703,0.4750635622682831,0.5811403379130149,False,False,False
4564,17.399999618530273,2026-08-17,0.03264090353762783,-0.09844557998125858,0.08411217729858111,-0.00571430751255575,,57.3,-0.0373167339311824,0.7201905445370825,0.8055555236682976,False,False,False
4565,121.5,2026-08-17,-0.008163265306122436,0.024698814018871085,0.09506433823971805,0.29517765494271964,,74.6,-0.026364572990045465,1.5566357590960342,0.9775862154694148,False,False,False
4566,74.5999984741211,2026-08-17,-0.002673857880705288,0.23102310812728222,0.22697367451032435,0.27296918469388665,,82.6,0.10554476328056084,1.6640131224048416,0.9777194690741555,False,False,False
4568,39.29999923706055,2026-08-17,-0.023602503427067156,-0.013801737970396966,0.02297718595802012,-0.025276420191995497,,44.7,-0.0984517252717434,0.7670917242486727,0.9083138338485194,False,False,False
4569,162.0,2026-08-17,-0.03099549196307705,0.042367607057422374,-0.033828812177607914,0.1759093920728032,,52.7,-0.15525772340737143,0.4471422740810692,0.7684431444406454,False,False,False
4571,170.0,2026-08-17,-0.017341040462427793,0.11842105263157898,-0.23007210195861305,-0.034938889794084105,,10.0,-0.35150101318837657,0.5134390325909048,0.7549939796299519,False,False,False
4572,141.0,2026-08-17,-0.007042253521126751,-0.02758620689655178,0.012230687015324815,0.0017953134513208902,,45.1,-0.1091982242144387,0.5103627505545657,0.8211899295686906,False,False,False
4573,435.0,2026-08-17,0.083437110834371,0.23229461756373948,0.0915934755332497,4.228365576390691,,98.5,-0.029835435696513812,1.465330017431159,0.7201986754966887,True,False,False
4575,24.200000762939453,2026-08-17,0.0876404837276159,0.04989160798018144,-0.06563702241812208,0.2546330201110798,,53.9,-0.1870659336478856,0.3186988807478016,0.6689157221557992,True,False,False
4576,225.5,2026-08-17,-0.004415011037527616,0.16237113402061865,-0.10193697368560994,0.9425912717806537,,83.1,-0.22336588491537346,1.0416596803642522,0.795472347447296,False,False,False
4577,78.5,2026-08-17,0.0,0.12142857142857144,-0.36693548387096775,0.36998256623409675,,14.8,-0.48836439510073126,0.4854870657059222,0.43370165745856354,False,False,False
4580,78.69999694824219,2026-08-17,0.0038264721495477882,0.02243883698462712,0.009954874291269844,0.01991739506025514,,46.4,-0.11147403693849367,1.4565375606884587,0.8562661182330814,False,False,False
4581,48.09999847412109,2026-08-17,-0.012084044646867964,0.00541847285086261,0.03811496211770349,0.0014756308840273569,,49.6,-0.08331394911206003,1.8782671173983203,0.9023897308516586,False,False,False
4582,24.549999237060547,2026-08-17,-0.15198623177625603,-0.11690647802850951,-0.23520247962464325,-0.1340388392690448,,6.1,-0.35663139085440676,1.3981100760523069,0.5682870093400918,False,False,False
4583,495.5,2026-08-17,-0.010978043912175606,-0.11517857142857146,-0.2971631205673759,-0.3015186513136696,,1.9,-0.41859203179713944,1.5138842350826982,0.6185812911868911,False,False,False
4584,39.79999923706055,2026-08-17,-0.00500001907348635,0.0583688165929277,-0.0009200475076986958,-0.07887023791992487,,35.8,-0.12234895873746221,1.1526404033437578,0.7538022528673813,False,False,False
4585,310.5,2026-08-17,-0.017405063291139222,0.029850746268656803,-0.08683003113378063,-0.1618009566599845,,16.5,-0.20825894236354414,0.528055271527317,0.3897258338293103,False,False,False
4587,42.95000076293945,2026-08-17,-0.024971588948306533,-0.07733616612511074,-0.3579970137022326,0.7674897988241627,,47.4,-0.4794259249319961,0.33118594221372943,0.5749665665006448,False,False,False
4588,51.29999923706055,2026-08-17,-0.019120459169937876,-0.005813938874649316,0.0030243660272752937,-0.21647803974827995,,25.1,-0.11840454520248822,0.30007361985267034,0.7305813114207984,False,False,False
4590,88.80000305175781,2026-08-17,0.06859211410709953,0.009090943769975102,0.24439465095627222,0.12595403158152152,,79.3,0.1229657397265087,2.4978797910127866,0.9063650701959831,False,False,False
4609,4.929999828338623,2026-08-17,-0.006048429350326678,0.01232031708203074,-0.11330937426700227,-0.07330833284559113,,18.6,-0.2347382854967658,0.56360010404925,0.6386010313889185,False,False,False
4702,9.699999809265137,2026-08-17,0.0,0.01464428697734843,0.05128210958703927,0.03212916081151396,,55.0,-0.07014680164272424,0.5185524443861202,0.9711843973229376,False,False,False
4706,32.0,2026-08-17,0.012658215623466695,-0.01538461538461533,0.0031348082340301175,0.049180327868852514,,47.8,-0.1182941029957334,0.44771207371976135,0.9142857142857143,False,False,False
4707,32.20000076293945,2026-08-17,0.00782472594773731,-0.20493825276692712,1.2361112233297358,2.220000076293945,,98.7,1.1146823120999723,0.9875798996864134,0.7155555725097656,False,False,False
4711,17.049999237060547,2026-08-17,0.052469039141382234,0.052469039141382234,0.060781598567161366,0.15499562408178225,,64.5,-0.06064731266260215,0.6567171135336266,0.9464115731191082,True,False,False
4714,10.649999618530272,2026-08-17,0.009478618577014819,-0.027397278169907002,-0.18390808713616147,-0.38081400313204383,,3.5,-0.305336998365925,0.47443731831009456,0.4977749452361415,False,False,False
4716,17.399999618530273,2026-08-17,0.005780369125999885,-0.07446806783749471,0.2041522386300405,0.12258062055034014,,76.3,0.08272332740027699,1.1922546070265394,0.7190082260318401,False,False,False
4720,18.100000381469727,2026-08-17,-0.09045222470177561,-0.11056510849251888,-0.26217465356948644,0.11231081740011062,,12.8,-0.38360356479924995,0.26449631675944485,0.6198229689894952,False,False,False
4721,76.30000305175781,2026-08-17,0.035278238957615615,0.0611961256258835,-0.10988686759256594,0.20547541320717677,,41.3,-0.23131577882232945,0.31788731087315175,0.7781880924264654,True,False,False
4722,218.0,2026-08-17,0.011600928074245953,-0.04385964912280704,-0.10492662099469663,0.3720717476213937,,57.3,-0.22635553222446014,0.6359025370503987,0.7140145245303356,False,False,False
4729,19.5,2026-08-17,-0.04878048780487809,0.01827678268625399,-0.22155686251876316,-0.10958902558608097,,7.6,-0.3429857737485267,0.13043516573168631,0.7169117445970494,False,False,False
4738,6.900000095367432,2026-08-17,0.10400001525878899,0.010248927151289555,-0.16867470640907045,0.03448276108585624,,18.4,-0.29010361763883397,0.6160706142835294,0.37297297812796926,False,False,False
4739,90.1999969482422,2026-08-17,0.03678157411772642,0.07253268234003807,-0.04075621814659036,0.3492033639775405,,64.0,-0.16218512937635388,0.4231181280692344,0.699510075856474,True,False,False
4741,43.54999923706055,2026-08-17,-0.021348331751448346,-0.05119830524392033,-0.20593124211243252,0.9978625525382188,,78.1,-0.32736015334219604,0.10490219736564228,0.5401627987169753,False,False,False
4749,786.0,2026-08-17,0.0,-0.013801756587201952,-0.1950688888686093,-0.0715958741035656,,11.0,-0.3164978000983728,0.39572682804996934,0.6747720058954019,False,False,False
4754,38.25,2026-08-17,0.024096427380110974,0.04223431075853745,0.06906561372974696,0.05930888997891626,,60.0,-0.05236329750001656,1.5977643894465616,0.9922179184695771,False,False,False
4755,117.0,2026-08-17,-0.012658227848101222,-0.07509881422924902,-0.10641059108707818,-0.04612877073500732,,21.6,-0.2278395023168417,0.2622960493605465,0.7090724174340712,False,False,False
4760,251.5,2026-08-17,0.026530612244898055,0.006000000000000005,-0.17133443163097195,0.4220692062641329,,49.9,-0.29276334286073546,0.623561361138773,0.5373931623931624,False,False,False
4763,50.09999847412109,2026-08-17,0.0019999694824217595,0.10474090760357102,0.20577615870169175,-0.04933590609446026,,69.3,0.08434724747192823,1.3216565636373752,0.6863013489605628,False,False,False
4764,225.0,2026-08-17,-0.030172413793103425,-0.22997990039494232,-0.26108374384236455,0.9235583324517112,,71.1,-0.38251265507212806,0.705382897723862,0.6253112646947468,False,False,False
4765,19.399999618530277,2026-08-17,0.12138731064051433,0.24358968872682407,-0.03000001907348615,0.5519999694824222,,75.0,-0.15142893030324966,2.207963407080349,0.6227929327803186,True,False,False
4766,332.0,2026-08-17,-0.019202363367799125,0.0,-0.030885072283358794,0.12724183447278703,,48.6,-0.1523139835131223,0.4076320885641819,0.7956245307987967,False,False,False
4767,27.299999237060547,2026-08-17,0.03213604724397867,0.045496313861703275,0.08540071458839571,0.10436893185155816,,64.4,-0.036028196641367805,6.122786235368628,0.9574915208883834,False,False,False
4768,310.0,2026-08-17,-0.03125,0.04026845637583887,-0.2654028436018957,-0.2645314353499407,,3.3,-0.3868317548316592,0.4129256508825641,0.5762081784386617,False,False,False
4770,218.5,2026-08-17,-0.011312217194570096,0.02102803738317749,-0.037444933920704804,-0.07519326040640528,,30.2,-0.15887384515046832,0.4081491620376236,0.7044766262457444,False,False,False
4772,255.0,2026-08-17,-0.00390625,0.0386965376782078,-0.12336005863402488,-0.20453041739343336,,11.3,-0.2447889698637884,0.7935062179839626,0.6854578352915659,False,False,False
4903,35.5,2026-08-17,-0.1507176878480626,0.01865140758504147,-0.22993489858945548,-0.09554140127388533,,7.6,-0.351363809819219,0.6386687272079855,0.6672932235130765,False,False,False
4904,100.5,2026-08-17,-0.009852216748768461,-0.024271844660194164,0.06489351700238077,0.15955070184900677,,65.1,-0.05653539422738274,0.36235766647893375,0.9276405451478033,False,False,False
4905,93.0999984741211,2026-08-17,0.3651026780070947,0.35714286508683335,0.1951219082222051,0.47777775355747765,,85.4,0.07369299699244158,2.2677409566371702,0.948065187040595,True,True,False
4906,35.849998474121094,2026-08-17,0.007022472211107855,0.005610012333295611,-0.046276078612848215,0.26940488714550637,,58.5,-0.16770498984261173,0.2677591143654686,0.6786799156830008,False,False,False
4907,47.5,2026-08-17,0.050884938014124304,0.1919699327177362,0.23697911751353273,0.12559239671187572,,78.5,0.11555020628376922,0.8613280999325783,0.9368836150929887,False,False,False
4908,163.5,2026-08-17,0.05483870967741944,0.1847826086956521,-0.29373650107991356,1.2427983069651765,,80.9,-0.4151654123096771,0.9234377104381976,0.5570698466780238,False,False,False
4909,39.04999923706055,2026-08-17,0.010349228858731463,0.018252954127542687,-0.24174758762989235,-0.3243944679497117,,3.0,-0.36317649885965586,0.2748646655267866,0.5594555520019727,False,False,False
4911,28.299999237060547,2026-08-17,-0.007017570629454517,-0.09039485262806968,-0.004717769316367804,-0.2398144611063886,,22.4,-0.12614668054613132,0.31048618916607273,0.5805812687778609,False,False,False
4912,92.3000030517578,2026-08-17,0.027839642706460443,0.12014564736105804,-0.0870544069102247,-0.014598393294612877,,26.6,-0.20848331813998822,0.49684222578097725,0.8097430095266039,False,False,False
4915,60.5,2026-08-17,-0.0032949054435854608,-0.06779663208674047,-0.10402240233243132,-0.1676078746774684,,14.3,-0.22545131356219483,0.5842423921932779,0.7256511922628988,False,False,False
4916,104.0,2026-08-17,0.0,0.025274198944361226,0.2784591887312795,0.5655383043568092,,89.0,0.157030277501516,0.7006953331731235,0.8399836901970554,False,False,False
4919,125.5,2026-08-17,-0.015686274509803977,-0.10992907801418439,-0.16333333333333333,1.1092436974789917,,84.0,-0.28476224456309684,0.2973429537197412,0.5730593607305936,False,False,False
4923,51.5,2026-08-17,0.033099329516238285,0.053169701288150684,0.44662927548823306,0.6532905499415822,,92.7,0.32520036425846954,0.32849221802026574,0.7744360902255639,False,False,False
4924,9.729999542236328,2026-08-17,-0.027000045776367165,-0.025050101349401444,-0.17542378093551736,-0.11141555144106285,,10.9,-0.2968526921652809,0.34763490680884457,0.6574323930298007,False,False,False
4925,118.0,2026-08-17,0.1291866028708133,0.0,-0.3198847262247838,0.9376025787102316,,65.6,-0.4413136374545473,0.625325099170739,0.5673076923076923,False,False,False
4927,33.54999923706055,2026-08-17,-0.007396449871096,-0.0808219387106699,-0.32765534647005967,-0.007396449871096,,4.9,-0.4490842576998232,0.29255458565379416,0.5420032053316525,False,False,False
4930,16.299999237060547,2026-08-17,0.0,-0.026865717190415084,-0.02102104441373087,-0.22916866983674156,,21.0,-0.14244995564349439,0.5992788598957036,0.6987161075355905,False,False,False
4931,269.5,2026-08-17,0.13235294117647056,0.3542713567839195,0.48844509399174574,0.8404421324636346,,94.2,0.3670161827619822,1.0244278734893288,0.9745454352834301,True,False,False
4933,53.59999847412109,2026-08-17,-0.027223231243908463,-0.010649294850269775,-0.16947000989596073,-0.0018940043747573965,,16.0,-0.29089892112572424,0.19807138339747718,0.7239151513527827,False,False,False
4934,14.5,2026-08-17,0.010452934811344461,-0.049180327868852514,-0.1470588235294118,-0.17142857142857137,,10.8,-0.2684877347591753,0.3235545182301899,0.6987951807228916,False,False,False
4935,34.70000076293945,2026-08-17,-0.005730680635963603,-0.001438826965771134,-0.01604407705154942,-0.08785646599916774,,32.7,-0.13747298828131294,0.36859884650347347,0.6970490197333046,False,False,False
4938,90.3000030517578,2026-08-17,0.008938581583886052,0.09854022389582129,0.22709838526453696,0.35580281513635503,,84.6,0.10566947403477345,1.313967431273536,0.9525316470976996,False,False,False
4939,60.400001525878906,2026-08-17,-0.01468185517753684,0.003322271767520979,0.5823756895255281,0.6998347133700522,,94.6,0.4609467782957646,0.6348401392111899,0.8296703158506324,False,False,False
4942,33.400001525878906,2026-08-17,-0.02906976615241441,-0.037388290399774315,-0.04000399102458063,-0.06540073849012584,,30.8,-0.16143290225434415,1.3815217577143826,0.8512735691798018,False,False,False
4943,8.199999809265137,2026-08-17,-0.06071016732670109,-0.055299594358818815,-0.08888891008165145,-0.3109243636868376,,10.2,-0.21031782131141497,0.6638845505539861,0.4555555449591743,False,False,False
4949,76.19999694824219,2026-08-17,0.05103444066540952,0.10274961839225139,-0.118055606452525,0.6646730130570435,,72.1,-0.2394845176822885,0.818453927516214,0.7055555272985388,True,False,False
4950,16.200000762939453,2026-08-17,0.031847194888451336,0.022082042463476004,-0.021147945030555615,-0.11716618930980482,,29.0,-0.14257685626031913,0.407012953173985,0.6159696286268815,False,False,False
4951,78.4000015258789,2026-08-17,-0.012594458196251712,-0.002544490485048012,-0.30369376103262113,0.1789844532145084,,12.3,-0.42512267226238465,0.24369927901320415,0.5819130812762981,False,False,False
4952,52.20000076293945,2026-08-17,0.050301810093013266,0.07851237845578862,0.10657889565602874,0.31800972389628535,,76.4,-0.014850015573734776,0.44931538455992104,0.8685524473917691,True,False,False
4953,125.0,2026-08-17,-0.015748031496062964,0.028806584362139898,0.09547084585941579,0.09547084585941579,,64.8,-0.025958065370347727,0.27814053181625226,0.9116155759848052,False,False,False
4956,30.799999237060547,2026-08-17,-0.01910829263563585,0.038785822371868006,-0.27699529717656857,0.2701030613220845,,19.8,-0.3984242084063321,0.37333093609383916,0.5630712761877743,False,False,False
4958,503.0,2026-08-17,0.06907545164718387,-0.03454894433781186,0.23975093816395532,1.5449158477071512,,95.2,0.1183220269341918,1.3483001453581587,0.7786377708978328,False,False,False
4960,21.549999237060547,2026-08-17,0.0311004607844092,0.0,-0.376266289061314,0.48109958450606327,,21.0,-0.4976952002910775,0.9801060629076568,0.47942155442249007,False,False,False
4961,165.0,2026-08-17,-0.051724137931034475,0.0714285714285714,0.036520500185862614,0.18156260404359226,,63.6,-0.0849084110439009,0.6234365408170968,0.9322033898305084,False,False,False
4966,565.0,2026-08-17,-0.05833333333333335,-0.03418803418803418,-0.22390109890109888,0.09022771571750776,,14.9,-0.3453300101308624,0.37638734853137124,0.6494252873563219,False,False,False
4967,263.5,2026-08-17,-0.030207839369547407,0.3015632187338728,0.05641439434792228,0.18530159622460318,,65.7,-0.06501451688184123,0.7108832533652084,0.8933553603537843,False,False,False
4968,93.1999969482422,2026-08-17,-0.029166698455810436,-0.06800003051757797,-0.1403921152491029,-0.1952607253247044,,10.5,-0.2618210264788664,0.45777678475130934,0.5679091056081624,False,False,False
4971,528.0,2026-08-17,0.05179282868525892,0.410974321928786,-0.17966613702044987,0.30323979847788807,,37.7,-0.3010950482502134,0.6852913478322945,0.6067836584148457,True,False,False
4972,16.5,2026-08-17,-0.006024119227211244,-0.017857098255025683,0.006097584377790843,-0.09340663141076089,,35.7,-0.11533132685197267,0.33043030688186387,0.8375634193395849,False,False,False
4973,153.5,2026-08-17,-0.05246913580246915,0.08865248226950362,0.3954545454545455,2.421142399636249,,97.6,0.274025634224782,0.706418753031321,0.7309523809523809,False,False,False
4974,70.0,2026-08-17,0.004304204661308431,0.054216843243866775,0.0008890692481311468,-0.046957126553466066,,38.8,-0.12053984198163237,0.43655518285928935,0.7675912747799135,False,False,False
4976,38.70000076293945,2026-08-17,0.07053939500486783,0.1709531514767264,0.25649356238857024,0.23052463669709566,,83.2,0.13506465115880673,0.8719611972185066,0.6730434915293818,True,False,False
4977,158.0,2026-08-17,0.09342560553633228,0.23550282274069034,-0.20879132298737924,0.1809952913878612,,23.3,-0.33022023421714275,1.3604749333824189,0.5937721488559091,True,False,False
4979,545.0,2026-08-17,0.01679104477611948,0.5308988764044944,0.047448061800899666,0.670168754888864,,83.4,-0.07398084942886385,1.8272550864153714,0.7629739962964153,False,False,False
4980,40.650001525878906,2026-08-17,-0.06120087200633262,-0.09566182789936295,-0.13048125078333894,0.35726211987880085,,51.2,-0.25191016201310246,0.3370497145532257,0.7598131126332506,False,False,False
4989,64.80000305175781,2026-08-17,-0.03999995478877316,-0.07954543114693746,-0.2694475165588832,0.25096532830441354,,19.5,-0.39087642778864673,0.8992799295037752,0.5562232021610113,False,False,False
4991,488.0,2026-08-17,-0.045009784735812186,0.3555555555555556,-0.26836581709145424,0.8380414312617703,,65.8,-0.38979472832121775,1.4617073938762648,0.5609195402298851,False,False,False
4994,83.9000015258789,2026-08-17,-0.03452243897955054,-0.09100759748803622,-0.04832117398525193,-0.14908719245163482,,22.6,-0.16975008521501544,0.48360716754399957,0.8266010002549646,False,False,False
4995,49.0,2026-08-17,-0.013091671820797623,0.08407077816193875,0.14532522101247558,0.2580262853383135,,76.8,0.023896309782712066,0.881058639062055,0.9645669436202003,False,False,False
4999,18.950000762939453,2026-08-17,-0.01813463668169557,-0.020671814503597008,-0.035715173091182995,-0.19203079230159925,,21.2,-0.1571440843209465,0.33325318613706467,0.6651392849847986,False,False,False
5007,56.29999923706055,2026-08-17,0.003565076085193075,0.014414400667757565,0.0017793322555794688,0.001008149639140976,,42.9,-0.11964957897418405,2.3651181244741597,0.9623931493514624,False,False,False
5009,32.95000076293945,2026-08-17,-0.014947682768186032,-0.016417887673449205,-0.031568704548259996,-0.0004203082484220966,,36.9,-0.1529976157780235,0.43881188898873874,0.851447628890003,False,False,False
5011,17.899999618530273,2026-08-17,-0.0324324530524176,-0.07253884320585591,0.18936873034393287,0.49790794177686526,,85.5,0.06793981911416935,0.14977015419829617,0.670411951574777,False,False,False
5013,27.5,2026-08-17,0.06177607741449531,0.05973021932524114,0.035781574020287366,-0.08333333333333337,,41.6,-0.08564733720947615,1.723378345866517,0.8566978600379188,False,False,False
5014,10.100000381469728,2026-08-17,-0.09009008699399634,-0.03788600186742774,0.027500379105141137,-0.08370097794288067,,40.2,-0.09392853212462238,2.4649985937307246,0.8893490915564632,False,False,False
5015,22.100000381469727,2026-08-17,0.0,0.03512880499294724,0.015883864066774223,-0.2337824859636909,,25.7,-0.10554504716298929,0.7143872439248345,0.7221538958802114,False,False,False
5016,24.450000762939453,2026-08-17,0.0020492272619219154,0.02087682605729624,0.022419571101707225,0.018329926280393538,,48.4,-0.09900934012805629,0.18148096588585838,0.7881810611756924,False,False,False
5201,25.700000762939453,2026-08-17,-0.005802693087687438,-0.020952351888020804,-0.11009987813425204,-0.37781060402814726,,6.6,-0.23152878936401555,0.4256921872014799,0.5234436622388415,False,False,False
5202,11.949999809265137,2026-08-17,-0.032388709299536855,-0.08076924544114328,0.025751090176663105,-0.19798656944906157,,30.5,-0.09567782105310041,0.25625959799809467,0.5472561729252367,False,False,False
5203,60.20000076293945,2026-08-17,-0.03801362660754526,-0.02028110440240205,-0.009632025401908106,-0.23525540981379,,22.0,-0.13106093663167162,0.7019076537368844,0.5960719855097085,False,False,False
5205,20.850000381469727,2026-08-17,-0.04576658958999691,-0.03917052311451563,-0.02797204476124704,-0.24864863490199185,,18.3,-0.14940095599101055,0.5806781542077261,0.593172104590638,False,False,False
5206,22.700000762939453,2026-08-17,0.015659972057983085,0.11274515624598225,0.08916494234938521,-0.16678885722886916,,43.6,-0.0322639688803783,0.7173568973609383,0.656933914137461,False,False,False
5209,162.0,2026-08-17,0.003095975232198178,0.05882352941176472,0.05852297964427211,0.006813571913771632,,53.9,-0.0629059315854914,0.5838907065818651,0.9443965186735862,False,False,False
5210,29.100000381469727,2026-08-17,0.03928572790963303,-0.04746313884786646,0.12572533663596097,0.3726414780295937,,79.8,0.004296425406197457,0.23402997636568348,0.8751879813975858,False,False,False
5211,19.350000381469727,2026-08-17,-0.05147055179877491,-0.034912662455215404,0.07500002119276261,-0.2321428652523324,,35.7,-0.0464288900370009,0.23334901094971372,0.6000000118285187,False,False,False
5212,46.900001525878906,2026-08-17,-0.011591132312270047,-0.016771472206811966,0.012959012930999991,-0.0272717174312902,,42.1,-0.10846989829876352,0.23253091468067824,0.8766354800332697,False,False,False
5213,20.899999618530277,2026-08-17,-0.004761922927129625,-0.05855860809605873,-0.1058110106090504,-0.03560610101123185,,22.4,-0.22723992183881392,0.327269726955773,0.844062731185559,False,False,False
5215,40.5,2026-08-17,0.06020940290901611,0.051948051948051965,-0.05724463508032507,0.12679923775075985,,43.7,-0.17867354631008858,0.677609776045077,0.8434193462026264,False,False,False
5220,20.100000381469727,2026-08-17,-0.019512176513671875,-0.0266343461123848,-0.07309040962195468,0.12352677022658409,,40.8,-0.1945193208517182,1.126578841059413,0.8239196197872265,False,False,False
5222,120.0,2026-08-17,0.02564102564102555,0.04347826086956519,-0.016393442622950838,-0.1450059409014841,,27.3,-0.13782235385271435,0.7178409193039925,0.7547169811320755,False,False,False
5223,23.799999237060547,2026-08-17,0.0021052310341282965,0.0,-0.014492769647961978,-0.15000002724783756,,27.2,-0.1359216808777255,0.4069266170059609,0.7841844790088273,True,False,False
5225,60.79999923706055,2026-08-17,-0.08845574184598415,-0.12517986709265405,-0.13758866330410569,-0.32349092132134416,,6.5,-0.2590175745338692,1.6170954617980355,0.5673384970499269,False,False,False
5227,35.45000076293945,2026-08-17,0.04264708126292516,0.13621794538698584,0.39019610835056673,0.35047621954055064,,89.1,0.2687671971208032,0.9552265739799207,0.8521635111355237,False,False,False
5228,43.79999923706055,2026-08-17,0.052884635664303126,0.005740528229154496,-0.04157552503630846,0.8920086375293546,,84.5,-0.16300443626607197,0.4280192438037317,0.5748031626144434,True,False,False
5230,17.700000762939453,2026-08-17,-0.013927576009699294,-0.02479332589800154,0.06720596427488768,0.01354750002157079,,56.2,-0.05422294695487584,0.12759397394225894,0.7375000317891439,False,False,False
5234,319.0,2026-08-17,-0.042042042042042094,-0.07267441860465118,-0.1974842767295597,-0.07187772252665392,,10.7,-0.3189131879593232,0.3698030631001504,0.6904761904761905,False,False,False
5236,138.5,2026-08-17,-0.03819444444444442,-0.04152249134948094,-0.18577047442695938,0.2045213928531333,,28.2,-0.3071993856567229,0.42858554876679167,0.7715877437325905,False,False,False
5240,18.899999618530277,2026-08-17,0.10204081859623826,0.06779654259130896,-0.24038629818905466,0.05847806917517806,,12.4,-0.3618152094188182,3.46969350669418,0.5878649282219386,False,False,False
5243,90.5999984741211,2026-08-17,0.021420536541704616,0.021420536541704616,-0.20873363778060183,0.030716688297750094,,13.9,-0.33016254901036535,0.30600084474598666,0.6711110998083044,False,False,False
5244,33.29999923706055,2026-08-17,-0.004484350447163443,0.06902085537270097,-0.10351688103306655,-0.11645817480603748,,17.3,-0.22494579226283007,0.4009714763846723,0.6626563185926239,False,False,False
5245,23.399999618530277,2026-08-17,-0.020920502425963994,-0.033057897487107524,-0.11531194920352139,-0.26875001192092884,,9.7,-0.2367408604332849,0.1899606139212139,0.6902654444032094,False,False,False
5248,42.20000076293945,2026-08-17,0.17059643983449813,0.08205130161383223,-0.023148147739337155,0.8839286375714817,,84.9,-0.14457705896910067,0.6724754150905323,0.42200000762939455,False,False,False
5251,25.950000762939453,2026-08-17,0.013671889697434159,-0.05291966699919981,-0.020754688190964043,-0.22072067995548372,,21.3,-0.14218359942072756,0.20323171422687797,0.4692586097821946,False,False,False
5254,36.25,2026-08-17,-0.06812342986968645,0.016830251008139285,-0.26988924701028394,0.1363636499526122,,13.2,-0.39131815824004745,0.42378944109997563,0.6271626380361094,False,False,False
5258,49.150001525878906,2026-08-17,-0.07612780411615871,-0.03248027039295509,-0.18083330790201824,-0.13620386277977858,,9.9,-0.30226221913178175,0.8626079690572942,0.6221519180491001,False,False,False
5262,44.84999847412109,2026-08-17,-0.03548390378234223,0.09257001967566048,-0.11364418520478914,0.07196912712049963,,29.6,-0.23507309643455265,0.7931321221636076,0.6955525228866064,False,False,False
5263,90.0,2026-08-17,-0.029126181630294012,-0.02382575882956539,-0.17050691244239635,-0.13043478260869568,,10.6,-0.29193582367215987,1.0425486407803028,0.72,False,False,False
5267,50.0,2026-08-17,0.010101010101010166,0.04275285097899295,-0.06191368263221275,0.7889087168218591,,81.2,-0.18334259386197627,0.5442492327853552,0.5138745984766617,False,False,False
5269,1385.0,2026-08-17,-0.010714285714285676,-0.004101242872155075,0.035590387433652726,0.07049786710334782,,55.7,-0.08583852379611079,0.5862173475993929,0.8143103748724985,False,False,False
5271,10.300000190734863,2026-08-17,-0.06787330199585473,-0.14876034165184282,-0.48370928336660124,0.13311331329323361,,2.6,-0.6051381945963648,0.40651210807004523,0.20315581924535056,False,False,False
5272,17.700000762939453,2026-08-17,-0.022099425972376352,-0.048387075272691926,-0.19909500192676732,-0.18055553470619456,,7.2,-0.32052391315653084,0.35355056634293597,0.654343854423815,False,False,False
5274,17020.0,2026-08-17,0.0290205562273278,0.3142857142857143,0.18105818625007752,0.9510735982726064,,91.1,0.05962927502031401,0.8179847416558632,0.9621254946297343,False,False,False
5278,24.450000762939453,2026-08-17,-0.014112842132594228,0.006172902493352117,0.05060178202092391,-0.12650108710013785,,40.6,-0.0708271292088396,0.3052011816879764,0.6295249103214285,False,False,False
5283,57.900001525878906,2026-08-17,0.07821230359903542,0.09245285897884736,0.11560693301729907,-0.04270959789375317,,59.3,-0.00582197821246444,1.4674959615835212,0.8981071283306377,True,True,False
5284,297.0,2026-08-17,-0.034146341463414664,0.06834532374100721,-0.18099592673200582,0.11627215575352778,,22.7,-0.30242483796176933,0.2672624263713686,0.6552032365589566,False,False,False
5285,77.80000305175781,2026-08-17,-0.0012836774346900448,-0.0857813813543511,0.03783654062424868,0.45258898430540695,,76.1,-0.08359237060551483,0.228134285564826,0.7170507193710397,False,False,False
5287,154.0,2026-08-17,0.05119453924914685,0.04054054054054057,0.026666666666666616,-0.0391906636300432,,44.0,-0.0947622445630969,1.1853948980973465,0.8785300891217775,False,False,False
5288,195.5,2026-08-17,-0.010126582278481067,0.0968678073709881,0.38611036552916644,0.43526310194250173,,90.1,0.26468145429940293,0.7210563417297257,0.9898734177215189,False,False,False
5289,1530.0,2026-08-17,0.04436860068259385,0.19999999999999996,-0.11560693641618502,0.9665809768637532,,82.9,-0.23703584764594854,0.7353840302454038,0.7688442211055276,False,False,False
5291,55.29999923706055,2026-08-17,-0.01601426180891452,0.08858267849573265,-0.27712419297960067,0.3824999809265137,,27.9,-0.3985531042093642,0.6059664157769048,0.701776612885892,False,False,False
5292,195.0,2026-08-17,0.09243697478991586,0.16766467065868262,0.00670278118784684,0.15731184576709967,,58.0,-0.11472613004191667,0.900853936397764,0.8319543941666738,True,False,False
5299,100.5,2026-08-17,-0.014705882352941124,0.04253110383012215,0.050494862137430374,0.3820092633091481,,74.4,-0.07093404909233314,0.34678019987146236,0.7334904544101462,False,False,False
5302,10.600000381469728,2026-08-17,-0.04932728752263771,-0.0363636016845702,0.08273753041602516,-0.06607929293328196,,51.8,-0.03869138081373835,0.4459687117051283,0.6860841755553333,False,False,False
5309,54.20000076293945,2026-08-17,-0.028673808171997717,0.016885582340742555,-0.15693618844292967,-0.17228797438230958,,10.3,-0.2783650996726932,0.32919687430010375,0.6625916716487793,False,False,False
5310,25.350000381469727,2026-08-17,0.014000015258789134,0.011976093953940614,0.03258660567294447,0.014000015258789134,,49.8,-0.08884230555681905,0.3781815467953642,0.5761363723061301,False,False,False
5314,17.799999237060547,2026-08-17,0.1877226703354289,0.24991759698476623,0.2031726963083924,-0.22436979546169122,,58.9,0.0817437850786289,0.3486039627626398,0.51498992129516,True,True,False
5315,19.0,2026-08-17,-0.012987012987012991,-0.010416705989173769,-0.05241014684521084,-0.2038767709825593,,18.1,-0.17383905807497435,0.3942887278787603,0.7961232290174407,False,False,False
5321,68.0,2026-08-17,0.21212124509002228,0.2592592592592593,1.3208191730595398,1.35701903295905,,98.3,1.1993902618297763,1.5839504447346844,0.9742119917899849,True,False,False
5324,12.149999618530272,2026-08-17,-0.012195168282808755,0.012499968210855972,0.021008404034795758,0.08968610172309721,,54.6,-0.10042050719496776,1.0017665602081658,0.9798387090571837,False,False,False
5328,65.0999984741211,2026-08-17,0.04159997558593753,0.07960197840451144,1.3167258928953842,1.513513491619706,,98.4,1.1952969816656207,0.6652044798366362,0.7900485105412953,False,False,False
5340,79.5,2026-08-17,0.08904109589041087,0.11971830985915499,-0.20770411350116935,-0.29805362943606073,,3.8,-0.32913302473093287,1.9531433419900077,0.5971782387426012,False,False,False
5344,13.5,2026-08-17,-0.0459363700391241,-0.11764706982323303,-0.13461540577679654,-0.049295761877997,,17.5,-0.25604431700656005,0.20028902450101985,0.7142857287025597,False,False,False
5345,21.899999618530277,2026-08-17,-0.03524233997891646,0.1202046277840707,0.04285712469191805,-0.07203392946867315,,44.0,-0.07857178653784547,0.3058473548049008,0.6195191107168718,False,False,False
5347,162.0,2026-08-17,0.02857142857142847,-0.041420118343195256,0.052915154343718074,0.3592961251765483,,73.8,-0.06851375688604544,0.6053422073407131,0.7537914884752638,False,False,False
5348,16.950000762939453,2026-08-17,0.01497005919633243,0.03039513536841043,0.09354843631867449,-0.023054732549601775,,57.6,-0.027880474911089026,0.33962050748758615,0.8539043041410989,False,False,False
5351,135.5,2026-08-17,0.1885964912280702,0.5397727272727273,0.7643228465587757,1.3647469773849696,,97.2,0.6428939353290122,0.35182108494705466,1.0,True,True,False
5353,28.200000762939453,2026-08-17,-0.013986000461365,0.03296708978134788,0.13067039740157793,0.13287007884694746,,70.7,0.009241486171814417,0.11245688593130451,0.8538053470614331,False,False,False
5355,5.650000095367432,2026-08-17,-0.07072365686421211,-0.08576047697296973,-0.11718749825377017,-0.21199441628349003,,11.5,-0.2386164094835337,1.2098682769469722,0.5,False,False,False
5356,26.049999237060547,2026-08-17,0.041999969482421795,0.04828969163661023,0.0753054625418168,0.08780908812720245,,62.8,-0.04612344868794671,0.7950547734632747,0.9778910043735407,True,False,False
5371,89.30000305175781,2026-08-17,0.043224353312988795,0.09570555891727373,0.31525509739124,0.035252555708795486,,81.2,0.1938261861614765,0.8868762382206483,0.6867439115418235,False,False,False
5381,24.100000381469727,2026-08-17,-0.02231234261955517,0.014736858167146316,-0.047430786236270284,-0.2550908611341721,,15.6,-0.1688596974660338,0.11722544256733952,0.6025000095367432,False,False,False
5386,238.5,2026-08-17,-0.19966442953020136,-0.04790419161676651,-0.14311380377256455,2.1294974421463366,,94.4,-0.26454271500232807,0.5853833330748534,0.6069008619437773,False,False,False
5388,79.30000305175781,2026-08-17,-0.15277773136200423,-0.04801920592385367,-0.002515684883549474,-0.0487636730938662,,37.9,-0.12394459611331299,1.7657048268643487,0.7681345234751188,False,False,False
5392,46.5,2026-08-17,-0.01273882151929906,0.09154933487258488,0.10059171597633143,0.04494382022471921,,63.2,-0.020837195253432084,0.4083003827502843,0.7962328559083062,False,False,False
5398,14.100000381469728,2026-08-17,0.007142884390694881,0.0,-0.26943000316837296,-0.3285714104062034,,2.2,-0.39085891439813647,0.6771812508998477,0.46003264459896426,False,False,False
5403,91.8000030517578,2026-08-17,-0.008639259563129165,-0.02340422285364041,0.08000003590303284,-0.12343210097613222,,46.0,-0.041428875326730674,0.7474954318849444,0.7756929876700476,False,False,False
5410,35.599998474121094,2026-08-17,0.040935604676908044,0.03642981281945157,0.01013859262475214,0.25471607931324836,,64.4,-0.11129031860501137,0.29457458842293677,0.7881185399676656,False,False,False
5425,89.9000015258789,2026-08-17,0.06642939823718463,-0.004430452632269932,0.07581984500211991,0.4687428679478298,,79.6,-0.0456090662276436,0.4722489622231362,0.6395151171095679,False,False,False
5426,27.75,2026-08-17,-0.008928571428571397,0.05714285714285716,0.5589888308659599,0.4122137678736282,,92.6,0.43755991963619634,1.0600882692063434,0.6998738696614685,False,False,False
5432,149.5,2026-08-17,0.3348214285714286,0.2154471544715446,0.027942343676967685,-0.02511269883676792,,45.3,-0.09348656755279583,1.333137877650106,0.8167974136278072,True,False,False
5434,516.0,2026-08-17,0.0038910505836575737,-0.08185053380782914,0.34203231887059116,0.5998811558726835,,90.8,0.22060340764082764,0.47185970604307886,0.8657718120805369,False,False,False
5438,17.149999618530273,2026-08-17,-0.028328612510283735,-0.05769236815348333,-0.03477137443709111,-0.19382702722282308,,21.3,-0.15620028566685462,0.4855311990589487,0.591282463512148,False,False,False
5439,247.5,2026-08-17,0.026970954356846377,-0.028061307034921157,-0.32810569928097255,-0.18119633405729263,,2.5,-0.44953461051073607,0.9591215362534963,0.5767790203572538,False,False,False
5443,106.5,2026-08-17,0.019138755980861344,0.09007168195122572,-0.08952659018016773,0.21025109091651561,,45.3,-0.21095550140993125,1.1195238562143706,0.7912841992894343,False,False,False
5450,15.649999618530272,2026-08-17,0.009677394743888401,-0.0657206029775399,0.2542885062887492,0.09480851374977495,,78.7,0.1328595950589857,0.3410734923680142,0.849571393973682,False,False,False
5452,27.200000762939453,2026-08-17,0.0,0.007407435664424256,-0.1446749747462418,-0.1171282809437888,,13.1,-0.2661038859760053,0.15847013473939406,0.6948837680711694,True,False,False
5455,28.850000381469727,2026-08-14,0.010507921275869858,0.04339966652785199,0.1775510359783561,0.01943466993769105,,69.9,0.05612212474859257,1.1644723193534516,0.901562511920929,True,True,False
5457,27.350000381469727,2026-08-17,-0.05034718381953729,-0.02660145880018716,0.027091292677472678,-0.21251661953793155,,29.1,-0.09433761855229084,0.2928284297791001,0.5582449777220213,False,False,False
5460,15.649999618530272,2026-08-17,-0.045731708380808755,-0.06845236135448107,0.03300330116104022,-0.0063492305695065365,,48.1,-0.08842561006872329,0.13681956543498924,0.810880841304832,False,False,False
5464,75.5,2026-08-17,0.22366286979609917,-0.03329063412187672,0.20799999999999996,2.00796808177495,,96.4,0.08657108877023645,0.5847890128592501,0.7023255813953488,False,False,False
5465,24.5,2026-08-17,0.13425923922752037,0.11872148067389832,0.04646862575275956,-0.13902578360209528,,38.6,-0.07496028547700395,1.2934782007111143,0.6348490632545132,False,False,False
5468,29.0,2026-08-17,0.04316549625439259,0.22881353945952698,0.7058823529411764,0.5934065266113899,,95.1,0.5844534417114129,1.5810068116175435,0.7988980884162774,False,False,False
5469,74.9000015258789,2026-08-17,-0.013175230301662677,0.10147061067468988,-0.027305764941190747,-0.2573853421908876,,17.9,-0.14873467617095426,0.4332013970656474,0.6926629658481559,False,False,False
5471,58.400001525878906,2026-08-17,0.029982376367984287,0.044722717920546495,0.24217918194993726,0.6199377111860724,,88.8,0.12075027072017375,0.8539843288317379,0.8746705532762417,False,False,False
5474,161.0,2026-08-17,0.07692307692307687,0.11418685121107264,0.021218804145774595,0.07095347304091604,,53.0,-0.10021010708398892,0.4510920651155245,0.78350042366944,False,False,False
5475,169.0,2026-08-17,0.3520000000000001,0.06962025316455689,-0.4212328767123288,0.25185185185185177,,6.8,-0.5426617879420923,3.9459826585639557,0.4225,False,False,False
5478,99.0,2026-08-17,-0.005025125628140725,0.0050761421319796,-0.002016098330593241,0.02157601423642208,,44.4,-0.12344500956035676,0.6972057538323453,0.923860045127441,False,False,False
5481,19.149999618530277,2026-08-17,-0.025445293114840117,-0.08373205894455715,-0.03037976615036575,-0.14508928818514155,,25.5,-0.15180867738012926,0.3730421128300962,0.7554240367005474,False,False,False
5483,186.5,2026-08-17,0.10029498525073755,-0.19951577192711067,0.3861325998367142,0.5908358215501912,,91.5,0.2647036886069507,1.1255292223539821,0.6781080715209861,False,False,False
5484,40.150001525878906,2026-08-17,-0.11466366313572318,-0.055294081744025725,0.0012469589441528317,0.0151707282020912,,44.5,-0.12018195228561068,0.39943874904147764,0.6934369683554069,False,False,False
5487,29.350000381469727,2026-08-17,0.003418816460503571,0.024432836728091933,0.05765767140431444,0.03345073153872846,,56.5,-0.06377123982544908,0.7714816440492531,0.9258674976368734,False,False,False
5488,12.600000381469728,2026-08-17,-0.06319698437541088,-0.21170252652646326,0.18244621021030505,0.2870980868284716,,80.7,0.061017298980541534,0.28714349695036084,0.7068253931739115,False,False,False
5489,43.20000076293945,2026-08-17,0.01289564401836718,-0.06594592944995781,0.09228828309201709,0.02248522515833029,,60.4,-0.029140628137746427,0.3621722084449112,0.6371681241660273,False,False,False
5490,31.149999618530277,2026-08-17,-0.007961783536215905,0.09683098721612993,0.1756139220473787,0.2686644695169955,,79.5,0.054185010817615176,0.6215672539514226,0.8799434541198622,False,False,False
5493,79.69999694824219,2026-08-17,-0.003750038146972612,0.002515684883549474,-0.09472139672236335,-0.01910146099490828,,25.3,-0.21615030795212686,0.22303815254139442,0.8179034582414608,False,False,False
5498,51.20000076293945,2026-08-17,0.011857753101024882,0.04383285543977,-0.2171253888628808,-0.18600954656774893,,5.7,-0.3385543000926443,0.654099088990988,0.6161251709154254,False,False,False
5508,52.59999847412109,2026-08-17,-0.03839126617053301,0.014346593103448324,0.15593247278706412,-0.06433794802535708,,63.3,0.03450356155730061,0.2156963217202322,0.5185491637341025,False,False,False
5511,70.19999694824219,2026-08-17,-0.018181860863745625,0.03387327497314829,0.23926484975692164,0.3182106468537955,,84.3,0.11783593852715812,0.6029833039655262,0.9359999593098959,False,False,False
5512,7.730000019073486,2026-08-17,-0.010243268155208596,-0.015286609811073437,0.1334310593118988,-0.026448367334204637,,62.9,0.012002148082135289,0.4223280491122455,0.8689553914735838,False,False,False
5514,14.5,2026-08-17,0.05454545454545445,0.07806692978624152,-0.049180327868852514,-0.08227849209123328,,27.1,-0.17060923909861603,0.17248237908286962,0.8055555555555556,True,False,False
5515,53.20000076293945,2026-08-17,0.19685039032204887,0.27884621909384455,0.45200517122310346,0.8087574813895027,,93.5,0.33057625999333995,2.10158662557726,1.0,True,True,False
5516,11.850000381469728,2026-08-17,-0.09541984454963492,0.12322276466653914,0.039473752455920996,-0.1938775146105176,,33.5,-0.08195515877384252,1.8153866214977334,0.7074627093414764,False,False,False
5519,27.75,2026-08-17,-0.003590677921005092,-0.008928571428571397,-0.0016671598063524584,0.05696245431044966,,47.6,-0.12309607103611597,0.49753977837513086,0.9177308614153727,False,False,False
5520,83.0,2026-08-17,-0.010727074010854487,0.008505430404443182,0.012195121951219523,0.0280957383310545,,47.5,-0.10923378927854399,1.593417867376901,0.917232852707542,False,False,False
5521,10.949999809265137,2026-08-17,0.057970957070651474,0.08955219914920876,0.08392623124614018,-0.4783923104900145,,18.0,-0.03750267998362333,0.8007883220473675,0.40622461296726736,True,False,False
5522,62.70000076293945,2026-08-17,-0.03686632515261423,-0.07929512235207625,-0.040607408773695286,0.021428559443620543,,37.3,-0.1620363200034588,0.8035355595146515,0.8263382146814487,False,False,False
5523,30.350000381469727,2026-08-17,0.0,-0.0016447117660512989,0.004966874660293108,-0.0049180202796811345,,43.0,-0.1164620365694704,0.45680388080388085,0.9918300654613262,False,False,False
5525,22.0,2026-08-17,-0.0022675391741742157,0.06409544512332532,0.0287042396470365,-0.08851556748565648,,40.0,-0.09272467158272701,0.5818364888741546,0.7470943578466069,False,False,False
5529,20.799999237060547,2026-08-17,-0.030303100361747104,-0.023474179244571736,-0.078760195868812,-0.2072266808028178,,14.7,-0.20018910709857551,1.015829700035078,0.7153335117973528,False,False,False
5530,49.84999847412109,2026-08-17,0.0,0.031023785880838428,0.053911189813774074,0.0060544751095810145,,53.1,-0.06751772141598944,0.5235125375053646,0.8565291721759655,False,False,False
5531,7.440000057220459,2026-08-17,-0.019762858017372653,-0.037516165735764995,-0.05463784429370111,-0.1714921562938473,,20.1,-0.17606675552346462,1.1082917339301073,0.7615148115278038,False,False,False
5533,14.0,2026-08-17,0.0,0.0035842431124375462,0.055756046046872454,0.026120883642802628,,55.4,-0.06567286518289106,0.8479833703707393,0.8703703967211607,False,False,False
5534,79.4000015258789,2026-08-17,0.014048511254769247,-0.022167432143016197,0.051655649349389376,0.0114011923068289,,53.2,-0.06977326188037414,0.5577465934075132,0.9126436956997576,False,False,False
5536,908.0,2026-08-17,-0.1311004784688995,-0.20350877192982453,-0.028282520561517033,0.43777636029767075,,70.3,-0.14971143179128055,1.244836624640761,0.6327526132404181,False,False,False
5538,34.599998474121094,2026-08-17,-0.022598955290241363,-0.005747148486326958,0.01690597485859735,0.16592113055316648,,60.1,-0.10452293637116616,2.0591824556683465,0.9774010447097586,False,False,False
5543,24.200000762939453,2026-08-17,-0.07984785304335251,-0.16838486440881595,-0.16551721507105333,-0.1906354156626242,,8.8,-0.28694612630081684,4.202602611760283,0.6558265518218849,False,False,False
5546,14.0,2026-08-17,-0.007092225444273681,-0.10522398194071925,-0.04519101624924293,-0.3446157156716074,,12.0,-0.16661992747900645,0.47210277519113175,0.5336700335476317,False,False,False
5547,19.950000762939453,2026-08-17,0.012690354838478468,0.002512620370234364,0.0831269762618172,0.0014256094216984483,,57.8,-0.038301934967946316,0.5203016416666307,0.8267997508426451,False,False,False
5601,30.100000381469727,2026-08-17,0.02730379403550587,-0.029032245759041064,-0.13238305475259693,-0.17693641017959516,,11.8,-0.25381196598236044,0.7378297340149973,0.7909961365112717,False,False,False
5603,14.350000381469728,2026-08-17,0.014134329917404598,0.0,-0.094637221697083,-0.18465908690671284,,14.4,-0.2160661329268465,0.23162898079282518,0.7000000186082794,False,False,False
5604,30.799999237060547,2026-08-17,0.013157882353605377,0.004893951725845502,-0.01597444128394665,-0.17723339048380893,,25.2,-0.13740335251371016,0.5401494813935686,0.8124691639905648,True,False,False
5607,53.09999847412109,2026-08-17,0.07598784429479744,0.12376594279838882,0.14954574685252608,0.14121569018405888,,72.6,0.02811683562276257,1.5740910096831588,0.9895999853264583,True,True,False
5608,14.5,2026-08-17,0.028368766504145215,0.07011068604373327,0.02112677427918852,-0.19889504450813744,,29.4,-0.100302136950575,1.0374476252266418,0.6987951807228916,True,False,False
5609,77.5999984741211,2026-08-17,-0.022670063188489187,0.003880923810085868,0.04727455180953477,0.061968496940749684,,56.8,-0.07415435942022874,0.7204386455399157,0.9761006097373722,False,False,False
5859,14.100000381469728,2026-08-17,0.0035587323883339295,0.0522388643930598,-0.024221414007977615,-0.1159874263271633,,28.5,-0.14565032523774113,0.39945247707531084,0.8623853243116718,True,False,False
5863,11.399999618530272,2026-08-17,0.0044052189762189276,0.04587156123840486,0.05555550159250355,-0.012987062314069764,,51.6,-0.06587340963725996,0.975975953466059,0.9421486991015755,True,True,False
5864,33.70000076293945,2026-08-17,0.14043998758125587,0.01506024061776956,0.2213656271185176,0.6111631037072196,,87.8,0.09993671588875408,0.5717213581924743,0.7063868205459445,False,False,False
5871,108.5,2026-08-17,-0.004587155963302725,-0.025866409150147374,0.0582632540453254,0.10865682090412676,,61.8,-0.06316565718443812,0.654649937666391,0.9393939393939394,False,False,False
5876,42.25,2026-08-17,-0.025374821518800217,-0.017930882826933114,0.09468620386598081,0.12378552585772784,,66.6,-0.026742707363782703,0.4558905719982863,0.9295929436914603,False,False,False
5878,38.54999923706055,2026-08-17,0.007843117308772518,-0.006443299095769239,-0.04451001176486491,-0.06862694317709273,,29.2,-0.16593892299462842,0.4456105723128192,0.9095099087893678,False,False,False
5880,24.899999618530277,2026-08-17,0.009592573722817965,0.03946219647350602,0.1557178005441311,0.1189114784503984,,72.2,0.03428888931436758,1.0335276887255074,0.9547233784007729,False,False,False
5902,34.900001525878906,2026-08-17,0.016011734386893073,0.029498523745983052,-0.034283533793594057,-0.08159872921122702,,30.1,-0.15571244502335757,0.20619419604571482,0.7654946374194015,False,False,False
5903,184.5,2026-08-17,-0.002702702702702675,0.016336335144932823,0.010958904109588996,-0.012551806479168093,,43.5,-0.11047000712017452,0.5813870390344674,0.9723726764657252,False,False,False
5904,76.5,2026-08-17,-0.03409087187221305,0.24390243902439024,0.43750894679077845,0.8704529115207644,,93.7,0.31608003556101494,4.738277039235336,0.878300819060628,False,False,False
6005,30.549999237060547,2026-08-17,0.03611806999325484,0.06123612125669409,0.14260328533618982,0.20969919519534042,,75.2,0.021174374106426308,0.4884353902225516,0.7773760204729914,False,False,False
6015,15.949999809265137,2026-08-17,0.06688963296041361,-0.03333334489302198,0.09999998684587141,0.24044737665957827,,72.6,-0.0214289243838921,0.4808260804766797,0.6965065534917597,False,False,False
6016,19.799999237060547,2026-08-17,0.07608693736712668,-0.06520813385560686,0.03625881978778933,0.3638300218988686,,72.5,-0.08517009144197418,0.37953831903226026,0.6231945213114306,False,False,False
6020,20.600000381469727,2026-08-17,0.002433145803675041,-0.052873545679552825,-0.03286379721426802,0.0882918023420729,,44.8,-0.15429270844403153,0.6439026102152924,0.8015564112813508,False,False,False
6021,36.650001525878906,2026-08-17,0.04714290073939731,-0.02136179494693702,0.18608420641857992,0.2378822522303603,,79.1,0.06465529518881641,0.36495263419182233,0.8273138184440013,False,False,False
6023,83.4000015258789,2026-08-17,-0.012008295532971558,-0.05011391085356931,0.02724605545457215,0.052064027720874595,,52.6,-0.09418285577519137,1.0703521780750538,0.9273750007423137,False,False,False
6024,61.09999847412109,2026-08-17,-0.016103059976993905,0.06115744552068514,0.22222609697610207,0.334203921562094,,83.9,0.10079718574633856,0.6443927143212592,0.9838969400230061,False,False,False
6026,14.550000190734863,2026-08-17,0.046762632377202795,0.03191487922628178,0.05742260750282502,0.06810359010332534,,59.0,-0.0640063037269385,0.2936889619078221,0.8218310704329626,False,False,False
6027,12.0,2026-08-17,-0.01639342724524051,0.06194688473006238,-0.01639342724524051,0.26448896621902596,,62.2,-0.13782233847500402,0.25351051714254697,0.848056559965223,False,False,False
6028,98.5999984741211,2026-08-17,0.1559202221164422,0.2528589872623037,0.23249998092651358,-0.00352713655265402,,73.6,0.11107106969675007,4.002712412603307,0.7709936301461474,True,True,False
6035,51.09999847412109,2026-08-17,-0.028517111093415592,-0.05194810709631348,0.008495856643712107,-0.03177069295225665,,41.3,-0.1129330545860514,1.3865191031435877,0.7962601643027333,False,False,False
6103,29.5,2026-08-14,0.03327498382929073,-0.023178832624351275,-0.22163591524246273,-0.1559370713581948,,6.4,-0.34306482647222625,0.5416590701914311,0.5673076923076923,False,False,False
6104,92.8000030517578,2026-08-17,-0.017989385695684645,0.03111114501953116,-0.0021505048198086074,-0.02923690413625435,,39.7,-0.12357941604957212,0.2525164086240831,0.7504745423492913,False,False,False
6108,22.899999618530277,2026-08-17,0.224598860119545,0.38787876475941063,0.2378378172178528,0.5525423470190018,,87.5,0.11640890598808928,2.551124613879646,0.9462809461394714,True,True,False
6109,11.149999618530272,2026-08-17,-0.004464302820211041,-0.05106386225274284,0.04694835848914347,-0.13899615577191338,,38.8,-0.07448055274062004,0.27027227250445457,0.7852112512885516,False,False,False
6112,45.54999923706055,2026-08-17,-0.023579898238762942,0.096269556521007,0.1338793569568586,0.06740619948202364,,67.6,0.012450445727095083,0.5096581117388406,0.834911163083133,False,False,False
6113,24.149999618530277,2026-08-17,-0.008213583564936955,0.04999998341435985,-0.004123727070916461,0.155502395182749,,56.2,-0.12555263830067998,0.5229431606834077,0.8090452030118601,False,False,False
6114,26.549999237060547,2026-08-17,-0.011173226821114768,-0.04234353787666101,-0.09820687596359157,-0.168854210459787,,14.7,-0.21963578719335508,0.20250999488280694,0.7956998577785095,False,False,False
6115,44.95000076293945,2026-08-17,-0.006629817393603243,-0.004429695596462335,0.022984873447068566,0.03406814524165136,,50.1,-0.09844403778269495,0.538614277561368,0.9563576126959495,False,False,False
6116,14.149999618530272,2026-08-17,-0.05033557175848968,-0.05666669209798192,0.3940886847618623,0.5988699444756826,,91.7,0.2726597735320988,0.3063185109320263,0.6233479798657932,False,False,False
6117,62.79999923706055,2026-08-17,-0.023563976837388978,-0.02208886775239749,-0.1887504653094726,-0.16789576934336792,,7.9,-0.3101793765392361,0.4322303187652702,0.6757589820877913,False,False,False
6118,15.399999618530272,2026-08-17,-0.012820561413384612,-0.0434783072269439,-0.10465122468410659,-0.18733514519703476,,13.4,-0.2260801359138701,0.24900392956863487,0.6039215536678538,False,False,False
6120,12.850000381469728,2026-08-17,-0.033834571639977606,-0.026515108549451827,0.03296927219305901,-0.04270614687966945,,44.9,-0.08845963903670451,0.5770373799326437,0.8116186827555181,False,False,False
6121,409.0,2026-08-17,0.03544303797468351,0.10391363022941968,0.12503101742180167,0.20723238029249713,,73.4,0.003602106192038157,1.074791701504034,0.9012280592274438,False,False,False
6122,47.84999847412109,2026-08-17,0.005252101008698995,0.0142068799012538,0.07926117752413298,-0.018759715233885865,,55.5,-0.04216773370563054,0.5919100489525868,0.8184827324122577,True,False,False
6123,43.45000076293945,2026-08-17,0.004624295096866016,0.03947372143528627,0.041018012013858574,0.043375900162669234,,54.1,-0.08041089921590494,0.5341273666225931,0.8394292077983151,False,False,False
6124,27.049999237060547,2026-08-17,-0.0018450606533337854,0.020754688190963932,-0.06724140561860181,-0.016363664106889164,,30.0,-0.18867031684836533,0.1958509399452592,0.7127799392161426,False,False,False
6125,50.70000076293945,2026-08-17,0.014000015258789134,0.014289199732925528,-0.09662073088296419,-0.24003552717996235,,12.1,-0.2180496421127277,0.39976311397864,0.5894315660366246,False,False,False
6126,29.950000762939453,2026-08-17,-0.0260162353515625,-0.02283846213060381,-0.10995544116376721,-0.22005209445746365,,11.8,-0.23138435239353072,0.14680195280162833,0.6965116456497548,False,False,False
6127,50.400001525878906,2026-08-17,0.001988117104078979,-0.16139762386880885,0.06217072108549959,0.36216220340213257,,74.7,-0.05925819014426392,0.2738528379015023,0.520123846565871,False,False,False
6128,20.25,2026-08-17,0.0,0.012499999999999956,0.06299216855636036,-0.12830570885459014,,42.0,-0.05843674267340315,0.926259505770893,0.7044591970869418,False,False,False
6129,13.899999618530272,2026-08-17,-0.05119454058219575,-0.0944625880719765,-0.06397311370610437,-0.09740259981533395,,24.2,-0.18540202493586788,0.24757755881579113,0.6666666361734835,False,False,False
6133,22.399999618530277,2026-08-17,0.03464203294295087,0.06413303707360352,-0.008849591131132706,-0.07246376926056874,,35.3,-0.13027850236089622,0.38013737356064137,0.7737478075373937,False,False,False
6134,28.049999237060547,2026-08-17,0.0071812873555252565,0.07675966630892495,-0.06716364561997346,-0.12492435612108777,,21.5,-0.18859255684973697,0.29375447193656956,0.7101744351694371,False,False,False
6136,25.0,2026-08-17,-0.00990099009900991,0.035196703722409906,0.06746735405292204,0.09879755305618154,,62.3,-0.05396155717684148,0.6980852462000449,0.9359400344865112,False,False,False
6138,291.0,2026-08-17,0.008665511265164572,-0.0035354654249204476,0.07773648267193534,0.20603850980477478,,69.2,-0.04369242855782818,0.5735372998582449,0.6907311306403804,False,False,False
6139,807.0,2026-08-17,-0.0012376237623762387,0.01001251564455563,0.0934959349593496,0.4514388489208634,,80.3,-0.02793297627041391,0.5553162802206297,0.8450261780104712,False,False,False
6140,16.5,2026-08-17,-0.037900853235469434,-0.07303366813375356,-0.1581632816905726,-0.3052631578947368,,5.7,-0.2795921929203361,0.2581872847504574,0.40649497122500733,False,False,False
6141,38.5,2026-08-17,0.1095100620608358,-0.054054071786227786,0.12737915899724506,2.452914916339239,,97.1,0.005950247767481542,0.5232734639854263,0.8369565217391305,False,False,False
6142,9.359999656677246,2026-08-17,-0.028037430379547534,-0.003194961187284906,0.1938774839931121,-0.05454545279398637,,67.5,0.0724485727633486,0.3740889184249427,0.8319999694824218,False,False,False
6143,91.0,2026-08-17,0.002202609488109797,-0.07894739687074359,-0.03191489361702127,-0.08665376284374382,,30.0,-0.15334380484678478,0.8028366242267151,0.6369388194294997,False,False,False
6146,192.0,2026-08-17,0.0,0.03504043126684642,-0.04504253851826567,0.12378964918458824,,45.7,-0.1664714497480292,0.5304810133892195,0.8528550714392272,False,False,False
6147,168.5,2026-08-17,0.0941558441558441,-0.05602240896358546,-0.15753239468941316,2.107462430996012,,94.1,-0.27896130591917667,0.7945725213889142,0.5584278035838687,False,False,False
6148,28.450000762939453,2026-08-17,-0.005244741836697986,-0.027350401267027258,0.010657234404070737,-0.19168803957933944,,28.0,-0.11077167682569278,0.24433424974313836,0.4966899973866823,False,False,False
6150,60.09999847412109,2026-08-17,-0.008250825290260111,0.054385938142475165,-0.10097130237283014,-0.016459704064934022,,24.5,-0.22240021360259365,0.32816998962995286,0.6539271104629473,False,False,False
6151,38.0,2026-08-17,0.07954543114693746,0.054091561836561386,-0.12240183211191069,0.32853344845588484,,50.6,-0.2438307433416742,0.49981954244721294,0.7630522205253543,True,False,False
6152,14.199999809265137,2026-08-17,-0.010453001269483453,0.18333331743876147,-0.06270625961621612,-0.020689668326542288,,30.7,-0.18413517084597963,3.070315061336622,0.643990943337471,False,False,False
6153,16.799999237060547,2026-08-17,0.012048123553905166,-0.008849647146145223,-0.050847541643237903,0.0,,34.6,-0.17227645287300142,0.2816987801848002,0.6871165117722802,False,False,False
6154,13.899999618530272,2026-08-17,0.018315018826859042,0.02583021570986621,0.09225935168747745,0.05239586536657104,,62.6,-0.02916955954228606,1.4302677598538147,0.9548226871835455,False,False,False
6155,60.400001525878906,2026-08-17,0.13533835826474583,0.003322271767520979,0.1976533298639569,0.17912104663752548,,78.0,0.07622441863419338,0.5588089394308394,0.6188889133836059,False,False,False
6156,21.600000381469727,2026-08-17,0.03846159489197354,-0.11293634319992629,0.17904953037900673,0.04583969516054154,,71.3,0.05762061914924321,0.31430083640837586,0.6797957579084953,False,False,False
6158,16.600000381469727,2026-08-17,-0.005988046521030466,-0.06741566893398276,-0.07002800970792344,-0.1862744758881678,,16.9,-0.19145692093768696,0.5533045242811285,0.670707086119989,False,False,False
6160,14.050000190734863,2026-08-17,-0.0070670975612220355,-0.06333332061767583,-0.1246105384047339,-0.18786122483540024,,11.9,-0.24603944963449742,0.30854365416344715,0.6043010834724672,False,False,False
6161,51.20000076293945,2026-08-17,-0.03578150218041187,0.06666668256123853,0.01201774431439162,0.24175404286964186,,63.9,-0.1094111669153719,0.3733906800284621,0.8205128628356467,False,False,False
6163,46.79999923706055,2026-08-17,0.11428569612048922,0.16129032563411294,-0.08414871556675718,-0.17314486751340352,,15.9,-0.2055776267965207,1.0210202419804666,0.6315789500779155,True,False,False
6164,12.0,2026-08-17,0.016949136104436047,-0.05882352941176472,0.030042952182850247,-0.05882352941176472,,42.6,-0.09138595904691327,0.30268811484142666,0.6896551875334813,False,False,False
6165,47.59999847412109,2026-08-17,-0.06483306390629495,-0.03838386920967507,-0.003141393212123811,0.12796202875721208,,53.8,-0.12457030444188733,0.5082575983511369,0.7973198972498204,False,False,False
6166,128.0,2026-08-17,-0.1048951048951049,0.07112970711297062,0.1378214522937009,1.1170939666185635,,91.8,0.016392541063937394,0.7340759934448371,0.7687687687687688,False,False,False
6167,10.449999809265137,2026-08-17,-0.01415099686852972,-0.027906994486963987,-0.0669642868546807,-0.13278011254306477,,21.1,-0.1883931980844442,0.39673412608729763,0.637195125142426,False,False,False
6168,24.75,2026-08-17,-0.011976017812276418,0.0,-0.04069764605079018,0.1842105479301661,,52.1,-0.1621265572805537,0.19946719359940296,0.6971830985915493,False,False,False
6170,47.5,2026-08-17,0.016042780748663166,0.020408179989466424,0.028674887469683386,0.047530498402773125,,52.3,-0.09275402376008013,0.3940353755899415,0.9577978918945195,False,False,False
6171,23.350000381469727,2026-08-17,-0.04887979197080006,0.004301091676117252,-0.03711338633114525,-0.15398550511808662,,23.9,-0.15854229756090876,0.2992514999702976,0.7354330828809362,False,False,False
6173,211.0,2026-08-17,0.25222551928783377,0.08762886597938135,0.3233672514815762,2.2727338995650666,,97.3,0.20193834025181268,3.2711787202657834,0.6059926773033391,False,False,False
6174,45.09999847412109,2026-08-17,0.07125890994613937,-0.16326535811938137,0.1496209692091388,1.031768449048431,,91.3,0.028192057979375296,0.5927949703765809,0.7158729916527157,False,False,False
6175,77.30000305175781,2026-08-17,0.022486833491387692,-0.20458823315136698,0.06269590174904516,0.6665770477624895,,84.3,-0.05873300948071836,0.20148102675226792,0.6759293066796267,False,False,False
6176,108.4000015258789,2026-08-14,-0.0021670669037046064,-0.060730673298573845,-0.13866760445141413,-0.2917934056390137,,7.3,-0.26009651568117764,0.34304532169164903,0.5975493177151808,False,False,False
6177,48.650001525878906,2026-08-17,0.00309281496657543,0.024210558439555996,0.08593755255320334,0.018848199494846174,,59.5,-0.03549135867656017,1.007728242475623,0.8750000514572488,False,False,False
6179,27.75,2026-08-17,0.012806943533667292,0.13940778173104396,0.16285241964792463,0.018281554969771685,,68.2,0.041423508418161115,1.106551191020149,0.7915213539510914,True,True,False
6182,122.5,2026-08-17,0.31720430107526876,-0.1806020066889632,1.2072072072072073,2.3980583243415468,,98.8,1.0857782959774438,1.0734170523730588,0.6464379947229552,False,False,False
6183,93.8000030517578,2026-08-17,0.009687852649046258,0.02625822194542704,0.024017517623193596,-0.009503631736929141,,46.1,-0.09741139360656992,0.8864280579098952,0.939879761357439,False,False,False
6184,42.09999847412109,2026-08-17,-0.0023697224410049733,-0.011737089622285812,-0.03386208489818576,-0.06402244867999018,,31.8,-0.15529099612794928,0.6316673541220846,0.8648792293322202,False,False,False
6185,13.199999809265137,2026-08-17,-0.0364963508730749,-0.04347828791136965,-0.019830490734733197,-0.06698637581461386,,34.4,-0.1412594019644967,1.178957589789334,0.7713266088117966,False,False,False
6186,32.95000076293945,2026-08-17,-0.08344923327769926,-0.11685307442439219,-0.061379073152523445,-0.21436144097017884,,16.3,-0.18280798438228696,0.965722521907065,0.5575688302728294,False,False,False
6187,1385.0,2026-08-17,0.27064220183486243,0.43856941339718736,0.2579418812561458,2.605668751238404,,97.5,0.1365129700263823,1.9085934161974007,1.0,True,True,False
6188,70.0999984741211,2026-08-17,-0.01684561224082537,0.015550562622368647,-0.13448802790393088,-0.31584448443809365,,6.9,-0.2559169391336944,0.3270904879259836,0.5552185234565801,False,False,False
6189,48.400001525878906,2026-08-17,-0.013251737437144029,0.022175355556382836,0.04999048304741094,-0.05070692117380182,,47.2,-0.07143842818235258,0.24822439745080369,0.9006544131056112,False,False,False
6190,66.80000305175781,2026-08-17,-0.02906976615241441,-0.02339179003549785,-0.12072759116229603,0.3740285271134378,,54.8,-0.24215650239205955,0.2678192522993761,0.7445143404900085,False,False,False
6191,85.80000305175781,2026-08-17,-0.016054976438994006,-0.03811652480725092,-0.0520696800109377,-0.22152270346325476,,17.1,-0.17349859124070122,0.21148740893794696,0.6004637130941818,False,False,False
6192,117.0,2026-08-17,0.008620689655172376,0.017391304347825987,-0.056451612903225756,0.00490993215423674,,34.3,-0.17788052413298927,1.3866579948071616,0.8764044943820225,False,False,False
6194,29.649999618530277,2026-08-17,-0.01166667938232413,-0.01166667938232413,-0.028472470518355997,-0.08284369601540587,,31.3,-0.1499013817481195,0.7066628038289393,0.785307847522011,False,False,False
6195,27.799999237060547,2026-08-17,-0.041379336653084575,0.04905657498341687,0.13185448571860547,0.15210631700253296,,71.7,0.01042557448884196,1.6533293849911268,0.9586206633469154,False,False,False
6196,511.0,2026-08-17,0.007889546351084853,-0.05719557195571956,0.2769497518769377,0.8703965170270338,,91.9,0.1555208406471742,0.5678711583110503,0.8661016949152542,False,False,False
6197,301.5,2026-08-17,-0.024271844660194164,-0.009852216748768461,0.4241663005783054,1.0785130804466272,,94.9,0.3027373893485419,0.3405627587427663,0.8093959731543624,False,False,False
6198,20.200000762939453,2026-08-17,0.03589747502253604,0.01507543468140704,-0.06697454416349125,-0.2319391122082355,,14.6,-0.18840345539325476,2.2215804398677523,0.6547812159857452,False,False,False
6199,96.5999984741211,2026-08-17,-0.01125894072139888,-0.03400001525878904,-0.04356437154335546,-0.015290520115509465,,34.6,-0.16499328277311898,0.7633662372163319,0.7759036022017759,False,False,False
6201,45.09999847412109,2026-08-17,-0.007700820306778988,-0.018633089762990163,0.030750427180082918,-0.10859176019796535,,38.5,-0.0906784840496806,0.8143265061515141,0.8172503386979605,False,False,False
6202,60.29999923706055,2026-08-17,-0.04467680200481927,0.05631924474024985,0.16538471973319968,0.2926748428569934,,79.7,0.04395580850343617,0.36873143551498155,0.8269961945358226,False,False,False
6203,60.29999923706055,2026-08-17,-0.011475422343269703,0.0015576549993128186,-0.058565223580056225,-0.013803632084903539,,32.1,-0.17999413480981974,0.6124388195452962,0.7399309728427211,False,False,False
6204,80.5,2026-08-17,-0.004944394540597807,0.05921052631578938,-0.037081322137592077,0.1483595114444729,,49.4,-0.1585102333673556,0.37832626760093246,0.644,False,False,False
6205,62.0,2026-08-17,0.008130081300812941,0.009771961876388735,-0.14398045951488392,0.21957999978989484,,36.6,-0.26540937074464743,0.26266192726823184,0.6433222474904463,False,False,False
6206,147.0,2026-08-17,-0.069620253164557,0.29437338493740883,0.18942421747895022,0.6963704302198523,,88.3,0.0679953062491867,1.8430937019709526,0.930379746835443,False,False,False
6207,107.5,2026-08-17,0.004672897196261738,-0.1762452107279694,0.2868077601314294,0.9244772329957953,,92.2,0.16537884890166588,0.31622071383366995,0.6523454358866474,False,False,False
6208,81.9000015258789,2026-08-17,0.002448036537423981,-0.013252993664109591,-0.19333050937313556,0.8636226053797822,,74.3,-0.3147594206028991,0.22904068148024592,0.78000001453218,False,False,False
6209,71.0999984741211,2026-08-17,-0.0391892098091744,0.03331202595471572,-0.002666805648632309,0.19347552164822024,,59.3,-0.12409571687839582,0.3688615378755873,0.7367132861328268,False,False,False
6210,17.049999237060547,2026-08-17,0.0,-0.08823537211554333,-0.193853449428792,-0.1802884681514031,,7.4,-0.3152823606585555,0.5710950306551695,0.7611606931884065,False,False,False
6212,29.450000762939453,2026-08-17,0.0034071679785347975,0.026132403486500255,0.08272058591504416,-0.24776501621660385,,35.6,-0.03870832531471935,0.42197166985293005,0.6746849881661365,True,False,False
6213,481.0,2026-08-17,0.12514619883040945,0.5078369905956113,1.0168006495155826,3.110513112988915,,98.8,0.8953717382858191,0.3800603680999554,1.0,True,True,False
6214,175.5,2026-08-17,0.2145328719723183,0.281021897810219,0.4842105079779311,0.614977988042648,,92.9,0.36278159674816757,2.1810715206330515,1.0,True,True,False
6215,104.0,2026-08-17,0.014634146341463428,0.04104102514011476,-0.14979755165928565,-0.07079648792596738,,14.5,-0.27122646288904917,0.9414348763084012,0.6796116814639321,False,False,False
6216,22.350000381469727,2026-08-17,0.020547980400816623,0.025229411176958427,0.011312216999309177,-0.18727271340110085,,28.4,-0.11011669423045434,0.6933608262357335,0.7532987493382509,False,False,False
6217,171.0,2026-08-17,0.036363636363636376,-0.1297709923664122,-0.35593220338983056,1.7850162174332653,,88.2,-0.4773611146195941,0.18916159218797934,0.501466275659824,False,False,False
6218,37.95000076293945,2026-08-17,0.051246602964389876,0.05416668785942935,-0.035578088067839575,0.6941964914832197,,79.7,-0.1570069992976031,0.8577782378125842,0.8414634600201952,True,False,False
6219,12.300000190734863,2026-08-17,-0.019920318422350647,-0.03529410268746169,0.00819675270763387,-0.22884010421179057,,25.0,-0.11323215852212964,0.28404758152959797,0.5681293490743191,False,False,False
6220,25.850000381469727,2026-08-17,0.0038835099599894285,-0.18196202311984166,-0.12351475830350411,-0.11171028040139641,,14.8,-0.24494366953326763,0.41726302141589267,0.582388679468736,False,False,False
6221,22.350000381469727,2026-08-17,0.06428573245093938,0.05176472383386943,-0.019736792572315753,-0.24237286842475503,,19.9,-0.14116570380207927,1.6207130244179337,0.5536238820355576,False,False,False
6222,20.200000762939453,2026-08-17,-0.004926033393071849,-0.009803865653465804,-0.03809520176478798,0.08894887297797904,,43.8,-0.1595241129945515,0.5803833038396317,0.8744588930458813,False,False,False
6223,5800.0,2026-08-17,-0.06827309236947787,0.03571428571428581,0.015675401825127278,1.116298046258387,,89.3,-0.10575350940463624,0.7106381775215366,0.7885934901602076,False,False,False
6224,67.0,2026-08-17,0.1964285714285714,0.14529914529914523,-0.07586206896551728,0.5635529256447314,,71.6,-0.1972909801952808,0.4171612443504661,0.7052631578947368,True,False,False
6225,44.400001525878906,2026-08-17,0.6028880975802289,0.7076923663799579,0.5416667604887953,1.4462811272209968,,96.6,0.42023784925903174,2.962117214608501,1.0,True,True,False
6226,19.200000762939453,2026-08-17,-0.10280368667323914,-0.14855869567460678,0.6066946501583379,1.0231824263444849,,96.0,0.4852657389285744,0.9037323706920638,0.6906475284122914,False,False,False
6227,122.5,2026-08-17,-0.020000000000000018,0.1556603773584906,0.0652173913043479,0.4244186046511629,,77.2,-0.05621151992541562,0.7481459849492531,0.9040590405904059,False,False,False
6228,17.649999618530273,2026-08-14,-0.03551910631853561,-0.056149791527822956,-0.20852016939993445,-0.2868687022816051,,4.1,-0.32994908062969797,0.20233958900543197,0.4712950402926754,False,False,False
6229,24.649999618530277,2026-08-17,0.04670914722318398,0.018594993446445107,-0.014673127503687322,0.10876344173198316,,49.9,-0.13610203873345084,0.41850239235576964,0.8097710513891402,True,False,False
6230,112.0,2026-08-17,0.018181818181818077,-0.008849557522123908,-0.13178294573643412,-0.11462450592885376,,14.2,-0.25321185696619763,1.0440952459855963,0.6136986301369863,False,False,False
6231,220.0,2026-08-17,0.0185185185185186,-0.022133690624795643,-0.19500648889339522,0.09151666241453782,,18.8,-0.31643540012315874,0.3359428290762607,0.6467667047784742,False,False,False
6233,21.25,2026-08-17,-0.02298850574712641,-0.0740741048551371,-0.12044437567302135,-0.15440403811174785,,13.5,-0.24187328690278487,0.400129479090551,0.71924252911897,False,False,False
6234,36.70000076293945,2026-08-17,-0.020026701861704632,-0.0013605234574298741,-0.2265542640074355,0.34678901882346613,,34.5,-0.347983175237199,0.2807845570190926,0.5919354961764428,False,False,False
6235,39.0,2026-08-17,-0.018867924528301883,-0.018867924528301883,-0.01763226069237045,-0.3403129179054277,,14.3,-0.13906117192213396,0.35014340562223023,0.5218934458155325,False,False,False
6236,15.199999809265137,2026-08-14,-0.10850437012185776,-0.10850437012185776,-0.20209971558977724,-0.4638448111203469,,2.2,-0.32352862681954075,8.160252400250224,0.4825396764846075,False,False,False
6237,34.099998474121094,2026-08-17,-0.008721018559610272,-0.04748605584269383,-0.27115640429082133,-0.13020950804850373,,4.6,-0.39258531552058484,0.2319587797717164,0.6093184980180522,False,False,False
6239,278.0,2026-08-17,-0.036395147313691534,-0.015712291408245593,0.24878784900277262,0.1226726535942333,,79.5,0.1273589377730091,0.6907919615477379,0.7479547537452732,False,False,False
6240,20.799999237060547,2026-08-17,0.08900517390775087,0.1212938055277537,0.14917120434732167,0.09186352073943849,,70.6,0.02774229311755816,0.6228748734745694,1.0,True,True,False
6241,13.850000381469728,2026-08-17,-0.05136986167150359,-0.17559517794995883,0.31904765537806945,0.08203126367880031,,82.4,0.19761874414830594,0.48805331437426075,0.7367021778472811,False,False,False
6243,45.70000076293945,2026-08-17,0.0,-0.11434104429558567,0.3765060154442381,0.31133436912128865,,88.1,0.2550771042144746,0.9752965291506129,0.8754789290230276,False,False,False
6244,26.700000762939453,2026-08-17,0.10788383154835324,0.03450444478438963,-0.07429681787609266,-0.0038815806233498673,,29.8,-0.19572572910585617,0.4174528151770021,0.7395424548970441,True,False,False
6245,85.0,2026-08-17,-0.040632037653732134,0.11989457564132389,0.05067983185154268,0.2195122485173031,,67.0,-0.07074907937822084,0.7846601214281805,0.9299781026363898,False,False,False
6246,12.350000381469728,2026-08-17,0.004065056094269659,-0.10830324611448305,-0.15699653904095356,-0.09191176212782681,,13.1,-0.2784254502707171,1.0388118177449253,0.6083744258927379,False,False,False
6248,18.25,2026-08-17,0.019553094353555345,0.03107340188437413,-0.0027321988603852265,-0.15898620468399105,,28.5,-0.12416111009014874,0.7111629211359407,0.7952069452420587,True,False,False
6257,208.0,2026-08-17,0.002409638554216942,-0.030303030303030276,0.0037485141467805683,0.64427284060913,,80.6,-0.11768039708298295,0.6178034903029104,0.7739526095196567,False,False,False
6259,33.45000076293945,2026-08-17,0.10578514918808102,0.018614210155873057,0.5097317914254316,0.9892936747312528,,95.2,0.38830288019566805,0.554083935337983,0.7938495631423189,False,False,False
6261,77.80000305175781,2026-08-17,-0.008917158576333573,-0.07270558239786862,-0.32347823433254075,0.04710632377177526,,6.3,-0.44490714556230426,0.21485645986687935,0.5827715584401334,False,False,False
6263,163.0,2026-08-17,0.012422360248447228,0.07236842105263164,-0.012640483839407746,0.3791053501040811,,68.7,-0.13406939506917126,0.33459215060010067,0.9035518293714433,False,False,False
6264,6.03000020980835,2026-08-17,-0.0049504510320889095,0.0,-0.009852207106110566,-0.14589231463444996,,28.3,-0.13128111833587408,0.28995970231066914,0.7509340486088885,False,False,False
6265,63.29999923706055,2026-08-17,0.1344086039882728,0.318749984105428,0.4894117467543657,0.5785536570010545,,92.8,0.3679828355246022,1.4094966938329485,0.9906102930439624,True,False,False
6266,25.100000381469727,2026-08-17,0.006012008574888705,-0.009861932790452554,0.01874276321946966,-0.08068932081563873,,38.9,-0.10268614801029385,0.46148043210172923,0.8549004064919173,False,False,False
6269,66.5,2026-08-17,0.009104680731842896,0.18327400528885374,0.1790779822849251,0.07258064516129026,,72.3,0.057649071055161594,0.6317098780845853,0.76,False,False,False
6270,30.549999237060547,2026-08-17,0.0049341980398853735,-0.011326873326556242,0.21971245029806297,0.13164653425522133,,77.9,0.09828353906829945,0.12481912664288207,0.7332540000963205,False,False,False
6271,198.0,2026-08-17,0.0050761421319796,-0.024630541871921152,0.1077697551960557,0.2771103262445356,,75.1,-0.01365915603370782,0.3791075069627165,0.688695652173913,False,False,False
6272,23.799999237060547,2026-08-17,-0.051792873492102265,-0.12014787769558433,-0.20618218415373968,-0.3931873293316356,,3.1,-0.3276110953835032,0.47918685069447997,0.41113038951454006,False,False,False
6274,1600.0,2026-08-17,0.09589041095890405,0.36752136752136755,0.30612244897959173,2.003347465753723,,96.9,0.18469353774982822,0.6043983594710045,0.8421052631578947,False,False,False
6275,43.20000076293945,2026-08-17,-0.025930050749667477,0.0003310698742049478,-0.039001794517366295,-0.08378995021880153,,28.8,-0.1604307057471298,0.39245998170713536,0.7436671747851026,False,False,False
6276,19.149999618530277,2026-08-17,-0.042500019073486106,-0.08153480728232076,-0.318505360905313,-0.48933334350585933,,0.7,-0.4399342721350765,0.4809822389253203,0.3546296225653755,False,False,False
6277,87.5,2026-08-17,0.09375,0.1217948717948718,0.24902474395036323,0.5050748771076863,,87.1,0.1275958327205997,1.7587345190947523,1.0,True,True,False
6278,175.0,2026-08-17,0.020408163265306145,0.06382978723404253,-0.1646928315352928,0.8928359555650294,,77.6,-0.2861217427650563,0.7027476626965766,0.7302584347466193,True,False,False
6281,51.5,2026-08-17,-0.001937954982135115,0.007827818744094328,0.01577907741660889,-0.0996503616593053,,36.7,-0.10564983381315463,0.3161688321910826,0.7671993404334781,False,False,False
6282,46.54999923706055,2026-08-17,-0.053154556178528156,-0.029871427070005452,-0.06806546420757642,-0.06438195730038054,,25.9,-0.18949437543733993,0.3715082031045573,0.6686761248357325,False,False,False
6283,20.299999237060547,2026-08-17,0.007444149943919953,-0.04245290063631668,-0.18637280094940856,-0.10964912647612479,,10.4,-0.30780171217917207,0.4003277007205412,0.6424050313924834,False,False,False
6284,77.5999984741211,2026-08-17,0.015706766024549346,-0.043156597606063385,-0.07056910809810835,-0.059517634159363286,,25.9,-0.19199801932787186,0.2630306952174161,0.637859418017758,False,False,False
6285,243.0,2026-08-17,-0.05078125,0.036247334754797356,-0.1537803457347261,0.19082481710561616,,33.2,-0.2752092569644896,0.4648823132513678,0.7745960951625974,False,False,False
6290,216.0,2026-08-17,0.009345794392523255,-0.047371731311507626,-0.17815926591903275,0.29903851642241563,,37.7,-0.29958817714879626,0.5468038118157281,0.6035042854342473,False,False,False
6291,393.5,2026-08-17,0.026075619295958363,0.0535475234270415,-0.16631355932203384,0.6933835395373857,,69.1,-0.28774247055179736,0.6555410322044933,0.5795287187039765,False,False,False
6292,63.09999847412109,2026-08-17,0.04817271884433172,0.25697206205433276,0.22293792948750957,0.5847361724794686,,87.6,0.10150901825774605,1.6214214793768944,0.9272633585334277,False,False,False
6405,39.650001525878906,2026-08-17,-0.007509367492649632,-0.09886360168457031,-0.2643784711797861,0.3260870244729417,,25.6,-0.3858073824095496,0.23091732571968082,0.48950619167751735,False,False,False
6407,22.100000381469727,2026-08-17,-0.049462349184097754,-0.08677687253157962,-0.2324611971688657,0.3154762729225282,,30.2,-0.3538901083986292,0.3217948116446729,0.3999758704751962,False,False,False
6409,983.0,2026-08-17,-0.054807692307692335,0.05543232891405969,0.47060958062420677,0.07093711466012431,,87.2,0.34918066939444325,0.4177014407158741,0.79116514750708,False,False,False
6411,79.0,2026-08-17,0.024643340641785416,-0.009906587059036576,-0.013506930858518729,-0.001402803717227341,,40.3,-0.13493584208828224,0.20570760559770296,0.7139094292937413,False,False,False
6412,78.69999694824219,2026-08-17,-0.008816178390230411,-0.0025349122150665204,-0.11144580855907038,-0.11432761863811003,,16.3,-0.2328747197888339,0.24137625809701127,0.7692459591411032,False,False,False
6414,417.5,2026-08-17,-0.13381742738589208,0.05696202531645578,0.32058054561171256,0.5013880055904332,,89.2,0.19915163438194905,1.131612343672439,0.8300198807157058,False,False,False
6415,453.5,2026-08-17,-0.02473118279569897,0.042528735632183956,-0.0591286307053942,0.5912304556034962,,74.1,-0.18055754193515772,0.9002375575592596,0.673848439821694,False,False,False
6416,95.0999984741211,2026-08-17,-0.08115943503264644,0.07102153119010124,0.11881316799780417,0.11753456392656614,,68.8,-0.0026157432319593443,0.8730619848488926,0.9181621946121733,False,False,False
6417,110.0,2026-08-17,-0.03508771929824561,-0.02713773128717578,-0.1046566434187427,0.026169824432742406,,26.9,-0.22608555464850622,0.4773792531884525,0.7670006384791748,False,False,False
6418,32.150001525878906,2026-08-17,-0.050221477839706985,0.10481103451638973,0.10674193047047487,-0.05136397951388416,,57.2,-0.014686980759288648,0.4683270264040029,0.4303996427673722,False,False,False
6419,180.0,2026-08-17,0.24137931034482762,0.3284132841328413,0.139240506329114,1.510460357898424,,94.1,0.017811595099350486,2.0090252909295865,0.9254498714652957,True,True,False
6423,82.4000015258789,2026-08-17,0.0,0.22985076904296875,-0.15139029020850092,-0.04000086397258329,,15.8,-0.27281920143826444,0.2593069628591236,0.6565737173376806,True,False,False
6425,60.20000076293945,2026-08-17,0.048780473216506026,-0.0033112708259412926,-0.31278572655967696,-0.06690163621727918,,4.2,-0.43421463778944047,0.2691884629302069,0.5953622760402987,False,False,False
6426,239.5,2026-08-17,0.10114942528735638,0.5254777070063694,-0.05148514851485153,0.87109375,,83.4,-0.17291405974461505,0.90609791926888,0.830155979202773,True,False,False
6432,71.5,2026-08-17,0.007042253521126751,0.08169442739084287,0.4386317686601824,1.2067900195279524,,95.3,0.31720285743041887,0.5445848872363104,0.822784795679287,False,False,False
6434,15.399999618530272,2026-08-17,-0.06097561117441164,0.09999997275216232,-0.2820513253716129,1.650602370085879,,88.3,-0.40348023660137644,0.30596296461780775,0.42191779776795263,False,False,False
6435,256.5,2026-08-17,-0.007736943907156624,-0.09228211186032553,0.19382392607233,0.8735813960434962,,90.7,0.0723950148425665,0.6154659048921037,0.62675757009028,False,False,False
6438,147.5,2026-08-17,0.00340136054421758,0.01724137931034475,-0.07995810654050406,0.02401920036000682,,31.6,-0.20138701777026757,0.3627849547156929,0.7360654047523647,False,False,False
6441,22.049999237060547,2026-08-17,-0.061702160125083116,0.06009615605046781,-0.061702160125083116,0.013793068370599793,,34.2,-0.18313107135484663,0.8799209042036393,0.6869158967355459,False,False,False
6442,1630.0,2026-08-17,0.14385964912280702,0.25384615384615383,-0.05512862969535892,-0.11608810522296653,,24.1,-0.17655754092512244,1.2751443725372633,0.6937029990523053,True,False,False
6443,28.049999237060547,2026-08-17,0.03696857775248752,-0.060301545105727494,-0.3141809733353603,-0.3639455735237509,,1.0,-0.43560988456512384,0.30660954976426325,0.5363288651290057,False,False,False
6449,232.0,2026-08-17,-0.03534303534303529,-0.08661417322834641,-0.0417300393408484,0.41998184998132615,,67.7,-0.16315895057061192,0.8591150655759675,0.5060410665250867,False,False,False
6451,458.5,2026-08-17,0.005482456140350811,0.06805174774686629,-0.05221437966022957,1.205424175758362,,88.7,-0.17364329088999308,0.23947329915202328,0.633602544644898,True,False,False
6456,66.5,2026-08-17,-0.016272167144237404,0.026234519570691228,-0.02349483861925661,0.5721040472676171,,75.9,-0.14492374984902012,0.5336843167139571,0.7299670813813542,False,False,False
6462,99.6999969482422,2026-08-17,-0.017734020214362545,0.005040322735704095,-0.23893132100578474,-0.08532112891520915,,7.5,-0.36036023223554825,0.3236616574742139,0.6370606833753495,False,False,False
6464,78.0,2026-08-17,0.011673171772902169,0.011673171772902169,0.05867806900802375,0.10249513596333171,,61.5,-0.06275084222173977,0.32333124469543,0.9798995162714573,False,False,False
6465,46.34999847412109,2026-08-17,-0.02215196240414785,-0.1336448883341853,-0.004656181554299255,0.31306647888772954,,65.9,-0.12608509278406277,0.2901912888810194,0.6509831525388203,False,False,False
6470,42.25,2026-08-17,-0.011695906432748537,-0.05209983690985953,-0.046049397135008885,-0.16194994846358535,,22.0,-0.1674783083647724,0.4303951168285639,0.8349288365294031,False,False,False
6473,6.619999885559082,2026-08-17,-0.083102482280909,-0.10419485721759514,-0.22025912084480492,-0.22933646473048208,,4.7,-0.34168803207456844,0.2996932227082503,0.38941175797406363,False,False,False
6474,39.400001525878906,2026-08-17,0.007672712620599764,0.07503410328805038,0.045092857520857565,0.09444448682996964,,59.1,-0.07633605370890595,1.3620584912817586,0.8382979048059341,True,True,False
6477,38.45000076293945,2026-08-17,0.13254786152795317,0.009186412147919043,0.14935401100203038,0.059855084060771446,,69.0,0.02792509977226687,1.2075645660347563,0.8488117067104166,False,False,False
6485,61.70000076293945,2026-08-17,-0.04683626404114971,-0.05120198517850394,-0.41919372553548395,-0.3579930599058052,,0.4,-0.5406226367652475,0.2718864541301338,0.49916685600354693,False,False,False
6486,73.80000305175781,2026-08-17,-0.01336898341177939,-0.0415584019252232,-0.019602847040589566,0.0014144696215137031,,39.4,-0.14103175827035308,0.6290303989825052,0.8784532213053046,False,False,False
6488,1020.0,2026-08-17,0.19437939110070257,-0.17741935483870963,0.5397647814997661,1.1354401231862803,,95.9,0.41833587027000263,1.3440049891382344,0.6758703595001926,False,False,False
6494,54.70000076293945,2026-08-17,-0.00905797088929916,0.06420231788123698,0.08411689425826818,0.46455895044863316,,80.1,-0.03731201697149533,0.26736736476248263,0.7904624736306284,False,False,False
6498,77.9000015258789,2026-08-17,0.011688331504920768,-0.044171760418663775,-0.22855207803430055,-0.05899329467073,,9.1,-0.34998098926406407,0.5533209476137226,0.6702744364559651,False,False,False
6504,37.900001525878906,2026-08-17,-0.028205089080028056,0.058659283060666034,-0.02193544449344753,-0.09761901128859751,,31.1,-0.14336435572321105,0.34176340863798527,0.7323926073834021,False,False,False
6505,71.0999984741211,2026-08-17,0.03043476049450855,-0.1254613062086002,0.41746408872426133,0.46015880557774147,,90.9,0.2960351774944978,0.5779580736238186,0.7628755450883314,False,False,False
6506,17.350000381469727,2026-08-17,0.008720907667252753,0.016461351403266766,-0.034361780909053063,0.17234036726186508,,52.1,-0.15579069213881658,0.40839677754093,0.8863345954150751,False,False,False
6508,25.799999237060547,2026-08-17,-0.026415123129790663,0.007812455180101763,0.10761611515395719,0.10995283289423319,,67.2,-0.013812796075806322,0.4867470876517137,0.8978116743533979,False,False,False
6509,46.75,2026-08-17,-0.019916158233640013,0.003842707583247229,0.029500014364844507,0.3869448576781591,,72.9,-0.09192889686491901,0.38346821533984127,0.8406091807875018,False,False,False
6510,2880.0,2026-08-17,0.012302284710017597,0.11411992263056092,-0.16314081838745165,-0.2761167711875271,,6.2,-0.28456972961721516,1.0036722220795562,0.6894126169998868,False,False,False
6512,20.399999618530277,2026-08-17,0.012406948125700978,0.017456378792413574,0.06249993791183095,0.019999980926513894,,56.0,-0.058928973317932565,1.55129811996419,0.8927789618364171,True,False,False
6515,6610.0,2026-08-17,-0.03221083455344065,0.09165978530140384,-0.298326800345164,0.4618833964495661,,31.7,-0.4197557115749275,1.0865514909078715,0.6168484122622026,False,False,False
6516,58.70000076293945,2026-08-17,-0.03294892874566657,0.03163443214042583,0.0924843557344226,-0.04128925273614914,,55.9,-0.028944555495340918,0.5517969349201757,0.8980864645847764,False,False,False
6517,64.0,2026-08-17,0.032258064516129004,-0.11422239473758677,0.08375768712278986,-0.03023756301611713,,55.4,-0.037671224106973655,0.38076405498965216,0.7973077511268475,False,False,False
6525,147.5,2026-08-17,0.03873239436619724,-0.14492753623188404,0.39946414891601734,0.9486209507755781,,93.7,0.2780352376862538,0.5651196691343575,0.667420814479638,False,False,False
6526,605.0,2026-08-17,-0.03508771929824561,0.07460035523978692,-0.04614380573063148,0.33581162052558144,,63.1,-0.167572716960395,0.3710970883518031,0.8195816812209653,False,False,False
6530,86.69999694824219,2026-08-17,0.0509090539180872,0.2565216949020608,-0.1283269045452492,0.3977064656307463,,55.7,-0.2497558157750127,1.9116539256211982,0.6627327449499321,False,False,False
6531,873.0,2026-08-17,-0.054171180931744334,0.06593406593406592,-0.14244823191497746,1.0609391508327808,,83.8,-0.263877143144741,0.26984343061015414,0.7386474877923479,False,False,False
6532,88.5,2026-08-17,0.05988023952095811,0.26972745875036863,-0.14799253809506951,0.5873622674351775,,65.1,-0.26942144932483303,0.8318764825335618,0.8034280714770745,True,False,False
6533,243.5,2026-08-17,-0.026000000000000023,0.15952380952380962,0.13519813519813528,0.047311827956989294,,66.8,0.013769223968371769,1.5972853225621408,0.7480798771121352,False,False,False
6536,16.850000381469727,2026-08-17,0.02121214433149854,-0.09651470637415493,-0.32734527366608557,0.07324844497933891,,7.1,-0.4487741848958491,0.7788434079009996,0.3623655996014995,False,False,False
6538,190.5,2026-08-17,0.30927835051546393,0.3905109489051095,0.9677169235667309,1.6904957757782264,,98.0,0.8462880123369674,1.9027914222844329,1.0,True,True,False
6546,62.900001525878906,2026-08-17,0.029459952482981056,0.044850510443874336,-0.08293418648793194,0.04345628808222668,,32.5,-0.20436309771769545,1.1591890199013726,0.7234630172471664,False,False,False
6548,73.19999694824219,2026-08-17,-0.03302510040666584,-0.0040816741735756334,0.5167050698529085,0.4147502831500052,,92.1,0.395276158623145,0.18644671999228835,0.7498491035818821,False,False,False
6552,24.700000762939453,2026-08-17,-0.008032082676900365,-0.04077666940040958,-0.11785711560930523,-0.22932913101670316,,10.9,-0.23928602683906874,0.30586232256668755,0.6693766867629183,False,False,False
6555,15.199999809265137,2026-08-17,-0.025641061693801426,-0.03797470722953333,-0.2863849599197087,-0.4220532224257211,,1.0,-0.4078138711494722,0.3608810917808425,0.46060605482621625,False,False,False
6556,58.29999923706055,2026-08-17,-0.0551053725095112,-0.10992367577006801,-0.12158708912499971,-0.09704321881185196,,16.1,-0.24301600035476323,2.9753297941320254,0.7752659787630924,False,False,False
6558,25.549999237060547,2026-08-17,-0.04485984160521317,-0.06410256589400642,-0.1553719260475852,-0.2883008871561592,,6.5,-0.2768008372773487,0.291737454173857,0.4562499863760812,False,False,False
6559,15.949999809265137,2026-08-17,-0.11878455949678879,-0.003125011920928955,-0.32698193367132333,0.20289427600593446,,11.4,-0.44841084490108685,0.2388767637602838,0.3466404978256193,False,False,False
6560,31.0,2026-08-17,-0.05343511450381677,-0.06060606060606055,-0.17333333333333334,-0.24390243902439024,,6.8,-0.29476224456309685,0.4061151429201821,0.6431535167907222,False,False,False
6561,321.5,2026-08-17,-0.018320610687022953,0.011006289308176154,-0.04216482921706255,0.033018427594559974,,38.3,-0.16359374044682606,0.5122815761698135,0.7330635507042061,False,False,False
6565,18.149999618530277,2026-08-17,0.1597444128394674,0.03714283534458729,-0.203947358514463,0.10670731955522039,,18.5,-0.3253762697442265,1.2007500808541682,0.5401785846064698,False,False,False
6568,133.0,2026-08-17,-0.04659498207885304,-0.050000000000000044,-0.36413903505815504,-0.19419417411283624,,1.7,-0.48556794628791855,0.2838177745122953,0.4896593496958943,False,False,False
6570,55.5,2026-08-17,-0.031413599668886905,0.18971057201812935,0.291113568094453,0.4208738188351191,,87.0,0.16968465686468948,0.6882051566190552,0.8633706450021381,False,False,False
6573,16.450000762939453,2026-08-17,-0.029498523745983052,-0.18765428331163192,0.22761203218181203,0.044444492885044706,,75.4,0.10618312095204852,0.21945033666655697,0.5885509951309724,False,False,False
6577,82.0,2026-08-17,0.0211705714026742,0.10512133925286626,0.12926667616486354,0.22061605774060689,,74.4,0.007837764935100022,0.6098079783276104,0.8686440537558725,False,False,False
6578,18.0,2026-08-17,-0.03225808436366906,0.1009174055066262,0.125,-0.08629445162954374,,57.5,0.0035710887702364857,0.338823343797495,0.7045009995104348,False,False,False
6579,152.5,2026-08-17,-0.07294832826747721,0.016666666666666607,0.04729205427889838,0.30582849490025077,,71.0,-0.07413685695086514,0.6632043583858138,0.8310626702997275,False,False,False
6581,108.5,2026-08-17,0.004629629629629539,-0.004587155963302725,0.009302325581395321,0.0596723813157205,,49.7,-0.1121265856483682,0.6744275112546699,0.9601769911504425,False,False,False
6582,31.700000762939453,2026-08-17,-0.012460988479613744,-0.018575804591124068,0.039344287309490245,-0.020092665899246187,,48.0,-0.08208462392027327,0.4816879090716886,0.8475935687062649,False,False,False
6584,596.0,2026-08-17,0.14176245210727978,0.029360967184801412,-0.09284627092846276,0.7555228276877761,,77.8,-0.21427518215822627,1.338872044970652,0.7403726708074534,False,False,False
6585,120.0,2026-08-17,0.02127659574468077,-0.028340080971659964,0.3183752557873336,0.3769696833868994,,87.2,0.1969463445575701,0.4405043294452391,0.8234370123017364,False,False,False
6588,90.9000015258789,2026-08-17,0.004419906363302806,0.2695531209925033,-0.2842519564891425,0.25206616303554075,,17.6,-0.405680867718906,0.8332736484952568,0.5699059656794916,False,False,False
6590,65.0,2026-08-14,0.03011095993382873,-0.03988178833015876,-0.03273805131176777,-0.0541250633521313,,32.9,-0.15416696254153128,0.6204824094719792,0.870399759384682,False,False,False
6591,44.34999847412109,2026-08-17,-0.012249510758720494,0.02188932983506242,-0.0812555712199472,-0.28587879685042095,,11.4,-0.2026844824497107,0.5888628789507633,0.48375605293931423,False,False,False
6592,61.0,2026-08-17,0.004942326742831238,0.009933749320585994,0.08048122909626398,0.08048122909626398,,62.9,-0.04094768213349953,0.45282099740745985,0.9194623795025717,False,False,False
6593,31.899999618530277,2026-08-17,-0.016949187410723376,-0.033333344893021866,-0.08987160305554531,-0.10267228401864992,,19.9,-0.21130051428530883,0.43183592758852063,0.5974464972257054,False,False,False
6597,68.69999694824219,2026-08-17,0.013274245663342121,0.09047614203559018,-0.044506321414818695,0.17462884573992787,,50.8,-0.1659352326445822,0.2236411052909141,0.8796414633862809,True,False,False
6599,38.650001525878906,2026-08-17,0.00782276567651663,-0.01150887380571175,-0.07794892796039454,-0.35131343160693473,,9.4,-0.19937783919015806,0.18099397590361446,0.6227391295796394,False,False,False
6603,29.950000762939453,2026-08-17,0.1154562509283672,0.2663848306988128,0.38337188409487033,0.15192310626690197,,86.0,0.2619429728651068,2.1063889654228927,0.8719069022813334,True,True,False
6606,27.100000381469727,2026-08-17,0.026515180797507032,0.04633207647157267,0.14977142877026806,0.09618980783471232,,70.8,0.02834251754050454,1.1624559998615176,0.996323515490265,False,False,False
6609,39.04999923706055,2026-08-17,-0.015132465718235788,-0.0025543367795849425,-0.07464458457179168,-0.04406363046012984,,26.4,-0.1960734958015552,0.22286941363015508,0.7480842656382671,False,False,False
6613,262.5,2026-08-17,-0.016853932584269704,-0.2009132420091324,0.07827976919828705,0.3706011190788596,,76.0,-0.04314914203147646,0.7937275943320798,0.6870577289521475,False,False,False
6614,36.04999923706055,2026-08-17,0.005578822076766077,-0.05628276133347032,-0.044187519172552814,-0.16973020928392268,,21.6,-0.16561643040231633,0.3454213789627625,0.5008152172760985,False,False,False
6616,8.75,2026-08-17,0.01156073825199977,-0.031007723283626443,-0.10896127577154402,-0.15048545262447,,14.6,-0.23039018700130753,0.2804714380434903,0.8064515845495975,False,False,False
6618,20.0,2026-08-17,-0.00990102749433508,0.0,0.061007936087935866,0.010101049022522401,,54.7,-0.06042097514182765,0.6395178823155218,0.6329113847646667,False,False,False
6624,41.79999923706055,2026-08-17,-0.040183697604081026,-0.05749716628622892,-0.11063831410509473,-0.33012823373529887,,7.7,-0.23206722533485824,0.38688283931694045,0.5765517136146282,False,False,False
6625,77.30000305175781,2026-08-17,0.0025940931464978334,0.0038961435293223268,0.06620693864493532,-0.00668642601206193,,54.1,-0.055221972584828194,0.6532777762960641,0.9109036846865014,False,False,False
6629,111.0,2026-08-17,0.004524886877828038,0.05714285714285716,-0.0632056747269828,-0.07449236842234164,,25.8,-0.1846345859567463,0.7249039668035553,0.7555606102859956,False,False,False
6638,48.25,2026-08-17,-0.052062896786586044,0.09659090909090917,-0.06492245296869936,0.8557692307692308,,82.5,-0.18635136419846288,0.6462524687845211,0.7212256935649765,False,False,False
6639,4.739999771118164,2026-08-17,0.023758024613035778,-0.18275868702728382,-0.3688415943199108,-0.47157194760171117,,0.3,-0.49027050554967433,1.1494965805355803,0.43888885994507015,False,False,False
6640,1070.0,2026-08-17,0.06467661691542292,0.14194236926360726,-0.1592318613739332,0.3798866235641005,,48.2,-0.2806607726036967,1.5501136805194702,0.6162448325736642,False,False,False
6641,18.100000381469727,2026-08-17,-0.005494526224051444,0.022598847530436172,0.0020143527251257343,-0.14608929390762504,,31.0,-0.11941455850463778,2.164608841891303,0.6796752065716745,False,False,False
6642,83.69999694824219,2026-08-17,0.00480184732089195,0.09698549935135148,-0.007117509867078375,0.5731153027964109,,77.4,-0.1285464210968419,0.8743795622270405,0.9107725305605396,False,False,False
6643,432.0,2026-08-17,-0.020408163265306145,0.1065509934141351,-0.22915533560807622,-0.1327032772644946,,6.7,-0.35058424683783973,0.7113843852935728,0.6215419049515843,False,False,False
6648,14.899999618530272,2026-08-17,-0.02931600988640304,-0.003344494406205767,-0.10240968216103985,-0.3943089679887204,,6.4,-0.22383859339080336,0.5218510574338601,0.5042301185525321,False,False,False
6651,138.5,2026-08-17,0.025925925925925908,0.14937759336099576,0.18376068376068377,0.4663475406138953,,84.8,0.06233177253092026,0.5934287805573396,0.8195266272189349,False,False,False
6654,175.5,2026-08-17,0.0,-0.0357142857142857,0.8186528497409327,0.9076086956521738,,96.6,0.6972239385111692,0.24223755349712464,0.7714285714285715,False,False,False
6655,116.5,2026-08-17,-0.008510638297872353,-0.037190082644628086,-0.08158358285232403,0.001908824184773561,,28.9,-0.20301249408208755,0.5125680881617112,0.8628538305848948,False,False,False
6658,159.5,2026-08-17,-0.012383900928792602,-0.006230529595015577,-0.1228162278031133,2.0870121388214447,,94.3,-0.2442451390328768,0.3221018080039121,0.6206225680933852,False,False,False
6664,342.0,2026-08-17,-0.017241379310344862,-0.030034538823827783,-0.1296721177668132,0.22299986947865236,,39.5,-0.2511010289965767,0.5418981712121057,0.7325260026279449,False,False,False
6667,226.0,2026-08-17,-0.04033970276008492,-0.06611570247933884,-0.06572295732460232,-0.03509094010113767,,28.3,-0.18715186855436583,0.3451611216608988,0.782185411570661,False,False,False
6668,36.09999847412109,2026-08-17,0.024113431889959847,0.04335260306794275,-0.05989591042614362,-0.05000004015470827,,28.0,-0.18132482165590713,0.5421942633326634,0.7389969212229459,False,False,False
6669,6620.0,2026-08-17,0.10149750415973369,0.4329004329004329,0.3929910084835455,0.8510125592019124,,93.2,0.271562097253782,0.9076521937275626,1.0,True,True,False
6670,261.5,2026-08-17,-0.018761726078799223,0.007707129094412402,0.05500612313230291,0.0015881485568209897,,52.9,-0.0664227880974606,0.31024551028821945,0.921594427261231,False,False,False
6671,22.299999237060547,2026-08-17,-0.015452555733528106,-0.021929825295224914,-0.16165417604297017,-0.36813771973353704,,4.2,-0.2830830872727337,1.2200081333875559,0.5810317513405857,False,False,False
6672,283.0,2026-08-17,0.125248508946322,0.17427385892116187,0.5810055865921788,2.0065594416624526,,97.6,0.4595766753624153,1.1117919934646499,0.8984126984126984,True,False,False
6673,14.699999809265137,2026-08-17,0.020833347130705393,-0.010101048373828081,-0.29326921401644535,0.6333333121405706,,46.9,-0.41469812524620886,0.32869394718210165,0.3616235979697741,False,False,False
6674,14.649999618530272,2026-08-17,-0.03300330116104033,-0.08150471512731383,-0.13056384054203574,-0.2783251148214525,,8.1,-0.25199275177179925,0.42725720458584515,0.5140350743343955,False,False,False
6679,206.5,2026-08-17,-0.04176334106728541,-0.057077625570776225,-0.31325003945472807,0.08499414096698743,,8.0,-0.4346789506844916,0.5380127116168337,0.609229715960467,False,False,False
6680,52.900001525878906,2026-08-17,0.0,-0.03738708624319975,0.024133279392005047,-0.16435749573197622,,33.3,-0.09729563183775847,0.2180409152921978,0.7362687912250576,False,False,False
6682,36.25,2026-08-17,-0.05721718385659835,-0.09147873148605112,-0.38663280988284154,0.3915547432503652,,14.0,-0.5080617211126051,0.47824444872997507,0.5112834868807238,False,False,False
6683,1325.0,2026-08-17,0.0772357723577235,0.09053497942386834,-0.1779416566084231,0.7662262599885576,,71.5,-0.2993705678381866,0.7812267848726153,0.5191947659596043,False,False,False
6684,47.150001525878906,2026-08-17,-0.06075695599017272,-0.04457947348054836,0.06433413855307935,-0.027835020084970963,,51.8,-0.05709477267668417,0.1684880753768217,0.690336741129405,False,False,False
6689,61.29999923706055,2026-08-17,-0.04368173640738826,0.04182442084620419,-0.01784655392422496,0.03841423129275623,,42.6,-0.13927546515398848,0.4752513760740942,0.7420714663855038,False,False,False
6690,164.5,2026-08-17,0.0030487804878047697,0.03134796238244508,0.029673571799017973,0.06769232689037352,,54.3,-0.09175533943074554,0.33882082472989894,0.925333343862135,False,False,False
6691,730.0,2026-08-17,-0.002732240437158473,0.03693181818181812,0.17741935483870974,0.21464226289517474,,77.7,0.05599044360894623,0.4756565203780645,0.9159347553324969,False,False,False
6692,24.5,2026-08-17,0.010309278350515427,0.07692307692307687,-0.14847151468987962,-0.21729554212604263,,9.2,-0.26990042591964314,0.5731312712267229,0.7025412356270917,True,False,False
6693,181.0,2026-08-17,-0.016304347826086918,-0.05235602094240843,0.3292102695305794,1.0363322241843909,,93.4,0.2077813583008159,0.767782462749989,0.6561923854790386,False,False,False
6695,50.20000076293945,2026-08-17,0.023445495285757456,-0.040152935081364305,0.017223957752787067,0.18256772345611028,,61.3,-0.10420495347697645,0.24454264777114684,0.72859215749196,False,False,False
6697,41.0,2026-08-17,0.02499999999999991,0.0211705714026742,-0.0024330529886528174,-0.021120595595331193,,40.5,-0.12386196421841633,0.5625381401965184,0.7540934033146869,False,False,False
6698,31.950000762939453,2026-08-17,-0.06167396537957692,-0.10252802998952248,0.047102216379637074,-0.042737855127298,,47.4,-0.07432669485012644,0.16673355994603245,0.6776011877173099,False,False,False
6705,110.5,2026-08-17,0.12755102040816335,0.23463687150837997,0.13277596535158365,0.9530620460981218,,90.2,0.011347054121820133,2.498739117157726,0.7732259446374201,False,False,False
6706,123.5,2026-08-17,0.07391304347826089,0.11764705882352944,-0.28612716763005785,0.06926406926406936,,9.6,-0.40755607885982137,0.48912954454658675,0.5704387990762124,False,False,False
6708,40.0,2026-08-17,0.030927855323080733,0.07526879515147877,0.0,-0.04534609681828772,,38.7,-0.12142891122976351,0.8207041337414409,0.8264462549368408,True,False,False
6715,401.5,2026-08-17,0.10453920220082535,0.026854219948849067,-0.1668376305232735,1.6883373499293604,,91.5,-0.288266541753037,1.297543864468054,0.7087005260166828,False,False,False
6716,130.0,2026-08-17,0.23809523809523814,0.5587529690831141,0.45400081986881413,1.2920709861138193,,95.8,0.3325719086390506,2.2987059611147873,1.0,True,True,False
6719,200.5,2026-08-17,-0.024330900243308973,-0.083577899136971,-0.029287515986506363,0.019006692501728928,,39.3,-0.15071642721626988,0.3377416703002991,0.6554250521622844,False,False,False
6720,138.0,2026-08-17,-0.0036101083032491488,-0.0036101083032491488,-0.12658227848101267,-0.14116124640697114,,13.5,-0.24801118971077618,0.1824289233693255,0.7868690202114862,False,False,False
6721,51.59999847412109,2026-08-17,-0.009596929263795628,-0.020872908404053203,-0.06550248871086883,-0.1182563539492858,,22.3,-0.18693139994063235,0.7865347473588798,0.8691272630005288,False,False,False
6723,37.20000076293945,2026-08-17,0.19422154794538726,0.0664705953759821,0.01756236194297056,-0.08814326681001905,,37.9,-0.10386654928679295,3.0002789948550426,0.726169547836494,True,False,False
6725,235.0,2026-08-17,-0.0505050505050505,-0.19464524765729585,-0.16687439412823712,-0.021836333186998957,,15.1,-0.28830330535800064,0.41518023982461827,0.5907247572195874,False,False,False
6727,475.0,2026-08-17,0.22422680412371143,0.2925170068027212,-0.07302015047223276,1.6602523537724752,,92.3,-0.19444906170199627,1.0190414447775786,0.7275387009754612,True,False,False
6728,106.5,2026-08-17,0.009478672985782088,0.048341407770610356,0.029280650685714393,-0.1941575014899738,,31.6,-0.09214826054404912,0.6850558172604361,0.778150375708488,True,False,False
6729,42.59999847412109,2026-08-17,-0.02068969025008993,-0.1647059122721356,-0.1530815284240834,-0.36322873688362856,,4.8,-0.2745104396538469,0.3285191373465584,0.5795918159744365,False,False,False
6732,155.0,2026-08-17,-0.003215434083601254,-0.1989664082687338,-0.016598044635138254,-0.09460162027420393,,32.3,-0.13802695586490177,0.3236357378542931,0.6230129276310988,False,False,False
6735,64.30000305175781,2026-08-17,-0.016819548141536744,-0.05137316225942101,-0.386972252044655,0.04807968705085419,,3.7,-0.5084011632744185,0.3145718117540873,0.4481444019610043,False,False,False
6737,30.0,2026-08-17,-0.001663868164059168,0.0,-0.12152273324889984,-0.2909288021944969,,8.3,-0.24295164447866335,0.034600395962285965,0.5272318164213827,False,False,False
6738,79.19999694824219,2026-08-17,0.028571388938210207,0.2147239364307585,0.1511626952786691,0.05179274553021851,,68.8,0.029733784048905587,2.9770477413612633,0.9542168307017131,False,False,False
6739,1025.0,2026-08-17,-0.023809523809523836,-0.0848214285714286,-0.14628926405473963,0.17204353456103294,,32.7,-0.26771817528450315,0.6903053417276187,0.6065839293545864,False,False,False
6741,54.70000076293945,2026-08-17,-0.02321427209036686,-0.03527336813207327,-0.08187830278760022,-0.1272177183006109,,19.3,-0.20330721401736374,0.8324834931765157,0.6576313620672496,False,False,False
6742,43.75,2026-08-17,-0.007936473610684502,-0.057112099972688735,-0.16187740688576235,-0.0034168911313244843,,16.9,-0.28330631811552587,0.1288776445638605,0.617066277269839,False,False,False
6743,25.600000381469727,2026-08-17,-0.013487490218866638,-0.0368411270484158,0.002228805791549826,0.04845708127484283,,47.5,-0.11920010543821369,0.7727790334706166,0.8129667051129337,False,False,False
6750,55.09999847412109,2026-08-17,-0.07705196365213374,-0.08013360483278198,-0.15246568937862315,0.039742948903629616,,21.2,-0.27389460060838666,0.35645236947571657,0.783655476911024,False,False,False
6751,41.34999847412109,2026-08-17,-0.00481349618801119,0.032459407286519415,-0.056425715309154634,-0.24107343647035806,,15.1,-0.17785462653891815,0.24647932261627192,0.6324388472208851,False,False,False
6752,100.0,2026-08-17,0.014198798656638534,0.02249485561956388,-0.00497512437810943,-0.10390202428773365,,33.5,-0.12640403560787294,0.6336489933604348,0.6886150091929515,False,False,False
6753,147.0,2026-08-17,0.035211267605633756,0.05755395683453246,0.185483870967742,0.03157894736842115,,71.2,0.06405495973797848,1.3137158988467066,0.7223587223587223,False,False,False
6754,41.54999923706055,2026-08-17,-0.024647870297422658,-0.02120144899183707,0.029731424796333616,0.023867338937175075,,50.5,-0.0916974864334299,0.4722758961833948,0.8577820486296973,False,False,False
6755,12.800000190734863,2026-08-17,-0.06569340372702892,-0.14093956252077755,-0.40603245271943667,-0.29281768392451835,,0.8,-0.5274613639492002,2.3135566189228607,0.4421416184251323,False,False,False
6756,100.5,2026-08-17,0.006005990640207015,0.09716159032899263,0.06914893617021267,0.2574435554225083,,70.9,-0.05227997505955084,0.43431602761051114,0.8933333333333333,False,False,False
6757,56.0,2026-08-17,0.0071942722456206365,0.04187591922260481,0.11743174504703213,-0.09219493260226064,,55.8,-0.003997166182731382,0.3648572460661222,0.7154954087132729,False,False,False
6761,181.0,2026-08-17,0.07738095238095233,0.18300653594771243,0.005555555555555536,0.2673520529804154,,64.5,-0.11587335567420798,1.5807645679314926,0.7869565217391304,False,False,False
6763,41.84999847412109,2026-08-17,-0.03460207734252785,0.0011961540184959318,-0.017791480634627876,-0.17346228577929368,,25.3,-0.1392203918643914,0.1948753641211567,0.6559240943360904,False,False,False
6768,65.5,2026-08-17,-0.02384498525343748,-0.06428571428571428,-0.18411422455595694,-0.3168955837714388,,4.3,-0.30554313578572045,0.7877676124440899,0.5641833977719489,False,False,False
6770,74.5999984741211,2026-08-17,0.10355029819534334,0.0827285460378584,0.275213649130275,0.13719512514242593,,81.6,0.1537847379005115,1.5074028305891696,0.841037215792142,False,False,False
6771,41.5,2026-08-17,0.09210526315789469,0.07792207792207795,0.06210636492977395,0.0095977422972644,,54.9,-0.059322546299989565,1.9930999105619505,0.8228406360884525,True,True,False
6775,31.600000381469727,2026-08-17,-0.042424230864553714,0.09153711739872183,-0.36354482557268475,0.42986424597374673,,19.0,-0.48497373680244826,0.279801415680069,0.4370677599950868,False,False,False
6776,53.59999847412109,2026-08-17,-0.007407435664424367,0.0018691303574034368,-0.0046777091345421296,-0.045028614646577814,,37.8,-0.12610662036430564,0.470323160163462,0.7691742334598382,False,False,False
6781,1095.0,2026-08-17,-0.08368200836820083,0.140625,-0.010443021741540548,-0.010443021741540548,,40.0,-0.13187193297130406,0.7727424621471064,0.7421677336938446,False,False,False
6784,19.450000762939453,2026-08-17,-0.027499961853027388,-0.06490377517493962,-0.27962960137261283,0.04569894430306243,,9.2,-0.40105851260237635,0.3397460477045772,0.4755501231615538,False,False,False
6786,60.400001525878906,2026-08-17,-0.03821652452768365,0.12897199113792346,-0.3526259426554118,-0.23252854043181792,,1.6,-0.4740548538851753,0.4459928763948236,0.43768117047738336,False,False,False
6787,31.649999618530277,2026-08-17,0.009569353537803194,0.03770490552558292,-0.06911765827852123,0.2997946251621346,,57.1,-0.19054656950828475,0.4431051225702023,0.6374622083754308,False,False,False
6788,364.0,2026-08-17,0.025352112676056304,0.042979942693409656,-0.06608700499890852,0.17722570933276582,,46.9,-0.18751591622867203,0.2629464281648411,0.721416545639778,True,False,False
6789,443.5,2026-08-17,0.0045300113250283935,-0.06335797254487852,-0.1406713883217563,0.532617108425171,,63.5,-0.2621002995515198,0.3910856588303496,0.7299370880023595,False,False,False
6791,100.0,2026-08-17,-0.024390243902439046,-0.014778325123152691,-0.11111111111111116,-0.03362829326850936,,21.8,-0.23254002234087467,0.37147961541267743,0.6726705027169172,False,False,False
6792,58.59999847412109,2026-08-17,0.008605852205361142,0.09532707428263709,-0.034608000888870505,0.07265776181003969,,42.8,-0.15603691211863402,0.3449230852155817,0.8354353676915901,False,False,False
6793,5.300000190734863,2026-08-17,-0.10169489744647242,-0.11519192099309505,-0.050179164300996004,-0.13114749613195165,,23.6,-0.17160807553075952,0.6613042923770619,0.6463415017091123,False,False,False
6799,84.0999984741211,2026-08-17,-0.044318199157714844,0.023114374652291714,-0.08686210784517978,-0.0035545384636731514,,27.3,-0.2082910190749433,0.22387007927272723,0.754260076001086,False,False,False
6803,269.0,2026-08-17,-0.009208103130755041,-0.0037037037037036535,-0.01240218099478052,-0.051906106502063176,,36.1,-0.13383109222454403,0.6023614495610853,0.9189924124099224,False,False,False
6804,18.75,2026-08-17,-0.07635464508938516,0.143292709520217,0.24394566038805476,0.1479736170662982,,80.1,0.12251674915829125,1.8508543485433604,0.9102754901953521,False,False,False
6805,1925.0,2026-08-17,0.09686609686609682,0.43122676579925656,0.08757062146892647,0.2622950819672132,,72.5,-0.033858289760837046,1.3683665290471811,0.8690744920993227,True,False,False
6806,3.509999990463257,2026-06-22,,,,,,,,,,False,False,False
6807,37.25,2026-08-17,-0.017150435348533444,0.11028318471173915,0.11360236622985997,-0.12869749927791974,,51.7,-0.00782654499990354,0.5174910630530133,0.781256495560177,False,False,False
6811,227.0,2026-08-17,-0.03404255319148941,-0.05219206680584554,0.16152139937799403,0.17586115727301999,,75.3,0.04009248814823052,0.47441413667301485,0.9053683863121738,False,False,False
6812,54.70000076293945,2026-08-17,-0.05199306690350847,-0.12619804958058434,-0.2677375770063317,0.09181641574688815,,11.6,-0.38916648823609523,0.4633541759202494,0.5259615457974948,False,False,False
6818,44.09999847412109,2026-08-17,-0.0696203153064483,-0.11800003051757824,-0.2731275137132496,-0.09818046282203519,,5.3,-0.39455642494301313,0.2844963500567974,0.445525807974255,False,False,False
6819,41.0,2026-08-17,0.10512133925286649,0.04591834699050068,-0.31438126215575946,0.8594104951754025,,62.0,-0.43581017338552297,1.731416553016996,0.5823863510134795,False,False,False
6820,351.5,2026-08-17,0.19965870307167233,0.4059999999999999,0.45394550357778995,3.465162294574978,,98.4,0.33251659234802644,1.9975237302543383,0.8347682497421325,True,True,False
6821,41.900001525878906,2026-08-17,-0.007108986531678241,-0.04664389536914859,-0.17681728350094772,0.12006700108745227,,23.4,-0.29824619473071123,0.12260931306135918,0.581944465637207,False,False,False
6823,62.79999923706055,2026-08-17,-0.03235750754152111,-0.0015898614688779622,-0.2100629026784837,0.02113819897659419,,13.4,-0.3314918139082472,0.8063591063729215,0.5952606562754554,False,False,False
6825,42.09999847412109,2026-08-17,-0.043181852860884384,0.013237045659677538,-0.043181852860884384,0.2815829658953273,,59.7,-0.1646107640906479,1.1162651704181745,0.8976545224820679,False,False,False
6826,465.0,2026-08-17,-0.10919540229885061,-0.07920792079207917,-0.10553300702207125,-0.03977664159278982,,22.1,-0.22696191825183476,0.8274974625535078,0.7507888468453073,False,False,False
6829,238.5,2026-08-17,0.1924999999999999,0.14388489208633093,0.30415025423708286,1.2356861767691738,,94.4,0.18272134300731935,1.211997216652511,0.8725609431360406,False,False,False
6830,437.0,2026-08-17,0.029446407538280317,0.21896792189679215,-0.3862359550561798,1.1143048667228723,,68.1,-0.5076648662859433,0.9924178381203427,0.4482051282051282,True,False,False
6831,687.0,2026-08-17,0.109854604200323,0.12254901960784315,-0.06275579809004095,1.854026817558751,,93.6,-0.18418470931980446,0.8881750008214738,0.7186192468619247,True,False,False
6832,71.0,2026-08-17,0.014285714285714235,-0.07189542483660127,-0.32380952380952377,0.2769784523114118,,14.4,-0.4452384350392873,0.38681549708136753,0.5089605734767025,False,False,False
6833,22.850000381469727,2026-08-14,0.0021930327229091606,0.008830055907631307,-0.10216111212286771,-0.012958930540129199,,24.6,-0.22359002335263123,0.21389254451828513,0.7277070273588511,False,False,False
6834,100.0,2026-08-17,0.03519670372241013,0.038421566261566786,0.8253124513459367,2.302946121497776,,98.1,0.7038835401161732,1.685018556564921,0.7575757575757576,False,False,False
6835,31.299999237060547,2026-08-17,0.009677394743888623,-0.023400936594492938,-0.14866792910493642,-0.1944270394082529,,10.1,-0.27009684033469994,0.11583317082993509,0.7249250545056133,False,False,False
6839,12.100000381469728,2026-08-17,0.0,0.025423744566582362,0.02109704573435578,0.02978726650806207,,49.1,-0.10033186549540773,0.502835019929348,0.666666701696027,False,False,False
6840,83.0,2026-08-17,0.25757575757575757,0.362889949431773,0.34873231404369553,0.24882621670712535,,86.3,0.22730340281393202,5.292574224788161,1.0,True,True,False
6854,92.1999969482422,2026-08-17,-0.021231423193133314,-0.10485439856075529,-0.38327761238633984,-0.25344132025714816,,0.9,-0.5047065236161034,0.25090677072080314,0.48398948529261,False,False,False
6855,118.5,2026-08-14,0.0304347826086957,0.04824558591455608,0.19439527404324974,0.057166868055678055,,72.9,0.07296636281348623,0.98257006151743,0.9339631899479502,True,False,False
6858,23.0,2026-08-14,0.07728335311704981,0.038374735715960506,-0.04564316863312201,-0.02542374456658214,,33.2,-0.16707207986288553,0.6169585975219348,0.696969696969697,False,False,False
6859,108.0,2026-08-17,0.08324978240537573,0.1020408163265305,-0.07378823726471384,-0.02439028424559042,,27.9,-0.19521714849447735,0.5343620404031768,0.7896122070311629,False,False,False
6862,140.5,2026-08-17,-0.057046979865771785,-0.08766233766233766,-0.10713705984032473,-0.23094736348007916,,11.6,-0.22856597107008825,0.20066073781955557,0.6324446183871311,False,False,False
6863,108.5,2026-08-17,-0.18113207547169807,0.11006002513406132,0.03780138343238004,0.02810226721903386,,52.2,-0.08362752779738347,1.5652070204679647,0.6984567788455682,False,False,False
6869,63.5,2026-08-17,-0.09544155611832905,-0.011718333018474358,-0.15253564578556866,-0.4052341372786056,,3.9,-0.2739645570153322,0.5268853668481897,0.48283572426704513,False,False,False
6870,266.0,2026-08-17,0.04724409448818889,-0.07640748369196748,0.5156389434697177,0.5117627332446992,,92.6,0.3942100322399542,0.27457633928584063,0.8956047665231616,False,False,False
6873,67.5999984741211,2026-08-17,-0.1443038167832773,-0.16953320384607706,-0.18258765455059733,-0.44590165185146646,,2.9,-0.30401656578036085,1.4228121759917476,0.3704109505431293,False,False,False
6874,77.4000015258789,2026-08-17,-0.030075205941060945,-0.04089213813080772,-0.026415075146177247,0.21126760058890803,,56.9,-0.14784398637594076,1.2646209202909358,0.8234042715519032,False,False,False
6877,122.5,2026-08-17,-0.039215686274509776,-0.016064257028112428,-0.16331996110161506,0.44866861111845435,,53.8,-0.2847488723313786,0.12108921264074717,0.6612471508582903,False,False,False
6878,25.700000762939453,2026-08-17,-0.04283052522129327,0.3526316191020764,1.5803213518582333,0.8291815241317271,,98.2,1.4588924406284698,0.7043781329448314,0.8846816329741127,False,False,False
6881,205.0,2026-08-17,0.012345679012345734,0.03015075376884413,-0.19055148548233436,-0.025796430315107477,,13.0,-0.3119803967120979,0.3042956632852183,0.8006181411262531,True,False,False
6882,14.25,2026-08-17,-0.04040406505433003,-0.1690961914306327,-0.30825243999421126,-0.21270719891316958,,2.7,-0.4296813512239748,0.39680549074506144,0.6025370076046354,False,False,False
6884,30.399999618530277,2026-08-17,-0.04702194413597016,-0.07175573683877012,-0.049235420482942716,-0.09004074115096028,,26.7,-0.17066433171270623,0.4121386881600889,0.4676923018235427,False,False,False
6887,35.54999923706055,2026-08-17,-0.01386962581363893,-0.039943450814818426,0.06989343106151735,-0.3580638824050816,,24.5,-0.05153548016824616,0.3598053675032191,0.5016454488385881,False,False,False
6890,162.5,2026-08-17,-0.06876790830945556,-0.06069364161849711,0.017341791439009935,-0.22066017465624888,,26.8,-0.10408711979075358,0.26427705994599265,0.5878757039454952,False,False,False
6894,346.0,2026-08-17,-0.0014430014430014682,0.08634222919937207,0.028231797919762158,0.4906758539099987,,76.8,-0.09319711331000136,0.4904245127709879,0.8459657701711492,False,False,False
6895,117.0,2026-08-17,-0.012658227848101222,-0.06024096385542166,-0.24271844660194175,-0.3447259697125207,,2.6,-0.36414735783170527,0.35338852707727264,0.34928701410702434,False,False,False
6898,73.9000015258789,2026-08-17,-0.01203210547005129,-0.11284515223892955,-0.2754901811188343,-0.41637971351802694,,1.1,-0.3969190923485978,0.5085795404076342,0.5749419016834978,False,False,False
6899,50.5,2026-08-17,-0.00394478816429622,-0.005905496881222105,-0.09312232568036016,0.01827918967933173,,28.1,-0.21455123691012368,0.18947804085770112,0.8026073836664569,False,False,False
6901,17.0,2026-08-17,0.04294483409225536,-0.07356950154796671,0.24542128022641152,0.014925373134328401,,75.6,0.123992368996648,0.7646533416285287,0.8056871892253425,False,False,False
6902,134.5,2026-08-17,0.05490196078431375,0.07600000000000007,0.059055118110236116,0.6939546273958483,,84.6,-0.0623737931195274,0.760917448446431,0.911864406779661,True,False,False
6903,323.5,2026-08-17,0.026984126984126888,-0.10758620689655174,-0.12974130354809998,0.34430203617642885,,50.6,-0.2511702147778635,0.46159726318652067,0.7619776567402665,False,False,False
6904,123.0,2026-08-14,0.0,0.0003201648774660004,0.09436739236639013,0.008196721311475308,,59.9,-0.02706151886337338,0.6229343669429497,0.9663470036711564,False,False,False
6906,73.5,2026-08-17,0.035211267605633756,0.04551915802743589,0.18402126712306677,-0.01846795372334098,,68.4,0.06259235589330325,0.48638855804553804,0.5828321669077642,False,False,False
6908,32.849998474121094,2026-08-17,-0.0015198495270123402,-0.07724719432218718,-0.11143362010034674,-0.4525284629978009,,4.5,-0.23286253133011026,0.5577870434202927,0.4855970786458817,False,False,False
6909,40.150001525878906,2026-08-17,-0.040621194987460085,-0.0854214093316008,-0.18980443994484708,-0.03616315153604188,,12.7,-0.3112333511746106,0.2224329944097973,0.6124981232388997,False,False,False
6914,148.0,2026-08-17,0.0,0.02777777777777768,0.03859649122807007,0.049645390070921946,,54.3,-0.08283242000169344,1.010778575014067,0.9548387096774194,True,True,False
6916,18.899999618530277,2026-08-17,0.0026524793659792323,-0.02827769269074598,0.10850442605583788,0.04999997880723761,,63.9,-0.012924485173925637,0.15166881861139137,0.8475336441770014,False,False,False
6920,77.9000015258789,2026-08-17,-0.03708281759476029,-0.017654495233312306,-0.21073957513160524,1.622895606894558,,89.9,-0.33216848636136875,0.3453168765828532,0.5946565001975489,False,False,False
6921,71.0,2026-08-17,0.08895710618456065,0.10248444592767458,-0.06455864858195293,-0.15576692879670118,,19.6,-0.18598755981171644,1.7303275549449055,0.6826923076923077,False,False,False
6922,200.0,2026-08-17,-0.019607843137254943,0.21580547112462,0.1251068478964934,0.2913961930650708,,76.5,0.0036779366667298863,1.6176312012917555,0.9085486629663069,False,False,False
6923,76.19999694824219,2026-08-17,-0.006518905083365278,-0.007812579162415734,0.024639308032796903,-0.1688917070459196,,32.8,-0.09678960319696661,0.40540133116373533,0.6336369531838719,False,False,False
6924,114.5,2026-08-17,0.050458715596330306,0.01327433628318575,-0.2518418623552986,1.046847810150536,,76.6,-0.3732707735850621,0.5799192334330201,0.6166988526937395,False,False,False
6925,50.5,2026-08-17,-0.07169120250894878,-0.0665434117496908,-0.13357841517090174,-0.390559304800727,,5.0,-0.25500732640066526,0.186969032480224,0.34088718457381995,False,False,False
6927,75.69999694824219,2026-08-17,-0.04539730094544836,0.01884244736180074,0.1865203425311186,0.802380879720052,,89.6,0.06509143130135508,0.38136310425555087,0.936881114964207,False,False,False
6928,48.900001525878906,2026-08-17,0.014522837175506398,-0.004073257728258173,0.06768564062136262,-0.06857139950706848,,48.7,-0.053743270608400895,0.5558912179721318,0.6367187445672852,False,False,False
6933,192.0,2026-08-17,0.06371191135734078,0.24675324675324672,0.2579887794974087,0.4337371897939257,,86.4,0.1365598682676452,2.21894725082239,0.8514771367350025,False,False,False
6937,281.0,2026-08-17,0.038817005545286554,0.044609665427509215,0.005331271094736634,0.24448496703661182,,63.6,-0.11609764013502688,0.9577173665964803,0.8036930149869878,False,False,False
6940,20.399999618530277,2026-08-17,-0.09131407905309852,-0.06849315187799376,-0.07900677336969264,-0.22433459276364953,,14.0,-0.20043568459945615,0.4352677168352623,0.48456057857270896,False,False,False
6944,760.0,2026-08-17,0.0066225165562914245,0.03449141033763636,0.12434704954432307,0.45694617256539316,,82.1,0.0029181383145595596,0.2919687724384462,0.916767189384801,False,False,False
6947,74.0,2026-08-17,-0.0561224673500359,-0.07499999999999996,-0.038961038961038974,-0.0864197530864198,,28.6,-0.1603899501908025,0.3141083836856468,0.7872340425531915,False,False,False
6951,71.5,2026-08-17,0.0014005388233058191,-0.009695249000411854,0.057516167729808165,0.08869933646324846,,60.3,-0.06391274349995535,0.35305832179378227,0.9714674114448592,False,False,False
6952,36.59999847412109,2026-08-17,-0.07808569846961477,0.023776181094296023,-0.009472321558634866,-0.1747463419761388,,26.3,-0.13090123278839838,0.7509319265839868,0.741641329397689,False,False,False
6953,226.0,2026-08-17,0.013452914798206317,0.03908045977011487,-0.06224066390041494,0.015850719669202373,,34.3,-0.18366957513017845,0.35624404027167583,0.7726495726495727,False,False,False
6957,218.0,2026-08-17,0.01869158878504673,-0.07849586892533367,0.4196923268326096,0.1892709916845876,,87.5,0.2982634156028461,0.3693233584168842,0.8978291370304069,False,False,False
6958,17.850000381469727,2026-08-17,0.0051983084257343215,0.04149722541279943,0.12257180511658272,0.24151981736731165,,74.8,0.0011428938868192073,0.5452140857430194,0.9212260437735246,False,False,False
6959,109.5,2026-08-17,0.03791469194312791,-0.06008583690987124,-0.06808510638297871,0.5229485073180111,,70.5,-0.18951401761274222,0.4719755605492288,0.5152941176470588,False,False,False
6962,30.950000762939453,2026-08-17,-0.09370426412761623,-0.013505431955996072,-0.10954799558887318,-0.18128514110529614,,13.3,-0.2309769068186367,0.8506195134421721,0.6811010702629817,False,False,False
6965,75.5,2026-08-17,-0.01948051948051943,-0.044303797468354444,0.05792893250153819,-0.01467404378157322,,51.9,-0.06349997872822533,0.603859779170294,0.7882607649747414,False,False,False
6968,43.79999923706055,2026-08-17,-0.007927571386678212,0.023364486397796425,0.011547344314317032,-0.09690723222555575,,36.3,-0.10988156691544648,0.6535759677911674,0.684374988079071,False,False,False
6969,32.900001525878906,2026-08-17,-0.0408162607090955,0.3708333969116211,0.17290561214741085,0.05448720260798123,,70.9,0.05147670091764733,0.7051340785110426,0.7401575019388874,False,False,False
6977,226.5,2026-08-17,0.0022123893805310324,0.09951456310679618,-0.226962457337884,0.3054755043227666,,30.3,-0.3483913685676475,0.840745472783908,0.5558282208588957,True,False,False
6982,49.0,2026-08-17,-0.004065056094269548,-0.018036102171502977,-0.023801211074005457,-0.13598872761122482,,26.9,-0.14523012230376897,0.32968434313677175,0.6524852034576638,False,False,False
6988,12.199999809265137,2026-08-17,-0.027888476187284628,-0.04687502910383001,-0.27596441940252336,-0.3900000095367432,,1.5,-0.3973933306322869,1.2364451577248161,0.5809523718697684,False,False,False
6994,36.45000076293945,2026-08-17,-0.013531799449960968,-0.07604562590574881,-0.3030592486680105,-0.5867346709282864,,0.5,-0.424488159897774,0.492361147711067,0.35911330800925567,False,False,False
6997,69.30000305175781,2026-08-14,-0.02256697376144745,0.009965797020812683,0.07946564888217722,-0.14270346245004373,,44.2,-0.041963262347586294,0.14724016486492275,0.6826620791556095,False,False,False
7402,118.0,2026-08-17,0.14563106796116498,0.008547008547008517,0.26372072683917547,-0.037312019352233716,,74.9,0.14229181560941195,0.9797966927979738,0.7220160304265892,False,False,False
7419,48.95000076293945,2026-08-17,-0.1689303990691362,-0.14122805679053596,-0.5153465270996094,1.7500001607316333,,82.4,-0.6367754383293729,0.43571699617086407,0.22351598521890162,False,False,False
7507,19.899999618530277,2026-08-17,-0.009950286524562979,-0.005000019073486128,-0.17083334922790516,-0.4041916554072188,,3.6,-0.2922622604576687,0.501293934909833,0.44618834751927505,False,False,False
7516,8.399999618530273,2026-08-17,-0.0561797776888634,-0.055118189636575,-0.06040268313187935,-0.16831690086452,,19.4,-0.18183159436164287,0.32417279590691106,0.6412213262537212,False,False,False
7547,52.0,2026-08-17,-0.08931696340469275,-0.03165736943737052,-0.1950464206151442,-0.06642730183589662,,11.2,-0.3164753318449077,0.4394093224111869,0.42276422764227645,False,False,False
7551,13.0,2026-08-17,0.0,-0.011406815428260608,-0.08771929824561409,-0.022556404994930057,,26.1,-0.2091482094753776,0.3522603968327283,0.6896551584571584,False,False,False
7556,245.5,2026-08-17,0.10089686098654704,0.1235697940503433,0.005909191824001736,0.6045177163656221,,79.4,-0.11551971940576178,0.42729156237991583,0.8198633211901075,True,False,False
7558,18.0,2026-08-17,-0.027027027027026973,-0.17808217746407473,-0.0820162642496517,0.5179258366866208,,68.7,-0.2034451754794152,0.804866184245707,0.6811893274575734,False,False,False
7578,26.0,2026-08-17,-0.003831432184220329,-0.06992988528090338,-0.14263898487460747,-0.14680766900502218,,12.2,-0.264067896104371,0.37562764151284184,0.6023108360549244,False,False,False
7590,17.0,2026-08-17,-0.011627950817908794,-0.03133898922907685,-0.2872117514426473,-0.13265307810543847,,4.0,-0.40864066267241084,0.4510999869127664,0.53125,False,False,False
7610,1850.0,2026-08-17,-0.05128205128205132,-0.23236514522821572,1.1769900432210494,9.727196845445908,,99.0,1.0555611319912859,0.4733767149386301,0.7115384615384616,False,False,False
7702,21.0,2026-08-17,0.024390243902439046,0.02689482721473957,0.10711073713746044,-0.2415700987318501,,40.4,-0.014318174092303071,1.4391068341719608,0.43582578413266965,True,False,False
7704,62.900001525878906,2026-08-17,-0.0202491508435948,0.18679248162035678,0.022692380426482917,0.4505301531475341,,75.3,-0.0987365308032806,0.35846101485439685,0.9289211723402762,False,False,False
7711,475.0,2026-08-17,0.1728395061728396,0.6101694915254237,0.3186272105292274,1.2156526017063807,,94.5,0.19719829929946386,2.7810497825095477,0.9664292980671414,False,False,False
7721,63.20000076293945,2026-08-17,0.004769463112606065,0.02265374665311226,-0.10912106187708381,0.3475480564441831,,54.4,-0.23054997310684733,0.18507658980779088,0.697968264742517,False,False,False
7722,273.0,2026-08-17,-0.06984667802385014,-0.044500029159544874,0.1381229464496605,-0.37403236750676316,,34.8,0.016694035219896985,0.454591098233901,0.42892536590923125,False,False,False
7728,597.0,2026-08-17,-0.018092105263157854,-0.07009345794392519,-0.13358073031774043,-0.3296600466820555,,6.6,-0.25500964154750394,0.20035665802830857,0.6703399533179445,False,False,False
7730,173.0,2026-08-17,0.10897435897435903,0.029761904761904656,-0.20823798627002288,0.7213930348258706,,66.0,-0.3296668974997864,0.9119481017002876,0.7521739130434782,False,False,False
7740,142.0,2026-08-17,-0.19774011299435024,0.06237939068149467,-0.011890301394252067,0.08725114650106436,,48.4,-0.13331921262401558,1.2231525149223639,0.602014985761993,False,False,False
7742,112.0,2026-08-17,-0.19133574007220222,0.13017156129672003,-0.2432432432432432,2.393939393939394,,94.8,-0.3646721544730067,1.1334805219302502,0.4028776978417266,False,False,False
7749,344.0,2026-08-17,-0.03234880450070321,-0.040446304044630454,-0.2699212348328428,-0.14171229288127496,,4.5,-0.3913501460626063,0.2586161682876347,0.5114795992449542,False,False,False
7750,2405.0,2026-08-17,-0.03219315895372232,0.32506887052341593,0.023404255319148914,1.2553782818689396,,91.0,-0.0980246559106146,0.8148186180770439,0.7833876221498371,False,False,False
7765,224.5,2026-08-17,-0.0044345898004434225,0.008988764044943753,-0.04681856758770364,-0.1018097705019313,,26.2,-0.16824747881746716,0.5688660291601499,0.6653260808812052,False,False,False
7769,6750.0,2026-08-17,0.07484076433121012,0.12616933549410558,0.03573456574558165,0.7965435251136614,,85.3,-0.08569434548418187,0.8154722156711491,0.8275845223974041,False,False,False
7786,125.5,2026-08-17,-0.0492424242424242,0.029347686787133176,0.1217250585921823,-0.14221031468784906,,51.9,0.00029614736241878603,0.7821086735747634,0.45504695331800277,False,False,False
7788,280.0,2026-08-17,0.19402985074626855,0.2019410706909881,0.36123443767168384,0.5868322038192766,,91.1,0.23980552644192032,0.9422737648622689,0.9673155260897831,True,False,False
7795,549.0,2026-08-17,0.20131291028446396,0.08284023668639051,0.5982532751091703,0.3917227241715464,,92.9,0.47682436387940674,2.45098397737035,0.8243243243243243,False,False,False
7812,72.0,2026-08-17,-0.040000000000000036,-0.08280254777070062,-0.10780665771055764,-0.07455016483610233,,19.4,-0.22923556894032115,0.7738656783647113,0.6343612334801763,False,False,False
7815,286.5,2026-08-17,-0.0861244019138756,-0.04975124378109452,-0.37513631406761183,0.6106613476821474,,31.4,-0.49656522529737535,0.325058933033148,0.49367874601398365,False,False,False
7819,35.849998474121094,2026-08-17,0.03612716922328563,-0.012396715493041222,-0.368063584038523,-0.6380170004318592,,0.2,-0.48949249526828653,0.8411376705621487,0.21244585693299814,False,False,False
7823,84.4000015258789,2026-08-17,0.008363256907519157,0.005959475457765873,-0.1559999847412109,,,17.9,-0.2774288959709744,1.3674058011709915,0.5702702805802629,False,False,False
7828,1725.0,2026-08-17,0.04229607250755296,-0.11311053984575836,0.5725655680786284,1.1488472709904252,,96.1,0.45113665684886484,0.8084855518130231,0.7419354838709677,False,False,False
7833,24.899999618530277,2026-08-17,-0.04046247065659969,0.1581395171409432,-0.16161619599682842,-0.20700637194161353,,8.5,-0.28304510722659193,0.34785316425128454,0.3557651147096236,False,False,False
7861,1035.0,2026-08-17,-0.10389610389610393,-0.009569377990430672,-0.197017986766033,1.0550626646358547,,81.1,-0.3184468979957965,1.0065471427908037,0.7374905375160579,False,False,False
8011,16.049999237060547,2026-08-17,-0.02727277351148205,-0.012307739257812478,-0.06528035684274236,-0.2054882989036073,,16.4,-0.18670926807250587,0.6083298036701988,0.6687272218663726,False,False,False
8016,303.0,2026-08-17,-0.025723472668810254,0.05944055944055937,0.1248990092912019,0.6306675145711689,,85.6,0.003470098061438387,0.41211759438522644,0.8347107438016529,False,False,False
8021,428.0,2026-08-17,-0.014959723820483273,-0.05830583058305827,0.09627164410292677,1.0175517036407902,,90.1,-0.025157267126836746,0.26874347253519293,0.7396531546806925,False,False,False
8024,13.350000381469728,2026-08-17,-0.05319148792262818,-0.17337456985744237,0.10788383154835324,-0.03610108203816098,,58.6,-0.013545079681410277,0.36628288340636594,0.7650429683546284,False,False,False
8027,182.0,2026-08-17,0.0,-0.15545243619489557,-0.3157894736842105,0.5555555555555556,,36.1,-0.437218384913974,0.6154566368483144,0.621160409556314,False,False,False
8028,265.0,2026-08-17,0.0037878787878788955,-0.15873015873015872,0.02052084227004425,0.5915266863504656,,80.0,-0.10090806895971927,0.5049382983854225,0.7500041242142508,False,False,False
8032,36.20000076293945,2026-08-17,-0.044854899590931585,-0.0027547789593064254,-0.10032010569821115,0.0012566335957140407,,26.1,-0.22174901692797466,0.364813245577535,0.764035887480379,False,False,False
8033,191.5,2026-08-17,0.1133720930232558,-0.12557077625570778,0.44528301886792443,0.3678571428571429,,90.6,0.3238541076381609,1.975243023211873,0.7105751391465677,False,False,False
8034,18.75,2026-08-17,-0.018324626936096156,-0.020887708955525053,-0.16666666666666663,-0.1753472586319509,,9.3,-0.28809557789643014,0.3323971903926756,0.6824712618741174,False,False,False
8038,31.25,2026-08-17,-0.04870619629956929,-0.16666666666666663,-0.23687425109203275,-0.3799603362322509,,2.4,-0.35830316232179626,0.4381733464918232,0.5040322580645161,False,False,False
8039,259.0,2026-08-17,0.14601769911504414,0.34545454545454546,0.9686141156221948,1.9562428331180657,,98.1,0.8471852043924313,1.5594992161153878,0.9504587155963303,False,False,False
8040,73.0,2026-08-17,-0.03947368421052633,-0.03183025831975839,-0.1870824329713534,0.558164405070869,,59.0,-0.3085113442011169,0.14164609444035914,0.584,False,False,False
8042,108.5,2026-08-17,-0.04824561403508776,-0.16216216216216217,0.009142827866831293,0.9517290799811902,,86.6,-0.11228608336293222,1.405454871823251,0.5154394299287411,False,False,False
8043,145.5,2026-08-17,0.08178438661710041,0.03191489361702127,0.2819383259911894,0.8417721518987342,,91.8,0.16050941476142588,0.7333631535247925,0.6423841059602649,False,False,False
8044,25.700000762939453,2026-08-17,-0.06715058168250165,-0.030188650455114985,-0.04283052522129327,-0.0788530066548695,,28.4,-0.16425943645105678,0.3012767556400683,0.7239436834630831,False,False,False
8045,52.59999847412109,2026-08-17,-0.040145999882635564,-0.05734768470774676,-0.2557737446015862,-0.29777075610586357,,3.0,-0.3772026558313497,1.0416327329151565,0.40232984573669844,False,False,False
8046,1295.0,2026-08-17,0.14601769911504414,0.12608695652173907,0.6262126974133848,2.165165233258724,,97.9,0.5047837861836213,0.932621557926238,0.9151943462897526,False,False,False
8047,48.09999847412109,2026-08-17,-0.013333364633413614,0.11860461567723468,0.0606394728231201,-0.010288066166632581,,52.9,-0.060789438406643415,0.43556694409960806,0.8016666412353515,False,False,False
8048,51.900001525878906,2026-08-17,-0.00954198445496346,-0.013142458159316028,-0.0847954728929009,0.02516443555040415,,30.9,-0.20622438412266442,0.19423318982011264,0.7545768420510854,False,False,False
8049,24.950000762939453,2026-08-17,-0.007743417541349218,0.021101246500474513,0.021101246500474513,-0.009608571237127328,,45.5,-0.100327664729289,0.9330034274540416,0.9375235662256362,False,False,False
8050,57.29999923706055,2026-08-17,-0.1622807315964564,0.03710284128675467,0.20329175376085473,0.3958185059250625,,84.4,0.08186284253109122,1.4064372847840534,0.8304347715516022,False,False,False
8054,81.80000305175781,2026-08-17,-0.03651352671856156,-0.09111107720269096,-0.22464452083641884,-0.3707692072941706,,2.8,-0.34607343206618235,0.31243703876917567,0.5311688509854403,False,False,False
8059,13.75,2026-08-17,-0.11003235147263057,-0.13249213444340635,-0.24033150772323386,-0.3243243369901627,,3.2,-0.3617604189529974,0.7198353112615169,0.42177916084613265,False,False,False
8064,103.0,2026-08-17,0.01980198019801982,-0.11206896551724133,-0.24263074371144833,0.8561643449516017,,69.6,-0.36405965494121184,0.2638903384398151,0.6015048742670778,False,False,False
8066,14.75,2026-08-17,-0.006734032249218758,0.0,-0.08099684105023253,-0.27518428877126544,,11.9,-0.20242575227999604,0.40827979040060236,0.6497797138439392,False,False,False
8067,12.949999809265137,2026-08-17,-0.01145042502569471,-0.022641523829046273,-0.04779415838033585,-0.04074075486924911,,31.5,-0.16922306961009936,1.282660922331683,0.7337110532098409,False,False,False
8068,17.299999237060547,2026-08-17,-0.06989253321222011,-0.052054836325449494,-0.1393035368790596,-0.26694919671932804,,7.9,-0.2607324481088231,0.5365252279467287,0.5986158984572453,False,False,False
8069,162.5,2026-08-17,-0.07932011331444755,-0.07466347331029377,-0.2434749035571867,-0.03199666594404549,,8.9,-0.3649038147869502,1.5160011421983213,0.6185951217789443,False,False,False
8070,49.5,2026-08-17,0.014344278153345602,0.02910606175241659,0.20375494366313607,0.11125861899902922,,75.8,0.08232603243337255,0.28680126998490457,0.7862197206754177,False,False,False
8071,24.100000381469727,2026-08-17,0.04329004257515834,-0.03599998474121091,0.14761906578427264,0.3615818837663949,,80.9,0.026190154554509126,0.326446771801262,0.7130177788597373,False,False,False
8072,26.950000762939453,2026-08-17,0.024714887632504512,-0.0036968013656757392,0.0399764470786097,-0.07710699803188437,,42.7,-0.08145246415115381,0.2778620889932436,0.6496822297895664,False,False,False
8074,56.0,2026-08-17,0.005385982638265174,0.005385982638265174,-0.2462988196515944,-0.1321212012288826,,5.6,-0.3677277308813579,0.4964142050412129,0.6113537219743641,False,False,False
8076,23.399999618530277,2026-08-17,-0.004255335381690317,0.026315807085399046,-0.0021322448947719286,0.0042918620061871415,,42.2,-0.12356115612453544,0.3190264541905447,0.8181817939307235,False,False,False
8080,27.799999237060547,2026-08-17,0.007246335247339308,0.03731343389805564,0.018315018826859042,-0.08852461517834276,,38.1,-0.10311389240290447,0.5958117268011284,0.5821989369017916,False,False,False
8081,256.0,2026-08-17,-0.04477611940298509,0.06444906444906451,0.022649720373484117,0.14640982643085332,,59.6,-0.0987791908562794,0.6095128586873731,0.7901234567901234,False,False,False
8084,52.0,2026-08-17,0.08333333333333326,0.15555555555555545,0.19677788462441748,-0.02621725628978555,,69.5,0.07534897339465396,2.942135764445238,0.7843136893886059,False,False,False
8085,11.300000190734863,2026-08-17,-0.004405303000385441,0.018018000215478613,0.018018000215478613,-0.3687150596898907,,16.7,-0.1034109110142849,0.2452482680889279,0.4902386362150655,False,False,False
8086,120.5,2026-08-17,0.021186440677966045,0.016877637130801704,-0.14840989399293292,0.04329004329004338,,22.1,-0.26983880522269643,0.8142513230324593,0.6731843575418994,False,False,False
8087,26.850000381469727,2026-08-17,-0.08828523986802828,0.022857157389322813,-0.21720113764729265,-0.06770829539056078,,9.6,-0.33863004887705617,0.7875615171737331,0.6911197280832625,False,False,False
8088,47.09999847412109,2026-08-17,-0.02886601084286422,-0.0031746354683367395,-0.07628586626287637,-0.12490235137741446,,20.4,-0.19771477749263988,0.30372214800995856,0.6596153379728179,False,False,False
8089,17.899999618530273,2026-08-17,-0.0137741049726946,-0.024523201830223162,-0.0936709053908722,-0.34552104684218043,,8.3,-0.2150998166206357,0.2671732671118294,0.435523121242964,False,False,False
8091,230.0,2026-08-17,-0.03765690376569042,-0.14179104477611937,-0.1122260220077631,0.7264091482752093,,75.4,-0.23365493323752662,0.3666392582321232,0.7796610169491526,False,False,False
8092,12.600000381469728,2026-08-17,-0.03448274350100178,-0.08029193015400571,-0.33858263065138405,-0.13993169218022172,,2.8,-0.46001154188114757,0.725820248281201,0.661417369348616,False,False,False
8093,24.700000762939453,2026-08-17,0.08810572391104254,0.23809522898986257,0.3279570030303258,0.15962449050059746,,84.7,0.2065280918005623,2.853090698440918,0.744723698197078,False,False,False
8096,114.0,2026-08-17,-0.07317073170731703,-0.109375,0.08056872037914697,0.6262482522319244,,84.2,-0.04086019085061654,0.6901223926805627,0.672566371681416,False,False,False
8097,50.5,2026-08-17,-0.015594527270140879,-0.047169811320754707,-0.08844767853643432,-0.09982172239638054,,20.5,-0.20987658976619783,1.2227742056738466,0.7183498976923198,False,False,False
8099,58.70000076293945,2026-08-17,0.010327062040898616,0.03893806660069821,-0.03135309833370736,-0.16381761659878102,,24.0,-0.15278200956347088,0.23478895183024978,0.7038369267262534,True,False,False
8101,10.899999618530272,2026-08-17,-0.07234045799742372,-0.18656716949027818,-0.16793898464700896,-0.2733333587646486,,6.0,-0.2893678958767725,0.5329320551449638,0.570680596902246,False,False,False
8102,71.80000305175781,2026-08-17,0.04360464922862173,-0.036241569775062876,0.19269106547851722,0.30745515081802344,,81.8,0.0712621542487537,0.9462965603832483,0.8046786943899069,False,False,False
8103,80.0,2026-08-17,-0.0037360278998301855,0.016518463814080953,-0.20662299588465038,-0.10991139655263149,,8.7,-0.3280519071144139,0.5403395007320897,0.6446188371820671,False,False,False
8104,31.450000762939453,2026-08-17,-0.006319079241749126,-0.0830903363706702,-0.0625931005030057,-0.16578249001374,,19.3,-0.18402201173276922,0.10444260930338375,0.7051569919041174,False,False,False
8105,15.100000381469728,2026-08-17,-0.09309304940376728,-0.09309304940376728,-0.03821652452768354,0.23770496865108326,,57.0,-0.15964543575744705,0.16955366944835612,0.6003976385885984,False,False,False
8109,130.0,2026-08-17,-0.018867924528301883,-0.003831417624521105,0.13043478260869557,0.21484083632670226,,74.2,0.009005871378932051,0.363897892736681,0.804953560371517,False,False,False
8110,46.04999923706055,2026-08-17,-0.0032467862208183096,0.05498276351167464,0.0017211865349806565,-0.28459280084722405,,20.1,-0.11970772469478286,0.390210823878838,0.5389942835507084,False,False,False
8111,57.29999923706055,2026-08-17,-0.015463943540908187,0.1705821929310971,-0.058274343498608494,-0.14451798084876777,,21.4,-0.179703254728372,0.4900226551377266,0.7158977683461287,False,False,False
8112,93.5,2026-08-17,0.011904745194327937,0.141636120366319,0.16612754310665157,0.322771509498194,,80.8,0.04469863187688805,1.3076779489294417,0.935,False,False,False
8114,203.5,2026-08-17,-0.08948545861297541,0.102981029810298,-0.0007267945005783316,0.18646488501191083,,59.2,-0.12215570573034185,0.6014391862312813,0.7595886232936906,False,False,False
8119,9.75,2026-08-17,-0.0020471296649509085,-0.020100483728542673,-0.08450700946170309,0.2452107401024317,,49.5,-0.2059359206914666,0.39591370657488467,0.5685131321790408,False,False,False
8121,28.75,2026-08-17,-0.02376912546027332,-0.19127987012645586,-0.1015625,0.05118828515552076,,29.9,-0.22299141122976351,0.3761338062609288,0.5284926322350044,False,False,False
8131,64.0,2026-08-17,-0.00928790229556209,-0.07246376811594202,0.07750886394893275,-0.06801673715288414,,51.0,-0.043920047280830765,0.4201187787755862,0.760445900117576,False,False,False
8147,120.0,2026-08-17,-0.04761904761904767,-0.08045977011494254,-0.32571853838463694,0.041549636714084404,,6.0,-0.44714744961440045,0.4690438115366378,0.6424256167737495,False,False,False
8150,91.5,2026-08-17,-0.015069983884649418,-0.17194570135746612,0.1941888347897225,0.6459868300060663,,87.6,0.07275992355995897,1.1198938442766375,0.746938775510204,False,False,False
8155,315.5,2026-08-17,0.02269043760129663,0.04470198675496695,-0.19845091121387548,0.4359590206736321,,46.2,-0.319879822443639,0.66418266481713,0.7014651831976007,False,False,False
8162,60.79999923706055,2026-08-17,0.1176470134497527,-0.0787878903475675,0.161334372472981,0.6883528703901833,,87.1,0.03990546124321748,0.2734985058809334,0.7053364430345307,False,False,False
8163,31.700000762939453,2026-08-17,0.0015798150082726448,-0.03353653962522696,-0.02381272631693332,0.018023813894662455,,40.1,-0.14524163754669683,0.23758354816430835,0.6997792780756882,False,False,False
8171,19.649999618530277,2026-08-17,-0.02722777839782331,-0.022388097233784543,-0.16382980346679676,-0.3141361298371177,,5.3,-0.2852587146965603,0.41054973988876875,0.6046153728778547,False,False,False
8176,10.199999809265137,2026-08-17,0.03030305073682449,0.02512562862234513,0.014925334893879816,-0.08520177953067576,,37.8,-0.1065035763358837,0.5689108779126432,0.7338129560570191,True,False,False
8182,40.95000076293945,2026-08-17,0.023750019073486284,-0.03419812997068983,0.15178309802787604,0.47058016888908605,,83.6,0.030354186798112526,0.27735374034977317,0.6979024497911942,False,False,False
8183,30.0,2026-08-17,-0.009900965168791576,-0.003322271767520979,0.019146711888813783,-0.038270013050819895,,42.2,-0.10228219934094973,0.3861396948505886,0.7558984642063865,False,False,False
8201,11.699999809265137,2026-08-17,-0.025000015894571903,-0.044897974753866365,-0.037037022501533956,-0.17605634039296347,,22.2,-0.15846593373129747,0.23899741423793733,0.6141732429313457,False,False,False
8210,1010.0,2026-08-17,-0.06046511627906981,-0.07762557077625576,-0.22959572845156373,0.033183892340048704,,12.3,-0.35102463968132724,1.3388040942992872,0.6564537950124263,False,False,False
8213,33.95000076293945,2026-08-17,0.10586318955155694,0.07233111092462008,-0.04292631035366434,-0.06704352712032491,,29.8,-0.16435522158342786,1.101626215632292,0.841446376612909,True,False,False
8215,24.899999618530277,2026-08-17,-0.025440298940887618,-0.003584335261933136,-0.06632164900144366,0.2033086175276153,,49.0,-0.18775056023120718,0.16823986703315819,0.773291895296751,False,False,False
8222,40.79999923706055,2026-08-17,0.0736841904489618,0.09530199294122266,0.16884279975634064,0.01463061781098074,,68.6,0.04741388852657713,1.1242935836918015,0.7021035650966503,False,False,False
8227,154.5,2026-08-17,0.07291666666666674,0.04391891891891886,-0.20050105127911144,0.12159920829166926,,20.2,-0.32192996250887496,0.8243764973225116,0.6261136440707102,False,False,False
8234,68.0999984741211,2026-08-17,-0.07723583119148603,0.12006577843196498,0.013392880457600231,-0.04621852914893465,,41.0,-0.10803603077216328,0.5944597862282084,0.58828848903827,False,False,False
8240,42.79999923706055,2026-08-17,-0.016091971561826512,0.0011695727967380165,-0.31981298705707717,0.09134476260658708,,7.8,-0.4412418982868407,0.2521417214039189,0.5865248556919728,False,False,False
8249,42.0,2026-08-17,-0.01292595174905442,-0.04977377205803346,-0.18186527958387522,-0.2882893336238772,,5.2,-0.30329419081363873,0.37264715942083115,0.681778933680104,False,False,False
8261,195.5,2026-08-17,0.0921787709497206,-0.2211155378486056,0.4638365548743564,1.2087956257451307,,95.5,0.34240764364459286,0.8669358773210775,0.5634938932304231,False,False,False
8271,228.0,2026-08-17,-0.031847133757961776,0.19999999999999996,0.05343874718252062,1.1909548490257085,,90.9,-0.0679901640472429,0.9613500124767744,0.8957262547126582,False,False,False
8277,7.989999771118164,2026-08-17,-0.00249693597904721,-0.01963188403694216,0.14469910448205758,-0.19211329689056866,,51.3,0.02327019325229407,0.17787352570126877,0.48571424927341034,False,False,False
8284,68.0999984741211,2026-08-17,0.08439489333517103,0.08785942706170702,0.13767000519891814,0.1520938226895161,,71.9,0.01624109396915463,2.643484563708678,1.0,True,True,False
8289,48.20000076293945,2026-08-17,0.07950725903117806,0.019027516710269587,-0.10381442742521951,0.7726386750700707,,77.7,-0.22524333865498303,0.23081133097881243,0.6381031591288862,True,False,False
8291,36.09999847412109,2026-08-17,-0.1394517802723505,0.20133109453124698,-0.47376094348253406,1.1111109747834012,,57.4,-0.5951898547122976,0.3769780524390551,0.2714285599557976,False,False,False
8298,46.29999923706055,2026-08-17,-0.013844547717068223,0.043968451635399974,-0.017372777995333988,0.6427512236109199,,79.1,-0.1388016892250975,1.096749723862665,0.8284564326619391,False,False,False
8299,2085.0,2026-08-17,0.022058823529411686,0.16806722689075637,-0.14798138723390752,0.022007758856162685,,20.7,-0.26941029846367104,1.2706376231478334,0.7292450832382656,False,False,False
8341,75.80000305175781,2026-08-17,-0.01813463668169557,-0.003942121266471532,0.04844845793435382,0.05120744466200455,,56.3,-0.0729804532954097,0.5621693912486895,0.873134059464378,False,False,False
8342,87.19999694824219,2026-08-17,-0.009090943769975102,-0.046994568871670084,0.011794629417940072,0.08051131790397315,,52.3,-0.10963428181182344,1.1976959745762712,0.9530054311283299,False,False,False
8345,51.0,2026-08-17,-0.02111321509284636,0.0,0.11096777603253183,0.20892889792902225,,72.3,-0.010461135197231686,0.7438092510451288,0.9352798649269282,False,False,False
8349,39.400001525878906,2026-08-17,-0.008804993059650212,0.001270725633971903,-0.012081833900585481,-0.051003291933934936,,36.2,-0.133510745130349,0.5176079526086436,0.8666499408442905,False,False,False
8354,17.549999237060547,2026-08-17,0.0540540323813965,0.0909283412300248,0.10112397468813117,0.15510058048447362,,69.0,-0.020304936541632346,2.5682888279227614,0.9301599657100803,False,False,False
8358,419.5,2026-08-17,0.21242774566473988,0.05269761606022594,-0.01766922174686414,0.6208457957005806,,78.1,-0.13909813297662765,2.4549169823280526,0.6020284586849792,False,False,False
8367,40.5,2026-08-17,0.0012360750585289626,0.004962798181780803,-0.031100460784409423,0.0017395085067588578,,37.1,-0.15252937201417294,0.6030210886312404,0.9246575503529161,False,False,False
8374,85.69999694824219,2026-08-17,-0.035995551436578954,0.1115434324814899,-0.1578386018324589,-0.03482622374762245,,15.5,-0.2792675130622224,1.0628840148692607,0.7248984159240722,False,False,False
8383,71.0999984741211,2026-08-17,0.017167337940585226,-0.20112361265032475,0.33228442882167153,0.774228579011287,,92.0,0.21085551759190801,1.0392818534429087,0.7865043946240113,False,False,False
8390,98.9000015258789,2026-08-17,-0.030392141903147984,0.04989389309873449,-0.10298948354960957,0.08455871341073973,,32.6,-0.2244183947793731,0.6641627017313453,0.7931096909979166,False,False,False
8401,23.200000762939453,2026-08-17,0.013100486873651285,0.019780253316019847,0.0,-0.1578487422512761,,29.2,-0.12142891122976351,0.8960550028543676,0.8194288356649156,True,False,False
8404,16.149999618530273,2026-08-17,0.0,-0.008928624727030376,0.01524385363727876,-0.2729257940025497,,22.9,-0.10618505759248476,0.6205352784519307,0.5946428112434795,False,False,False
8410,31.5,2026-08-17,0.0015898008218639958,-0.007874015748031482,-0.09090913094264308,-0.15887852180840478,,16.1,-0.2123380421724066,0.30923271151600973,0.7291666537891202,False,False,False
8411,13.0,2026-08-17,-0.003831432184220329,0.04825394413439432,0.0919312127988885,0.0874003757224282,,64.1,-0.02949769843087502,0.726045010313423,0.9774435950050699,False,False,False
8415,37.84999847412109,2026-08-17,-0.014322995570381858,0.0572625497415753,0.10110674980884604,0.15922975126006778,,69.2,-0.020322161420917473,1.2961855967900129,0.9793013448855322,False,False,False
8416,168.0,2026-08-17,-0.008849557522123908,0.009009009009008917,0.02814298016729233,-0.00940155698723344,,47.0,-0.09328593106247118,0.17077661768173677,0.9329445431709944,False,False,False
8421,13.0,2026-08-17,-0.09407667913465667,-0.15032680797792808,-0.04411767387060084,-0.007633616683796585,,35.0,-0.16554658510036435,1.0098261888809381,0.7715133356493187,False,False,False
8422,26.450000762939453,2026-08-17,-0.013059644928537728,0.02321084613599589,0.08107548917834495,-0.23697574407616218,,36.2,-0.040353422051418564,0.292257920967886,0.53220570682939,False,False,False
8424,68.80000305175781,2026-08-17,-0.002898506496263553,0.005847975394087879,0.008898869505697737,0.014442190066969784,,45.4,-0.11253004172406578,0.5640791608629607,0.9679082125785347,False,False,False
8426,21.350000381469727,2026-08-17,0.004705900304457611,0.05955338886636552,-0.03888004492390751,-0.19412447426814394,,20.9,-0.16030895615367102,0.6978728623493132,0.712740640842945,False,False,False
8431,48.25,2026-08-17,-0.031124483148727733,0.0770089469127817,-0.17662113896968534,-0.23412698412698407,,6.9,-0.29805005019944886,0.298375928726388,0.6123096209565905,False,False,False
8433,54.5,2026-08-17,-0.010889264804660348,0.014897564724294377,0.03809523809523818,0.0637955769251819,,55.6,-0.08333367313452533,0.6854002469124212,0.9213977508162361,False,False,False
8435,53.59999847412109,2026-08-17,-0.003717486352707744,0.01901140739561047,0.01428569572348759,0.05380322736715404,,50.4,-0.10714321550627592,0.613488318894121,0.9311474997009587,False,False,False
8437,9.0600004196167,2026-08-17,-0.001102455958540749,-0.0792682643166478,-0.21217387655506958,-0.44074074117680584,,2.3,-0.3336027877848331,0.49705611506315256,0.4937329826306547,False,False,False
8438,67.5,2026-08-17,0.013513536734218068,-0.12903225806451613,-0.1933988118182186,0.2250526150942853,,28.8,-0.3148277230479821,0.43219524689142075,0.643008894630778,False,False,False
8440,20.200000762939453,2026-08-17,0.01763226069237045,-0.009803865653465804,-0.10599910503830023,-0.22052692837671362,,12.2,-0.22742801626806375,0.44312661268509307,0.6828549511800096,True,False,False
8442,43.79999923706055,2026-08-17,-0.004545471884987551,-0.026666683620876763,0.06829266431854997,-0.36887610556135575,,23.5,-0.05313624691121355,0.4744118888944662,0.5572519095083903,False,False,False
8444,5.0,2026-08-17,-0.09090909090909094,-0.13043478260869568,-0.3160054666021229,-0.5098039124022075,,0.7,-0.43743437783188643,0.5499779248321395,0.3086419607731402,False,False,False
8454,262.0,2026-08-17,-0.04553734061930781,0.03149606299212593,0.3431644972928525,0.4291271082943968,,88.9,0.22173558606308896,0.2649331972523779,0.59613196814562,False,False,False
8455,24.049999237060547,2026-08-17,-0.026315850437307886,-0.01232037534740571,-0.3942065799779132,0.17317069449075828,,5.9,-0.5156354912076767,0.14925738068782277,0.5188781020238554,False,False,False
8462,177.5,2026-08-17,0.03498542274052485,0.13418530351437696,0.33988495499791527,0.3350997487988263,,87.3,0.21845604376815175,0.9552163463252494,0.9888579387186629,False,False,False
8463,21.600000381469727,2026-08-17,0.03846159489197354,0.004651180533475685,0.03277729904148696,-0.1621955634902421,,34.9,-0.08865161218827655,1.7406735121770505,0.8004024268306982,True,False,False
8464,371.5,2026-08-17,-0.01978891820580475,0.03481894150417819,0.17192429022082023,-0.07027290414845622,,64.2,0.050495378991056716,1.0884962568557004,0.8257639901781848,False,False,False
8466,16.149999618530273,2026-08-17,-0.03293419875942394,-0.04719770551033553,0.11764704717678409,-0.2692307991057038,,39.6,-0.0037818640529794223,0.3257781997049612,0.6060037467055293,False,False,False
8467,99.1999969482422,2026-08-17,-0.06415097218639432,-0.002170195879382719,-0.20715072453675898,-0.467304404213961,,2.1,-0.3285796357665225,1.869683754238495,0.5232836590482509,False,False,False
8472,70.80000305175781,2026-08-17,0.005681839733084004,-0.09808913309862655,0.007112375224676448,0.20203737211535389,,61.1,-0.11431653600508707,0.17025004570481514,0.6647887610493691,False,False,False
8473,45.70000076293945,2026-08-17,0.08037828811353842,0.03863638097589672,0.26417700785500475,0.21866668701171865,,83.2,0.14274809662524124,0.5026713497279969,0.8160714421953473,True,False,False
8476,20.0,2026-08-17,-0.029126231570822836,-0.1614255899325262,0.2803142177410607,0.09890727173415015,,81.1,0.15888530651129718,0.2766355452218036,0.8146639764374456,False,False,False
8477,15.699999809265137,2026-08-17,-0.01257860465808125,0.04666665395100922,-0.009463758270943479,0.20769229302039505,,59.4,-0.130892669500707,0.39838954947488553,0.7566264968320547,False,False,False
8478,141.5,2026-08-17,-0.0374149659863946,-0.017653821039754658,-0.027347992182152447,-0.20300209456652885,,21.7,-0.14877690341191596,0.714444394961071,0.6386311143751199,False,False,False
8481,41.20000076293945,2026-08-17,0.01980196056547401,0.06048912177908483,0.10428900806208374,0.055415006190111304,,63.8,-0.01713990316767977,0.5548736204869013,0.9924936709802972,True,False,False
8482,50.0,2026-08-17,0.00806454714081517,0.04602512129819747,0.062040119823068895,0.06748648029903825,,59.6,-0.05938879140669462,0.6562125031932764,0.8910952948887589,False,False,False
8487,72.0,2026-08-17,-0.008264441966000402,-0.052631578947368474,0.10916187218454443,0.07762825918526861,,65.4,-0.012267039045219086,0.319681226939532,0.8664260086890634,False,False,False
8488,10.0,2026-08-17,0.0,-0.009901027494335302,-0.009901027494335302,0.02564102564102555,,43.2,-0.13132993872409882,4.664542122269155,0.8438818293742302,False,False,False
8489,22.75,2026-08-17,-0.013015151713245965,-0.00655020179165855,-0.10609040007854231,-0.39089689613339806,,6.2,-0.22751931130830583,0.4207917933766668,0.4681070105817822,False,False,False
8499,263.5,2026-08-17,0.0019011406844107182,-0.05045045045045049,0.01906577344255944,-0.08284078225227032,,38.9,-0.10236313778720407,0.3632918280619147,0.6798039438915597,False,False,False
8905,34.900001525878906,2026-08-17,0.004316590672774234,0.23430591131662437,0.1852606427877901,0.00830631405288762,,70.1,0.06383173155802657,1.0252885624344177,0.878401783374838,True,True,False
8906,27.799999237060547,2026-08-17,-0.03972371314584178,0.06106864227211517,0.10756967388670313,-0.1676647315264156,,47.1,-0.013859237343060382,0.26097979467792537,0.6967418088700982,False,False,False
8908,39.900001525878906,2026-08-17,0.0,0.016560548430035738,-0.016029536952187562,-0.006882904038411519,,39.3,-0.13745844818195108,0.2028893400019945,0.8450118064422102,False,False,False
8916,40.54999923706055,2026-08-17,0.008304664939290829,0.017717188844108778,-0.06418067139039518,-0.11092395520837617,,23.1,-0.1856095826201587,1.2408074818962314,0.861841477984729,True,False,False
8917,53.0,2026-08-17,0.00952380952380949,0.00569258506105208,0.07076714398014694,-0.025715372043671914,,53.4,-0.050661767249616574,0.12465796969564757,0.7957360157460707,False,False,False
8921,17.5,2026-08-17,0.017441815334505728,0.02339179003549785,-0.04006796393810008,-0.034850933771076065,,33.4,-0.1614968751678636,0.49836547988442664,0.9153991312376322,False,False,False
8924,51.0,2026-08-17,-0.009708737864077666,-0.08438062295443716,-0.14620536077786606,-0.24001589394034994,,8.4,-0.26763427200762957,0.5810977302148594,0.7266337996844613,False,False,False
8926,56.59999847412109,2026-08-17,-0.007017570629454628,-0.13587788589128114,0.022143556080098437,0.33018687353392195,,69.8,-0.09928535514966508,0.47390027138467195,0.6987654132607541,False,False,False
8927,19.700000762939453,2026-08-17,-0.03431367003335539,0.004564782652717092,0.01219438336298495,-0.17050456675389036,,30.6,-0.10923452786677856,0.33978777694963336,0.46382459899964346,False,False,False
8928,23.850000381469727,2026-08-17,0.01705755247404661,0.021413275881434046,0.09153317917999382,-0.09999998560491596,,50.4,-0.029895732049769697,0.7659222973628723,0.8610108203816101,True,True,False
8929,13.199999809265137,2026-08-17,-0.00377359930074439,-0.0537634415953091,-0.09589044764556776,-0.20241689318593614,,13.6,-0.21731935887533127,1.0497894236584366,0.6769230671418018,False,False,False
8930,29.299999237060547,2026-08-17,-0.026578110773104124,-0.07570982549264649,0.03169012783870051,0.034731965302185364,,51.5,-0.089738783391063,0.3565493380100726,0.9199371706791951,False,False,False
8931,40.59999847412109,2026-08-17,0.0,0.016867429360121422,-9.395805555811876e-08,-0.06117913556168919,,37.0,-0.12142900518781907,0.3811230279906072,0.7785977619526089,False,False,False
8932,110.0,2026-08-17,0.07843137254901955,-0.05982905982905984,0.07843137254901955,0.10275689223057638,,63.7,-0.04299753868074396,0.5643780025099413,0.8494208494208494,False,False,False
8933,4.579999923706055,2026-08-17,0.020044578435574723,0.029213510115270402,-0.05761321031196631,-0.38274934277445194,,9.8,-0.17904212154172983,0.5807472622278398,0.49836780553095844,False,False,False
8935,17.950000762939453,2026-08-17,0.02279211072751597,-0.06510416407965958,-0.10473808249525729,-0.14319808547725688,,15.2,-0.2261669937250208,0.2129617539381815,0.5846905640669692,False,False,False
8936,50.5,2026-08-17,-0.04174574442295975,-0.028846153846153855,0.02123355350577616,-0.009803921568627416,,45.6,-0.10019535772398735,0.25769872010065076,0.7287156966253417,False,False,False
8937,23.350000381469727,2026-08-17,-0.012684957374185069,-0.07524750964476334,-0.24188308571860295,-0.27876446698163004,,3.4,-0.36331199694836647,0.4374751534530073,0.518888897365994,False,False,False
8938,52.59999847412109,2026-08-17,-0.009416196127457144,-0.045372052073180735,-0.03486241331887918,-0.21081267880631316,,20.2,-0.1562913245486427,0.6092811066808029,0.7451103661146199,False,False,False
8941,43.900001525878906,2026-08-17,0.011520736922137065,0.006880804180208644,0.009379375093082398,-0.01496959859323943,,42.9,-0.11204953613668112,1.4414441139043157,0.9148143422735058,False,False,False
8942,42.25,2026-08-17,0.08751613022954774,0.11481349474243419,0.031301972667236555,0.14422816659166293,,60.4,-0.09012693856252696,2.3292396745035666,0.9427445058768402,False,False,False
8996,1215.0,2026-08-17,0.13023255813953494,0.19704433497536944,0.16826923076923084,0.44054864645714686,,83.8,0.04684031953946732,1.2151801424802207,0.7641509433962265,False,False,False
9802,71.0999984741211,2026-08-17,-0.002805113170774143,-0.03527813543801106,-0.07662339643998584,-0.23210031983394852,,13.9,-0.19805230766974935,1.0220501932942887,0.6330164634753533,False,False,False
9902,13.899999618530272,2026-08-17,0.003610053117936163,0.029629601372612724,0.010909063165837951,-0.17014927650565548,,30.3,-0.11051984806392556,0.6365277076064803,0.7743732048874876,True,False,False
9904,24.799999237060547,2026-08-17,0.029045595207917163,0.008130034654042939,0.00231168529628456,-0.15063843174430513,,30.7,-0.11911722593347895,1.0152975739231505,0.8124328067259319,False,False,False
9905,21.5,2026-08-17,0.0070257431311553376,0.03864730471376787,0.08732817382138025,0.13353959004617955,,66.4,-0.034100737408383264,1.1907505873891218,0.9930716110312587,False,False,False
9906,39.59999847412109,2026-08-17,-0.014925429786844968,-0.0341463786799735,0.2394365423632565,-0.12292365147710327,,68.9,0.118007631133493,0.24169915425884386,0.5373134343808895,False,False,False
9907,14.850000381469728,2026-08-17,0.0,-0.01655629097246858,-0.0013087682211628815,-0.10731512567417056,,34.1,-0.1227376794509264,0.31921478342591936,0.7930054748778156,False,False,False
9908,29.049999237060547,2026-08-17,0.0,-0.0034305448637522717,0.03468828303562854,0.015591720894559735,,50.7,-0.08674062819413497,0.47655580923859425,0.8772357881852078,False,False,False
9910,69.80000305175781,2026-08-17,-0.005697919001040552,0.04491017758899729,0.052729894795199295,-0.21610023140434687,,34.0,-0.06869901643456422,0.4052603430556265,0.5411811875240014,False,False,False
9911,82.0999984741211,2026-08-17,-0.008454161254066062,-0.02028645006834595,-0.002430189188582843,0.03873249089360442,,45.8,-0.12385910041834636,0.541945182570294,0.9430745003555039,False,False,False
9912,12.850000381469728,2026-08-17,0.03629038522444672,0.01984126924056806,0.032128560508644766,0.07083336512247729,,55.1,-0.08930035072111875,0.7082725668212655,0.9961240900357298,False,False,False
9914,81.5,2026-08-17,-0.05232558139534882,0.006220417036772563,0.23390537812664447,-0.01717998888408323,,73.1,0.11247646689688096,2.569201621252088,0.741425592502323,False,False,False
9917,108.5,2026-08-17,0.009302325581395321,-0.004587155963302725,0.009796321854457002,0.08673317491825028,,52.5,-0.11163258937530651,0.26630563281297137,0.9353031200859189,False,False,False
9918,42.900001525878906,2026-08-17,0.009411800608915444,0.005252153327443887,0.027332806420011346,0.11919755985394875,,58.2,-0.09409610480975217,1.0774593773287267,0.724831068462768,False,False,False
9919,13.850000381469728,2026-08-17,-0.007168417861123655,-0.007168417861123655,-0.03484320464866708,-0.1876832257350004,,21.7,-0.1562721158784306,0.2929330308633464,0.7048346386942902,False,False,False
9921,97.4000015258789,2026-08-17,-0.04039407363666103,0.12471135383432141,0.3527777989705403,0.07624311078319224,,83.9,0.23134888774077678,2.681397480522309,0.8735426145818735,False,False,False
9924,38.400001525878906,2026-08-17,-0.0013003702488542102,-0.04596269500921968,-0.028996703655091216,-0.14948620630307563,,25.5,-0.15042561488485473,1.1528650520682875,0.7282524546967813,False,False,False
9925,40.150001525878906,2026-08-17,0.002496936097961866,0.02274121467282586,0.04945460194472151,0.03783692213394563,,55.3,-0.071974309285042,1.0327790058383761,0.9889163309075242,False,False,False
9926,48.84999847412109,2026-08-17,-0.009127804663355388,0.003080035088947719,0.03780993728113424,0.034649019579802154,,52.8,-0.08361897394862927,0.7311785843671365,0.8908473034022084,False,False,False
9927,69.30000305175781,2026-08-17,0.007267441538103547,0.005805537257189464,0.040540610202654426,-0.002877653931542268,,49.6,-0.08088830102710909,0.8833708324382468,0.873371099041332,False,False,False
9928,18.600000381469727,2026-08-17,0.021978000096834593,0.059829127638471924,0.050847433883432824,0.02479343098608222,,54.2,-0.07058147734633069,0.8730767533389769,0.8899521876057197,True,False,False
9929,11.600000381469728,2026-08-17,0.013100486873651729,0.01754392716069586,-0.0042917801457277305,0.07906980292741661,,48.8,-0.12572069137549124,0.42226947234645745,0.7733333587646486,False,False,False
9930,62.900001525878906,2026-08-17,0.009630855476181699,-0.00474682331390841,-0.01757945556190421,-0.041575375581415774,,36.0,-0.13900836679166773,0.47748014526550436,0.9188203602404188,False,False,False
9931,33.900001525878906,2026-08-17,0.00892866266017478,-0.0014727315445344225,0.05405401879146554,0.04941074664815992,,56.9,-0.06737489243829797,0.37105068082620224,0.6965386660199789,False,False,False
9933,42.25,2026-08-17,0.10457516339869288,0.07918258884541629,0.1311914786094035,0.34126984126984117,,78.8,0.009762567379639986,1.0219074863614186,0.9657142857142857,False,False,False
9934,11.300000190734863,2026-08-17,-0.058333317438761356,0.06603771547865533,0.17648269582123532,0.1355106094726788,,74.8,0.05505378459147181,1.9302712622620288,0.9416666825612386,False,False,False
9935,20.649999618530277,2026-08-17,-0.011961722706365308,0.11924112545349952,0.18883123896507747,0.1133978411909653,,75.0,0.06740232773531396,0.9709764681553704,0.9880382772936347,False,False,False
9937,55.09999847412109,2026-08-17,0.0,0.0018181540749289127,0.01624263461343478,0.003784379330795229,,45.9,-0.10518627661632873,0.5388727548241016,0.9083373832076613,False,False,False
9938,42.0,2026-08-17,0.0,-0.019911379366794102,0.021296868834329574,-0.12573808704228007,,35.5,-0.10013204239543394,0.5960628613232652,0.7439910818765711,False,False,False
9939,131.5,2026-08-17,-0.08996539792387548,0.047808764940239,0.10136535435294758,0.16152396864014262,,69.4,-0.020063556876815936,1.0359124924233505,0.9100346020761245,False,False,False
9940,20.899999618530277,2026-08-17,-0.01647060618681051,0.04761898843410628,0.14737183239286367,-0.005963699449505144,,65.0,0.025942921163100152,0.8593735297230668,0.8280456370422372,False,False,False
9941,83.9000015258789,2026-08-17,-0.015258162780839135,0.018203883158047107,0.13994569653937505,0.07151977338263182,,68.6,0.01851678530961154,0.4701406290784472,0.8145631216104748,False,False,False
9944,17.5,2026-08-17,-0.005681839733083893,-0.025069679321047644,0.05320383784657423,0.06901781983766853,,58.4,-0.06822507338318928,0.7721602290589713,0.9485094458723426,False,False,False
9945,30.200000762939453,2026-08-17,0.10825690873172311,0.15047621954055068,0.31556890645621327,0.09975131524258929,,82.7,0.19413999522644976,1.5115639543446977,0.9861619662627742,True,True,False
9946,19.0,2026-08-17,0.04395600019366919,0.05849577673714834,0.13772449892126315,0.13095243231239473,,71.4,0.016295587691499636,0.4976117852924286,0.9223300800077183,False,False,False
9950,10.350000381469728,2026-08-17,-0.01428567795526392,0.024752474312641715,-0.08407077816193864,-0.06334839793505764,,23.6,-0.20549968939170216,0.399594193802925,0.7781955062436627,False,False,False
9955,24.75,2026-08-17,0.00814667084133891,0.03125,-0.12852111505483066,-0.2709867615962581,,8.6,-0.24995002628459417,1.0595917907723837,0.6103575947143253,False,False,False
9957,5.880000114440918,2026-08-17,-0.015075323101115812,-0.005076097080497832,-0.03606553993952921,-0.15759310911557567,,23.7,-0.15749445116929273,0.6143850373226344,0.6482911038901501,False,False,False
9958,102.5,2026-08-17,-0.11637931034482762,-0.03914048113351398,0.02553274936603045,-0.18271717606826088,,31.9,-0.09589616186373306,0.8450528581774226,0.5427756262276697,False,False,False
9960,31.0,2026-08-17,0.006493531425117771,-0.020088013403986693,0.03608528996524041,0.3992721479727597,,74.0,-0.0853436212645231,0.34314742825282263,0.9190134796403092,False,False,False
9962,10.300000190734863,2026-08-17,0.024875621418442906,0.05316978240915504,0.08649796287913092,-0.11587978300429513,,47.9,-0.034930948350632596,1.1747447510300184,0.8512396583481572,False,False,False
