ticker,last_close,last_date,ret_1w,ret_1m,ret_3m,ret_6m,ret_12m,rs_rating,rs_vs_bench_3m,vol_surge,near_high_pct,new_high_20d,new_high_60d,new_high_250d
1101,24.799999237060547,2026-09-10,0.014314865570540514,0.014314865570540514,0.04494226528394818,0.022045078689977293,,61.9,-0.042915781175569157,0.5850856907996006,0.9662272264107648,False,False,False
1102,35.45000076293945,2026-09-10,0.007102272573335178,0.09582696862561702,0.07837406853502737,0.09233871673954996,,71.2,-0.009483977924489961,0.48290432152388046,0.9733018207007874,True,True,False
1103,13.149999618530272,2026-09-10,-0.0075471986014888914,-0.0037878932922233988,0.009348688216822776,0.005637834190073354,,53.7,-0.07850935824269456,0.7301465832978414,0.9564108390473381,False,False,False
1104,27.25,2026-09-10,-0.01978414576095866,0.022514085930888106,-0.003073986764684178,-0.023146284631001768,,47.9,-0.09093203322420151,0.5264981222224694,0.8888622883392433,False,False,False
1108,11.350000381469728,2026-09-10,-0.021551723429195646,-0.029914481495824208,-0.11277527804845011,-0.18915892462948547,,14.9,-0.20063332450796745,1.0323931759082232,0.8002418744909959,False,False,False
1109,13.399999618530272,2026-09-10,-0.003717486352707744,-0.011070152774400599,-0.02876935906007083,-0.06989639322767305,,37.2,-0.11662740551958817,0.6436662617729463,0.8979302175507622,False,False,False
1110,16.0,2026-09-10,-0.006211203670828613,-0.01840486203081859,0.055450478796677416,0.028814467409101763,,63.8,-0.03240756766283992,0.7194980789590186,0.9161073371078705,False,False,False
1240,55.29999923706055,2026-09-10,0.005454531582919087,0.02952124150212798,0.04660564158888714,0.02044053922725597,,62.0,-0.0412524048706302,0.3425866328924693,0.9796229314496687,False,False,False
1301,65.5999984741211,2026-09-10,-0.0015220468609743465,0.16725974347993922,0.4634782036658598,0.4318354606759198,,93.5,0.37562015720634245,0.49365099993652706,0.9675515563626559,False,False,False
1303,244.0,2026-09-10,0.10407239819004532,0.29100529100529093,1.302141138231327,2.163587332145447,,98.4,1.2142830917718097,0.7322532357731169,1.0,True,True,False
1304,12.449999809265137,2026-09-10,0.0,0.028925571633155345,-0.008545116393376961,-0.035135861240420896,,45.0,-0.0964031628528943,0.4715194430489625,0.6899439135256534,False,False,False
1305,12.25,2026-09-10,-0.008097196630031833,0.042553191489361764,-0.023934955825745674,-0.11805555889320529,,33.7,-0.11179300228526301,0.5322336124052269,0.6692260914615772,False,False,False
1307,30.75,2026-09-10,0.013179558929247825,-0.004854356646668889,-0.10847908003863405,-0.02052641859230253,,27.6,-0.19633712649815138,0.5193042199360042,0.876026522942406,False,False,False
1308,14.449999809265137,2026-09-10,0.003472235559681902,0.05474452630961246,0.07331093810133638,-0.045557416324906064,,60.9,-0.01454710835818096,0.5236650144674008,0.7551904154126614,False,False,False
1309,13.899999618530272,2026-09-10,0.022058766812190544,0.057034222186831185,-0.06695548067405654,-0.07004506596812476,,30.5,-0.15481352713357388,0.54169337944599,0.529898890540106,False,False,False
1310,8.720000267028809,2026-09-10,-0.011337803997214624,0.07787393109496898,0.021077319201383782,-0.2578723176996759,,29.1,-0.06678072725813355,0.3442737785477658,0.7118367564921476,False,False,False
1312,14.949999809265137,2026-09-10,0.0033557175848972776,0.2723404092991606,0.15444015671483569,0.06405691148130876,,77.4,0.06658211025531835,1.1288208621215936,0.9552715765924809,False,False,False
1313,11.850000381469728,2026-09-10,-0.00420161669439767,0.039473752455920996,0.06249280662339607,-0.04375649856893904,,58.9,-0.025365239836121267,0.31324917381659484,0.8286713442946303,False,False,False
1314,8.130000114440918,2026-09-10,0.0012315552983714895,0.0449871330583409,0.0369897903327594,-0.07823124764825207,,50.6,-0.05086825612675794,0.2961042003925866,0.781730808908419,False,False,False
1315,66.30000305175781,2026-09-10,0.00913251341530974,0.07487757291989605,0.11702957500214506,0.11739640881624691,,76.6,0.029171528542627723,1.5104434358849008,1.0,True,True,False
1316,11.050000190734863,2026-09-10,0.0279069944869641,0.07804879909608431,-0.022123893431876263,-0.14671811942197177,,31.5,-0.1099819398913936,0.9402510750780381,0.6717325032366951,False,False,False
1319,78.4000015258789,2026-09-10,-0.03685503616417296,-0.010100952691779574,-0.1702375794169435,-0.05536201511101613,,16.2,-0.25809562587646084,0.410211118447356,0.7179248764351623,False,False,False
1321,32.25,2026-09-10,-0.010736150015434265,-0.0015479640322461075,0.015748031496062964,-0.04302672789651829,,50.0,-0.07211001496345437,0.45325452048164666,0.8823529595945796,False,False,False
1323,21.350000381469727,2026-09-10,0.0,-0.011574073869668577,0.07828288909769121,0.20260679877323584,,76.9,-0.009575157361826125,0.28676953547119916,0.905004275375583,False,False,False
1324,9.989999771118164,2026-09-10,-0.025365875988471842,-0.005970190893330951,-0.053080607534822466,-0.04401914320985245,,35.0,-0.1409386539943398,0.45364145009415086,0.7835293938131893,False,False,False
1325,26.0,2026-09-10,0.023622062617355333,-0.020715602744455608,-0.00952380952380949,-0.04235726094616166,,43.8,-0.09738185598332683,0.5148900596548655,0.7262569987176011,False,False,False
1326,71.30000305175781,2026-09-10,0.0229556122463499,0.19630880666409722,0.4777634989284538,0.6908525146621949,,94.4,0.3899054524689365,0.716458732495475,0.959623151052764,False,False,False
1336,16.549999237060547,2026-09-10,0.02795023881544423,0.02160484306406829,0.14841301127790474,0.1445067811995724,,80.2,0.0605549648183874,0.30171439833626,0.9094189212700262,False,False,False
1337,4.519999980926514,2026-09-10,0.0,-0.03624735057992645,-0.11372547736309047,-0.23389832070078576,,12.3,-0.2015835238226078,0.46460466742135315,0.7029549147117764,False,False,False
1338,14.399999618530272,2026-09-10,-0.003460220857775087,-0.04635766524870266,-0.1219632721792242,-0.015891602106558045,,25.5,-0.20982131863874154,0.6030719701023768,0.6473825660120823,False,False,False
1339,43.09999847412109,2026-09-10,0.011737089622285923,-0.010639663535001898,0.016965284097828492,0.10048408650830432,,63.4,-0.07089276236168884,0.5925554623531126,0.9797858995855266,False,False,False
1340,5.21999979019165,2026-09-10,0.011627896231359847,0.003846150319251729,-0.07446810039654417,-0.29268296622687806,,13.0,-0.1623261468560615,0.542626985662389,0.6055684291755751,False,False,False
1341,59.79999923706055,2026-09-10,0.01528009656818452,0.0016750162955303516,0.029488917775834622,0.08726637889682931,,64.7,-0.058369128683682714,0.54769122450177,0.9851729569264124,False,False,False
1342,101.0,2026-09-10,-0.009803921568627416,-0.01941747572815533,-0.1404255319148936,0.13866971223161428,,35.8,-0.22828357837441093,0.30251570502650044,0.8595744680851064,False,False,False
1343,30.649999618530277,2026-09-10,-0.01129033488612008,-0.13783402879576057,0.5558374838335267,0.008223684313720003,,91.7,0.4679794373740094,0.2605699021450421,0.5728971891314071,False,False,False
1402,28.649999618530277,2026-09-10,-0.015463943540907965,0.03992741967085056,0.11292314337779708,0.0750956884735301,,74.2,0.02506509691827974,0.3762971518810417,0.9439867959943292,False,False,False
1409,25.149999618530277,2026-09-10,0.022357692216738556,0.052221565739654086,0.023337034236798004,0.6515882603818892,,86.7,-0.06452101222271933,1.2117940869276964,0.823189099762767,False,False,False
1410,24.5,2026-09-10,-0.002036628864129142,-0.059500932148028984,-0.004287243700041632,-0.24599463176346326,,26.0,-0.09214529015955897,1.1321039639182593,0.6955964953569881,False,False,False
1413,9.43000030517578,2026-09-10,0.03854629784257413,0.012889353399623271,-0.015657580347062217,-0.015657580347062217,,45.7,-0.10351562680657955,0.2872361122592206,0.8271930369056915,False,False,False
1414,17.700000762939453,2026-09-10,-0.011173120662180347,-0.07086606447179056,0.053571521830400926,-0.0979739377700154,,52.3,-0.03428652462911641,0.7860904058085219,0.8567090379181003,False,False,False
1416,11.449999809265137,2026-09-10,-0.02136752171585743,0.004385981790174132,0.036199059875642536,0.02897733432692684,,61.0,-0.0516589865838748,0.5944410832243028,0.9502074380105768,False,False,False
1417,8.149999618530273,2026-09-10,-0.01688785813835636,-0.018072357681633844,-0.011978378868330086,-0.024615913498588382,,45.5,-0.09983642532784742,0.5825287455474287,0.9068436345971186,False,False,False
1418,17.600000381469727,2026-09-10,0.008595966302124447,-0.0249306855740401,-0.04864862802866343,-0.0736841904489618,,33.2,-0.13650667448818077,0.8279459836416873,0.8018223129716561,False,False,False
1419,66.5,2026-09-10,0.0015060010816734248,0.018376675224518024,0.05194113596595962,0.07340929994191647,,67.1,-0.03591691049355772,0.4281355467163124,0.8568442102061559,False,False,False
1423,35.400001525878906,2026-09-10,-0.002816858425946256,-0.0056178920453485715,-0.14665815522385206,-0.06474570579519345,,18.8,-0.2345162016833694,0.38900229314136936,0.8533418447761479,False,False,False
1432,15.0,2026-09-10,0.0,-0.009900965168791465,-0.027377576412342952,-0.11184212755298295,,33.7,-0.11523562287186029,0.36954633377213564,0.8720929845724334,False,False,False
1434,18.0,2026-09-10,-0.005524882837687928,0.016949108707875915,0.10945591400655785,0.10945591400655785,,75.4,0.021597867547040517,0.3066373106250974,0.9230769230769231,False,False,False
1435,23.299999237060547,2026-09-10,0.10688836491920917,-0.01687770097055874,0.8132294587835329,0.1887754481417705,,95.2,0.7253714123240156,0.5660708669931875,0.7049924288934065,False,False,False
1436,36.95000076293945,2026-09-10,-0.031454802488682376,-0.023778011822034317,-0.103804312928924,-0.22418872464213857,,13.9,-0.19166235938844134,0.41267602488700883,0.540747456043918,False,False,False
1437,31.549999237060547,2026-09-10,-0.012519609274716847,0.037828935294765165,0.08094123972752731,0.019074934258142884,,67.4,-0.006916806731990022,0.4922058919919127,0.934755414887247,False,False,False
1438,21.549999237060547,2026-09-10,0.053442918042046594,0.04874006271422138,-0.023210918342398856,-0.2182436743358095,,24.9,-0.11106896480191619,1.5164589946329263,0.6222987323143085,False,False,False
1439,29.299999237060547,2026-09-10,0.013840817432876129,0.015597880403490416,0.16454043196659218,0.09202337107355141,,79.2,0.07668238550707485,0.4994758139061864,0.9647973199582468,False,False,False
1440,13.5,2026-09-10,-0.049295761877997,-0.007352969019470135,0.046059490808667114,0.09154032070017615,,67.6,-0.04179855565085022,1.2626903605914919,0.8851272262339953,False,False,False
1441,8.760000228881836,2026-09-10,-0.004545450112051319,-0.02341137479325095,-0.04678992068936849,-0.1195979500698291,,29.6,-0.13464796714888583,2.160090084781155,0.6257143020629883,False,False,False
1442,30.299999237060547,2026-09-10,0.02711861820544237,0.021922415746812973,0.08407865509746593,0.176698999497497,,76.3,-0.0037793913620514097,0.5815083562367713,0.6023856798537643,False,False,False
1443,23.799999237060547,2026-09-10,0.0,-0.0757281849685224,-0.10861428625516034,-0.0422535665308138,,25.6,-0.19647233271467768,0.8285795403397248,0.8136751875918136,False,False,False
1444,6.96999979019165,2026-09-10,-0.018309875519307628,-0.03862071859425509,-0.03862071859425509,0.1426229342886336,,57.4,-0.12647876505377242,0.4670434313408423,0.696999979019165,False,False,False
1445,10.300000190734863,2026-09-10,0.009803959150949337,0.009803959150949337,-0.0762331351458333,-0.1894526272182422,,19.8,-0.16409118160535063,0.7780538759079242,0.6504088145020795,False,False,False
1446,13.300000190734863,2026-09-10,-0.011152388152968262,-0.04999998637608116,-0.13269637646409715,-0.10609192547380097,,18.1,-0.2205544229236145,0.36424781821673136,0.7125036746452492,False,False,False
1447,6.690000057220459,2026-09-10,-0.008888880411783817,-0.051063847343935986,0.08780487048443941,0.21857929619874783,,78.1,-5.317597507792371e-05,0.24727858923370935,0.669669690740309,False,False,False
1449,12.350000381469728,2026-09-10,0.01646096865998503,-0.023715355423496676,-0.1393728185946682,0.13824884306564522,,36.0,-0.22723086505418555,0.36032318262977153,0.7530488212643327,False,False,False
1451,17.200000762939453,2026-09-10,-0.002898506496263553,-0.011494187354914032,0.02994011839266486,0.015335497144586485,,58.4,-0.057917928066852475,0.3312253262324544,0.9690141274895466,False,False,False
1452,11.149999618530272,2026-09-10,-0.017621212001541653,-0.017621212001541653,0.037297792698756105,0.014143825718450076,,59.7,-0.05056025376076123,0.7557059434615383,0.8027145702004893,False,False,False
1453,11.100000381469728,2026-09-10,0.0,0.01626671968383908,-0.014396397928259752,-0.08168663242372431,,39.4,-0.10225444438777709,0.5666425981337477,0.8166429035658265,False,False,False
1454,12.850000381469728,2026-09-10,0.06198346912026298,0.012068096424893593,-0.007320185569551496,0.008130087383681373,,50.3,-0.09517823202906883,1.8821691583729914,0.7803898624277975,True,False,False
1455,9.970000267028809,2026-09-10,0.0,0.0,0.013902396635190772,0.14839972379447341,,66.9,-0.07395564982432656,0.5595883166730279,0.9063636606389825,False,False,False
1456,14.25,2026-09-10,0.017857142857142794,0.03260868138011053,0.003521140239892029,0.059479568927857995,,57.5,-0.08433690621962531,3.3745716604472396,0.9134615161244926,False,False,False
1457,14.449999809265137,2026-09-10,0.003472235559681902,0.003472235559681902,-0.006872878361431578,0.0028953853406157304,,50.2,-0.09473092482094891,0.766709757705565,0.91091388838122,False,False,False
1459,15.550000190734863,2026-09-10,0.016339869077347524,0.07612459487815504,0.17412712526398377,0.19980984478899155,,83.2,0.08626907880446644,1.2308153754498534,0.9841772153808833,False,False,False
1460,6.510000228881836,2026-09-10,-0.007621907672840544,-0.022522465760800192,-0.08180534714013388,-0.04824560180473103,,29.7,-0.1696633935996512,0.2689716356750773,0.7587412921642427,False,False,False
1463,17.049999237060547,2026-09-10,-0.017291131862428588,-0.03672324846673958,-0.042134833266647576,-0.042134833266647576,,37.3,-0.1299928797261649,0.5646515517520238,0.8611111057594032,False,False,False
1464,10.0,2026-09-10,-0.004975143262281545,-0.024390243902439046,-0.015235924294458747,-0.04729802046784315,,42.3,-0.10309397075397608,0.6764112682184594,0.8606341556301175,False,False,False
1465,12.0,2026-09-10,0.004184116446269481,-0.032258034744817365,-0.00884491776419416,-0.00884491776419416,,48.3,-0.0967029642237115,0.8047786638185561,0.9003899689716419,False,False,False
1466,15.0,2026-09-10,-0.032453682019688124,-0.08491107219529792,0.029862842884603946,-0.09310589022438143,,47.1,-0.05799520357491339,0.22817207377689375,0.7614273354458275,False,False,False
1467,8.229999542236328,2026-09-10,0.0024359931786150923,-0.10054646061741801,0.09733327229817701,0.1414701107756864,,75.8,0.009475225838659673,0.2477266274633871,0.7838094802129836,False,False,False
1468,13.399999618530272,2026-09-10,0.038759691068654956,0.0,0.126050424208775,0.0983606416414704,,76.5,0.038192377749257655,1.0158936331802726,0.8963210561531736,False,False,False
1470,23.899999618530277,2026-09-10,-0.016460890168268794,0.01918971603199293,0.08600442133232633,0.1030112013379989,,72.6,-0.0018536251271910054,1.3864079519557315,0.9617705936275216,False,False,False
1471,9.649999618530272,2026-09-10,-0.008221986379217228,0.01578943352950235,-0.09813086069643373,-0.18565406684540509,,17.2,-0.18598890715595107,0.4151555990064744,0.6587030627853617,False,False,False
1472,89.5,2026-09-10,0.014739264135356978,0.0,0.060343227085187356,0.04645232147425693,,66.1,-0.02751481937432998,0.7652388426444434,0.9881961757779503,False,False,False
1473,20.0,2026-09-10,-0.004975143262281545,-0.007444149943920286,-0.024390243902439046,-0.16023783288030036,,30.1,-0.11224829036195638,0.4800409204062435,0.6314389990734146,False,False,False
1474,9.949999809265137,2026-09-10,-0.004004000277224251,-0.014851541241502786,-0.00012257286089278896,0.020895850987007636,,53.4,-0.08798061932041013,0.2819332570986404,0.8359630921945174,False,False,False
1475,26.049999237060547,2026-09-10,-0.007619076683407777,-0.03874542913760037,-0.04227946667728799,-0.014397770403360322,,40.9,-0.13013751313680533,1.4366433042327578,0.7025574100384878,False,False,False
1476,290.0,2026-09-10,-0.07496012759170656,-0.10631741140215711,-0.11976194060093792,-0.19777243806613143,,13.4,-0.20761998706045526,1.0630151064646212,0.6708894245211626,False,False,False
1477,197.5,2026-09-10,0.018041237113401998,-0.0726501078570424,-0.09334992805420772,-0.2728484570243087,,12.5,-0.18120797451372506,0.559682756559758,0.6208176434507887,False,False,False
1503,205.0,2026-09-10,0.01990049751243772,0.03015075376884413,-0.04561964630284254,0.031762518785579674,,44.1,-0.13347769276235988,0.5547508161457192,0.7834465565131552,False,False,False
1504,70.5999984741211,2026-09-10,-0.005633824308153623,0.04903410509246764,0.022858023349241918,0.024300689373329964,,57.7,-0.06500002311027542,0.4181652785634328,0.6077231823929458,False,False,False
1506,9.949999809265137,2026-09-10,-0.009950286524563201,-0.05238097054617741,-0.043269214016445234,-0.13852816926818834,,28.3,-0.13112726047596257,0.9063551183973665,0.7081850301914279,False,False,False
1512,6.25,2026-09-10,0.00806454714081517,-0.060150389418202055,-0.08892130053092273,-0.21972536561681533,,16.1,-0.17677934699044007,0.4335251755898227,0.6815703323882565,False,False,False
1513,165.5,2026-09-10,0.01846153846153853,0.0,0.026946070931961774,0.08888891789145914,,64.3,-0.06091197552755556,0.3264332301468994,0.9171122628393678,False,False,False
1514,102.0,2026-09-10,0.014925373134328401,0.0,-0.11099786176847892,-0.0640021507303522,,22.8,-0.19885590822799626,0.2729045474933803,0.7106070508434793,False,False,False
1515,29.75,2026-09-10,-0.040322580645161255,-0.04800000000000004,0.274089914945322,0.22070968883562836,,88.0,0.18623186848580464,0.2677415729043341,0.6633222076287485,False,False,False
1516,14.5,2026-09-10,0.010452934811344461,-0.06148866155295585,-0.32558139534883723,-0.40816326530612246,,0.7,-0.41343944180835457,0.8385978301504871,0.5686274509803921,False,False,False
1517,10.75,2026-09-10,-0.004629647208502563,-0.10788383154835313,0.03864730471376765,-0.06926408463409417,,52.1,-0.049210741745749687,0.2908388617236001,0.7543859649122807,False,False,False
1519,718.0,2026-09-10,-0.005540166204986097,-0.002777777777777768,0.015720305707867865,-0.12859572325881174,,41.1,-0.07213774075164947,1.0202943899608103,0.743921091336952,False,False,False
1521,25.0,2026-09-10,-0.031007723283626443,-0.019607843137254943,-0.007936537971601432,0.019566240963224013,,51.5,-0.09579458443111877,1.097645358477897,0.8668029202486689,False,False,False
1522,26.450000762939453,2026-09-10,-0.018552875170511296,-0.07192979779159814,-0.11277710884227521,-0.31895499305813735,,9.6,-0.20063515530179254,0.7876566873390111,0.5217475680230416,False,False,False
1524,26.200000762939453,2026-09-10,-0.02056071914245039,-0.034990750237154145,-0.12080532101638386,-0.054865219510211394,,22.2,-0.2086633674759012,0.6709894928565502,0.7680046025441468,False,False,False
1525,65.5,2026-09-10,-0.016516493983832814,-0.026745957951495147,0.04925021134190777,0.11057001919290954,,69.3,-0.03860783511760957,0.8195834446343406,0.9520348414915731,False,False,False
1526,15.550000190734863,2026-09-10,0.009740297137676546,-0.1617250226259883,0.07612459487815504,-0.10632180852608974,,56.0,-0.011733451581362297,0.11765940306693212,0.6602972694055924,False,False,False
1527,32.599998474121094,2026-09-10,-0.001531486965419604,-0.006097584377790843,0.026053448250503708,0.05297149320935235,,61.5,-0.06180459820901363,0.5513100957183261,0.9183385324089084,False,False,False
1528,19.299999237060547,2026-09-10,0.032085478590471395,-0.005154658940003887,-0.23564359457185957,-0.12669688217548214,,7.3,-0.3235016410313769,1.9572995701281215,0.6088327688504103,False,False,False
1529,15.899999618530272,2026-09-10,-0.04790425795575648,-0.070175481647347,-0.22400991711903862,-0.348168361932067,,2.9,-0.31186796357855595,0.7379287354112148,0.614935515776416,False,False,False
1530,28.350000381469727,2026-09-10,-0.008741258624666903,-0.010471177698254341,0.013404756460064782,0.14852543763893844,,66.7,-0.07445328999945255,0.21997402099614574,0.8662063120921255,False,False,False
1531,11.699999809265137,2026-09-10,-0.016806707199696236,-0.02538535657334695,-0.02913388362859337,0.08336993623765232,,53.9,-0.11699193008811071,0.7833412744227469,0.9212598413371265,False,False,False
1532,22.75,2026-09-10,-0.013015151713245965,0.03409090909090917,0.007982186913350953,0.0015619343802826258,,53.1,-0.07987585954616638,0.5265763273295593,0.8364107012138018,False,False,False
1533,30.700000762939453,2026-09-10,-0.02229295745525195,-0.043613637935538074,-0.20259738278079342,0.013201370823457292,,16.6,-0.29045542924031076,0.5281302804909133,0.7561576826784364,False,False,False
1535,45.20000076293945,2026-09-10,-0.002207471872080813,-0.019522727569868836,-0.0424939115995856,-0.10323115508937442,,31.8,-0.13035195805910293,0.5755264957788462,0.8583358313085125,False,False,False
1536,47.79999923706055,2026-09-10,-0.02845531512539068,-0.08076924544114328,-0.02448981148856022,-0.08076924544114328,,36.9,-0.11234785794807756,0.515252354091559,0.691751089617785,False,False,False
1537,115.5,2026-09-10,-0.008583690987124415,-0.0399002737322679,-0.036120362454728494,-0.008803936757268982,,42.2,-0.12397840891424583,1.0441065134258727,0.9416362539153424,False,False,False
1538,8.800000190734863,2026-09-10,-0.017857125751218117,-0.1372548671283884,-0.2478632192996949,-0.49714284624372207,,1.1,-0.33572126575921224,4.778981761032301,0.31768952882155194,False,False,False
1539,15.550000190734863,2026-09-10,-0.003205140353346181,-0.043076911339393065,-0.01582278461911668,-0.09855071358058765,,36.7,-0.10368083107863402,0.24905160260258927,0.7215777606150815,False,False,False
1540,19.350000381469727,2026-09-10,-0.01776651613781477,-0.02272721580456105,-0.06529896830659454,-0.10834439812471464,,27.4,-0.15315701476611188,0.36819374506927377,0.7260623512087092,False,False,False
1541,21.200000762939453,2026-09-10,-0.01624122907249037,-0.018518500530834592,0.019230843295715117,-0.1485943338263077,,39.5,-0.06862720316380222,0.4535450843047632,0.7223168820237625,False,False,False
1558,106.0,2026-09-10,0.0,0.09278350515463907,0.23873831864859651,0.19256596453279773,,85.9,0.15088027218907918,0.9012990785726346,0.986046511627907,False,False,False
1560,733.0,2026-09-10,0.030942334739803012,0.006868131868131844,0.13177130090061295,0.6182343276681863,,89.2,0.04391325444109562,0.7965115918680273,0.9595771730124992,False,False,False
1563,78.19999694824219,2026-09-10,-0.1113636710427024,-0.0755756914041904,0.03654891646480585,0.508391912030302,,83.9,-0.05130912999471149,0.6693825903742447,0.8774167668650432,False,False,False
1568,29.700000762939453,2026-09-10,0.03484320464866708,0.027681700863976033,-0.2509457851204684,0.3833016868772241,,38.5,-0.3388038315799857,0.2603994943651578,0.5963855666254123,True,False,False
1569,48.84999847412109,2026-09-10,0.07599111965394134,0.18280870161095675,0.006179181087021313,-0.03838584236664433,,48.4,-0.08167886537249602,1.8022415508330834,0.7110626003509742,False,False,False
1570,32.099998474121094,2026-09-10,-0.02727277351148205,-0.0530974327651198,-0.22269476318892734,0.0705326072810224,,17.7,-0.31055280964844467,0.4275174126909428,0.6007094446514669,False,False,False
1580,98.5,2026-09-10,-0.043689320388349495,-0.10859728506787325,-0.1503579619292268,-0.18942195816127394,,11.0,-0.23821600838874413,1.9091793880359618,0.7555744911957076,False,False,False
1582,70.4000015258789,2026-09-10,-0.038251305178920725,-0.066312996005496,-0.23307627831092537,-0.20370828537085317,,5.3,-0.3209343247704427,0.35819244785995813,0.6090465246444383,False,False,False
1583,48.400001525878906,2026-09-10,0.003108839914588657,0.0648204408946802,0.04689762256362706,0.21956944611722817,,74.9,-0.040960423895890274,0.5098578573091459,0.8811388898823795,False,False,False
1584,17.850000381469727,2026-09-10,-0.01381215440503214,-0.008333312140570759,-0.07950047640326019,-0.23680104215733222,,16.2,-0.16735852286277753,0.3961421289441093,0.6851445627828996,False,False,False
1586,18.100000381469727,2026-09-10,0.005555576748318192,-0.0136239779184123,-0.12591951444460792,-0.21982759542045605,,11.8,-0.21377756090412525,0.3216026137525836,0.5953947568616711,False,False,False
1587,23.600000381469727,2026-09-10,-0.024793403411316528,-0.036734678307358104,-0.14801445012793002,-0.37648609424368695,,5.2,-0.23587249658744736,0.6678164147419645,0.4154929700434103,False,False,False
1589,5.539999961853027,2026-09-09,0.0,0.0,0.0,-0.16060605425698904,,34.5,-0.08785804645951734,,0.23083333174387613,True,True,False
1590,1305.0,2026-09-10,-0.050909090909090904,-0.18181818181818177,0.03331397944518488,0.29415051005199033,,77.0,-0.054544067014332454,0.7574667219233443,0.8181818181818182,False,False,False
1591,36.5,2026-09-10,0.03107340188437413,-0.017496675617256985,0.17174961306539327,-0.2056583374545069,,63.6,0.08389156660587593,2.5740870349534113,0.5391433034761416,False,False,False
1593,31.450000762939453,2026-09-10,-0.00474682331390841,-0.00474682331390841,0.05770789537088272,-0.035126857714247395,,58.8,-0.030150151088634614,0.385668314863468,0.9484962503329171,False,False,False
1594,7.789999961853027,2026-09-10,-0.012674259356750928,-0.005108552010572032,-0.1025345981603315,-0.013924067365379988,,28.7,-0.19039264461984884,0.11912002582816508,0.4961783475472316,False,False,False
1595,63.29999923706055,2026-09-10,-0.09571429661342079,-0.03506096479511178,-0.14111259351184668,0.5765877168462916,,73.8,-0.22897063997136402,0.6535439981072153,0.6298507386772194,False,False,False
1597,148.0,2026-09-10,0.02422145328719716,-0.0015341409937646988,-0.01148570132203075,0.9783431880007007,,90.2,-0.09934374778154809,2.061720436876511,0.6731737699170003,False,False,False
1598,20.850000381469727,2026-09-10,0.04773873272112206,0.012135922105364738,0.021625298808020332,0.059556993447099416,,61.3,-0.066232747651497,0.9997646677409819,0.8789754152504423,False,False,False
1599,23.25,2026-09-10,0.008676822974374998,-0.023109212381994815,-0.008528816905436387,-0.11089864859788734,,37.2,-0.09638686336495372,0.3519281162740746,0.75,False,False,False
1603,30.100000381469727,2026-09-10,-0.008237232186416699,0.00500833438094217,0.011551157336765039,-0.13197970576215323,,39.7,-0.0763068891227523,0.6420667285489304,0.7477706760696803,False,False,False
1604,23.5,2026-09-10,0.0021321635579460985,0.015118807224064446,0.0042735206452966246,0.0031320683530013937,,52.4,-0.08358452581422071,0.6175402215573695,0.9757026383112842,False,False,False
1605,37.79999923706055,2026-09-10,0.00531916944297528,-0.055000019073486284,0.0026524793659790102,0.19659973453690793,,68.8,-0.08520556709353833,0.5108348720533061,0.8657115079809535,False,False,False
1608,36.45000076293945,2026-09-10,0.002751094718465019,-0.03952569090498792,0.13070657704778355,0.1680573626409494,,79.7,0.04284853058826621,0.5746832520112151,0.9541884825903512,False,False,False
1609,37.75,2026-09-10,0.020270270270270174,0.0013262396829896161,0.030732182883235648,0.062052788743713005,,62.6,-0.05712586357628169,0.49494201022112766,0.8128184332905511,False,False,False
1611,11.649999618530272,2026-09-10,0.0,-0.025104618872233586,-0.1370370652940539,-0.08180745459682559,,18.8,-0.22489511175357124,0.591120515063023,0.7766666412353515,False,False,False
1612,34.79999923706055,2026-09-10,0.0014388269657710229,0.004328938083007383,-0.01022679065669796,0.09106577799757631,,57.8,-0.0980848371162153,0.4634360552149688,0.9179446460706108,False,False,False
1614,31.100000381469727,2026-09-10,0.018003311232229757,0.009740297137676546,0.00968639907580271,-0.015129228766125546,,51.6,-0.07817164738371463,1.4629948958164198,0.8514619655228377,True,False,False
1615,43.95000076293945,2026-09-10,-0.00790064289274961,-0.018973180549028634,0.043009031657650576,0.04185146555321029,,63.0,-0.04484901480186676,0.4016017513613825,0.9331095027307954,False,False,False
1616,18.899999618530277,2026-09-10,0.00531916944297528,-0.05025125724469015,-0.09785314744460649,-0.22349063463555252,,14.6,-0.18571119390412383,1.1715782539341393,0.5345610651772175,False,False,False
1617,18.049999237060547,2026-09-10,-0.01366120275533722,-0.05000004015470805,0.13601806700544095,0.22974897958388074,,82.1,0.04816002054592361,0.28553968358251647,0.6977788369327809,False,False,False
1618,39.09999847412109,2026-09-10,-0.010126620908326944,-0.014226154696929671,-0.0283254926589962,-0.011836372043124599,,43.1,-0.11618353911851353,0.39751022915905493,0.8136077800926956,False,False,False
1623,218.5,2026-09-10,0.05555555555555558,0.025821596244131495,0.040476190476190554,0.13802083333333326,,69.9,-0.04738185598332678,0.5902079698268065,0.6694240321257354,True,False,False
1626,9.670000076293944,2026-09-10,0.004153682386051294,0.01362684643194334,-0.037810955943189284,-0.09201873965621521,,33.6,-0.12566900240270662,0.3895255095896115,0.7554687447031028,False,False,False
1708,49.400001525878906,2026-09-10,-0.023715355423496898,0.002028444023649989,0.029166698455810547,0.34056997480125806,,78.4,-0.05869134800370679,0.313949437443001,0.8006483130475319,False,False,False
1709,35.29999923706055,2026-09-10,0.05530638062558069,0.29874484515789757,0.7032719163192531,1.089934162786018,,96.5,0.6154138698597358,1.283812158143527,0.9697801581674027,False,False,False
1710,15.949999809265137,2026-09-10,-0.015432156907439154,0.04590162683705823,0.17712174057173313,0.13928570066179558,,81.8,0.0892636941122158,0.50892164716605,0.8461538189115687,False,False,False
1711,39.04999923706055,2026-09-10,-0.06016847282562943,-0.005095560839221691,-0.09815242667169422,0.32823128380069955,,63.3,-0.18601047313121155,0.5243375273822434,0.6298386973719443,False,False,False
1712,40.79999923706055,2026-09-10,0.004926127351136289,0.04347828207882487,0.026415075146177358,-0.08412042386685592,,47.5,-0.06144297131333998,0.6461598571886079,0.9086859209469013,False,False,False
1713,42.84999847412109,2026-09-10,-0.025028493053996348,-0.06847829404084593,-0.08606967088770745,-0.021763297071186738,,31.3,-0.1739277173472248,1.7998626264214055,0.8705750069926589,False,False,False
1714,16.5,2026-09-10,-0.0030211020764631114,-0.04142299411928119,0.0973183490308096,0.8188919558558605,,90.9,0.009460302571292267,0.3285917743212068,0.733153346414251,False,False,False
1717,71.69999694824219,2026-09-10,-0.06640632683410941,-0.08778628065941652,0.018465843667423876,0.14541946149625318,,67.6,-0.06939220279209346,0.6917462306741725,0.8395784035965715,False,False,False
1718,10.600000381469728,2026-09-10,-0.009345741082052994,-0.05357137839404802,0.1521739783945082,0.3784135634065373,,86.3,0.06431593193499086,0.3363652870698464,0.6973684549001451,False,False,False
1721,23.350000381469727,2026-09-10,0.16750001907348633,0.1559405692850031,0.010822510643789585,0.35362321051998413,,77.5,-0.07703553581572775,1.254757080950172,0.6719424570207115,False,False,False
1722,43.75,2026-09-10,-0.020156808401389892,-0.008033863576113687,-0.05517280695597382,-0.036256350701581286,,35.4,-0.14303085341549115,1.2125320408461524,0.9001897503419234,False,False,False
1723,82.30000305175781,2026-09-10,-0.05293438887629032,-0.02948113101451333,-0.03235041259922078,0.1975179360272168,,63.4,-0.12020845905873812,1.1546734324041388,0.9175028523049533,False,False,False
1725,33.099998474121094,2026-09-10,0.05582131009113955,0.0711973748462933,0.055690026683135274,0.2719393354241184,,77.7,-0.03216801977638206,0.28641549954481527,0.8299287819415513,True,False,False
1726,77.30000305175781,2026-09-10,0.005201580207307321,-0.0025806057837701735,0.0389576323839953,0.07194040389581224,,64.8,-0.048900414075522036,0.706502683848114,0.985969407490917,False,False,False
1727,90.4000015258789,2026-09-10,0.013452966577263581,0.13997475469044196,0.06035544060303888,0.6375109669784511,,87.7,-0.027502605856478457,0.6092761606995927,0.8665489075505373,False,False,False
1730,51.5,2026-09-10,0.0,-0.001937954982135115,0.03355252137703535,0.02193953301981688,,59.7,-0.05430552508248199,0.3665839319122117,0.9922928417318166,False,False,False
1732,25.899999618530277,2026-09-10,0.001934206434147434,4.381938929198803e-05,0.00573665130923362,0.00573665130923362,,53.1,-0.08212139515028372,0.36564762428555414,0.793447875101014,False,False,False
1735,20.049999237060547,2026-09-10,-0.002487619077623293,-0.029055709082498993,-0.10888884725688064,-0.04494346191225651,,25.2,-0.19674689371639797,0.2551187592060682,0.6507640956365578,False,False,False
1736,125.0,2026-09-10,0.024590163934426146,-0.1007194244604317,0.1162247947564139,0.00373699664663385,,70.7,0.02836674829689656,0.3538837826766876,0.7075523439312444,False,False,False
1742,17.600000381469727,2026-09-10,0.0,-0.002832818024996131,0.13548389557869212,0.04142016442248475,,74.7,0.04762584911917478,0.7246334412983666,0.9513513719713366,False,False,False
1773,161.5,2026-09-10,0.0031055900621117516,0.0031055900621117516,-0.08209255267962479,0.14738433402731732,,49.3,-0.16995059913914212,0.908594912540616,0.8472991821418848,False,False,False
1776,17.549999237060547,2026-09-10,0.03235289629767912,0.017391260119451912,-0.03571436805664863,0.21474472714214787,,64.5,-0.12357241451616596,0.24814265569795455,0.8581906397219096,True,False,False
1785,98.3000030517578,2026-09-10,-0.016999969482421995,-0.07699527650931648,-0.2936241194957314,0.1970321830926114,,16.7,-0.38148216595524875,0.33915292360016747,0.5402820806975925,False,False,False
1802,59.59999847412109,2026-09-10,0.017064846860731953,0.03472222314204698,-0.07020280978347881,0.0836363358931107,,44.2,-0.15806085624299615,0.3840182866611486,0.7780678806965855,False,False,False
1805,10.100000381469728,2026-09-10,-0.004926033393071516,0.004975143262281767,-0.019417456850635784,-0.014634109124904593,,44.8,-0.10727550331015312,0.6781833201600425,0.7829457891581276,False,False,False
1806,8.029999732971191,2026-09-10,0.0012467923487260446,0.00752822388444474,0.002004230995654943,-0.059107589434373775,,44.5,-0.08585381546386239,0.49434788228853904,0.8508173088047898,False,False,False
1808,34.400001525878906,2026-09-10,-0.03910608215131883,0.0503817259810353,0.07836996668477747,0.1186992366139481,,72.7,-0.009488079774739866,1.0914950474398986,0.8001395890375224,False,False,False
1809,38.04999923706055,2026-09-10,0.025606490620265987,-0.0651106013809204,-0.2006407485427807,0.5224377493192431,,62.4,-0.288498795002298,0.3702062441992352,0.6424380752116448,False,False,False
1810,23.700000762939453,2026-09-10,-0.012499968210856083,-0.02066115637342103,0.15328475147571252,0.3558765968939168,,85.8,0.06542670501619519,0.13277549326110552,0.6939970630742013,False,False,False
1815,126.0,2026-09-10,0.10680616138845656,0.47574151555088795,0.3806314511740123,0.2770841377098219,,91.1,0.292773404714495,1.7006231380750463,0.9838277649460747,False,False,False
1817,40.5,2026-09-10,0.011235974319895758,0.025316455696202445,0.08201590181903229,0.10717895473644834,,72.3,-0.0058421446404850474,0.8929259369717522,1.0,True,True,False
2002,19.100000381469727,2026-09-10,0.00526317797209086,-0.03291137309014047,0.018581411488682642,-0.0051066530449511705,,54.8,-0.0692766349708347,0.46833767983408625,0.9059382696570825,False,False,False
2006,81.19999694824219,2026-09-10,-0.016949171328587087,-0.031026324687718376,0.18540141530280563,0.06343970448833969,,80.0,0.09754336884328829,0.2898142894950666,0.9175140898106462,False,False,False
2007,6.869999885559082,2026-09-10,-0.00865800061555344,-0.02828858292025993,-0.07162164905107793,-0.1336696047573076,,23.6,-0.15947969551059527,0.6226810792403519,0.7607973520170423,False,False,False
2008,30.799999237060547,2026-09-10,0.009836040559362269,0.008183306260012069,0.062253033654027456,0.11816109967080579,,71.1,-0.02560501280548988,0.43554705982550107,0.9808917073643642,False,False,False
2009,40.25,2026-09-10,0.02678569430165001,-0.026602140621831527,0.017322929696000466,-0.0591233140758195,,48.5,-0.07053511676351687,1.3714128342376617,0.7412188299566241,False,False,False
2010,22.399999618530277,2026-09-10,-0.006651868009101669,-0.023965190680836024,-0.0055075369905724925,0.027920830833709998,,53.0,-0.09336558345008983,0.5080148170036124,0.9482370892477455,False,False,False
2012,14.350000381469728,2026-09-10,-0.006920375717326288,-0.02374285628087669,0.02763911619735726,-0.04600279014588027,,52.3,-0.060218930262160075,0.4930112704046214,0.832037350665793,False,False,False
2013,41.84999847412109,2026-09-10,0.00359706734861609,0.009650125544491406,0.029405166108444236,0.014076052519562454,,58.0,-0.0584528803510731,0.5468061354426621,0.9803858067759745,False,False,False
2014,16.899999618530273,2026-09-10,0.0,-0.03151868884597875,-0.06111113230387366,-0.0424929187654256,,33.8,-0.148969178763391,0.5222966208422003,0.8471177429689587,False,False,False
2015,64.69999694824219,2026-09-10,0.004658313901479083,0.018897589736097453,0.022116867741792667,-0.013136369253885838,,54.6,-0.06574117871772467,0.48390001576233604,0.9644667025672724,False,False,False
2017,8.850000381469727,2026-09-10,-0.016666624281141518,-0.004499433105542128,-0.08574379106809138,-0.09509196082758264,,24.8,-0.17360183752760872,0.7753158091791882,0.8156682092458061,False,False,False
2020,21.700000762939453,2026-09-10,-0.004587086129392737,0.026004782710601138,0.021176506491268343,-0.026133107168714087,,52.9,-0.06668153996824899,0.9162456219884031,0.9147869674185464,False,False,False
2022,7.440000057220459,2026-09-10,-0.019762858017372653,-0.049808412552449055,-0.046153862142468416,-0.1779005634897861,,24.2,-0.13401190860198575,0.4692421778883513,0.7576375039137551,False,False,False
2023,14.100000381469728,2026-09-10,0.02173914395568488,0.02173914395568488,0.018050541019080546,-0.0342465744476691,,51.2,-0.06980750544043679,0.5689688775457414,0.8703703529277683,False,False,False
2024,13.149999618530272,2026-09-10,-0.0075471986014888914,-0.011278238349882619,-0.07394367639707766,-0.117449667436476,,24.8,-0.161801722856595,1.8905430355286672,0.6813471574278186,False,False,False
2025,12.399999618530272,2026-09-10,-0.01976284644576498,-0.01976284644576498,-0.12056742673380372,0.16431925471200204,,42.5,-0.20842547319332105,0.6451363561358674,0.8104574813037762,False,False,False
2027,48.20000076293945,2026-09-10,-0.039840636844701294,0.028815417989054515,0.1504622939899507,0.3596372002624293,,85.7,0.06260424753043337,0.9453452744029195,0.9450980541752834,False,False,False
2028,16.0,2026-09-10,0.022364242172588478,0.032258064516129004,-0.021071918575144344,-0.08208164591797762,,37.6,-0.10892996503466168,0.846904636670358,0.7922375414612512,True,False,False
2029,21.549999237060547,2026-09-10,-0.01598175285690795,0.004661933359642045,0.046480185992248124,0.06917497065978151,,65.7,-0.04137786046726921,1.457948026333833,0.9599108465348192,False,False,False
2030,23.649999618530277,2026-09-10,0.01068376085792866,0.09744781697524418,0.2818427447459011,0.5627983637228029,,91.8,0.19398469828638376,1.281579566302508,0.9936974948177016,False,False,False
2031,44.45000076293945,2026-09-10,-0.01984559518111595,-0.01984559518111595,0.1324840958710689,0.2170196405936795,,81.4,0.04462604941155157,0.4187843801198936,0.9548872500850829,False,False,False
2032,16.850000381469727,2026-09-10,-0.0029585348040910286,-0.028818443170411268,-0.048022618352055124,0.1346802040901649,,55.4,-0.13588066481157246,0.5509944357376713,0.9034852936258451,False,False,False
2033,27.600000381469727,2026-09-10,0.08023488084632224,0.25454547188498755,0.7579618290939067,0.7250000238418579,,96.1,0.6701037826343894,1.751678393309473,1.0,True,True,False
2034,20.450000762939453,2026-09-10,-0.009685174783797823,0.012376237156320746,0.061009514132259524,0.05839630061930112,,67.3,-0.026848532327257812,1.1085837938363736,0.9527913006803741,False,False,False
2035,27.75,2026-09-10,0.04323306774579572,0.035447790671043755,0.009090909090909038,-0.022887310819052598,,50.5,-0.0787671373686083,0.4915165531739465,0.9098360655737705,True,False,False
2038,12.25,2026-09-10,-0.027777807212169492,-0.0429687642608767,-0.10256407748390939,-0.17785232794466788,,17.0,-0.19042212394342672,0.5543277061268509,0.7379517902707068,False,False,False
2049,363.0,2026-09-10,0.053701015965166965,-0.016260162601625994,0.12865442308201414,0.49639217634978094,,87.5,0.0407963766224968,1.0972872940245244,0.8916231997148553,False,False,False
2059,12600.0,2026-09-10,-0.06319702602230481,0.0497669462703918,0.829876019177221,2.8432956832402785,,98.4,0.7420179727177036,0.9328543817913073,0.871429559443945,False,False,False
2061,48.25,2026-09-10,-0.07032758031922037,-0.22799999999999998,0.3347164028598726,1.7030811747258467,,96.2,0.24685835640035525,0.894516063855052,0.5813253012048193,False,False,False
2062,18.299999237060547,2026-09-10,0.0018972878985319408,0.031364788669259624,0.007129125599875774,-0.054582243177047185,,46.4,-0.08072892085964156,1.6120736114786622,0.8154977786126337,False,False,False
2063,23.950000762939453,2026-09-10,-0.002083301544189453,-0.01033057818671046,-0.041999969482421906,-0.10467286867516068,,31.8,-0.12985801594193924,1.2839991998782205,0.813242789218487,False,False,False
2064,12.25,2026-09-10,-0.008097196630031833,0.0,-0.13427559503550146,0.04700856407701148,,28.4,-0.2221336414950188,1.5090365074561864,0.7954545651585608,False,False,False
2065,35.849998474121094,2026-09-10,-0.011034524851831873,-0.016460967798618276,0.03913039055423462,0.22966286618760834,,74.5,-0.04872765590528272,0.8404943012197933,0.9559999593098958,False,False,False
2066,52.70000076293945,2026-09-10,-0.01125700718029099,-0.11010184333708917,-0.0998562831286871,0.004197060037221201,,31.2,-0.18771432958820444,0.12045319885419496,0.7497087177165075,False,False,False
2067,4.739999771118164,2026-09-10,-0.01863357225869966,-0.25705334073751307,-0.26738795597738985,-0.41336635942144073,,1.4,-0.3552460024369072,0.5244634688910286,0.40169488936448683,False,False,False
2069,23.0,2026-09-10,0.09785198865896927,0.15577891662787247,0.21919613856946496,0.2703961085623614,,86.8,0.13133809210994762,3.482286012901451,0.987124495841898,False,False,False
2070,61.900001525878906,2026-09-10,-0.05206740225086992,-0.01651188491816491,-0.0039432927009677154,0.6413199127162912,,84.9,-0.09180133916048505,0.8041167767578685,0.7567129789825293,False,False,False
2071,34.0,2026-09-10,-0.0187590619698369,-0.03954806399811717,0.6504854063296011,0.7302799318091302,,95.8,0.5626273598700837,0.09027309443240122,0.9405255481292366,False,False,False
2072,130.5,2026-09-10,-0.05434782608695654,-0.09962621495929735,-0.24885944948462357,-0.466082167972414,,1.3,-0.3367174959441409,0.9528818001377548,0.45335885693397043,False,False,False
2073,26.600000381469727,2026-09-10,0.0,0.03906249941792339,0.03409748398642609,-0.022307774007283232,,56.0,-0.053760562473091245,0.7376023110255175,0.933333346718236,False,False,False
2101,30.399999618530277,2026-09-10,-0.03184713414486362,-0.09723893125620209,-0.07152310975158627,-0.027908492717801048,,33.3,-0.1593811562111036,0.7285956667304047,0.6951138743697537,False,False,False
2102,17.899999618530273,2026-09-10,-0.019178103094231624,-0.057894756919459334,-0.02185790356319839,-0.057894756919459334,,40.7,-0.10971595002271572,1.254516708578848,0.8503563072351853,False,False,False
2103,25.850000381469727,2026-09-10,-0.07513417975480852,-0.054844606182027134,0.18480845406736268,0.2558401683491853,,84.8,0.09695040760784535,0.8804224216865654,0.8975694814673922,False,False,False
2104,10.600000381469728,2026-09-10,0.029126231570822947,0.02415458848171559,0.01923084329571556,-0.1587301539245437,,38.0,-0.06862720316380178,1.2123032563755165,0.7737226663536946,False,False,False
2105,30.600000381469727,2026-09-10,-0.0032573413350023284,-0.046728914764923135,-0.056548307578457524,0.10096148765282908,,49.8,-0.14440635403797486,0.342750492013449,0.8393044020337651,False,False,False
2106,16.850000381469727,2026-09-10,-0.02034885848516166,-0.07417584202626648,-0.03120358486080177,-0.05985089794225629,,37.8,-0.1190616313203191,0.620217227920854,0.8229069917239389,False,False,False
2107,27.049999237060547,2026-09-10,0.011214924749926913,0.06706109783073133,0.07984023957211428,0.14247104044931946,,74.3,-0.008017806887403056,0.7283893580906814,1.0,True,True,False
2108,29.0,2026-09-10,-0.028475724308445582,-0.05996759671293039,-0.04448106637566873,0.18862068234972762,,60.8,-0.13233911283518607,0.6548377417303588,0.9020217301282759,False,False,False
2109,14.75,2026-09-10,-0.0033783912223301904,0.0,0.024305582690387073,0.016894262825271067,,57.4,-0.06355246376913026,0.6287719852965868,0.9133779775367956,False,False,False
2114,89.0999984741211,2026-09-10,-0.0011210591652723867,0.007918517377369705,-0.010000016954210045,0.06013047617258027,,55.5,-0.09785806341372738,0.448377759284838,0.9845303698797911,False,False,False
2115,24.049999237060547,2026-09-10,0.01050420201739799,0.043383949375241926,0.1430632374447418,0.1430632374447418,,79.7,0.05520519098522447,0.9660604421183737,0.9546694407755392,False,False,False
2201,30.200000762939453,2026-09-10,-0.03821652452768376,0.08615773137440064,0.10764652209721337,0.09973466341037462,,74.9,0.019788475637696035,1.2102748973096265,0.7103246179652237,False,False,False
2204,53.09999847412109,2026-09-10,-0.023897114251722695,0.031067931536331805,0.003237422438330695,-0.012465490891667153,,50.4,-0.08462062402118664,0.38459538121353715,0.8872380610982343,False,False,False
2206,64.0,2026-09-10,0.014263099011769809,0.052631592156154205,0.06693664600697247,0.15295044170552274,,73.5,-0.02092140045254487,0.38650019548072007,0.9876542744740486,False,False,False
2207,528.0,2026-09-10,0.013435700575815668,0.04761904761904767,0.14533622559652937,0.11210510523713557,,78.5,0.05747817913701203,0.41715562176876414,0.8864606192080855,False,False,False
2208,18.700000762939453,2026-09-10,-0.00795753928353915,-0.018372624049254216,0.044692802316096625,-0.136258610049393,,45.7,-0.04316524414342071,0.23964011350764963,0.6360544559719378,False,False,False
2211,83.5,2026-09-10,-0.0011961540184961539,-0.04680363636458651,-0.04990772104845553,-0.11636737406987363,,29.0,-0.13776576750797287,0.39455892084907557,0.7412290308165911,False,False,False
2221,96.5,2026-09-10,0.05464480874316946,0.9223107277568388,1.305765841985346,2.178715623721054,,98.5,1.2179077955258286,4.444110087678482,1.0,True,True,False
2227,47.04999923706055,2026-09-10,-0.01155460619099724,-0.019692116302222784,-0.04128054316896912,-0.04605503329792049,,36.9,-0.12913858962848646,0.9490053955003563,0.8342863508923282,False,False,False
2228,75.5999984741211,2026-09-10,0.017496572933620058,0.003984002791568075,-0.06115796457959266,-0.11620076613439456,,27.4,-0.14901601103911,0.8245101332296717,0.6742232551784803,False,False,False
2230,22.200000762939453,2026-09-10,0.009090943769975102,-0.14615381681002104,-0.16543021323157192,-0.3464934192832603,,5.0,-0.25328825969108926,0.28476881161204715,0.21155373495265303,False,False,False
2231,89.80000305175781,2026-09-10,-0.0022221883138020537,-0.0884609665657825,-0.02016972907347947,0.09650497636186195,,56.6,-0.1080277755329968,0.15380934767757495,0.6118126554512211,False,False,False
2233,164.0,2026-09-10,-0.0060606060606061,-0.196078431372549,-0.4230145386818309,-0.25834392958261876,,0.7,-0.5108725851413483,0.4014850112274538,0.43935591515367944,False,False,False
2235,28.299999237060547,2026-09-09,-0.003521140239892251,0.027223231243908463,-0.0042592966546732836,-0.09478119534505092,,40.5,-0.09211734311419062,2.507502211026103,0.8073573402161776,False,False,False
2236,127.0,2026-09-10,0.02008032128514059,-0.023076923076923106,-0.037878787878787845,0.11894273127753308,,55.9,-0.12573683433830518,0.4562099444822822,0.6883468834688347,False,False,False
2237,27.649999618530277,2026-09-10,-0.0018050954163175703,0.007285932605905154,-0.2752293967858951,-0.08745873548699634,,5.9,-0.3630874432454124,0.7522702191392086,0.6599045014700696,False,False,False
2239,19.950000762939453,2026-09-10,0.010126620908326833,0.03100777104088892,-0.12307688954112295,-0.18404907401152149,,14.0,-0.21093493600064028,0.3458930537283775,0.516839418434555,False,False,False
2241,34.79999923706055,2026-09-10,0.016058371884979383,0.04661651840783598,-0.19257539514866062,0.18568990748741876,,30.9,-0.28043344160817796,0.2295345388099547,0.6744186098089473,False,False,False
2243,48.5,2026-09-10,0.10478356068870309,0.18292682926829262,0.30376341412116803,2.169934601005422,,97.0,0.2159053676616507,0.6344587832051628,0.7348484848484849,False,False,False
2245,23.75,2026-09-10,-0.030612244897959218,-0.006276134766712627,-0.027865608266340103,-0.0581396703325463,,38.9,-0.11572365472585744,0.8630937792545392,0.8375311320483132,False,False,False
2247,230.0,2026-09-10,0.002178649237472685,0.006564551422319376,0.018325051587511743,-0.023409551930639982,,52.5,-0.0695329948720056,0.4872970791237274,0.7855727064183845,False,False,False
2248,60.29999923706055,2026-09-10,-0.022690462051336402,0.06914889371753197,0.12257971827993219,0.30164151950483986,,83.1,0.03472167182041486,0.3883636540165297,0.9013452595174414,False,False,False
2249,90.5,2026-09-10,-0.042328042328042326,0.021025680973373095,-0.09605772115559663,-0.2256796199242248,,14.7,-0.18391576761511397,0.38637909478352495,0.7381111498563977,False,False,False
2250,55.900001525878906,2026-09-10,-0.021015708937121014,-0.026069684383930425,-0.03724596705473748,-0.10064330377467323,,32.8,-0.12510401351425482,0.25753362241139705,0.6098442030623032,False,False,False
2252,25.899999618530277,2026-09-10,0.14096910784316874,0.4885057578362162,0.5416667139719427,0.8499999727521625,,95.7,0.4538086675124253,1.0577144515229338,0.9504587015974414,True,True,False
2254,65.5999984741211,2026-09-10,0.05806449151808213,0.08072483771982664,0.09882743108513048,-0.04093571621776115,,65.3,0.010969384625613143,8.478569152844335,0.7619047576851974,True,True,False
2255,14.399999618530272,2026-09-10,0.0627305841941328,-0.0400000254313152,-0.19101122271125126,-0.17948716555373878,,8.9,-0.2788692691707686,1.8105034509795577,0.4784052968781772,False,False,False
2256,84.80000305175781,2026-09-10,0.00832347907654385,0.16804414371972087,0.14439952493890562,0.37886183823996444,,85.9,0.056541478479388285,0.7006180143171625,0.8635438461006566,False,False,False
2258,31.100000381469727,2026-09-10,0.0332225909410826,-0.026604080161891197,0.014681917407509237,-0.06042290588668897,,47.6,-0.0731761290520081,0.9450187904832343,0.7149425375050512,False,False,False
2301,291.0,2026-09-10,-0.026755852842809347,0.1317322307846509,0.35338482887122424,0.8743591066634626,,94.2,0.2655267824117069,0.7177827021325913,0.9165354330708662,False,False,False
2302,42.25,2026-09-10,-0.00236123914342512,-0.07244784395903103,0.2283207550308588,1.2882426272887932,,94.9,0.14046270857134147,0.3687464503959086,0.7626353580561516,False,False,False
2303,142.5,2026-09-10,0.1399999999999999,0.15853658536585358,0.08568386697684827,1.3917292586081849,,94.1,-0.0021741794826690697,1.2602037248548479,0.8119819787939474,False,False,False
2305,38.5,2026-09-10,0.27906975123168154,0.3848921243377281,0.5338645185210009,1.6551724137931036,,96.8,0.4460064720614836,2.331044810772178,0.902696333472326,True,False,False
2308,1675.0,2026-09-10,-0.048295454545454586,-0.06424581005586594,-0.2398381199111933,0.2290208568823413,,26.2,-0.32769616637071064,0.8710026936375114,0.6681581932304379,False,False,False
2312,31.149999618530277,2026-09-10,-0.02044024006682188,-0.07014926511849917,-0.0935595749364303,0.3567491695176013,,66.4,-0.18141762139594764,0.40438614568552467,0.729956052201721,False,False,False
2313,225.5,2026-09-10,-0.044491525423728806,0.07894736842105265,-0.14258555133079853,0.13874154547066375,,35.4,-0.23044359779031587,1.0764133017671738,0.7629759471859083,False,False,False
2314,10.800000190734863,2026-09-10,-0.06086954863175098,-0.05676852658148568,-0.29411764339225566,-0.37931032025809275,,1.2,-0.381975689851773,0.5694576101032643,0.41343311600200705,False,False,False
2316,161.0,2026-09-10,0.05228758169934644,-0.003095975232198178,0.04207119741100329,0.7903425344505282,,89.2,-0.045786849048514044,0.6763500636498608,0.693232861298646,False,False,False
2317,251.0,2026-09-10,0.014141414141414232,-0.07037037037037042,-0.007774681652566673,0.20501025899221226,,68.0,-0.09563272811208401,0.758314311968929,0.8364877183358093,False,False,False
2321,27.611263275146484,2026-09-09,-0.0065789997395026,-0.032051271764422684,0.1439394478178846,0.0066666504408610106,,73.8,0.056081401358367255,1.3024509440947796,0.7823834084878787,False,False,False
2323,10.550000190734863,2026-09-10,-0.027649786192378678,0.024271844210729476,-0.05803568121425906,-0.07456135581037793,,31.6,-0.1458937276737764,0.5408277227652216,0.8053435025588318,False,False,False
2324,38.650001525878906,2026-09-10,-0.0025806057837701735,-0.03132831960392923,0.0632738142587621,0.22660093393361547,,76.6,-0.02458423220075523,1.1117285394755307,0.8214665707249343,False,False,False
2327,572.0,2026-09-10,0.11937377690802342,-0.04983388704318936,-0.3309941520467836,1.2906729177760035,,84.9,-0.41885219850630095,0.9167483765662787,0.5017543859649123,False,False,False
2328,46.09999847412109,2026-09-10,0.006550201791658328,-0.008602183352234727,-0.09154582034436931,0.019914982595805597,,34.1,-0.17940386680388665,0.44812700936326855,0.7612168874876122,False,False,False
2329,42.20000076293945,2026-09-10,-0.0011834138949241568,-0.05592841067852372,-0.2156133575951864,-0.17593326822230426,,6.9,-0.30347140405470374,0.3915996430953725,0.6153974571863274,False,False,False
2330,2450.0,2026-09-10,0.025104602510460206,0.01449275362318847,0.06060606060606055,0.3074541183625632,,79.5,-0.027251985853456784,0.7046749706199744,0.9760956175298805,False,False,False
2331,18.75,2026-09-10,-0.025974025974025983,-0.02849737092239979,-0.11971827832856075,-0.22360247220819252,,12.3,-0.20757632478807808,0.5175001987911187,0.6260433897284406,False,False,False
2332,18.850000381469727,2026-09-10,0.010723901717442086,-0.1547084741535435,0.21612905686901462,0.2442244789507393,,86.2,0.1282710104094973,0.2983147198492019,0.7263969104922106,False,False,False
2337,122.5,2026-09-10,0.047008547008547064,-0.10256410256410253,-0.16382252559726962,0.23737373737373746,,41.5,-0.25168057205678696,0.47377759148669485,0.660377358490566,False,False,False
2338,45.650001525878906,2026-09-10,0.19973725206848325,0.1285537865231321,-0.06836731579838962,-0.07777774695194128,,29.4,-0.15622536225790695,1.5843252607679832,0.7884283302734498,True,False,False
2340,31.649999618530277,2026-09-10,-0.046686780385240656,-0.0031496183140070633,-0.08526008629154291,0.1943396082464255,,53.7,-0.17311813275106025,0.359355152471016,0.7267508650516001,False,False,False
2342,39.20000076293945,2026-09-10,-0.007594917393937917,0.020833312637276835,-0.041564809279134196,0.25239622103648385,,66.4,-0.12942285573865153,0.40870594318028886,0.6621621665160441,False,False,False
2344,179.5,2026-09-10,0.062130177514792884,0.01412429378531077,0.043604651162790775,0.6554108450640208,,87.3,-0.04425339529672656,0.8249564161240451,0.8085585585585585,False,False,False
2345,1965.0,2026-09-10,-0.05980861244019142,-0.1128668171557562,-0.15179698197364144,0.31598275231733863,,52.5,-0.23965502843315878,1.0547165776847343,0.7202015043748673,False,False,False
2347,88.80000305175781,2026-09-10,0.027777794947839718,-0.030567636124517406,0.046287400173314674,0.33367960986940837,,79.4,-0.04157064628620266,0.5561160933669217,0.9145211580556782,False,False,False
2348,71.30000305175781,2026-09-10,0.00281300396524653,0.009915079217647671,0.10644082035964941,0.12498462171094205,,75.9,0.018582773900132077,0.6083716751563228,0.7708028332555006,False,False,False
2349,10.5,2026-09-10,-0.032258098540483005,-0.05405408656303878,-0.2105263271112897,-0.19847330578306643,,6.5,-0.29838437357080705,0.7047764520883999,0.6441718092922754,False,False,False
2351,235.5,2026-09-10,0.056053811659192876,0.3691860465116279,0.2954012612633028,1.706146404329139,,96.2,0.20754321480378546,1.1675746300450685,0.98125,False,False,False
2352,29.0,2026-09-10,0.01754385964912286,0.003460220857774754,-0.03269693679186003,0.2679236421422577,,68.8,-0.12055498325137737,0.3828446559617238,0.8155504119067174,False,False,False
2353,31.5,2026-09-10,0.008000000000000007,-0.007874015748031482,-0.11201374832229671,0.16806794129683222,,44.4,-0.19987179478181405,0.8908306579569281,0.7509008042310337,False,False,False
2354,65.0,2026-09-10,0.02040815104380478,0.031746031746031855,0.17232327010117987,0.23974813832529196,,84.0,0.08446522364166253,1.0358633488124616,0.9128747279890083,False,False,False
2355,41.84999847412109,2026-09-10,0.0,-0.022196279903595295,-0.3042596090324592,-0.002151190558592031,,6.8,-0.3921176554919765,0.3453959221857963,0.6396657725543352,False,False,False
2356,62.59999847412109,2026-09-10,-0.036923100398137176,-0.092753645302593,-0.02372850178249042,0.5047536206687546,,81.0,-0.11158654824200775,0.7569374213331701,0.7567818715612644,False,False,False
2357,989.0,2026-09-10,0.018537590113285374,0.16079812206572774,0.34028996785211674,0.8108909317634259,,93.9,0.2524319213925994,0.8400106810606761,0.9648780487804878,False,False,False
2359,130.0,2026-09-10,-0.07473309608540923,-0.09090909090909094,-0.026453352908602734,0.12881053283382027,,58.4,-0.11431139936812007,0.43925661888843054,0.7323943661971831,False,False,False
2360,2180.0,2026-09-10,0.08188585607940446,-0.006833712984054663,-0.04207476088290285,0.47052742256608293,,77.9,-0.1299328073424202,1.1786784177724956,0.8375003822048427,False,False,False
2362,47.59999847412109,2026-09-10,0.007407375113673842,-0.026584928654242113,0.03664014403569782,0.2726017913847738,,76.3,-0.05121790242381952,0.6067361413687143,0.9315068472698188,False,False,False
2363,52.59999847412109,2026-09-10,0.049900201120592014,-0.03919392142402045,-0.0901083942885138,0.04369915629970822,,36.3,-0.17796644074803114,0.7032904073969706,0.6994567390913091,False,False,False
2364,63.29999923706055,2026-09-10,-0.040909102468779546,-0.0868352889797166,0.0388903128607363,0.12356472027436749,,68.7,-0.04896773359878104,0.7304831885431209,0.8136597449318729,False,False,False
2365,28.299999237060547,2026-09-10,-0.029159533193592102,-0.09294876458219958,-0.14867256413752017,-0.17807093805614072,,11.5,-0.2365306105970375,0.2611380783096924,0.6148985190648856,False,False,False
2367,41.150001525878906,2026-09-10,-0.027186707610483474,-0.10054641473488735,-0.3400641666632509,-0.43317840429217935,,0.6,-0.42792221312276824,0.36190095874083056,0.5291301972451274,False,False,False
2368,1045.0,2026-09-10,-0.050000000000000044,0.04499999999999993,-0.20273070396316595,0.15520909070790134,,26.3,-0.2905887504226833,0.8588880798445547,0.7039434413863294,False,False,False
2369,30.0,2026-09-10,-0.013157882353605599,-0.09502266609007015,-0.09502266609007015,0.12570358084134448,,43.5,-0.1828807125495875,0.20661559271073834,0.6734006849329731,False,False,False
2371,27.850000381469727,2026-09-10,0.009057970889299272,0.05692599538081433,-0.019366170579160458,-0.13509317634788243,,33.0,-0.1072242170386778,0.46696687475847115,0.651461997227362,False,False,False
2373,53.09999847412109,2026-09-10,0.003780660538248659,-0.003752359583532483,-0.011054290309930104,0.030226605733614686,,52.1,-0.09891233676944744,0.6124259277248884,0.9653994110304899,False,False,False
2374,67.30000305175781,2026-09-10,-0.008836501629420623,-0.03088919525803835,-0.038953916309644065,-0.02268797683473145,,40.7,-0.1268119627691614,0.5837098372235106,0.729714645017197,False,False,False
2375,122.0,2026-09-10,0.03389830508474567,-0.03937007874015752,-0.2858142145033794,0.5438226708753644,,48.1,-0.37367226096289674,0.3925424957534229,0.5298798129798218,False,False,False
2376,351.5,2026-09-10,0.0028530670470756636,-0.06391478029294273,0.06578496759465358,0.5986774144095734,,87.2,-0.02207307886486376,0.8061863264401498,0.8842767295597485,False,False,False
2377,149.0,2026-09-10,-0.009966777408637828,-0.09232102184975932,0.123793085233038,0.6266993643623271,,89.1,0.03593503877352067,0.9073973839124093,0.9076789781502407,False,False,False
2379,696.0,2026-09-10,0.01940015817634677,-0.05911761417619421,0.16620698196445338,0.5237122988315068,,88.9,0.07834893550493605,0.700964125590573,0.8007954538511836,False,False,False
2380,17.100000381469727,2026-09-10,-0.06043957886582352,-0.169902909475106,-0.264456072882582,-0.1702548488585841,,4.6,-0.35231411934209933,1.3773999032171838,0.6756496552314566,False,False,False
2382,336.0,2026-09-10,0.0029850746268655914,0.032258064516129004,-0.05821280192017664,0.21436678989329172,,60.6,-0.14607084837969397,1.1195927773519674,0.840155439524906,False,False,False
2383,5375.0,2026-09-10,0.016068052930056753,-0.05767131989961394,0.11791789417091336,1.076747400033185,,93.3,0.030059847711396026,0.7444297690845332,0.8503218098815459,False,False,False
2385,103.5,2026-09-10,-0.037209302325581395,-0.014285714285714235,-0.22645741674637232,-0.1204071895004023,,8.4,-0.31431546320588966,0.8568589719833334,0.7445017478785247,False,False,False
2387,36.70000076293945,2026-09-10,0.002732303087090937,-0.009446652667430944,-0.0847879760737611,-0.08059826811190407,,26.4,-0.17264602253327843,0.5832508403977532,0.8436781784583782,False,False,False
2388,77.69999694824219,2026-09-10,0.03599995930989586,0.0025806057837700624,0.17621418029396874,0.5866888377076374,,89.9,0.0883561338344514,1.0934700162046707,0.8834972015444098,False,False,False
2390,10.0,2026-09-10,-0.009901027494335302,-0.05660380753557448,-0.19678713628910072,0.01832997054680674,,17.6,-0.28464518274861805,0.5700560770646595,0.743494434335339,False,False,False
2392,43.400001525878906,2026-09-10,-0.04299883161749041,0.09045232054844221,0.13484507692164982,0.25262687704657494,,82.6,0.046987030462132484,0.7957773824515917,0.8756108546022894,False,False,False
2393,61.79999923706055,2026-09-10,-0.04334364246436062,-0.023696682750065312,-0.05953532723505284,0.06007862923753371,,44.2,-0.14739337369457017,0.4347714988433291,0.9035087406201113,False,False,False
2395,659.0,2026-09-10,-0.022255192878338326,-0.039358600583090375,0.42319846279018347,0.9512257535885913,,95.0,0.33534041633066614,0.8512006495897486,0.9268635724331927,False,False,False
2397,59.79999923706055,2026-09-10,-0.026058668551400488,-0.10344824628006943,0.0041249533286107365,0.13351311957252765,,64.1,-0.0837330931309066,0.5030366099475061,0.833866115330919,False,False,False
2399,45.34999847412109,2026-09-10,0.021396326927792364,0.005543237438099924,-0.048268687893088025,0.7342255883623572,,85.1,-0.13612673435260536,0.7187883463571616,0.8245454268022016,False,False,False
2401,24.899999618530277,2026-09-10,0.0020120417019322545,-0.10108307102126035,-0.12937065432127492,0.16901410847029408,,41.6,-0.21722870078079226,0.2599595930308125,0.7134670065864189,False,False,False
2402,54.20000076293945,2026-09-10,-0.05410119573118721,-0.04409171016509161,-0.15547615407677784,0.11819658459147653,,31.4,-0.24333420053629518,0.42950421277075895,0.7238775576332317,False,False,False
2404,1060.0,2026-09-10,0.024154589371980784,-0.06607929515418498,-0.1648425842260589,0.027282822784745697,,21.9,-0.25270063068557624,0.5140978516707775,0.7899322643854034,False,False,False
2405,14.75,2026-09-10,-0.01666666666666672,-0.07232702176860639,-0.20661729514726557,-0.004278003670391994,,14.7,-0.2944753416067829,0.5376983824913039,0.6836984912965399,False,False,False
2406,26.899999618530277,2026-09-10,-0.005545272560479764,-0.15007899075041364,-0.31025642003768517,-0.22366526886183302,,2.2,-0.3981144664972025,0.19549988788918343,0.6435406724763839,False,False,False
2408,515.0,2026-09-10,0.07853403141361248,0.06735751295336789,0.38143102839970955,1.1572242703325863,,95.6,0.2935729819401922,0.643562915758031,0.9484346224677717,False,False,False
2409,31.200000762939453,2026-09-10,0.17514130544260342,0.18857145763578864,0.350501053343508,0.8398129345332728,,94.0,0.26264300688399067,1.591997122251477,0.9705435755914887,True,False,False
2412,139.5,2026-09-10,0.010869565217391353,0.025735294117646967,-0.00068043963942932,0.06545103353949844,,57.1,-0.08853848609894666,0.6087561858001531,0.9890875792493393,True,False,False
2413,50.70000076293945,2026-09-10,0.21728688848756472,0.12099352405243513,-0.1620024273535724,0.08770837334958781,,27.6,-0.24986047381308973,4.941573713334967,0.8205672197413738,True,False,False
2414,52.59999847412109,2026-09-10,0.003816735542333971,-0.0037878932922233988,-0.09303797726460405,0.2730751773877311,,59.4,-0.1808960237241214,0.32914414227157063,0.8592271913316394,False,False,False
2415,27.799999237060547,2026-09-10,-0.0035842431124376573,0.004255156717056119,0.13272743310493862,0.14719658240210354,,78.8,0.04486938664542128,0.17444959472963684,0.7546983776000609,False,False,False
2417,38.45000076293945,2026-09-10,-0.07793764845415574,-0.14933628066516502,-0.14293227409264364,0.0981179625418449,,31.9,-0.23079032055216098,0.6900228705798139,0.6793277837870043,False,False,False
2419,26.850000381469727,2026-09-10,-0.016483475024421712,0.0761522869912099,-0.06770829539056078,-0.07731958661528926,,29.7,-0.15556634185007812,1.5072814953046716,0.7112582882508537,False,False,False
2420,54.29999923706055,2026-09-10,-0.0018382773164222765,0.00959262072926137,-0.024747285504330363,0.1266180411083968,,58.5,-0.1126053319638477,0.48474000257339184,0.8781754649538164,False,False,False
2421,165.0,2026-09-10,0.003039513677811634,0.09634551495016619,0.14583333333333326,0.2098381245844252,,82.0,0.05797528687381592,1.4558909362659287,0.9001961736767642,False,False,False
2423,73.0,2026-09-10,-0.0027321988603852265,-0.026666666666666616,0.006072549475038214,0.5931256336929731,,84.4,-0.08178549698447912,0.3867628405781322,0.8608490256237884,False,False,False
2424,8.010000228881836,2026-09-10,-0.0012469112607288446,-0.10801774641437556,-0.18098154932685506,-0.7449044482104119,,0.6,-0.2688395957863724,0.3271880451027624,0.12554859443052996,False,False,False
2425,37.29999923706055,2026-09-10,0.026134822635984545,-0.10978525349163137,0.04001960067298338,0.20414506432060064,,73.3,-0.047838445786533956,0.1444851794067163,0.7051039349935222,False,False,False
2426,96.0999984741211,2026-09-10,0.011578931306537754,0.3947749832491054,0.41323527167825147,2.113774916758992,,97.5,0.32537722521873413,1.7344913565610274,0.8939534741778706,False,False,False
2427,22.5,2026-09-10,0.027397278169906558,0.034482758620689724,0.024490012149908535,-0.04898779285707322,,51.0,-0.0633680343096088,0.2486251683812877,0.7946813754434449,False,False,False
2428,250.5,2026-09-10,0.024539877300613577,0.007880079668898476,-0.11853780338041264,0.6234524102779428,,77.8,-0.20639584983992998,0.7724414738714839,0.7467408714789717,False,False,False
2429,31.0,2026-09-10,-0.003215446310068537,-0.008000000000000007,-0.19896642406046816,-0.3528183922238155,,3.4,-0.2868244705199855,0.2937239251914753,0.2052980132450331,False,False,False
2430,17.950000762939453,2026-09-10,0.00842705237686725,0.04664729808767998,-0.021798343880919058,-0.1840256493003719,,28.1,-0.1096563903404364,0.3762897009784613,0.7547349120503665,False,False,False
2431,10.050000190734863,2026-09-10,0.0,-0.028985524606547353,-0.06944444321801146,-0.179591821164501,,21.1,-0.1573024896775288,0.3872708622975779,0.5694051222632113,False,False,False
2432,27.5,2026-09-10,0.02230484721109094,-0.03508771929824561,0.03733759763136324,0.044800508881107204,,62.2,-0.050520448828154096,0.4690738518599324,0.9090908517701423,False,False,False
2433,41.20000076293945,2026-09-10,-0.00842354947166668,-0.015531606568243372,-0.00471547581934062,-0.05205879897973076,,43.7,-0.09257352227885796,0.688967142061795,0.8911032764279675,False,False,False
2434,61.5,2026-09-10,-0.040561599625790645,0.14100182298644492,0.8923076923076922,1.0777026759263286,,97.3,0.8044496458481749,0.8810723080656506,0.6773127525661401,False,False,False
2436,68.19999694824219,2026-09-10,0.04761902529618989,0.008875717273141515,0.034202300160710575,0.19249857059347253,,71.8,-0.05365574629880676,1.9812332019587457,0.8710424766105708,False,False,False
2438,19.799999237060547,2026-09-10,-0.10204081985718672,0.053191491520313106,-0.1040724481768639,-0.0616114275311036,,24.3,-0.19193049463638123,1.9933955370249352,0.7021276135241025,False,False,False
2439,77.19999694824219,2026-09-10,-0.005154658940003776,0.0017451512850541473,-0.11981011312698175,0.011725052967107796,,28.0,-0.2076681595864991,1.0955454448020718,0.7189515660608946,False,False,False
2440,14.199999809265137,2026-09-10,0.003533582479351205,-0.09265174725935921,-0.18624646484696505,-0.03401360588350888,,15.3,-0.2741045113064824,0.7057199326609664,0.6926829175251287,False,False,False
2441,115.0,2026-09-10,0.013215859030837107,-0.059686731093117396,-0.044458995259658796,0.381842090643417,,73.7,-0.13231704171917613,0.40157373502798566,0.8138573801503478,False,False,False
2442,15.649999618530272,2026-09-10,-0.022022502605224314,-0.03699148561345078,-0.049120044797972384,-0.05388637767510007,,34.9,-0.13697809125748972,1.6546604675523215,0.7194968656038594,False,False,False
2444,11.199999809265137,2026-09-10,0.037037001061669184,-0.026086973107379396,-0.1351351371254812,-0.138461553133451,,15.3,-0.22299318358499853,1.6814894160960323,0.7466666539510091,False,False,False
2449,271.5,2026-09-10,0.04022988505747116,0.04826254826254828,0.014764683613189389,-0.04612118217125538,,49.3,-0.07309336284632795,0.6066561062467247,0.8083719103656555,False,False,False
2450,28.25,2026-09-10,0.0017730225428311819,0.0017730225428311819,-0.03137325173338845,0.013180321319755883,,45.5,-0.11923129819290579,0.7082497397492052,0.9455275540133481,False,False,False
2451,282.5,2026-09-10,-0.012237762237762184,-0.04074702886247883,-0.036680296670866364,0.30507394981061764,,70.4,-0.1245383431303837,0.44216371622075595,0.8096126104552689,False,False,False
2453,52.09999847412109,2026-09-10,0.005791491148245065,-0.011385242507250815,-0.028253757807918167,0.003781866341521667,,44.9,-0.1161118042674355,0.5476771536321213,0.8576915060375374,False,False,False
2454,4720.0,2026-09-10,0.0875576036866359,0.17559153175591535,0.13593335679649154,1.660056994184524,,95.6,0.04807531033697421,0.9198987156905156,0.9915966386554622,False,False,False
2455,532.0,2026-09-10,0.01333333333333342,0.38361508452535764,0.5216275290264516,1.4018515359796,,96.4,0.43376948256693426,0.7901292067861208,0.981549815498155,False,False,False
2457,22.350000381469727,2026-09-10,-0.008869129151105493,-0.04893615398001161,-0.25747507979339046,-0.19748653230394497,,4.2,-0.3453331262529078,0.28801910001160264,0.5797665583345397,False,False,False
2458,128.0,2026-09-10,-0.03759398496240607,-0.0958792195981244,-0.09896499118310709,-0.045632915223122295,,27.1,-0.18682303764262442,0.3231369975935175,0.698421330845797,False,False,False
2459,65.80000305175781,2026-09-10,-0.0075414777825827395,-0.006042204152926223,0.015816013086060066,0.0700962368934106,,61.1,-0.07204203337345727,0.5354813536271238,0.9777117394950724,False,False,False
2460,30.899999618530277,2026-09-10,0.09380529623116018,0.0032467657125589966,-0.020602207107718096,0.33766229905855427,,73.9,-0.10846025356723543,0.5211820278361982,0.7639060330214147,True,False,False
2461,17.799999237060547,2026-09-10,-0.02732240551067433,-0.011111153496636272,-0.06561680052817043,0.15584413493377247,,53.9,-0.15347484698768776,0.8943560399441386,0.8855720845393834,False,False,False
2462,19.399999618530277,2026-09-10,-0.01522848389800835,-0.01522848389800835,-0.21257132965388215,-0.12644634842220426,,9.2,-0.3004293761133995,0.5967760152112228,0.702606906227431,False,False,False
2464,193.5,2026-09-10,-0.1283783783783784,-0.012744726106139526,0.30198425756282266,1.8361939690137499,,96.4,0.21412621110330532,1.5415999071629622,0.8716216216216216,False,False,False
2465,91.6999969482422,2026-09-10,-0.04677754826147351,-0.039790607871809436,0.19869277056525747,0.6230087955441097,,90.9,0.11083472410574013,1.5507621806394098,0.8733333042689734,False,False,False
2466,101.5,2026-09-10,0.07180573675703816,0.07978723404255317,1.1618742992677489,1.240618139281589,,98.0,1.0740162528082315,0.41296426523229457,0.8319672131147541,False,False,False
2467,575.0,2026-09-10,-0.03361344537815125,0.04166666666666674,0.05155309127565211,0.5902940207321619,,86.5,-0.03630495518386523,0.741083050640247,0.8689480303441877,False,False,False
2468,32.54999923706055,2026-09-10,-0.007621951396801441,-0.03580013297770157,-0.14525652610879247,-0.14743140438328917,,13.3,-0.2331145725683098,0.336445915038763,0.5857682831473972,False,False,False
2471,49.5,2026-09-10,-0.010000000000000009,-0.011976017812276196,-0.0043868388542797065,0.0012700942647605462,,50.2,-0.09224488531379704,0.42745972205657307,0.9647273553192747,False,False,False
2472,217.0,2026-09-10,0.048309178743961345,-0.118819947282783,-0.40701210626129936,1.0782548595367425,,72.0,-0.4948701527208167,0.39108387360794916,0.4857662775270342,False,False,False
2474,204.0,2026-09-10,-0.01210653753026636,-0.004878048780487809,0.0280305474619702,0.12973405668027937,,67.7,-0.059827498997547135,0.5658575805166454,0.8220243992748123,False,False,False
2476,119.0,2026-09-10,-0.02857142857142858,-0.048204603478183006,-0.009513707165583973,0.5822052868300738,,83.6,-0.09737175362510131,0.4374876138588484,0.895807438451592,False,False,False
2477,22.0,2026-09-10,0.020881706676145306,0.009174347244904846,0.0,-0.03780071709871069,,46.7,-0.08785804645951734,0.48682316404771414,0.8739076094269563,True,False,False
2478,124.0,2026-09-10,0.08296943231441056,-0.035019455252918275,-0.2688893285258759,0.8686361264276539,,75.5,-0.3567473749853932,0.6857770627042095,0.5181218155594204,False,False,False
2480,156.5,2026-09-10,0.006430868167202508,0.016233766233766156,0.05582789826054335,0.15181216641400597,,71.9,-0.032030148198973984,0.3412789399665923,0.925332287501598,False,False,False
2481,154.5,2026-09-10,-0.009615384615384581,0.11151079136690645,0.06551724137931036,0.6596199054824365,,88.3,-0.02234080508020697,1.844572010821533,0.6791208791208792,False,False,False
2482,15.75,2026-09-10,-0.009433938498681349,-0.02476777882219383,-0.04567253240827629,-0.03403436260817427,,37.5,-0.13353057886779363,0.336385190670287,0.7385471358716884,False,False,False
2483,31.0,2026-09-10,-0.07462686567164178,-0.1495199080621349,-0.18635167345068704,0.4660160231489583,,60.1,-0.2742097199102044,0.25328448710552004,0.4434906913202705,False,False,False
2484,68.69999694824219,2026-09-10,-0.0199714915314263,-0.061780411726319984,0.03949677373923599,1.5774880840159615,,94.5,-0.048361272720281345,0.21762814673797726,0.7192367818971089,False,False,False
2485,39.84999847412109,2026-09-10,-0.020884576729353732,-0.09431821649724803,-0.38503091670703116,-0.34457238529321266,,0.5,-0.4728889631665485,0.37319348791539675,0.4889570364922833,False,False,False
2486,242.0,2026-09-10,-0.06743737957610785,0.05217391304347818,-0.03777335984095431,0.7505121665564207,,86.2,-0.12563140630047165,0.7524924207354011,0.7897261632065974,False,False,False
2488,48.150001525878906,2026-09-10,-0.00516528909335523,-0.04464285579127791,-0.04137001800948448,0.06916384331441083,,49.7,-0.1292280644690018,0.4649496093824811,0.928945590497288,False,False,False
2489,38.59999847412109,2026-09-10,-0.056234791343529045,0.16969692345821485,-0.04900008223587615,0.05343485860690067,,45.9,-0.1368581286953935,0.7751779904663657,0.701046891244443,False,False,False
2491,41.09999847412109,2026-09-10,-0.08666670057508696,0.19130430359771267,0.31309902479029206,1.6516128047820056,,96.1,0.22524097833077472,1.363603794529012,0.7287233574854164,False,False,False
2492,334.0,2026-09-10,0.23020257826887658,0.15972222222222232,-0.17903874314791224,1.6861852682859721,,93.4,-0.2668967896074296,1.6529724781161317,0.5442028254062808,True,False,False
2493,174.5,2026-09-10,-0.025139664804469275,-0.28189300411522633,-0.14432821610216262,0.728039577374924,,80.1,-0.23218626256167996,0.27255416607416333,0.5458368506046429,False,False,False
2495,36.95000076293945,2026-09-10,0.0013549928182383653,-0.07509386590007328,-0.249942426689856,0.2410492200088803,,25.6,-0.33780047314937334,0.2583904682898307,0.7012620256526019,False,False,False
2496,54.900001525878906,2026-09-10,0.0073394775390625,-0.008122301735332127,-0.08759484021552266,-0.10315297524110734,,23.3,-0.17545288667504,0.3746196742113089,0.8728130407433472,False,False,False
2497,43.0,2026-09-10,-0.036954120257366,-0.11885244524052796,-0.3005803867764292,0.04912945238367139,,9.1,-0.3884384332359465,0.4317802185368547,0.6690555674660297,False,False,False
2498,40.150001525878906,2026-09-10,-0.0348556971497056,-0.008641937632619556,-0.061563789002308744,-0.05058797688413974,,33.1,-0.14942183546182608,0.763511990716495,0.5839908843755885,False,False,False
2501,22.25,2026-09-10,-0.011111111111111072,-0.03887687401125817,-0.11519587505318862,0.026140464875952008,,30.4,-0.20305392151270596,0.5180093319976082,0.8684188584945888,False,False,False
2504,31.450000762939453,2026-09-10,-0.0015872773670014828,0.008012820316881442,-0.08308482970276876,-0.10251618766886139,,24.4,-0.1709428761622861,0.2913135520266994,0.8544769974303802,False,False,False
2505,17.399999618530273,2026-09-10,0.023529389325310124,0.014414800701747499,-0.020658092577575116,-0.004776903643066821,,45.8,-0.10851613903709245,0.7369077845860256,0.9205814068129158,False,False,False
2506,8.720000267028809,2026-09-10,0.021077319201383782,0.013953474446076086,-0.01661357851430678,-0.004540738012546397,,46.8,-0.10447162497382412,0.9355268373333713,0.8831004304055378,True,False,False
2509,14.649999618530272,2026-09-10,-0.02006690264630928,0.0811807684362662,0.061594160583134494,0.042704585028480846,,66.1,-0.026263885876382842,0.5720198534034869,0.8207282524060107,False,False,False
2511,8.4399995803833,2026-09-10,0.0119903388448237,0.01809404333178599,0.06855178925457195,0.06985800959078392,,69.2,-0.019306257204945387,0.5989754461103862,0.9450797494177068,False,False,False
2514,11.649999618530272,2026-09-10,-0.004273520645296958,-0.04508198355193205,-0.1557971407600468,-0.14963505250186027,,12.4,-0.24365518721956414,0.37253218901778407,0.7589576110104832,False,False,False
2515,12.0,2026-09-10,0.004184116446269481,0.004184116446269481,-0.019361797472596365,-0.21731675921713467,,25.8,-0.1072198439321137,0.4033987434960496,0.6885902161826126,False,False,False
2516,14.699999809265137,2026-09-10,0.053763441595309214,0.053763441595309214,0.08888887476038043,0.05755397213596858,,70.6,0.0010308283008630958,0.9479714520514423,0.9274447605976679,True,True,False
2520,36.75,2026-09-10,-0.004065081834040196,0.042553191489361764,0.10128547046847358,0.15750722541486106,,77.0,0.013427424008956246,0.84825110865381,0.9721308075953774,False,False,False
2524,35.0,2026-09-10,0.02941176470588225,0.010100965619285418,-0.04891302376027773,-0.13473425612225898,,27.9,-0.13677107021979507,0.5413246825300899,0.6782945937014616,False,False,False
2527,44.34999847412109,2026-09-10,0.02662031691833211,-0.009693618882905986,0.2575533769374245,0.5773435660467705,,91.5,0.1696953304779072,0.478831864341727,0.9089247131173845,True,False,False
2528,20.149999618530277,2026-09-10,0.0176767876240429,-0.021844696825551457,0.029888939235361178,-0.0877968119870185,,48.0,-0.05796910722415616,0.4291319350383473,0.7668208185797576,False,False,False
2530,19.549999237060547,2026-09-10,0.0,0.007731939251534481,-0.022500038146972656,-0.24662818257096475,,22.5,-0.11035808460648999,0.8732545797840878,0.633331537319479,False,False,False
2534,16.799999237060547,2026-09-10,-0.02040818596238081,-0.01176475076114425,-0.0161290250515167,-0.09629634949623456,,37.0,-0.10398707151103403,0.3619826654628905,0.809734459173168,False,False,False
2535,90.0999984741211,2026-09-10,0.016930022864934058,0.01463958758656303,-0.013143532722079132,0.3349412345326219,,74.6,-0.10100157918159647,0.514839767416679,0.9317476868416686,False,False,False
2536,19.149999618530277,2026-09-10,0.018617042323053612,-0.09882354736328103,-0.03853846113331438,-0.06619113025666035,,35.7,-0.12639650759283172,0.49824310250514775,0.741795477655773,False,False,False
2537,11.399999618530272,2026-09-10,-0.021459228170476075,0.03167415581484545,0.0,0.12871279088717924,,63.2,-0.08785804645951734,0.5907182950527405,0.9193548362287348,False,False,False
2538,8.800000190734863,2026-09-10,-0.010123751306206574,-0.036144569503793744,-0.08285565963200592,-0.08737357942828816,,26.1,-0.17071370609152325,1.005074386532537,0.8020050410673156,False,False,False
2539,35.349998474121094,2026-09-10,0.007122507432139047,0.0416639032965076,0.1316013712872266,-0.08528889712775967,,67.2,0.04374332482770926,0.5882253545263659,0.8711534231173466,False,False,False
2540,49.45000076293945,2026-09-10,0.048780470045121094,0.11123597220088666,0.047499749903072264,0.1862710691347922,,73.2,-0.04035829655644507,0.4180996120494198,0.910122734727982,False,False,False
2542,46.5,2026-09-10,-0.044193246833409305,0.03794644624755117,0.034482741062342726,0.273972602739726,,76.2,-0.05337530539717461,0.9356853112232514,0.9528688673561732,False,False,False
2543,39.09999847412109,2026-09-10,0.019556715250095946,-0.04634150063119302,-0.14187344441051897,-0.46108274635946167,,3.5,-0.2297314908700363,0.5496532707467523,0.512796254814236,False,False,False
2545,34.400001525878906,2026-09-10,-0.007215006897280607,-0.015736744636748567,-0.035647372243852504,-0.005994836940347081,,42.4,-0.12350541870336984,0.5894551595583603,0.8252119089983678,False,False,False
2546,103.5,2026-09-10,-0.032710280373831724,0.03915664242597594,0.2635995781652649,0.464386651257773,,90.6,0.17574153170574758,0.42857320322417436,0.8884120171673819,False,False,False
2547,9.979999542236328,2026-09-10,-0.0010010239350302097,-0.011881270762480689,-0.03106802355075533,-0.03106802355075533,,41.4,-0.11892607001027267,0.4326879155477286,0.927167707082429,False,False,False
2548,94.4000015258789,2026-09-10,0.009625684768758358,0.008547041290593693,-0.06490561161061459,-0.08973885786520275,,28.6,-0.15276365807013192,0.368513423456093,0.8033743783816845,False,False,False
2596,35.25,2026-09-10,-0.0221913801384529,0.0964229650697146,0.20287242087652846,0.11591772503677689,,82.5,0.11501437441701112,2.526698520731347,0.9379359569745653,False,False,False
2597,172.0,2026-09-10,0.023809523809523725,0.029940119760478945,-0.046886113624256986,0.06180230335209003,,47.4,-0.13474416008377432,0.7829425828382665,0.8900402153620599,False,False,False
2603,231.0,2026-09-10,-0.03347280334728031,0.07692307692307687,0.09242698387339088,0.17765177318519876,,77.1,0.004568937413873542,0.653878279340093,0.9184890656063618,False,False,False
2605,36.25,2026-09-10,0.021126760563380254,0.11367130106493928,0.18684571999807154,0.05645984250357783,,79.8,0.0989876735385542,1.244617552186325,0.8651517128241695,False,False,False
2606,78.4000015258789,2026-09-10,0.0025576033943977006,0.16320474407966357,0.1977846675608439,0.3612097069086986,,87.6,0.10992662110132656,0.8530874039326952,0.9836888899354976,False,False,False
2607,53.0,2026-09-10,-0.007490665064589064,0.04950495049504955,0.12792478505417026,0.02025922496577448,,72.7,0.04006673859465293,0.6096757741939935,0.8016322481873942,False,False,False
2608,28.700000762939453,2026-09-10,0.008787345985792117,0.0034965167879690284,0.005253926883279636,-0.03776003130927241,,48.2,-0.0826041195762377,1.0580653503490594,0.8761520006130183,False,False,False
2609,58.0,2026-09-10,0.003460220857774976,0.12185684998242063,0.15289389458847746,-0.027187695706442194,,73.0,0.06503584812896013,0.6454011826759062,0.8992248062015504,False,False,False
2610,20.200000762939453,2026-09-10,-0.017031556550615057,-0.0024690981264468004,0.029372734528016364,0.11106905358072261,,66.5,-0.05848531193150097,0.29493772662189643,0.8677357082067686,False,False,False
2611,13.899999618530272,2026-09-10,-0.0446735782600538,0.0,0.007246335247339086,-0.04168559434148178,,48.2,-0.08061171121217825,0.6906464919293019,0.8081394768586501,False,False,False
2612,64.30000305175781,2026-09-10,0.015797848763824174,0.1690909645774148,0.16064984261275628,0.11229340558813306,,79.9,0.07279179615323894,0.9266788696537263,0.8960969698103827,False,False,False
2613,22.200000762939453,2026-09-10,-0.013333299424913236,0.08557456893456172,0.002257388048320541,-0.1087080126648805,,40.4,-0.0856006584111968,0.46076837609965055,0.8318725002787395,False,False,False
2614,18.0,2026-09-10,-0.008264441966000624,0.0027854726983509437,-0.06493506493506496,-0.14081148713645886,,24.1,-0.1527931113945823,1.1766953043774449,0.7610993780269077,False,False,False
2615,110.5,2026-09-10,-0.04329004329004327,0.26865673864312933,0.348872209581115,0.4331767143377776,,91.8,0.26101416312159764,0.9672938107388315,0.8735177865612648,False,False,False
2616,13.300000190734863,2026-09-10,-0.011152388152968262,-0.007462644077774749,-0.018050512792817996,-0.25274729101984705,,22.6,-0.10590855925233533,0.5443507157878431,0.56903768746315,False,False,False
2617,33.45000076293945,2026-09-10,0.03560376325208736,0.1534483021703259,0.17368423729612115,0.07513062541419124,,79.3,0.08582619083660381,2.0589675215210583,1.0,True,True,False
2618,41.79999923706055,2026-09-10,-0.023364486397796425,-0.008303731343959009,0.13357372525161026,0.3017597890500827,,83.9,0.04571567879209293,0.2757228255406817,0.9414413919039412,False,False,False
2630,47.79999923706055,2026-09-10,-0.0353178612905225,-0.002087730388992348,0.2272143337810093,-0.014043088983863083,,80.1,0.13935628732149197,0.10348421578128268,0.7240621243314096,False,False,False
2633,26.0,2026-09-10,-0.007633616683796363,0.007751967785028402,0.06804782639559348,0.04545451407969181,,67.5,-0.019810220063923856,0.4916260311521949,0.947101636465783,False,False,False
2634,63.79999923706055,2026-09-10,-0.00931680550624292,0.03403563125046949,0.3713978924892358,0.2804240083362981,,91.0,0.2835398460297185,0.2647725666234093,0.8703955877329334,False,False,False
2636,70.9000015258789,2026-09-10,0.020143906847178483,0.04881661429358064,0.07407172825826525,0.1019294248555207,,71.2,-0.01378631820125209,0.6842312777713594,0.950402184665919,False,False,False
2637,100.5,2026-09-10,0.007013997262897531,0.14204545454545459,0.28025477707006363,0.5179852533644564,,91.4,0.1923967306105463,0.7988179975049318,0.9852941176470589,False,False,False
2640,155.0,2026-09-10,-0.009584664536741228,0.04026845637583887,0.03558455831004692,0.15268247342967545,,70.1,-0.052273488149470415,0.36893030622431167,0.8364337046697551,False,False,False
2641,17.850000381469727,2026-09-10,-0.01381215440503214,0.020000021798270096,-0.024447549001007762,-0.02703527401440231,,42.6,-0.1123055954605251,0.6983843079768459,0.8115214644904442,False,False,False
2642,20.200000762939453,2026-09-10,-0.007370988487393815,-0.009803865653465804,-0.06481479600950879,-0.13954722188279156,,24.4,-0.15267284246902613,0.5695353179960206,0.6538353260873593,False,False,False
2643,62.900001525878906,2026-09-10,0.004792381135310109,0.0031898047927563233,0.015424685679968464,-0.05842433387330637,,48.1,-0.07243336077954887,0.42955694291253776,0.8869915005374497,False,False,False
2644,77.19999694824219,2026-09-10,0.017127739080743387,-0.04926108559523279,-0.013236251947805533,-0.13617020150449477,,34.2,-0.10109429840732287,1.4316120258262144,0.6842141350025519,False,False,False
2645,172.5,2026-09-10,0.005830903790087438,-0.052197802197802234,0.05807935595169633,0.10451536859679256,,70.0,-0.029778690507821004,0.20025598983846296,0.6858846918489065,False,False,False
2646,20.299999237060547,2026-09-10,-0.0193237444993265,-0.012165450573309089,-0.0145631620802803,-0.07305937942190277,,40.6,-0.10242120853979764,0.8472934950135224,0.799212580391179,False,False,False
2718,40.59999847412109,2026-09-10,-0.021686783756118433,-0.02855433664686502,-0.07621397093823223,-0.09325101545564574,,27.0,-0.16407201739774957,0.3494419633940769,0.7388777784249592,False,False,False
2724,10.699999809265137,2026-09-09,0.02884617324411609,-0.018348606996749783,-0.1541501871991119,-0.43386243252754086,,3.8,-0.24200823365862922,0.1236912059892584,0.48636362769386987,False,False,False
2762,80.69999694824219,2026-09-10,-0.013447506876248072,-0.03468901410059977,-0.042162382820642774,0.12536315602279635,,55.6,-0.1300204292801601,0.6773021815937142,0.9375940141537339,False,False,False
2801,26.850000381469727,2026-09-10,0.009398496105818,0.13291137203067271,0.2587125701519748,0.3809176968272252,,89.5,0.17085452369245746,0.959787703458737,0.9853211149163202,False,False,False
2812,19.100000381469727,2026-09-10,-0.017994877518803354,0.02412872772889152,0.06660670006902025,-0.007215750984168823,,62.7,-0.021251346390497083,0.9245077939008524,0.899979508951802,False,False,False
2816,39.04999923706055,2026-09-10,-0.012642225275480423,0.14516131919173159,0.23082730497796944,0.33978577767854135,,88.4,0.1429692585184521,0.9504437335539767,0.9762499809265137,False,False,False
2820,17.049999237060547,2026-09-10,0.0,0.052469039141382234,0.014727730752081225,0.056510751599047504,,59.3,-0.07313031570743611,0.9462029654947498,0.9884057528730752,False,False,False
2832,57.20000076293945,2026-09-10,-0.013793090294147325,-0.0222222091805222,0.11284044873306787,0.2662164923729615,,81.7,0.02498240227355053,0.8505784838695141,0.9300813132185277,False,False,False
2834,17.899999618530273,2026-09-10,0.0467835800709957,0.08484846172910743,0.12698687659471752,0.2954733722542251,,83.3,0.03912883013520019,1.106294296341559,0.9972144210426768,False,False,False
2836,12.199999809265137,2026-09-10,-0.004081648223254186,0.025210100869895502,0.032836486793832,0.032836486793832,,60.6,-0.05502155966568534,0.48673539512757147,0.97324972560222,False,False,False
2838,20.899999618530277,2026-09-10,0.012106537753911795,0.05025125724469004,0.040685295815441336,0.1233203173454358,,69.1,-0.047172750644076,0.8062858706741171,0.9163929992433099,False,False,False
2845,13.449999809265137,2026-09-10,-0.01465200108823661,0.08014654033432,0.09265794999696308,0.14112264351390125,,75.3,0.004799903537445749,0.8568317668304822,0.9781818043101917,False,False,False
2849,15.600000381469728,2026-09-10,0.07216496061652866,0.07958481573593024,0.13422168686862257,0.24328147605694217,,82.2,0.04636364040910523,1.8043716309364959,0.9629629411597104,False,False,False
2850,157.5,2026-09-10,-0.009433962264150941,-0.0031645569620253333,0.11539608646601907,0.4156950946031659,,85.3,0.02753804000650173,0.6006460090854628,0.9347181008902077,False,False,False
2851,45.650001525878906,2026-09-10,-0.03488367310350471,0.24386922552811985,0.3061516603537704,0.6819249283238322,,93.1,0.21829361389425306,0.8482719495576516,0.9651163268964953,False,False,False
2852,27.899999618530277,2026-09-10,-0.012389394034326484,0.037174721716766834,0.07106073683905323,0.1259348097651498,,72.2,-0.016797309620464107,0.5825643128944791,0.9284525899129248,False,False,False
2855,51.70000076293945,2026-09-10,0.021739176323907428,0.08842106869346211,0.06706039097073768,0.7784340782992343,,89.7,-0.020797655488779654,0.9199885503462917,0.9117860305086167,False,False,False
2867,9.699999809265137,2026-09-09,0.0,0.023206780343041133,0.18437122176399012,0.2170639980696769,,84.1,0.09651317530447279,0.0,0.9797979982856982,False,False,False
2880,44.79999923706055,2026-09-10,0.031070159963554556,0.08154355413339553,0.29785240838764415,0.3802860884361816,,90.5,0.20999436192812682,0.4547861910305598,0.9922480115838369,False,False,False
2881,148.5,2026-09-10,0.010204081632652962,0.1692913385826771,0.25851574971922253,0.717437545634426,,92.7,0.1706577032597052,0.6736726206688797,0.9867109634551495,False,False,False
2882,110.5,2026-09-10,-0.01777777777777778,0.10832500884994478,0.13877049838333955,0.5785714285714285,,88.8,0.05091245192382221,0.7208569820899469,0.9608695652173913,False,False,False
2883,37.20000076293945,2026-09-10,0.03621167637342371,0.19230768760515637,0.4024928234069114,0.9249214551481828,,94.9,0.31463477694739406,0.8047989927546466,0.9973190757059925,False,False,False
2884,44.95000076293945,2026-09-10,0.04050925854384002,0.2231292724609375,0.36401997520463114,0.41767287515062224,,92.0,0.2761619287451138,1.2160177070583045,0.9868276951883477,False,False,False
2885,69.69999694824219,2026-09-10,0.017518203623973605,0.056676310369384364,0.16781670847552266,0.6864064082468113,,91.0,0.07995866201600532,0.6296470552188349,0.9872521027573562,False,False,False
2886,49.900001525878906,2026-09-10,-0.00992063462028403,0.0628328160809759,0.19262571588618171,0.33401953334659784,,87.1,0.10476766942666438,0.6188542174801842,0.9747637922219563,False,False,False
2887,42.150001525878906,2026-09-10,0.016887834741979635,0.18232818293939057,0.45135563360047026,0.7781314217035651,,94.5,0.3634975871409529,0.834816499088777,0.9848131373184977,False,False,False
2889,16.549999237060547,2026-09-10,0.006078934315090212,0.13438330984460856,0.1495084166350431,0.04185057016237281,,76.1,0.06165037017552577,1.5448200497037232,0.9796947116149998,False,False,False
2890,42.900001525878906,2026-09-10,0.007042325410881567,0.07653709331352965,0.31794956834899124,0.41090835275437554,,91.3,0.2300915218894739,0.6043676197009189,0.9873417899331853,False,False,False
2891,67.30000305175781,2026-09-10,-0.0029629177517360716,0.010510579484603433,0.032493209195861406,0.360556348981786,,79.4,-0.05536483726365593,0.6621797139331904,0.9640406020383641,False,False,False
2892,38.0,2026-09-10,0.031207641071858694,0.14630462295257796,0.27316303076407134,0.3680434506598289,,89.8,0.185304984304554,0.7424689849659651,1.0,True,True,False
2897,10.800000190734863,2026-09-10,-0.009174259751845049,0.06930690919075722,0.0821643974058528,0.1385496975227145,,74.4,-0.00569364905366454,0.8664585845465823,0.9863014044618198,False,False,False
2904,12.649999618530272,2026-09-10,-0.011718794528860044,-0.026923106266902197,-0.06032860374225457,-0.2336397853022073,,18.9,-0.1481866502017719,0.7912867723057709,0.7512061672763385,False,False,False
2916,40.09999847412109,2026-09-10,0.002499961853027255,-0.021951256728753976,-0.047505939964092914,-0.10807544146005166,,30.6,-0.13536398642361025,0.3850652582912199,0.8678425720434125,False,False,False
2923,27.299999237060547,2026-09-10,0.15433402441454658,0.006715911810014186,0.1673620268964331,0.48286527740898255,,88.5,0.07950398043691576,0.8125462240372414,0.6690977471235653,False,False,False
2924,17.0,2026-09-10,0.0089020543106475,0.036585389964996606,-0.05292483134044634,-0.10052908237455438,,30.3,-0.14078287779996368,1.9752238229168904,0.5923344790273399,False,False,False
2937,43.5,2026-09-10,-0.01360540804719479,0.04021743443602821,-0.00829014759984903,0.09909113830936467,,59.0,-0.09614819405936637,0.8275996128473136,0.9579580164856029,False,False,False
2938,23.049999237060547,2026-09-10,0.004357231842997411,-0.09607846129174324,0.004357231842997411,0.002173879872197748,,52.4,-0.08350081461651992,0.9774326980917947,0.7103235345185424,False,False,False
2941,31.700000762939453,2026-09-10,-0.0031446061798816594,0.0,-0.012460988479613744,-0.12906065389688848,,34.8,-0.10031903493913108,2.201128480772207,0.48315794994113703,False,False,False
2942,36.84999847412109,2026-09-10,-0.046571875309049826,-0.004054095294024673,0.05757183190924309,0.11847140483742025,,70.6,-0.03028621455027425,0.12233775741225277,0.9534281246909502,False,False,False
2947,61.79999923706055,2026-09-10,0.004878036374968309,-0.004830905707438271,-0.1942633416431071,-0.19766312219679805,,7.7,-0.28212138810262444,0.6744467610899417,0.6874672720492395,False,False,False
2948,38.29999923706055,2026-09-10,0.040760870410273764,0.0013071695963542407,0.10417362953441467,0.07985895740811855,,73.6,0.016315583074897333,0.5863763918132667,0.9871134018084615,False,False,False
2949,63.900001525878906,2026-09-09,0.04582656500300497,0.02733120164127656,0.01812451045575636,0.0673885902539042,,61.4,-0.06973353600376098,0.0705084221614465,0.7897147108214144,True,False,False
3002,17.0,2026-09-10,0.002949807363423096,-0.011627950817908794,-0.09090504809089872,-0.14688384993901393,,20.5,-0.17876309455041606,0.1828543314635844,0.5920771801837501,False,False,False
3003,58.70000076293945,2026-09-10,-0.10244649245594051,-0.15781917743082696,-0.0656742325634827,0.15928972258899265,,54.4,-0.15353227902300004,1.1758630860552308,0.814147045842292,False,False,False
3004,121.5,2026-09-10,-0.012195121951219523,-0.0357142857142857,-0.0898876404494382,0.15118491045258176,,48.0,-0.17774568690895554,0.6299640816944817,0.7617554858934169,False,False,False
3005,115.0,2026-09-10,0.017699115044247815,0.004366812227074135,0.09004739336492884,-0.10665615038005372,,58.2,0.0021893469054115045,0.41383542150791963,0.7430872673797503,False,False,False
3006,312.0,2026-09-10,0.12635379061371843,0.13868613138686126,0.4445699636003868,0.9172581278838949,,95.1,0.35671191714086947,1.6750777241812862,1.0,True,True,False
3008,6720.0,2026-09-10,-0.06013986013986017,0.4790359854737538,0.6869104227811158,1.9422711283809115,,97.7,0.5990523763215985,0.7138692195777984,0.8604353393085787,False,False,False
3010,124.5,2026-09-10,-0.02352941176470591,-0.060377358490566024,-0.01720753345196613,-0.002087618838885641,,47.0,-0.10506557991148346,0.5400488315551868,0.9135817038939599,False,False,False
3011,9.989999771118164,2026-09-10,-0.01089114912840794,-0.11592923871725236,-0.3110344985435749,-0.19435483238327356,,2.6,-0.39889254500309224,0.9266675984713987,0.6383386590814721,False,False,False
3013,87.4000015258789,2026-09-10,0.016279087510219892,0.04839675925434439,-0.15104296085259028,-0.0036802026925011333,,21.6,-0.23890100731210762,0.6394875230929616,0.651877760994814,False,False,False
3014,131.5,2026-09-10,0.00766283524904221,-0.025925925925925908,-0.0901291178649225,0.16008534410230513,,48.9,-0.17798716432443984,0.3818062656895694,0.8261735487268342,False,False,False
3015,52.0,2026-09-10,-0.003831432184220329,-0.06642730183589662,-0.11105592680334864,0.05801775040461066,,34.0,-0.19891397326286597,0.16830956192666024,0.6951871374125297,False,False,False
3016,110.0,2026-09-10,0.11902336302148253,0.05769230769230771,-0.031227009739723255,0.8499182909729248,,88.3,-0.11908505619924059,0.8074518326363337,0.7241975441841813,True,False,False
3017,3460.0,2026-09-10,0.048484848484848575,0.19605703976524058,0.44720409493273916,0.8562804329726537,,95.0,0.3593460484732218,0.7805417941169148,0.969187675070028,False,False,False
3018,11.0,2026-09-10,-0.05579396049905394,-0.11646584991801079,-0.07563022246898421,-0.13385825470839152,,22.8,-0.16348826892850155,0.4597627081710609,0.6376811594202898,False,False,False
3019,139.0,2026-09-10,-0.027972027972028024,0.01090909090909098,-0.01583819715076662,0.10575703507941192,,58.3,-0.10369624361028396,0.9133574805860463,0.8574582931132749,False,False,False
3021,23.649999618530277,2026-09-10,0.07013571087357007,0.12351546202871977,-0.20903010300129288,0.4997279497315694,,59.0,-0.2968881494608102,2.585272402866407,0.5912499904632569,False,False,False
3022,84.4000015258789,2026-09-10,-0.03211004037104759,-0.169892468115738,0.00546894441946999,0.4451542098687027,,80.9,-0.08238910204004735,1.1104706510263664,0.7750118835402546,False,False,False
3023,328.0,2026-09-10,0.009230769230769154,0.03961965134706813,0.07850109085318957,0.40518400910370733,,83.5,-0.009356955606327766,0.6524627298121756,0.9647058823529412,False,False,False
3024,14.550000190734863,2026-09-10,-0.006825899685957815,0.0898876235936874,0.19449466051578312,0.44504721120449076,,88.6,0.10663661405626579,0.635356316031447,0.8321199417458592,False,False,False
3025,50.29999923706055,2026-09-10,-0.03269232236422026,-0.06030436352928403,-0.25062248063848225,-0.13505287516347508,,5.9,-0.3384805270979996,0.6975278205326297,0.6761515147133162,False,False,False
3026,803.0,2026-09-10,0.2586206896551724,0.17226277372262766,0.05784928334558326,6.660633579342695,,98.9,-0.030008763113934078,1.2694359633463463,0.7990049751243781,True,False,False
3027,17.899999618530273,2026-09-10,-0.0027855789573232315,-0.027173913606849398,-0.14761906578427264,-0.17889907133116667,,11.6,-0.23547711224378998,0.396632976182917,0.6269702310637688,False,False,False
3028,62.29999923706055,2026-09-10,-0.026562511920928955,-0.10616926879748256,-0.1351786904804142,0.30506223541169875,,55.0,-0.22303673693993153,0.37554170500045353,0.749699162226362,False,False,False
3029,113.0,2026-09-10,0.03669724770642202,0.041474654377880116,0.09178743961352653,0.02618568185154868,,69.4,0.0039293931540091975,0.9461559867987706,0.9332633660032371,False,False,False
3030,266.5,2026-09-10,-0.09199318568994885,-0.1333333333333333,-0.17364341085271318,-0.020131318331380155,,18.3,-0.2615014573122305,0.7602339658785071,0.6493527680993341,False,False,False
3031,24.100000381469727,2026-09-10,-0.01026694029090236,0.034334814189037166,-0.10513035777672075,0.20753491005326197,,50.8,-0.1929884042362381,0.3593609005109672,0.7262710348511021,False,False,False
3032,77.5999984741211,2026-09-10,-0.015228483898008571,-0.04785277945863686,-0.055961054074217476,0.25363483943822507,,64.1,-0.1438191005337348,0.41711959195241877,0.7645320046711438,False,False,False
3033,42.04999923706055,2026-09-10,-0.04756516911075137,-0.1640159070603222,-0.11674223089842695,0.4434788359095505,,69.5,-0.20460027735794428,0.56952843557751,0.7879421738778003,False,False,False
3034,545.0,2026-09-10,0.034155597722960174,0.014897579143389184,0.16510177488797062,0.46123802696667937,,88.4,0.07724372842845328,0.5155028231079317,0.9784560143626571,False,False,False
3035,179.0,2026-09-10,-0.005555555555555536,0.0,-0.018427231942376165,0.17660845882312115,,63.8,-0.1062852784018935,0.32697938368233503,0.7682403433476395,False,False,False
3036,192.5,2026-09-10,0.01049868766404205,-0.11494252873563215,-0.15754923413566735,-0.14474140923290524,,12.4,-0.24540728059518468,0.5933091050115176,0.656691121431598,False,False,False
3037,994.0,2026-09-10,0.07692307692307687,-0.006000000000000005,0.10425206003538467,1.0750736836284323,,93.0,0.01639401357586734,0.9005284533348952,0.8423728813559322,False,False,False
3038,20.100000381469727,2026-09-10,0.002493822758694142,-0.019512176513671875,-0.10864740303690512,-0.07098178397037713,,22.7,-0.19650544949642246,1.1761231576932543,0.7976190386085196,False,False,False
3040,34.5,2026-09-10,-0.032258105937081116,-0.08488065512415521,-0.09090910918527817,-0.22297299967678175,,15.6,-0.1787671556447955,1.2609446613762965,0.46433376289321415,False,False,False
3041,22.950000762939453,2026-09-10,0.0,-0.02132196092676486,-0.06517305596106682,-0.04374996821085608,,33.0,-0.15303110242058415,0.2617366001060286,0.7205651644604602,False,False,False
3042,180.5,2026-09-10,0.03735632183908044,-0.0055096418732781816,-0.17982334226941288,0.9992362533418142,,85.2,-0.2676813887289302,0.586403122109485,0.7248995983935743,False,False,False
3043,20.450000762939453,2026-09-10,-0.01918463363126699,-0.0072815347452712675,-0.10893245825233677,-0.039906033078262015,,25.7,-0.1967905047118541,0.4585040116537009,0.8212851837845335,False,False,False
3044,503.0,2026-09-10,0.031794871794871726,0.036045314109165894,0.0400570436977441,0.4398561463304351,,82.4,-0.04780100276177324,0.6680486820475423,0.9021088224637482,False,False,False
3045,120.0,2026-09-10,0.016949152542372836,0.09589041095890405,0.048192221887826125,0.18168839180391805,,73.0,-0.03966582457169121,0.4065442860794939,1.0,True,True,False
3046,53.0,2026-09-10,-0.036363636363636376,-0.14927767818539928,-0.01060068255691371,0.1839323496055485,,65.7,-0.09845872901643105,0.5070126456393412,0.8507223218146007,False,False,False
3047,13.649999618530272,2026-09-10,0.018656716949027707,-0.04878053967464513,-0.1360759839398834,-0.1442006406419407,,14.8,-0.22393403039940074,0.37705521189015184,0.6393442330042062,False,False,False
3048,51.400001525878906,2026-09-10,-0.01908396890992703,-0.1390284611556155,-0.2848195159711516,0.39968310752,,33.3,-0.37267756243066896,0.29389024597847774,0.6942576979576022,False,False,False
3049,12.300000190734863,2026-09-10,-0.03906249941792339,0.14418606425440594,-0.11191336808976915,-0.0538461391742413,,23.6,-0.19977141454928649,0.8112866078474092,0.6833333439297147,False,False,False
3050,11.199999809265137,2026-09-10,-0.008849591131132817,-0.008849591131132817,-0.11600096047162467,-0.11600096047162467,,19.3,-0.203859006931142,0.47482788382388236,0.7482213573711142,False,False,False
3051,21.100000381469727,2026-09-10,-0.029885039932426416,-0.09247310187226987,-0.19450379947431662,-0.0005880394102947273,,16.7,-0.28236184593383395,0.47761321678990737,0.7008863149579619,False,False,False
3052,10.449999809265137,2026-09-10,-0.009478708972683103,0.01790896504469397,0.022621552288594193,-0.013900632860586737,,54.7,-0.06523649417092314,0.5395141985362487,0.9015765549692023,False,False,False
3055,160.0,2026-09-10,0.22137404580152675,0.36752136752136755,1.0088601842691496,1.725092114626713,,98.1,0.9210021378096322,2.523225997725664,0.8290155440414507,True,False,False
3056,13.949999809265137,2026-09-10,-0.0035714421953473297,-0.010638338166410466,-0.032947957312723486,-0.04249126320207608,,40.0,-0.12080600377224082,0.46447122422199527,0.6849003699809124,False,False,False
3057,16.899999618530273,2026-09-10,-0.005882375380572125,0.036809841076896,-0.105820107955935,0.10457512469603181,,40.1,-0.19367815441545233,0.3526358767485905,0.7071129660365046,False,False,False
3058,8.079999923706055,2026-09-10,0.001239185781908958,-0.027677555270358645,-0.12364428528266458,-0.1264864947344806,,17.8,-0.21150233174218191,0.710915179523657,0.6595918305066167,False,False,False
3059,37.79999923706055,2026-09-10,0.009273481064771216,-0.04885864012044472,-0.15637901634509632,0.034841712931831026,,23.5,-0.24423706280461366,0.30229920148736156,0.6320287217505787,False,False,False
3060,26.5,2026-09-10,0.031128374058812636,-0.08304497059548166,-0.14449838285345606,-0.04140734567467241,,20.4,-0.2323564293129734,0.2245975819484673,0.6398289372442618,False,False,False
3062,20.25,2026-09-10,-0.007352922614470292,-0.04929574059484565,-0.2089843867870511,-0.13461537050777628,,9.1,-0.29684243324656845,0.4282622478352124,0.6211656732461226,False,False,False
3066,23.899999618530277,2026-09-10,-0.034343449756352395,0.006315773411801118,0.19499998092651394,0.4753085489480975,,89.0,0.1071419344669966,0.5781588812014355,0.7913906958525527,False,False,False
3067,16.5,2026-09-09,-0.09836061814774555,-0.08077998335984493,-0.15384615384615385,-0.07303366813375356,,17.3,-0.2417042003056712,1.8178626289225368,0.7746479150708665,False,False,False
3071,23.25,2026-09-10,-0.045174552946078084,-0.07554670566000232,-0.28758314708145516,-0.07274930905169097,,5.7,-0.3754411935409725,1.0136005640748582,0.6927425480581527,False,False,False
3073,22.399999618530277,2026-09-10,-0.008849591131132706,-0.03239740874119357,0.10344829854160187,-0.2533333460489907,,45.8,0.015590252082084533,0.5953082535717242,0.5155350799817773,False,False,False
3078,43.54999923706055,2026-09-10,-0.05326088615085767,-0.12939588932034685,-0.13418820116456098,-0.20561038222912986,,11.7,-0.22204624762407832,0.7669729329190267,0.5637603827599224,False,False,False
3081,2830.0,2026-09-10,-0.09294871794871795,0.038532110091743066,0.4206586157596348,1.165517791521872,,95.8,0.3328005693001175,1.3735050524270678,0.8016997167138811,False,False,False
3085,11.600000381469728,2026-09-10,0.06912442153282261,-0.04132231274684206,-0.07199996948242171,-0.03333330154418934,,32.6,-0.15985801594193905,1.89921881424225,0.6783625802745579,False,False,False
3088,126.0,2026-09-10,0.050000000000000044,-0.09999999999999998,-0.08826928151626534,0.5831778761370743,,78.8,-0.17612732797578268,0.6089178677201899,0.8181818181818182,False,False,False
3090,171.0,2026-09-10,0.05230769230769239,0.0029325513196480912,-0.3217283813728441,0.9293059062898732,,73.4,-0.40958642783236143,0.9407733546815074,0.5029411764705882,False,False,False
3092,23.299999237060547,2026-09-10,-0.008510670763380968,-0.02713993758550215,-0.1909722272812585,-0.2684458725904303,,5.6,-0.27883027374077585,0.29099805785991384,0.6164021086597363,False,False,False
3093,44.59999847412109,2026-09-10,-0.021929825295224914,-0.0888662353629992,-0.2500908072412579,0.22749355287826178,,24.0,-0.3379488537007752,0.18449811554464973,0.5991338208550405,False,False,False
3094,41.900001525878906,2026-09-10,-0.009456210836788603,0.14168939114002788,0.31184004291014333,0.8140068249239782,,93.6,0.223981996450626,2.5491474657232223,0.9010753016318044,False,False,False
3095,35.150001525878906,2026-09-10,0.0,-0.07499995984529195,-0.11572323205336088,0.09843754768371582,,36.6,-0.20358127851287822,0.7573486595287844,0.736125686405841,False,False,False
3097,25.149999618530277,2026-09-10,0.0019920014462415647,-0.01757815454038736,0.005241252768430016,0.12899673326822092,,63.7,-0.08261679369108732,0.7212546385330046,0.8270972348868073,False,False,False
3105,461.5,2026-09-10,0.03359462486002229,0.15375000000000005,-0.0861386138613861,0.5120362022439129,,76.0,-0.17399666032090344,0.9286525701014278,0.7511168334271913,False,False,False
3114,30.299999237060547,2026-09-10,-0.009803958845400862,-0.10380467883157163,-0.20763216483721914,0.2495030791356947,,33.8,-0.29549021129673647,0.19667486964965564,0.5630343375281466,False,False,False
3115,8.729999542236328,2026-09-09,0.013937269494084026,-0.014672699715393867,-0.039604026876619125,-0.13564364232568882,,29.3,-0.12746207333613646,0.4586983814400483,0.639560423898115,False,False,False
3117,28.5,2026-09-10,-0.017241379310344862,0.02517988425000639,-0.06557377049180324,3.5746388302962586,,97.9,-0.15343181695132058,1.4349643449861196,0.5588235294117647,False,False,False
3122,24.25,2026-09-10,-0.03578527364537876,-0.07088123963335935,-0.17935700080876749,-0.03960396039603964,,16.1,-0.2672150472682848,0.29466438253990407,0.6032338193972417,False,False,False
3128,19.899999618530277,2026-09-10,-0.007481278016859494,-0.027554482903378585,-0.09511392633855653,-0.17342129505950876,,18.5,-0.18297197279807387,0.35188239603107807,0.576940827534616,False,False,False
3130,209.0,2026-09-10,-0.0023866348448687846,0.009661835748792313,-0.00045930481946032664,0.004022901680476476,,51.4,-0.08831735127897766,0.34651271590594074,0.9766355140186916,False,False,False
3131,2460.0,2026-09-10,0.04016913319238902,-0.03718199608610573,-0.2243726628497109,0.2913795440192781,,34.7,-0.31223070930922825,1.2301620757432203,0.6415560096690303,False,False,False
3135,167.0,2026-09-10,-0.03188405797101446,0.07733567585131773,-0.07377113484894104,0.5990947069358441,,80.7,-0.16162918130845838,0.37033167937935657,0.6844493857910727,False,False,False
3138,90.1999969482422,2026-09-10,-0.030107559696320396,-0.07581968895051794,-0.3572253642619795,-0.5048897952394316,,0.3,-0.4450834107214968,0.355246110834381,0.4211282254116981,False,False,False
3141,92.0999984741211,2026-09-10,-0.07900001525878908,0.2279999796549479,0.2881118667709244,1.0241757906400242,,94.4,0.20025382031140704,2.790565639095708,0.8985365704792302,False,False,False
3147,223.5,2026-09-10,0.03953488372093017,0.0029599971733902386,-0.3189961051474429,0.2442124732519262,,16.4,-0.40685415160696026,0.44944843834821,0.6576551724137931,False,False,False
3149,61.400001525878906,2026-09-10,0.031932798754267244,-0.10102490801720865,-0.26024094547133847,0.32327585143793525,,31.0,-0.3480989919308558,0.3622975915220652,0.5875598232141522,False,False,False
3150,16.200000762939453,2026-09-10,-0.018181771943063474,-0.0949720051295958,-0.09201422593355013,0.03167429498532748,,34.9,-0.17987227239306747,0.5350359903991388,0.732375345009364,False,False,False
3152,226.0,2026-09-10,-0.027956989247311825,-0.0195227765726681,-0.39088117476149953,-0.02804871694552724,,2.7,-0.47873922122101686,0.42886390874456587,0.6050123697362445,False,False,False
3158,84.0,2026-09-10,0.0047847073346865,0.0011918769046774802,0.0,0.0075220665587589775,,52.0,-0.08785804645951734,0.7613458783384436,0.7104424191510695,False,False,False
3162,70.80000305175781,2026-09-10,-0.009790167108282288,0.06948650023522052,-0.14322982087859237,0.31993198861887495,,54.9,-0.2310878673381097,1.1706781098295675,0.7459886391434027,False,False,False
3163,707.0,2026-09-10,-0.018055555555555602,-0.01532033426183843,-0.031360018437084136,-0.009476320401029303,,42.9,-0.11921806489660147,0.7771773968781367,0.6432667310332051,False,False,False
3167,848.0,2026-09-10,0.16164383561643825,0.26190476190476186,0.05721878350265852,1.4003332982332446,,94.0,-0.030639262956858815,2.194715365550122,0.8960235017956738,False,False,False
3168,42.45000076293945,2026-09-10,0.0,-0.0011764526367187278,-0.07955846318866777,0.09938528153240367,,44.0,-0.1674165096481851,0.6087979928731981,0.8683244611349958,False,False,False
3169,101.5,2026-09-10,-0.033333333333333326,0.0,-0.024128592718694164,0.062240494271531555,,52.6,-0.1119866391782115,1.0908314754741089,0.8489287639325648,False,False,False
3171,60.0,2026-09-10,-0.043062212601046146,-0.07264292380109427,-0.11234326537610273,0.24066316300860247,,52.8,-0.20020131183562007,1.6689592429867592,0.8093998540175434,False,False,False
3178,60.29999923706055,2026-09-10,-0.008223684313720003,0.025510204412631632,-0.06511629089828608,0.09239127542811865,,46.7,-0.1529743373578034,0.979330301890663,0.8115746535710802,False,False,False
3188,23.899999618530277,2026-09-10,-0.018480523855839426,0.014862012433483951,-0.02448981148856011,-0.21873074764585465,,24.7,-0.11234785794807745,0.7758963067981767,0.7643830388660678,False,False,False
3189,827.0,2026-09-10,0.06709677419354843,-0.036130536130536184,0.35805860585577465,1.8664904829481745,,96.6,0.2702005593962573,0.8712419629810603,0.9048140043763676,False,False,False
3191,16.600000381469727,2026-09-10,-0.04871062145022764,-0.10991953238560448,-0.1487179291553986,0.15277783480691487,,35.5,-0.23657597561491595,0.85175150267899,0.6275992401757847,False,False,False
3206,35.20000076293945,2026-09-10,0.03681885042443134,0.010043107722895961,-0.039019030663493104,0.0638935510251517,,49.6,-0.12687707712301044,0.9120945526358417,0.8751790791709904,False,False,False
3207,38.400001525878906,2026-09-10,-0.04477609957460438,-0.10697670870049059,-0.4344624350082906,-0.4522110932704929,,0.2,-0.522320481467808,0.34442397396530466,0.45933017017656846,False,False,False
3209,46.29999923706055,2026-09-10,-0.014893633254030925,-0.0871165853661473,-0.1721400034131335,0.3492684017896617,,51.7,-0.25999804987265085,0.5665674439761333,0.6224205014659406,False,False,False
3211,374.0,2026-09-10,-0.002666666666666706,-0.09223300970873782,-0.07939243003721497,0.2784517413163683,,62.3,-0.1672504764967323,0.5101846734732057,0.8174863387978142,False,False,False
3213,122.5,2026-09-10,-0.03543307086614178,-0.08582089552238803,-0.061450612102509794,0.27440284788754243,,64.9,-0.14930865856202713,0.9871528289263325,0.8596491228070176,False,False,False
3217,127.5,2026-09-10,-0.04850746268656714,-0.1385135135135135,-0.20412847684932467,-0.14906816801235478,,8.9,-0.291986523308842,0.6767017761392877,0.6536143115176384,False,False,False
3219,88.30000305175781,2026-09-10,-0.024309358544112536,0.19972832720649403,0.20527110809801785,0.35979301961689214,,88.0,0.11741306163850052,1.6716839379623658,0.8233267438215057,False,False,False
3221,47.45000076293945,2026-09-10,-0.012486961158124643,-0.03163263749103162,-0.21057444238443757,0.6613694658340097,,71.0,-0.2984324888439549,0.42212701585384255,0.7191750083661755,False,False,False
3224,33.400001525878906,2026-09-10,-0.024817473696966186,-0.07988974578877905,-0.10335566373479443,-0.21133405597904042,,14.6,-0.19121371019431177,1.187941171102164,0.6361905052548363,False,False,False
3226,55.79999923706055,2026-09-10,0.06285712832496282,0.08349513081670956,0.14579052079859856,0.08771929955018543,,77.7,0.05793247433908122,1.6486694035898866,0.9620689523631129,True,True,False
3227,183.5,2026-09-10,-0.04177545691906004,-0.10049019607843135,-0.1102662345248211,-0.029381379395842844,,26.5,-0.19812428098433843,0.30796218465359193,0.7492494487879128,False,False,False
3228,169.5,2026-09-10,-0.00877192982456143,0.16095890410958913,0.05607476635514019,0.29389312977099236,,78.6,-0.03178328010437714,0.7543129479526759,0.658252427184466,False,False,False
3229,61.400001525878906,2026-09-10,0.26337455665916676,0.09838997942520233,0.4688995848459414,2.248677394981533,,97.6,0.3810415383864241,2.757323789625746,0.9935275450466062,False,False,False
3230,42.25,2026-09-10,-0.010538659365318392,0.03174601252357179,0.4670139277514862,0.07369762740362318,,90.8,0.37915588129196887,0.16123773769428407,0.642097234657671,False,False,False
3231,185.0,2026-09-10,-0.018567639257294433,-0.043927648578811374,0.22938545328883642,0.4474274060387393,,89.7,0.14152740682931908,1.3405520806083293,0.9343434343434344,False,False,False
3232,19.5,2026-09-10,-0.0051020601797675535,0.005154658940003554,-0.1396740770461572,-0.13220920892686727,,15.1,-0.22753212350567453,0.23657333129762315,0.7394668131189984,False,False,False
3234,195.0,2026-09-10,0.0025706940874035134,0.46616541353383467,0.7488789237668161,1.2674418604651163,,96.9,0.6610208773072987,1.2272848303611414,0.9241706161137441,False,False,False
3236,45.0,2026-09-10,0.0714285714285714,0.0070449299963222245,-0.27977167566426997,0.6827517263337362,,62.5,-0.3676297221237873,0.42797790191233825,0.6235401898538133,False,False,False
3257,46.70000076293945,2026-09-10,-0.05941592491999892,-0.10192306225116432,-0.15398550511808662,-0.12415313727689814,,13.8,-0.24184355157760395,0.26892598899694115,0.6275224689912133,False,False,False
3259,11.100000381469728,2026-09-10,-0.18978098277323052,-0.21276595169051282,-0.3392856615741212,-0.3412462830756601,,1.0,-0.42714370803363855,0.7982270580033766,0.46540881358198555,False,False,False
3260,407.0,2026-09-10,0.030379746835442978,-0.006105006105006083,0.0036991368680641123,0.2069442633211307,,69.7,-0.08415890959145322,0.7067029086185898,0.8011811023622047,False,False,False
3264,240.0,2026-09-10,0.06194690265486735,0.10854503464203225,0.07591419057886939,0.610332079595574,,87.8,-0.011943855880647947,1.2063451496353708,0.933852140077821,True,False,False
3265,171.0,2026-09-10,-0.011560693641618491,-0.02285714285714291,-0.023452158579436944,0.3143012017657938,,72.2,-0.11131020503895428,0.6693083682761067,0.8883116883116883,False,False,False
3266,14.050000190734863,2026-09-10,0.025547473455658443,0.0071684862248750925,0.10396256244425861,0.07943004308197299,,73.5,0.016104515984741274,0.6465922757560719,0.992932902438778,False,False,False
3268,17.799999237060547,2026-09-10,0.020057218270409738,-0.09873421584503561,-0.10552765938318276,0.12302831600373754,,41.8,-0.1933857058427001,0.3312898031543557,0.7494736520867599,False,False,False
3272,14.300000190734863,2026-09-10,0.007042280479784058,0.02877702037281682,-0.13855422517353133,-0.17101448169652966,,12.8,-0.22641227163304867,1.3772439601369917,0.5766129286554684,False,False,False
3276,14.350000381469728,2026-09-10,0.02135232645282792,-0.04966887291740585,-0.04609169372469646,0.03254594987737769,,44.1,-0.1339497401842138,0.2695489906571054,0.7841530590016959,False,False,False
3284,19.899999618530277,2026-09-10,-0.033980618930916084,-0.061320806491750646,0.035760756683959505,0.02268298294017379,,60.2,-0.05209728977555783,0.20260572014160436,0.6563734907757696,False,False,False
3285,40.70000076293945,2026-09-10,-0.007317054562452352,0.07105265165630148,-0.004416609310123998,0.4261991412670565,,78.9,-0.09227465576964133,0.13179987472548105,0.8050225569060968,False,False,False
3287,35.70000076293945,2026-09-10,-0.024590102423583393,0.04733435912001682,0.08244909903293074,0.28027590963864935,,80.5,-0.005408947426586597,0.7292911819032821,0.9296874829257534,False,False,False
3288,20.350000381469727,2026-09-10,-0.02398081490897097,-0.06651371129985117,-0.09151782464159952,0.32573289092786717,,64.2,-0.17937587110111686,0.2558761150622202,0.6945392802512336,False,False,False
3289,138.0,2026-09-10,0.0,-0.017793594306049876,-0.1275858167177104,0.13574605713322696,,38.4,-0.21544386317722775,0.2486598870924347,0.6610454217435743,False,False,False
3290,46.34999847412109,2026-09-10,-0.004296471884369657,-0.17232145581926628,-0.22867966401939488,0.01847464520453168,,13.2,-0.3165377104789122,0.535655884711985,0.6642225123937918,False,False,False
3294,29.350000381469727,2026-09-10,-0.006768150956159347,-0.07704399101794723,-0.18131097264462914,-0.21628839029251745,,8.0,-0.2691690191041465,0.2819902694192548,0.561185483931554,False,False,False
3296,23.649999618530277,2026-09-10,0.0,0.012847932854794575,-0.061507980058821854,0.07256237808754795,,45.3,-0.1493660265183392,0.12879110709844446,0.7703582746186826,False,False,False
3297,26.899999618530277,2026-09-10,0.0,-0.05114641070295034,-0.12944983978579916,-0.30848332742006235,,8.7,-0.2173078862453165,0.2509463930537902,0.399109777589571,False,False,False
3303,49.0,2026-09-10,-0.04483429378686932,-0.08239702996537479,-0.12367303902656834,0.09471170899221026,,34.8,-0.21153108548608568,0.4747628551327413,0.781499193042479,False,False,False
3305,101.5,2026-09-10,-0.06451612903225812,-0.125,-0.2838951156033023,-0.009788011637689609,,8.1,-0.3717531620628196,0.7000583229212334,0.6177740773538233,False,False,False
3306,44.75,2026-09-10,0.003363263027148955,-0.0011160544176792575,-0.006207947256846369,-0.005146194426451478,,49.1,-0.0940659937163637,0.35673345871160295,0.6767318730638546,False,False,False
3308,21.549999237060547,2026-09-10,-0.009195437376526616,0.10512816600310493,0.04106272670496236,-0.06709961553301769,,52.7,-0.046795319754554976,0.2858353827704206,0.8178367713503065,False,False,False
3310,67.5,2026-09-10,-0.023154826475434986,-0.023154826475434986,0.0014836568524809746,-0.04395055068671316,,46.3,-0.08637438960703636,1.0803878263866047,0.8079597094093477,False,False,False
3311,31.850000381469727,2026-09-10,0.0031496183140071743,-0.004687488079071045,-0.13820826754943705,0.01602134873696537,,25.4,-0.22606631400895438,0.30840269915952545,0.783541932835615,False,False,False
3312,48.5,2026-09-10,-0.043672207066514535,-0.03812295594251092,-0.13814483306534486,0.500122001581065,,70.1,-0.2260028795248622,0.3456314667007334,0.6793585872230411,False,False,False
3313,10.800000190734863,2026-09-10,-0.0046083123481044375,0.028571446736653572,-0.08860760818006286,-0.19402981356805293,,18.2,-0.1764656546395802,1.0987996194654337,0.5496183409871562,False,False,False
3317,56.0,2026-09-10,-0.08196721311475408,-0.19148841487258284,-0.2820087936910173,0.20072579795569956,,18.6,-0.3698668401505346,0.24502085844304836,0.5349204611723044,False,False,False
3321,17.100000381469727,2026-09-10,-0.04999997880723739,-0.09283819440769436,-0.16381419347136505,0.08917201205177072,,27.5,-0.2516722399308824,0.39254914077480213,0.636871513539014,False,False,False
3322,11.199999809265137,2026-09-10,0.004484322192421342,-0.013215909001156212,-0.27035833674730103,-0.20284699948610196,,3.6,-0.35821638320681837,0.3141347884410825,0.6222222116258409,False,False,False
3323,27.049999237060547,2026-09-10,-0.05253940595742157,-0.16512351965616867,-0.20558003397489333,-0.2238163437181402,,6.0,-0.29343808043441066,0.3813776298570346,0.47960990257506936,False,False,False
3324,1440.0,2026-09-10,0.06666666666666665,0.37142857142857144,0.3805797918307081,0.38715403697609907,,92.1,0.2927217453711908,0.6700530796652343,0.9696969696969697,False,False,False
3325,11.25,2026-09-10,0.008968644384842461,-0.05462181843418834,-0.10358567099422022,-0.19928826709776815,,15.4,-0.19144371745373756,0.39458087728000124,0.5555555555555556,False,False,False
3332,62.5,2026-09-10,0.024590163934426146,0.0,0.0003005053153786186,0.14193601087961683,,64.2,-0.08755754114413872,0.5587106312562732,0.8115645571767143,False,False,False
3338,67.0999984741211,2026-09-10,0.06339144368823568,0.046801873188985876,-0.07845070788533848,0.16134020635573032,,51.6,-0.1663087543448558,1.5117854225786311,0.7698625213453608,False,False,False
3339,43.650001525878906,2026-09-10,0.03681717596048384,0.12210796436190319,0.03681717596048384,0.3923445293378507,,81.2,-0.0510408704990335,0.7586542544633026,0.6113445461210246,False,False,False
3346,20.350000381469727,2026-09-10,0.08244687272931661,-0.045927594749215706,-0.13284513548912502,0.04947975839243579,,28.9,-0.22070318194864236,0.46995448116963756,0.6984591918064473,False,False,False
3349,20.5,2026-09-10,-0.0888888888888889,-0.11637933940297684,0.11716618930980482,-0.2545454545454545,,48.8,0.02930814285028749,1.4244232268705725,0.640625,False,False,False
3354,30.450000762939453,2026-09-10,0.2608696167255915,0.47101447539345287,0.10727275501598021,0.0,,69.7,0.01941470855646288,5.1593971302809924,0.860169476000706,True,True,False
3356,68.3017807006836,2026-09-09,-0.06012660985366447,0.01365190804810612,0.08196728047772872,0.3571587693439766,,82.5,-0.005890765981788615,0.856779226775077,0.9068702699910148,False,False,False
3357,207.0,2026-09-10,0.019704433497536922,-0.10195227765726678,-0.2813550874900038,0.38528274327391077,,32.6,-0.36921313394952116,0.4171654186479571,0.6050659803459459,False,False,False
3360,14.649999618530272,2026-09-10,-0.010135173666990571,-0.16045851128877098,-0.023333358764648593,-0.06687899385293128,,39.0,-0.11119140522416593,0.07889153005565008,0.6411378281818643,False,False,False
3362,182.5,2026-09-10,-0.07828282828282829,0.019553072625698276,0.1370716510903427,0.8641470598114129,,91.9,0.04921360463082536,0.7094082734232264,0.8649289099526066,False,False,False
3363,714.0,2026-09-10,-0.07751937984496127,0.1333333333333333,-0.031207598371777445,0.22051282051282062,,65.4,-0.11906564483129478,1.4015796523283701,0.7212121212121212,False,False,False
3372,14.399999618530272,2026-09-10,-0.013698682035193421,-0.10559010699751714,-0.2690355806675798,-0.3142857324509395,,2.1,-0.35689362712709716,0.3289968139442188,0.5614035022490725,False,False,False
3373,16.0,2026-09-10,-0.02439022120941492,-0.02444388726049551,-0.050343648116464634,-0.058673874448899044,,34.6,-0.13820169457598197,0.5591413404004008,0.7795000763367785,False,False,False
3374,488.0,2026-09-10,0.21999999999999997,0.47878787878787876,1.1118161745566226,1.8775038814706475,,98.3,1.0239581280971053,0.2393473529546154,1.0,True,True,False
3376,189.5,2026-09-10,-0.07107843137254899,-0.01302083333333337,-0.03397766859302176,-0.026696069642983766,,41.3,-0.1218357150525391,1.8707392584024145,0.7392652392582747,False,False,False
3379,26.899999618530277,2026-09-10,-0.056140364262095566,-0.08967850040438363,-0.22819872373269645,-0.3074803442292381,,3.3,-0.3160567701922138,0.3413915028750169,0.45052813005046766,False,False,False
3380,30.649999618530277,2026-09-10,0.056896538570009536,0.07922535317683366,-0.08191763450586198,-0.1330642733567935,,22.1,-0.16977568096537932,1.3056139366545991,0.7490491817033438,True,False,False
3388,83.0999984741211,2026-09-10,-0.0556818355213512,0.09920635120868893,-0.07981877670729187,0.37513512790130066,,69.8,-0.1676768231668092,0.532595365904349,0.7125700600779908,False,False,False
3390,21.799999237060547,2026-09-10,0.0,-0.028953296382596583,-0.23772673996651184,0.008788333390556513,,12.0,-0.32558478642602917,0.2575948282510741,0.7342766081424266,False,False,False
3402,124.5,2026-09-10,0.03750000000000009,-0.0311284046692607,-0.10404794321764688,-0.008297357939354266,,28.8,-0.1919059896771642,0.3032225879956574,0.8222345076336948,False,False,False
3406,1070.0,2026-09-10,0.07971745711402622,0.8512110726643598,0.6163141993957704,1.6096393571618313,,97.3,0.528456152936253,1.234962071577099,0.963963963963964,False,False,False
3413,283.5,2026-09-10,0.012499999999999956,-0.0658978583196046,-0.07804878048780484,-0.04001706318877429,,31.1,-0.16590682694732217,0.25540796359742035,0.7421465968586387,False,False,False
3416,161.0,2026-09-10,-0.024242424242424288,-0.09860464051386386,0.0019986230146482598,0.19008714879540745,,68.4,-0.08585942344486908,0.6823779614306389,0.8623042319472017,False,False,False
3419,11.300000190734863,2026-09-10,-0.034188002141121165,-0.0661157161581587,-0.21799305606291686,-0.28025475617736473,,4.1,-0.3058511025224342,0.8538381617775868,0.6295264462643064,False,False,False
3430,103.5,2026-09-10,-0.018957345971563955,-0.08407079646017701,-0.1582750123690454,0.4257791365082728,,61.8,-0.24613305882856273,0.37011679722510793,0.5710886184826587,False,False,False
3432,14.350000381469728,2026-09-10,-0.013745691178237318,-0.10312497615814198,-0.23262033176441155,-0.1355421655599256,,7.2,-0.3204783782239289,0.9053196358231389,0.6349557583740411,False,False,False
3434,29.049999237060547,2026-09-10,-0.015254263150489944,0.007196125738902603,-0.0027760817889650458,0.056499463862054844,,56.3,-0.09063412824848238,0.23801177468728862,0.8393301787888701,False,False,False
3437,19.700000762939453,2026-09-10,0.11931820090644574,0.1005587252943736,-0.06855786674910513,0.11614737613121173,,48.8,-0.15641591320862247,1.3325831916479722,0.6588629101764449,True,False,False
3438,61.900001525878906,2026-09-10,-0.06212118900183472,0.03859065621883362,-0.0793936678959789,0.2986787209737949,,63.9,-0.16725171435549624,0.35223758203028777,0.8005778550154444,False,False,False
3441,151.0,2026-09-10,0.16153846153846163,0.7316514367497797,1.157142857142857,3.712378526062655,,98.7,1.0692848106833397,1.29831132639503,1.0,True,True,False
3443,6225.0,2026-09-10,0.07327586206896552,0.2134502923976609,0.4212328767123288,1.730724863641003,,96.5,0.33337483025281145,0.7827645401601147,1.0,True,True,False
3444,81.4000015258789,2026-09-10,0.004938290442949356,0.0449293957823258,-0.10289920681379672,0.38210059643002126,,67.0,-0.19075725327331405,0.8152848578808624,0.7092822829223178,False,False,False
3447,27.049999237060547,2026-09-10,-0.042477903112901005,-0.019927577420558396,-0.29324022822446305,-0.33066192588833665,,1.6,-0.3810982746839804,0.3955562700699537,0.39729993852520096,False,False,False
3450,523.0,2026-09-10,-0.05595667870036103,0.03155818540433919,0.13676602100080082,0.9091044389052323,,92.3,0.04890797454128348,0.24986639072572292,0.8095975232198143,False,False,False
3455,229.0,2026-09-10,-0.04184100418410042,0.045579633589428514,0.07462352269862271,0.9183362546236011,,91.3,-0.013234523760894623,0.6577322684209446,0.7487699318242528,False,False,False
3465,29.200000762939453,2026-09-10,0.003436439180715789,-0.020134177499404382,-0.09034261211942451,-0.36728061110538934,,9.3,-0.17820065857894185,0.2965762220596032,0.5551331104563757,False,False,False
3466,24.950000762939453,2026-09-10,0.010121457177244553,-0.02348330692905809,-0.18330601027733162,-0.30404457950116737,,5.3,-0.27116405673684896,0.6256507029541639,0.5086646513969375,False,False,False
3467,53.29999923706055,2026-09-10,0.02895752938403162,0.16885967150436132,-0.17423777772445637,0.41094798145607325,,56.9,-0.2620958241839737,0.8839193889020543,0.6936402109593791,True,False,False
3479,133.0,2026-09-10,0.0901639344262295,-0.053380782918149516,0.032584939329346696,0.5242374780054344,,84.2,-0.05527310713017064,0.42583526130419325,0.8498402555910544,True,False,False
3481,49.34999847412109,2026-09-10,0.025987526811929618,-0.02083339325334488,0.016477842422907063,0.532313260364264,,83.6,-0.07138020403661027,0.5661043711912699,0.6960507392388144,False,False,False
3483,76.80000305175781,2026-09-10,-0.017902735947815773,0.022636546100896826,-0.12251406385318409,-0.022751020053916826,,24.6,-0.21037211031270142,1.1707348242064992,0.6921122689482384,False,False,False
3484,44.70000076293945,2026-09-10,-0.04690833030624775,-0.06737850283117208,0.027412605365398912,0.004361636931674351,,56.7,-0.060445441094118424,0.359508825602974,0.8530694474292826,False,False,False
3485,199.5,2026-09-10,-0.050000000000000044,-0.08064516129032262,-0.3535189873417721,0.13493333333333335,,8.6,-0.44137703380128945,0.3691446528948196,0.5285588615782665,False,False,False
3489,22.200000762939453,2026-09-10,-0.024175790640024064,-0.14942527055666888,0.11146980670354356,0.1732180919532027,,78.3,0.023611760244026225,0.4571543292035814,0.8457143147786458,False,False,False
3490,40.84999847412109,2026-09-10,-0.09121250765803657,0.21940293952600265,0.28916152533901984,0.697791469013977,,92.9,0.2013034788795025,0.9985058884484167,0.7481684911306888,False,False,False
3491,1355.0,2026-09-10,-0.03558718861209964,0.026515151515151603,-0.19400891500423723,0.008981441553729042,,17.4,-0.28186696146375456,0.8541720006514555,0.6191477437019638,False,False,False
3492,19.299999237060547,2026-09-10,0.0025973629641842244,-0.06919259196093952,-0.10404667321005379,-0.2325229641841552,,13.1,-0.19190471966957112,0.3528979420641681,0.7161317289258744,False,False,False
3494,7.090000152587891,2026-09-10,0.0014124617216946245,-0.00281293678634964,-0.12577059769041476,-0.1539379408396454,,15.5,-0.2136286441499321,0.7959216187510126,0.5474903673369413,False,False,False
3498,191.0,2026-09-10,-0.00520833333333337,0.4580152671755726,0.578512396694215,1.5986394557823131,,96.9,0.4906543502346976,0.9808308844684155,0.9182692307692307,False,False,False
3499,13.449999809265137,2026-09-10,0.08467743734167299,0.03461536994347214,-0.07876716042173315,-0.2379603342798754,,16.3,-0.1666252068812505,4.404917813299765,0.6299765606064708,False,False,False
3501,39.04999923706055,2026-09-10,-0.02130331469453839,-0.026184520623814156,-0.025877511892333338,-0.1778406106487661,,28.0,-0.11373555835185067,0.42647504335900477,0.7087581040827357,False,False,False
3504,83.9000015258789,2026-09-10,-0.04441915023146259,0.10249675700598493,0.12315937019396639,0.4719298513312089,,87.0,0.03530132373444905,0.8054107984266718,0.8897136671334919,False,False,False
3508,20.899999618530277,2026-09-10,0.01703164936563728,0.18749995258721563,0.12064343410304645,-0.4735516570054895,,27.9,0.03278538764352912,0.5855339782715028,0.39961758935782604,False,False,False
3511,19.149999618530277,2026-09-10,-0.025445293114840117,-0.06356973574128688,-0.19027484450672694,-0.012886598191538479,,16.5,-0.2781328909662443,0.183731474300922,0.6802841874969129,False,False,False
3512,19.200000762939453,2026-09-10,-0.022900705563702273,-0.027848062635977056,0.007633681008609727,0.012501356612792058,,54.4,-0.08022436545090761,0.6825351024088625,0.9112512392827837,False,False,False
3515,221.5,2026-09-10,0.006818181818181834,-0.013363028953229383,-0.07028852313998613,0.11476195906638198,,48.4,-0.15814656959950346,0.8007886053663632,0.6886752154187997,False,False,False
3516,25.700000762939453,2026-09-10,-0.017208369489686293,-0.0019417179440989196,0.05036246472112693,0.3176302920168781,,79.0,-0.037495581738390404,0.8106925117958391,0.8836667593997872,False,False,False
3518,29.5,2026-09-10,-0.07378337059100804,0.042402854957253044,0.06884056493730739,0.45320202505936735,,84.3,-0.019017481522209945,0.8414061110310936,0.7583547260370828,False,False,False
3520,17.450000762939453,2026-09-10,0.008670608814685288,-0.030555513170030357,0.023460501101340014,0.2118056406393487,,71.6,-0.06439754535817732,0.17921395465798162,0.8835443424273141,False,False,False
3521,12.050000190734863,2026-09-10,0.0,-0.01632651504205196,-0.04743078623627017,-0.1484098575554259,,27.2,-0.1352888326957875,1.098904043591764,0.7172619486882322,False,False,False
3523,14.600000381469728,2026-09-10,-0.03311258194493727,-0.06410256253505209,-0.08176096026728774,0.0735294097022614,,41.6,-0.16961900672680508,0.24238341769472083,0.627957005654612,False,False,False
3526,273.0,2026-09-10,-0.025000000000000022,-0.05372616984402079,-0.15479876160990713,0.009544993643554989,,21.9,-0.24265680806942447,0.4650005335981375,0.6911392405063291,False,False,False
3527,49.400001525878906,2026-09-10,-0.03515623457497008,-0.053639831343613054,-0.15220163567904876,-0.06914554972783293,,17.8,-0.2400596821385661,0.3827859776432122,0.7043248552725184,False,False,False
3528,84.0999984741211,2026-09-10,0.020631030543224904,-0.04238525855234454,-0.28439333338959594,0.3726323887377738,,31.1,-0.3722513798491133,0.2800581882626595,0.6108213772395961,False,False,False
3529,2730.0,2026-09-10,0.1716738197424892,0.026315789473684292,-0.1107542065709084,0.11245726342246387,,39.7,-0.19861225303042573,1.7647646414030407,0.5840105307072859,False,False,False
3530,56.59999847412109,2026-09-10,-0.020761259148426414,0.0,-0.0917146397185038,-0.026837135260282086,,30.0,-0.17957268617802113,0.3648956809170919,0.7243288192688693,False,False,False
3531,21.350000381469727,2026-09-10,0.002347471652589528,-0.01612904927024139,-0.05530973357969071,0.04119915926803186,,43.1,-0.14316778003920805,0.7773690150257248,0.9065817865450845,False,False,False
3532,410.0,2026-09-10,0.07611548556430447,0.3141025641025641,0.2584461128748665,2.2609735409743705,,97.1,0.17058806641534918,1.0592057744582255,0.7839388145315488,False,False,False
3533,1575.0,2026-09-10,-0.05688622754491013,-0.21641791044776115,-0.284406808162856,-0.11195075423341738,,5.0,-0.37226485462237335,0.5335335073386506,0.5624311476936242,False,False,False
3535,85.5,2026-09-10,0.0,-0.07567567567567568,-0.3187250996015937,-0.3104838709677419,,1.4,-0.406583146061111,1.0774757470511251,0.5757575757575758,False,False,False
3537,53.09999847412109,2026-09-10,0.013358719997297541,-0.05347593728338329,-0.26906698203554713,0.2761786607548624,,25.2,-0.35692502849506447,0.23369904499093638,0.6167247318834883,False,False,False
3540,22.299999237060547,2026-09-10,-0.03879316794319254,0.0619047255743117,-0.1109393732604319,-0.25224705681078674,,11.6,-0.19879741971994924,0.3960173540911792,0.5731507545029476,False,False,False
3541,22.0,2026-09-10,0.020881706676145306,-0.013452881045931897,0.0068649709799311065,-0.05781586121690474,,46.0,-0.08099307547958623,1.1312187399934153,0.8208955457572238,False,False,False
3543,42.150001525878906,2026-09-10,-0.061247213954213064,0.061712864379251275,0.3639939625320976,-0.1067399143973603,,84.7,0.27613591607258026,0.5413484801822164,0.7733945234106221,False,False,False
3545,49.59999847412109,2026-09-10,-0.015873075943202974,-0.023622062617355555,-0.06456127264666955,0.1564254142570285,,54.2,-0.1524193191061869,0.5380285658852795,0.7192603131648501,False,False,False
3548,81.5,2026-09-10,0.006172839506172867,0.04755779952580075,-0.09741346299759257,-0.03968994974232898,,27.8,-0.1852715094571099,1.12200006296859,0.7119540105016597,False,False,False
3550,22.450000762939453,2026-09-10,-0.02178649165046731,-0.04468081859832118,-0.22719444569558345,0.34431136151564545,,39.6,-0.3150524921551008,0.22996506497140598,0.6026845842399853,False,False,False
3551,177.5,2026-09-10,0.008522727272727293,-0.011142061281337101,-0.060263128004475974,0.00760670021590637,,39.1,-0.1481211744639933,0.3363895612919018,0.806085388101623,False,False,False
3552,42.04999923706055,2026-09-10,-0.02095463352483795,-0.06138392961679062,-0.1432559577576643,-0.15010992594888461,,13.5,-0.23111400421718165,0.5732218067681719,0.5554836903352236,False,False,False
3555,189.5,2026-09-10,0.02156334231805923,0.1554878048780488,-0.047738693467336724,0.28474576271186436,,67.9,-0.13559673992685406,1.0295050254885394,0.6865942028985508,False,False,False
3556,56.20000076293945,2026-09-10,-0.08469056406696918,-0.13538460364708538,-0.16925351817707435,0.37666560732123866,,55.4,-0.2571115646365917,0.44794526291459646,0.7191536744633229,False,False,False
3557,23.799999237060547,2026-09-10,-0.008333365122477177,-0.05367794838752449,-0.10507203500632056,-0.22217896164644513,,13.8,-0.1929300814658379,0.621623597833403,0.5828949883580333,False,False,False
3558,120.5,2026-09-10,0.016877637130801704,-0.051181102362204745,-0.12208926419515931,-0.03635577904617604,,23.0,-0.20994731065467664,0.4754820620363468,0.7475542884308152,False,False,False
3563,668.0,2026-09-10,-0.011834319526627168,-0.0683403068340307,-0.03669896120799909,0.05933098789221192,,49.6,-0.12455700766751643,0.6149652935168826,0.7106484032164426,False,False,False
3564,47.29999923706055,2026-09-10,-0.10586015363494483,0.002118611705608453,0.0071450589268766684,0.07672124889619969,,60.0,-0.08071298753264067,1.733885055833492,0.8196076787931841,False,False,False
3567,25.25,2026-09-10,-0.01559452727014099,-0.03809523809523807,-0.044726283767903885,0.014630521280054376,,42.6,-0.13258433022742122,0.1530643701755771,0.8026647096229992,False,False,False
3570,163.0,2026-09-10,0.003076923076922977,-0.003058103975535187,-0.038955334914147266,0.023783407785565203,,44.7,-0.1268133813736646,0.30042697278199837,0.8539975855133358,False,False,False
3576,16.649999618530273,2026-09-10,-0.023460389233380008,-0.03757223394194298,-0.15909089595489867,-0.29449155299151863,,6.8,-0.246948942414416,0.2712685837002467,0.6235954735117859,False,False,False
3577,109.0,2026-09-10,-0.004566210045662156,-0.16475095785440608,-0.10388260618072298,0.770728006616473,,83.5,-0.19174065264024032,0.2915490495430719,0.68125,False,False,False
3580,86.19999694824219,2026-09-10,0.008187098809850246,0.07213924517770565,-0.07378878749225326,0.23016511689360608,,59.1,-0.1616468339517706,0.4430422562048894,0.7729355843115997,False,False,False
3581,100.5,2026-09-10,-0.06074766355140182,-0.15546218487394958,-0.28655809076020866,0.45254713595035234,,38.0,-0.374416137219726,0.8680319488447319,0.360542932209673,False,False,False
3583,713.0,2026-09-10,-0.03908355795148244,-0.028610354223433276,-0.10382511313623066,0.8937590676353293,,86.4,-0.191683159595748,1.0570973035437625,0.7449569907538108,False,False,False
3585,46.84999847412109,2026-09-10,-0.14194139590815724,-0.0630000305175783,-0.3354610145514739,1.9465408552287564,,92.9,-0.42331906101099126,1.095464181978382,0.2839393846916429,False,False,False
3587,245.0,2026-09-10,-0.018036072144288595,-0.031620553359683834,-0.14995723929656235,0.3505515693750869,,56.3,-0.2378152857560797,0.6112191398935808,0.6289457667301684,False,False,False
3588,52.79999923706055,2026-09-10,0.017340995852049623,-0.046931447964019046,-0.07334518286150904,0.0659315304791801,,42.2,-0.16120322932102638,0.25806713322323815,0.700790315433545,False,False,False
3591,25.339021682739254,2026-09-09,0.046460271445907475,0.1025641174603722,0.06053818084977047,0.29945060937492185,,79.1,-0.027319865609746863,1.2738452146586425,0.8371681907791008,False,False,False
3592,221.5,2026-09-10,0.002262443438914019,-0.06932773109243695,-0.14111576783219337,0.06189324392187778,,28.4,-0.2289738142917107,0.38036924742848144,0.7813261412535775,False,False,False
3593,10.300000190734863,2026-09-10,-0.00961532994840053,-0.15918365789919486,-0.39233039957995575,-0.21374046635109523,,1.0,-0.4801884460394731,0.4563929580644941,0.5162907166333988,False,False,False
3594,46.34999847412109,2026-09-10,-0.020084583049953086,-0.17612881287206583,0.02779973122383983,0.0825839083622264,,63.7,-0.060058315235677506,0.3010386924918442,0.7785583056222096,False,False,False
3595,1460.0,2026-09-10,-0.1560693641618497,-0.04575163398692805,-0.1449235699372322,0.7441856988911666,,80.9,-0.23278161639674955,0.858573007793025,0.596226783046755,False,False,False
3596,154.5,2026-09-10,-0.015923566878980888,-0.08308605341246289,-0.1534246575342466,-0.20801834618833126,,10.3,-0.24128270399376395,0.6398894374463114,0.7030334001744163,False,False,False
3597,26.799999237060547,2026-09-10,0.024856582333166566,0.0018691303574036588,-0.00865916683423118,0.16791015343009397,,64.9,-0.09651721329374852,0.6948167621851833,0.8666339896068693,False,False,False
3603,6.389999866485596,2026-09-10,0.03398058964079742,-0.046268649493221736,-0.19113926717131324,-0.046268649493221736,,14.1,-0.2789973136308306,1.0797007006146089,0.4768656752533892,False,False,False
3605,128.0,2026-09-10,0.11790393013100431,0.06666666666666665,0.7713346898926687,1.163980729120683,,96.7,0.6834766434331514,1.3406540190502354,0.920863309352518,False,False,False
3607,13.5,2026-09-10,-0.0109889833496144,-0.052631578947368474,-0.13036803964739174,0.012500024139881605,,26.7,-0.21822608610690908,0.30378665513561237,0.7745901518244798,False,False,False
3609,19.200000762939453,2026-09-10,0.06666670905219174,-0.22736416626952627,-0.3043478080590869,-0.34915251651052703,,1.3,-0.39220585451860424,0.6699819895268028,0.36923078390268177,False,False,False
3611,183.0,2026-09-10,0.0,-0.031746031746031744,-0.0024423472385123324,0.013267171660291899,,52.2,-0.09030039369802967,0.9213439905382189,0.8957187972974034,False,False,False
3615,35.099998474121094,2026-09-10,-0.018181860863745625,-0.03835620618846314,-0.28168829583164323,0.01607341587583866,,9.5,-0.36954634229116057,0.19333098320260123,0.5856186692191069,False,False,False
3617,239.0,2026-09-10,-0.010351966873705987,0.017021276595744705,0.15568099432028215,0.3971185101497583,,86.8,0.06782294786076482,0.5311599857921769,0.9192307692307692,False,False,False
3622,47.09999847412109,2026-09-10,-0.04940381895855106,-0.09080906550175394,-0.09080906550175394,-0.16366582999259793,,19.5,-0.17866711196127127,1.2136660528706202,0.686252334245114,False,False,False
3623,27.100000381469727,2026-09-10,0.12916668256123853,0.2517321412918079,0.17826088615085767,0.09716597345742994,,80.8,0.09040283969134033,3.397135609990944,0.8495298026814929,True,True,False
3624,113.5,2026-09-10,0.33844334805890397,0.3121387283236994,-0.030144291138627488,1.2661974730663186,,92.4,-0.11800233759814482,3.2085912783560557,0.6484021027223725,True,False,False
3625,12.149999618530272,2026-09-10,-0.06896556008049459,-0.2767857041488696,-0.20065790980311338,-0.29154519598925177,,4.6,-0.2885159562626307,0.23732934947972623,0.3521739019863847,False,False,False
3628,76.30000305175781,2026-09-10,0.11386865768989507,0.14909640509602173,0.11984616326934172,0.23599125951660893,,81.3,0.031988116809824385,1.245374030481489,0.8024626908546095,True,False,False
3630,26.5,2026-09-10,-0.02033268955908163,0.00952380952380949,-0.08934709097548166,-0.12972087566404855,,21.5,-0.177205137434999,1.1490834056571009,0.6385542168674698,False,False,False
3631,39.04999923706055,2026-09-10,0.048322127169410756,0.08472220102945971,0.15022086478679442,0.4543761147955341,,87.5,0.06236281832727708,0.7762741759681715,0.8834841303849694,False,False,False
3632,7.110000133514404,2026-09-09,-0.03265303050778223,-0.11124998331069946,-0.12438420766986702,-0.27670394825050737,,10.1,-0.21224225412938436,0.8132233625103538,0.6970588496537087,False,False,False
3633,144.5,2026-09-10,-0.017006802721088454,0.1795918367346938,0.27027403517872095,0.6757687738813745,,92.6,0.18241598871920361,0.6005485441768583,0.9413680781758957,False,False,False
3645,70.5999984741211,2026-09-10,0.004267360019065913,-0.008426945222445026,-0.20705766843660933,-0.10620958355029309,,10.2,-0.29491571489612667,1.6097988710287363,0.6100594831668512,False,False,False
3646,24.200000762939453,2026-09-10,0.016806787340397866,0.07227725968696852,0.05208800716507467,0.022150486352013443,,62.8,-0.03577003929444267,0.43510579325754545,0.8523695739391609,True,True,False
3652,33.150001525878906,2026-09-10,0.04245290318262129,-0.10887094499996253,-0.031382494098617375,0.25672822919461824,,68.3,-0.11924054055813471,0.12394849672279251,0.8064251024912106,False,False,False
3653,5790.0,2026-09-10,0.03116651825467498,0.2953020134228188,0.5788481387627542,0.6935900938736272,,95.3,0.49099009230323687,0.6385606164716922,0.9666110183639399,False,False,False
3659,7.989999771118164,2026-09-10,-0.02560976134532278,-0.5006250143051147,-0.6309468862863393,-0.7518633670246914,,0.1,-0.7188049327458567,2.978346883671531,0.20672702343280103,False,False,False
3661,4055.0,2026-09-10,0.0012345679012346622,0.007810903421196169,-0.004464460178170815,0.23278232774089047,,70.2,-0.09232250663768815,1.111862734869934,0.7603112934513165,False,False,False
3663,60.0,2026-09-10,-0.006622541651882585,-0.07975455815389243,-0.11634758981364612,-0.17355370163833372,,15.4,-0.20420563627316346,0.28678930547439097,0.6543075463117575,False,False,False
3664,7.579999923706055,2026-09-10,-0.16703301033468532,0.34635875126599003,0.11143691098464292,-0.4772413845719963,,26.0,0.023578864525125587,1.3102389557628051,0.3461187240063867,False,False,False
3665,1930.0,2026-09-10,-0.080952380952381,-0.10440835266821347,-0.15718088965495114,0.19077192727706538,,37.7,-0.24503893611446848,0.6557220532929723,0.6622149749271924,False,False,False
3666,25.0,2026-09-10,0.0,-0.00398407888246699,-0.04580155450365042,-0.043977041503104664,,36.4,-0.13365960096316776,1.2920859535660003,0.7587253238585285,False,False,False
3669,32.849998474121094,2026-09-10,-0.056034505910643295,-0.1683544690095926,-0.05572791233522256,-0.005737018507654734,,38.5,-0.1435859587947399,0.46489421318819873,0.7720328804497165,False,False,False
3672,11.75,2026-09-10,-0.02083333333333337,-0.06000000000000005,-0.008438850485279481,0.012931001172197032,,50.7,-0.09629689694479682,0.32525164878997664,0.7580645161290323,False,False,False
3673,62.59999847412109,2026-09-10,-0.032457474083051774,-0.009493706986950068,-0.19603576825006863,0.6304029119152781,,70.8,-0.28389381470958597,0.3569634246745678,0.6825143517462574,False,False,False
3675,269.0,2026-09-10,-0.028880866425992746,-0.023593466424682408,-0.135048231511254,0.29638554216867474,,54.1,-0.22290627797077134,0.6363151386309752,0.5977777777777777,False,False,False
3678,50.70000076293945,2026-09-10,-0.0645756448474667,0.014000015258789134,-0.000756798461321817,0.19909178775516678,,68.4,-0.08861484492083915,1.235525113706691,0.6704433318620342,False,False,False
3679,107.0,2026-09-10,-0.0092592592592593,-0.01834862385321101,-0.05726872246696035,-0.005082098243494815,,38.3,-0.1451267689264777,0.9711385942017036,0.887772940552773,False,False,False
3680,535.0,2026-09-10,0.044921875,0.18232044198895037,0.06361829025844923,0.40515109104545277,,82.8,-0.024239756201068108,1.7490197761629231,0.8759382886733823,False,False,False
3684,54.0,2026-09-10,-0.0018484006828377586,0.009345794392523255,-0.08666991847258032,-0.07624035097679538,,26.6,-0.17452796493209766,0.9347425138994921,0.8077954982777865,False,False,False
3685,36.84999847412109,2026-09-10,0.01795573749951629,-0.030263198049445106,0.19642855152349448,0.13734557835399563,,82.7,0.10857050506397714,0.5326511491819964,0.8054644475217724,False,False,False
3686,14.25,2026-09-10,-0.01041664045166002,-0.03716217457072579,-0.17630054170908593,-0.23387098345457136,,7.7,-0.26415858816860327,0.5351418105267545,0.6115880028585672,False,False,False
3687,62.59999847412109,2026-09-10,-0.009493706986950068,-0.05295007686528608,-0.18936966780397135,-0.057434191269553625,,13.5,-0.2772277142634887,0.5086716105917634,0.75627044173268,False,False,False
3689,110.0,2026-09-10,-0.0393013100436681,-0.004524886877828038,-0.017588653951348787,0.12275586777136249,,59.5,-0.10544670041086612,0.6797483808851076,0.8025332091843528,False,False,False
3691,97.3000030517578,2026-09-10,-0.0030737236378425292,-0.18577403303968365,-0.3861198545630423,-0.1502183139584472,,1.5,-0.47397790102255966,0.21754792438037804,0.5740413159395741,False,False,False
3693,691.0,2026-09-10,0.06635802469135799,0.3965888296519329,0.39937647379833385,0.6792517478015834,,93.8,0.3115184273388165,2.447988398893264,0.9630324503408152,False,False,False
3694,49.45000076293945,2026-09-10,-0.010999984741210889,-0.07048872079363488,-0.1451525685541949,-0.08735150652937229,,17.5,-0.23301061501371223,0.2972358356623673,0.5750094969786212,False,False,False
3701,41.09999847412109,2026-09-10,0.016069164373840206,-0.009638590985034057,-0.1419624809006318,-0.2789473951908581,,8.8,-0.22982052736014913,1.023639752796069,0.5229007540967471,False,False,False
3702,108.0,2026-09-10,0.05882352941176472,-0.08758833004687627,0.06448028161197783,0.5206860512445792,,85.3,-0.023377764847539506,0.6400510321365668,0.8597725053083715,False,False,False
3703,19.899999618530277,2026-09-10,-0.0025063229321806713,-0.005000019073486128,-0.05105374441694299,-0.04455415895594195,,35.3,-0.13891179087646033,0.5863208090833448,0.8682267067482369,False,False,False
3704,39.400001525878906,2026-09-10,-0.014999961853027322,-0.07511730194511945,-0.12470129090465032,0.23603609878332987,,49.8,-0.21255933736416766,0.38397001314819884,0.7817460383537523,False,False,False
3706,82.0,2026-09-10,0.022759553247633235,0.012797567304099644,0.09453214799371823,0.12750001075267803,,75.0,0.006674101534200894,0.8054401557695948,0.8746027511986836,False,False,False
3707,61.79999923706055,2026-09-10,0.021487590695215664,-0.02677166555810162,-0.1984435737984619,0.11754068878257562,,23.2,-0.28630162025797923,0.34322548192157737,0.614925365542891,False,False,False
3708,98.1999969482422,2026-09-10,-0.018000030517578036,-0.05576926011305572,-0.11043640572703539,-0.19004715889404689,,15.2,-0.19829445218655273,0.7483402725697441,0.7796175151080661,False,False,False
3709,63.0,2026-09-10,-0.02927583175974624,-0.11516850140040114,-0.11652301780512642,-0.015822806685915847,,26.6,-0.20438106426464375,0.6148686427605192,0.6970814300680321,False,False,False
3710,8.321322441101074,2026-09-09,0.0260001178210445,-0.011560571847970769,-0.16585361936461374,-0.19592476532359837,,10.0,-0.25371166582413107,1.221805698795917,0.5480769466317837,False,False,False
3711,650.0,2026-09-10,0.10356536502546687,0.04669887278582929,0.11176473965719813,0.9580334464898541,,92.2,0.023906693197680795,0.8420951123903946,0.9022575246444167,True,False,False
3712,21.200000762939453,2026-09-10,0.009523845854259694,-0.07017537402020413,0.2325581292193155,-0.06194688473006249,,78.5,0.14470008275979818,0.37303564695010094,0.530663338124542,False,False,False
3713,14.5,2026-09-10,0.02112677427918852,-0.026845612669198715,-0.10493831375789342,-0.18079099576309998,,16.6,-0.19279636021741076,0.855477489183643,0.5253623115793544,False,False,False
3714,62.0,2026-09-10,0.008130081300812941,0.06346485096671173,-0.023178355993416,0.44117556039880657,,78.2,-0.11103640245293334,1.7696013562532658,0.7728171800212204,False,False,False
3715,127.0,2026-09-10,0.07627118644067798,0.07627118644067798,-0.2324175759822097,-0.1564192715024313,,6.4,-0.320275622441727,1.2347852706642257,0.6280220043485035,False,False,False
3717,21.450000762939453,2026-09-10,-0.027210816094390022,-0.06331872837314423,0.06754154743895846,0.14379444531403918,,73.1,-0.020316499020558876,0.25678459131803977,0.7365490624437772,False,False,False
4113,15.649999618530272,2026-09-10,0.036423789613640345,0.06825938744292759,-0.06567166456535689,-0.19537280181756111,,20.7,-0.15352971102487423,0.5216906283369379,0.600767757269854,False,False,False
4154,12.5,2026-09-09,0.0,0.02459017995287449,-0.10394264007818077,0.14155253129989642,,43.4,-0.1918006865376981,0.09252576842650678,0.6596305803029977,False,False,False
4171,16.600000381469727,2026-09-10,-0.01190469432579655,-0.037681137306102785,-0.04871062145022764,-0.11702122047185781,,29.4,-0.13656866790974498,0.38003715268750154,0.6264151087347066,False,False,False
4303,36.900001525878906,2026-09-10,0.03943666270081425,0.12807401794984496,0.13532069820285075,-0.1119015631651995,,65.5,0.04746265174333342,1.0004165173867414,0.6930650676036776,False,False,False
4304,18.0,2026-09-10,-0.08163267093517013,0.10769230769230775,-0.2913385720341386,-0.4,,1.1,-0.37919661849365593,1.9464866399059317,0.5099150251851073,False,False,False
4305,41.900001525878906,2026-09-10,-0.04664389536914859,-0.040091636628293625,0.02116532864467824,0.03887340686014862,,58.8,-0.0666927178148391,1.1282681603483697,0.9373601971080499,False,False,False
4306,14.899999618530272,2026-09-10,-0.022950844686539518,0.02758618058829465,-0.03076213098082692,0.17771547899594564,,62.2,-0.11862017744034425,0.8026185750443999,0.9428839931139057,False,False,False
4401,13.850000381469728,2026-09-10,-0.017730495974209393,-0.003597067513145036,0.025925954182942856,-0.029157279860738683,,53.5,-0.06193209227657448,0.6880946096878446,0.8149609202223947,False,False,False
4402,14.300000190734863,2026-09-10,-0.037037048929720706,-0.10624998807907104,-0.12804874857573967,-0.2033426416193017,,12.6,-0.215906795035257,0.9320803587890254,0.6891566356980657,False,False,False
4406,10.0,2026-09-10,0.010101049022522401,-0.004975143262281545,0.013171237684726167,-0.009901027494335302,,52.9,-0.07468680877479117,0.9968223363082006,0.9345794559118584,False,False,False
4413,19.100000381469727,2026-09-10,-0.044999980926513694,0.12023467660650788,0.16026588820483179,0.10126915541586401,,79.3,0.07240784174531445,0.4902696842583292,0.9550000190734863,False,False,False
4414,8.180000305175781,2026-09-10,-0.001220912786304651,-0.057603684610685546,-0.02965598943650183,-0.21346148026765221,,24.0,-0.11751403589601916,0.7606863227003947,0.667755126953125,False,False,False
4416,11.300000190734863,2026-09-10,-0.0887096340028587,0.08133975090756485,0.07109004610811853,-0.19285712923322407,,45.3,-0.016768000351398804,0.7281151039657985,0.18314424718001446,False,False,False
4417,47.70000076293945,2026-09-10,0.014893633254030814,-0.008315960995234573,0.10639731461983581,-0.02561599202181808,,67.9,0.01853926816031848,0.5393538103099039,0.9057654745188315,False,False,False
4420,39.20000076293945,2026-09-10,0.028871452306370227,0.08437065306559188,0.03157896744577515,-0.1691787526400652,,40.2,-0.056279079013742184,1.2686588297718537,0.7929849842823594,True,True,False
4426,7.679999828338623,2026-09-10,0.01319259968853359,-0.03396226256657875,-0.041198550700825565,-0.15697034931175802,,27.3,-0.1290565971603429,0.3185871878674656,0.7314285550798688,False,False,False
4430,17.5,2026-09-10,-0.008498562140068944,0.0068892875458050895,0.0211916091026898,-0.020546444097358174,,53.5,-0.06666643735682753,0.49626871973537223,0.9288357967199838,False,False,False
4431,20.549999237060547,2026-09-10,0.022388002340819613,0.10483864599989512,0.2342342166897018,0.09893039564936856,,83.8,0.14637617023018445,1.3753642909773036,0.9602803552980573,False,False,False
4432,15.649999618530272,2026-09-10,0.0032050792203783818,-0.02802324658509525,-0.02209651668289936,0.04821020601054138,,51.5,-0.1099545631424167,0.6930522464625772,0.9112282063264732,False,False,False
4433,18.75,2026-09-10,-0.002659533994128216,-0.06483786965226512,-0.04242246543290629,-0.08473406927154592,,33.4,-0.13028051189242362,1.2845193958366394,0.8131494901685707,False,False,False
4438,57.79999923706055,2026-09-10,-0.006872878361431578,-0.02002485134402543,-0.02002485134402543,-0.015205315006561193,,44.5,-0.10788289780354277,1.105690527792909,0.7160008672198186,False,False,False
4439,95.3000030517578,2026-09-10,-0.009355446206184559,-0.05174126316658911,0.099152842299703,0.16510197798003534,,77.2,0.011294795840185667,0.3530882013441,0.8783410419516848,False,False,False
4440,17.549999237060547,2026-09-10,0.0,0.00862066792062044,0.023323593436006984,0.04867383064014752,,60.2,-0.06453445302351035,0.7163395863744652,0.8361048096280704,False,False,False
4441,173.0,2026-09-10,0.008746355685131268,-0.08924679754686748,-0.053946297606196514,-0.1641032030699927,,24.1,-0.14180434406571385,0.5487457942463138,0.6194971319840306,False,False,False
4442,54.0,2026-09-10,0.07142853899067059,0.022727287505283966,0.043437803090824234,-0.055937268853193056,,54.5,-0.0444202433686931,0.45673767774909557,0.7438016685254997,True,False,False
4502,15.800000190734863,2026-09-10,0.00958470133296263,0.006369451126407855,0.0,0.0,,51.1,-0.08785804645951734,0.7192964760468297,0.872928168935867,True,False,False
4503,23.149999618530277,2026-09-10,-0.00643775207905084,-0.11809525262741805,-0.3899868470849229,-0.40564828844477774,,0.5,-0.47784489354444026,0.4663722989764644,0.4033100871625074,False,False,False
4506,121.0,2026-09-10,-0.008196721311475419,-0.016260162601625994,0.07082675335704547,0.06182824837135947,,69.0,-0.017031293102471867,0.6922977313376718,0.9536419954521395,False,False,False
4510,43.79999923706055,2026-09-10,-0.06907545276727711,-0.01683501712332436,-0.0022779563859333107,0.023364486397796425,,53.2,-0.09013600284545065,1.461345117316091,0.8066298315372057,False,False,False
4513,15.5,2026-09-10,-0.03125,-0.11174788983854322,-0.006410280706692362,-0.19896642406046816,,29.8,-0.0942683271662097,0.15638984105515108,0.6638115523244534,False,False,False
4523,24.549999237060547,2026-09-10,0.03151260605219375,-0.044747139756402654,-0.08462129178412403,-0.13881172561756216,,21.5,-0.17247933824364137,0.5206679861208048,0.6761842511160405,False,False,False
4526,31.399999618530277,2026-09-10,0.0,-0.01721443290377489,-0.16024035714354934,0.001003822539692445,,21.0,-0.24809840360306668,1.5068923092264654,0.7289188751443768,False,False,False
4527,40.75,2026-09-10,0.0036946190028683823,-0.0060975609756097615,-0.014510241747568542,0.044223522607071075,,52.8,-0.10236828820708588,0.6634673499596466,0.9487776315748571,False,False,False
4528,14.899999618530272,2026-09-10,-0.003344494406205767,-0.019736854901274414,-0.08024698044355516,-0.1938346062365791,,18.9,-0.1681050269030725,0.4520747718287862,0.6963184633573785,False,False,False
4529,3.7300000190734863,2026-09-10,-0.013227500712890472,-0.10336534714204892,-0.2525049719115189,0.09384162028982601,,15.1,-0.3403630183710362,0.4877649794718218,0.6134868529405952,False,False,False
4532,23.700000762939453,2026-09-10,0.0,-0.004201616694398003,-0.030674845668586914,-0.04719742930331061,,40.0,-0.11853289212810425,0.39783507180590655,0.8144330052322308,False,False,False
4533,24.850000381469727,2026-09-10,-0.029296874563442543,-0.07276115339937217,-0.1918699062936674,-0.26696167365952783,,5.5,-0.27972795275318474,0.41160540031982656,0.6024242516719933,False,False,False
4534,29.299999237060547,2026-09-10,0.013840817432876129,-0.14327489522131098,-0.11212123524058948,0.0,,28.3,-0.19997928170010681,0.4263876107181222,0.6918536078570338,False,False,False
4535,28.0,2026-09-10,0.018181818181818077,-0.03448275862068961,0.05660377358490565,0.048919371248459464,,65.6,-0.03125427287461169,0.43371697068805,0.9535630461893404,False,False,False
4536,164.5,2026-09-10,0.006116207951070374,-0.035190615835777095,0.042740910608144,0.07188584868778736,,65.3,-0.045117135851373336,0.47813871468858904,0.8849929007963454,False,False,False
4537,170.0,2026-09-10,0.08280254777070062,0.25,-0.034075332816028925,1.0664934065733296,,90.7,-0.12193337927554626,1.7909387227814926,0.8524285420698529,False,False,False
4538,17.600000381469727,2026-09-10,-0.005649738822560368,0.0028490681813586605,-0.05121287841849842,-0.018767836234114488,,37.9,-0.13907092487801576,1.390326013265838,0.9287598771969485,False,False,False
4540,58.0,2026-09-10,-0.025210084033613467,-0.042904266329831686,-0.05691056910569103,0.20331948302780267,,59.8,-0.14476861556520837,0.6214865693223679,0.7503233856428816,False,False,False
4541,58.0,2026-09-10,-0.06775871181510607,-0.17496447393753356,0.25556383825336315,0.4723072429951791,,90.5,0.16770579179384582,0.1778676741244195,0.7661823294346487,False,False,False
4542,276.5,2026-09-10,-0.008960573476702538,-0.0212389380530974,-0.17585692995529056,0.5574823159137308,,69.2,-0.2637149764148079,0.48474520477481275,0.5597165991902834,False,False,False
4543,28.649999618530277,2026-09-10,-0.051324539908995326,-0.05973163932698111,-0.18391799959752364,-0.005693307920594082,,17.9,-0.271776046057041,0.7479257899432862,0.6532177107816739,False,False,False
4544,13.050000190734863,2026-09-09,-0.08741258624666937,-0.06785712923322407,-0.07521555907221456,-0.15850365989173143,,21.4,-0.1630736055317319,1.6288888799137309,0.756876673377415,False,False,False
4545,31.399999618530277,2026-09-10,-0.00789889425002177,-0.051359484409642664,-0.09558778125396228,-0.02418685611710525,,29.3,-0.18344582771347961,0.31130682863878867,0.7424914861715799,False,False,False
4546,65.30000305175781,2026-08-07,-0.010606014367305905,,,,,,,,,False,False,False
4549,96.3000030517578,2026-09-10,-0.02262683024677714,0.06883574258658176,-0.06434568605903157,0.07540775831566071,,44.9,-0.1522037325185489,0.6384192830420987,0.7356413307366254,False,False,False
4550,23.950000762939453,2026-09-10,-0.002083301544189453,-0.008281526242234993,-0.006659268973189136,-0.010570063875199431,,48.5,-0.09451731543270647,0.4480528261065537,0.8864733980633793,False,False,False
4551,159.0,2026-09-10,-0.012422360248447228,-0.07826086956521738,0.07416152774235685,0.34935998395824175,,81.8,-0.013696518717160489,0.9931837806944529,0.5789806536828879,False,False,False
4552,16.100000381469727,2026-09-10,-0.03303298796766552,-0.08781865555584734,-0.24413141041541342,-0.2938596087626276,,3.0,-0.33198945687493076,1.5362421978711467,0.6518218576586686,False,False,False
4553,15.699999809265137,2026-09-10,0.022801265087779576,-0.07100590747643432,-0.06597593645843391,-0.11293800141131216,,27.0,-0.15383398291795125,0.6720853812666759,0.5122067332735503,False,False,False
4554,28.649999618530277,2026-09-10,-0.01883565513831209,0.05626166296093582,0.12161559348621709,0.34145223177945394,,84.0,0.03375754702669975,0.304498324762906,0.9565942867681722,False,False,False
4555,42.20000076293945,2026-09-10,-0.06740329805658662,-0.15768458985607237,-0.06945970930912326,0.21290006461138922,,58.2,-0.1573177557686406,0.6183654767452956,0.732750342149583,False,False,False
4556,86.0,2026-09-10,0.29713417860423275,-0.14851485148514854,0.29581213343234913,2.1591335259787154,,96.8,0.2079540869728318,1.5390852114127311,0.6490566037735849,True,False,False
4557,50.400001525878906,2026-09-10,0.017154435961779013,0.00900902414546767,0.1234197727304227,-0.1569843653572376,,59.9,0.03556172627090537,0.6931108344337684,0.6327695808327023,False,False,False
4558,17.600000381469727,2026-09-10,0.017341107377999654,-0.03296705254493748,-0.05630022833980608,-0.07853402984511226,,31.4,-0.14415827479932342,0.7025961778843872,0.6743295066756105,False,False,False
4559,8.75,2026-09-10,0.02941176470588225,-0.038461578768989035,0.03795963027756333,0.12903225806451624,,69.1,-0.04989841618195401,0.14615192710628186,0.5756579019603968,False,False,False
4560,29.649999618530277,2026-09-10,0.006791132441752223,-0.08062016686727824,-0.031803943951385305,-0.04064594653239639,,40.3,-0.11966199041090264,0.9878604680118144,0.846034384663387,False,False,False
4561,41.20000076293945,2026-09-10,-0.03512880499294724,-0.10532027262701593,-0.014859923785346063,0.20949308572040337,,67.3,-0.1027179702448634,0.408230405527157,0.729315822910291,False,False,False
4562,29.649999618530277,2026-09-10,-0.014950191270312385,-0.11492538452148426,-0.17178770250262254,-0.09327220407486636,,13.4,-0.2596457489621399,0.4011524818611247,0.616424128048209,False,False,False
4563,44.150001525878906,2026-09-10,0.012614749335009057,0.109296542015201,0.04744958309840297,-0.012304233281278831,,59.1,-0.040408463361114366,1.0049622407441474,0.6454678441662739,False,False,False
4564,15.649999618530272,2026-09-10,-0.02795035728430062,-0.07121666087670353,0.01294497163328101,-0.22332506626261817,,31.0,-0.07491307482623633,0.32786115376457603,0.7245370065806175,False,False,False
4565,135.0,2026-09-10,-0.0847457627118644,0.125,0.21673815359968662,0.5594058424313333,,90.6,0.1288801071401693,1.1095469265139049,0.9090909090909091,False,False,False
4566,64.19999694824219,2026-09-10,0.020667653272288478,-0.11325972934828854,0.015822724259983545,0.20080229274609462,,70.4,-0.07203532219953379,0.35550787572937853,0.8414153916179056,False,False,False
4568,38.5,2026-09-10,-0.017857161972334668,-0.04347826086956519,-0.0027834004596908324,-0.03602394107799034,,46.3,-0.09064144691920817,0.3861723209295236,0.9098200732161947,False,False,False
4569,158.5,2026-09-10,-0.08115942028985512,-0.027607361963190136,-0.034950411802687764,0.11865612941078152,,56.2,-0.1228084582622051,1.7113443964053379,0.7885160903130491,False,False,False
4571,150.5,2026-09-10,-0.02588996763754048,-0.125,-0.1432769537000459,-0.042797100509736064,,20.5,-0.23113500015956323,0.6698022347579269,0.6683917290253397,False,False,False
4572,141.0,2026-09-10,0.0071428571428571175,0.0071428571428571175,-0.005042954915750464,-0.0016355302248967085,,49.9,-0.0929010013752678,0.4190809278861966,0.8449925743133332,False,False,False
4573,621.0,2026-09-10,0.003231017770597644,0.544776119402985,0.6363636363636365,2.120603015075377,,97.9,0.5485055899041191,1.573971015070632,0.9338345864661655,False,False,False
4575,22.950000762939453,2026-09-10,-0.004338328738870967,-0.02959826075609573,-0.18327400528885374,0.19877365011547976,,33.5,-0.2711320517483711,0.6058886056079236,0.6343642913155472,False,False,False
4576,238.0,2026-09-10,0.030303030303030276,0.048458149779735615,0.18245978005396335,0.9498521100345594,,93.3,0.09460173359444601,1.771774726271376,0.8395672669288534,False,False,False
4577,87.80000305175781,2026-09-10,0.009195437376526616,0.1537451355089774,0.024504156106142094,-0.09297520368039447,,46.1,-0.06335389035337524,1.5523623315316404,0.4850828897887172,False,False,False
4580,81.0999984741211,2026-09-10,-0.01815980663086758,0.021410540498391528,0.051020360744292725,0.06547197471880106,,66.2,-0.03683768571522461,1.090504936217062,0.8823784444085109,False,False,False
4581,47.25,2026-09-10,-0.015625,-0.019709559085108963,0.010527305105835882,0.005464573139380091,,54.1,-0.07733074135368145,0.4488708014764376,0.9105749964271871,False,False,False
4582,22.899999618530277,2026-09-10,-0.02136752171585743,-0.06484289327581838,-0.08822180318942507,-0.25452095335820857,,13.9,-0.1760798496489424,0.3412688517057665,0.5487553885112251,False,False,False
4583,442.0,2026-09-10,-0.04329004329004327,-0.11066398390342047,-0.28478964401294493,-0.3001452625196509,,2.0,-0.37264769047246227,0.5654008015277712,0.551791989313029,False,False,False
4584,38.04999923706055,2026-09-10,-0.01679590473035264,-0.006527415273629877,-0.013089410848381333,-0.09347136416460566,,38.3,-0.10094745730789867,0.9719280247025338,0.7206576808119738,False,False,False
4585,290.5,2026-09-10,0.00868055555555558,-0.06591639871382637,-0.04597701149425293,-0.07218613230214144,,33.9,-0.13383505795377026,0.8012827010543758,0.4161908222160137,False,False,False
4587,42.0,2026-09-10,-0.0117647058823529,-0.055118126454165584,-0.2733563917926457,0.5671642237183363,,53.3,-0.36121443825216304,1.0644592642081243,0.5622490189537863,False,False,False
4588,51.0,2026-09-10,-0.0340908951338984,-0.03591685200518224,-0.0796770960590969,-0.09820703700136224,,25.8,-0.16753514251861423,0.6473348055217218,0.7263089168926012,False,False,False
4590,92.0,2026-09-10,0.032547716897225465,0.008771963580347597,0.24010772685557114,0.3070942342545462,,88.2,0.1522496803960538,0.9391577345340527,0.9390268422561705,False,False,False
4609,4.199999809265137,2026-09-10,-0.01176475076114425,-0.12133899060361497,-0.2733564607596445,-0.13043480836279586,,5.1,-0.3612145072191618,1.2274539400865072,0.5440414408561624,False,False,False
4702,9.34000015258789,2026-09-10,-0.019936997450897498,-0.033126262927420824,-0.02298762855353742,-0.01711964280427547,,43.6,-0.11084567501305476,1.0288308605047098,0.9351404739743409,False,False,False
4706,35.849998474121094,2026-09-10,0.10648138227668191,0.09645363559403508,0.13962116437815464,0.20811252143200343,,81.6,0.0517631179186373,6.223343938334177,0.9157087375954137,False,False,False
4707,26.75,2026-09-10,-0.12006577843196498,-0.16293836619429136,0.38115163395410145,1.6307652021108088,,96.3,0.2932935874945841,0.5687681394675113,0.613845190796741,False,False,False
4711,16.649999618530273,2026-09-10,0.0030120021633468497,0.009090885971531737,0.017451848930214453,0.13536852382953168,,66.5,-0.07040619752930288,0.6169380086832986,0.9242083892387584,False,False,False
4714,11.0,2026-09-10,0.03773581171086815,0.03286388676115548,-0.1657456793300527,-0.28802588117810446,,6.6,-0.25360372578957,0.8780873320401991,0.5141337646689225,False,False,False
4716,17.0,2026-09-10,-0.005847975394087768,-0.02298848432756806,0.027190379678795562,0.17241379310344818,,70.3,-0.060667666780721774,0.2381519288766507,0.7024793166963147,False,False,False
4720,18.450000762939453,2026-09-10,-0.0027026614627322365,-0.07980042568598433,-0.2099068169870728,0.1727945662896644,,26.8,-0.29776486344659014,0.23182904347699188,0.6318085088247384,False,False,False
4721,72.9000015258789,2026-09-10,0.013908205546283137,-0.02540108888183068,-0.1837539760940602,0.12417114994738654,,27.1,-0.2716120225535775,0.47189829329428923,0.7435112825202327,False,False,False
4722,186.0,2026-09-10,-0.04859335038363166,-0.11428571428571432,-0.1756232129462979,0.0549228697144688,,22.3,-0.26348125940581524,0.5014332821226117,0.6092050530396442,False,False,False
4729,18.5,2026-09-10,-0.02631578947368418,-0.07960200751761048,-0.16289594205112468,-0.10194176420301115,,14.2,-0.250753988510642,0.2272301110301248,0.6801470397459187,False,False,False
4738,7.550000190734863,2026-09-10,0.2667785473844122,0.07857145581926628,-0.028314001381170795,0.36528027202308544,,74.6,-0.11617204784068813,1.8903641982866488,0.40810811841810074,True,False,False
4739,77.5999984741211,2026-09-10,-0.057108194451474414,-0.10804599455033226,-0.3561032013826022,0.030743792976214657,,4.9,-0.44396124784211954,0.7848270016394966,0.6017958165812615,False,False,False
4741,38.0,2026-09-10,-0.05940597611961829,-0.1383219656504231,-0.5105475181252456,0.6818191487673382,,20.0,-0.5984055645847629,0.3275394810397838,0.4713246087448266,False,False,False
4749,757.0,2026-09-10,-0.0026350461133070047,-0.06427688504326334,-0.17806731813246468,-0.22319011520725507,,8.0,-0.265925364591982,1.0598782732758172,0.6498758377389557,False,False,False
4754,37.70000076293945,2026-09-10,-0.024579578924553536,0.0,0.0240499966375598,0.053693449758007716,,61.1,-0.06380804982195754,0.8903818144310356,0.971649523305392,False,False,False
4755,113.5,2026-09-10,-0.02155172413793105,-0.05020920502092052,-0.16719706286202562,-0.24535650931772168,,7.9,-0.25505510932154296,0.42169505465604473,0.6878608493911716,False,False,False
4760,268.0,2026-09-10,0.03875968992248069,0.06152162056574362,-0.27399253905323817,0.5894787502052048,,55.7,-0.3618505855127555,0.8348849344829243,0.584063693615142,False,False,False
4763,48.34999847412109,2026-09-10,-0.015274949558202078,-0.08079848143134405,0.08773897962299437,0.13497653065628734,,74.7,-0.00011906683652296302,0.572651089592734,0.7079062417827625,False,False,False
4764,220.5,2026-09-10,0.01379310344827589,-0.10877244398855224,-0.16159695817490494,0.35467486819969185,,54.7,-0.24945500463442227,0.32419717434871465,0.612805039400852,False,False,False
4765,16.399999618530273,2026-09-10,-0.0120482384544226,0.04792332385184017,-0.009063421477046196,0.3723849272210815,,76.8,-0.09692146793656353,0.33421540190918464,0.5264847454050807,False,False,False
4766,339.0,2026-09-10,-0.00877192982456143,-0.013100436681222738,-0.03589368296036877,0.13632315564576558,,57.2,-0.1237517294198861,0.3585832252573702,0.8391926509360048,False,False,False
4767,29.25,2026-09-10,0.017391304347825987,0.10377358490566047,0.10594382032843774,0.2090774091689449,,79.2,0.018085773868920407,0.864941747369742,0.9831932773109243,False,False,False
4768,307.0,2026-09-10,0.05679862306368322,-0.02962488089489468,-0.1894661121610507,-0.32073739041751137,,4.5,-0.27732415862056803,0.6342631279983943,0.5807821265689838,False,False,False
4770,239.0,2026-09-10,0.10138248847926268,0.06935123042505587,0.11943793911007017,-0.07589340920440157,,65.8,0.03157989265055283,2.3708671250529645,0.7742121209484997,False,False,False
4772,242.0,2026-09-10,-0.020242914979757054,-0.047244094488189003,-0.10405550482587289,-0.2698720632418288,,11.4,-0.19191355128539023,0.7164159378732247,0.6505129260414076,False,False,False
4903,35.900001525878906,2026-09-10,-0.036241569775062876,-0.04010695023533828,-0.073548347719254,-0.15029582187268864,,22.1,-0.16140639417877134,0.3956825902587835,0.6748120490796649,False,False,False
4904,104.5,2026-09-10,0.009661835748792313,0.034653465346534684,-0.004466265987511875,0.17693250698729956,,66.2,-0.09232431244702921,0.29558543927007697,0.9645615618701039,True,False,False
4905,84.4000015258789,2026-09-10,-0.016317033520784063,0.22612713044534583,0.19206801412747665,0.37988573337383924,,87.9,0.10420996766795931,0.7226940208403088,0.8740213606919246,False,False,False
4906,36.34999847412109,2026-09-10,0.023943618989326287,-0.0041096308459975806,-0.16862059774403138,0.37371844617225225,,55.2,-0.2564786442035487,0.5646485024626675,0.6881454658164675,False,False,False
4907,44.04999923706055,2026-09-10,-0.06772488387173448,-0.007644206615898486,0.1653819060383177,0.12221957127550764,,80.8,0.07752385957880037,0.962106395364061,0.8964475504367287,False,False,False
4908,249.0,2026-09-10,0.21760391198044005,0.5424220157610291,0.2595153882578496,1.5892930429762346,,96.0,0.17165734179833225,1.5840557071847747,0.8539814825571994,True,True,False
4909,34.79999923706055,2026-09-10,-0.06072874618980717,-0.1111111652433251,-0.29268295330446203,-0.43870968972482993,,0.9,-0.38054099976397937,0.6261676970182024,0.4985673025150987,False,False,False
4911,28.799999237060547,2026-09-10,-0.03517591728611835,0.01587297529226661,0.03396801466832078,-0.07299414996731413,,50.4,-0.05389003179119656,0.32574296627631905,0.6168222458882925,False,False,False
4912,90.0,2026-09-10,-0.10596044558888718,-0.041763239858687795,-0.0006055765227437337,0.06703542836798526,,57.5,-0.08846362298226107,1.5434365147762887,0.7961011795598744,False,False,False
4915,62.09999847412109,2026-09-10,0.041946309798741366,0.028145644127406166,-0.13442548930135,-0.07904798412892022,,19.4,-0.22228353576086735,0.8375535739011633,0.7448419492937217,True,False,False
4916,94.6999969482422,2026-09-10,-0.020682523920559026,-0.08058255390056113,-0.11417413530675169,0.558531678829056,,75.5,-0.20203218176626903,0.1871537116296443,0.7648697394060997,False,False,False
4919,116.5,2026-09-10,0.01304347826086949,-0.07171314741035861,-0.33618233618233617,0.39187579746317613,,23.1,-0.4240403826418535,0.3024504460967537,0.5319634703196348,False,False,False
4923,55.09999847412109,2026-09-10,0.09325390487992102,0.09108907869546701,0.15999996787623338,0.8869861998104407,,92.5,0.07214192141671605,0.8001011142482092,0.828571405625881,False,False,False
4924,12.899999618530272,2026-09-10,0.18348624495361898,0.28358202723447046,0.06172839699979549,0.24637672879954398,,77.3,-0.02612964945972185,2.784730145239448,0.889655146105536,False,False,False
4925,130.0,2026-09-10,0.13043478260869557,0.1504424778761062,-0.14754098360655743,0.4380530730719596,,64.4,-0.23539903006607477,0.716892906255078,0.625,True,False,False
4927,42.75,2026-09-10,0.054254027233834545,0.23913043478260865,-0.13636363636363635,-0.027303771151497847,,22.0,-0.2242216828231537,1.043676737156626,0.6906300314407464,False,False,False
4930,15.949999809265137,2026-09-10,-0.00931680550624292,-0.02147235853849816,-0.08069167385724263,-0.20563775917555882,,18.4,-0.16854972031675997,0.19693467710558,0.690894893162123,False,False,False
4931,244.0,2026-09-10,0.018789144050104456,-0.08614232209737827,0.044967880085653,0.840391234873048,,89.8,-0.042890166373864336,0.7133873451002581,0.8714285714285714,False,False,False
4933,51.79999923706055,2026-09-10,-0.04779415838033574,-0.06498198898309948,-0.19260446983258994,-0.014481091966753068,,16.0,-0.2804625162921073,0.5750726438546403,0.6996045775239289,False,False,False
4934,13.649999618530272,2026-09-10,0.0,-0.04210528992770024,-0.22881361411515522,-0.2853403483817146,,3.7,-0.31667166057467255,0.4339580620104178,0.6578313069171215,False,False,False
4935,32.75,2026-09-10,-0.02384498525343748,-0.05890802534493689,-0.13801156872826825,-0.06747437900081177,,19.6,-0.2258696151877856,1.1060045060653334,0.7010959115091409,False,False,False
4938,91.0,2026-09-10,0.006637151150371778,-0.004376384236335573,0.02143256330799015,0.23340298199399778,,72.8,-0.06642548315152719,0.80798000272305,0.9538783914517514,False,False,False
4939,82.4000015258789,2026-09-10,0.011042963507716719,0.35526319999774136,0.24471307136618958,1.5011354341605663,,95.7,0.15685502490667225,0.46531739840137953,0.8803419109954493,False,False,False
4942,32.400001525878906,2026-09-10,-0.01966710215390166,-0.06086952098901721,-0.08612987390833593,-0.08734665299284017,,25.5,-0.17398792036785327,0.8120282231357457,0.8257863377340122,False,False,False
4943,7.199999809265137,2026-09-10,-0.08860763008253325,-0.12087909912589168,-0.20529807110431164,-0.38983053450130956,,2.8,-0.293156117563829,2.4226319114273367,0.3999999894036187,False,False,False
4949,76.69999694824219,2026-09-10,-0.010322620022681472,0.09571424211774548,-0.14205821432743948,0.2620847628191738,,48.6,-0.22991626078695682,0.4642628088964546,0.7101851569281684,False,False,False
4950,15.75,2026-09-10,-0.033742286061587023,0.009615359927070743,-0.04255323589507054,0.012861723910736922,,42.8,-0.13041128235458788,0.6168447853482675,0.5988593329617267,False,False,False
4951,82.0999984741211,2026-09-10,0.04987214422092845,0.023690792994731424,-0.19509805417528336,0.18325397699820845,,30.3,-0.2829561006348007,0.5504956449033741,0.6093757927936417,True,False,False
4952,48.09999847412109,2026-09-10,-0.04183271428092705,-0.0273003492010081,-0.09026285794433087,0.09862751784805313,,42.0,-0.1781209044038482,0.35007219799128136,0.8003327736328119,False,False,False
4953,117.5,2026-09-10,-0.012605042016806678,-0.06000000000000005,-0.09565049093722111,0.047344999711998126,,35.6,-0.18350853739673845,0.5820290498509393,0.8569186414257169,False,False,False
4956,33.79999923706055,2026-09-10,-0.028735632813895018,0.066246007052978,-0.09625674176316112,0.1901408341923676,,50.9,-0.18411478822267846,1.1663791177484244,0.6179158823698014,False,False,False
4958,494.5,2026-09-10,0.06573275862068972,0.04878048780487809,-0.10416666666666663,1.9030911522129252,,94.6,-0.19202471312618397,0.7453204494209706,0.7654798761609907,False,False,False
4960,20.5,2026-09-10,-0.014423040772329476,-0.09890109890109888,-0.2819614519152386,-0.030732843038010715,,7.5,-0.3698194983747559,0.41512128237206575,0.4560622836941511,False,False,False
4961,172.5,2026-09-10,0.03915662650602414,-0.0028901734104046506,0.09016302069089477,0.26109443527980214,,80.3,0.0023049742313774324,1.4751279804941446,0.971830985915493,False,False,False
4966,540.0,2026-09-10,-0.032258064516129004,-0.07213449150120477,-0.18760217688414083,0.056135237108649205,,21.1,-0.27546022334365816,0.3486883459117649,0.6303086398995993,False,False,False
4967,276.5,2026-09-10,0.014678899082568808,0.021278629492817336,0.04943893105013952,0.5143097126073835,,84.5,-0.03841911540937781,0.9301830472199436,0.9374298183598533,False,False,False
4968,88.80000305175781,2026-09-10,-0.017699097866309854,-0.08359131420609778,-0.15801109896347898,-0.14197323405089424,,12.6,-0.24586914542299632,0.393546356231856,0.541097982429462,False,False,False
4971,600.0,2026-09-10,-0.018003273322422242,0.19999999999999996,0.1175975109626397,0.33023778081523325,,83.7,0.02973946450312237,1.4700444924987173,0.6895268845623247,False,False,False
4972,16.399999618530273,2026-09-10,-0.017964139563091508,-0.017964139563091508,-0.017964139563091508,-0.07865166733352436,,38.8,-0.10582218602260884,0.6800360104620924,0.8324872580402487,False,False,False
4973,144.0,2026-09-10,-0.017064846416382284,-0.09148264984227128,-0.24607329842931935,1.387360164787124,,89.4,-0.3339313448888367,0.3647589548130483,0.6857142857142857,False,False,False
4974,72.0,2026-09-10,0.024182032353406546,0.030042895969660588,-0.0016696345179243455,0.0393575910722499,,55.1,-0.08952768097744168,2.0896672230576785,0.913033799200141,False,False,False
4976,36.900001525878906,2026-09-10,-0.02122013848463833,-0.004048521302845276,0.13364062644479469,0.25724024007767676,,82.7,0.04578257998527735,0.44618122902596086,0.7263779937019947,False,False,False
4977,173.0,2026-09-10,0.0028985507246377384,0.12337662337662336,-0.026165410692252533,0.03398318610712048,,49.0,-0.11402345715176987,1.3571379288093437,0.6498230568116479,False,False,False
4979,571.0,2026-09-10,-0.0017482517482517723,0.017825311942959,0.14560813421274688,0.4811604243836298,,88.1,0.05775008775322954,1.5204417238674612,0.799372755752758,False,False,False
4980,39.45000076293945,2026-09-10,-0.03308819851385747,-0.0836236594174421,-0.05508980208528258,0.5000000725227638,,78.0,-0.14294784854479992,0.49906836213489647,0.7373831918306439,False,False,False
4989,62.20000076293945,2026-09-10,0.028099186164288525,-0.09855071358058765,-0.21957336079532563,-0.13490960441006583,,8.3,-0.30743140725484297,0.321845293279784,0.5339055859479781,False,False,False
4991,488.0,2026-09-10,0.007223942208462342,0.007223942208462342,-0.11913357400722024,0.4923547400611621,,71.4,-0.20699162046673758,0.19733535683991424,0.5609195402298851,False,False,False
4994,83.0,2026-09-10,0.013430994549780584,-0.04707231396036449,-0.04707231396036449,-0.1238564061990739,,28.7,-0.13493036041988182,0.7116148126759546,0.8177339901477833,False,False,False
4995,49.59999847412109,2026-09-10,-0.015873075943202974,-0.00998004022411847,0.08415297211193629,0.26719611629517526,,80.0,-0.00370507434758105,0.3986175434078494,0.9763779373826444,False,False,False
4999,18.100000381469727,2026-09-10,-0.016304306700008153,-0.06217610896515169,-0.10373910925412466,-0.17252660601129444,,17.4,-0.191597155713642,0.7579154255571507,0.6916428426441076,False,False,False
5007,56.20000076293945,2026-09-10,0.0071684862248750925,-0.00530972100992122,-0.00530972100992122,0.07150726105158522,,56.8,-0.09316776746943856,1.8003361031571106,0.9606837737254608,False,False,False
5009,32.54999923706055,2026-09-10,-0.023987984217790248,-0.01809961572248986,-0.06967981053397787,0.014132846042994363,,37.5,-0.1575378569934952,0.44712669961070456,0.8411113514127336,False,False,False
5011,18.5,2026-09-10,0.0027099856364765085,0.0054348034534204,0.03351957509812453,0.316725960772559,,77.8,-0.054338471361392804,0.1950253146564754,0.692883875332268,False,False,False
5013,30.299999237060547,2026-09-10,0.07446802898249993,0.17311398672822764,0.13037755469292445,-0.005485070249291013,,71.5,0.04251950823340711,1.8770226706340003,0.9666314071118018,True,True,False
5014,9.979999542236328,2026-09-10,-0.006965238524380246,-0.026341508074504527,-0.05361888908251988,-0.022662455889336797,,36.8,-0.14147693554203722,0.42996903758274907,0.8787824941973147,False,False,False
5015,21.850000381469727,2026-09-10,-0.009070243197771721,-0.013543983847727814,-0.06298862943528016,-0.16300669554137148,,22.5,-0.1508466758947975,1.0232687671326033,0.7351224358821747,False,False,False
5016,24.549999237060547,2026-09-09,0.004089917014344913,0.016563131463710246,0.018421079283735375,0.0307407515961291,,57.6,-0.06943696717578196,0.38503675385819297,0.7914046563081794,False,False,False
5201,29.799999237060547,2026-09-10,0.15057913806840362,0.14615381681002093,0.053365889427670066,-0.25001392082678575,,35.6,-0.03449215703184727,3.4660289498409806,0.6069502051476808,True,True,False
5202,11.699999809265137,2026-09-10,-0.012658275727919222,-0.0366423090797644,-0.2068354695859418,-0.17378691187483497,,7.6,-0.2946935160454591,0.26498602263707266,0.5963642714757148,False,False,False
5203,55.59999847412109,2026-09-10,-0.054421782388775264,-0.10032363817929324,-0.1584833723283453,-0.07525643902688794,,16.5,-0.24634141878786264,0.7164683075998486,0.5505249346310453,False,False,False
5205,19.899999618530277,2026-09-09,-0.031630152927599076,-0.08505748880320563,-0.16033759586840923,-0.30902777271874127,,6.1,-0.24819564232792657,0.6198256360052389,0.5818713208946693,False,False,False
5206,22.75,2026-09-10,-0.025695947394753782,0.009037006857783858,0.07228340846101844,-0.11838674680325578,,54.0,-0.015574637998498897,0.8649110669429858,0.6676750834877101,False,False,False
5209,166.5,2026-09-10,0.08116883116883122,0.021472392638036908,0.03181559645910248,0.04986484308664818,,61.9,-0.056042450000414856,2.9863367659442077,0.9706297553034081,False,False,False
5210,29.649999618530277,2026-09-10,0.034904014426346386,0.036713259547396904,-0.01166667938232413,0.418660294722786,,78.2,-0.09952472584184147,0.5841509459158634,0.8917293118354971,False,False,False
5211,20.299999237060547,2026-09-10,0.057291584917243954,0.012468828404636367,0.04639173382615014,-0.12500006165997535,,47.4,-0.0414663126333672,1.6468141658258066,0.629457340684048,False,False,False
5212,46.20000076293945,2026-09-10,-0.004310361128499252,-0.026343519070632038,-0.021186440335509094,-0.059869537383471005,,40.6,-0.10904448679502643,0.9889379441645193,0.8635513545561206,False,False,False
5213,20.850000381469727,2026-09-10,-0.00239230803699253,-0.004773287724486708,-0.10515016891905715,-0.13286772808101177,,19.7,-0.1930082153785745,0.8674504129802599,0.8420434731300179,False,False,False
5215,38.5,2026-09-10,-0.015345230116011521,-0.011553292788831548,-0.0632060499592797,0.08850155862389841,,46.6,-0.15106409641879703,0.2569342096853349,0.8017690081185461,False,False,False
5220,19.600000381469727,2026-09-10,-0.002544490485048123,-0.032098746594087624,-0.0620402524995568,0.004280192946829242,,38.1,-0.14989829895907414,0.5226790476270887,0.803424107246172,False,False,False
5222,103.5,2026-09-10,-0.004807692307692291,-0.03519872906931765,0.003053312183813439,-0.14395134425860423,,36.1,-0.0848047342757039,0.3310532341409667,0.7364736414141343,False,False,False
5223,23.0,2026-09-10,-0.021276595744680882,-0.03157894736842104,-0.10156251338776179,-0.22558924548244164,,14.1,-0.18942055984727912,0.5298224523092552,0.7578253611503317,False,False,False
5225,53.70000076293945,2026-09-10,-0.11967211864033689,-0.13387095543646044,-0.24999997336105206,-0.37094165797066636,,1.9,-0.3378580198205694,1.777343417572245,0.5098394424755369,False,False,False
5227,29.850000381469727,2026-09-10,-0.011589416312175582,-0.11686387410505561,-0.03398055825317492,0.19161681798807217,,62.6,-0.12183860471269226,0.37964313212365486,0.7175481124125302,False,False,False
5228,41.25,2026-09-10,0.05498725344713051,-0.02712267652106104,-0.40476193097434965,0.8878718205873708,,58.6,-0.492619977433867,0.6174452067439286,0.5413386043574057,False,False,False
5230,19.0,2026-09-10,0.06741577608840488,0.03542232179933125,0.1096866790325719,0.2096273076970716,,79.6,0.021828632573054563,0.916721466987958,0.7916666666666666,False,False,False
5234,290.0,2026-09-10,0.0017271157167531026,-0.14074074074074072,-0.2573623559539052,-0.26644336904088306,,3.1,-0.34522040241342256,0.6742105265785516,0.6277056277056277,False,False,False
5236,134.5,2026-09-10,-0.011029411764705843,-0.052816901408450745,-0.15408805031446537,0.08875223650744735,,28.6,-0.2419460967739827,0.4183200659815215,0.7493036211699164,False,False,False
5240,17.5,2026-09-10,-0.005681839733083893,-0.05614498372821597,-0.2205366914929957,-0.15601727622804007,,7.3,-0.30839473795251304,0.7476828012358392,0.5724738430510058,False,False,False
5243,90.1999969482422,2026-09-10,0.021517483927726344,-0.013129152709006608,-0.18738741488070088,0.23392611260005514,,36.0,-0.2752454613402182,0.839551761294365,0.6681481255425348,False,False,False
5244,34.29999923706055,2026-09-10,-0.0171920419078907,0.008823506972369,-0.06665302697803777,0.0050388650973529625,,37.1,-0.1545110734375551,0.9109778969916231,0.6825559081954709,False,False,False
5245,22.450000762939453,2026-09-10,-0.017505453472755894,-0.05672262678138751,-0.13653843219463646,-0.16851849026150179,,13.1,-0.2243964786541538,0.577965590468133,0.6622418806029067,False,False,False
5248,32.099998474121094,2026-09-10,-0.2074074450834298,-0.1265306537654124,-0.11325972934828854,0.46575338051422976,,71.0,-0.20111777580780588,0.789960982570245,0.32099998474121094,False,False,False
5251,25.549999237060547,2026-09-10,-0.019193858527591257,-0.001953169674379085,-0.14833335876464848,-0.18108978806789622,,11.5,-0.23619140522416582,0.1789698049820387,0.5029527484406111,False,False,False
5254,40.54999923706055,2026-09-10,-0.03514191255939292,0.09135617336913437,0.014426700092997624,0.318439593600756,,76.5,-0.07343134636651971,1.5536820026983875,0.7344940709474213,False,False,False
5258,44.95000076293945,2026-09-10,-0.0033258917130053467,-0.11689588574794674,-0.10099998474121097,0.016968325498963654,,32.1,-0.1888580312007283,0.6995621594334951,0.5689873514296133,False,False,False
5262,43.29999923706055,2026-09-10,0.0034761924884678663,-0.01702610699182494,-0.0691174931693832,-0.20749191107749854,,19.4,-0.15697553962890054,0.6005777677703757,0.6715144868444903,False,False,False
5263,101.5,2026-09-10,0.03255337587891338,0.11538461538461542,-0.004901960784313708,0.014999999999999902,,51.7,-0.09276000724383104,1.5195355984188244,0.812,False,False,False
5267,48.09999847412109,2026-09-10,-0.18612521631141354,0.006898330557050469,-0.0883741207550609,0.9008369689423017,,87.1,-0.17623216721457824,1.3468839986689252,0.505001382141609,False,False,False
5269,1360.0,2026-09-10,-0.05555555555555558,-0.05555555555555558,0.020595170688375353,0.1455660357569868,,67.8,-0.06726287577114198,0.4537494230467695,0.8378020390081722,False,False,False
5271,14.328357696533203,2026-09-09,0.009463757157414099,-0.13122171003762184,-0.37662335722497386,0.0678531977018979,,4.8,-0.4644814036844912,0.8348671361564779,0.1893491139174908,False,False,False
5272,17.0,2026-09-10,0.005917182469050486,-0.050279309369290925,-0.19999999999999996,-0.23250563012298575,,6.1,-0.2878580464595173,0.5004161122485832,0.6284658217922873,False,False,False
5274,18700.0,2026-09-10,0.04761904761904767,0.07656879677605066,0.12035102709570555,0.9690209887140777,,92.5,0.03249298063618822,1.2227449228998335,0.9729448491155047,False,False,False
5278,24.0,2026-09-10,-0.012345648003272758,-0.02636915328962719,0.01641198164484292,-0.0053902015191718,,54.3,-0.07144606481467441,0.37520744981290943,0.6919891480736247,False,False,False
5283,54.09999847412109,2026-09-10,0.00557619407648402,0.16442129649395776,0.19309080309066418,0.11697849464398091,,82.1,0.10523275663114684,0.48606551508743034,0.9771403968190481,False,False,False
5284,308.0,2026-09-10,-0.04643962848297212,0.028380634390651194,-0.14141893545599793,0.16396086110008468,,38.4,-0.22927698191551527,1.0077985381762493,0.6793988976721004,False,False,False
5285,83.80000305175781,2026-09-10,-0.028968712764710358,0.03712871146896246,-0.05285917284486208,0.7699693191549948,,85.8,-0.14071721930437942,0.47431998429394484,0.7723502585415467,False,False,False
5287,135.0,2026-09-10,-0.007352941176470562,0.00883248383675972,0.04657785804855652,-0.06555340339866167,,54.3,-0.041280188410960816,0.7809421380639204,0.8776569942160521,False,False,False
5288,182.5,2026-09-10,-0.024064171122994638,-0.04947916666666663,-0.008319446584091894,0.3542303450217119,,75.9,-0.09617749304360923,0.6665925809678653,0.9240506329113924,False,False,False
5289,1290.0,2026-09-10,-0.040892193308550207,-0.12438435553590532,-0.26263947337132443,0.2921706005412654,,27.8,-0.35049751983084176,0.6190073299034253,0.6688119336673909,False,False,False
5291,60.09999847412109,2026-09-10,-0.12518193385947662,0.056238960675366156,-0.07538463885967561,0.17382807770627617,,53.6,-0.16324268531919295,1.2082732876179982,0.7626903064286166,False,False,False
5292,220.0,2026-09-10,0.004566210045662045,0.17647058823529416,0.16230393166924162,0.3856993077327697,,87.0,0.07444588520972428,0.4349377980923357,0.9128630705394191,False,False,False
5299,93.6999969482422,2026-09-10,-0.010559662431103845,-0.09029129176463879,-0.08278332328969862,0.3058888653544669,,64.0,-0.17064136974921595,0.20526872454458808,0.6838612272616466,False,False,False
5302,9.75,2026-09-10,-0.04411762918430462,-0.1409691918673347,-0.1371681561568242,-0.14847160153570715,,14.3,-0.22502620261634154,0.40094934014851125,0.6310679689557711,False,False,False
5309,50.09999847412109,2026-09-10,-0.011834364492888771,-0.10535717010498058,-0.2812051554130722,-0.15402626487541216,,4.1,-0.36906320187258956,0.3611300557132468,0.612469396149301,False,False,False
5310,24.5,2026-09-10,0.010309278350515427,-0.020000000000000018,0.035940820092180026,-0.10420476569355619,,47.3,-0.05191722636733731,0.6538678290651514,0.5645161091847184,False,False,False
5314,46.79999923706055,2026-09-10,0.5096773947438886,2.112783722377203,2.3313180248909218,1.6149057659231647,,98.8,2.2434599784314044,1.0021149130049196,1.0,True,True,False
5315,18.25,2026-09-10,-0.026666666666666616,-0.04699737005004445,-0.11646463076680014,-0.1471962464804294,,17.3,-0.20432267722631747,0.7918760597806022,0.7646973120825418,False,False,False
5321,83.80000305175781,2026-09-10,0.09685865678120842,0.4727592408524701,1.3277778625488281,2.5062763342801704,,98.6,1.2399198160893108,0.8861541986075665,0.966551395633663,False,False,False
5324,12.25,2026-09-10,-0.004065056094269548,0.0,0.012396662297629701,0.15023478298401405,,66.7,-0.07546138416188763,0.5097258778839231,0.9879032561979989,False,False,False
5328,58.09999847412109,2026-09-10,-0.009357612774558155,-0.1302394841980724,0.38011579855806343,1.278670610430627,,95.9,0.2922577520985461,0.15117156099855672,0.7093191478501488,False,False,False
5340,85.69999694824219,2026-09-10,0.08343866752766615,0.07663314812881916,-0.043526803485441246,-0.24989061752085617,,20.1,-0.13138484994495858,1.653098530408026,0.6437506067647493,True,False,False
5344,13.25,2026-09-10,-0.02214023516693342,-0.04332132598873317,-0.16139241518681668,-0.05017919848287167,,18.0,-0.24925046164633402,0.4015996754931193,0.7010582152080679,False,False,False
5345,22.649999618530277,2026-09-10,0.0437787475663729,0.002212355584805481,-0.31570994976815614,-0.019480552186502575,,5.4,-0.4035679962276735,0.27459419592197376,0.640735518987697,False,False,False
5347,161.5,2026-09-10,0.09863945578231292,0.012539184952978122,-0.024647229273971116,0.5378818072908003,,81.6,-0.11250527573348845,0.5429752820560065,0.7514649715355253,False,False,False
5348,16.5,2026-09-10,-0.020771535522018714,-0.006024119227211244,0.003039467157545106,-0.06250002031976487,,44.3,-0.08481857930197223,0.08497543629967222,0.8312342409526097,False,False,False
5351,115.5,2026-09-10,0.050000000000000044,-0.05327868852459017,0.3021420966609054,0.8509614931996299,,93.7,0.21428405020138808,0.6419953588387468,0.8523985239852399,False,False,False
5353,27.700000762939453,2026-09-10,-0.008944543584109343,-0.024647847358916564,-0.11322348526388537,0.1940936232057795,,47.2,-0.2010815317234027,0.32146105422973814,0.8386669547926019,False,False,False
5355,5.800000190734863,2026-09-10,-0.03171946371340728,-0.04448104996554125,-0.15574959427195711,-0.21621620054224122,,9.9,-0.24360764073147445,1.1116485805603653,0.5979381757507752,False,False,False
5356,26.200000762939453,2026-09-10,0.011583055939295761,0.017475757784056523,0.008110032115451249,0.14744228559132466,,65.9,-0.07974801434406609,0.4995766392358475,0.9835219121315188,False,False,False
5371,83.5,2026-09-03,0.0,-0.07734806629834257,0.14449468803207788,0.00742944457740391,,73.9,0.05663664157256054,0.0,0.6421401417030914,False,False,False
5381,23.700000762939453,2026-09-10,-0.05389215629690802,-0.026694029090238547,-0.15508016372327516,-0.2191860300346563,,9.9,-0.2429382101827925,0.504538051230862,0.5925000190734864,False,False,False
5386,311.0,2026-09-10,0.19615384615384612,0.11870503597122295,-0.033381236579084095,0.6323248386091027,,83.7,-0.12123928303860143,0.7089990093923699,0.7913885453438774,True,False,False
5388,71.0999984741211,2026-09-10,-0.05326231799296732,-0.13713595682651636,-0.16647132555224564,-0.06919859872685263,,15.9,-0.254329372011763,0.6230112446537128,0.6952336915802755,False,False,False
5392,40.84999847412109,2026-09-10,-0.050000035485556094,-0.09134136452948349,-0.0072661793005298625,0.0593348613121325,,55.9,-0.0951242257600472,0.265254201561864,0.7165022139906113,False,False,False
5398,14.199999809265137,2026-09-10,-0.003508785314727203,0.003533582479351205,-0.19318184650633885,-0.31400969633352316,,4.5,-0.2810398929658562,1.9515310563469772,0.4632952687111992,False,False,False
5403,92.6999969482422,2026-09-10,-0.006430933375026204,-0.003225839266212893,-0.015923567394850013,-0.11085113149675196,,35.7,-0.10378161385436735,0.5692348565356005,0.7927351162038879,False,False,False
5410,35.400001525878906,2026-09-10,-0.012552216663747617,0.005681839733084004,-0.17596574679280208,0.21541726597787036,,36.4,-0.2638237932523194,0.30691395374992325,0.7836909750911895,False,False,False
5425,89.30000305175781,2026-09-10,-0.02083326710594824,0.029988537428297324,-0.09430137996678434,0.5144960868684791,,75.3,-0.18215942642630167,0.4694107020350136,0.6352469515041128,False,False,False
5426,27.899999618530277,2026-09-10,-0.010638338166410244,-0.06532665789009406,-0.13888894121669515,0.46842103255422507,,68.0,-0.22674698767621249,0.3471985020135006,0.7036569620387128,False,False,False
5432,153.0,2026-09-10,0.0,0.22399999999999998,0.14551973275264163,0.030967771255506316,,75.1,0.05766168629312429,1.3453056791160432,0.8359197611040434,False,False,False
5434,527.0,2026-09-10,0.0,-0.009398496240601517,0.15886855012584067,0.6241587168451506,,90.1,0.07101050366632333,0.3720584995877553,0.8842281879194631,False,False,False
5438,16.700000762939453,2026-09-10,0.006024119227211244,-0.03188401374264038,-0.07015038088256176,-0.1640293973811835,,21.7,-0.1580084273420791,0.2603353331608192,0.5757678024142028,False,False,False
5439,258.0,2026-09-10,-0.011494252873563204,0.050916496945010215,-0.1882227277633084,0.005496836497272062,,18.2,-0.27608077422282573,0.6142388772748227,0.601248433342107,False,False,False
5443,108.0,2026-09-10,-0.018181818181818188,-0.048458149779735726,0.08170576297110355,0.1493123786458017,,74.8,-0.00615228348841379,1.5760598717085414,0.8024290471667503,False,False,False
5450,14.800000190734863,2026-09-10,0.013698616715036138,-0.013333320617675781,-0.015406154378894255,0.011025896889974351,,48.9,-0.10326420083841159,0.14076456509536842,0.8034285686477352,False,False,False
5452,26.700000762939453,2026-09-10,-0.0018691303574036588,-0.018382352425565407,-0.16430911743374155,-0.20150605357924734,,9.8,-0.2521671638932589,0.3073476630489498,0.6821101697516803,False,False,False
5455,29.649999618530277,2026-09-10,-0.013311135729978774,0.04035086380807984,0.09814813401963995,0.21020406606246023,,78.7,0.010290087560122618,0.7089347716404301,0.9457735010445396,False,False,False
5457,26.700000762939453,2026-09-10,-0.03610108203816098,-0.043010712257996686,-0.20744446190771026,-0.1513449208668055,,8.8,-0.2953025083672276,0.4425106804582597,0.5449777375938786,False,False,False
5460,17.200000762939453,2026-09-10,0.07165118881896726,0.07165118881896726,0.15824917987221898,0.1821306211316791,,81.9,0.07039113341270165,0.9298080877792211,0.8911917846043951,True,False,False
5464,89.5999984741211,2026-09-10,0.29855070252349414,0.327407384801794,0.2479107892172645,2.270072982538501,,97.0,0.16005274275774717,1.9781178490566427,0.8334883578988008,True,False,False
5465,24.149999618530277,2026-09-10,-0.012269985073534606,0.01898729287361478,-0.027763689590631913,-0.05842786134175071,,38.9,-0.11562173605014925,0.5724781146387424,0.7029188534880647,False,False,False
5468,27.899999618530277,2026-09-10,0.14110424326940008,-0.11987385025087338,0.28275860315081736,0.7329191899052216,,93.2,0.19490055669130002,0.7595535760550745,0.7685950469675417,False,False,False
5469,71.69999694824219,2026-09-10,0.007022472211107855,-0.06518905083365312,-0.11669904137223264,-0.1531238231713158,,16.9,-0.20455708783174997,0.2417923345866669,0.6630698468051919,False,False,False
5471,53.09999847412109,2026-09-10,-0.11352258561829887,-0.05516018232623643,-0.008087101177304046,0.2531859815192634,,70.8,-0.09594514763682138,0.5850184550041071,0.7952911614864566,False,False,False
5474,148.5,2026-09-10,0.017123287671232834,-0.051118210862619806,-0.1307316814361329,0.06752254833941662,,31.3,-0.21858972789565023,0.827625882664955,0.722669645434235,False,False,False
5475,184.5,2026-09-10,0.010958904109588996,0.24242424242424243,-0.23124999999999996,-0.16515837104072395,,6.2,-0.3191080464595173,0.9379091134994848,0.46125,False,False,False
5478,97.0,2026-09-10,-0.010204081632653073,-0.044334975369458074,-0.0536585365853659,-0.09480379416806284,,30.7,-0.14151658304488324,0.7980246961291604,0.9051962058319372,False,False,False
5481,21.0,2026-09-10,0.03960392113094824,0.06060610147364853,0.055276402138492386,-0.009433997912352998,,61.0,-0.03258164432102495,0.7478575615392883,0.828402354398011,False,False,False
5483,179.0,2026-09-10,0.017045454545454586,-0.032432432432432434,0.13794366167398908,0.6830981262656743,,90.3,0.050085615214471746,0.3005607565625235,0.6508383099316702,False,False,False
5484,40.0,2026-09-10,0.023017942736611507,-0.04306218349077473,-0.19191919191919193,-0.022004926462152907,,15.5,-0.27977723837870927,1.2431863971290364,0.6908462684948575,False,False,False
5487,29.25,2026-09-10,0.0034305448637519387,0.010362667673729176,0.07142860137125107,0.06751826303744157,,69.5,-0.01642944508826627,1.1545241636766552,0.9315286737372607,False,False,False
5488,11.800000190734863,2026-09-10,-0.0042194252426398515,-0.13553109739900504,-0.024785025388052273,0.2316903822768419,,67.5,-0.11264307184756961,0.1692215818694141,0.6619475810917013,False,False,False
5489,40.95000076293945,2026-09-10,-0.0036495794829792816,0.005856943542576154,0.0429734564793971,0.06927797220820775,,65.1,-0.04488458998012024,0.09330874686976479,0.6253226137360142,False,False,False
5490,25.649999618530277,2026-09-10,-0.042910434748818393,-0.16039279020950103,-0.06052901181849768,0.0058276429496899596,,38.8,-0.14838705827801502,0.3682160601044712,0.7245762291783812,False,False,False
5493,86.0,2026-09-10,0.022592170753291674,0.07098377000768252,-0.05339525684530044,0.06863694986327529,,46.6,-0.14125330330481778,0.5363718989362923,0.8825558356601292,False,False,False
5498,52.59999847412109,2026-09-10,-0.005671135030328012,-0.04710149008845621,-0.24207496660490968,-0.13770494304719527,,6.4,-0.329933013064427,0.5703543837452003,0.6329723157636605,False,False,False
5508,53.09999847412109,2026-09-10,-0.02029524489546719,-0.014842356755290886,-0.015603215250851177,0.054843368424945194,,53.6,-0.10346126171036851,0.5320811772266085,0.5234783384373035,False,False,False
5511,69.80000305175781,2026-09-10,-0.0028570992606026246,-0.0319000758812612,0.16105278486960417,0.22537702423269668,,83.2,0.07319473841008683,0.4906375950038647,0.9306667073567708,False,False,False
5512,7.730000019073486,2026-09-10,-0.007702174977324172,-0.022755983794046863,-0.02398990598360784,-0.06416467253295666,,39.2,-0.11184795244312518,0.5828801553815013,0.8764172660470306,False,False,False
5514,15.0,2026-09-10,0.0,0.09489052619224769,0.0714285714285714,-0.059561117280596765,,59.2,-0.01642947503094594,1.0591682372786448,0.8333333333333334,False,False,False
5515,50.0,2026-09-10,-0.05482044314233547,0.08932458252336817,0.23440280000889024,0.5045352891190138,,90.4,0.1465447535493729,0.6658328395193095,0.8976660559270224,False,False,False
5516,12.100000381469728,2026-09-10,0.025423744566582362,-0.1037036754466868,0.10000003467906615,-0.11029411455339222,,59.8,0.012141988219548816,0.09788925009543134,0.7223880824758047,False,False,False
5519,26.299999237060547,2026-09-10,-0.03486241331887896,-0.060714312962123373,-0.11005396689183866,-0.13022266828644247,,19.2,-0.197912013351356,0.7759004200742414,0.8697773317135575,False,False,False
5520,82.0,2026-09-10,-0.009661872249663306,-0.015606278560999165,0.0,-0.011346528068746475,,50.1,-0.08785804645951734,1.510201118129674,0.9250018051810719,False,False,False
5521,10.699999809265137,2026-09-10,0.014217973063356482,0.03883491370127201,0.029060191387226375,-0.2460704624528104,,31.9,-0.05879785507229096,0.4336901477732514,0.39695007826308526,False,False,False
5522,62.70000076293945,2026-09-10,-0.01724135559992479,-0.004761892651754751,-0.15093748292078557,0.041794545046011544,,25.4,-0.2387955293803029,0.2992491936124339,0.8263382146814487,False,False,False
5523,30.350000381469727,2026-09-10,0.0,0.0,-0.0016447117660512989,-0.008169934538673762,,50.0,-0.08950275822556863,0.27149835908593106,0.9918300654613262,True,False,False
5525,22.149999618530277,2026-09-10,0.006818164478648914,0.018390787058863323,0.04732930544165814,-0.06203040858814335,,54.9,-0.04052874101785919,0.5989736454645518,0.7521881700594758,False,False,False
5529,24.5,2026-09-10,0.025104618872233253,0.15023478298401383,0.05150218035332621,-0.0060184950171913165,,60.4,-0.036355866106191126,1.6473263020363256,0.8425803693208149,False,False,False
5530,49.400001525878906,2026-09-10,-0.008032082676900254,0.0010132330963301683,-0.006036201860267432,0.009193069579687352,,50.8,-0.09389424831978477,0.4910231889375911,0.8517241642392915,False,False,False
5531,7.199999809265137,2026-09-10,-0.03614457677509342,-0.023066496463188146,-0.11656439923078854,-0.1808873901579291,,15.0,-0.20442244569030588,0.8112080472076034,0.765957457601566,False,False,False
5533,13.899999618530272,2026-09-10,0.0,0.0,0.025991391085988802,0.018791420800064573,,57.8,-0.061866655373528534,0.8525295241692378,0.9045344555732157,False,False,False
5534,74.5,2026-09-10,-0.027415124229154708,0.015594823920030088,-0.04650987483864166,0.05465614220742987,,46.5,-0.134367921298159,0.6821375794656052,0.9140353890601591,False,False,False
5536,864.0,2026-09-10,0.057527539779681724,-0.05882352941176472,-0.26029608272608307,0.2522964291647787,,24.5,-0.3481541291856004,0.6044922098014442,0.6020905923344948,False,False,False
5538,36.5,2026-09-10,-0.00409281090405933,0.09774436090225569,0.17688177968103025,0.2500758249734245,,84.4,0.08902373322151291,0.3525799671962322,0.9668874172185431,False,False,False
5543,27.5,2026-09-10,-0.045138863593707224,0.10000000000000009,-0.09688015399099381,0.07003887874027726,,37.7,-0.18473820045051115,0.3604174851185348,0.7452574217568406,False,False,False
5546,14.449999809265137,2026-09-10,-0.02364867411885807,0.05474452630961246,-0.07922010664863344,-0.17302611650501332,,20.3,-0.16707815310815077,1.6418114653167328,0.5628855415917393,False,False,False
5547,19.850000381469727,2026-09-10,0.010178156072371936,-0.012437810709221453,0.053148861479643816,-0.0014420254715296066,,61.5,-0.03470918497987352,0.9844756027720759,0.8226553755383127,False,False,False
5601,31.0,2026-09-09,0.016393442622950838,0.05084745762711873,-0.005898030118248854,-0.13835394284472224,,35.1,-0.09375607657776619,0.9314224081473587,0.8146471734580129,True,False,False
5603,13.75,2026-09-10,-0.017857142857142905,0.001245556939507786,-0.07677357403692053,-0.1967408601884555,,19.3,-0.16463162049643787,0.5712493584991731,0.6969454689592165,False,False,False
5604,31.25,2026-09-10,0.009693028422143923,0.022913282501502374,0.008064516129032251,-0.11221592833311067,,41.1,-0.07979353033048509,1.0945527288723174,0.8243396754424159,False,False,False
5607,52.29999923706055,2026-09-10,-0.0856643611979403,0.013565906659678051,0.034100476194570684,0.08147959825191653,,64.8,-0.05375757026494665,1.5487196397684686,0.9143356388020597,False,False,False
5608,16.899999618530273,2026-09-10,-0.03151868884597875,0.1818181393787659,0.11920524447598368,0.0,,70.9,0.03134719801646635,0.7908184471396268,0.814457812941218,False,False,False
5609,78.69999694824219,2026-09-10,0.01156804448819404,0.0,0.018558936873507292,0.048925903411943805,,59.4,-0.06929910958601004,0.6345256147808621,0.9899370685313482,False,False,False
5859,14.050000190734863,2026-09-10,0.0071684862248750925,0.0035714421953474407,0.010791408368430844,-0.10509551838061482,,41.9,-0.07706663809108649,0.7449921801836451,0.8593272087417461,True,False,False
5863,11.0,2026-09-10,0.023255813953488413,0.021247871171040655,0.08299770364979508,0.025746792878283964,,68.1,-0.004860342809722251,0.6020256933188647,0.962167337664434,True,True,False
5864,35.5,2026-09-10,-0.022038546938694892,0.06128547654120897,-0.1549861663111769,0.6688139880291923,,76.9,-0.24284421277069423,0.6179091846659834,0.7441166635508922,False,False,False
5871,112.5,2026-09-10,0.008968609865470878,-0.008810572687224627,-0.006579885681501252,0.18916790746658196,,66.8,-0.09443793214101859,0.7635733820583702,0.9615384615384616,False,False,False
5876,47.900001525878906,2026-09-10,0.04243744789036463,0.11785305091218912,0.18413267433229552,0.28545705357394224,,85.5,0.09627462787277818,0.8535241325820478,0.9825641338641827,False,False,False
5878,38.04999923706055,2026-09-10,-0.012970168868883358,-0.01168833150492088,-0.03548799743482167,-0.08946213559033322,,34.5,-0.12334604389433901,0.5756565410553367,0.9105378644096668,False,False,False
5880,26.850000381469727,2026-09-10,0.005617963080303712,0.1141078820112571,0.18145319804281956,0.23004111777936553,,84.3,0.09359515158330223,0.736183997424864,1.0,True,True,False
5902,33.849998474121094,2026-09-10,-0.01598846009771393,-0.028694405847465965,-0.023342938212523867,-0.08153748938423111,,37.1,-0.1112009846720412,3.7366970862670765,0.7424639305353745,False,False,False
5903,185.0,2026-09-10,0.0027100271002709064,-0.0026954177897574594,0.013698630136986356,-0.002140382279550601,,54.0,-0.07415941632253098,0.548917881833227,0.9750078327705104,False,False,False
5904,71.5,2026-09-10,0.012747897242643802,-0.1333333333333333,0.14835469220132258,0.48745834420558265,,88.2,0.060496645741805244,0.5344736734068086,0.8208955367690837,False,False,False
6005,31.600000381469727,2026-09-10,-0.023183867945197556,0.03267973815469505,-0.07116785211075727,0.3030378653696719,,65.6,-0.1590258985702746,0.47821099452532906,0.8040943750234786,False,False,False
6015,17.149999618530273,2026-09-10,0.045731708380808644,0.06853585257061878,-0.07297299359295817,0.3141582379087444,,66.3,-0.1608310400524755,1.5593111961169988,0.748908292760529,False,False,False
6016,22.549999237060547,2026-09-10,0.05373830088924314,0.13602009086666356,-0.10189893697268526,0.468446949537054,,72.0,-0.1897569834322026,1.2323086072101526,0.7097493192731733,False,False,False
6020,20.5,2026-09-10,-0.019138738078044337,-0.028436036522381025,-0.10087716289577697,0.08867900466622847,,39.1,-0.1887352093552943,0.40248914010001274,0.7976653459700248,False,False,False
6021,42.79999923706055,2026-09-10,0.0876747368925157,0.1790633646450277,0.05289047061444485,0.40779509598899777,,82.3,-0.034967575845072485,2.3605741222978263,0.9661399542701318,True,False,False
6023,84.4000015258789,2026-09-10,-0.019744448064690223,-0.016317033520784063,0.01969224540985448,0.056907354151020106,,60.3,-0.06816580104966286,2.4411381103716354,0.9384946048643178,False,False,False
6024,60.900001525878906,2026-09-10,-0.03333330911303323,-0.008143322273196696,0.10927836111710998,0.23141916608809376,,80.6,0.021420314657592643,0.9821567261548594,0.9590551421398253,False,False,False
6026,15.199999809265137,2026-09-10,0.00996675193549934,0.037542676113055284,-0.03942489000912641,0.15068895768225876,,57.9,-0.12728293646864375,0.5523751644092301,0.8585451512078833,False,False,False
6027,14.550000190734863,2026-09-10,0.03928572790963303,0.20746887638410394,0.21250001589457201,0.5315789674457752,,90.3,0.12464196943505468,1.118073238653108,0.9965753294912015,False,False,False
6028,94.0999984741211,2026-09-10,-0.03586065629835056,0.04092916909058886,0.18813133964659334,-0.04900510769775479,,75.4,0.100273293187076,0.21350663895344252,0.735806293540171,False,False,False
6035,50.0,2026-09-10,-0.019607843137254943,-0.04214560786944266,-0.007585303431066226,-0.015075272664889727,,47.7,-0.09544334989058356,0.9561103461159078,0.7791195578078037,False,False,False
6103,32.29999923706055,2026-09-10,-0.21219514055949884,0.09491522837493371,-0.11506851405313567,-0.21411191152723574,,12.8,-0.202926560512653,1.9897467231987838,0.6211538314819336,False,False,False
6104,92.4000015258789,2026-09-10,-0.030430235393632543,-0.009646318289824873,-0.06666665125374838,0.02253864222558688,,39.3,-0.1545246977132657,0.34200134667613935,0.7833965041431667,False,False,False
6108,23.299999237060547,2026-09-10,0.010845987343810481,0.16791971659190552,0.23607420506820476,0.429447872861517,,89.5,0.14821615860868742,0.8050517748900092,0.896153816810021,False,False,False
6109,10.75,2026-09-10,-0.013761433374297471,-0.03587440647670603,-0.03587440647670603,-0.11885244524052796,,31.7,-0.12373245293622337,0.287802070723902,0.7570422636897431,False,False,False
6112,44.79999923706055,2026-09-10,-0.0033370750463386223,-0.02925248633115074,-0.007249565758103316,-0.03702169750263862,,45.2,-0.09510761221762065,0.6737461364521837,0.8226148475731566,False,False,False
6113,22.399999618530277,2026-09-10,-0.0218340614990844,-0.0912778918790974,-0.17798166537503568,0.03225801064423561,,20.8,-0.265839711834553,0.37866039094252746,0.7504187380994387,False,False,False
6114,23.850000381469727,2026-09-10,-0.0363636209507181,-0.12797074775806339,-0.18584381885206314,-0.18310713126122435,,9.0,-0.2737018653115805,0.3143006627237706,0.7147812601464287,False,False,False
6115,43.900001525878906,2026-09-10,-0.0011376390487507493,-0.02876104458224804,-0.04001048402879004,-0.0030483457517818113,,41.9,-0.12786853048830737,0.6885274774499623,0.9340177963078768,False,False,False
6116,14.699999809265137,2026-09-10,0.05755397213596858,0.038869272477902284,-0.057692342961327525,0.5588546483075774,,80.4,-0.14555038942084486,0.5114256914381705,0.6475770623437466,False,False,False
6117,61.79999923706055,2026-09-10,-0.034375011920928955,-0.046304549846654,-0.1650477165686126,-0.07402829979570946,,15.7,-0.25290576302812995,0.5388637922481879,0.6705985296628053,False,False,False
6118,15.050000190734863,2026-09-10,-0.0066006224629271415,-0.03525642162087228,-0.11209442399311687,-0.179836518917312,,15.7,-0.1999524704526342,0.5002463349459184,0.6244813258304623,False,False,False
6120,12.199999809265137,2026-09-10,-0.01612901737240857,-0.04313726986155786,-0.09112961254691199,-0.084422133138909,,24.7,-0.17898765900642932,0.6533571572678817,0.7705640062931128,False,False,False
6121,378.5,2026-09-10,-0.040557667934093766,-0.12282734646581694,-0.05247856086184988,0.10768489907873091,,51.3,-0.1403366073213672,0.49053933366996777,0.8340215658131723,False,False,False
6122,50.400001525878906,2026-09-10,-0.02890173325432477,0.08154513253617646,0.16495103426864954,0.023744935828319935,,76.7,0.07709298780913221,0.9481110567865253,0.8621009880448284,False,False,False
6123,42.54999923706055,2026-09-10,-0.026315823931384985,-0.027428588867187464,-0.021455944613112177,0.04909019565500783,,51.9,-0.10931399107262951,0.6440359401362846,0.8220416921568839,False,False,False
6124,26.5,2026-09-10,-0.0056285035901456615,-0.036363636363636376,-0.12251657845916297,-0.23299564152886,,11.4,-0.2103746249186803,0.5978440816956364,0.6982872059881197,False,False,False
6125,49.79999923706055,2026-09-10,-0.0404624706565998,-0.00796815776493398,-0.16839100361009363,-0.17249431892013523,,10.5,-0.25624905006961096,0.5638534736221873,0.6143142965185014,False,False,False
6126,28.850000381469727,2026-09-10,-0.010291569159055713,-0.03657192626391381,-0.2687521120591507,-0.10674581108521075,,5.7,-0.35661015851866806,0.4474007611361188,0.6844819888534901,False,False,False
6127,49.0,2026-09-10,0.045891176006473744,-0.0540540401216314,-0.35441371521853093,0.38810201300390346,,20.9,-0.44227176167804827,0.5681197997797236,0.5056759466295123,False,False,False
6128,18.950000762939453,2026-09-10,-0.04534003028888789,-0.0733496305153385,-0.08894223759512676,-0.1738527141123164,,19.0,-0.1768002840546441,1.8165754783357386,0.6764620733531385,False,False,False
6129,14.76179027557373,2026-09-09,-2.5841691342343154e-07,-0.10273996345308734,-0.12666694501037867,-0.12956830378371031,,17.0,-0.214524991469896,0.0,0.628297189916337,False,False,False
6133,22.100000381469727,2026-09-10,-0.029876832801360886,0.03552475143818601,-0.031914872284866114,-0.04197811759888903,,40.3,-0.11977291874438345,1.2599798921582974,0.7958696228255668,False,False,False
6134,28.350000381469727,2026-09-10,-0.008741258624666903,0.016129059824093073,-0.19528895678265545,-0.07698736850302335,,11.9,-0.2831470032421728,0.42758304736582337,0.7177699128548511,False,False,False
6136,24.649999618530277,2026-09-10,0.0,-0.02952755949857755,0.027412862643689362,0.08569047792663609,,64.0,-0.060445183815827974,1.2939422105135927,0.9228368597223886,False,False,False
6138,271.5,2026-09-10,-0.03035714285714286,-0.07179487179487176,-0.09407088446626666,0.24639919100794927,,56.7,-0.181928930925784,0.34128146761817957,0.6444450239479838,False,False,False
6139,753.0,2026-09-10,0.057584269662921406,-0.04293363718283849,-0.03580023296192392,0.4897904362718506,,78.9,-0.12365827942144125,0.4151928226465143,0.8127547897558979,False,False,False
6140,16.100000381469727,2026-09-10,-0.0271902644311387,-0.052941154031192594,-0.2747747825150092,-0.2938596087626276,,2.3,-0.36263282897452653,0.584701721273909,0.41872561929798263,False,False,False
6141,55.400001525878906,2026-09-10,0.07156674484213466,0.5013549928182384,0.728549230722537,2.043956000193669,,98.0,0.6406911842630196,1.0761697985627199,0.9405772511149731,False,False,False
6142,8.550000190734863,2026-09-10,-0.011560628000628848,-0.07866374603898862,0.014234861354086359,-0.10564855486924041,,42.4,-0.07362318510543098,0.18632559391568304,0.76000001695421,False,False,False
6143,82.5,2026-09-10,-0.0625,-0.07094597787441292,-0.09040790765319995,-0.12665104130490612,,21.6,-0.17826595411271728,0.5059017450837385,0.5851438070516348,False,False,False
6146,181.0,2026-09-10,-0.021621621621621623,-0.03208556149732622,-0.05178864139929018,-0.020385889149322156,,37.6,-0.13964668785880752,0.8214664229288497,0.827640446459159,False,False,False
6147,190.5,2026-09-10,0.007936507936507908,0.21725239616613412,-0.13895609096826567,2.161866164905679,,95.4,-0.226814137427783,1.6846207497848007,0.6313382586511986,False,False,False
6148,28.200000762939453,2026-09-10,0.0162162437095299,-0.010526289019668345,-0.1849710402724003,-0.21386746176802218,,7.8,-0.27282908673191764,0.3099704645467904,0.5734143313305936,False,False,False
6150,60.0,2026-09-10,-0.008264462809917328,-0.008264462809917328,-0.05338332479318586,0.03916751586700884,,43.2,-0.1412413712527032,1.059391457287955,0.6528390619622328,False,False,False
6151,34.54999923706055,2026-09-10,-0.019858177672041233,-0.028129395821688497,-0.18224853876779767,0.23043698491501097,,36.5,-0.270106585227315,0.49916906777217585,0.6937750957102197,False,False,False
6152,15.199999809265137,2026-09-10,0.12177118784533314,-0.055900655334172766,0.013333320617675781,-0.23037975649290443,,30.5,-0.07452472584184155,1.5438640091503022,0.6893424188295539,True,False,False
6153,17.399999618530273,2026-09-10,0.011627839925551386,0.011627839925551386,-0.21797754523459445,0.060975611174411526,,17.7,-0.3058355916941118,0.4109417441094508,0.711656403909183,False,False,False
6154,13.899999618530272,2026-09-10,-0.014184450888547362,-0.010676197165001344,0.02984450733571009,0.06013402523163314,,62.3,-0.058013539123807245,0.379656774872221,0.9548226871835455,False,False,False
6155,57.09999847412109,2026-09-10,0.06133827665163438,-0.022260325647110557,-0.297196009455471,0.3309452040908871,,25.1,-0.3850540559149883,0.37484688390358956,0.5850754158460284,False,False,False
6156,20.600000381469727,2026-09-10,-0.002421270604561321,-0.06363634629683057,0.0095552391964564,0.04515663221433419,,57.1,-0.07830280726306094,0.12821388068333278,0.6483237326352144,False,False,False
6158,17.049999237060547,2026-09-10,-0.01445086768931425,0.01791040221257001,-0.0229227225438543,-0.09549077495927527,,35.9,-0.11078076900337164,0.36690480920956486,0.695918336206553,False,False,False
6160,14.600000381469728,2026-09-10,-0.01016946566306931,0.03180217491668014,-0.12048192494215615,-0.10429441320007005,,19.6,-0.20833997140167348,0.35192147483792613,0.627957005654612,False,False,False
6161,49.84999847412109,2026-09-10,-0.035783409313690395,-0.07685188010886879,-0.0330152026258308,0.2290434288637917,,65.8,-0.12087324908534813,0.6980139580126359,0.7988782099776955,False,False,False
6163,40.34999847412109,2026-09-10,0.015674158786857184,-0.05030935958185134,-0.20211177862185103,-0.183000652131314,,7.6,-0.28996982508136837,0.20966063403270394,0.5523841981347369,False,False,False
6164,11.300000190734863,2026-09-10,-0.05042012159908893,-0.05042012159908893,-0.11718749825377017,-0.05042012159908893,,22.9,-0.2050455447132875,0.2595226079801617,0.6494253125558023,False,False,False
6165,47.70000076293945,2026-09-10,-0.03048780440527743,-0.03830640664581797,-0.028513192559863842,0.08163270778639431,,53.8,-0.11637123901938118,0.3421873891070203,0.8281250351832983,False,False,False
6166,112.5,2026-09-10,-0.013157894736842146,-0.17883211678832112,-0.11669761743295393,0.8546462973704021,,84.8,-0.20455566389247126,0.5954924323410122,0.6756756756756757,False,False,False
6167,10.399999618530272,2026-09-10,0.009708682130449064,-0.009523845854259805,-0.10344833823077992,-0.1333333651224774,,20.0,-0.19130638469029726,0.4195768074122894,0.6341463329535305,False,False,False
6168,29.799999237060547,2026-09-10,0.07971010236173304,0.18725094757610572,0.14615381681002093,0.3796295699432237,,86.0,0.058295770350503595,1.5499906660720113,0.8394365982270576,True,False,False
6170,48.59999847412109,2026-09-10,0.012499968210855972,0.029660967977799046,0.006211164426486171,0.062055328554714295,,58.3,-0.08164688203303117,0.8029582994494647,0.9891887388590853,False,False,False
6171,26.299999237060547,2026-09-10,0.017408079263062426,0.10504202017397901,0.0981210187582755,-0.0383912661705329,,65.4,0.010262972298758166,1.304999555564241,0.8566774782888437,False,False,False
6173,295.0,2026-09-10,0.22406639004149387,0.44963144963144974,0.0739890716332321,3.669150601693109,,98.1,-0.01386897482628524,1.6374089811998818,0.8472409469406873,True,False,False
6174,42.5,2026-09-10,-0.0011750702222574905,-0.035187270463253206,-0.14926130240498892,0.9996334972066276,,86.7,-0.23711934886450625,0.23917934458820328,0.6746031746031746,False,False,False
6175,71.0,2026-09-10,0.024530979413846854,-0.09554140127388533,-0.2664510135324206,0.5792124786490276,,56.1,-0.35430905999193796,0.17408547182785886,0.620840606463109,False,False,False
6176,89.0999984741211,2026-09-10,-0.013289086789386784,-0.15864025316045327,-0.25079353491175116,-0.2723569647595301,,3.2,-0.3386515813712685,0.5743418365248885,0.4911590640884267,False,False,False
6177,47.5,2026-09-10,-0.02564102564102566,0.06160934439665211,0.07399286646358982,0.10685826263154219,,71.4,-0.013865179995927512,1.0012001488068303,0.9107692163656184,False,False,False
6179,38.20000076293945,2026-09-10,0.30821917002902177,0.42224335898173515,0.6207648017031959,0.4762184081862382,,94.7,0.5329067552436786,4.9978592799273684,1.0,True,True,False
6182,108.5,2026-09-10,0.038277511961722466,0.05339805825242716,0.22047241999670275,2.3384615384615386,,97.2,0.13261437353718541,0.4809064396019799,0.5725593667546174,False,False,False
6183,91.3000030517578,2026-09-10,0.0,0.004870233334382856,0.05752232644282551,0.011297974517929577,,62.9,-0.030335720016691825,0.5398436075385886,0.9504984987017182,False,False,False
6184,40.5,2026-09-10,0.004962798181780803,-0.040284377540400707,-0.07849830951194525,-0.09771623495681259,,25.9,-0.1663563559714626,2.6958106127571226,0.8550297718877837,False,False,False
6185,12.699999809265137,2026-09-10,-0.003921583587048083,-0.0729927017461498,-0.06706210819528502,-0.07695187420791472,,29.9,-0.15492015465480236,0.5479468854886352,0.7421096913891767,False,False,False
6186,30.700000762939453,2026-09-10,-0.03307084211214317,-0.11527377268164529,-0.1541132159716394,-0.16126445946888157,,11.8,-0.24197126243115674,1.014706677540022,0.5182634619481318,False,False,False
6187,1280.0,2026-09-10,-0.01538461538461533,0.10822510822510822,0.19471932454314556,1.077356660645047,,93.8,0.10686127808362822,0.9284105939489882,0.8951048951048951,False,False,False
6188,63.5,2026-09-10,-0.03201217260621636,-0.10568963647989682,-0.20921817693635358,-0.31392739249987267,,4.0,-0.2970762233958709,0.579010604686127,0.5029440371886523,False,False,False
6189,46.34999847412109,2026-09-10,-0.035379829134903784,-0.06552419556415301,-0.0976361096049485,0.09703108285462703,,41.0,-0.18549415606446584,0.5681854864666733,0.8625068048982347,False,False,False
6190,68.0999984741211,2026-09-10,0.011887004250921596,-0.010174484688759478,-0.13148872862291483,0.36918245293417695,,61.7,-0.21934677508243217,0.6955468436470436,0.7590033403448575,False,False,False
6191,82.0,2026-09-10,0.007370988487393815,-0.05855337041867337,-0.10371094336349884,-0.12788473889335306,,20.2,-0.19156898982301618,0.17575853053387994,0.6114321076175632,False,False,False
6192,114.0,2026-09-10,-0.012987012987012991,-0.053941908713692976,-0.029787234042553234,0.0166420946427408,,46.2,-0.11764528050207057,0.6250270035496877,0.8539325842696629,False,False,False
6194,29.950000762939453,2026-09-10,0.010118082572307507,0.0033500964888364404,-0.03371707915034394,0.0016722790985652658,,43.5,-0.12157512560986128,0.46902852191054867,0.7932536571679198,True,False,False
6195,27.649999618530277,2026-09-10,-0.007181355842010073,-0.04159447996784804,0.0460665607603894,0.12355292762681147,,69.9,-0.04179148569912794,0.7658252679622335,0.9534482627079406,False,False,False
6196,535.0,2026-09-10,0.07000000000000006,0.07214428857715438,-0.01194489082229111,0.9098912146581641,,89.3,-0.09980293728180845,1.2694542644095734,0.9067796610169492,True,False,False
6197,301.0,2026-09-10,0.006688963210702337,-0.014729950900163713,-0.06226027457821681,0.795963584604322,,86.0,-0.15011832103773415,0.6138107935123925,0.8080536912751678,False,False,False
6198,19.399999618530277,2026-09-10,-0.020202001714301754,-0.005128224690755023,-0.06730767643663227,-0.11415525312998964,,26.7,-0.1551657228961496,0.30556089567953026,0.629870133087112,False,False,False
6199,97.3000030517578,2026-09-10,0.022058888349096417,-0.059903352156929435,0.006204820294221314,0.029629661923362915,,55.8,-0.08165322616529602,2.248595491373987,0.8245762970487949,False,False,False
6201,44.29999923706055,2026-09-10,-0.0033746124477903594,-0.030634606181762725,0.0017413406537440945,-0.08367846358804798,,42.3,-0.08611670580577324,0.8547877210486527,0.8138070788099264,False,False,False
6202,56.59999847412109,2026-09-10,-0.007017570629454628,-0.10329531951988247,-0.03687274628378434,0.05164991097653626,,48.6,-0.12473079274330168,0.19667480753907046,0.7762518066511548,False,False,False
6203,60.09999847412109,2026-09-10,-0.0033167622797669605,-0.016366612520024026,-0.04205185092133523,-0.024555004432109118,,39.9,-0.12990989738085257,0.37426911814123187,0.7374767977023651,False,False,False
6204,88.5999984741211,2026-09-10,0.0011299262612551875,0.03625729209498352,-0.19086759384364294,0.4175999755859374,,55.1,-0.27872564030316027,0.5201357287764706,0.7087999877929687,False,False,False
6205,63.09999847412109,2026-09-10,-0.035168241561090885,-0.02018638231297898,-0.2567043737794319,0.23882604370094684,,23.8,-0.34456242023894923,0.3344910432974081,0.6547360134679888,False,False,False
6206,135.0,2026-09-10,0.0037174721189590088,-0.07534246575342463,0.07982079878223325,0.3868286422462355,,83.1,-0.008037247677284087,0.47525649786736585,0.8544303797468354,False,False,False
6207,112.0,2026-09-10,0.07692307692307687,0.004484304932735439,-0.09288255148038993,1.138451766214343,,90.2,-0.18074059793990727,1.2165516047580485,0.6796529192493442,False,False,False
6208,76.4000015258789,2026-09-10,-0.0013071695963541297,-0.06372545398871954,-0.10375727566726167,0.6986586418077205,,81.7,-0.191615322126779,0.29007975394941415,0.7276190621512276,False,False,False
6209,81.0,2026-09-10,-0.001233026831104156,0.08000000000000007,-0.009959496939190626,0.5658223230330621,,82.9,-0.09781754339870796,0.9437614907220281,0.839293635125449,False,False,False
6210,17.75,2026-09-10,-0.0028089460226743412,0.017191932604248894,-0.14868107073152992,-0.11691543964527495,,15.0,-0.23653911719104725,0.42773342742469017,0.7924107277803885,False,False,False
6212,31.399999618530277,2026-09-09,0.014539542633215996,0.08275860753552688,0.11942960686585691,-0.0031746152847531572,,70.7,0.03157156040633957,1.6735931376173925,0.7251732141291809,False,False,False
6213,519.0,2026-09-10,0.013671875,0.11853448275862077,1.0727119228767403,2.949885166765124,,98.5,0.984853876417223,0.6196671818323738,0.8902229845626072,False,False,False
6214,187.5,2026-09-10,0.024590163934426146,0.3157894736842106,0.34593349655843886,0.7642642588747675,,93.7,0.2580754500989215,0.5354150407091135,1.0,True,True,False
6215,100.5,2026-09-10,0.027607329897661792,-0.038277511961722466,-0.051716364429544526,-0.05612699641954477,,34.6,-0.13957441088906186,0.6119440544490341,0.751602600860723,False,False,False
6216,20.0,2026-09-10,-0.022004926462152907,-0.07972036760773238,-0.07566628303206735,-0.18037597263209149,,20.2,-0.16352432949158469,1.141428528341662,0.7198070713636469,False,False,False
6217,172.0,2026-09-10,-0.12020460358056262,0.11688311688311681,-0.2803347280334728,0.3870967741935485,,33.2,-0.36819277449299015,1.1038539351518473,0.5043988269794721,False,False,False
6218,46.150001525878906,2026-09-10,0.08333340795573974,0.27662516121448144,0.45125794443713363,0.9935206171208062,,95.4,0.3633998979776163,2.8226012213887652,0.9840085293049264,False,False,False
6219,12.100000381469728,2026-09-10,-0.024193487604002084,-0.012244866818797662,-0.076335875639708,-0.2621950815292702,,14.9,-0.16419392209922534,0.5194189105437024,0.5707547144348321,False,False,False
6220,25.5,2026-09-10,-0.003906264842953311,-0.02857142857142858,-0.24783233433214713,-0.35581689268789785,,2.1,-0.33569038079166447,0.23300894428932534,0.5745033310366398,False,False,False
6221,21.200000762939453,2026-09-10,-0.013953452886537043,-0.01043587218551667,-0.05236650766353401,-0.1732291799085629,,23.5,-0.14022455412305135,0.5803701926428118,0.5539744100035415,False,False,False
6222,19.850000381469727,2026-09-10,-0.009975005645942447,-0.012437810709221453,-0.043373475591820365,0.02056553227969249,,43.4,-0.1312315220513377,0.5137984526761983,0.8593073616307352,False,False,False
6223,5620.0,2026-09-10,0.113974231912785,-0.14848484848484844,-0.13042335137748795,0.5621066023588301,,74.3,-0.2182813978370053,1.1865607602778079,0.7641198990862701,False,False,False
6224,89.0,2026-09-10,0.1180904736943551,0.45424834788393076,0.16644818401418937,1.2351541330606919,,94.1,0.07859013755467203,1.97104887059594,0.9368421052631579,True,True,False
6225,74.30000305175781,2026-09-10,0.23013246978020896,2.0853518220316256,2.1888414371094744,2.082987629696737,,98.8,2.100983390649957,1.1816237625716342,1.0,True,True,False
6226,32.599998474121094,2026-09-10,0.01874995231628418,0.6059113152381377,1.6942146649884098,2.5511979728084406,,98.7,1.6063566185288924,0.8212033677928413,0.9546119185211978,False,False,False
6227,116.0,2026-09-10,0.026548672566371723,-0.03921163085626411,-0.043024265356857994,0.4794962083678733,,78.1,-0.13088231181637533,0.6486080789732855,0.8898815251200177,False,False,False
6228,17.299999237060547,2026-09-09,0.0,-0.059782630667119196,-0.19907412354020504,-0.2924335911153285,,4.7,-0.2869321699997224,0.0,0.525835818683853,False,False,False
6229,23.5,2026-09-10,-0.004237304231073047,-0.004237304231073047,-0.08737864077669899,0.10818304387753552,,43.3,-0.17523668723621633,0.32821813751631146,0.7719926978554416,False,False,False
6230,107.5,2026-09-10,0.014150943396226356,-0.009216589861751112,-0.19172932330827064,-0.36011904761904767,,3.6,-0.279587369767788,0.761071625823731,0.589041095890411,False,False,False
6231,218.0,2026-09-10,0.04807692307692313,-0.0113378684807256,-0.1650500870082352,0.09484860091313241,,27.7,-0.25290813346775254,1.2945304364711345,0.6408870074623063,False,False,False
6233,20.0,2026-09-10,-0.04534609681828772,-0.101123595505618,-0.12286620358585787,-0.2690551900360587,,10.4,-0.2107242500453752,0.37587165972378944,0.6769341450531482,False,False,False
6234,35.20000076293945,2026-09-10,0.03225813308036263,-0.05088907640885465,-0.17751060883405156,0.32273483854445795,,47.3,-0.2653686552935689,0.3525367985756896,0.5717627739451522,False,False,False
6235,38.400001525878906,2026-09-10,-0.02661594972760939,-0.020408143405366563,-0.06227104247989035,-0.2056103566831461,,20.4,-0.15012908893940768,0.2651139023848149,0.5138643362990423,False,False,False
6236,19.049999237060547,2026-09-09,0.0,0.11730205803486027,0.002631538792660315,-0.118055606452525,,39.2,-0.08522650766685702,0.0,0.6047618805416046,True,True,False
6237,33.45000076293945,2026-09-10,-0.0497159080133458,-0.05641748820752812,-0.2422329830704597,-0.11410322662120354,,7.2,-0.33009102952997704,0.48543854759071703,0.5977039629208457,False,False,False
6239,283.5,2026-09-10,0.030909090909090997,0.007104795737122638,-0.1681059869377174,0.4136095324201208,,58.6,-0.2559640333972347,0.5569632728318149,0.7627524197366365,False,False,False
6240,22.549999237060547,2026-09-10,-0.19320219600992228,0.11358020923755796,0.2633052523892345,0.22554346220479737,,87.4,0.1754472059297172,3.2771062532915156,0.8067978039900777,False,False,False
6241,15.0,2026-09-10,-0.10447761194029848,-0.2373057895290147,-0.21261423962846215,-0.044134305819847564,,11.9,-0.3004722860879795,0.23390614192673245,0.5821629107434889,False,False,False
6243,37.400001525878906,2026-09-10,-0.03732296023661519,-0.16049377853263025,0.2084006657170392,0.14373090682817957,,83.4,0.12054261925752185,0.10455951617183372,0.7164751145450532,False,False,False
6244,22.600000381469727,2026-09-10,-0.02164502128757917,-0.0699588028380721,-0.2693548456716851,-0.2986708915228672,,2.4,-0.35721289213120244,0.3916630476386243,0.6259797485094235,False,False,False
6245,83.30000305175781,2026-09-10,0.09461241421818412,-0.0072930781266664635,0.07849645616211332,0.360719888164291,,82.4,-0.009361590297404021,0.8424619793935699,0.9557790489636497,True,False,False
6246,13.050000190734863,2026-09-10,0.023529426724302915,-0.022471923757491075,-0.14983714225254274,-0.19444447060834769,,10.9,-0.23769518871206008,0.3506562425167174,0.7250000105963813,False,False,False
6248,16.950000762939453,2026-09-10,0.0,0.011534086685893286,-0.005093828707680714,-0.1055646598135459,,38.7,-0.09295187516719805,0.580095161760717,0.8253198658451993,False,False,False
6257,217.0,2026-09-10,0.038277511961722466,0.028436018957346043,-0.00482447654013185,0.702172847006852,,86.4,-0.09268252299964919,0.9989909649376147,0.8074409435854111,False,False,False
6259,28.799999237060547,2026-09-10,-0.005181399721098878,-0.07246376989647241,0.05495773390279668,0.6543655897956187,,87.9,-0.03290031255672066,0.1473912526517495,0.6834937605792311,False,False,False
6261,76.69999694824219,2026-09-10,-0.02417304787231611,-0.0012642624420471371,-0.18705175825993958,0.15982223604589763,,29.5,-0.2749098047194569,0.6709836091995423,0.5925083561105812,False,False,False
6263,157.5,2026-09-10,-0.08163265306122447,-0.03076923076923077,-0.006309148264984188,0.33798811278697216,,75.2,-0.09416719472450152,0.8204137701441949,0.8730638842086031,False,False,False
6264,6.0,2026-09-10,-0.001663931530947127,-0.008264494075791107,-0.01153215316009093,-0.11373707283543222,,36.3,-0.09939019961960827,0.6330935506450593,0.7672634102673282,False,False,False
6265,54.0,2026-09-10,-0.0018484006828377586,-0.049295761877997,-0.08319187434530018,0.3012048192771084,,63.5,-0.1710499208048175,0.5031976920698698,0.8450704023556322,False,False,False
6266,25.0,2026-09-10,0.016260146842582035,-0.005964199634411083,-0.017681758328068398,-0.061862318389350746,,41.0,-0.10553980478758573,0.7713313815016307,0.8666749936374054,False,False,False
6269,66.5999984741211,2026-09-10,0.024615361140324588,-0.004484350447163443,-0.07883823426060199,0.231053610953047,,58.1,-0.16669628072011933,0.881683925455061,0.7611428397042411,False,False,False
6270,28.549999237060547,2026-09-10,0.012411293072766894,-0.08051529988496942,-0.1484169353295287,0.2465726672330273,,45.4,-0.23627498178904605,0.10970254437924323,0.6852504637029838,False,False,False
6271,227.0,2026-09-10,0.05336426914153125,0.1464646464646464,-0.048218029350104774,0.5376147706880774,,80.2,-0.1360760758096221,0.8398529961219396,0.7895652173913044,False,False,False
6272,29.600000381469727,2026-09-10,0.022452490549236037,0.21810704982764006,-0.10935711560473105,-0.10299534762205054,,20.8,-0.19721516206424838,2.7508754032673677,0.5206494760366893,False,False,False
6274,1395.0,2026-09-10,0.037174721189590976,-0.12812500000000004,-0.02447552447552448,2.1075313209919084,,96.0,-0.11233357093504182,1.0497597994966008,0.7342105263157894,False,False,False
6275,45.5,2026-09-10,0.009988918325424923,0.020179407100229696,0.0046885542234640365,-0.023133554403259038,,49.7,-0.0831694922360533,0.9918998024981407,0.7832605522023562,False,False,False
6276,18.899999618530277,2026-09-10,-0.06896550104171284,-0.02577319638307707,-0.2440000152587889,-0.39616613165434633,,1.8,-0.33185806171830623,0.6038157320033861,0.39049584757605166,False,False,False
6277,77.5999984741211,2026-09-10,-0.02878602012307674,-0.012722646557420059,0.07644058725522429,0.3325654616807021,,81.5,-0.011417459204293046,0.2951298603122602,0.8868571254185268,False,False,False
6278,191.5,2026-09-10,0.0,0.11988304093567259,-0.06644103809672797,0.969809523174229,,88.7,-0.1542990845562453,0.5161918661815694,0.799111372879872,False,False,False
6281,51.29999923706055,2026-09-10,0.0,-0.0077369733070805635,-0.005813938874649316,-0.09867748487076289,,39.5,-0.09367198533416665,0.5739849597822484,0.7729290533437663,False,False,False
6282,43.20000076293945,2026-09-10,0.0,-0.06818121976321712,-0.24379931411470945,-0.04280483375647137,,9.8,-0.3316573605742268,0.29795024454886593,0.6205544484749412,False,False,False
6283,19.799999237060547,2026-09-10,-0.0100000381469727,-0.01980205498867016,-0.1680672322783665,-0.05938242495511614,,16.3,-0.25592527873788384,0.4922944042235205,0.7346938284428066,False,False,False
6284,78.80000305175781,2026-09-10,0.042328103733125344,-0.006305169996950188,-0.18541900689562274,0.09573921500168736,,23.7,-0.2732770533551401,0.42687411905365014,0.6477232612724105,False,False,False
6285,227.0,2026-09-10,-0.027837259100642386,-0.09741550695825052,-0.14508724359522507,0.37806832375695065,,59.5,-0.2329452900547424,0.380740787331572,0.7235938831354306,False,False,False
6290,275.0,2026-09-10,0.12016293279022405,0.25858123569794045,-0.06472778692167447,0.30548420132608545,,66.9,-0.1525858333811918,1.1751965387619987,0.7683503634000833,True,False,False
6291,495.0,2026-09-10,0.08078602620087327,0.2298136645962734,-0.07649253731343286,0.5718782703733813,,79.0,-0.1643505837729502,2.350815482995427,0.7290132547864506,True,False,False
6292,66.0999984741211,2026-09-10,0.10166664123535152,-0.003016660157324269,0.12226908782287138,0.6051366319761426,,88.8,0.034411041363354045,1.487074743993777,0.9713487807659048,False,False,False
6405,39.20000076293945,2026-09-10,0.0,-0.04390242041611092,-0.4343434482439733,0.24642288750379193,,6.3,-0.5222014947034906,0.4869551127890692,0.4839506267029562,False,False,False
6407,23.100000381469727,2026-09-10,-0.06097560881055497,0.008733657915767523,-0.16243653207502717,0.34510880550951306,,53.3,-0.2502945785345445,1.566294202498282,0.41807432584040816,False,False,False
6409,876.0,2026-09-10,-0.09876543209876543,-0.1195979899497488,-0.022032303142250464,0.12285181709834125,,58.7,-0.1098903496017678,0.5327606351208432,0.7050464590195341,False,False,False
6411,78.19999694824219,2026-09-10,-0.010126620908326722,-0.008872047707212283,-0.1754194992147048,0.00827924112399514,,19.8,-0.2632775456742221,0.20914320758892804,0.7066799391404037,False,False,False
6412,73.69999694824219,2026-09-10,-0.046571875309049715,-0.0764411763187427,-0.19629226389352739,-0.046958759484406976,,13.2,-0.2841503103530447,0.5384292903316247,0.7203739140985217,False,False,False
6414,372.5,2026-09-10,-0.022309711286089273,-0.18221734357848518,0.029197186767035976,0.41045088026649323,,81.2,-0.05866085969248136,0.4642977839308718,0.7405566600397614,False,False,False
6415,405.0,2026-09-10,-0.014598540145985384,-0.09799554565701563,-0.16837782340862428,0.5020340383813755,,66.0,-0.2562358698681416,0.6664384560959201,0.6017830609212481,False,False,False
6416,110.5,2026-09-10,0.15706806282722519,0.10499999999999998,0.36890308881465694,0.38222572658807796,,91.7,0.2810450423551396,1.5547189437059823,1.0,True,True,False
6417,105.5,2026-09-10,0.009569377990430672,-0.0580357142857143,-0.18970812232861312,0.016686990952372138,,18.6,-0.27756616878813045,0.516825458381067,0.7356233396322994,False,False,False
6418,35.099998474121094,2026-09-10,0.04619968024763366,0.07668712015384238,0.09687495231628418,0.10494024709101057,,74.2,0.009016905856766844,0.9252369386280042,0.4698919467309119,False,False,False
6419,158.5,2026-09-10,0.08561643835616439,0.03594771241830075,0.09310344827586214,0.8408827271656691,,91.1,0.005245401816344808,0.5951771290994811,0.8149100257069408,False,False,False
6423,83.19999694824219,2026-09-10,-0.015384651500092494,0.025893939748854677,0.03482581305004118,-0.07440114882597826,,50.5,-0.05303223340947616,0.4378093206591378,0.6629481828545194,False,False,False
6425,64.30000305175781,2026-09-10,0.045528504906631184,0.1086207422716865,-0.13323407471506166,-0.02569817548098463,,22.4,-0.221092121174579,0.9174307734282144,0.6359102272613236,False,False,False
6426,322.0,2026-09-10,0.2128060263653484,0.4531414953909054,0.6671700743861539,1.491099779901183,,97.2,0.5793120279266366,3.22561644381557,1.0,True,True,False
6432,55.5,2026-09-10,-0.06408093230945056,-0.23937179782094986,-0.19705440385740813,0.6702220561961323,,72.8,-0.28491245031692547,0.24044806645036834,0.6477155559734463,False,False,False
6434,14.550000190734863,2026-09-10,0.01041670667904504,-0.09345788894880958,-0.19613260308929348,1.3392284053897932,,90.1,-0.2839906495488108,0.45407652350489425,0.39863014221191406,False,False,False
6435,240.0,2026-09-10,0.012658227848101333,-0.0822179732313576,-0.10271498679969915,0.5839532567505104,,77.6,-0.19057303325921648,0.22745006054277417,0.58643983166342,False,False,False
6438,151.0,2026-09-10,-0.01948051948051943,0.010033444816053505,0.023775413506143206,0.03765715296534777,,59.3,-0.06408263295337413,0.6285661478006511,0.8207756446356871,False,False,False
6441,26.100000381469727,2026-09-10,0.24582336186071285,0.15486725402313417,0.12017172687094124,0.29850745702131554,,82.8,0.032313680411423906,4.969219711485496,0.8130841626834174,True,True,False
6442,1800.0,2026-09-10,0.016949152542372836,0.12852664576802497,-0.021270000673699885,0.07428653192380819,,54.8,-0.10912804713321722,1.1891462282785534,0.7660523915915027,True,False,False
6443,23.649999618530277,2026-09-10,-0.03665986340120264,-0.11588786472784007,-0.4335329432687359,-0.53627451728372,,0.2,-0.5213909897282533,0.4846926580820616,0.4521988520751553,False,False,False
6449,226.5,2026-09-10,0.04618937644341803,-0.07172131147540983,-0.4566685219509313,0.4207611841399377,,11.0,-0.5445265684104487,1.096772156808704,0.49404440331005234,False,False,False
6451,425.0,2026-09-10,-0.05555555555555558,-0.05764966740576494,-0.1529650359654121,1.1694467454365385,,89.0,-0.24082308242492945,0.8355706401142711,0.5873087927460886,False,False,False
6456,64.0999984741211,2026-09-10,-0.04896146850220384,-0.06559766909758158,-0.09845288537590968,-0.0031104909509215295,,30.8,-0.18631093183542702,0.6048896906101635,0.703622388010578,False,False,False
6462,98.9000015258789,2026-09-10,0.006103748275624987,-0.02561574851350834,-0.10497736175675199,-0.05358850214469946,,25.0,-0.19283540821626932,0.44536206530102207,0.6319488915391623,False,False,False
6464,77.69999694824219,2026-09-10,0.011718670061482195,0.019685040158451184,0.05460618886018431,0.08952691462459361,,68.5,-0.03325185759933302,0.34274534813745683,0.9761306336394389,False,False,False
6465,42.900001525878906,2026-09-10,-0.06739127117654553,-0.09684207313939142,-0.2935518355941268,0.33197198565835495,,25.9,-0.3814098820536441,0.4776378255454612,0.6025281371439446,False,False,False
6470,43.5,2026-09-10,0.041916167664670656,0.03202843239026287,-0.04524966398640018,-0.11904240434438085,,30.1,-0.13310771044591752,1.2688201932953431,0.8596308731131133,True,False,False
6473,6.28000020980835,2026-09-10,-0.029366242124356012,-0.03086416800562486,-0.1948717876612397,-0.19383822329127331,,7.9,-0.28272983412075703,0.16553968038136288,0.36941177704754996,False,False,False
6474,35.75,2026-09-10,-0.021887804480427264,-0.025286507053937424,0.00029651388054263705,0.08734081002971505,,59.6,-0.0875615325789747,0.33128564529482113,0.8108786414659561,False,False,False
6477,33.849998474121094,2026-09-10,-0.021676301533971376,-0.011678876667997273,0.01940102661851184,-0.13871540719344022,,40.8,-0.0684570198410055,0.12742980237332152,0.764836154818406,False,False,False
6485,60.5,2026-09-10,0.023688689712774602,-0.0850210847047016,-0.3075273579689243,-0.23348937053738683,,2.2,-0.3953854044284416,0.4021325817795198,0.4894585804665693,False,False,False
6486,80.5999984741211,2026-09-10,-0.030084236412814658,0.08187917414927637,0.06285879799521332,0.0108307086768622,,63.6,-0.024999248464304014,1.6093437359714968,0.9572446721543943,False,False,False
6488,917.0,2026-09-10,-0.010787486515641875,-0.017148981779206873,0.06544600952950508,1.1457933011943155,,93.0,-0.022412036930012258,0.858028552531647,0.6076207055506633,False,False,False
6494,51.400001525878906,2026-09-10,-0.06545451771129263,-0.07052437188042437,-0.0991690135901494,0.16684811976943958,,47.5,-0.18702706004966674,0.4535104029983493,0.7427746212810283,False,False,False
6498,70.19999694824219,2026-09-10,-0.05135139259132182,-0.06648936440039144,-0.2503499655289453,-0.17108433517862054,,5.2,-0.3382080119884626,1.2132263188471213,0.655027605650808,False,False,False
6504,37.20000076293945,2026-09-10,0.02160777329631758,-0.012709755049333027,0.07326220629555724,-0.01904668114259367,,62.9,-0.014595840163960094,0.9548819409416751,0.7687752935699789,False,False,False
6505,86.19999694824219,2026-09-10,0.12679734572865597,0.2279202378284526,0.6696796814392838,0.49675862984871655,,95.2,0.5818216349797665,0.8078918467789615,0.9248927014033337,False,False,False
6506,18.200000762939453,2026-09-10,-0.01086950324658753,0.05202321188262826,0.02919661106527105,0.1917014135437356,,71.3,-0.058661435394246286,0.6488451907445252,0.9297573462881682,False,False,False
6508,25.200000762939453,2026-09-10,-0.032629500921897425,-0.043643248648261634,0.09803930368390912,-0.08235290849163635,,62.1,0.010181257224391782,0.4132944882831749,0.8769323855708485,False,False,False
6509,45.79999923706055,2026-09-10,-0.02449417480705718,-0.05567011882349393,0.023844722646282568,0.2126201957674121,,71.7,-0.06401332381323477,0.30528645098793133,0.8235272692777257,False,False,False
6510,3670.0,2026-09-10,0.09552238805970159,0.2991150442477877,0.02210346891078596,-0.08099787127641489,,46.9,-0.06575457754873137,2.38882859507522,0.8785223279130501,True,True,False
6512,20.350000381469727,2026-09-10,0.007425723409153262,0.0024631106546002535,0.03562344918721205,0.02777783664656508,,60.7,-0.05223459727230528,0.9756576639775518,0.8905908114545423,False,False,False
6515,7195.0,2026-09-10,0.027857142857142803,0.0034867503486750717,-0.2441913665835186,0.1450559696055873,,19.7,-0.3320494130430359,1.7763816452583299,0.671440896554697,False,False,False
6516,56.900001525878906,2026-09-10,-0.018965490933122275,-0.06414470000197636,0.012455529420580813,-0.029553983716331,,50.6,-0.07540251703893652,0.5804699701190723,0.8809108040245521,False,False,False
6517,65.0,2026-09-10,-0.026946152238393473,0.031746031746031855,-0.001775313210617413,0.134501087737114,,63.3,-0.08963335967013475,0.304485330380532,0.8097656847382044,False,False,False
6525,129.5,2026-09-10,-0.044280442804428,-0.09440559440559437,0.031872509960159334,0.610906062911972,,86.1,-0.055985536499358,0.26569341010199254,0.5859728506787331,False,False,False
6526,642.0,2026-09-10,0.01904761904761898,0.037156704361873905,0.03457783317281371,0.19287387199806205,,71.8,-0.053280213286703626,0.6866779224043471,0.8697048584196029,False,False,False
6530,96.1999969482422,2026-09-10,0.012631546823602013,0.09942853655133943,0.008934126837811807,0.2553617668754071,,72.4,-0.07892391962170553,2.3613911419131624,0.7353505223275126,False,False,False
6531,1030.0,2026-09-10,0.1293859649122806,0.17312072892938501,0.11273376579703576,1.1360821511247692,,93.6,0.02487571933751842,1.111449063846901,0.8714855812441219,True,False,False
6532,96.4000015258789,2026-09-10,-0.034068150520151774,0.11574073869668577,0.12223515498817172,0.5047767482479382,,87.4,0.03437710852865439,1.4280496084515304,0.875146523348293,False,False,False
6533,246.0,2026-09-10,-0.043947383308887256,-0.03339882121807469,0.22388059701492535,0.2779220779220779,,87.2,0.13602255055540802,0.8113439952673555,0.7557603686635944,False,False,False
6536,16.350000381469727,2026-09-10,0.025078406080747184,-0.03254433428847481,-0.1925925737545814,0.1122449383410622,,23.9,-0.2804506202140987,1.0857634229093436,0.3516129114294565,False,False,False
6538,338.5,2026-09-10,0.23992673992673996,1.0959752321981426,2.59183263734359,4.1089803416306525,,99.0,2.5039745908840727,1.6370082540552735,0.9699140401146131,False,False,False
6546,59.70000076293945,2026-09-10,-0.03864730708780584,-0.12205881230971394,-0.16487624637574894,-0.21773217063818873,,9.4,-0.25273429283526627,0.6577794392095825,0.6866572596797851,False,False,False
6548,70.80000305175781,2026-09-10,-0.00701262242074574,-0.059760953753307366,-0.19149551972075618,0.4512963518731703,,57.6,-0.2793535661802735,0.4418811297638637,0.7252639485694676,False,False,False
6552,23.299999237060547,2026-09-10,-0.03917528919337954,-0.07905138578306015,-0.22333335876464844,-0.13059701864319473,,8.2,-0.3111914052241658,0.3635989961536526,0.6314362675762945,False,False,False
6555,15.25,2026-09-10,0.08156025442677328,-0.03481013823388335,-0.2258883548528079,-0.23366832701847584,,4.8,-0.31374640131232523,0.37282012298677236,0.4621212121212121,False,False,False
6556,61.400001525878906,2026-09-10,0.01153213763000216,-0.01127209284125652,-0.10682382684782155,-0.05042645036485882,,25.0,-0.19468187330733888,0.3673841850984234,0.8464130084625304,False,False,False
6558,23.649999618530277,2026-09-10,-0.03665986340120264,-0.12244901858953572,-0.22964172538131744,-0.20637583140880988,,5.4,-0.3174997718408348,0.45580682102018155,0.4339449471289959,False,False,False
6559,16.600000381469727,2026-09-10,-0.01190469432579655,-0.04597696865513612,-0.20115892421300918,0.3314016707726162,,43.0,-0.2890169706725265,0.5896334115146882,0.36076692570212954,False,False,False
6560,30.299999237060547,2026-09-10,-0.028846202047147496,-0.06625582358489135,-0.18108110170106628,-0.2627737138204722,,6.3,-0.2689391481605836,0.3181400598667028,0.6345549578441999,False,False,False
6561,317.5,2026-09-10,-0.015503875968992276,-0.03495440729483279,-0.041525505081632774,-0.07823302953420819,,34.4,-0.1293835515411501,0.7421561387435194,0.7536601687952365,False,False,False
6565,18.5,2026-09-10,-0.002695376771803537,-0.02631578947368418,-0.09756097560975607,0.13496937827686617,,43.9,-0.1854190220692734,2.867965431243661,0.5505952630994553,False,False,False
6568,133.5,2026-09-10,0.0,-0.046428571428571375,-0.24362606232294615,-0.3076038601411485,,3.0,-0.3314841087824635,0.469134641457149,0.4915001743188112,False,False,False
6570,48.20000076293945,2026-09-10,-0.043650807466936614,-0.15881323901022648,-0.15881323901022648,0.265787835240646,,45.1,-0.24667128546974382,0.5871250570072363,0.7498101936541006,False,False,False
6573,16.049999237060547,2026-09-10,-0.015337424030768432,-0.04747781164972298,0.09183669695999108,0.1630434069005522,,76.4,0.003978650500473746,0.21415559028848807,0.574239670803236,False,False,False
6577,78.19999694824219,2026-09-10,-0.021276652630427106,-0.02736324049606631,0.043280576388998515,0.10546291083457904,,68.1,-0.04457747007051882,0.3418251607583418,0.8283897847904628,False,False,False
6578,17.5,2026-09-10,-0.02777777777777779,-0.04371580712639678,0.051051075131781865,-0.02234634788015244,,58.7,-0.03680697132773547,1.1020768543510597,0.7085020024071202,False,False,False
6579,148.5,2026-09-10,0.042105263157894646,-0.07187500000000002,-0.0677700181051224,0.35672759194519954,,70.0,-0.15562806456463973,0.411577883312862,0.8092643051771117,False,False,False
6581,111.5,2026-09-10,0.02764976958525356,0.037209302325581506,0.022935779816513735,0.06908220479887484,,62.1,-0.0649222666430036,1.038780790859134,0.9867256637168141,True,True,False
6582,31.600000381469727,2026-09-10,-0.003154586090314493,-0.003154586090314493,0.0031746152847531572,-0.00628927233928156,,51.2,-0.08468343117476418,0.33374721093620346,0.844919761824184,False,False,False
6584,554.0,2026-09-10,-0.115750350076406,0.02429663464137244,-0.04924264008393142,0.44091459225233076,,76.2,-0.13710068654344876,0.6409186615920975,0.6909230305951474,False,False,False
6585,103.5,2026-09-10,-0.0717488789237668,-0.1228813559322034,-0.21406416470993095,0.21739486269395747,,29.9,-0.3019222111694483,0.5284425345723922,0.7102144231102476,False,False,False
6588,112.5,2026-09-10,0.09223300970873782,0.15859940028715114,0.10294117647058831,0.40977438217681716,,84.6,0.015083130011070978,1.7562945274719683,0.7053291536050157,False,False,False
6590,59.5,2026-09-10,0.044689264318258815,0.036774956970453854,0.028979661684704894,-0.015271418045275431,,55.8,-0.05887838477481244,1.9723228793970233,0.9162917998483183,True,False,False
6591,42.150001525878906,2026-09-10,-0.008235258214614016,-0.04853268054648163,-0.18041825233252917,-0.28043061487095433,,5.8,-0.2682762987920465,0.5428124452205895,0.513048900759077,False,False,False
6592,60.0,2026-09-10,-0.014778349808356905,-0.024390243902439046,-0.005587337433769934,0.017792328210692654,,51.9,-0.09344538389328727,0.5033291493106195,0.9276449840440703,False,False,False
6593,31.799999237060547,2026-09-10,0.0015747791200171335,-0.021538485013521624,-0.09012879705625443,-0.17829460955687115,,18.7,-0.17798684351577176,1.039396576364849,0.6127167302915031,False,False,False
6597,72.5,2026-09-10,-0.006849315068493178,0.06774666230851101,0.043165467625899234,0.26738521510173396,,76.7,-0.0446925788336181,0.5086664855176334,0.9282970731942244,False,False,False
6599,38.29999923706055,2026-09-10,-0.007772001267349005,0.003931787816047416,-0.13932585984133605,-0.3314752241829543,,6.9,-0.2271839063008534,0.44031149271186926,0.617099799383399,False,False,False
6603,24.799999237060547,2026-09-10,0.01226756294858733,-0.09005553860408866,0.1353811687464559,0.11775893594761588,,77.9,0.04752312228693856,0.32607872859633336,0.7337835394366957,False,False,False
6606,25.799999237060547,2026-09-10,0.007812455180101763,-0.03910618731811366,0.025680474996999214,0.07706723617082933,,63.1,-0.06217757146251812,0.9229737135363362,0.9485293571099294,False,False,False
6609,39.25,2026-09-10,-0.026054572132471643,-0.008838345646649759,-0.06324585750294476,0.110325366173184,,49.4,-0.1511039039624621,0.3045958668854918,0.7945343884136992,False,False,False
6613,265.0,2026-09-10,0.03112840466926059,-0.0056285178236398226,-0.1316069250075529,0.41625366498725946,,65.0,-0.21946497146707022,0.5249558829946884,0.6936011358945489,False,False,False
6614,35.650001525878906,2026-09-10,0.0070621465882492185,-0.01383125806072405,-0.06898876353004335,-0.16040859475276592,,22.0,-0.1568468099895607,0.38890959472379316,0.4952583533405943,False,False,False
6616,8.449999809265137,2026-09-10,0.01930034356433774,-0.029850772415972338,-0.11979172151121631,-0.1952381134033203,,13.7,-0.20764976797073365,0.5780294157719955,0.778801798357219,False,False,False
6618,16.899999618530273,2026-09-10,-0.05849588299612052,-0.16129032563411316,-0.07397262364217683,-0.16129032563411316,,21.3,-0.16183067010169416,0.7813174373978728,0.5348101080543167,False,False,False
6624,39.0,2026-09-10,-0.00763356852123398,-0.020725967780635957,-0.08570692694234205,-0.34001869242618477,,10.4,-0.1735649734018594,0.08140028352400473,0.5416398635635075,False,False,False
6625,75.69999694824219,2026-09-10,0.0026489662018833737,-0.025740026750995182,-0.023225845829133118,0.02727709733691608,,49.0,-0.11108389228865045,0.4798321014236015,0.8920492034746779,False,False,False
6629,102.5,2026-09-10,-0.046511627906976716,-0.10087719298245612,-0.07876957349290237,0.008550800523235091,,35.2,-0.1666276199524197,1.6137686080042761,0.6977023653541852,False,False,False
6638,45.0,2026-09-10,-0.0206746626151455,-0.08069460064094702,-0.18478261996307066,0.40625,,55.3,-0.272640666422588,1.509834597402131,0.6726457245683719,False,False,False
6639,3.9800000190734863,2026-09-10,-0.11555555131700301,-0.21653541754978534,-0.38769230475792515,-0.4897435997756665,,0.3,-0.4755503512174425,2.2957527215174003,0.36851851377631095,False,False,False
6640,1210.0,2026-09-10,0.021097046413502074,0.20999999999999996,0.13564817673744733,0.2749479528819556,,83.0,0.04779013027793,2.2213537676963844,0.6968749975833026,False,False,False
6641,17.0,2026-09-10,0.0,-0.050279309369290925,-0.05375283795182295,-0.09090912799899964,,30.9,-0.1416108844113403,0.3024235509791812,0.6383689650939244,False,False,False
6642,78.19999694824219,2026-09-10,-0.026152005276538492,-0.0906977099041606,-0.058965121731077486,0.45388401983329274,,75.7,-0.14682316819059482,0.5176736793773303,0.8509248710536874,False,False,False
6643,423.5,2026-09-10,0.05086848635235741,-0.07228915662650603,-0.10023134734851791,-0.12704872065573902,,20.6,-0.18808939380803524,0.8938945227509083,0.609312492469898,False,False,False
6648,14.899999618530272,2026-09-10,-0.009966815302562937,-0.07165106998104076,-0.09146341676161751,-0.21989532351078778,,15.8,-0.17932146322113485,0.37397810588422437,0.5042301185525321,False,False,False
6651,140.0,2026-09-10,-0.05405405405405406,0.01449275362318847,0.05263157894736836,0.6039888537683391,,86.9,-0.03522646751214897,0.38883301197230113,0.8284023668639053,False,False,False
6654,205.0,2026-09-10,-0.046511627906976716,0.13259668508287303,0.19533527696792996,1.197213218592041,,94.3,0.10747723050841262,1.035006582270374,0.9010989010989011,False,False,False
6655,121.5,2026-09-10,0.06578947368421062,0.03404255319148941,0.04924489145936528,-0.03485486321939768,,57.0,-0.038613155000152055,2.726156077816642,0.8998861838288817,False,False,False
6658,172.5,2026-09-10,-0.008620689655172376,0.03293413173652704,0.005830903790087438,1.6874324350827061,,94.6,-0.0820271426694299,0.26623571138490193,0.6712062256809338,False,False,False
6664,346.5,2026-09-10,-0.045454545454545414,-0.054570259208731264,-0.03195934985551152,0.33422829391558406,,72.3,-0.11981739631502886,0.888690344634112,0.7421645026625231,False,False,False
6667,251.0,2026-09-10,0.15137614678899092,0.09368191721132901,-0.030347844375929633,0.04948302092734558,,50.1,-0.11820589083544697,1.8640574800448224,0.8888478704495514,False,False,False
6668,41.04999923706055,2026-09-10,-0.03638495991970847,0.09320905648769284,0.07884362838772452,0.16288952193413153,,75.0,-0.009014418071792818,0.8167839190514827,0.8697033596086767,False,False,False
6669,2345.0,2026-09-10,-0.05252525252525253,0.16093830442395363,0.4839649967852977,0.7618679492342573,,94.8,0.39610695032578036,0.7610189859137181,0.8967504429313,False,False,False
6670,276.0,2026-09-10,0.0036363636363636598,0.045454545454545414,0.025597153901127268,0.0765937757089159,,63.0,-0.06226089255839007,0.2679872689062095,0.96,False,False,False
6671,23.0,2026-09-10,-0.004329020771356551,0.0,-0.0723936306017644,-0.20880632124344167,,19.0,-0.16025167706128174,0.27378917485478327,0.5992704366834319,False,False,False
6672,299.0,2026-09-10,0.1368821292775666,0.11567164179104483,0.3529411764705883,2.196478065311022,,97.4,0.265083130011071,1.636155656710462,0.9492063492063492,False,False,False
6673,17.649999618530273,2026-09-10,0.12420381101625044,0.21305837712424402,0.13141020429048278,0.8816630493807065,,91.9,0.04355215783096544,1.590549720749351,0.4341943162608198,False,False,False
6674,16.0,2026-09-10,0.012658215623466695,0.04575162095024243,-0.06976748312273762,-0.1304347645808256,,24.3,-0.15762552958225495,1.8948666491773036,0.6751054634993843,False,False,False
6679,196.0,2026-09-10,-0.05995203836930452,-0.07547169811320753,-0.26865671641791045,-0.2165253450048693,,3.4,-0.3565147628774278,1.8939217872165388,0.5782519337929857,False,False,False
6680,53.29999923706055,2026-09-09,0.007561393187974774,0.026974906936824583,-0.012664316573218315,-0.06956161912003922,,41.2,-0.10052236303273565,0.2981489256540941,0.7418360090475453,False,False,False
6682,38.70000076293945,2026-09-10,0.13489743386086528,-0.03128911079169716,-0.38809393497842914,-0.03128911079169716,,2.8,-0.4759519814379465,0.7846360893556525,0.5458392091686166,False,False,False
6683,1290.0,2026-09-10,-0.06859205776173283,0.015748031496062964,-0.1027289311945121,0.09414067235986301,,39.3,-0.19058697765402943,1.5342858805826447,0.5054801872361431,False,False,False
6684,45.0,2026-09-10,-0.012074626701926605,-0.09999999999999998,-0.09456741832575932,-0.0011098609968325235,,31.7,-0.18242546478527666,0.09242961888369614,0.658857950063325,False,False,False
6689,60.09999847412109,2026-09-10,-0.011513170587554522,-0.03531301428380662,-0.07432920413548083,-0.12999886686203188,,23.2,-0.16218725059499817,0.6528344916671783,0.7275447724719443,False,False,False
6690,160.5,2026-09-10,-0.012307692307692353,-0.015337423312883458,-0.03543502511933805,-0.0012910973529940417,,43.0,-0.12329307157885538,0.4327610201204291,0.9028328370205025,False,False,False
6691,622.0,2026-09-10,0.031509121061359835,-0.035001439328515405,0.02662401880691223,0.11217604838425399,,66.0,-0.061234027652605105,0.5287711766462897,0.8875080872778943,False,False,False
6692,23.799999237060547,2026-09-10,0.014925307579274572,0.008474527642289953,-0.046172015459315374,-0.24563605246766562,,20.1,-0.1340300619188327,0.6781800381088735,0.682468607017484,False,False,False
6693,178.5,2026-09-10,0.0,-0.03252032520325199,0.058764242146907675,0.7715955773776797,,89.4,-0.02909380431260966,1.4829224682123576,0.6471289547403779,False,False,False
6695,48.0,2026-09-10,-0.022403228275065135,-0.05882352941176472,-0.04572563164903454,0.19402982808526215,,61.3,-0.13358367810855187,0.23593944509246959,0.6966618133088307,False,False,False
6697,40.29999923706055,2026-09-10,-0.023030321525804975,-0.02421307550782348,-0.03818621075300299,-0.06106881559113786,,36.1,-0.12604425721252033,0.28871559536391056,0.7818704597236248,False,False,False
6698,31.799999237060547,2026-09-10,0.012738841509227772,-0.012971286914063462,-0.1592850364925591,0.0679729153740598,,26.2,-0.24714308295207643,0.2760255966009941,0.6743326405986936,False,False,False
6705,100.0,2026-09-10,-0.038461538461538436,-0.09090909090909094,0.1022974818937763,0.6349866587897779,,88.7,0.014439435434258963,0.4771037177882256,0.6997519860972128,False,False,False
6706,125.0,2026-09-10,0.03734439834024905,0.008064516129032251,-0.25149700598802394,0.008064516129032251,,10.8,-0.33935505244754127,0.6131501030837124,0.5773672055427251,False,False,False
6708,37.79999923706055,2026-09-10,-0.02577319638307707,-0.00526317797209086,-0.035714323944669335,-0.010471243923821483,,42.0,-0.12357237040418667,0.784226218444321,0.7809916951521032,False,False,False
6715,336.5,2026-09-10,0.09430894308943083,-0.1513240857503153,-0.13673770725390633,0.1117341839423518,,34.3,-0.22459575371342366,1.3276957354679626,0.5939669414809807,False,False,False
6716,120.0,2026-09-10,-0.07692307692307687,0.10091743119266061,0.3201319910411269,0.6513229784085288,,93.1,0.23227394458160955,2.0388641150555697,0.8727272727272727,False,False,False
6719,184.5,2026-09-10,-0.013368983957219305,-0.1043689320388349,-0.13938095944772977,0.07088391068350752,,30.2,-0.2272390059072471,0.20108907853825533,0.6031218061044463,False,False,False
6720,131.0,2026-09-10,-0.0038022813688213253,-0.054151624548736454,-0.12080536912751683,-0.1797238571863029,,14.3,-0.20866341558703416,0.7756942117123118,0.7469553742587296,False,False,False
6721,50.400001525878906,2026-09-10,-0.015624984866008385,-0.02325575549859782,-0.09802774651632495,-0.11740900424573042,,21.3,-0.1858857929758423,1.3596778789683044,0.8489150518750229,False,False,False
6723,33.599998474121094,2026-09-10,-0.053521169743067754,0.12562807520027008,-0.038020628951369484,-0.09814436426619289,,32.9,-0.12587867541088682,0.30167316167538677,0.6558950322271829,False,False,False
6725,222.0,2026-09-10,0.013698630136986356,-0.09939148073022308,-0.19491723507787762,0.00768637463762345,,17.1,-0.28277528153739495,0.35298995065141986,0.5580463663946741,False,False,False
6727,521.0,2026-09-10,-0.052727272727272734,0.3189873417721518,0.3199918660904888,1.2175862938814976,,95.3,0.23213381963097146,1.146487186654298,0.7979950804383481,False,False,False
6728,107.5,2026-09-10,0.004672897196261738,0.018957345971563955,0.03894525773440649,-0.12089244929354714,,46.1,-0.048912788725110845,0.6723365366233499,0.7854569520062202,False,False,False
6729,50.0,2026-09-10,0.06382978723404253,0.24962353127143033,-0.007081979899985602,-0.15314767820826447,,33.6,-0.09494002635950294,0.9772187852341605,0.6970689090524825,False,False,False
6732,145.5,2026-09-10,-0.02020202020202022,-0.07028753993610226,-0.0490196078431373,-0.10442718111772664,,30.6,-0.13687765430265464,0.20972798611398522,0.5848282643246766,False,False,False
6735,61.0,2026-09-10,0.0032894862738344077,-0.06870229007633588,-0.3284750739985026,0.10675027816205684,,9.2,-0.41633312045801996,0.36860407621836877,0.4251447468457614,False,False,False
6737,27.0,2026-09-10,0.12033193247416119,-0.0984975187910454,-0.08163264114526048,-0.28965288486484086,,12.7,-0.1694906876047778,1.2890330726977157,0.47450863477924443,False,False,False
6738,78.69999694824219,2026-09-10,-0.012547051923344599,0.01156804448819404,0.18882176097036685,0.06639557850760358,,80.4,0.10096371451084951,0.2899098604084991,0.9481927343161709,False,False,False
6739,1320.0,2026-09-10,0.22790697674418614,0.2815533980582525,0.1282051282051282,0.20885661328223692,,81.1,0.04034708174561086,1.373357963514075,0.7811617431688332,True,True,False
6741,59.900001525878906,2026-09-10,0.005033608379840571,0.07347674453183983,-0.010658725772838107,0.003772514830684859,,49.2,-0.09851677223235544,0.3821263088363121,0.7543576882441766,False,False,False
6742,45.75,2026-09-10,0.03977272727272729,0.03273139476098241,-0.13352271475246769,0.08284023668639051,,32.1,-0.22138076121198502,0.2568592031215596,0.645275021373603,False,False,False
6743,29.350000381469727,2026-09-10,0.029824574788411384,0.06727274114435366,0.12717213265158356,0.3803082454740383,,85.0,0.03931408619206622,0.669042735294919,0.9320536230326777,True,True,False
6750,58.900001525878906,2026-09-10,-0.008417508201277846,-0.0016948893918828922,-0.024433082133652362,-0.05980104194550406,,39.8,-0.1122911285931697,1.4477096049082088,0.8377007271152913,False,False,False
6751,41.0,2026-09-10,-0.016786588732189522,-0.028436036522381025,-0.10379547009090784,-0.16866356524150405,,17.6,-0.19165351655042517,0.4932819200018682,0.6270856999495317,False,False,False
6752,95.0999984741211,2026-09-10,-0.019587644596689713,-0.025343293301214098,-0.020470023937095405,-0.14076322746006942,,32.3,-0.10832807039661274,0.32869621481721123,0.7145231854444617,False,False,False
6753,135.5,2026-09-10,-0.010948905109489093,-0.03733461744684441,0.13915406586511825,0.02013789813955036,,74.0,0.05129601940560091,0.21578483016008596,0.6717370483891063,False,False,False
6754,42.5,2026-09-10,0.02781140431235185,0.013110827820209225,0.02167699948407753,0.02167699948407753,,57.3,-0.0661810469754398,0.5623967340518241,0.9213519886425426,False,False,False
6755,11.100000381469728,2026-09-10,0.0,-0.15909086804087758,-0.32930508198372554,-0.2575250486230377,,1.7,-0.4171631284432429,0.9409061846914334,0.38341969219149286,False,False,False
6756,97.9000015258789,2026-09-10,-0.0258706315832945,-0.003054943296193935,0.014507787832942043,0.2786508306779367,,74.5,-0.0733502586265753,0.7769679937160643,0.8702222357855903,False,False,False
6757,54.20000076293945,2026-09-10,-0.03041146183426202,-0.026929981677810688,0.0012606484591322076,0.05337091251016335,,56.6,-0.08659739800038513,0.25235259464227716,0.6940765466281986,False,False,False
6761,166.0,2026-09-10,-0.08539944903581265,-0.07002801120448177,-0.15736040609137059,0.05179525381057881,,25.1,-0.24521845255088792,0.7114182785450878,0.7217391304347827,False,False,False
6763,40.650001525878906,2026-09-10,-0.003676414558493213,-0.06011557165597903,-0.11721165522245114,-0.1464312957211562,,17.2,-0.20506970168196847,0.5254536176149974,0.6371162821454031,False,False,False
6768,62.400001525878906,2026-09-10,-0.02499997615814209,-0.04878044241882984,-0.27533866997256196,-0.28238945415436045,,2.4,-0.3631967164320793,0.5129792429225112,0.5374816012495444,False,False,False
6770,73.5,2026-09-10,0.08407074766487654,0.0005645823648399162,0.09734531015425141,0.16864667029495983,,77.1,0.009487263694734072,0.7446154972892135,0.8313596959612082,False,False,False
6771,41.70000076293945,2026-09-10,0.0,0.04250001907348633,0.07484798460441278,0.024826680769269416,,66.6,-0.01301006185510456,0.6817961146754641,0.8329079800691613,False,False,False
6775,40.5,2026-09-10,0.007462667446939797,0.265625,-0.019370441933148186,0.9804400239141404,,90.0,-0.10722848839266552,1.7298039201154343,0.5601659514593248,False,False,False
6776,52.0,2026-09-10,-0.013282746732552586,-0.03345723536405931,-0.07820642473410033,-0.024079830290042903,,32.4,-0.16606447119361767,0.4587936141357126,0.7462138298235733,False,False,False
6781,1030.0,2026-09-10,-0.028301886792452824,-0.10043668122270744,-0.08544265758543279,0.036800140767009326,,36.5,-0.17330070404495013,0.3993836633853874,0.6981121147987761,False,False,False
6784,18.149999618530277,2026-09-10,0.0027623887296563954,-0.06420923702065784,-0.27563546140979756,0.02417102632498902,,10.0,-0.3634935078693149,0.22905801735952486,0.450735418804099,False,False,False
6786,50.400001525878906,2026-09-10,-0.011764675963158666,-0.18314423172338068,-0.42399998256138394,-0.3636363198496624,,0.4,-0.5118580290209013,0.9800335979031733,0.36521740236144135,False,False,False
6787,27.450000762939453,2026-09-10,-0.07575757381150028,-0.11968734805473047,-0.19619327858191116,0.1461377824010739,,26.9,-0.2840513250414285,0.72487582412093,0.5528700890096001,False,False,False
6788,333.0,2026-09-10,-0.06197183098591552,-0.08390646492434661,-0.20902612826603328,-0.0024043606337988965,,14.4,-0.2968841747255506,0.8143951291534423,0.6599772244451816,False,False,False
6789,469.5,2026-09-10,0.00859291084854985,0.037569060773480656,-0.01944415833930757,0.33750031732276264,,74.1,-0.10730220479882491,0.564831826740055,0.7727293411885181,False,False,False
6791,99.5,2026-09-10,0.0,-0.014851485148514865,-0.029268292682926855,0.0039607510669763535,,44.7,-0.11712633914244419,0.1777531231799284,0.7132616487455197,False,False,False
6792,58.59999847412109,2026-09-10,-0.010135173666990571,0.0,-0.09628981813124671,0.059576547035802285,,36.7,-0.18414786459076404,0.9505341883241781,0.8354353676915901,False,False,False
6793,6.5,2026-09-10,0.20370368244553183,0.16279066593420843,0.30784713770568395,0.040000000000000036,,85.6,0.2199890912461666,1.3464191917744366,0.7926829452673504,True,True,False
6799,78.80000305175781,2026-09-10,-0.017456283662802052,-0.050112803124772065,-0.061094165987988,0.07427722340373188,,45.6,-0.14895221244750534,0.22905191370487687,0.7283888148364469,False,False,False
6803,269.0,2026-09-10,-0.0073800738007380184,0.0018621973929235924,-0.014113867681134318,-0.039094057587256814,,43.2,-0.10197191414065165,0.6509393750614774,0.9189924124099224,False,False,False
6804,18.25,2026-09-10,-0.005449611955905431,-0.06649612725284226,0.15506334691413892,0.12068643018332592,,79.8,0.06720530045462159,0.4639895816531247,0.896805879994875,False,False,False
6805,2190.0,2026-09-10,0.04534606205250591,0.20180635907365319,0.20839159030451326,0.1985405453614415,,84.5,0.12053354384499593,0.5908513413677667,0.9339019189765458,False,False,False
6807,34.20000076293945,2026-09-09,0.04587155856277603,-0.0988142272624698,0.002932618571647616,-0.16902572006200434,,34.1,-0.08492542788786972,1.1091709413339494,0.7229805783731729,False,False,False
6811,220.5,2026-09-10,0.002272727272727204,-0.03076923076923077,0.012226270623215907,0.1861216096799987,,69.6,-0.07563177583630143,0.8125945696236067,0.8963414634146342,False,False,False
6812,62.09999847412109,2026-09-10,0.09138834461853484,0.10892854418073372,-0.09077605125344368,0.3799999660915796,,68.5,-0.17863409771296102,0.541790387880483,0.597115369943472,True,False,False
6818,42.650001525878906,2026-09-10,-0.03178201442518491,-0.08574490609139673,-0.2671821139727968,-0.1720240811496887,,4.4,-0.3550401604323141,0.3044563276612188,0.43087703055298376,False,False,False
6819,70.0,2026-09-10,0.728395061728395,0.548672540231341,0.9283746961772215,2.4146341463414633,,98.3,0.8405166497177041,8.17664436852209,0.9943181602669161,True,True,False
6820,335.0,2026-09-10,0.027607361963190247,0.17132867132867124,0.22486288848263247,2.1340013341363466,,96.6,0.13700484202311514,2.338468090767912,0.7955828269235118,False,False,False
6821,40.0,2026-09-10,-0.033816460731378783,-0.06432748538011701,-0.40740740740740744,0.10409671796948539,,4.2,-0.4952654538669248,0.2673684029616233,0.5555555555555556,False,False,False
6823,60.09999847412109,2026-09-10,0.010084007968421682,-0.042993643244283564,-0.07538463885967561,-0.12518193385947662,,23.7,-0.16324268531919295,0.4799604797979995,0.5696682319821904,False,False,False
6825,35.5,2026-09-10,-0.00976285882895489,-0.04851862697144238,-0.09465727752146491,0.25396729470052914,,57.2,-0.18251532398098225,1.1699705968335423,0.8956908989236632,False,False,False
6826,439.5,2026-09-10,-0.016778523489932917,-0.095679012345679,-0.17319907518401245,-0.1400639282335686,,11.1,-0.2610571216435298,0.7175112674852792,0.7096165552441132,False,False,False
6829,239.5,2026-09-10,0.03455723542116629,0.13507109004739326,0.2240654668242097,1.2765329900907787,,94.8,0.13620742036469236,0.9933909231524618,0.8762194795852483,False,False,False
6830,591.0,2026-09-10,0.0016949152542373724,0.3680555555555556,0.18913480885311862,0.5255002076050319,,89.6,0.10127676239360128,1.057860589579041,0.6061538461538462,False,False,False
6831,552.0,2026-09-10,-0.05641025641025643,-0.18584070796460173,-0.24071526822558464,0.8598628294898294,,77.5,-0.328573314685102,0.8876671499906801,0.5774058577405857,False,False,False
6832,66.0,2026-09-10,-0.040697716970323206,-0.02566216550454603,-0.20092761929552327,0.17428889244387702,,28.2,-0.2887856657550406,0.6328060541000914,0.4840259039335184,False,False,False
6833,22.5,2026-09-10,-0.015317303090881418,-0.015317303090881418,-0.04196542103687184,0.04651162790697683,,46.9,-0.12982346749638918,0.7057952459547424,0.7165605182594312,False,False,False
6834,105.5,2026-09-10,0.20986242766292573,-0.014018691588784993,0.25445900016828205,2.78951147348299,,97.7,0.1666009537087647,1.4905153984680297,0.7992424242424242,True,False,False
6835,31.0,2026-09-10,-0.001610281426379867,-0.008000000000000007,-0.12444242417124951,-0.1753469819179323,,14.2,-0.21230047063076685,0.459237218236698,0.769013788086058,False,False,False
6839,11.800000190734863,2026-09-10,0.02164502128757917,-0.02479340341131675,-0.10266155642263763,-0.09923665289153327,,21.7,-0.19051960288215497,0.9543659491754531,0.6501377652199855,False,False,False
6840,91.1999969482422,2026-09-10,0.01220864031908997,0.325581292193156,0.3845108952160474,0.501195774692903,,92.8,0.2966528487565301,2.00829077760499,0.9268292229066366,False,False,False
6854,89.5999984741211,2026-09-10,-0.03344119283900249,-0.059811168888851074,-0.32631580094645796,-0.37560976673086344,,0.8,-0.4141738474059753,0.7056134827517174,0.47034119933921836,False,False,False
6855,117.0,2026-09-10,0.0,-0.008474576271186418,-0.03047640193598422,0.06647595112803062,,51.8,-0.11833444839550156,0.7326085205766287,0.9221408710878496,False,False,False
6858,21.5,2026-09-10,0.0,-0.040178555082909795,-0.08898306557310931,0.026252945920340665,,35.0,-0.17684111203262665,0.14671108616537815,0.6515151515151515,False,False,False
6859,119.0,2026-09-10,0.0625,0.17241379310344818,-0.03252032520325199,-0.016788991513881135,,42.1,-0.12037837166276932,0.6056243362405673,0.8700356725621146,True,False,False
6862,134.0,2026-09-10,-0.03597122302158273,-0.0821917808219178,-0.27617728225909743,-0.2799669542319718,,2.5,-0.36403532871861477,0.28147963282002025,0.6031856146895058,False,False,False
6863,99.1999969482422,2026-09-10,-0.04615387549767114,-0.15213677822015215,0.055380619396836916,0.09801071228974578,,69.3,-0.03247742706268042,0.28687365945899274,0.6488888831220267,False,False,False
6869,63.5,2026-09-10,-0.023076923076923106,-0.05646363862473203,-0.17601708737479616,-0.3914023882003135,,3.7,-0.2638751338343135,0.4790419877248198,0.5032634140035296,False,False,False
6870,286.5,2026-09-10,-0.00520833333333337,0.11478599221789887,0.05756452326960715,0.5378111802652388,,85.5,-0.030293523189910188,1.0973911841979602,0.9502487562189055,False,False,False
6873,69.0999984741211,2026-09-10,0.014684288141063817,-0.0419970340973036,-0.12173290156992944,-0.2930598834280467,,9.7,-0.20959094802944678,0.38332998702518656,0.5180824552546237,False,False,False
6874,68.5,2026-09-10,-0.022824515106255938,-0.005746856592584448,-0.058264386527262624,0.024106755654045076,,41.5,-0.14612243298677996,0.9912877234182262,0.8345379858245049,False,False,False
6877,116.0,2026-09-10,0.05454545454545445,-0.09019607843137256,-0.10410871310116987,0.11986407563046875,,41.7,-0.1919667595606872,0.46983174338926675,0.6261605673433607,False,False,False
6878,20.5,2026-09-10,0.012345679012345734,-0.2023346540299752,1.1134021034123154,0.8807340107745956,,97.6,1.025544056952798,0.2844427861032726,0.7056798808396221,False,False,False
6881,213.0,2026-09-09,-0.01388888888888884,0.07035175879396993,-0.13999249235234634,0.005547263538238978,,23.9,-0.22785053881186368,0.14041281367219624,0.8318617759019117,False,False,False
6882,13.0,2026-09-10,0.0,-0.08450702995658965,-0.3157894736842105,-0.19003111414596763,,2.5,-0.40364752014372784,0.7754584302794352,0.5496828841305446,False,False,False
6884,30.649999618530277,2026-09-10,0.040746988947481855,-0.014469477730539637,-0.07860301144144066,-0.0851750605844066,,27.2,-0.166461057900958,1.4218960525184188,0.47153845566969654,False,False,False
6887,36.900001525878906,2026-09-10,-0.006729474824539339,0.03651694122129889,0.12001412592918514,-0.13408600332271448,,61.6,0.03215607946966781,0.3510975163173427,0.5206953087159804,False,False,False
6890,154.0,2026-09-10,-0.08875739644970415,-0.14206128133704732,-0.3710577786773658,0.006307529031982728,,3.9,-0.4589158251368831,0.9238256637477714,0.5571252825083463,False,False,False
6894,361.5,2026-09-10,0.035816618911174825,0.06794682422452003,0.035816618911174825,0.13117890819604971,,68.9,-0.05204142754834251,1.2837459767983879,0.8838630806845966,True,False,False
6895,156.0,2026-09-10,0.019607843137254832,0.327659574468085,-0.04878048780487809,-0.0026647333140049634,,40.8,-0.13663853426439543,0.3286109807730829,0.47477937069308696,False,False,False
6898,81.30000305175781,2026-09-10,-0.01930034312027873,0.09421264754355074,-0.09162007763399094,-0.2728793371069914,,12.7,-0.17947812409350827,1.201970388177671,0.6325139025211393,False,False,False
6899,49.79999923706055,2026-09-10,0.0020120417019322545,-0.01968503966571833,-0.1493176110829536,0.013894678143953731,,22.9,-0.23717565754247094,0.30783886720531967,0.7914821206781923,False,False,False
6901,15.0,2026-09-10,0.006711435169794555,-0.11242601546848485,-0.07407411768057937,0.027397233430072276,,37.9,-0.1619321641400967,0.26713170960509547,0.7125890994613937,False,False,False
6902,126.5,2026-09-10,0.02016129032258074,-0.02692307692307694,-0.048872180451127845,0.6514360642283479,,83.3,-0.13673022691064518,0.6042893988800161,0.8576271186440678,False,False,False
6903,300.5,2026-09-10,-0.016366612111292977,-0.07253086419753085,-0.22623044395402947,-0.01067145905901512,,12.2,-0.3140884904135468,0.5257703469537593,0.7078030474511595,False,False,False
6904,123.0,2026-09-09,-0.012048192771084376,0.008196721311475308,0.07597461766420133,0.03258857382693159,,67.7,-0.011883428795316009,0.2564650566360333,0.9663470036711564,False,False,False
6906,83.0,2026-09-10,-0.004796181277703981,0.16409532184380105,-0.07914113363486963,0.21812325970010749,,56.8,-0.16699918009438697,2.327173804782023,0.6874751967451052,False,False,False
6908,30.200000762939453,2026-09-10,0.003322271767520979,-0.10385756441433136,-0.19781373246194178,-0.49011364250416567,,1.8,-0.2856717789214591,1.3053592969153887,0.4464241347572593,False,False,False
6909,39.95000076293945,2026-09-10,0.008838441977392808,-0.046539395988686616,-0.09921077480417728,-0.08101434526837459,,23.1,-0.18706882126369462,0.21162903058419144,0.6094470625342618,False,False,False
6914,121.0,2026-09-10,-0.008196721311475419,0.03456764626433073,0.0708682556272413,0.013945066578593845,,65.2,-0.01698979083227603,0.4802098069719458,0.968,False,False,False
6916,18.850000381469727,2026-09-10,0.018918939538904223,-0.005277064772751694,-0.03826530537770123,0.01617256909692033,,43.8,-0.12612335183721857,0.8916804632044093,0.8452915258464565,False,False,False
6920,95.6999969482422,2026-09-10,0.06688963438273099,0.19624996185302757,-0.04300003051757795,1.6731843292659216,,94.2,-0.13085807697709528,0.7730925854810818,0.7305343278491772,False,False,False
6921,63.0,2026-09-10,-0.010989022834466122,-0.014084530585095734,-0.09612621580482239,-0.15887852180840478,,19.1,-0.18398426226433973,0.37524777708557516,0.6057692307692307,False,False,False
6922,190.0,2026-09-10,-0.05472636815920395,-0.06862745098039214,0.02936888675201277,0.28332506252064493,,76.1,-0.05848915970750457,1.0836914205639574,0.8631212298179916,False,False,False
6923,76.5,2026-09-10,0.014588838884088684,-0.010349327557233834,0.01424042182333718,-0.07431370760559575,,45.9,-0.07361762463618016,0.27184490573239356,0.6361316123344596,False,False,False
6924,129.0,2026-09-10,0.13656387665198233,0.11206896551724133,0.1490858439765359,0.9541140056089097,,92.7,0.06122779751701857,1.7678201232241597,0.6947960873143441,True,False,False
6925,49.25,2026-09-10,-0.015000000000000013,-0.08457247772461385,-0.23524846532481736,-0.2948744584545536,,3.3,-0.3231065117843347,0.22834564791303238,0.3448879478115232,False,False,False
6927,72.0,2026-09-10,0.018387596999608347,-0.048877108288022275,0.1267605364741764,0.8250950217379722,,91.4,0.038902490014659064,0.6273012420211596,0.8910890752550984,False,False,False
6928,47.84999847412109,2026-09-10,-0.002085553435395515,-0.011363699058227095,0.09122007158929946,-0.03915664242597605,,64.4,0.00336202512978212,0.1668319381542923,0.6701680315339751,False,False,False
6933,336.0,2026-09-10,0.11258278145695355,0.731958762886598,1.2673055044933537,1.4998496918000748,,98.2,1.1794474580338363,0.9215197762762593,0.9940828402366864,False,False,False
6937,296.0,2026-09-10,0.06474820143884896,0.015437392795883298,0.07623166326483632,0.1208213578177737,,72.5,-0.011626383194681011,1.1735932416623016,0.8465947773528412,True,True,False
6940,17.149999618530273,2026-09-10,-0.1250000364926389,-0.18138429623025987,-0.31400001525878907,-0.2702127821902012,,1.7,-0.4018580617183064,2.3518710001646057,0.43583228166601173,False,False,False
6944,709.0,2026-09-10,0.020143884892086295,-0.05087014725568939,-0.049535877552546626,0.1968359141771343,,60.5,-0.13739392401206396,0.5765186806607921,0.8552472858866104,False,False,False
6947,69.9000015258789,2026-09-10,0.02192982407218924,-0.07047866539158376,-0.23102309843219726,-0.1163084339534105,,8.1,-0.3188811448917146,0.21018386206797837,0.74361703750935,False,False,False
6951,70.5,2026-09-10,-0.018105891316197997,-0.024896306718953154,0.0012016921854252072,0.07072732847241059,,58.0,-0.08665635427409213,0.8788105872810976,0.9578804546414346,False,False,False
6952,38.900001525878906,2026-09-10,0.05135139259132182,0.0025773786284728484,0.07756241468445069,-0.032338288865382814,,62.5,-0.01029563177506665,0.49621848488290754,0.7882472690708975,False,False,False
6953,237.5,2026-09-10,0.0,0.07954545454545459,0.0193133047210301,0.11385114778593741,,65.0,-0.06854474173848724,2.2990487428553346,0.811965811965812,False,False,False
6957,224.5,2026-09-10,0.03218390804597693,0.029816513761467878,0.23442536436226225,0.4007402405953304,,89.1,0.1465673179027449,0.4978053710464818,0.9245992718501208,False,False,False
6958,17.549999237060547,2026-09-10,0.02034874759280414,0.00862066792062044,0.07162049679378746,0.050249171900075496,,68.3,-0.016237549665729878,0.5655595155983445,0.9192953682120414,False,False,False
6959,114.5,2026-09-10,0.06018518518518512,0.01327433628318575,-0.16117216117216115,0.6546243504264855,,75.6,-0.2490302076316785,0.8068156993346094,0.5388235294117647,True,False,False
6962,30.799999237060547,2026-09-10,-0.03144654163496252,-0.0941176694982192,-0.11015071825756939,0.056603761239207184,,34.0,-0.19800876471708673,0.44784977034451323,0.6917829157949446,False,False,False
6965,71.0,2026-09-10,-0.03663496689339529,-0.05960264900662249,-0.07679621786632773,-0.09340062831860474,,26.8,-0.16465426432584507,0.8022070415133999,0.7412783352742601,False,False,False
6968,41.70000076293945,2026-09-10,-0.0011975865164203237,-0.0010102847074606736,0.010498870845631725,-0.06291345879363686,,46.2,-0.07735917561388561,0.9680923533524411,0.6873926322867381,False,False,False
6969,34.25,2026-09-10,0.026986553734846153,0.03007518796992481,0.2685185185185186,0.21886119341784172,,87.6,0.18066047205900126,1.1339762746464452,0.8193780053860241,False,False,False
6977,211.0,2026-09-10,0.16574585635359118,0.2812863625488935,-0.052962310996991335,0.16169959806212253,,56.5,-0.14082035745650867,1.4800775849617234,0.6414291915422851,True,False,False
6982,45.0,2026-09-10,-0.0556138812385909,-0.08163265306122447,-0.21058247555036647,-0.1271723154112263,,9.3,-0.2984405220098838,0.572243573384011,0.6184474162312039,False,False,False
6988,11.899999618530272,2026-09-10,0.05309729359892956,-0.0846154139592099,-0.1438848960350887,-0.19594598208316627,,11.3,-0.23174294249460603,1.1177732323934766,0.5666666485014415,False,False,False
6994,32.599998474121094,2026-09-10,-0.08298173913500695,-0.10928962204269732,-0.4240282799826114,-0.623556592973116,,0.1,-0.5118863264421287,0.714124797984365,0.3211822509765625,False,False,False
6997,68.0,2026-09-09,0.0,-0.01449275362318836,-0.07250710612700861,-0.1488888874034563,,22.4,-0.16036515258652595,1.0112703418359879,0.6698559789082716,False,False,False
7402,100.5,2026-09-10,-0.024271844660194164,-0.033653846153846145,0.12430017888620437,-0.1453412834904565,,61.4,0.036442132426687035,0.13833769109523616,0.6225291741079763,False,False,False
7419,51.400001525878906,2026-09-10,0.007843167174096166,-0.04990752355628503,-0.3410256214630909,-0.18412695990668404,,2.0,-0.42888366792260824,0.8317095532233196,0.23470320331451555,False,False,False
7507,19.100000381469727,2026-09-10,-0.010362635414346344,-0.04260653378263268,-0.14541386776416154,-0.21721308688199858,,10.6,-0.23327191422367888,0.42476207899017293,0.43261607522876516,False,False,False
7516,8.949999809265137,2026-09-10,0.09815953719996995,0.017045410827172702,0.005617999199770685,-0.04072884432457491,,47.8,-0.08224004725974665,2.442177369230648,0.6832060724154734,True,False,False
7547,48.84999847412109,2026-09-10,-0.0345849812800888,-0.0716810367231503,-0.1512512212698769,-0.11712321523295399,,14.5,-0.23910926772939423,0.4805216944245262,0.4675977188527661,False,False,False
7551,12.699999809265137,2026-09-10,-0.026819952211051823,-0.007812529685906622,-0.026819952211051823,-0.06617651080590115,,38.1,-0.11467799867056916,0.9580922695928781,0.6737400292972792,False,False,False
7556,246.0,2026-09-10,0.004081632653061273,0.04680851063829783,-0.04179503668931939,0.48061612622287164,,78.4,-0.12965308314883672,0.4214185085390303,0.8215331039216556,False,False,False
7558,17.649999618530273,2026-09-10,0.002840865680502347,-0.10858584350377265,-0.16350714220693974,0.14910716381224076,,32.5,-0.2513651886664571,0.10181398573289947,0.6679439649873924,False,False,False
7578,24.0,2026-09-10,0.004184116446269259,-0.08045978355466499,-0.21624862563816105,-0.18741495017126208,,6.5,-0.3041066720976784,0.45370635999650755,0.5559792332814687,False,False,False
7590,16.049999237060547,2026-09-10,-0.02431620105332022,-0.0390109288980951,-0.23921701795874584,-0.11651006218157878,,7.4,-0.3270750644182632,0.7567077192014869,0.5135285128778466,False,False,False
7610,2035.0,2026-09-10,0.2296072507552871,0.07387862796833766,0.5362156174868524,6.357177296122423,,98.9,0.4483575710273351,1.7479589179415636,0.7826923076923077,False,False,False
7702,20.899999618530277,2026-09-10,-0.004761922927129625,-0.004761922927129625,0.0712320780151543,-0.20261669868050947,,43.9,-0.016625968444363037,1.9924942526985672,0.44794921408710686,False,False,False
7704,61.900001525878906,2026-09-10,0.029950134733079947,-0.03129890379094935,0.016420360836527426,0.42746926097011917,,81.0,-0.07143768562298991,0.6386376290432976,0.9141529505627601,False,False,False
7711,590.0,2026-09-10,0.026086956521739202,0.3184357541899441,0.6903405849453168,2.0115744651287373,,97.8,0.6024825384857995,2.5636367626230516,0.8939393939393939,False,False,False
7721,61.09999847412109,2026-09-10,0.013266985857088631,-0.04531252384185802,-0.24190786119448116,0.21592036764420075,,24.5,-0.3297659076539985,0.3127622087911324,0.6747762562648624,False,False,False
7722,267.5,2026-09-10,-0.025500910746812377,-0.08233276157804459,-0.15399092108439316,-0.19040452619198522,,10.7,-0.2418489675439105,0.5059645671723154,0.4550709911452251,False,False,False
7728,612.0,2026-09-10,-0.04225352112676062,0.030200032487183615,-0.12805752467842202,-0.11061865661037673,,18.4,-0.21591557113793935,1.1529111794899178,0.6940545385087827,False,False,False
7730,173.0,2026-09-10,-0.07978723404255317,0.08742187744275354,0.012115684973622587,0.27307924137119466,,74.0,-0.07574236148589475,1.107331198378798,0.7942907215818829,False,False,False
7740,132.0,2026-09-10,0.023255813953488413,-0.10810810810810811,-0.10328027840053211,-0.2368824213900641,,12.9,-0.19113832486004945,0.3825023424953475,0.6348625022034785,False,False,False
7742,105.0,2026-09-10,-0.0625,-0.16000000000000003,-0.2832764505119454,1.6119402489365107,,91.2,-0.3711344969714627,0.7383718204033051,0.3776978417266187,False,False,False
7749,355.5,2026-09-10,-0.022008253094910613,-0.011126564673157202,-0.27987724371032896,-0.08856644997246299,,5.6,-0.3677352901698463,1.4760195658975461,0.6010941966175118,False,False,False
7750,2215.0,2026-09-10,0.006818181818181834,-0.07322175732217573,-0.006726457399103158,0.6679365585369597,,85.6,-0.0945845038586205,0.8923422562643354,0.7214983713355049,False,False,False
7765,215.0,2026-09-10,-0.03153153153153154,-0.06521739130434778,-0.08901279569323106,-0.04219543285231386,,28.5,-0.1768708421527484,1.424102647343933,0.6736366715246724,False,False,False
7769,6475.0,2026-09-10,0.10306643952299832,-0.0007716049382715529,-0.09052003204248926,0.516150372006098,,75.7,-0.1783780785020066,1.438620195978132,0.7938681159293617,False,False,False
7786,114.5,2026-09-10,-0.01716738197424894,-0.12260536398467436,-0.05717666459876081,-0.20174291938997824,,21.2,-0.14503471105827814,0.7596627578693834,0.43071426201672536,False,False,False
7788,308.0,2026-09-10,-0.022222222222222254,0.203125,0.16805173407909346,0.978992088085892,,93.4,0.08019368761957613,1.9869511625485057,0.9194029850746268,False,False,False
7795,534.0,2026-09-10,0.09202453987730053,0.05533596837944654,0.42399999999999993,0.3815728511697578,,92.6,0.3361419535404826,1.69274547909984,0.8018018018018018,False,False,False
7812,79.9000015258789,2026-09-10,0.017834414342406513,0.09903720605054045,-0.03850778588448145,0.055482229153963614,,48.7,-0.12636583234399879,0.9282395128193872,0.7039647711531181,False,False,False
7815,308.5,2026-09-10,-0.04192546583850931,0.024916943521594792,-0.21898734177215184,0.5679153440663425,,63.2,-0.3068453882316692,1.0738923517758998,0.5315877596695077,False,False,False
7819,34.150001525878906,2026-09-10,-0.05922858832973743,-0.010144883307857788,-0.22706768605138083,-0.571059918097055,,0.9,-0.31492573251089817,0.3953879816850518,0.2501143815172879,False,False,False
7823,79.0999984741211,2026-09-10,-0.05495816776392004,-0.07377052622005764,-0.052694629052442044,-0.04237288213869117,,35.3,-0.14055267551195938,0.816060556506359,0.5344594491494669,False,False,False
7828,2055.0,2026-09-10,0.170940170940171,0.16761363636363646,0.0703125,1.0504920213251872,,92.3,-0.017545546459517336,2.0003945949054223,0.8838709677419355,False,False,False
7833,22.0,2026-09-10,-0.0794978932575865,-0.1164658499180109,-0.14062501280568518,-0.3251533426461878,,7.0,-0.22848305926520251,0.3369245582427256,0.32761864596266516,False,False,False
7861,1250.0,2026-09-10,0.04166666666666674,0.15740740740740744,-0.037646263201115526,0.8387578185365103,,87.8,-0.12550430966063286,1.5387175742905157,0.8906890549710843,True,False,False
8011,15.449999809265137,2026-09-10,-0.019047631157769085,-0.05214720660003502,-0.12234877587135895,-0.21844197250293385,,12.2,-0.2102068223308763,0.38060116589310433,0.6437280960380948,False,False,False
8016,279.0,2026-09-10,-0.037931034482758585,-0.1043338683788122,0.003597122302158251,0.4673806037219992,,81.3,-0.08426092415735909,0.35511484542051913,0.768595041322314,False,False,False
8021,438.0,2026-09-10,0.059250302297460644,0.025761124121779888,-0.15751124491641022,0.8595311572615716,,82.9,-0.24536929137592756,1.533297657396809,0.75693477044426,False,False,False
8024,13.0,2026-09-10,0.007751967785028624,-0.0714285714285714,0.0743801314178929,-0.003831432184220329,,64.5,-0.013477915041624433,0.21099801533777793,0.7449856407805766,False,False,False
8027,174.0,2026-09-10,-0.016949152542372836,-0.09375,-0.25161290322580643,0.681159420289855,,67.2,-0.33947094968532376,1.1400239754950403,0.5938566552901023,False,False,False
8028,229.5,2026-09-10,-0.029598308668076112,-0.13396226415094337,-0.27142857142857146,0.33462887310933276,,30.2,-0.3592866178880888,0.7004055259733125,0.6495318736119644,False,False,False
8032,34.849998474121094,2026-09-10,-0.015536808701992144,-0.06818189699787414,-0.17568480231118555,0.02450603009265362,,20.6,-0.2635428487707029,0.42936385722474946,0.748595193503409,False,False,False
8033,171.5,2026-09-10,-0.00867052023121384,-0.00867052023121384,0.32432432432432434,0.18685121107266434,,88.6,0.236466277864807,0.22811565187895788,0.6363636363636364,False,False,False
8034,19.950000762939453,2026-09-10,0.023076962202023266,0.058355456721956855,-0.10007118006008442,-0.14047619849813475,,19.9,-0.18792922651960176,1.266151439015833,0.7261494504038878,False,False,False
8038,30.350000381469727,2026-09-10,-0.016207455229087397,-0.057453426634665905,-0.26690823036568945,-0.27651967033377733,,2.6,-0.3547662768252068,0.3555228178583596,0.5126689187556484,False,False,False
8039,275.0,2026-09-10,-0.061433447098976135,0.21145374449339216,0.8665240205290301,1.1800417866341437,,97.5,0.7786659740695128,1.1721191152040829,0.7801418439716312,False,False,False
8040,80.0,2026-09-10,0.07095051229292637,0.0652463598593469,-0.15966383860816769,0.6000000000000001,,73.2,-0.24752188506768502,1.712774129936266,0.64,False,False,False
8042,120.5,2026-09-10,0.1990049751243781,0.0663716814159292,-0.29325513196480935,1.281458065710865,,86.6,-0.3811131784243267,1.691944995869171,0.5724465558194775,False,False,False
8043,141.5,2026-09-10,0.04428044280442811,-0.03440334994317318,-0.22804603748328867,1.076173695387161,,84.7,-0.315904083942806,0.45418351873326646,0.6288102108534732,False,False,False
8044,23.299999237060547,2026-09-10,-0.018947400544819026,-0.13059701864319473,-0.22073580152755035,-0.025104618872233586,,12.1,-0.3085938479870677,0.5730577546103913,0.6563380066777619,False,False,False
8045,48.0,2026-09-10,-0.04761907645273733,-0.09262762541664205,-0.212414531857814,-0.3747720781582603,,2.9,-0.30027257831733134,0.8363489780182796,0.4191442083345492,False,False,False
8046,1070.0,2026-09-10,-0.0092592592592593,-0.1541501976284585,0.3092131568346681,1.2886778731403714,,95.5,0.22135511037515077,0.6753615665201734,0.7561837455830389,False,False,False
8047,49.04999923706055,2026-09-10,0.15957447096325428,0.07802196125407801,-0.047572830348338924,-0.11621622996287306,,29.8,-0.13543087680785626,1.9812504536056048,0.8174999872843425,False,False,False
8048,50.400001525878906,2026-09-10,0.008000030517578027,-0.03816793781985395,-0.19494072554704112,-0.09935676413366978,,11.1,-0.28279877200655845,0.40658996739451864,0.7327682634422342,False,False,False
8049,24.5,2026-09-10,0.0020449585071724563,-0.025639858642919844,-0.01637783117502789,0.002684560091142707,,47.8,-0.10423587763454523,0.6514565302582647,0.9206142953969988,False,False,False
8050,55.09999847412109,2026-09-10,0.016605123588799398,-0.06292518385965251,-0.01135811946781673,0.3862608656928763,,77.3,-0.09921616592733407,0.2339059534894035,0.798550702523494,False,False,False
8054,82.30000305175781,2026-09-10,0.027465725587341838,-0.027186707610483474,-0.17452351483538497,-0.18916253150977524,,9.6,-0.2623815612949023,0.27384094713199864,0.5344156042321936,False,False,False
8059,22.32988166809082,2026-09-09,-0.007407421852114848,-0.09764306208928808,-0.25139663482735075,-0.2717391115025928,,3.2,-0.3392546812868681,0.5037744447895218,0.41104294543147246,False,False,False
8064,126.5,2026-09-10,0.24019607843137258,0.19905213270142186,-0.052543615680982425,1.212376632501957,,91.5,-0.14040166214049976,2.9021320969507776,0.7387414232503431,False,False,False
8066,14.350000381469728,2026-09-10,-0.010344801277949789,-0.0304053921260653,-0.06818177032920936,-0.2659846065739626,,15.9,-0.1560398167887267,0.31288936457110267,0.632158585866564,False,False,False
8067,12.600000381469728,2026-09-10,0.058823595409989826,-0.08029193015400571,-0.030769201425405512,-0.1543623688553768,,29.1,-0.11862724788492285,0.710650416132818,0.7138810568721665,False,False,False
8068,16.399999618530273,2026-09-10,-0.026706276127704265,-0.0863510350155191,-0.12765955935780782,-0.26457398297687007,,10.2,-0.21551760581732515,0.2590969381989879,0.5674740427337176,False,False,False
8069,147.0,2026-09-10,0.0,-0.11445783132530118,-0.2248527518321436,-0.044472560079316215,,10.8,-0.31271079829166093,0.5890645648831331,0.6101560688025671,False,False,False
8070,49.45000076293945,2026-09-10,0.005081300734212979,0.015400410436353651,-0.10491636474416066,0.17498948783575585,,47.0,-0.192774411203678,0.3281445775548561,0.7854255714593423,False,False,False
8071,22.25,2026-09-10,-0.03260869565217395,-0.12915848671626817,-0.09183673469387754,0.34036141498148775,,65.2,-0.17969478115339488,0.1643278870636934,0.6582840385275404,False,False,False
8072,25.899999618530277,2026-09-10,-0.005758142914525255,-0.020793993517754905,-0.06670837674219054,-0.05016065848153384,,32.2,-0.15456642320170788,0.2962653907228054,0.7239316177346323,False,False,False
8074,51.09999847412109,2026-09-10,-0.039473726667336506,-0.10975614780981235,-0.2751773266082116,-0.16859094106619765,,4.0,-0.36303537306772893,0.4279624177635374,0.5578602546435402,False,False,False
8076,21.700000762939453,2026-09-10,-0.009132367994271529,-0.05602853026520027,-0.16677371542587516,-0.08685205166033372,,14.5,-0.2546317618853925,0.604257217495575,0.782242129724424,False,False,False
8080,29.25,2026-09-10,0.020942421970632452,0.05215830225658569,0.044642857142857206,-0.059485542082887255,,54.5,-0.04321518931666013,0.6907458058683412,0.612565445026178,False,False,False
8081,247.5,2026-09-10,-0.015904572564612307,-0.07649253731343286,-0.07768426202561052,0.0921144325336467,,43.6,-0.16554230848512785,0.2543993437581352,0.7638888888888888,False,False,False
8084,45.29999923706055,2026-09-10,-0.043294599854759364,-0.1657458586823951,-0.034115186284919274,-0.0940000152587891,,34.2,-0.12197323274443661,1.5807917175330874,0.6832578755946151,False,False,False
8085,14.949999809265137,2026-09-10,-0.0033333460489909372,0.29999998341435963,0.17254900464824607,-0.14571429661342072,,68.6,0.08469095818872874,0.7334242505124803,0.6485900348850353,False,False,False
8086,109.5,2026-09-10,-0.022321428571428603,-0.06654202682566246,-0.2643609537423969,-0.1741152359232767,,4.4,-0.3522190002019142,0.6438495013250499,0.6205670443959046,False,False,False
8087,26.700000762939453,2026-09-10,0.0,-0.07931031851932924,-0.21122593895086694,-0.18098153335391243,,7.1,-0.2990839854103843,0.13211458697678746,0.6872587338896541,False,False,False
8088,43.09999847412109,2026-09-10,0.0034923797093633357,-0.12398378443549285,-0.28138534361177847,-0.17372770852606612,,3.8,-0.3692433900712958,0.24455262695549754,0.6035970484320876,False,False,False
8089,18.200000762939453,2026-09-10,0.06432750625325911,-0.01086950324658753,-0.13126491168748544,-0.24324318751355167,,10.6,-0.21912295814700278,1.2286050769230636,0.46967743904359877,False,False,False
8091,208.0,2026-09-10,-0.030303030303030276,-0.10729613733905574,-0.12400544021279658,0.5385648912309342,,73.6,-0.21186348667231392,0.33685217059733774,0.7050847457627119,False,False,False
8092,12.800000190734863,2026-09-10,-0.011582982296490463,0.0,-0.12925167640701185,-0.044776077975830386,,21.8,-0.2171097228665292,0.3035610286215199,0.6719160474207939,False,False,False
8093,26.149999618530277,2026-09-09,-0.0368324130405322,0.19679630031984985,0.3983956444726775,0.3799471538635435,,92.1,0.31053759801316017,0.815070607299946,0.7884422600093255,False,False,False
8096,91.8000030517578,2026-09-10,-0.11291613354610253,-0.26488666798386296,-0.30372284947269457,0.25690348893739046,,19.2,-0.3915808959322119,0.6904179850954577,0.5442874383897746,False,False,False
8097,48.5,2026-09-10,-0.006147525445711843,-0.0490196078431373,-0.1889632003549837,-0.16952056964402473,,9.5,-0.27682124681450104,1.0482659007685247,0.6899003967936141,False,False,False
8099,59.0,2026-09-10,-0.006561838514630769,0.05338701489119724,0.00653124507032854,0.00653124507032854,,53.2,-0.0813268013891888,1.26655499075963,0.7325712739719228,False,False,False
8101,11.600000381469728,2026-09-10,-0.0042917801457277305,-0.008546959779966778,-0.22923586482005742,-0.2266666412353514,,4.9,-0.31709391127957476,0.18385094483518347,0.6073298507744386,False,False,False
8102,63.09999847412109,2026-09-10,-0.0292307927058294,-0.08284890006979573,-0.12482663232275082,0.3522279002113773,,61.2,-0.21268467878226816,0.6651526570868127,0.7565710912053756,False,False,False
8103,110.0,2026-09-10,-0.09090909090909094,0.35635021047627835,0.16961764615454622,0.2995751975355345,,85.1,0.08175959969502888,1.5485412454091527,0.8695652173913043,False,False,False
8104,29.950000762939453,2026-09-10,-0.016420360836527426,-0.06842925843000591,-0.22308686496297958,-0.14428569248744416,,7.5,-0.3109449114224969,0.17382497001119654,0.671524703757956,False,False,False
8105,14.649999618530272,2026-09-10,-0.023333358764648593,-0.14577259799462594,-0.34743879195253535,0.11832054900189592,,8.3,-0.4352968384120527,0.34750649512432413,0.5825049638464525,False,False,False
8109,127.5,2026-09-10,-0.026717557251908386,-0.02298850574712641,0.06694560669456062,0.31473494272391345,,80.6,-0.020912439764956714,0.3548573342420267,0.7894736842105263,False,False,False
8110,42.75,2026-09-10,-0.011560693641618491,-0.08653844664709709,-0.19648723578607397,-0.1800279795597024,,8.4,-0.2843452822455913,0.29986312296976747,0.500369294322351,False,False,False
8111,71.19999694824219,2026-09-10,-0.011111153496636272,0.21088431755227233,0.280575519824557,0.11921596215810215,,86.3,0.19271747336503964,1.4063149307342917,0.8895622966872587,False,False,False
8112,85.9000015258789,2026-09-10,-0.03807392396065523,-0.11351909005968641,-0.093480978582271,0.004081665048947247,,32.2,-0.18133902504178834,0.525995349977867,0.8590000152587891,False,False,False
8114,178.5,2026-09-10,-0.05555555555555558,-0.1697674418604651,-0.1026678851831051,0.0855655546267522,,38.2,-0.19052593164262244,0.6227074068186533,0.7074472611081549,False,False,False
8119,10.699999809265137,2026-09-10,0.08629435480981962,0.07537688586703517,0.019047600882393878,0.4060446283229864,,80.5,-0.06881044557712346,1.4710579394941958,0.6239067082954319,True,False,False
8121,27.450000762939453,2026-09-10,0.02234638260503763,-0.0940593579499237,-0.3817567608203798,0.1296296964929431,,6.0,-0.46961480727989713,0.23587904646866298,0.5045955881063914,False,False,False
8131,62.0,2026-09-10,0.024793388429751984,-0.03276128742762641,-0.127236516676123,-0.007283212915575654,,25.3,-0.21509456313564035,0.5264708744665304,0.7366819657389017,False,False,False
8147,132.5,2026-09-10,0.04743083003952564,0.019230769230769162,-0.0712699598690294,0.06822304854298955,,42.7,-0.15912800632854673,1.4817962646912366,0.7093449518543485,False,False,False
8150,90.9000015258789,2026-09-10,0.020202054798919233,-0.014099733897963818,-0.05091347560124637,0.5067331599234319,,78.6,-0.1387715220607637,0.4106694564488906,0.742040828782685,False,False,False
8155,339.0,2026-09-10,-0.025862068965517238,0.05443234836702948,-0.021136973123271563,0.6866192759078518,,85.2,-0.1089950195827889,0.4832671807008762,0.7537137784595456,False,False,False
8162,60.5,2026-09-10,0.027164659298321014,0.04671281658440307,-0.07586224899823046,0.6664372909626075,,82.3,-0.1637202954577478,0.21813193582500595,0.7018561733398498,False,False,False
8163,30.0,2026-09-10,-0.03536978675167923,-0.059561117280596876,-0.2917613055341144,0.06484303919347112,,10.3,-0.3796193519936317,0.46569262869953737,0.6622516667827356,False,False,False
8171,20.149999618530277,2026-09-10,0.04404147228345634,-0.007389144047671881,-0.12200440310793914,-0.22350678126732315,,12.0,-0.20986244956745648,1.4193083262531183,0.6479099476325482,False,False,False
8176,9.779999732971191,2026-09-10,0.0020491294692979167,-0.013118074313075434,-0.04117647883801323,-0.09444448516201998,,32.7,-0.12903452529753057,0.29993597262871236,0.7035971224008774,False,False,False
8182,38.59999847412109,2026-09-10,0.01578943352950235,-0.07544913834440514,-0.27587202114827747,0.4455589535440041,,40.2,-0.3637300676077948,0.11986086150963748,0.6578518435927799,False,False,False
8183,29.0,2026-09-10,0.02292767583012556,-0.052287593513842934,-0.05102133929221209,-0.17606012605923194,,23.4,-0.13887938575172942,0.9461519691585887,0.7307018487328403,False,False,False
8201,12.0,2026-09-10,0.030042952182850247,0.008403393670199044,-0.09433962264150941,-0.09774437384147394,,22.7,-0.18219766910102675,0.8238011947033338,0.655737732256185,True,False,False
8210,910.0,2026-09-10,-0.04008438818565396,-0.09452736318407962,-0.37646250337082565,0.043947572398137735,,4.3,-0.464320549830343,1.2873495195262645,0.5914583697636712,False,False,False
8213,32.29999923706055,2026-09-10,-0.015243902793602881,-0.030030030718050882,-0.07176022458636622,-0.03146030683507728,,32.9,-0.15961827104588355,0.4211407686440727,0.8005513022636862,False,False,False
8215,25.049999237060547,2026-09-10,-0.009881423222882546,-0.01183436449288866,-0.1147930252769076,0.23713068578944974,,52.0,-0.20265107173642494,0.41135140293855166,0.7779502684326582,False,False,False
8222,34.70000076293945,2026-09-10,-0.05578229216491282,-0.11253191516347083,0.012791614415795793,-0.07794604212739054,,45.0,-0.07506643204372154,0.26993480388818136,0.6504079637463438,False,False,False
8227,217.5,2026-09-10,0.389776357827476,0.3679245283018868,0.23300059919652139,0.7146414327652977,,92.2,0.14514255273700405,2.9442457061353497,0.8814221202937184,True,True,False
8234,63.79999923706055,2026-09-10,-0.025926979877404444,-0.08035238156299962,0.004560371753937309,0.027062536715266594,,55.2,-0.08329767470558003,0.5344852571862068,0.6836145978283954,False,False,False
8240,52.0,2026-09-10,0.08786612615012523,0.1981566399022594,-0.053241470970190274,0.1612745705648604,,56.4,-0.1410995174297076,3.7141984595620134,0.7126003046648007,False,False,False
8249,38.400001525878906,2026-09-10,-0.04477609957460438,-0.09647055233226098,-0.19802653755205668,-0.21991275956462852,,6.7,-0.285884584011574,0.7789758508404575,0.6233407641340021,False,False,False
8261,168.0,2026-09-10,-0.028901734104046284,-0.08695652173913049,-0.01758514916445575,0.6876136518918856,,85.4,-0.10544319562397308,0.35602460394144614,0.4842300463565784,False,False,False
8271,211.0,2026-09-10,-0.027649769585253448,-0.09051724137931039,0.0663643728193104,0.36670111399006755,,82.0,-0.021493673640206934,0.3852864426719118,0.8289396480016267,False,False,False
8277,18.673723220825195,2026-09-09,0.006250000642369802,0.00877193072839244,-0.1843971784820141,-0.018292684761079592,,16.9,-0.2722552249415314,1.061587853383269,0.48936170106417476,False,False,False
8284,66.69999694824219,2026-09-10,0.015220700859206904,0.06719995117187505,0.12484372974549984,0.12130087031781644,,77.4,0.03698568328598251,0.21513421171525893,0.9794419741960652,False,False,False
8289,42.400001525878906,2026-09-10,-0.04072396393643951,-0.10169489744647242,-0.37511997348214987,0.2646382978723405,,11.2,-0.4629780199416672,0.19681752628320284,0.5613189728730401,False,False,False
8291,29.75,2026-09-10,-0.0703125,-0.2410714433422586,-0.30082254915558027,1.0307167764270972,,79.6,-0.3886805956150976,0.3987190771279091,0.2236842105263158,False,False,False
8298,39.0,2026-09-10,0.0,-0.16666665308156225,-0.21561079085114954,0.3270321169670103,,40.4,-0.3034688373106669,0.17242314765790018,0.6978358835037182,False,False,False
8299,2065.0,2026-09-10,0.03249999999999997,-0.06561085972850678,-0.09953257506574464,0.14921536144025827,,45.4,-0.18739062152526198,0.5232249756202186,0.7222499265645174,False,False,False
8341,74.5999984741211,2026-09-10,-0.0066577897491209015,-0.026109661094519288,-0.03168732895039661,0.023788869775826393,,46.5,-0.11954537540991395,0.8381373998765682,0.8593113045031104,False,False,False
8342,87.0,2026-09-10,-0.011363636363636354,-0.011363636363636354,0.013920973611901699,0.0960003114056649,,62.7,-0.07393707284761564,1.0392312918567408,0.9508196721311475,False,False,False
8345,52.0,2026-09-10,0.019607843137254832,0.0,0.051425687127712116,0.16053603590372956,,71.9,-0.03643235933180522,0.5373094837802828,0.9536186858078483,False,False,False
8349,38.400001525878906,2026-09-10,-0.01538457625951517,-0.027848062635977056,-0.049764520941168566,-0.0686139577677558,,33.4,-0.1376225674006859,0.9890919235888128,0.8446537503041694,False,False,False
8354,17.25,2026-09-10,-0.025423770821618952,-0.05219784192943189,0.052784084791092534,0.12798292454305082,,70.5,-0.0350739616684248,0.40674181388871167,0.9142598351010703,False,False,False
8358,521.0,2026-09-10,0.10851063829787244,0.24492234169653515,-0.08818039194489902,1.2855216595129741,,91.6,-0.17603843840441635,0.23322015441609614,0.7476920786051828,False,False,False
8367,40.5,2026-09-10,-0.015795905267953048,0.007462667446939797,0.0037175100756228208,-0.05936887676394387,,45.1,-0.08414053638389452,0.4141100245109407,0.9246575503529161,False,False,False
8374,79.5,2026-09-10,0.0037879174661314963,-0.07665503590113121,-0.12046396638590207,0.09308590820163953,,35.2,-0.2083220128454194,0.873942295778762,0.7051855264661876,False,False,False
8383,65.80000305175781,2026-09-10,0.02492221463508071,-0.055954003834181365,0.1552549603445028,0.6223317796362284,,89.9,0.06739691388498548,0.43931124211224376,0.7278761276671126,False,False,False
8390,92.4000015258789,2026-09-10,-0.048403676849642974,-0.07599998474121095,-0.13551843755295467,-0.04519952530596483,,21.2,-0.223376484012472,1.0514103600336844,0.740984181271433,False,False,False
8401,22.649999618530277,2026-09-10,-0.006578930857438436,-0.02370694510009541,-0.008752768472671035,-0.11984868521208403,,36.2,-0.09661081493218837,1.5002804446812763,0.8000026812443723,False,False,False
8404,14.350000381469728,2026-09-10,-0.11692305344801668,-0.1141975490335746,-0.14730418513306676,-0.2783281458750114,,8.5,-0.2351622315925841,2.2190039908166725,0.5283668588073142,False,False,False
8410,29.100000381469727,2026-09-10,-0.04590162683705812,-0.041265151018144874,-0.09907117433981816,-0.1732366852996804,,18.1,-0.1869292207993355,1.1321376349190462,0.7173672221526857,False,False,False
8411,13.0,2026-09-10,0.007751967785028624,-0.003831432184220329,0.07403069265132767,0.07845057414301815,,70.3,-0.013827353808189669,0.4156281673221318,0.9774435950050699,True,False,False
8415,36.34999847412109,2026-09-10,-0.02677376280732313,-0.059508485406340905,0.07240572577915083,0.1215115382668881,,72.1,-0.015452320680366505,0.5662940519891083,0.9404915145936591,False,False,False
8416,169.0,2026-09-10,0.0,0.0,-0.025406124632148752,0.052677080412684596,,51.3,-0.11326417109166609,0.36932267310303213,0.9384977844993931,False,False,False
8421,12.649999618530272,2026-09-10,-0.011718794528860044,-0.06642070550080059,-0.026923106266902197,-0.06296299121997984,,38.6,-0.11478115272641953,0.5335598526182374,0.7507418001272999,False,False,False
8422,26.299999237060547,2026-09-10,0.005736123163228468,-0.022304847211091272,-0.0529368162715389,-0.10972989683053735,,29.2,-0.14079486273105624,0.4375577172132235,0.5291874964020494,False,False,False
8424,68.5999984741211,2026-09-10,-0.0029070431506559302,-0.005797123563462403,-0.015781901324012026,-0.024679414170208247,,44.3,-0.10363994778352936,0.4542760933371445,0.9650944616386946,False,False,False
8426,20.600000381469727,2026-09-10,-0.002421270604561321,-0.03738314258509756,0.022527188917055962,-0.18702298350655977,,35.8,-0.06533085754246137,0.36835425474089156,0.7152569199801191,False,False,False
8431,60.20000076293945,2026-09-10,-0.05494505428697405,0.23360659229726632,0.23360659229726632,-0.14488637133324422,,75.1,0.145748545837749,5.318649042518066,0.7639593709583816,False,False,False
8433,53.900001525878906,2026-09-10,-0.014625214367502637,-0.023550710490811255,0.007476664035119818,0.03329688527021446,,56.2,-0.08038138242439752,0.4833028810447033,0.9112539481639728,False,False,False
8435,52.900001525878906,2026-09-10,-0.009363295612598188,-0.020370342113353535,-0.013059644928537617,-0.007819295905630463,,47.1,-0.10091769138805495,0.5851550555644296,0.9327489260460083,False,False,False
8437,9.130000114440918,2026-09-09,-0.006528777876166125,0.005506628981826411,-0.13047617957705548,-0.3431654413666605,,7.1,-0.21833422603657282,0.2869343106809729,0.49890713087851646,False,False,False
8438,68.9000015258789,2026-09-10,0.0014534661291492057,0.013235316557042687,-0.11741433504976462,0.04956130079732324,,32.0,-0.20527238150928195,0.20731952551495267,0.6563453899439158,False,False,False
8440,19.899999618530277,2026-09-10,-0.007481278016859494,-0.005000019073486128,-0.09547307000207705,-0.18205711479546105,,18.0,-0.1833311164615944,0.6385795765497525,0.6761110326634931,False,False,False
8442,46.34999847412109,2026-09-10,0.023178791495464868,0.12122505985450349,0.22721146040839724,-0.2093925953534278,,71.1,0.1393534139488799,0.39399395153575606,0.6569094911470789,False,False,False
8444,4.760000228881836,2026-09-10,0.03478267990573958,-0.11851849170051698,0.008474669590729178,-0.4497109319305831,,13.7,-0.07938337686878816,0.8803372293542825,0.3216216329417147,False,False,False
8454,234.0,2026-09-10,-0.01680672268907568,-0.12523364485981303,-0.3436185133239832,0.3675670749249085,,20.9,-0.4314765597835005,0.30082345888031675,0.5324232081911263,False,False,False
8455,23.0,2026-09-10,0.022222222222222143,-0.08366535257186958,-0.23333333333333328,-0.017094001070560694,,11.2,-0.3211913797928506,0.7894380333486952,0.4962243960556277,False,False,False
8462,164.5,2026-09-10,-0.0060422960725075026,-0.08100558659217882,0.19054632620636625,0.2071392348311638,,84.1,0.10268827974684891,0.3419325197633711,0.9164345403899722,False,False,False
8463,21.399999618530277,2026-09-10,0.0,0.03132528282073621,-0.0043158760128768625,-0.1715016694372471,,32.5,-0.0921739224723942,0.2843213818557076,0.7929912651085873,False,False,False
8464,368.5,2026-09-10,0.0027210884353741083,-0.05754475703324813,0.057388809182209455,-0.0062909354371806225,,61.7,-0.03046923727730788,0.4736159978018529,0.8190956403247943,False,False,False
8466,14.050000190734863,2026-09-10,-0.08169934538673773,-0.11837522925546251,-0.11016137902250889,-0.2746125446864981,,10.7,-0.19801942548202622,0.5518128389412371,0.5447301195134567,False,False,False
8467,89.69999694824219,2026-09-10,-0.003333367241753482,-0.12487807855373478,-0.25716602125789534,-0.40905541917095567,,1.5,-0.3450240677174127,0.7992511638982175,0.47671561183925576,False,False,False
8472,78.5999984741211,2026-09-10,0.15588233050178069,0.11489359537760424,-0.12666668362087674,0.07818925691268652,,32.8,-0.21452473008039408,1.8231411725260862,0.8524945886738406,True,False,False
8473,39.59999847412109,2026-09-10,-0.03263835028290096,0.04186090298006517,-0.13815173687186244,0.20333533717238894,,42.8,-0.22600978333137978,0.9924781034120509,0.7972096400842109,False,False,False
8476,19.899999618530277,2026-09-10,0.03645827227996712,-0.012406948125700978,0.021074992559689365,0.0672406786138322,,61.8,-0.06678305389982797,0.2674045047001486,0.8105906410167762,False,False,False
8477,15.449999809265137,2026-09-10,0.009803896513747024,-0.012779540839625736,-0.08035711244660848,0.144444430315936,,49.4,-0.16821515890612582,0.5450541809770799,0.7445783040609705,False,False,False
8478,141.0,2026-09-10,0.0,-0.03424657534246578,-0.03396266812078974,-0.12309107450613599,,31.5,-0.12182071458030708,0.3341248905577847,0.636374467327858,False,False,False
8481,41.400001525878906,2026-09-10,0.019704509404544712,0.014705938726424117,0.058007227518656945,0.06053839945581352,,67.1,-0.02985081894086039,0.5245736629178683,0.9975903982139496,False,False,False
8482,49.59999847412109,2026-09-10,0.05307855798283345,0.011213032530385414,0.06440504417467618,0.07437349485695033,,68.9,-0.02345300228484115,0.8441632404684074,0.9301558066571562,False,False,False
8487,71.0999984741211,2026-09-10,0.009943138253837525,-0.01795584287789187,-0.13292684787657205,0.049882497938362746,,29.0,-0.2207848943360894,0.24946106688382091,0.8555956652184894,False,False,False
8488,10.199999809265137,2026-09-10,0.04401221405877909,0.019999980926513672,0.004926127351136289,0.03030305073682449,,55.6,-0.08293191910838105,2.065317311953119,0.8607594498659462,False,False,False
8489,21.950000762939453,2026-09-10,0.0022831573187274135,-0.04978353244759148,-0.0134831117780021,-0.08158991157802953,,39.9,-0.10134115823751944,0.44279195416205436,0.45164612041351326,False,False,False
8499,256.0,2026-09-10,0.013861386138613874,-0.03578154425612057,-0.07605983279525175,-0.030033369382611474,,32.3,-0.16391787925476908,0.23113982279368436,0.6604546855265249,False,False,False
8905,34.599998474121094,2026-09-10,0.011695839247322315,-0.008596075605766251,0.18686213165321353,-0.09701839865250372,,72.9,0.09900408519369619,0.39290112965319884,0.8708509752327079,False,False,False
8906,28.450000762939453,2026-09-10,-0.030664381834164867,0.0035273502689294745,0.03454548228870746,-0.08373586273772904,,49.5,-0.05331256417080987,0.3805707565295145,0.7130325733067191,False,False,False
8908,40.29999923706055,2026-09-10,0.008760912826959899,0.03816231054432562,-0.010095534692935226,0.020129602888853793,,51.0,-0.09795358115245256,0.4319571933185967,0.8794579236144509,False,False,False
8916,41.0,2026-09-10,0.001220982567253115,0.023720369064585745,-0.02015268907037482,-0.0697652841404297,,39.6,-0.10801073552989215,0.49044828564310955,0.8714057031369589,False,False,False
8917,53.0,2026-09-10,0.00952380952380949,0.00952380952380949,0.06251458759362438,-0.02399103964356397,,60.9,-0.025343458865892954,0.399752872853083,0.7957360157460707,False,False,False
8921,16.399999618530273,2026-09-09,-0.003039583105784893,-0.04373177939838779,-0.09057493220288793,-0.03241403741416904,,29.5,-0.17843297866240526,1.684743869507891,0.8578597373200064,False,False,False
8924,50.70000076293945,2026-09-10,0.00795231673848984,-0.021235492091167707,-0.09786476735471727,-0.2069864448971166,,15.8,-0.1857228138142346,0.5210422188948762,0.7223594940858781,False,False,False
8926,58.70000076293945,2026-09-10,0.03710251493696659,0.033450731538728684,-0.18566225850379303,0.3164239226659431,,44.6,-0.27352030496331037,0.781725679005416,0.724691367443697,False,False,False
8927,18.75,2026-09-10,-0.038461538461538436,-0.0625,-0.08304512148551468,-0.22339534173085573,,16.8,-0.17090316794503202,0.4144565450392327,0.4903818237869903,False,False,False
8928,23.25,2026-09-10,-0.06060606060606055,0.017206828924242412,0.14013944655371868,-0.005911508096763218,,72.6,0.05228140009420135,0.8499139891191771,0.8684816033695931,False,False,False
8929,13.0,2026-09-10,-0.007633616683796585,-0.03703703703703709,-0.08127206003767506,-0.2024539504000401,,18.5,-0.1691301064971924,0.35709316270841296,0.7142856843430369,False,False,False
8930,29.0,2026-09-10,-0.036544862708603576,-0.030100322074001262,0.04504504504504503,-0.039080956945516165,,56.4,-0.04281300141447231,0.6519407554930532,0.9105180424698566,False,False,False
8931,41.04999923706055,2026-09-10,0.002441965134506008,0.013580228075569023,-0.00075567716632019,-0.09217589885967425,,41.4,-0.08861372362583753,1.63702079558412,0.7872275550577726,False,False,False
8932,92.3000030517578,2026-09-10,0.028985576276171265,0.03203907878030132,0.04172955777444298,0.17277172135990537,,71.5,-0.046128488685074354,0.4074356300233355,0.8567119802619703,False,False,False
8933,4.579999923706055,2026-09-10,-0.017167366164289044,0.008810564358837869,0.026905803706885,-0.33236154015062636,,23.3,-0.060952242752632335,0.5272452206005747,0.49836780553095844,False,False,False
8935,17.799999237060547,2026-09-10,-0.011111153496636272,-0.011111153496636272,-0.1872146325518924,-0.06806288578247377,,13.0,-0.27507267901140975,0.2227867595820684,0.6095889990404469,False,False,False
8936,51.09999847412109,2026-09-10,0.015904557638066752,-0.017307721651517616,-0.08750002724783779,-0.04127581227824406,,28.9,-0.17535807370735512,0.32822763062256416,0.7373736828836247,False,False,False
8937,30.5,2026-09-10,0.04810995189614364,0.27348638949507276,0.27348638949507276,-0.2606060606060606,,73.4,0.18562834303555542,1.2699513114477894,0.6777777777777778,True,False,False
8938,51.70000076293945,2026-09-10,0.01771656573613334,-0.017110223142390968,-0.028195488317453887,-0.19365193995175778,,26.4,-0.11605353477697122,0.5484262480151096,0.7323613614846901,False,False,False
8941,44.34999847412109,2026-09-10,0.01255706042558935,0.040750365974213665,0.09721388443778856,0.01646653108051166,,69.6,0.00935583797827122,0.31166840015411734,0.9977502297614864,False,False,False
8942,41.79999923706055,2026-09-10,-0.01647060618681062,0.04369538160641517,0.037590331874741034,0.18356847826556577,,71.6,-0.0502677145847763,0.5076776834438946,0.9327034231099395,False,False,False
8996,1300.0,2026-09-10,0.09704641350210963,0.11111111111111116,0.1353711790393013,0.4253500737730018,,86.6,0.04751313257978396,2.026867372249179,0.8176100628930818,False,False,False
9802,66.0,2026-09-10,-0.044260270933631274,-0.052137337633735625,-0.12873217681996563,-0.17847335251455043,,13.6,-0.21659022327948296,1.2718235075664561,0.6143590281869696,False,False,False
9902,13.550000190734863,2026-09-10,-0.003676484509735123,-0.021660662994366642,-0.014545440673828125,-0.09666665395100915,,37.4,-0.10240348713334546,0.9714965153553398,0.7548746303516003,False,False,False
9904,24.100000381469727,2026-09-10,-0.0183298928543959,0.006263031889434556,-0.046081008676238544,-0.15821387865655756,,26.3,-0.13393905513575588,0.46245855501202915,0.7895012723530302,False,False,False
9905,21.5,2026-09-10,0.0023309666798210227,-0.006928388968741261,0.08732817382138025,0.10589228839672682,,73.1,-0.0005298726381370855,0.6128908324953479,0.9930716110312587,False,False,False
9906,39.75,2026-09-10,-0.05898289435648407,-0.036362299641417906,-0.09611437290379143,-0.04553978053382679,,27.5,-0.18397241936330877,0.6793544662106786,0.5877907541486587,False,False,False
9907,15.300000190734863,2026-09-10,-0.0032573413350024394,0.026845676674188246,-0.014175274519322323,-0.09790286427079264,,37.3,-0.10203332097883966,0.23563618068834444,0.8170359330107673,False,False,False
9908,29.049999237060547,2026-09-10,0.0,0.0017241116227775244,0.029409327548308495,-0.01897463148504197,,55.5,-0.05844871891120884,0.7461840259478462,0.8772357881852078,False,False,False
9910,68.5,2026-09-10,0.011816884605909683,-0.035211267605633756,-0.21981779477137975,-0.17397755200181209,,6.7,-0.3076758412308971,0.9126777916275917,0.5311018585186225,False,False,False
9911,81.80000305175781,2026-09-10,-0.003654024700838976,-0.003654024700838976,-0.02965598943650183,-0.05628172169399248,,38.7,-0.11751403589601916,0.8597408780427492,0.9396284828364735,False,False,False
9912,13.0,2026-09-10,0.03174600050953447,0.0358565579622343,0.040000000000000036,0.06557378715098938,,64.6,-0.0478580464595173,0.558645945689937,0.9219857906588887,False,False,False
9914,77.4000015258789,2026-09-10,-0.02763815314591289,-0.17041801721119376,0.0936030786975901,0.15000660306189362,,75.8,0.005745032238072767,0.32484260123774655,0.7167006025952755,False,False,False
9917,105.5,2026-09-10,-0.004716981132075526,0.030465130905720894,-0.045085688600792984,0.03555149099507804,,44.6,-0.13294373506031032,0.4652790405623104,0.954914311399207,False,False,False
9918,43.5,2026-09-10,0.0011507304069644508,0.01635515830414591,0.04170106036738508,-0.10072704334209193,,49.2,-0.04615698609213226,0.5439550924761363,0.7349685397822241,True,True,False
9919,14.149999618530272,2026-09-10,0.02166059413701671,0.010714258466447912,0.0,-0.09584664770368012,,41.2,-0.08785804645951734,0.6272379645283024,0.720101775736758,True,False,False
9921,97.3000030517578,2026-09-10,-0.03184076565415128,-0.09145248491721225,0.31341747393439157,0.3735323975917393,,90.7,0.22555942747487423,0.47161144286263007,0.8881765044961072,False,False,False
9924,38.25,2026-09-10,-0.003906289581207867,-0.00520158020730721,-0.06364745584429365,-0.09927205214174917,,28.2,-0.151505502303811,0.5627904375615802,0.7254076897205103,False,False,False
9925,39.70000076293945,2026-09-10,0.0,-0.009975005645942225,0.023686664710532712,0.02494426491187518,,57.9,-0.06417138174898462,0.7941829204133988,0.977832567856984,False,False,False
9926,49.45000076293945,2026-09-10,0.006103748275624987,0.009183689039580667,0.04417691677602065,0.009439171518333955,,60.5,-0.04368112968349669,0.7862401697167396,0.9017891752082466,False,False,False
9927,69.80000305175781,2026-09-10,0.004316590672774234,0.0028736290520334773,0.007215006897280718,0.04804811788216701,,57.0,-0.08064303956223662,0.8133451034456325,0.9349136866854477,False,False,False
9928,17.700000762939453,2026-09-10,-0.016666624281141518,-0.03542232179933136,-0.011173120662180347,-0.008403339794098241,,47.7,-0.09903116712169768,0.9560831852959495,0.8468900041149449,False,False,False
9929,11.100000381469728,2026-09-10,-0.026315723429753968,-0.030567636124517183,-0.026315723429753968,0.06730776813608963,,52.7,-0.1141737698892713,1.0389431989437323,0.7400000254313153,False,False,False
9930,62.20000076293945,2026-09-10,-0.00320514035334607,-0.0016051119638154088,-0.050877830016028525,-0.059001479594716355,,34.4,-0.13873587647554586,0.8031920922102553,0.9085950035222958,False,False,False
9931,34.150001525878906,2026-09-10,0.0073746309364957074,0.008862719801514096,0.03288228520794445,-0.1530365671720162,,41.8,-0.054975761251572886,0.5782848189190063,0.7016753816148753,False,False,False
9933,40.34999847412109,2026-09-10,0.02766597579208896,-0.0016959120017133733,0.023901631194030104,0.2241976926658502,,72.4,-0.06395641526548723,0.8714272338180103,0.9583719498046426,False,False,False
9934,10.149999618530272,2026-09-10,-0.08144801417824576,-0.14345997537669353,-0.023762381323388482,0.047037279993263015,,50.9,-0.11162042778290582,0.9793804229496269,0.8458333015441893,False,False,False
9935,19.299999237060547,2026-09-10,-0.015306180539302772,-0.04218364255888396,0.06493501573024196,0.04591835047113446,,66.8,-0.022923030729275373,0.47121949049229855,0.9234449564271214,False,False,False
9937,55.59999847412109,2026-09-10,0.00907441041463608,0.010909063165837951,0.040219417178471994,0.016453340011494122,,60.3,-0.04763862928104534,0.9054702439862,0.9165800094178442,False,False,False
9938,39.09999847412109,2026-09-10,-0.05212124911221605,-0.08000003590303328,-0.07752450630542707,-0.1409802223548814,,22.3,-0.1653825527649444,0.8839371252123494,0.6926202420508006,False,False,False
9939,128.0,2026-09-10,-0.026615969581749055,-0.04477611940298509,0.007808629234519637,0.1306088820223441,,64.6,-0.0800494172249977,0.4536036611881599,0.8858131487889274,False,False,False
9940,20.25,2026-09-10,-0.0024630166965359246,-0.06682030930689409,0.025316455696202445,0.03978766332206285,,59.9,-0.06254159076331489,0.42535810497714976,0.8461429949297564,False,False,False
9941,80.30000305175781,2026-09-10,-0.0074165446576557326,0.007527053924820892,0.024259432139424275,0.1512676205468988,,68.7,-0.06359861432009306,0.6183134818684792,0.8383016690077867,False,False,False
9944,17.299999237060547,2026-09-10,0.005813864516596823,-0.01983005037021479,0.011248604962042608,0.06964890275329405,,60.1,-0.07660944149747473,0.7080998614614584,0.9376692965677857,False,False,False
9945,27.75,2026-09-10,-0.017699115044247815,0.02022055961887803,0.08029004567381803,0.03214880317779123,,68.2,-0.007568000785699303,0.43528284448457283,0.9188741489720086,False,False,False
9946,17.149999618530273,2026-09-10,0.0,-0.019115893602653977,0.030064958594237412,0.038745267239931325,,60.7,-0.057793087865279924,0.471056106477259,0.8975566082599407,False,False,False
9950,10.300000190734863,2026-09-10,0.0,-0.00961532994840053,-0.04186044737350114,-0.04629629547867431,,36.8,-0.12971849383301848,0.3648410227234076,0.7744360934603685,False,False,False
9955,23.649999618530277,2026-09-10,0.0,-0.0405679519462655,-0.11753730254492967,-0.33753503884847,,8.5,-0.205395349004447,0.6141697753414629,0.5832305810974081,False,False,False
9957,5.71999979019165,2026-09-10,-0.003484317373521062,-0.033783831676485354,-0.07592896004589966,-0.04983391888461297,,30.7,-0.163787006505417,0.6490459343253285,0.6306504942283249,False,False,False
9958,91.4000015258789,2026-09-10,0.03393665099792731,-0.14579437826281394,-0.15498406775656026,-0.2602000847004319,,8.7,-0.2428421142160776,0.9219630775949511,0.5432245059755244,False,False,False
9960,31.0,2026-09-10,0.024793388429751984,-0.0461538461538461,0.016658689158153273,0.4459145238589408,,81.4,-0.07119935730136406,2.427826660458818,0.9190134796403092,False,False,False
9962,10.050000190734863,2026-09-10,-0.024271844210729476,-0.033653792368587676,0.020304548377620746,-0.11453745788918879,,42.7,-0.06755349808189659,0.8496242419260669,0.8305785019747361,False,False,False
