ticker,last_close,last_date,ret_1w,ret_1m,ret_3m,ret_6m,ret_12m,rs_rating,rs_vs_bench_3m,vol_surge,near_high_pct,new_high_20d,new_high_60d,new_high_250d
1101,23.899999618530277,2026-09-14,-0.016460890168268794,-0.014433005421431888,0.009076100410234655,0.004974149580425635,,58.1,-0.0011785721490080725,0.6563387740599466,0.9311625424617535,False,False,False
1102,35.0,2026-09-14,-0.0014265117874148192,0.04633779377302294,0.05272264441857488,0.08158498486023391,,72.0,0.042467971859332154,0.4913131608332092,0.9609467698556658,False,False,False
1103,13.050000190734863,2026-09-14,-0.011363607628614325,-0.007604519444585733,-0.009294114154857924,0.005382990130302856,,55.0,-0.019548786714100652,0.7080622870402038,0.9491377942247902,False,False,False
1104,26.850000381469727,2026-09-14,-0.023636349764737163,0.015122858487427226,-0.014332203949033784,-0.0407045579221027,,48.7,-0.02458687650827651,0.5164237848367248,0.8758147809534949,False,False,False
1108,11.100000381469728,2026-09-14,-0.04721023648667977,-0.05932201677545412,-0.13545010700288584,-0.21481863955345704,,13.2,-0.14570477956212857,1.0637709030311933,0.7826154020770062,False,False,False
1109,13.399999618530272,2026-09-14,-0.011070152774400599,-0.011070152774400599,-0.02876935906007083,-0.0668568339106379,,42.6,-0.03902403161931356,0.7379564142125669,0.900762751963903,False,False,False
1110,15.550000190734863,2026-09-14,-0.02201254315676271,-0.025078346289253206,0.006227489199876368,-0.00012092722235501618,,57.0,-0.00402718335936636,0.7641892509521794,0.8903418291725621,False,False,False
1240,55.400001525878906,2026-09-14,0.001808359678083793,0.025925954182942634,0.053902994884976296,0.03435333446055333,,69.0,0.04364832232573357,0.36381225835230724,0.9813944420586285,False,False,False
1301,62.900001525878906,2026-09-14,-0.055555511006203706,0.04833335876464839,0.358219829554258,0.3553207503621356,,92.6,0.3479651569950153,0.44865407389655093,0.927728594316754,False,False,False
1303,234.0,2026-09-14,0.015184381778741818,0.12771084337349392,1.0446065211211946,1.6359838720406592,,98.3,1.0343518485619518,0.6544903207189607,0.9590163934426229,False,False,False
1304,12.25,2026-09-14,0.004098376353816935,0.02083333333333326,-0.02829770831311329,-0.04698425063945255,,45.1,-0.03855238087235602,0.5281940539406067,0.6788604875639853,False,False,False
1305,11.899999618530272,2026-09-14,-0.020576132333265162,0.008474527642289953,-0.05182255891148091,-0.12449312840938753,,32.6,-0.06207723147072364,0.5192854550205005,0.6501053251512876,False,False,False
1307,30.299999237060547,2026-09-14,-0.00655740206358868,-0.0032894862738345187,-0.13679339912846478,-0.05877755929444606,,23.8,-0.1470480716877075,0.46399114750334036,0.8632066008715352,False,False,False
1308,14.149999618530272,2026-09-14,0.014336904085998636,0.059925034771607155,0.06270575247812582,-0.05303443702607391,,63.0,0.05245107991888309,0.578749274077605,0.7395117114918714,False,False,False
1309,13.75,2026-09-14,0.0185185185185186,0.06177607741449531,-0.03870003894426577,-0.14780454128483744,,32.8,-0.0489547115035085,0.8123865737462727,0.5241805715744947,False,False,False
1310,8.649999618530273,2026-09-14,0.005813864516596823,0.042168604789444286,0.017647013944738,-0.2638298196995512,,32.5,0.007392341385495271,0.30770598116879183,0.706122417839206,False,False,False
1312,14.449999809265137,2026-09-14,0.02482265378200843,0.21428573718305777,0.09885933296172689,0.05474452630961246,,75.6,0.08860466040248416,0.953025004492428,0.9233226940245874,False,False,False
1313,11.75,2026-09-14,-0.004237304231073047,0.0,0.06297528943565056,-0.05182609450503595,,63.1,0.05272061687640783,0.30746169161398734,0.8216783107186922,False,False,False
1314,8.220000267028809,2026-09-14,0.014814799988603022,0.07031255869272601,0.07031255869272601,-0.054085078947007426,,64.4,0.060057886133483285,0.27803273781806775,0.7903846700515994,False,False,False
1315,66.30000305175781,2026-09-14,0.004545500784209233,0.051726341441924895,0.11158064013964086,0.11915607335651424,,79.6,0.10132596758039814,1.3384826577214315,1.0,True,True,False
1316,10.699999809265137,2026-09-14,-0.004651180533475685,0.06999998092651372,-0.01382493704431309,-0.17374517630419017,,34.5,-0.024079609603555818,0.8882739089274212,0.6504558852891599,False,False,False
1319,78.30000305175781,2026-09-14,-0.041615593922706084,-0.06674610694010275,-0.17543946899362917,-0.02992871828167698,,19.9,-0.1856941415528719,0.38185604940224227,0.7170091699201134,False,False,False
1321,32.29999923706055,2026-09-14,-0.007680491731482331,0.014128692314007818,0.02377179138308838,-0.01674274772018125,,58.9,0.013517118823845653,0.41567705932503624,0.8837209278053655,False,False,False
1323,21.700000762939453,2026-09-14,0.021176506491268343,0.014018745315743208,0.10432576001049854,0.21903577554796638,,82.2,0.09407108745125581,1.0350399526940104,0.9198404269424985,True,True,False
1324,10.050000190734863,2026-09-14,-0.01470584522894025,-0.01470584522894025,-0.04739336407207895,-0.028985524606547353,,42.7,-0.057648036631321675,0.36548309397877493,0.7882353090772442,False,False,False
1325,25.5,2026-09-14,-0.026717585593723392,-0.026717585593723392,-0.02111321509284647,-0.060773467466427755,,45.1,-0.0313678876520892,0.37844536134253065,0.7122905179730318,False,False,False
1326,67.5999984741211,2026-09-14,-0.05980532629349267,0.1173553466796875,0.3123334027974334,0.5330173511634964,,93.3,0.30207873023819065,0.5133286783737384,0.9098249757409907,False,False,False
1336,16.700000762939453,2026-09-14,0.024539972061436766,-0.05382429893049068,0.12802239499896406,0.14321456720787906,,81.4,0.11776772243972133,0.7987627178423822,0.917661473061097,False,False,False
1337,4.480000019073486,2026-09-14,-0.017543843138140613,-0.04068523642749933,-0.09127785495619045,-0.2508361196012844,,16.6,-0.10153252751543318,0.5620046833891023,0.6967340806649794,False,False,False
1338,14.600000381469728,2026-09-14,0.010380662573324928,-0.0034129172943664354,-0.13564706563854356,-0.018688317916778607,,27.7,-0.1459017381977863,0.578269399846421,0.6681739691826278,False,False,False
1339,42.45000076293945,2026-09-14,-0.008177534587851865,-0.03186734370913735,0.003868968550196694,0.10252936466819595,,66.7,-0.006385704009046034,0.4172599640800495,0.9650095976197383,False,False,False
1340,5.159999847412109,2026-09-14,0.00978467956777096,0.003891046973934831,-0.10260872218919836,-0.3083110159482214,,11.9,-0.11286339474844109,0.3488380224689999,0.5986078788767221,False,False,False
1341,57.900001525878906,2026-09-11,-0.026890730657497364,-0.0461284876749144,-0.017460280264026018,0.04560816186952876,,56.8,-0.027714952823268746,0.5170868588603018,0.9538715123250856,False,False,False
1342,99.8000030517578,2026-09-14,-0.03574876278494876,-0.031067931536332027,-0.14334761328963264,0.13151934812790023,,39.3,-0.15360228584887536,0.3224979208641204,0.8493617281000664,False,False,False
1343,28.799999237060547,2026-09-14,-0.06188929897918949,-0.1806543958225214,0.4922279987326508,0.0017391038977581097,,91.8,0.48197332617340805,0.2568203633672183,0.562499976716936,False,False,False
1402,28.100000381469727,2026-09-14,-0.020905936080828025,0.03690036848426659,0.0322967315154159,0.07956308615741903,,69.2,0.02204205895617317,0.4098469898610642,0.9258649103222502,False,False,False
1409,24.350000381469727,2026-09-14,0.0,0.0005953530017712705,-0.060779421920563736,0.5940083655887127,,83.8,-0.07103409447980646,1.295381510552938,0.7970041827943564,False,False,False
1410,24.200000762939453,2026-09-14,-0.022222191396385704,-0.06382977153505409,-0.008483527461940699,-0.22320682297341354,,31.4,-0.018738200021183427,0.9609008581114815,0.6870790089117192,False,False,False
1413,9.199999809265137,2026-09-14,-0.009687852847949707,-0.025423705697709242,-0.024390295701730125,-0.04365905210918164,,46.3,-0.03464496826097285,0.3077211862297593,0.8070175541331495,False,False,False
1414,17.600000381469727,2026-09-14,-0.00845068273409988,-0.0974358778733474,0.020289877186650873,-0.12295278528414855,,47.1,0.010035204627408145,0.8976575785493482,0.8518688556069361,False,False,False
1416,11.25,2026-09-14,-0.03017244568619426,-0.05462181843418834,0.013513478682458446,0.019719479635744497,,60.5,0.0032588061232157184,0.6797095584386633,0.9336099437284676,False,False,False
1417,8.079999923706055,2026-09-14,-0.018225957092764866,-0.027677555270358645,-0.026199364629834854,-0.03747023937669158,,46.6,-0.03645403718907758,0.5534509774927436,0.8990548271558575,False,False,False
1418,17.399999618530273,2026-09-14,-0.025210126236557606,-0.027932961489138486,-0.06702413005724828,-0.07936508096695127,,33.5,-0.077278802616491,1.2691296625799007,0.7927106612182249,False,False,False
1419,66.5,2026-09-14,-0.02635436268419733,0.023076923076922995,0.012980387111680036,0.12646082253219415,,70.0,0.0027257145524373083,0.4574502292130578,0.8568442102061559,False,False,False
1423,34.79999923706055,2026-09-14,-0.021097046866266345,-0.019718331350407126,-0.15550419882183975,-0.05060443161739647,,21.5,-0.16575887138108247,0.29992580650902134,0.8388783691281068,False,False,False
1432,14.949999809265137,2026-09-14,-0.006644543535041847,-0.009933812477823989,-0.024999992225481105,-0.08344689723236964,,41.6,-0.03525466478472383,0.4739993966558152,0.8691859968679563,False,False,False
1434,17.649999618530273,2026-09-14,-0.024861920080407884,0.008571406773158374,0.07817000296407861,0.09445646027598431,,75.5,0.06791533040483588,0.2721199482619753,0.905128185565655,False,False,False
1435,22.350000381469727,2026-09-14,-0.017582400814517563,-0.1024096094830006,0.7392995889478275,0.1763158095510382,,95.7,0.7290449163885848,0.3063922678743941,0.6762481360788536,False,False,False
1436,36.45000076293945,2026-09-14,-0.03825859378790164,-0.002735936421571772,-0.10630109167991919,-0.2514455766724779,,14.5,-0.11655576423916192,0.4199614441478572,0.5334301699156552,False,False,False
1437,32.04999923706055,2026-09-14,-0.004658432370335586,0.020700625045443788,0.10178789575043878,0.04018632867511651,,74.9,0.09153322319119606,0.516881212195675,0.9495692886985215,False,False,False
1438,21.350000381469727,2026-09-14,0.025275610024181105,0.04836742553519091,0.025275610024181105,-0.21637185150845406,,37.9,0.015020937464938378,1.2737322108689408,0.616523370889495,False,False,False
1439,28.899999618530277,2026-09-14,-0.020338995982024488,0.012259208084860473,0.16687471366102913,0.06348083566491525,,81.2,0.1566200411017864,0.25808731002664703,0.9516260377059869,False,False,False
1440,13.25,2026-09-14,-0.01851851851851849,-0.02214023516693342,0.022813677856101222,0.034525272936425155,,63.6,0.012559005296858494,0.934574190286374,0.8687359813037362,False,False,False
1441,8.75,2026-09-14,-0.005681839733083893,-0.016853890444890163,-0.04057016339933872,-0.11883184983999773,,34.7,-0.05082483595858145,2.096089562600617,0.625,False,False,False
1442,29.850000381469727,2026-09-14,-0.001672215307640501,0.001677890794943293,0.08545455932617196,0.09742645383087467,,76.5,0.07519988676692924,0.6473004641826622,0.5981963821381661,False,False,False
1443,23.299999237060547,2026-09-14,-0.021008404034795758,-0.07171319191445291,-0.16487456789836508,-0.05284557415651192,,19.8,-0.1751292404576078,1.0984553527685958,0.8006872485093678,False,False,False
1444,6.730000019073486,2026-09-14,-0.04267427905852672,-0.06527775036699901,-0.04403408301978806,0.10509028743022841,,57.4,-0.05428875557903079,0.4187363693045259,0.6730000019073487,False,False,False
1445,10.199999809265137,2026-09-14,-0.01923075159625809,0.0,-0.07272729006680578,-0.16242297491953905,,26.1,-0.08298196262604851,0.7970412513357663,0.67059170584809,False,False,False
1446,13.350000381469728,2026-09-14,-0.0037312864540235413,-0.043010712257996464,-0.12422292207139352,-0.13967775120939008,,19.4,-0.13447759463063624,0.3046257610381327,0.7151822700678547,False,False,False
1447,6.429999828338623,2026-09-14,-0.0374251506623432,-0.06676343208430369,0.052373107664755336,0.18416206843711125,,77.6,0.04211843510551261,0.23055934450200014,0.643643641206903,False,False,False
1449,12.300000190734863,2026-09-14,0.012345726494988662,0.012345726494988662,-0.11191336808976915,0.1495327485972744,,48.2,-0.12216804064901188,0.3901443063656848,0.7500000290754372,False,False,False
1451,17.049999237060547,2026-09-14,-0.01445086768931425,-0.0229227225438543,0.011869368015609227,0.009300033804755747,,59.2,0.0016146954563664995,0.6039958399238486,0.9605633372991857,False,False,False
1452,11.100000381469728,2026-09-14,-0.013333299424913014,-0.0431034468583914,0.037383231713539855,0.01869157160773005,,65.1,0.027128559154297127,0.4474813710394659,0.8105718423219952,False,False,False
1453,10.899999618530272,2026-09-14,-0.013574712182391035,-0.0064601295885515775,-0.04451061745156093,-0.07975410035373531,,37.6,-0.05476529001080366,0.5672071143118053,0.8019285613902244,False,False,False
1454,12.449999809265137,2026-09-14,0.008097119409441467,-0.003871501671548816,-0.007808693952368162,-0.019436012965153626,,52.6,-0.01806336651161089,1.7519313220505275,0.7560975369611053,False,False,False
1455,9.699999809265137,2026-09-14,-0.010204120359535218,-0.007164856214813109,-0.010584152205566077,0.10477365101916236,,63.9,-0.020838824764808805,0.4627132378056888,0.8818181644786488,False,False,False
1456,14.300000190734863,2026-09-14,0.0514705727669611,0.032490960062874885,-0.017182130358953218,0.04379564889219578,,56.7,-0.027436802918195946,4.163479166744456,0.9166666564778386,False,False,False
1457,14.449999809265137,2026-09-14,0.010489483673395972,0.006968601054849977,0.0,-0.03784723829575409,,52.4,-0.010254672559242728,0.6670105500750068,0.9218229677204575,False,False,False
1459,15.25,2026-09-14,-0.006514682670004879,0.08928571428571419,0.15637502375550794,0.1716764798614514,,84.1,0.1461203511962652,0.7097744205195737,0.9651898617661167,False,False,False
1460,6.420000076293945,2026-09-14,-0.025796672588419667,-0.0331324991890537,-0.11934154871215374,-0.0641399487837977,,26.6,-0.12959622127139647,0.2985048060356798,0.7482517637973222,False,False,False
1463,17.049999237060547,2026-09-14,-0.01445086768931425,-0.042134833266647576,-0.03672324846673958,-0.04748605584269383,,43.0,-0.046977921025982305,1.0128765189706768,0.8611111057594032,False,False,False
1464,9.949999809265137,2026-09-14,-0.009950286524563201,-0.024509804379889588,-0.01542635367031997,-0.04316076535172475,,48.3,-0.025681026229562698,0.6712363778259611,0.8563309684366731,False,False,False
1465,11.899999618530272,2026-09-14,0.0,-0.020576132333265162,-0.01312534448127256,-0.009113606007232655,,52.5,-0.02338001704051529,0.6845880795617949,0.8928866906075851,False,False,False
1466,14.850000381469728,2026-09-14,-0.048076921901289094,-0.11797230345322607,0.07418369827568849,-0.17596867916037195,,53.5,0.06392902571644576,0.23012852610378406,0.7538130814554679,False,False,False
1467,7.949999809265137,2026-09-14,-0.012422407341657227,-0.06580498290894643,0.08458388704124431,0.12129755122266683,,77.6,0.07432921448200158,0.2528187841279323,0.757142838977632,False,False,False
1468,13.25,2026-09-14,-0.01851851851851849,-0.0037594127832941693,0.10878662857608923,0.08163265306122458,,78.4,0.0985319560168465,0.8730535082740437,0.8862876367254817,False,False,False
1470,23.799999237060547,2026-09-14,-0.028571459711814406,0.021459228170475964,0.07201535695302197,0.1552541756499064,,78.5,0.06176068439377924,1.1580112727391452,0.9577464334691862,False,False,False
1471,9.5,2026-09-14,-0.019607800682256094,-0.001051548753013165,-0.11214951688373453,-0.3090909090909091,,10.9,-0.12240418944297726,0.4459234850738523,0.6484641807078126,False,False,False
1472,89.5,2026-09-11,-0.004449405106670246,0.00561797752808979,0.06387381603682929,0.049890768238034955,,71.6,0.05361914347758656,0.6711592075399517,0.9881961757779503,False,False,False
1473,19.75,2026-09-14,-0.01741295397150311,-0.012499999999999956,-0.03186272699435988,-0.17914523732533916,,31.1,-0.04211739955360261,0.4916021422625685,0.6235460115849969,False,False,False
1474,9.880000114440918,2026-09-14,-0.011010976896642544,-0.006036163830508867,0.007661684090122245,0.007661684090122245,,58.0,-0.002592988469120483,0.4844495406431196,0.830081970339275,False,False,False
1475,26.049999237060547,2026-09-14,-0.011385242507250593,0.033730097158217065,-0.03339523192580207,-0.036916016228791704,,45.0,-0.0436499044850448,1.5665827800385523,0.7025574100384878,False,False,False
1476,288.0,2026-09-14,-0.05882352941176472,-0.10559006211180122,-0.12328767123287676,-0.18497783756390418,,16.8,-0.1335423437921195,0.950727155801211,0.6662626009037753,False,False,False
1477,194.5,2026-09-14,-0.002564102564102555,-0.08254716981132071,-0.08881681916611439,-0.29367007017887614,,14.0,-0.09907149172535712,0.4695245202198821,0.6113875020312831,False,False,False
1503,197.0,2026-09-14,-0.050602409638554224,-0.007556675062972307,-0.10124732936159953,0.008849809233764327,,35.5,-0.11150200192084225,0.677033478569569,0.7528730323565443,False,False,False
1504,70.30000305175781,2026-09-14,-0.01952571765790989,-0.0042492270374941965,0.007163323469044025,0.04349672501668689,,61.8,-0.003091349090198703,0.5063020013470609,0.6051408286150097,False,False,False
1506,9.850000381469728,2026-09-14,-0.024752474312641604,-0.03431367003335506,-0.057416214234132235,-0.12831856502569128,,31.1,-0.06767088679337496,0.9541183099654021,0.7189781400440821,False,False,False
1512,6.110000133514404,2026-09-14,-0.020833276021172797,-0.08805965560399687,-0.11320751060755074,-0.23720350075853425,,14.7,-0.12346218316679347,0.35759215758458834,0.6663031715026726,False,False,False
1513,163.5,2026-09-14,-0.020958083832335328,-0.038235294117647034,0.005504445277323411,0.06894321913526724,,63.5,-0.004750227281919317,0.3172212287080008,0.9060293351917621,False,False,False
1514,100.0,2026-09-14,-0.024390243902439046,-0.00990099009900991,-0.1320608211664004,-0.09824500667757718,,21.4,-0.14231549372564312,0.2715026375245001,0.6966735792583131,False,False,False
1515,29.850000381469727,2026-09-14,-0.022913220067830475,-0.11028312786080985,0.2756410627388106,0.2150921618465802,,89.4,0.2653863901795679,0.31064404603993423,0.6655518706136296,False,False,False
1516,14.0,2026-09-14,-0.05084745762711862,-0.05405406624492348,-0.3187347678946898,-0.37777777777777777,,1.1,-0.3289894404539325,0.7310210919308096,0.5490196078431373,False,False,False
1517,10.5,2026-09-14,-0.018691571292548725,-0.08296941703845395,0.0,-0.07488989893405273,,48.1,-0.010254672559242728,0.3036267609415744,0.7368421052631579,False,False,False
1519,697.0,2026-09-14,-0.05683355886332886,-0.018309859154929553,-0.0013623691073207933,-0.14198465367457147,,40.4,-0.011617041666563521,0.6916364206239378,0.7221629535680438,False,False,False
1521,24.450000762939453,2026-09-14,-0.04678358181042275,-0.05048540726448725,-0.05168811066038803,0.0030947721442806664,,45.4,-0.06194278321963076,1.2057487144338666,0.8477332824559239,False,False,False
1522,25.100000381469727,2026-09-14,-0.0720886843101709,-0.0971222636578859,-0.16344910757019182,-0.24878692222179477,,9.4,-0.17370378012943455,0.9179176921247604,0.49511772320092245,False,False,False
1524,25.850000381469727,2026-09-14,-0.03364484555253355,-0.047882108851791005,-0.12521147042705894,-0.0690933251311685,,25.1,-0.13546614298630166,0.626641574211984,0.7577449881917234,False,False,False
1525,64.5,2026-09-14,-0.028614480153865585,-0.05147058823529416,0.0284987477018388,0.09361475172431555,,69.8,0.018244075142596072,0.2883632743491361,0.9374999584153659,False,False,False
1526,15.0,2026-09-14,-0.03536978675167923,-0.12790701542756655,0.030927821537190647,-0.16201115532584498,,45.4,0.02067314897794792,0.1162925463605354,0.6369426957940005,False,False,False
1527,32.29999923706055,2026-09-14,-0.013740481311128372,-0.01674274772018125,0.018142283901888545,0.0497615883201834,,64.3,0.007887611342645817,0.6188721096014611,0.9098875854156232,False,False,False
1528,23.299999237060547,2026-09-14,0.2167101671644196,0.2010309121246121,-0.08627453972311583,0.04017855508290946,,41.9,-0.09652921228235856,4.468452089750313,0.7350157311131876,True,False,False
1529,15.699999809265137,2026-09-14,-0.02786376593772877,-0.07374636562892656,-0.22198266349044582,-0.38754688364611667,,3.0,-0.23223733604968855,0.5909516486327384,0.6072004850332512,False,False,False
1530,27.350000381469727,2026-09-14,-0.056896538570009425,-0.06013745625633615,-0.020741321172612737,0.1331951566345917,,64.8,-0.030995993731855465,0.4230024892171823,0.8356522979673744,False,False,False
1531,11.550000190734863,2026-09-14,-0.02531647097699563,-0.03788038453157372,-0.03788038453157372,-0.030393131392964512,,44.6,-0.04813505709081645,0.47337967503989054,0.9094488475746823,False,False,False
1532,22.549999237060547,2026-09-14,-0.010964912647612457,0.03440367092880359,-0.013526377775858522,0.012096332354911032,,54.8,-0.02378105033510125,0.6826892781991084,0.8290576120545278,False,False,False
1533,30.299999237060547,2026-09-14,-0.016233766635889046,-0.04866565544253387,-0.20576676211908773,-0.019417488313168696,,16.8,-0.21602143467833046,0.6818505770086595,0.7463054279761641,False,False,False
1535,44.650001525878906,2026-09-14,-0.029347792915675908,-0.027233114563084193,-0.05225694769171674,-0.09038459550789613,,35.3,-0.06251162025095947,0.8123820915162752,0.8478914940431803,False,False,False
1536,46.84999847412109,2026-09-14,-0.04290096539504651,-0.08137257893880223,-0.041922351488535514,-0.10931559252475964,,35.6,-0.05217702404777824,0.41385857366498885,0.6869501549930584,False,False,False
1537,115.0,2026-09-14,-0.0043290043290042934,-0.04029300157830118,-0.03649970225562138,-0.017074275799413563,,46.6,-0.04675437481486411,0.7371102144093564,0.9375599064957955,False,False,False
1538,8.850000381469727,2026-09-11,-0.012276747344746153,-0.038043416853436485,-0.24358969865439817,-0.4985835369549616,,1.3,-0.2538443712136409,5.200146696568534,0.31949458980919493,False,False,False
1539,15.649999618530272,2026-09-14,-0.0063492305695065365,-0.02492209579715421,0.009677394743888401,-0.07121666087670353,,50.6,-0.0005772778153543268,0.16429378322248583,0.7262181054566458,False,False,False
1540,19.200000762939453,2026-09-14,-0.01538457625951517,0.0,-0.07678941620446511,-0.09541918433855845,,30.7,-0.08704408876370784,0.40530087230266826,0.7204339753139575,False,False,False
1541,20.649999618530277,2026-09-14,-0.03729608932188899,-0.04398151602601075,-0.021327049990702673,-0.1690141126143132,,33.7,-0.0315817225499454,0.5343833308771815,0.7035774906349834,False,False,False
1558,107.5,2026-09-14,0.009389671361502261,0.11283645650159091,0.24798457024890896,0.20559018110154503,,88.3,0.23772989768966624,1.3025271913972667,0.9907834101382489,False,False,False
1560,753.0,2026-09-14,0.03150684931506853,0.0386206896551724,0.11641968247992884,0.6715522305876334,,91.1,0.10616500992068612,1.1675062088640744,0.9531645569620253,False,False,False
1563,74.80000305175781,2026-09-14,-0.05911945846845523,-0.09070306036053444,-0.09440659818131036,0.45336695107142644,,76.1,-0.10466127074055309,0.6694188261072008,0.83926827877765,False,False,False
1568,28.950000762939453,2026-09-14,-0.010256384173010114,-0.016977928252864816,-0.33063582051007046,0.3332873623637955,,24.0,-0.3408904930693132,0.42127459299099124,0.5813253254308329,False,False,False
1569,49.0,2026-09-14,-0.023904397304817637,0.1570248350762644,0.00512820512820511,-0.04483429378686932,,52.8,-0.005126467431037618,2.1030662650864587,0.7132460287722582,False,False,False
1570,32.0,2026-09-14,-0.019908162189937517,-0.06295758213215985,-0.22236194425458622,0.07242896504042928,,20.4,-0.23261661681382895,0.4547818067294661,0.5988381041308839,False,False,False
1580,96.6999969482422,2026-09-14,-0.03781097563938107,-0.10046514466751444,-0.16252109611104715,-0.20727187803457203,,11.0,-0.17277576867028988,1.430911983469939,0.7444257032763946,False,False,False
1582,70.0,2026-09-14,-0.04761904761904767,-0.05660373478413849,-0.2143658675781981,-0.16434718996004183,,8.5,-0.22462054013744082,0.41830122273301545,0.6055860199014169,False,False,False
1583,47.20000076293945,2026-09-14,-0.042596318592687754,0.05005187375646192,0.01892386454959838,0.21169323623881442,,75.4,0.008669191990355651,0.3988789314458588,0.8592924579241261,False,False,False
1584,18.0,2026-09-14,0.011235998399541591,-0.008264441966000624,-0.07176520612617121,-0.19113902666532168,,23.6,-0.08201987868541394,0.3547120628041784,0.6909020653520431,False,False,False
1586,18.0,2026-09-14,-0.005524882837687928,-0.06250003725290154,-0.1266677271936042,-0.2190889112456451,,14.0,-0.13692239975284692,0.2943016360770871,0.5921052705878367,False,False,False
1587,23.5,2026-09-14,-0.02286899187144298,-0.03885483571761006,-0.15467623579385426,-0.37165777964636737,,5.7,-0.16493090835309698,0.6808137692103332,0.4137323999234643,False,False,False
1589,5.539999961853027,2026-09-11,0.0,0.0,0.0,-0.30576441746722627,,26.4,-0.010254672559242728,,0.23083333174387613,True,True,False
1590,1270.0,2026-09-14,-0.07299270072992703,-0.13013698630136983,0.0017179862462890494,0.27805390819454123,,77.3,-0.008536686312953679,0.9796034617799556,0.7962382445141066,False,False,False
1591,41.25,2026-09-14,0.1603375776446503,0.14107879000973567,0.3242375764095198,-0.08839779005524862,,85.9,0.31398290385027705,3.4162045459668984,0.6093057881750916,True,False,False
1593,31.450000762939453,2026-09-14,-0.009448794868048727,-0.0015872773670014828,0.03966944670874217,0.009919888635299134,,64.5,0.029414774149499445,0.3009236684824252,0.9484962503329171,False,False,False
1594,7.789999961853027,2026-09-14,-0.012674259356750928,-0.03827165494039775,-0.10459768590373963,-0.03827165494039775,,30.8,-0.11485235846298236,0.3252501688255878,0.4961783475472316,False,False,False
1595,61.79999923706055,2026-09-14,-0.0978102301159044,-0.0506912337082831,-0.16823692195530182,0.5110023699621982,,71.3,-0.17849159451454455,0.4644797891021807,0.614925365542891,False,False,False
1597,138.0,2026-09-14,-0.09210526315789469,-0.033315048486198484,-0.07520480747953762,0.778452314292021,,87.3,-0.08545948003878034,1.1378073759518246,0.6276890557334192,False,False,False
1598,20.399999618530277,2026-09-14,-0.004878067388766949,-0.007299251780980898,0.0067843615444471705,0.029047384974304924,,60.1,-0.0034703110147955574,0.8123786531321742,0.8600046910187416,False,False,False
1599,23.649999618530277,2026-09-14,0.028260852979577367,0.008528735568610557,0.008528735568610557,-0.09213050628868591,,48.0,-0.0017259369906321709,0.5938922115424127,0.7629032135009767,True,False,False
1603,30.100000381469727,2026-09-14,-0.008237232186416699,-0.032154340441610696,0.011551157336765039,-0.06228462380492472,,52.3,0.001296484777522311,0.5530342764745353,0.7477706760696803,False,False,False
1604,23.399999618530277,2026-09-14,-0.010570824694818182,0.010799136247064522,0.008620640043698113,-0.00513208882591798,,56.9,-0.0016340325155446145,0.48599831820389455,0.9715506963524696,False,False,False
1605,37.0,2026-09-14,-0.0237467411515635,-0.05249678046382622,-0.05491702278626254,0.1410139163934121,,58.9,-0.06517169534550526,0.5237349995956937,0.8473895884074665,False,False,False
1608,36.0,2026-09-14,-0.0013869414179944473,-0.027027027027026973,0.11189888880615229,0.1484635537871024,,80.5,0.10164421624690956,0.537439597151809,0.9424083581413477,False,False,False
1609,37.29999923706055,2026-09-14,0.0026881309696293876,-0.022280530925844477,0.006304913145480873,0.06260163644180183,,63.1,-0.003949759413761855,0.5116077177704772,0.8031291905061273,False,False,False
1611,11.449999809265137,2026-09-14,-0.02136752171585743,-0.053719053860528776,-0.12260539142410753,-0.07001533682930416,,25.6,-0.13286006398335026,0.6091091842265705,0.7633333206176758,False,False,False
1612,34.70000076293945,2026-09-14,0.0,-0.002873519434293592,-0.016982145863713605,0.03641289635138434,,56.3,-0.027236818422956333,0.441341029324828,0.9153069142905212,False,False,False
1614,31.0,2026-09-14,0.0048622242034190855,0.008130081300812941,-0.0014230077016659237,-0.006082048953840569,,55.4,-0.011677680260908652,1.496318533092635,0.8487241352876336,False,False,False
1615,43.34999847412109,2026-09-14,-0.01140250894866246,-0.010273990200408534,0.034517220102217694,0.006405372482146898,,63.2,0.024262547542974966,0.4056816607658368,0.9203707580746463,False,False,False
1616,18.399999618530277,2026-09-14,-0.016042841292484455,-0.05398463255640973,-0.11974142190577464,-0.2120265432295405,,15.3,-0.12999609446501736,1.2093468922072472,0.5211131075228519,False,False,False
1617,17.649999618530273,2026-09-14,-0.011204524294972873,-0.04851750164669488,0.1142402042931987,0.22267305119236847,,83.0,0.10398553173395597,0.23496258094001382,0.6823156081023588,False,False,False
1618,38.70000076293945,2026-09-14,-0.01526713704246807,-0.03249998092651363,-0.04055289645982463,-0.023129504677676604,,44.9,-0.050807569019067356,0.3783989785756509,0.8052844741454577,False,False,False
1623,203.0,2026-09-14,-0.009756097560975618,-0.028708133971291905,-0.04470588235294115,0.05729166666666674,,52.9,-0.05496055491218388,0.6293509497628439,0.6219362861396993,False,False,False
1626,9.65999984741211,2026-09-14,-0.007194213578362585,0.0147058175332615,-0.03400001525878904,-0.08436022059074111,,39.7,-0.04425468781803177,0.541665965700904,0.7546874768333514,False,False,False
1708,47.95000076293945,2026-09-14,-0.040999984741210915,-0.005186721909602565,0.042391320933466314,0.15814712013544163,,74.8,0.032136648374223586,0.273528193280248,0.7771474906000482,False,False,False
1709,36.04999923706055,2026-09-14,0.05409352142839219,0.22364015521494518,0.785455841179808,1.0293706385309354,,97.3,0.7752011686205653,1.507638245728007,0.9903845529080673,False,False,False
1710,16.049999237060547,2026-09-14,0.025559081679251916,0.06644511851510182,0.18888883237485543,0.18014696962280907,,85.7,0.1786341598156127,0.42211123085289975,0.8514588282363279,False,False,False
1711,37.95000076293945,2026-09-14,-0.07212715532719194,-0.014285694469105104,-0.12050986278229425,0.0690141059982945,,37.4,-0.13076453534153698,0.44704464504517405,0.6120967864990234,False,False,False
1712,39.900001525878906,2026-09-14,-0.009925501706059436,0.025706939865663747,0.0037736232925511537,-0.0907966722756921,,47.0,-0.006481049266691574,0.681455708238972,0.888641429174158,False,False,False
1713,42.5,2026-09-14,-0.02298850574712641,-0.06490650634586836,-0.0935346471311832,-0.03897438339238646,,32.7,-0.10378931969042593,1.7336834939822425,0.8634641567031448,False,False,False
1714,14.949999809265137,2026-09-14,-0.09118546407935124,-0.07851205565815722,-0.15808348739081035,0.6111301531241637,,78.2,-0.16833815995005308,0.48511595155250786,0.6642813569124333,False,False,False
1717,69.19999694824219,2026-09-14,-0.05850344288105869,-0.03486750497081148,-0.01142861502511161,0.10200524480792206,,63.5,-0.021683287584354338,0.3882873072298418,0.8103043994357821,False,False,False
1718,10.550000190734863,2026-09-14,0.009569414669373,-0.03652964616417809,0.14549404419519352,0.42953929907006416,,88.6,0.1352393716359508,0.3101604407310081,0.6940789686263106,False,False,False
1721,22.100000381469727,2026-09-14,-0.013392823311138669,0.10776940031622795,-0.03282275656363731,0.06250005731216057,,55.6,-0.04307742912288004,1.2929759429317502,0.6359712339991288,False,False,False
1722,42.400001525878906,2026-09-14,-0.04932728752263782,-0.020584466206089225,-0.08903285451489873,-0.0786163660172936,,30.5,-0.09928752707414146,1.5287909576857355,0.874133193072371,False,False,False
1723,81.9000015258789,2026-09-14,-0.02499998183477492,-0.006067961052682369,-0.05230375761824024,0.09083787586731384,,54.9,-0.06255843017748297,0.8894204881366384,0.9130435263351908,False,False,False
1725,33.0,2026-09-14,0.028037432045502575,0.07491854006196208,0.007349049640058336,0.049257190486332814,,62.2,-0.002905622919184392,0.28395128728217395,0.8274214823751112,False,False,False
1726,76.5999984741211,2026-09-14,-0.015424222757914219,-0.011612922914566504,0.017805203236340272,0.06364023522706441,,65.4,0.0075505306770975444,0.6932358722019434,0.9770407778478977,False,False,False
1727,88.19999694824219,2026-09-14,-0.030769264305030908,0.17443407110900622,0.03455027706461933,0.5976599541192134,,87.9,0.0242956045053766,0.33454283365375664,0.8454602844180307,False,False,False
1730,51.29999923706055,2026-09-14,-0.009652509794677244,-0.0019455697636119318,0.025653645093293598,0.025653645093293598,,63.2,0.01539897253405087,0.3879501783933413,0.988439262597725,False,False,False
1732,25.950000762939453,2026-09-14,-0.0038387131305105404,0.009594029675752624,0.011517085224081347,0.005769771701143345,,58.8,0.0012624126648386191,0.27664120390146085,0.794979662837246,False,False,False
1735,19.700000762939453,2026-09-14,-0.027160456151138157,-0.03902435302734375,-0.09915055575272136,-0.22340566552501206,,17.7,-0.10940522831196409,0.2544348419076096,0.6394041729855592,False,False,False
1736,124.0,2026-09-14,-0.015873015873015928,-0.08823529411764708,0.09315926647094219,-0.01949454729048883,,70.7,0.08290459391169946,0.5622589888922298,0.7018919251797945,False,False,False
1742,17.399999618530273,2026-09-14,-0.02247188964466096,-0.00571430751255575,0.11538456365671967,0.023529389325310124,,75.7,0.10512989109747695,0.4588580920269734,0.9405405199205553,False,False,False
1773,156.5,2026-09-14,-0.024922118380062308,-0.006349206349206327,-0.09798270893371763,0.08181123185165062,,43.6,-0.10823738149296036,0.8878913332108477,0.8210670093201546,False,False,False
1776,17.549999237060547,2026-09-14,0.023323593436006984,0.03235289629767912,-0.04098360826601155,0.10734352720757356,,58.3,-0.05123828082525428,0.2858762684163048,0.8581906397219096,False,False,False
1785,95.0999984741211,2026-09-14,-0.06764707378312651,-0.08995216771175985,-0.32141477102047133,0.17352425755092882,,14.2,-0.33166944357971406,0.39783929217557273,0.5226940331108894,False,False,False
1802,57.79999923706055,2026-09-14,-0.04777597181925419,-0.0017271552017776859,-0.1524926418849304,-0.0632091001240549,,20.7,-0.16274731444417312,0.33034177663014225,0.7545691956715636,False,False,False
1805,10.100000381469728,2026-09-14,0.0,0.010000038146972923,-0.014634109124904593,-0.019417456850635784,,51.1,-0.02488878168414732,0.4670985612016512,0.7829457891581276,False,False,False
1806,7.980000019073486,2026-09-14,-0.008695673292274386,0.0,-0.004234863218553153,-0.05187359412172354,,49.5,-0.014489535777795881,0.33160610580774635,0.8553098465895083,False,False,False
1808,33.20000076293945,2026-09-14,-0.030656912030964878,0.01684530509515003,0.040752387459403794,0.06752412719328982,,69.7,0.030497714900161066,1.2332636342819037,0.7722277264005176,False,False,False
1809,37.0,2026-09-14,-0.0237467411515635,-0.0784558258073429,-0.24782414181839252,0.4774882969488057,,54.6,-0.25807881437763525,0.38454404317506025,0.6247098359907132,False,False,False
1810,23.799999237060547,2026-09-14,-0.010395010724771891,-0.1361161562195421,0.198992381847922,0.365465515250897,,89.2,0.18873770928867928,0.14495630277871363,0.696925275948374,False,False,False
1815,120.0,2026-09-14,-0.026983529174211984,0.38242767555405166,0.33430517833219997,0.14992847235864426,,90.2,0.32405050577295724,1.5498963622329547,0.9369788237581663,False,False,False
1817,40.29999923706055,2026-09-14,0.0049875503877769845,0.0241423329041357,0.05666008529774191,0.10171138348563846,,73.7,0.046405412738499185,0.6503201238772158,0.9950617095570505,False,False,False
2002,18.799999237060547,2026-09-14,-0.01052635594418172,-0.01052635594418172,0.016022069890253565,-0.010505893527991361,,57.9,0.005767397331010837,0.6739448837515439,0.8917088187548263,False,False,False
2006,82.0999984741211,2026-09-14,0.016089051649299302,0.014833089315311465,0.1950509770178639,0.14145935020363476,,85.0,0.18479630445862116,0.2681607729016374,0.9276835985776395,False,False,False
2007,6.760000228881836,2026-09-14,-0.032904084373029385,-0.03151859449720362,-0.08771924857154767,-0.14321922138473875,,25.3,-0.0979739211307904,0.7916712535331021,0.7486157728442762,False,False,False
2008,30.5,2026-09-14,-0.028662408581659804,-0.008130081300813052,0.022923558987906656,0.12704262937219468,,71.0,0.012668886428663928,0.3213234404371532,0.9713375914183402,False,False,False
2009,38.5,2026-09-14,-0.011553292788831548,-0.012820512820512775,-0.02812339124668717,-0.07434816005429612,,42.0,-0.038378063805929896,1.539733774812602,0.7089919243063361,False,False,False
2010,21.799999237060547,2026-09-14,-0.022421525430774247,-0.024608551902539744,-0.034108839355667886,-0.010011810240999064,,47.6,-0.044363511914910614,0.4888981871741985,0.9228378649191104,False,False,False
2012,13.949999809265137,2026-09-14,-0.04452058597406405,-0.06035204659248994,-0.004498922364291058,-0.05095563716767926,,49.7,-0.014753594923533786,0.5480369026093856,0.8134666344119209,False,False,False
2013,41.5,2026-09-14,-0.005988023952095856,0.01096225995866007,0.017247521675115562,-0.002403809562235848,,59.1,0.0069928491158728345,0.629018406926775,0.9721866777692256,False,False,False
2014,16.5,2026-09-14,-0.02941176470588236,-0.026548716382559845,-0.07563027185540994,-0.048991375376426505,,34.7,-0.08588494441465266,0.7225545059523161,0.8270676375437328,False,False,False
2015,64.5999984741211,2026-09-14,-0.0015455715430882089,0.03525636048790459,0.027026977853772616,-0.00015008522148252101,,61.2,0.016772305294529888,0.4436794194850486,0.9629760502775284,False,False,False
2017,8.670000076293945,2026-09-14,-0.029115366181022506,-0.0011521000610879018,-0.07470649069526314,-0.08544298576530351,,31.9,-0.08496116325450587,0.5280203520157631,0.7990783199511295,False,False,False
2020,21.350000381469727,2026-09-14,-0.0138567779374823,0.007075453449628899,-0.002336412988402814,-0.045816383261407245,,50.8,-0.012591085547645542,0.9208661120664351,0.900032323349278,False,False,False
2022,7.28000020980835,2026-09-14,-0.026737942346945265,-0.04210522353153756,-0.06546851791297859,-0.17178609312830462,,26.6,-0.07572319047222131,0.4745334342051895,0.7413442399234884,False,False,False
2023,13.850000381469728,2026-09-14,-0.007168417861123655,0.014652070954489282,-0.003597067513145036,-0.04152245229862894,,51.1,-0.013851740072387764,0.5824545363957365,0.8549382548891113,False,False,False
2024,13.050000190734863,2026-09-14,-0.022471923757491075,-0.022471923757491075,-0.08098588971669762,-0.10309278215371909,,30.1,-0.09124056227594035,0.3901888379194105,0.6761658397206456,False,False,False
2025,12.300000190734863,2026-09-14,-0.012048162315524302,-0.023809538226368776,-0.1428571523511628,0.15492963674230587,,42.0,-0.15311182491040554,0.5596523979229673,0.8039215710718296,False,False,False
2027,45.75,2026-09-14,-0.06822807694967148,-0.03886551540809158,0.14042967058056322,0.30648128922928297,,86.4,0.1301749980213205,0.8598213918861684,0.8970588235294118,False,False,False
2028,15.649999618530272,2026-09-14,-0.0063492305695065365,-0.009493706986950068,-0.0567347399087742,-0.0839967897325028,,35.1,-0.06698941246801693,0.8987743882173878,0.7749073263533713,False,False,False
2029,20.850000381469727,2026-09-14,-0.02570089938619935,-0.014184361346168073,0.027021184263472886,0.049620605638705184,,66.0,0.016766511704230158,1.2921681083967913,0.9287304976794917,False,False,False
2030,23.200000762939453,2026-09-14,0.015317303090881307,0.12895385032909412,0.2506739470149839,0.5581123543690876,,92.4,0.24041927445574118,1.1993620069128315,0.9747899792708061,False,False,False
2031,43.54999923706055,2026-09-14,-0.01693002286493417,0.0,0.13263974962093616,0.1847540926444271,,82.9,0.12238507706169344,0.3553238799064891,0.9355531675796126,False,False,False
2032,16.649999618530273,2026-09-14,-0.0263158335029684,0.0030120021633468497,-0.03478263080983923,0.13231329868966846,,62.1,-0.04503730336908196,0.48560990115745184,0.8927613919084029,False,False,False
2033,26.649999618530277,2026-09-14,0.03696493491785269,0.1792035030398158,0.7028754164936548,0.6450616273733245,,96.6,0.6926207439344121,1.72438315780075,0.9383802808624627,False,False,False
2034,20.299999237060547,2026-09-14,-0.028708152747417337,0.020100483728542562,0.03033068215282908,0.06373305622888825,,67.9,0.020076009593586353,0.5971051721368278,0.94580254060144,False,False,False
2035,27.049999237060547,2026-09-11,0.03244268890722468,-0.0018450606533337854,-0.03392859867640907,-0.040780194849861284,,44.2,-0.0441832712356518,1.1271559073206625,0.8868852208872311,False,False,False
2038,11.949999809265137,2026-09-14,-0.04016064318554491,-0.0590551189971551,-0.14028775991227826,-0.18707483235929878,,14.2,-0.150542432471521,0.4215323865603658,0.7198794900393316,False,False,False
2049,323.5,2026-09-14,-0.11248285322359397,-0.13386880856760375,0.0027397286190160575,0.39651948039287177,,81.6,-0.0075149439402266704,1.4864559716042884,0.7946008405172333,False,False,False
2059,11990.0,2026-09-14,-0.137720244516361,-0.037416669998690755,0.8093671136604066,2.624184123841601,,98.5,0.7991124411011639,0.8976850223609939,0.8292413029946746,False,False,False
2061,47.20000076293945,2026-09-14,-0.09751431259117804,-0.06903352953316755,0.08009153178249462,1.6666665948267965,,96.1,0.06983685922325189,0.7451628979128421,0.5686747079872223,False,False,False
2062,18.149999618530277,2026-09-14,-0.016532903339425364,0.020183293262143742,-0.0037272960650489573,-0.0577124017838434,,49.2,-0.013981968624291685,1.735180079532329,0.8088133873118707,False,False,False
2063,24.049999237060547,2026-09-14,0.0062761347667124046,-0.002074736249698339,-0.030241936414224457,-0.10261194321965295,,38.5,-0.040496608973467185,0.6465104487532297,0.8166383230565348,False,False,False
2064,12.300000190734863,2026-09-14,-0.004048598315016028,-0.004048598315016028,-0.08208951187388602,0.01652890933552542,,40.0,-0.09234418443312875,0.5917221583997191,0.7987013308711197,False,False,False
2065,35.29999923706055,2026-09-14,-0.028885812410915923,-0.018080709654643146,0.01436781640694762,0.20489142259531334,,74.3,0.004113143847704892,1.110875039276036,0.9413333129882813,False,False,False
2066,50.79999923706055,2026-09-14,-0.057513955492746294,-0.09665077593085702,-0.14772873088977312,0.05511186222054243,,31.3,-0.15798340344901585,0.24179944226975655,0.7226793498416629,False,False,False
2067,4.880000114440918,2026-09-14,0.012448120465286205,-0.20907616627257408,-0.2314960334281626,-0.4204275451041509,,2.4,-0.24175070598740533,0.6233135693596682,0.4135593250475201,False,False,False
2069,23.899999618530277,2026-09-14,0.17156863065922745,0.21012656296355825,0.264550269889837,0.32707338221110316,,90.6,0.25429559733059426,4.667162102765244,0.9695740360403009,False,False,False
2070,59.70000076293945,2026-09-14,-0.03554120692581386,-0.005999319252310675,-0.0846720616242167,0.537644542299136,,80.3,-0.09492673418345943,0.3111891898411906,0.7298184864130622,False,False,False
2071,31.5,2026-09-14,-0.09090913094264308,-0.0775988699113449,0.4617169891044808,0.5517241962498329,,95.0,0.45146231654523805,0.17923289825067223,0.8713692578256164,False,False,False
2072,128.0,2026-09-14,-0.030303030303030276,-0.12556116964082542,-0.24016004757985232,-0.4651896395844721,,1.6,-0.25041472013909505,0.7891423734105357,0.4446737742168759,False,False,False
2073,25.100000381469727,2026-09-14,-0.017612480196793623,-0.06168222873010365,-0.005083215492349469,-0.1098113193252288,,43.1,-0.015337888051592197,0.7130518102799261,0.8807017677708676,False,False,False
2101,30.149999618530277,2026-09-14,-0.030546647951344985,-0.026622479267066734,-0.08191146479050904,-0.01001063184578499,,37.3,-0.09216613734975176,0.7413902215711281,0.7057018726144986,False,False,False
2102,17.899999618530273,2026-09-14,0.0,-0.04021447803434908,-0.019178103094231624,-0.06527415273629855,,45.0,-0.029432775653474352,0.9782567630199812,0.8503563072351853,False,False,False
2103,25.450000762939453,2026-09-14,-0.07116784243573726,-0.05214151205362627,0.16911997220004715,0.2453669031873169,,86.3,0.15886529964080442,0.753401662299514,0.8836806054560504,False,False,False
2104,10.300000190734863,2026-09-14,0.024875621418442906,0.0,-0.00961532994840053,-0.15918365789919486,,36.6,-0.01987000250764326,1.0524065814637815,0.7518248419075965,False,False,False
2105,30.149999618530277,2026-09-14,-0.01791534627820368,-0.008223684313720003,-0.0622084545078091,0.05950168051371563,,49.3,-0.07246312706705182,0.38486398290729,0.8269616694669267,False,False,False
2106,16.549999237060547,2026-09-14,-0.02359890901913675,-0.05698005945711315,-0.04845225113150953,-0.05629483827035797,,39.5,-0.058706923690752255,0.4391205349571288,0.808255773108479,False,False,False
2107,26.600000381469727,2026-09-14,0.00377359930074439,0.03501943937013863,0.04930966395226255,0.12346510051407988,,74.0,0.03905499139301982,0.7938430398819584,0.9833641823185604,False,False,False
2108,27.899999618530277,2026-09-14,-0.03793104763688704,-0.036269468626520474,-0.04615385919554604,0.14353505462533112,,61.0,-0.05640853175478877,0.6099310147206182,0.867807100913273,False,False,False
2109,14.75,2026-09-14,-0.01006708874970208,0.003401373563511889,0.020761259148426303,0.013515841591230648,,61.4,0.010506586589183575,0.6223957431453402,0.9272591354368239,False,False,False
2114,88.80000305175781,2026-09-14,-0.013333299424913236,0.007945568555739912,-0.010033377113754849,0.06014267010866492,,60.0,-0.020288049672997577,0.49105981383663655,0.9812155033343405,False,False,False
2115,23.799999237060547,2026-09-14,0.0,0.028077737764193422,0.1387559651416972,0.19196881292723655,,83.5,0.12850129258245446,1.164238739640193,0.9447456417000655,False,False,False
2201,30.399999618530277,2026-09-14,-0.01298700092333005,0.08190213137711044,0.10111884253694958,0.11900702519682604,,79.1,0.09086416997770685,0.8987196222205128,0.7150287274719153,False,False,False
2204,52.59999847412109,2026-09-14,-0.01865671694902782,0.0019047328404016017,0.011664672382627694,-0.004450408485984769,,57.7,0.0014099998233849664,0.3229263888748756,0.8788836535031885,False,False,False
2206,63.09999847412109,2026-09-14,-0.0047319092198343515,0.03612474372939567,0.07584039594092373,0.13479048587141307,,77.5,0.065585723381681,0.4752950992831515,0.9737653626917443,False,False,False
2207,538.0,2026-09-14,-0.0018552875695733162,0.04669260700389111,0.14834578441835644,0.1661496916009786,,83.1,0.1380911118591137,0.4227155874499582,0.9032496460870265,False,False,False
2208,19.100000381469727,2026-09-14,0.015957508328925174,-0.05911324633944082,0.07909602023642925,-0.13574660399170946,,57.9,0.06884134767718653,0.32712227779423414,0.7047970521258667,False,False,False
2211,80.5999984741211,2026-09-14,-0.02891568103468567,0.0012422170698271895,-0.09724945889586811,-0.1594778936956721,,21.9,-0.10750413145511084,1.043902236439703,0.7154857335663652,False,False,False
2221,89.9000015258789,2026-09-14,0.036908935297276235,0.7189293085529234,1.1430991273372166,1.9947992330628788,,98.5,1.132844454777974,3.736475753296761,0.931606233428797,False,False,False
2227,46.54999923706055,2026-09-14,-0.03623188463028437,-0.024116694591577614,-0.06179930776693254,-0.05241731832955632,,37.0,-0.07205398032617527,0.9408071978213659,0.8254203959037978,False,False,False
2228,74.9000015258789,2026-09-14,0.0,-0.023467998617756614,-0.08701627465584649,-0.12049243428369938,,27.4,-0.09727094721508922,0.66602629567166,0.6679804743506419,False,False,False
2230,21.399999618530277,2026-09-14,-0.046770650722761764,-0.14228461065549636,-0.16326361824684643,-0.4075001608021497,,4.8,-0.17351829080608916,0.31854815408058906,0.2039301662927505,False,False,False
2231,89.69999694824219,2026-09-14,-0.006644585639401401,-0.11625618770204738,-0.051138255618966344,0.11561716845042502,,57.1,-0.06139292817820907,0.12949903628367387,0.6325745302886517,False,False,False
2233,157.0,2026-09-14,-0.06824925816023741,-0.20707070707070707,-0.4730377437478125,-0.3113304579066082,,0.4,-0.4832924163070552,0.4528997962632502,0.42060291877516875,False,False,False
2235,28.399999618530277,2026-09-14,-0.00175750942243591,0.040293055392340404,-0.0007407647513553162,-0.10913002114247117,,44.1,-0.010995437310598044,2.5775917970333144,0.810210203968141,False,False,False
2236,120.0,2026-09-14,0.0,-0.05882352941176472,-0.10447761194029848,0.07623318385650224,,41.7,-0.1147322844995412,0.5660531836839181,0.6504065040650406,False,False,False
2237,26.799999237060547,2026-09-14,-0.037702015440825964,-0.011070152774400377,-0.30749357341808603,-0.12987013308711193,,4.5,-0.31774824597732876,0.7020010123454945,0.6396180969231691,False,False,False
2239,19.350000381469727,2026-09-14,-0.027638153145913003,0.029255381209003506,-0.14380530730719598,-0.1605205630394052,,15.5,-0.1540599798664387,0.34513192689592864,0.5012953664866776,False,False,False
2241,33.45000076293945,2026-09-14,-0.02620080789405821,0.021374069097387816,-0.22748264775234595,0.13969336722933345,,25.6,-0.23773732031158867,0.22540781098978022,0.6482558479089028,False,False,False
2243,47.59999847412109,2026-09-14,0.05193366793637755,0.19899238184792178,0.058954341851013226,1.7755101768451427,,96.3,0.0486996692917705,0.8657650630429451,0.7212120980927438,False,False,False
2245,23.649999618530277,2026-09-14,-0.04828976839108112,-0.008385776089749664,-0.030227068258285472,-0.08582956723917579,,40.2,-0.0404817408175282,1.1287453908840206,0.8340046717242038,False,False,False
2247,229.5,2026-09-14,-0.019230769230769273,0.03846153846153855,-0.0009661869120664024,-0.025532574643834183,,53.6,-0.01122085947130913,0.3422167386387004,0.8086048106477587,False,False,False
2248,59.20000076293945,2026-09-14,-0.019867561798409983,0.020689668326542288,0.10993176665243642,0.25354380865589965,,83.8,0.0996770940931937,0.23988387021139898,0.8849028312807906,False,False,False
2249,88.69999694824219,2026-09-14,-0.06038140344811449,0.09506169071903936,-0.1217743803252328,-0.22048969191400491,,14.6,-0.13202905288447553,0.4742081845734596,0.723430461212442,False,False,False
2250,55.0,2026-09-14,-0.03677755744727118,-0.04491798556995419,-0.051191084910906404,-0.11103904131274456,,33.4,-0.06144575747014913,0.30409935764877166,0.6069586865034675,False,False,False
2252,32.650001525878906,2026-09-14,0.4288840691817457,0.9848024323157947,1.021671968859787,1.340501933497794,,97.9,1.0114172963005443,2.08890241521482,1.0,True,True,False
2254,70.80000305175781,2026-09-14,0.13461540577679654,0.204081700176858,0.13461540577679654,0.026087000750113276,,78.2,0.12436073321755381,5.524238579062315,0.8222997015852216,True,True,False
2255,18.049999237060547,2026-09-14,0.29856113182894317,0.24054975948071866,0.002777735392252678,0.04335260306794275,,60.7,-0.00747693716699005,2.4077144084249182,0.6016666412353515,True,False,False
2256,75.5999984741211,2026-09-14,-0.08805793627734704,-0.08915664489010733,0.05734263600169354,0.09883713838279462,,73.7,0.04708796344245081,0.827683273818399,0.7698574421949037,False,False,False
2258,30.100000381469727,2026-09-14,-0.044444432334294404,-0.044444432334294404,-0.05047319693885599,-0.05642630904656676,,39.2,-0.06072786949809872,0.7134544398928474,0.6919540317579248,False,False,False
2301,277.5,2026-09-14,-0.07190635451505012,0.04891370863561928,0.3464422033651726,0.727824080073604,,94.7,0.3361875308059299,0.5979780098127965,0.8740157480314961,False,False,False
2302,41.59999847412109,2026-09-14,-0.03926098828852698,-0.014218063459024766,0.0025484788786802604,1.2350144940367858,,94.0,-0.0077061936805624676,0.3189550199955837,0.7509024788508093,False,False,False
2303,142.5,2026-09-14,-0.0034965034965035446,0.1776859504132231,0.027934667908114497,1.3956824829532457,,94.9,0.01767999534887177,1.0283541100118707,0.8119819787939474,False,False,False
2305,45.150001525878906,2026-09-14,0.35179639111381156,0.5383305260324491,0.4876441831429221,2.0404040650543296,,97.7,0.4773895105836794,3.7175531982653673,1.0,True,True,False
2308,1620.0,2026-09-14,-0.12432432432432428,-0.14058355437665782,-0.26974392746390663,0.19740514578596047,,22.7,-0.27999860002314936,0.9456052016785657,0.6462186704676475,False,False,False
2312,30.850000381469727,2026-09-14,-0.04489160649660673,-0.08592591462311916,-0.09712258809430796,0.3730847698090347,,71.6,-0.10737726065355069,0.347784564445806,0.7229259956550115,False,False,False
2313,221.0,2026-09-14,-0.07916666666666672,0.025522041763341052,-0.10730917755026304,0.009970309913680087,,34.3,-0.11756385010950576,0.5825525787781669,0.7477502630957239,False,False,False
2314,11.350000381469728,2026-09-14,0.01339290846063279,0.01339290846063279,-0.2884012214923872,-0.38315214039247225,,1.4,-0.29865589405162996,0.9378752904661376,0.4344875871725063,False,False,False
2316,155.0,2026-09-14,-0.02515723270440251,-0.03125,-0.07938322243060858,0.5572622417087132,,81.3,-0.08963789498985131,0.5652481839943642,0.6673980962813052,False,False,False
2317,248.5,2026-09-14,-0.029296875,-0.042389210019267876,-0.04869792551994012,0.18198726933998,,64.0,-0.05895259807918285,0.6247928977074659,0.828156167356369,False,False,False
2321,27.61125946044922,2026-09-11,0.04137913719974473,-0.04731872865989295,0.1102939236472229,0.013422716837078408,,74.4,0.10003925108798017,0.568788703357007,0.7823833003959084,False,False,False
2323,10.5,2026-09-14,-0.027777794947839718,-0.07079647586119531,-0.03669721399349979,0.01449271623205206,,50.0,-0.04695188655274252,0.5625812254840324,0.8015266942169336,False,False,False
2324,37.900001525878906,2026-09-14,-0.053682840253143516,-0.12268516535785168,0.01336898341177939,0.23884482559113862,,76.3,0.0031143108525366614,0.5950012115750282,0.8055260816247936,False,False,False
2327,545.0,2026-09-14,-0.0747028862478778,-0.1237942122186495,-0.4263157894736842,1.111194191738134,,76.1,-0.43657046203292693,0.6598804269433883,0.4780701754385965,False,False,False
2328,45.400001525878906,2026-09-14,-0.01304344508958899,-0.003293034329177269,-0.11050155345770463,0.011014658319286275,,33.8,-0.12075622601694735,0.45526619351803493,0.7496583296605255,False,False,False
2329,41.75,2026-09-14,-0.03579674975453351,-0.07427934783730328,-0.22685185185185186,-0.23595010507288916,,5.6,-0.2371065244110946,0.4429473420652074,0.6088351510195453,False,False,False
2330,2380.0,2026-09-14,-0.03252032520325199,-0.006263048016701411,-0.008333333333333304,0.297634263524988,,77.2,-0.01858800589257603,0.7448655807478488,0.9482071713147411,False,False,False
2331,18.700000762939453,2026-09-14,-0.03359171088971846,-0.09661835392686213,-0.10952377319335938,-0.20425528668342752,,17.6,-0.1197784457526021,0.4534309171489698,0.6243739661629356,False,False,False
2332,18.899999618530277,2026-09-14,-0.02827769269074598,-0.16371684515426677,0.1385541677232729,0.2558139122260985,,85.0,0.12829949516403016,0.18838098402421952,0.7283236633088023,False,False,False
2337,116.0,2026-09-14,-0.06827309236947787,-0.15328467153284675,-0.30330330330330335,-0.025210084033613467,,7.1,-0.3135579758625461,0.45820405041020573,0.6253369272237197,False,False,False
2338,48.0,2026-09-14,0.24513621141280262,0.21059263941443196,-0.09090907777308088,-0.051383370603278467,,32.0,-0.10116375033232361,6.507571944776451,0.829015522193829,True,False,False
2340,32.04999923706055,2026-09-14,-0.03463859938107683,0.05601314116057665,-0.18030689289480883,0.12062932900609735,,31.5,-0.19056156545405156,0.41715358547497683,0.7359357014588962,False,False,False
2342,39.70000076293945,2026-09-14,-0.001257842441774737,-0.02457002410944864,-0.17377728629974276,0.22153848501352158,,42.4,-0.1840319588589855,0.4951584159177816,0.670608112353143,False,False,False
2344,160.0,2026-09-14,-0.11111111111111116,-0.12806539509536785,-0.18781725888324874,0.3746811652570814,,55.9,-0.19807193144249147,0.8463217414480229,0.7207207207207207,False,False,False
2345,1875.0,2026-09-14,-0.1071428571428571,-0.18478260869565222,-0.2500628365318609,0.35959836614515095,,40.8,-0.2603175090911036,1.212157588796587,0.6872151759302169,False,False,False
2347,89.5999984741211,2026-09-14,0.003359411109867594,-0.01430146347563821,0.011441451109023948,0.2184463299754964,,74.7,0.00118677854978122,0.4286424023799398,0.9227600399808565,True,False,False
2348,70.5,2026-09-14,-0.009831418233782196,0.012931056689800657,0.06762892086543726,0.008166072569467442,,69.1,0.05737424830619453,0.6523238966792486,0.762154241495128,False,False,False
2349,10.199999809265137,2026-09-14,-0.05555558989567955,-0.12068970053147621,-0.2301886936403671,-0.20312502677552358,,6.5,-0.24044336619960982,0.7132484470675859,0.6257668887538272,False,False,False
2351,257.0,2026-09-14,0.100642398286938,0.5029239766081872,0.4698903670625907,1.893743765464997,,97.7,0.45963569450334796,1.299112732935275,1.0,True,True,False
2352,28.75,2026-09-14,-0.008620689655172376,-0.025423728813559365,-0.015632751960322544,0.2208579540783535,,72.3,-0.025887424519565272,0.2753232367990567,0.8085198049075216,False,False,False
2353,31.399999618530277,2026-09-14,-0.027863765937728657,-0.027863765937728657,-0.16489367800203203,0.19652440027301976,,41.6,-0.17514835056127476,0.5371185422235268,0.7485169830605884,False,False,False
2354,64.69999694824219,2026-09-14,-0.015220700859206904,0.03519995117187502,0.16691249227537908,0.20934573735032136,,85.4,0.15665781971613635,1.0731053506912727,0.9086614171540961,False,False,False
2355,40.84999847412109,2026-09-14,-0.0319905749860544,-0.02505973779283277,-0.26736370972404155,-0.038309621967018925,,9.5,-0.2776183822832843,0.36255991838835006,0.6243810462490311,False,False,False
2356,61.70000076293945,2026-09-14,-0.06656577628975724,-0.11731045184460531,-0.04354354780548142,0.4779583042906639,,81.1,-0.05379822036472415,0.5662772056182052,0.7459016484163635,False,False,False
2357,934.0,2026-09-14,-0.06506506506506504,-0.06224899598393574,0.25615303494232844,0.6869559753350314,,93.5,0.2458983623830857,0.7839232622639645,0.911219512195122,False,False,False
2359,126.5,2026-09-14,-0.10915492957746475,-0.2068965517241379,-0.04197996182158581,0.04439886687508099,,52.2,-0.05223463438082854,0.4081587461998671,0.7126760563380282,False,False,False
2360,2140.0,2026-09-14,-0.04035874439461884,-0.06956521739130439,-0.07178486228583825,0.488344925512203,,79.7,-0.08203953484508097,1.1954990324544892,0.8221334027148456,False,False,False
2362,46.650001525878906,2026-09-14,-0.027111558214307996,-0.0651302585294411,0.0034084164090386615,0.26993867770179336,,76.8,-0.006846256150204066,0.36633925786833166,0.9129159083929167,False,False,False
2363,51.400001525878906,2026-09-14,-0.020952351888020804,-0.02594909622963948,-0.1184013586125151,0.02592340287767425,,33.7,-0.12865603117175783,0.6669840047444617,0.6834995912455738,False,False,False
2364,64.5999984741211,2026-09-14,-0.02416916235467559,-0.09684438227085657,0.08218343302579711,0.1359565679539343,,78.6,0.07192876046655439,0.6647157386359651,0.8303699670548934,False,False,False
2365,27.799999237060547,2026-09-14,-0.02966842557721938,-0.103225831062563,-0.15234419026954904,-0.21297599834810987,,11.5,-0.16259886282879177,0.2061429238847815,0.642781352115896,False,False,False
2367,39.900001525878906,2026-09-14,-0.05896226202902666,-0.08486231829660096,-0.33902713082794367,-0.457823582442591,,0.7,-0.3492818033871864,0.3402414199534591,0.5130569840730586,False,False,False
2368,1020.0,2026-09-14,-0.0892857142857143,0.0049261083743843415,-0.2362687522644572,0.13005343783687717,,22.6,-0.24652342482369993,0.634157844642785,0.6871026892000536,False,False,False
2369,29.200000762939453,2026-09-14,-0.05654280959164004,-0.11782470969691483,-0.15971220826073518,0.031802174916679915,,28.0,-0.1699668808199779,0.20359870167738406,0.6554433504602255,False,False,False
2371,27.649999618530277,2026-09-14,-0.017761989583504834,0.049335833709313937,-0.014260236342601318,-0.11802235144872397,,40.1,-0.024514908901844046,0.497540453036432,0.6467836168077258,False,False,False
2373,52.900001525878906,2026-09-14,-0.016728582229452393,-0.007504647596758618,-0.023287003959980956,0.02634633863257063,,54.2,-0.033541676519223684,0.440262274702892,0.9617633104355907,False,False,False
2374,66.5999984741211,2026-09-14,-0.0133333559389468,-0.02736589309598081,-0.07958785030804838,-0.04364428551552024,,34.5,-0.08984252286729111,0.5914157108251332,0.7221246362655116,False,False,False
2375,119.5,2026-09-14,-0.05905511811023623,-0.08429118773946365,-0.335137586087077,0.4716161673198527,,35.0,-0.3453922586463197,0.27838591236530846,0.5190216200908909,False,False,False
2376,344.0,2026-09-14,-0.056241426611796985,-0.13459119496855343,0.02506063232214295,0.5083345370678072,,85.8,0.014805959762900223,0.6540082249936311,0.8654088050314466,False,False,False
2377,150.5,2026-09-14,-0.050473186119873836,-0.025521842788515214,0.1351064384400822,0.648319350376372,,91.3,0.12485176588083946,0.6389721089320933,0.9168166859839679,False,False,False
2379,713.0,2026-09-14,0.012784090909090828,0.024021632995577802,0.08896697962517885,0.5381658434857444,,88.5,0.07871230706593613,0.7521223845683234,0.8203551129251349,False,False,False
2380,17.0,2026-09-14,-0.07103821263707111,-0.1348600340954349,-0.2875925598953173,-0.09579051231425362,,6.1,-0.29784723245456,1.439788097980309,0.671698472672639,False,False,False
2382,332.5,2026-09-14,-0.043165467625899234,0.01526717557251911,-0.04359886376803457,0.1996380615017983,,66.8,-0.053853536327277296,0.9852722030008295,0.8314038203631883,False,False,False
2383,5345.0,2026-09-14,-0.02729754322111011,-0.12905009575503257,0.04871213127142515,1.0771398037501214,,93.4,0.038457458712182424,0.6658165063590841,0.8455758276868581,False,False,False
2385,105.5,2026-09-14,-0.04524886877828049,-0.018604651162790753,-0.09442060085836912,-0.09978033699021704,,27.9,-0.10467527341761185,0.7206053683701557,0.7588882550839069,False,False,False
2387,36.09999847412109,2026-09-14,-0.0027624941080317544,-0.015006903925214199,-0.08025481594595962,-0.09665947976532674,,30.4,-0.09050948850520235,0.4380962870477176,0.8298850223935882,False,False,False
2388,72.30000305175781,2026-09-14,-0.06949799367535936,-0.04993423782597739,0.05766724279444069,0.46150378488602617,,86.2,0.04741257023519796,0.6393048481086894,0.8220959186192788,False,False,False
2390,9.949999809265137,2026-09-14,-0.009950286524563201,-0.029268311291206217,-0.16033759586840945,0.0364582722799669,,28.3,-0.17059226842765218,0.6993033862051583,0.7397769479826314,False,False,False
2392,41.5,2026-09-14,-0.0642615236116435,-0.03600462867665266,0.05958207045656794,0.1356691835033117,,75.9,0.04932739789732521,0.6709599687332941,0.8372776310693718,False,False,False
2393,62.5,2026-09-14,-0.015748031496062964,-0.01107596130520827,-0.04753943229769142,0.015575421041676307,,47.4,-0.05779410485693415,0.3965729728765949,0.9137426696745516,False,False,False
2395,670.0,2026-09-14,-0.014705882352941124,-0.019033674963396807,0.425852989564794,1.0129688956835783,,96.2,0.4155983170055513,0.7915137078026716,0.9423347398030942,False,False,False
2397,59.70000076293945,2026-09-14,-0.03554120692581386,-0.0927051976581238,0.02384445882842612,0.11942780561922817,,70.7,0.01358978626918339,0.48567330889977767,0.8541387752553603,False,False,False
2399,44.900001525878906,2026-09-14,-0.04059824235375298,-0.02285090793529243,-0.14962117093434724,0.6537754017216999,,79.9,-0.15987584349358996,0.31739129075660955,0.8163636641068892,False,False,False
2401,24.25,2026-09-14,-0.05088059788177546,-0.09514922797215097,-0.21138211382113825,0.18292682926829262,,31.6,-0.22163678638038098,0.3125059213025566,0.6948423764972687,False,False,False
2402,54.400001525878906,2026-09-14,-0.03030297672871396,-0.007299228407856018,-0.1935309580991793,0.11127627991165978,,29.1,-0.20378563065842203,0.4089314585690627,0.7265487026842182,False,False,False
2404,1015.0,2026-09-14,-0.06018518518518523,-0.09777777777777774,-0.1585458166524314,0.08673285877993497,,32.3,-0.16880048921167412,0.5108722978085132,0.7563974041048911,False,False,False
2405,14.699999809265137,2026-09-14,-0.023255839005583256,-0.0841121178796177,-0.21351247455432587,-0.014268992250144108,,16.0,-0.2237671471135686,0.5166494061644659,0.6813808604511186,False,False,False
2406,26.5,2026-09-14,-0.02752293577981646,-0.09246577713676929,-0.24715910722647783,-0.23850573043178103,,5.0,-0.25741377978572055,0.1960637073237983,0.6339713034373617,False,False,False
2408,473.0,2026-09-14,-0.08510638297872342,-0.076171875,0.11651816510039348,0.8146088805321856,,92.3,0.10626349254115075,0.5610016979276957,0.8710865561694291,False,False,False
2409,28.700000762939453,2026-09-14,0.0,0.11240316324169441,0.22149642437653605,0.8594754577070671,,94.3,0.21124175181729332,1.7197586035240733,0.8927756627823056,False,False,False
2412,142.5,2026-09-14,0.032608695652173836,0.05555555555555558,0.010358279878357246,0.08437721995967129,,66.1,0.00010360731911451815,0.8286016950522664,1.0,True,True,False
2413,50.59999847412109,2026-09-14,0.04653567882125764,0.160641654518759,-0.13975973171137124,0.0075648913265162765,,29.3,-0.15001440427061397,4.392611914957763,0.8189487069431759,False,False,False
2414,52.70000076293945,2026-09-14,0.011516359047810676,-0.01125700718029099,-0.07621922943315662,0.26677901258646597,,66.8,-0.08647390199239935,0.40713252710212267,0.8608607405377371,False,False,False
2415,27.200000762939453,2026-09-14,-0.048951034960032724,0.04965099551952923,0.030310666759819194,0.08482448228939221,,69.3,0.020055994200576466,0.16863756515454909,0.7384099643839178,False,False,False
2417,38.04999923706055,2026-09-14,-0.04396985008910381,-0.15444446139865453,-0.16844282826073165,0.07147427117875749,,30.0,-0.17869750081997438,0.4537940943560442,0.6722606278781635,False,False,False
2419,26.75,2026-09-14,-0.007421178377645443,0.07862906544067205,-0.07599311588812807,-0.07758620689655171,,32.4,-0.0862477884473708,0.9407643557048793,0.7086092715231788,False,False,False
2420,54.0,2026-09-14,-0.0036900509248001256,-0.026825221410046396,-0.03505854906937167,0.11819684035670686,,60.6,-0.0453132216286144,0.6101293291214794,0.8733236790754912,False,False,False
2421,163.0,2026-09-14,-0.04956268221574345,0.11643835616438358,0.14385964912280702,0.15424290130493468,,82.6,0.1336049765635643,0.8731195825521947,0.8892847049049246,False,False,False
2423,72.80000305175781,2026-09-14,-0.020188424473618016,-0.05454541491223619,-0.03283923075480677,0.546263198862881,,84.0,-0.0430939033140495,0.431593915836901,0.8584905711303361,False,False,False
2424,7.980000019073486,2026-09-14,-0.014814858857385205,-0.09932276204328716,-0.26451615313284216,-0.7294915247771699,,0.3,-0.2747708256920849,0.9703436633807807,0.1250783717006381,False,False,False
2425,36.29999923706055,2026-09-14,-0.0268096520228992,-0.11678830694076292,-0.07882715023376785,0.17186235416107376,,57.1,-0.08908182279301058,0.1262682487494017,0.686200343856369,False,False,False
2426,93.3000030517578,2026-09-14,-0.05852669537505495,0.400900978819265,0.3541364439116046,1.711531820318986,,97.1,0.34388177135236186,1.4286259263909697,0.8679070051326306,False,False,False
2427,22.799999237060547,2026-09-14,0.04587156123840486,-0.002188233854460986,0.06639876226094876,-0.024311556461666828,,66.3,0.056144089701706035,0.6383978923113073,0.8052771001696342,False,False,False
2428,253.0,2026-09-14,-0.025048169556840083,0.015942855371193332,-0.07476640103354515,0.6191588885438455,,83.6,-0.08502107359278788,0.7072394406410492,0.7541933751863467,False,False,False
2429,30.5,2026-09-14,-0.016129032258064502,-0.12607453677663127,-0.20676204434831036,-0.39723318340416647,,3.5,-0.2170167169075531,0.24572167417022406,0.22181818181818183,False,False,False
2430,17.950000762939453,2026-09-14,0.0027933600823888405,0.04360464922862173,-0.02445646005001212,-0.1840256493003719,,32.1,-0.03471113260925485,0.35849603515989253,0.7547349120503665,False,False,False
2431,9.960000038146973,2026-09-14,-0.013861419607430037,-0.02829267920517342,-0.0862384966312546,-0.22187500861473364,,18.9,-0.09649316919049733,0.49263753415037165,0.5643059633661538,False,False,False
2432,27.299999237060547,2026-09-14,-0.021505390310874062,-0.025000027247837564,0.029793295414924925,0.040946329787357794,,65.6,0.019538622855682197,0.2790625463671264,0.9024792567179494,False,False,False
2433,40.84999847412109,2026-09-14,-0.018028846815140276,-0.02389486347576264,-0.013170617931912654,-0.056029718814752494,,47.1,-0.02342529049115538,0.8081937487348015,0.8853326670825772,False,False,False
2434,61.29999923706055,2026-09-14,-0.05401240200408175,0.19260695364371117,0.6131578746594881,1.0885859775239601,,97.0,0.6029032021002454,0.5887858466940508,0.6751101010659475,False,False,False
2436,67.9000015258789,2026-09-14,-0.05299854371132495,-0.017366092253845777,0.03730275774058911,0.10810285181387647,,71.8,0.027048085181346382,1.631425866109345,0.8672109697577851,False,False,False
2438,19.0,2026-09-14,-0.08872903345910244,0.02981025551854355,-0.1284403364703095,-0.07090468013904527,,24.1,-0.13869500902955223,0.6950961221416879,0.6737588470199573,False,False,False
2439,77.30000305175781,2026-09-14,0.005201580207307321,0.008014578001730888,-0.0910975088906677,-0.03273756931526517,,33.3,-0.10135218144991043,0.9440080765055382,0.7198829073507965,False,False,False
2440,13.949999809265137,2026-09-14,-0.03460207658130254,0.0035971361228104293,-0.16964283078706066,-0.03124998758236519,,20.6,-0.1798975033463034,0.4418173825773956,0.6804877955739091,False,False,False
2441,114.0,2026-09-14,-0.03389830508474578,-0.025140418732309988,-0.06786336821404682,0.38770036490940796,,75.5,-0.07811804077328954,0.42744656023388705,0.8067803594533882,False,False,False
2442,14.600000381469728,2026-09-14,-0.09467363872929369,-0.09234036846360916,-0.10842548201378333,-0.14728349268425045,,21.1,-0.11868015457302605,1.0552282687919394,0.6712239468584177,False,False,False
2444,11.699999809265137,2026-09-14,-0.012658275727919222,0.06363634629683057,-0.10000001467191255,-0.09302324377912297,,27.5,-0.11025468723115528,2.3249695436820956,0.7799999872843425,False,False,False
2449,261.5,2026-09-14,-0.042124542124542086,0.05870445344129549,-0.008548357442853871,-0.04297376631215011,,49.6,-0.0188030300020966,0.5470062242499054,0.7785976226910457,False,False,False
2450,28.25,2026-09-14,-0.0035273502689294745,-0.0017667575409355818,-0.04074699158648731,0.008028559662172086,,48.4,-0.05100166414573004,0.4773643863232446,0.9455275540133481,False,False,False
2451,274.0,2026-09-14,-0.05354058721934374,-0.06324786324786325,-0.08659419184057982,0.09995881784741245,,48.5,-0.09684886439982254,0.33113884460413656,0.7852525850079423,False,False,False
2453,55.29999923706055,2026-09-14,0.06551055127592442,0.06963246462274153,0.025973982774554427,0.04439357642205932,,65.2,0.0157193102153117,2.1758932685236303,0.9103712287644029,True,True,False
2454,4560.0,2026-09-14,-0.04201680672268904,0.08313539192399055,0.005974958345056791,1.682599696275486,,95.9,-0.004279714214185937,0.692689591745687,0.957983193277311,False,False,False
2455,535.0,2026-09-14,0.07000000000000006,0.40974967061923584,0.3283187586775853,1.3521102723427183,,96.5,0.3180640861183426,0.275622725173319,0.9870848708487084,False,False,False
2457,21.5,2026-09-14,-0.06113535553936966,-0.08704880269526594,-0.2586206896551724,-0.2167577631171732,,4.9,-0.2688753622144151,0.3653807702306373,0.5577172613619845,False,False,False
2458,126.5,2026-09-14,-0.03435114503816794,-0.09719902383459633,-0.14735464909685125,-0.04343841855822961,,23.1,-0.15760932165609398,0.2599534221490743,0.6902367058749479,False,False,False
2459,65.30000305175781,2026-09-14,-0.016566241699442985,-0.007598783842102663,0.0030722670095948423,0.05551887391614807,,62.0,-0.007182405549647886,0.47552911634009176,0.9702823193267632,False,False,False
2460,29.450000762939453,2026-09-14,0.03514938394316869,-0.008417508201277846,-0.1549497259000333,0.21193422582600374,,45.7,-0.16520439845927604,0.6468889827005989,0.7280593376384242,False,False,False
2461,17.399999618530273,2026-09-14,-0.04918030907387272,-0.011363679466167786,-0.06702413005724828,0.12258062055034014,,55.1,-0.077278802616491,0.766468103375576,0.865671606383222,False,False,False
2462,19.200000762939453,2026-09-14,-0.017902735947815773,-0.022900705563702273,-0.2299850484613134,-0.12371607416430408,,9.0,-0.24023972102055613,0.5477933665975474,0.695363577364606,False,False,False
2464,175.5,2026-09-14,-0.1354679802955665,-0.08359603982610786,-0.01977968333143565,1.2644731048279563,,93.8,-0.030034355890678377,0.8543323595428397,0.7905405405405406,False,False,False
2465,88.5999984741211,2026-09-14,-0.13560977098418447,-0.07612098994375804,0.12010114011706441,0.5489510016147774,,89.7,0.10984646755782168,0.9916589404774383,0.8438095092773438,False,False,False
2466,103.0,2026-09-14,0.02487562189054726,0.1482720569035476,1.1525601522371192,1.400932315535385,,98.2,1.1423054796778764,0.618734131729693,0.8442622950819673,False,False,False
2467,537.0,2026-09-14,-0.1324717285945073,0.0037383177570093906,-0.038835775570072784,0.4322236683935259,,80.0,-0.04909044812931551,0.7255458806301606,0.8115218996431804,False,False,False
2468,39.34999847412109,2026-09-14,0.17462682012301745,0.1458459642215486,0.07299743550749649,0.06593815504690603,,73.6,0.06274276294825376,2.2771954861983317,0.7642575466180562,True,True,False
2471,50.900001525878906,2026-09-14,0.023115608560380085,0.01596812527192104,0.019930453085337918,0.027642489564636108,,62.4,0.00967578052609519,1.651039182150457,0.9920126031880445,True,True,False
2472,210.5,2026-09-14,-0.06858407079646023,-0.12777018849452837,-0.38504661498833337,0.7882536371689177,,57.6,-0.3953012875475761,0.33217609812404536,0.47121567474396636,False,False,False
2474,205.5,2026-09-14,-0.014388489208633115,0.004889975550122161,0.03558959560507291,0.13500613743557577,,73.2,0.025334923045830182,0.5459655486912635,0.8280686963283036,False,False,False
2476,119.5,2026-09-14,-0.020491803278688492,-0.004166666666666652,0.023779930150997775,0.5235578433575439,,86.0,0.013525257591755047,0.3974167824719241,0.8995713352518088,False,False,False
2477,21.850000381469727,2026-09-14,0.00923791069115154,0.038004806337508024,0.0,-0.04632745061328147,,51.4,-0.010254672559242728,0.3732300304004164,0.8679491636067406,False,False,False
2478,119.0,2026-09-14,-0.06299212598425197,-0.0703125,-0.41869754231721823,0.7695530648616227,,48.9,-0.42895221487646096,0.4326718579407946,0.4972298068675083,False,False,False
2480,157.5,2026-09-14,0.0,-0.006309148264984188,0.0714285714285714,0.1551331698019751,,78.4,0.06117389886932867,0.6663578849710584,0.9312449538754102,False,False,False
2481,159.0,2026-09-14,0.006329113924050667,0.15217391304347827,0.13571428571428568,0.6272810139897871,,91.0,0.12545961315504295,1.4143071262390394,0.6989010989010989,True,False,False
2482,15.75,2026-09-14,0.016129032258064502,-0.015625,-0.05983167559296099,-0.009885217329996698,,42.1,-0.07008634815220371,0.21237256373562413,0.7861953926246958,False,False,False
2483,30.850000381469727,2026-09-14,-0.06656577628975724,-0.19028867147004802,-0.1394699666796554,0.4866454731045904,,73.3,-0.14972463923889812,0.2615597527386517,0.44134477407769734,False,False,False
2484,67.19999694824219,2026-09-14,-0.04409681321398051,-0.06839868176020703,-0.03663958412059021,1.5496457272704247,,95.0,-0.046894256679832935,0.1870219843624522,0.7035329213327706,False,False,False
2485,38.5,2026-09-14,-0.054054071786227786,-0.10465116279069764,-0.36363636363636365,-0.43548384570723486,,0.6,-0.3738910361956064,0.36229132319741536,0.4723926380368098,False,False,False
2486,234.5,2026-09-14,-0.07858546168958747,0.039911308203991025,-0.044806517311609007,0.5873791301502413,,84.5,-0.055061189870851734,0.5152000930388533,0.7652511788096987,False,False,False
2488,48.34999847412109,2026-09-14,-0.007186905201954641,-0.030090271733482665,-0.04278607355933961,0.07586022730243602,,55.2,-0.05304074611858234,0.5223911289117374,0.9328040801607335,False,False,False
2489,39.29999923706055,2026-09-14,-0.039119858902840865,0.24761902339874742,-0.12140635921381238,-0.037531047998825895,,28.7,-0.1316610317730551,0.660632281686207,0.7137601911959042,False,False,False
2491,39.5,2026-09-14,-0.08139534883720934,0.1482557630203707,0.10335197882097091,1.401215694104426,,95.4,0.09309730626172819,0.8725778333618953,0.7003545909812713,False,False,False
2492,305.5,2026-09-14,-0.05417956656346745,0.009917355371900749,-0.37829586676363247,1.3534241950780062,,86.5,-0.3885505393228752,1.767499509708411,0.49776635677131376,False,False,False
2493,170.5,2026-09-14,-0.07336956521739135,-0.1976470588235294,-0.30774435772541864,0.6174196715609277,,56.2,-0.31799903028466137,0.25654946374161025,0.5333248311065423,False,False,False
2495,37.29999923706055,2026-09-14,-0.002673857880705288,-0.05569622184656842,-0.23060076189477985,0.19389538891031766,,29.7,-0.24085543445402258,0.33460518008668805,0.7079045326585464,False,False,False
2496,54.900001525878906,2026-09-14,-0.0018181540749290237,0.003645752117866996,-0.08899853370837585,-0.10574501592722285,,28.4,-0.09925320626761858,0.3752044938871082,0.8728130407433472,False,False,False
2497,43.04999923706055,2026-09-14,-0.027118661309366132,-0.07518797115711862,-0.28293462017478144,0.0603051982046412,,12.3,-0.29318929273402417,0.34367887880482684,0.6698335271852021,False,False,False
2498,39.900001525878906,2026-09-14,-0.026829231076124227,-0.014814777138792423,-0.08538222582683153,-0.05539482823379438,,32.7,-0.09563689838607425,0.4588209838253421,0.580354577637224,False,False,False
2501,21.850000381469727,2026-09-14,-0.02017932156889779,-0.043763675418183046,-0.10579474738688133,0.007693013437351626,,34.4,-0.11604941994612405,0.4724429110630749,0.8528068489610009,False,False,False
2504,30.950000762939453,2026-09-14,-0.011182060148636652,0.016420360836527426,-0.08023776049053033,-0.10732578985483487,,29.5,-0.09049243304977306,0.2864305436914236,0.8408923078166792,False,False,False
2505,17.350000381469727,2026-09-14,0.005797123563462403,0.01429394017041985,-0.010311525015525791,-0.06093497929573821,,47.3,-0.02056619757476852,0.6151624925346936,0.9179360982495897,False,False,False
2506,8.579999923706055,2026-09-14,0.0,0.002336390550113032,-0.030263684774706312,-0.0027142525862218214,,49.4,-0.04051835733394904,1.1555711571577936,0.900114305380957,False,False,False
2509,14.350000381469728,2026-09-14,-0.036912701418900795,0.047445297901756556,0.028673876535749043,0.03610108203816109,,65.1,0.018419203976506315,0.5170018187477652,0.8039215728178143,False,False,False
2511,8.399999618530273,2026-09-14,-0.014084604787086619,0.018181771943063474,0.07265553681745152,0.06219058014192136,,73.3,0.06240086425820879,0.3514226947176606,0.9406007025214675,False,False,False
2514,11.5,2026-09-14,-0.021276595744680882,-0.04958680682263328,-0.16666667818447223,-0.16967511312229666,,12.4,-0.17692135074371496,0.39613068787667244,0.7491856491340947,False,False,False
2515,12.0,2026-09-14,0.008403393670199044,-0.0041493933563011565,-0.038076328791066816,-0.16548341516843812,,31.2,-0.048331001350309544,0.3775564403062628,0.6885902161826126,False,False,False
2516,14.600000381469728,2026-09-14,0.035460991948418785,0.04285717010498069,0.08550190249165679,0.08148150973849844,,75.6,0.07524722993241406,0.9276843964466576,0.9211356485857642,False,False,False
2520,36.59999847412109,2026-09-14,0.0,0.0502152102330653,0.11268587635434502,0.15799880717723713,,80.7,0.10243120379510229,0.5200780149084911,0.9817816489092,False,False,False
2524,34.0,2026-09-14,-0.04761906797224058,-0.025788008210015145,-0.08724832214765099,-0.13043474867388027,,26.4,-0.09750299470689372,0.6123720607863522,0.6589147481671341,False,False,False
2527,43.70000076293945,2026-09-14,0.006912424574032849,0.018648000200605086,0.13211445928572707,0.5331516458902947,,89.9,0.12185978672648434,0.3580652293029108,0.89560342780759,False,False,False
2528,19.399999618530277,2026-09-14,-0.034825907943005996,-0.037220844377102935,-0.006236044839415311,-0.12500250553863812,,41.2,-0.01649071739865804,0.4307203965329643,0.7382791002262776,False,False,False
2530,20.600000381469727,2026-09-14,0.06746760508672156,0.0867260108101755,0.048879787223814475,-0.16339350594936686,,49.1,0.03862511466457175,1.078794157381422,0.682977154865607,True,False,False
2534,16.75,2026-09-14,-0.011799454509568319,0.002993966154271277,-0.00024465011447549756,-0.096755640041989,,45.8,-0.010499322673718225,0.31580939264304275,0.8073245718506149,False,False,False
2535,89.69999694824219,2026-09-14,0.005605381357693506,0.015854969967144417,-0.07142858835269439,0.31623567254126583,,71.1,-0.08168326091193712,0.5652042672726125,0.9276111662780434,False,False,False
2536,19.450000762939453,2026-09-14,0.0318302583197585,-0.06490377517493962,0.0016212718409067683,-0.047346871741061225,,51.6,-0.00863340071833596,0.40945288650201134,0.7534163390994957,False,False,False
2537,11.25,2026-09-14,-0.004424795565566408,0.02739727816990678,-0.013157861714876984,0.11386134406887294,,64.5,-0.023412534274119712,0.4174183861802055,0.9072580924267337,False,False,False
2538,8.670000076293945,2026-09-14,-0.013651864172907757,-0.0482985287557941,-0.100855572217452,-0.09640439447546767,,27.0,-0.11111024477669473,0.8194202416041207,0.7901572291512755,False,False,False
2539,34.599998474121094,2026-09-14,-0.01564731231527483,0.0405472595150802,0.10474556040047767,-0.11846966294144157,,64.7,0.09449088784123494,0.6197004928085332,0.8526706764259621,False,False,False
2540,48.04999923706055,2026-09-14,0.024520206263684008,0.05604393927605589,0.0027083273463606172,0.1333131851738818,,68.8,-0.007546345212882111,0.47477515006800813,0.884355834875653,False,False,False
2542,45.70000076293945,2026-09-14,-0.04791665077209473,-0.010822510643789585,0.014428446989721122,0.24184787256505946,,76.7,0.004173774430478394,1.0033636782603166,0.9364754401109326,False,False,False
2543,37.59999847412109,2026-09-14,-0.027166960163113263,-0.033419100276717684,-0.17742756831323914,-0.4747159374025747,,3.2,-0.18768224087248186,0.7156591987886941,0.4931237634526198,False,False,False
2545,33.04999923706055,2026-09-14,-0.04202900762143347,-0.014903129996130748,-0.07588983582804831,-0.016064507424609187,,37.7,-0.08614450838729104,0.5576357525262962,0.7928270858445119,False,False,False
2546,102.0,2026-09-14,-0.033175355450236976,0.022044056923537836,0.27418547961522477,0.44144150360615253,,91.8,0.26393080705598204,0.40518978294517377,0.8755364806866953,False,False,False
2547,9.75,2026-09-14,-0.020100483728542673,-0.034653501806976905,-0.0491148223027037,-0.05764282768650564,,39.3,-0.059369494861946426,0.5531409005168263,0.9058001561819727,False,False,False
2548,92.9000015258789,2026-09-14,-0.013800376480665677,-0.00428726165911264,-0.06206732668996495,-0.11559004380944071,,31.6,-0.07232199924920768,0.4989739182129533,0.7906088958806893,False,False,False
2596,36.45000076293945,2026-09-14,0.058055151109069225,0.1198157178891257,0.2643463527219907,0.12345145713085426,,87.7,0.25409168016274797,3.1580712392006762,0.9698657119804611,True,True,False
2597,167.0,2026-09-14,-0.023391812865497075,0.0030030030030030463,-0.05978641896496639,0.08821020564957904,,52.9,-0.07004109152420912,0.8736694086301746,0.8641669532875814,False,False,False
2603,237.0,2026-09-14,0.01716738197424883,0.08219178082191791,0.158924205378973,0.16953219787341656,,84.2,0.14866953281973028,0.6372089226137452,0.9423459244532804,False,False,False
2605,36.150001525878906,2026-09-14,-0.005501979549863423,0.11746532398750142,0.17612791358775937,-0.02091974904814431,,79.2,0.16587324102851664,1.34428523725235,0.8627651238264958,False,False,False
2606,76.19999694824219,2026-09-14,-0.030534371151026196,0.14932116803608353,0.24713582407889434,0.32521733823029897,,90.2,0.2368811515196516,0.7198286845826369,0.9560853182682939,False,False,False
2607,53.0,2026-09-14,-0.0018832104895412094,0.07070707070707072,0.13133581939578187,0.03531837703025653,,78.3,0.12108114683653914,0.523691042034825,0.8016322481873942,False,False,False
2608,28.75,2026-09-14,0.0070052808505800535,0.00877192982456143,-0.010326996383456799,-0.0221363636746984,,51.9,-0.020581668942699527,1.5541427283029683,0.8814944459805348,False,False,False
2609,59.29999923706055,2026-09-14,0.020654058424355526,0.1492248253999704,0.21109203921145192,0.041580011491114455,,83.2,0.2008373666522092,0.9386754530154662,0.9193798331327216,False,False,False
2610,20.200000762939453,2026-09-14,-0.01222493841922312,0.01507543468140704,-0.009471481457995368,0.12295204426314732,,66.0,-0.019726154017238096,0.281063655032578,0.8677357082067686,False,False,False
2611,13.850000381469728,2026-09-14,-0.028070148668790984,-0.07357855798189994,-0.003597067513145036,-0.03874563621377136,,51.5,-0.013851740072387764,0.5649540474028719,0.8052325446003518,False,False,False
2612,63.900001525878906,2026-09-14,-0.0015624761581420898,0.18773238721276586,0.16605843823924982,0.1395021632579676,,83.7,0.1558037656800071,0.8899487152481431,0.890522473103577,False,False,False
2613,22.100000381469727,2026-09-14,-0.02643173397814602,0.07804879909608431,0.013761520867357158,-0.1144324453097254,,46.9,0.0035068483081144297,0.39816278688006745,0.8281253126885065,False,False,False
2614,17.799999237060547,2026-09-14,-0.01385041609789639,-0.01385041609789639,-0.055702977355977734,-0.14423077452112254,,30.6,-0.06595764991522046,0.907245635811712,0.7526426860114565,False,False,False
2615,113.0,2026-09-14,-0.013100436681222738,0.2472406391074855,0.438627198400517,0.48603445449260674,,94.6,0.4283725258412743,1.0585269214519837,0.8932806324110671,False,False,False
2616,13.300000190734863,2026-09-14,-0.007462644077774749,-0.007462644077774749,-0.0036629123321501034,-0.23809519386912426,,30.9,-0.013917584891392831,0.5937818373914496,0.56903768746315,False,False,False
2617,33.04999923706055,2026-09-14,0.00455920073631777,0.14956519085427988,0.15196927925557957,0.08547503272828139,,80.9,0.14171460669633684,2.134592177438291,0.9821693235776848,False,False,False
2618,42.04999923706055,2026-09-14,-0.0011876303770241847,0.053884652354891927,0.11023100295869437,0.2681518433730823,,84.2,0.09997633039945164,0.311057408258052,0.9470720223410659,False,False,False
2630,48.150001525878906,2026-09-14,-0.03313248466786589,-0.09322028418992556,0.24418606141189336,-0.019735019608430937,,83.4,0.23393138885265063,0.14256917914319028,0.7728732281787221,False,False,False
2633,26.0,2026-09-14,0.0,0.0038610186464318463,0.03945771698999212,0.03945771698999212,,67.2,0.029203044430749392,0.44123710508957786,0.947101636465783,False,False,False
2634,63.79999923706055,2026-09-14,-0.037707446449823045,-0.09631727172845661,0.3831318125278025,0.2804240083362981,,92.3,0.37287713996855976,0.2919927262987255,0.8703955877329334,False,False,False
2636,69.69999694824219,2026-09-14,0.002877653931542268,0.032592547381365744,0.06637664124177878,0.0588669866237419,,72.4,0.05612196868253605,0.8358331378816907,0.9343163320897556,False,False,False
2637,101.0,2026-09-14,0.018145192612223138,0.17852979692634197,0.2882652810492752,0.4889588400981266,,92.5,0.27801060849003245,0.8602263966230448,0.9901960784313726,False,False,False
2640,154.5,2026-09-14,0.0032467532467532756,0.02657807308970095,0.045520400649658566,0.12123058046948487,,73.6,0.03526572809041584,0.35078055724645674,0.8337355314288849,False,False,False
2641,17.450000762939453,2026-09-14,-0.03591158037740838,0.005763710620809492,-0.046308647035546935,-0.05882424347792092,,39.7,-0.05656331959478966,0.6496451569607992,0.8058156173542286,False,False,False
2642,20.200000762939453,2026-09-14,-0.009803865653465804,0.002481446419641431,-0.06046508079351376,-0.12684020673634377,,30.7,-0.07071975335275649,0.5323052402861393,0.6538353260873593,False,False,False
2643,62.900001525878906,2026-09-14,-0.0015872773670014828,0.03453951176266301,0.009335253141551592,-0.03824772814763833,,54.3,-0.0009194194176911363,0.4014296134897347,0.8869915005374497,False,False,False
2644,77.0,2026-09-14,0.0026041268267580353,-0.04109592685358654,-0.049605883613129786,-0.12871633130269222,,32.6,-0.059860556172372514,1.690405797036281,0.7272968879611685,False,False,False
2645,173.0,2026-09-14,-0.005747126436781658,-0.135,0.05167173252279644,0.09062253743104809,,72.5,0.041417059963553715,0.24047739028024315,0.6878727634194831,False,False,False
2646,20.100000381469727,2026-09-14,-0.019512176513671875,-0.014705845228940473,-0.045130588599654464,-0.07159349950906713,,38.6,-0.05538526115889719,0.9207673467434124,0.7913386095803719,False,False,False
2718,40.09999847412109,2026-09-14,-0.03140103874018452,-0.09701642734937177,-0.09887821547270748,-0.10441787529090318,,26.7,-0.1091328880319502,0.3707866009046434,0.7297782980531073,False,False,False
2724,10.5,2026-09-14,-0.01408447172798788,0.0,-0.16666669189614525,-0.4559585277165439,,3.7,-0.17692136445538797,0.02654122868767375,0.4772727272727273,False,False,False
2762,79.5,2026-09-14,-0.03284667942192576,-0.03753024856401588,-0.04665516273164205,0.12211262774929188,,58.7,-0.05690983529088478,0.8734528060536448,0.9236521306565607,False,False,False
2801,28.549999237060547,2026-09-14,0.0773584617758698,0.21231423193133359,0.32666703714447753,0.46835004211283415,,93.1,0.3164123645852348,1.2255323797055862,1.0,True,True,False
2812,19.450000762939453,2026-09-14,0.010389650022828656,0.04289550459906222,0.07240312943859273,0.028153477087660805,,71.1,0.06214845687935,1.163739360670761,0.9164712977034748,False,False,False
2816,39.150001525878906,2026-09-14,0.009020677724242088,0.1600000452112269,0.19908115455516895,0.35655999790626125,,89.2,0.18882648199592622,0.6724126229541366,0.9787500381469727,False,False,False
2820,17.399999618530273,2026-09-14,0.03264090353762783,0.0642201353249241,0.026855851228660743,0.08779680334125128,,68.9,0.016601178669418015,1.2245444907809402,1.0,True,True,False
2832,56.59999847412109,2026-09-14,-0.02245255643347044,-0.03577516629512911,0.03853208209396497,0.2634083359141042,,79.5,0.028277409534722242,1.2999567164475108,0.9203251784409933,False,False,False
2834,18.350000381469727,2026-09-14,0.0668604399720818,0.12576694726145687,0.1421153295272657,0.33246793717625556,,86.9,0.13186065696802296,1.1178221633839176,1.0,True,True,False
2836,12.300000190734863,2026-09-14,0.00819675270763387,0.04237288067101819,0.0413023920635025,0.05421116060058262,,68.6,0.031047719504259774,0.5797085046665809,0.9812272129257539,False,False,False
2838,21.600000381469727,2026-09-14,0.031026233644827483,0.08542717565463964,0.06090769522479067,0.1609435275616704,,77.4,0.05065302266554794,0.8616231221110521,0.9470856217471851,True,False,False
2845,13.75,2026-09-14,0.0,0.09587366842971701,0.11702951862562916,0.16657520972659534,,81.5,0.10677484606638643,0.8082869331657973,1.0,True,True,False
2849,16.0,2026-09-14,0.019108292635635626,0.11888110395736828,0.13931859615373376,0.2800838922167519,,85.8,0.12906392359449104,1.4265428384624523,0.9876542744740486,False,False,False
2850,156.0,2026-09-14,-0.006369426751592355,-0.018867924528301883,0.12635379061371843,0.396245400984947,,87.7,0.1160991180544757,0.4983222785363403,0.9258160237388724,False,False,False
2851,47.5,2026-09-14,0.05672968173034998,0.22580645161290325,0.2701882916145788,0.7232076652450343,,94.3,0.2599336190553361,1.026245483200859,1.0,True,True,False
2852,27.950000762939453,2026-09-14,0.0,0.03710575034102259,0.06720122920933602,0.13875685240778357,,76.8,0.056946556650093294,0.49542742668038564,0.9301165215494857,False,False,False
2855,52.900001525878906,2026-09-14,0.017307721651517394,0.11603375153895668,0.0482377407427228,0.7930831255883235,,91.0,0.03798306818348007,0.957930827594678,0.9329493557717027,True,True,False
2867,9.699999809265137,2026-08-19,,,,,,,,,,False,False,False
2880,46.29999923706055,2026-09-14,0.043968451635399974,0.1887034231104443,0.2893740156217235,0.4414048049490982,,92.1,0.27911934306248076,0.5130790244594043,1.0,True,True,False
2881,154.0,2026-09-14,0.030100334448160515,0.18918918918918926,0.2062541600198975,0.7930805602666096,,93.6,0.19599948746065476,0.5965466301918828,1.0,True,True,False
2882,112.5,2026-09-14,-0.017467248908296984,0.10837438423645329,0.06409003545667846,0.6093626277437589,,88.9,0.053835362897435735,0.679697671260367,0.9782608695652174,False,False,False
2883,38.79999923706055,2026-09-14,0.05006761666908077,0.22590836349786647,0.3519957421756563,0.9587452051729104,,95.7,0.3417410696164136,0.8105564657411549,1.0,True,True,False
2884,46.34999847412109,2026-09-14,0.06429389864782764,0.2310756067901405,0.37253945985965253,0.5004157196741665,,94.1,0.3622847873004098,1.1624682627571268,1.0,True,True,False
2885,70.80000305175781,2026-09-14,0.008547095863237875,0.05641319870747341,0.15903966263581637,0.6995782875022114,,92.0,0.14878499007657364,0.5894383266572129,1.0,True,True,False
2886,52.5,2026-09-14,0.04581671717340963,0.10876455526590179,0.2237498466151293,0.3963299181695896,,90.4,0.21349517405588658,0.6741256797867728,1.0,True,True,False
2887,43.54999923706055,2026-09-14,0.0596107263722192,0.15364236389564367,0.4020671467141408,0.8260794248356647,,95.6,0.39181247415489806,0.7864425489882992,1.0,True,True,False
2889,17.049999237060547,2026-09-14,0.03647406968350064,0.12784457410481065,0.17639418234898763,0.07009342941510455,,82.1,0.1661395097897449,1.4624925032500224,1.0,True,True,False
2890,44.79999923706055,2026-09-14,0.05164321224743551,0.10480887990043963,0.3314826364375465,0.4921058427493201,,93.3,0.32122796387830377,0.799839846409875,1.0,True,True,False
2891,68.0999984741211,2026-09-14,0.010385711163128253,0.0349543361047282,-0.002454635784866044,0.3608132861434463,,80.0,-0.012709308344108772,0.6401215778197453,0.9755001567728551,False,False,False
2892,39.84999847412109,2026-09-14,0.0683645922042515,0.19490255764310938,0.30155736159244806,0.4346455110875138,,92.2,0.29130268903320533,0.7685505166233805,1.0,True,True,False
2897,11.25,2026-09-14,0.04651162790697683,0.1194029638299332,0.12725456072306485,0.19076185671344903,,82.7,0.11699988816382212,1.0285018520274376,1.0,True,True,False
2904,12.649999618530272,2026-09-14,0.0,-0.007843167174096388,-0.06032860374225457,-0.21323372579257993,,23.7,-0.0705832763014973,0.6676275963200343,0.7512061672763385,False,False,False
2916,40.70000076293945,2026-09-14,0.016229751267446302,0.0,-0.03095236278715585,-0.08055554837414247,,40.7,-0.04120703534639858,0.4684435307346523,0.8808277977135858,True,False,False
2923,24.350000381469727,2026-09-14,-0.10147601333173328,-0.04791304981410449,-0.04976174101002162,0.37851463428539844,,77.0,-0.06001641356926435,0.6359228491421878,0.5967960019420719,False,False,False
2924,17.049999237060547,2026-09-14,0.020957991504875206,0.030211481755258784,-0.017291131862428588,-0.14962594085563763,,36.3,-0.027545804421671316,1.0970884437325845,0.5940766126765178,False,False,False
2937,43.95000076293945,2026-09-14,0.003424692431318155,0.012460815267405279,0.007187509479621879,0.0912738002786051,,66.2,-0.0030671630796208493,0.9878499799197993,0.9678679438024416,False,False,False
2938,22.049999237060547,2026-09-14,-0.006756825257831389,-0.1420234014600642,-0.028634427490421666,-0.08506228680333994,,40.7,-0.038889100049664393,0.9593636813988116,0.6858475331427765,False,False,False
2941,30.700000762939453,2026-09-14,-0.00647245495339388,0.009868458821503001,-0.10233917900354983,-0.22405257199318973,,17.0,-0.11259385156279256,1.7570276973956178,0.4679163746000412,False,False,False
2942,36.650001525878906,2026-09-14,-0.051746440389164206,-0.026560423890358842,0.04214415174493591,0.112401096101296,,72.6,0.03188947918569318,0.22081798255841065,0.9482535596108358,False,False,False
2947,60.5,2026-09-14,-0.017857118528715743,-0.03200000000000003,-0.21326399480447167,-0.20947325438954678,,7.0,-0.2235186673637144,1.4675747315043988,0.6730059946997057,False,False,False
2948,37.29999923706055,2026-09-14,-0.01971090709693113,-0.017127839599773376,0.09124305541372779,0.054395791031031315,,74.5,0.08098838285448506,0.49981591819254206,0.9613402054253845,False,False,False
2949,63.900001525878906,2026-09-11,0.04582656500300497,0.047541008620965775,0.019693269045163442,0.07257848515771426,,66.7,0.009438596485920714,0.0723307227124021,0.7897147108214144,True,False,False
3002,16.799999237060547,2026-09-14,-0.028901735378628612,0.0,-0.09923617438826982,-0.1651457434274941,,21.2,-0.10949084694751254,0.2564155066598802,0.5851115397275272,False,False,False
3003,57.09999847412109,2026-09-14,-0.03220341569286289,-0.14520964273191717,-0.13833729114421311,0.16853248230427353,,44.3,-0.14859196370345584,0.7957301074845662,0.7919556127954154,False,False,False
3004,115.5,2026-09-14,-0.03749999999999998,-0.09055118110236215,-0.13157894736842102,0.0994261839164321,,38.4,-0.14183361992766375,0.5223147912969625,0.7241379310344828,False,False,False
3005,116.5,2026-09-14,0.030973451327433565,0.0,0.14778325123152714,-0.0916644042381215,,72.9,0.1375285786722844,0.42860409383347203,0.752779709997747,False,False,False
3006,270.5,2026-09-14,-0.08922558922558921,-0.010968921389396757,0.21058323963015502,0.5354572417634604,,91.6,0.2003285670709123,1.4230294783427975,0.8669871794871795,False,False,False
3008,5995.0,2026-09-14,-0.0998498498498499,0.3004338394793926,0.24480619353373512,1.6817764724666948,,96.9,0.2345515209744924,0.8009166238785841,0.7676056338028169,False,False,False
3010,125.5,2026-09-14,-0.030888030888030937,-0.015686274509803977,0.009811593921757122,-0.024100010916149772,,55.5,-0.0004430786374856055,0.5758179103331933,0.9209197095477266,False,False,False
3011,9.380000114440918,2026-09-14,-0.06199998855590816,-0.14337897006133216,-0.3553264610667217,-0.23114751958295976,,1.7,-0.36558113362596445,1.1473281377003814,0.5993610442861989,False,False,False
3013,82.80000305175781,2026-09-14,-0.0405561978705945,0.009519344584051348,-0.21756039743583722,-0.11775938975217626,,10.2,-0.22781506999507994,0.7652727126621905,0.6175684171328264,False,False,False
3014,130.5,2026-09-14,-0.011363636363636354,-0.0076045627376425395,-0.07898932773404255,0.17575834812405788,,57.5,-0.08924400029328527,0.28546252622234175,0.8198908601433602,False,False,False
3015,52.0,2026-09-14,-0.018867924528301883,-0.057971027512881634,-0.08771929824561409,0.055947324592830805,,43.2,-0.09797397080485681,0.19935063714693274,0.6951871374125297,False,False,False
3016,112.5,2026-09-14,0.11940298507462677,0.09756097560975618,-0.054810673685846134,0.8100981691255238,,88.3,-0.06506534624508886,1.5481766277060751,0.7406565792792763,True,False,False
3017,3310.0,2026-09-14,-0.032163742690058506,0.029253780836121512,0.4049097688551959,0.8194732036628183,,95.5,0.3946550962959532,0.621957800696396,0.927170868347339,False,False,False
3018,11.350000381469728,2026-09-14,-0.021551723429195646,-0.17153280733669307,-0.017316000516222507,-0.1302681827140575,,38.1,-0.027570673075465235,0.3546474550599864,0.6579710366069408,False,False,False
3019,134.0,2026-09-14,-0.05633802816901412,-0.021897810218978075,-0.15826449485224614,0.030183745200024203,,28.2,-0.16851916741148887,0.6542732043609737,0.8366340647216393,False,False,False
3021,22.450000762939453,2026-09-14,-0.11787818900063174,0.09779950735378473,-0.29067927224253287,0.43239271353304276,,39.9,-0.3009339448017756,1.514644231506654,0.5612500190734864,False,False,False
3022,86.19999694824219,2026-09-14,-0.057923530620303976,-0.05048741239300514,0.08285819821094265,0.4615045854707889,,87.2,0.07260352565169992,0.6171291927926484,0.7915405306661893,False,False,False
3023,320.5,2026-09-14,-0.055964653902798256,0.027243589743589647,0.05720719124577611,0.3787743216190542,,84.4,0.046952518686533384,0.4051103877962407,0.9426470588235294,False,False,False
3024,14.699999809265137,2026-09-14,0.02797200092273,0.09293680429191742,0.2316404942201682,0.46710110970573515,,91.4,0.22138582166092546,0.6020302736391182,0.8406984759174804,False,False,False
3025,50.5,2026-09-14,-0.007858575911349086,-0.05490113432378929,-0.2379971767678989,-0.11582489311205146,,8.6,-0.24825184932714162,0.5222059348498619,0.6788400002174212,False,False,False
3026,731.0,2026-09-14,-0.05188067444876787,0.12982998454404937,-0.09726271713678458,5.812322890584918,,98.8,-0.10751738969602731,1.5233034694525374,0.727363184079602,False,False,False
3027,17.700000762939453,2026-09-14,-0.01939049800082382,-0.01939049800082382,-0.1449275308902932,-0.1690140189234064,,15.0,-0.15518220344953593,0.32267595974727753,0.6199650170204982,False,False,False
3028,61.20000076293945,2026-09-14,-0.03470032665600875,-0.10132155456367198,-0.14817695936078068,0.23721098420242215,,49.8,-0.1584316319200234,0.3792947376223451,0.7364621165666843,False,False,False
3029,116.5,2026-09-14,0.06392694063926951,0.04484304932735417,0.14215686274509798,0.06257003828341956,,79.8,0.13190219018585525,3.7271028725474706,0.9775644433837192,True,True,False
3030,259.0,2026-09-14,-0.08156028368794321,-0.12203389830508471,-0.21633888048411498,0.05894935338474583,,20.3,-0.2265935530433577,0.5047508336115362,0.6310782999539495,False,False,False
3031,23.350000381469727,2026-09-14,-0.050813007342129124,0.015217407889988044,-0.1406517348065135,0.13707671910739339,,40.5,-0.15090640736575622,0.3088788331229456,0.7036692395184703,False,False,False
3032,70.80000305175781,2026-09-14,-0.09923658490822251,-0.12484546704106336,-0.15714282081240705,0.10625004768371582,,34.1,-0.16739749337164977,0.7404173648253636,0.7009901292253249,False,False,False
3033,41.400001525878906,2026-09-14,-0.042774531193551346,-0.1419688802926652,-0.11613958964620297,0.35423498769581974,,67.7,-0.1263942622054457,0.5158330327667335,0.7757623731915576,False,False,False
3034,556.0,2026-09-14,0.029629629629629672,0.0859375,0.161279383975945,0.534054625253918,,90.7,0.15102471141670226,0.615147666469153,0.9982046678635548,False,False,False
3035,172.5,2026-09-14,-0.03631284916201116,-0.0057636887608069065,-0.14179104477611937,0.1192987590739758,,38.3,-0.1520457173353621,0.46281862636726456,0.740343347639485,False,False,False
3036,192.0,2026-09-14,-0.0025974025974025983,-0.08571428571428574,-0.12328767123287676,-0.1596676660389229,,18.5,-0.1335423437921195,0.4986050768271483,0.6549854302071003,False,False,False
3037,970.0,2026-09-14,0.02212855637513167,-0.0490196078431373,-0.009188359499397114,0.7704667833053991,,89.1,-0.019443032058639842,0.6287954452721581,0.8220338983050848,False,False,False
3038,20.049999237060547,2026-09-14,-0.002487619077623293,-0.029055709082498993,-0.12253834125446439,-0.07934978742754084,,24.3,-0.13279301381370712,1.3122374361494185,0.7956348662714015,False,False,False
3040,33.79999923706055,2026-09-14,-0.05322133011972696,-0.09986684623681374,-0.11979172151121609,-0.29802703705223654,,10.7,-0.13004639407045882,1.7741567558513147,0.5037257824990327,False,False,False
3041,22.350000381469727,2026-09-14,-0.02401743433285919,-0.04077248440762904,-0.15340906422657064,-0.044871762999049936,,22.1,-0.16366373678581336,0.27400943050247484,0.7017268481564263,False,False,False
3042,178.0,2026-09-14,0.008498583569405138,-0.013850415512465353,-0.222707423580786,0.9630204451567421,,84.6,-0.23296209614002872,0.5902083761092318,0.714859437751004,False,False,False
3043,20.0,2026-09-14,-0.04534609681828772,-0.05437350540293728,-0.1614255899325262,-0.0521327185584205,,20.0,-0.17168026249176893,0.5055556893953387,0.8032128637108992,False,False,False
3044,510.0,2026-09-14,0.034482758620689724,0.04508196721311486,-0.04010642202467207,0.44779533160233354,,80.3,-0.0503610945839148,0.8037032103461959,0.9146630207882935,True,False,False
3045,121.5,2026-09-14,0.03846153846153855,0.125,0.05248719835310944,0.17430283445375205,,77.1,0.042232525793866715,0.4227133575971704,1.0,True,True,False
3046,51.900001525878906,2026-09-14,-0.04595588106391346,-0.13210698682226207,-0.03793445965922282,0.14723303168584545,,62.8,-0.04818913221846555,0.5107889855103933,0.8330658452882457,False,False,False
3047,13.5,2026-09-14,0.007462715247502194,-0.05923347448598959,-0.12337660166199416,-0.1640866675618805,,18.3,-0.13363127422123688,0.4424674338723789,0.632318489873051,False,False,False
3048,50.20000076293945,2026-09-14,-0.06168222873010365,-0.14625847934876635,-0.2828508007501723,0.30574414631097024,,30.3,-0.29310547330941505,0.32164718439606466,0.6780493372086972,False,False,False
3049,12.0,2026-09-14,-0.05882352941176472,0.08108104392795568,-0.151943440034777,-0.032258034744817365,,23.4,-0.16219811259401973,0.6374608358750076,0.6666666666666666,False,False,False
3050,11.199999809265137,2026-09-14,-0.017543843505050893,-0.0218340614990844,-0.10564166010281273,-0.10564166010281273,,25.3,-0.11589633266205546,0.4596204221945653,0.7482213573711142,False,False,False
3051,21.299999237060547,2026-09-14,-0.009302361066951259,-0.0974576740352554,-0.1807550766429965,0.011225837636596792,,22.2,-0.19100974920223923,0.5541664180983148,0.707529749003298,False,False,False
3052,10.25,2026-09-14,-0.019138738078044115,-0.0370721571604018,-0.0015725280245895146,-0.024059668369825538,,53.6,-0.011827200583832242,0.5892579354465841,0.8843215174263414,False,False,False
3055,159.5,2026-09-14,0.18587360594795532,0.375,0.8802156214865657,1.7211963276447322,,98.0,0.869960948927323,2.8255288218777834,0.8264248704663213,False,False,False
3056,13.649999618530272,2026-09-14,-0.028469791229495334,-0.025000027247837786,-0.053744788941641475,-0.04100067825809295,,39.9,-0.0639994615008842,0.4857805989479798,0.673340009781335,False,False,False
3057,16.200000762939453,2026-09-14,-0.049853285170447625,-0.003076876126802852,-0.17974679681319228,0.09459463203797935,,30.1,-0.190001469372435,0.44928808965838335,0.6778243105233851,False,False,False
3058,8.020000457763672,2026-09-14,0.0025000572204589844,-0.02314245791723335,-0.13484357478678644,-0.1206139738594939,,19.1,-0.14509824734602916,0.7919578697036415,0.6546939149194834,False,False,False
3059,37.25,2026-09-14,-0.019437992070240773,-0.06269797961327717,-0.19744137624159974,-0.005411695013931572,,18.7,-0.20769604880084247,0.30973517973206666,0.6865694665755541,False,False,False
3060,26.149999618530277,2026-09-14,-0.0019084405707310292,-0.09201387808094752,-0.2242800074595146,-0.06416695375056236,,12.0,-0.23453468001875732,0.2689998696380804,0.6313783571646068,False,False,False
3062,20.399999618530277,2026-09-14,-0.004878067388766949,-0.04225350473085143,-0.18886680206946194,-0.14644351698174762,,11.1,-0.19912147462870466,0.4394499562726222,0.6257668887538274,False,False,False
3066,23.549999237060547,2026-09-14,-0.018750031789143917,0.01508614062979663,0.15724809806414886,0.2046035885473223,,84.8,0.14699342550490613,0.4025645748701347,0.779801279540377,False,False,False
3067,16.899999618530273,2026-09-11,-0.01457725979946256,-0.05849588299612052,-0.1105263358668277,-0.08648650710647166,,26.2,-0.12078100842607042,1.8178626289225368,0.7934272405571464,False,False,False
3071,23.5,2026-09-14,-0.04858302533900993,-0.044715461967972825,-0.2611476839533139,-0.0479610714530222,,9.6,-0.2714023565125566,0.701922698807499,0.7001913926609286,False,False,False
3073,21.600000381469727,2026-09-14,-0.031390084284284914,-0.03355704640711421,0.058823567910728514,-0.2715008209318682,,39.4,0.048568895351485786,0.5014800539512385,0.5167464300410518,False,False,False
3078,43.79999923706055,2026-09-14,-0.025584015714345987,-0.10625946473989112,-0.14490773612303298,-0.2142778544588827,,12.3,-0.1551624086822757,0.577157969551295,0.5794581189997186,False,False,False
3081,2745.0,2026-09-14,-0.10586319218241047,0.08070866141732291,0.3266162749634616,1.0164567760117484,,95.8,0.31636160240421884,1.121741499542111,0.7776203966005666,False,False,False
3085,11.949999809265137,2026-09-11,0.0391304181969685,-0.020491803599057445,-0.05158734543853816,0.03463200103244524,,48.8,-0.061842017997780885,1.0020892342502292,0.6988303826130118,False,False,False
3088,124.0,2026-09-14,0.0,-0.035019455252918275,-0.07316122367211353,0.5079081798327405,,80.2,-0.08341589623135626,0.42106196220323555,0.8051948051948052,False,False,False
3090,163.5,2026-09-14,-0.04664723032069973,-0.0630372492836676,-0.39628417768525614,0.7624400743028068,,53.2,-0.4065388502444989,0.5349816947930909,0.4808823529411765,False,False,False
3092,22.5,2026-09-14,-0.0445859563089992,-0.0585773908316225,-0.23208189126706413,-0.36260621851861574,,3.2,-0.24233656382630686,0.3684655198051084,0.5952381072521332,False,False,False
3093,43.59999847412109,2026-09-14,-0.04385965059044994,-0.07234045799742372,-0.308141512406352,-0.007198530274010295,,7.4,-0.31839618496559474,0.18054082782194097,0.5857003266543023,False,False,False
3094,44.0,2026-09-14,-0.017857126131349377,0.16556291390728473,0.2251582866043349,0.8766726492610104,,94.5,0.21490361404509217,1.3732273632796888,0.946236559139785,False,False,False
3095,35.54999923706055,2026-09-11,0.011379735243742362,-0.05326231799296732,-0.09426753536151478,0.12857140435112857,,49.6,-0.1045222079207575,0.8117186265804511,0.7445026018232576,False,False,False
3097,25.049999237060547,2026-09-14,0.0,0.0019999694824219816,-0.006398852957566814,0.1318413572636452,,67.2,-0.016653525516809542,1.2893581268527765,0.8238085652941327,False,False,False
3105,444.0,2026-09-14,-0.01442841287458374,0.17460317460317465,-0.09939148073022308,0.46907934143526986,,76.6,-0.10964615328946581,0.8199565845014203,0.722634613308067,False,False,False
3114,29.850000381469727,2026-09-14,-0.03864730708780595,-0.04463870060094377,-0.250477778601534,0.2215497496329888,,28.8,-0.2607324511607767,0.17752960569634657,0.5546724624810968,False,False,False
3115,8.369999885559082,2026-09-14,-0.08922739197666185,-0.03793102654492231,-0.07920794883857363,-0.16132261828906613,,25.0,-0.08946262139781636,0.4158129068861729,0.6564705792595359,False,False,False
3117,27.950000762939453,2026-09-14,-0.0821018041826369,0.04291050591854573,0.15495867280065756,3.4935694060655678,,98.4,0.14470400024141483,0.7672083923884325,0.5480392306458717,False,False,False
3122,24.0,2026-09-14,-0.040000000000000036,-0.07692307692307687,-0.22330096128520494,-0.09774437384147394,,10.5,-0.23355563384444766,0.24339301065017702,0.5970149140426311,False,False,False
3128,20.200000762939453,2026-09-14,0.01507543468140704,-0.01065607890673681,-0.08723711334164264,-0.16417495109840652,,23.1,-0.09749178590088536,0.35869849487826383,0.6286753248233431,False,False,False
3130,208.5,2026-09-14,-0.0071428571428571175,-0.011848341232227444,-0.009483452833658701,-0.00507139046968863,,53.9,-0.01973812539290143,0.4022595112936354,0.9742990654205608,False,False,False
3131,2310.0,2026-09-14,-0.09589041095890416,-0.08875739644970415,-0.2903422216812026,0.08912759035516338,,12.9,-0.30059689424044533,1.104378267129716,0.6024367407867723,False,False,False
3135,159.0,2026-09-14,-0.08092485549132944,0.03510849630974877,-0.12042595454101146,0.5432525362225205,,78.8,-0.1306806271002542,0.3714384533244333,0.651661391262159,False,False,False
3138,87.5999984741211,2026-09-14,-0.06410256514757218,-0.08844953314217774,-0.34591786092786303,-0.5243039087106867,,0.5,-0.35617253348710576,0.3370937974046347,0.40898928105998117,False,False,False
3141,89.0,2026-09-14,-0.12404809735108357,0.2443885001829449,0.25311487250848064,1.007799939587387,,95.2,0.2428601999492379,1.4460118323902929,0.8716789930393655,False,False,False
3147,226.0,2026-09-14,0.020316027088036037,0.0032501185044875314,-0.33498850574712646,0.3262337661872503,,22.5,-0.3452431783063692,0.6719031062660091,0.6650114942528735,False,False,False
3149,60.900001525878906,2026-09-14,0.0016447745077832199,-0.09239936049526709,-0.30795452811501245,0.2957447133165725,,24.9,-0.3182092006742552,0.3613329716335377,0.5827751342189369,False,False,False
3150,15.199999809265137,2026-09-14,-0.08708707762680001,-0.11627912005583652,-0.15497031593163058,-0.016789405891976306,,24.1,-0.1652249884908733,1.0748277432019944,0.6871669493942002,False,False,False
3152,219.5,2026-09-14,-0.05995717344753748,-0.02444444444444449,-0.39047278134860475,-0.07274058888375634,,2.6,-0.4007274539078475,0.46562784776632987,0.587611571491618,False,False,False
3158,89.19999694824219,2026-09-14,0.06954430834828651,0.07859734268270935,0.05562126565967085,0.0475785565958009,,70.3,0.04536659310042812,2.596932837390295,0.7544221621449667,True,True,False
3162,73.19999694824219,2026-09-14,0.03977266138742919,0.16375191053255467,-0.1152463780732017,0.25577925963698567,,58.2,-0.12550105063244443,1.1962337252760147,0.7712763242227666,False,False,False
3163,656.0,2026-09-14,-0.12765957446808507,-0.06552706552706555,-0.11764945889870537,-0.1948551171991435,,16.9,-0.1279041314579481,0.6384370275892577,0.5968641804211917,False,False,False
3167,810.0,2026-09-14,-0.08267270668176674,0.19999999999999996,0.01741724760446539,1.2178031181338826,,94.2,0.007162575045222663,2.2276676835004503,0.8558715052529431,False,False,False
3168,42.04999923706055,2026-09-14,-0.024361932116795826,0.008393248626320293,-0.07886094564044044,0.09301015801969958,,49.3,-0.08911561819968317,0.5327514196776851,0.8601423385632758,False,False,False
3169,100.0,2026-09-14,-0.06976744186046513,0.0,-0.038550337653885935,0.06938791428154856,,55.4,-0.04880501021312866,0.5591527659868896,0.8363830186527732,False,False,False
3171,59.59999847412109,2026-09-14,-0.04640002441406266,-0.08024698044355516,-0.10716215210754176,0.06931164839797765,,40.4,-0.11741682466678449,1.8702185231830126,0.804003834406657,False,False,False
3178,58.900001525878906,2026-09-14,-0.04846526536426288,-0.003384043204836207,-0.06951023324192318,0.09479558292084844,,51.6,-0.07976490580116591,1.1293238768710112,0.7927321548674611,False,False,False
3188,23.649999618530277,2026-09-14,-0.0405679519462655,0.015021476091425123,-0.03271988218592581,-0.2314306847403912,,27.1,-0.042974554745168536,0.552119816975313,0.7563874002565862,False,False,False
3189,798.0,2026-09-14,-0.01845018450184499,-0.07424593967517401,0.24511854233948838,1.3720062438633578,,96.1,0.23486386978024565,0.6951675046451117,0.8730853391684902,False,False,False
3191,16.5,2026-09-14,-0.040697716970323206,-0.11051209279647345,-0.13385823302815092,0.1538461384560359,,43.6,-0.14411290558739365,0.8183252935016494,0.6238185075260586,False,False,False
3206,34.150001525878906,2026-09-14,-0.022889820303204522,-0.021489970407131964,-0.05658557209652104,-0.08795228778113018,,34.6,-0.06684024465576377,0.6288983195823379,0.8490729045828239,False,False,False
3207,36.5,2026-09-14,-0.06649612725284204,-0.14519907850494962,-0.4552238805970149,-0.46637428091006183,,0.2,-0.46547855315625764,0.485351732645259,0.436602878782334,False,False,False
3209,44.70000076293945,2026-09-14,-0.02614380660233484,-0.07359488922118429,-0.1928351724865245,0.16740302016682396,,33.1,-0.20308984504576721,0.6477225395270798,0.6009113898240974,False,False,False
3211,362.5,2026-09-14,-0.05598958333333337,-0.07289002557544755,-0.14747099593465451,0.22489806609153318,,48.6,-0.15772566849389724,0.4498144280141647,0.7923497267759563,False,False,False
3213,121.0,2026-09-14,-0.03968253968253965,-0.11029411764705888,-0.04890829060589186,0.2526573641872818,,70.1,-0.059162963165134586,0.5700595564917756,0.8491228070175438,False,False,False
3217,127.0,2026-09-14,-0.06617647058823528,-0.0830324909747292,-0.19300852603404883,-0.13332750211381705,,11.4,-0.20326319859329156,0.648764540153936,0.6510511181391379,False,False,False
3219,85.0999984741211,2026-09-14,-0.0878885778073103,0.19690577075181936,0.20009775745306446,0.3346709685417013,,88.8,0.18984308489382173,1.3917995838574932,0.8354526564741619,False,False,False
3221,45.95000076293945,2026-09-14,-0.1025390609720489,-0.0316122228847584,-0.22785964122815372,0.6669311454134688,,73.5,-0.23811431378739645,0.29907585397598374,0.6964402877085559,False,False,False
3224,32.599998474121094,2026-09-14,-0.019548918071546018,-0.08555407913639967,-0.13984176354554656,-0.2850877288379243,,9.9,-0.1500964361047893,0.7800409814881097,0.6209523518880208,False,False,False
3226,55.900001525878906,2026-09-14,0.014519112049223626,0.07915062450203658,0.14314927978673886,0.1315789433041794,,81.9,0.13289460722749613,1.7948041708016695,0.9637931297565329,True,True,False
3227,181.0,2026-09-14,-0.04986876640419946,-0.08585858585858586,-0.12035176389923152,-0.042605066325054786,,28.4,-0.13060643645847425,0.314204804355053,0.7390416906300392,False,False,False
3228,165.5,2026-09-14,-0.06497175141242939,0.11073825503355694,-0.1424870466321243,0.28793774319066157,,56.3,-0.15274171919136703,0.7227821901115025,0.6427184466019418,False,False,False
3229,66.9000015258789,2026-09-14,0.3221344573773912,0.24349446978791622,0.4983202517272931,2.5585108638727254,,98.1,0.4880655791680504,4.781256855523039,0.9911111337167245,False,False,False
3230,41.79999923706055,2026-09-14,-0.009478708972683103,-0.05961758111123283,0.4539130169412364,0.032098746594087624,,91.5,0.4436583443819937,0.21317075893132928,0.6582677045206385,False,False,False
3231,181.0,2026-09-14,-0.08121827411167515,-0.06459948320413433,0.18757883517515261,0.3899070760141756,,89.3,0.17732416261590989,1.1214487471083305,0.9141414141414141,False,False,False
3232,19.600000381469727,2026-09-14,-0.002544490485048123,0.0,-0.11235516556326286,-0.11431034977606613,,23.0,-0.12260983812250559,0.3619992615042887,0.7432589650880294,False,False,False
3234,174.0,2026-09-14,-0.1278195488721805,0.27472527472527464,0.42040816326530606,1.0350877192982457,,96.2,0.41015349070606333,1.0968869780400312,0.8246445497630331,False,False,False
3236,43.09999847412109,2026-09-14,-0.06202398784543672,-0.046027558494993404,-0.33743862672582015,0.5626000187815057,,44.0,-0.3476932992850629,0.31156765236919753,0.5972129162500562,False,False,False
3257,46.5,2026-09-14,-0.0529531273914694,-0.08284025048791632,-0.15607983143883863,-0.12945585634792123,,16.0,-0.16633450399808136,0.2731623110012052,0.6248349963892966,False,False,False
3259,11.0,2026-09-14,-0.009009043066040667,-0.2086330718070124,-0.33933932420288004,-0.3529411764705882,,0.9,-0.34959399676212277,0.44138127859170145,0.46121592553711055,False,False,False
3260,398.0,2026-09-14,-0.03398058252427183,-0.00995024875621886,-0.04556354916067151,0.041313637983040996,,50.9,-0.05581822171991424,0.6974216380925378,0.7834645669291339,False,False,False
3264,227.5,2026-09-14,0.0022026431718060735,0.008869179600886845,0.0546454917587782,0.5365696705413174,,87.6,0.04439081919953547,1.4024286634614573,0.8852140077821011,False,False,False
3265,163.0,2026-09-14,-0.07386363636363635,-0.05780346820809246,-0.031254698688148896,0.23884150391244496,,71.4,-0.041509371247391624,0.6848343517924039,0.8467532467532467,False,False,False
3266,13.850000381469728,2026-09-14,-0.014234861676160171,-0.007168417861123655,0.06406450572960942,0.10499003873116641,,74.2,0.053809833170366694,0.689024940025985,0.9787986399188536,False,False,False
3268,17.299999237060547,2026-09-14,-0.05464481102134877,-0.11734699487983946,-0.19907412354020504,0.13071889028712635,,29.6,-0.20932879609944777,0.2748283474549723,0.7284210205078125,False,False,False
3272,13.949999809265137,2026-09-14,-0.0412371390793379,0.010869537424425646,-0.16964283078706066,-0.17941177592558022,,11.4,-0.1798975033463034,0.3979526775191074,0.5625000096136527,False,False,False
3276,13.949999809265137,2026-09-14,-0.007117464776667415,-0.03793104763688715,-0.09074609041521264,0.007374790030322043,,37.2,-0.10100076297445537,0.29760317622789806,0.7622951033251446,False,False,False
3284,19.299999237060547,2026-09-14,-0.04455452930131176,-0.157205259451475,-0.027792315176919824,0.00710744836422994,,51.2,-0.03804698773616255,0.1665000313960399,0.6365833223133862,False,False,False
3285,39.79999923706055,2026-09-11,-0.029268311291206217,0.043250265928885145,-0.11416003333702385,0.39466151524036763,,70.6,-0.12441470589626658,0.14836922194421542,0.787221045456442,False,False,False
3287,34.79999923706055,2026-09-14,-0.018335726710574263,-0.03487995047135051,0.07076920729417058,0.20239204898028906,,79.6,0.06051453473492785,0.6063124623878429,0.9062499441206477,False,False,False
3288,20.600000381469727,2026-09-14,0.014778382053408423,0.01980196056547401,-0.07829977494993312,0.2599388318557312,,65.9,-0.08855444750917585,0.3069471883006883,0.7030717036815995,False,False,False
3289,133.0,2026-09-14,-0.053380782918149516,-0.029197080291970767,-0.20880007457874938,0.0858038884471779,,23.8,-0.2190547471379921,0.3288796058506624,0.6370945006659084,False,False,False
3290,46.0,2026-09-14,-0.00540540540540535,-0.13370995627394144,-0.2878567972907595,0.05621241576598801,,11.3,-0.29811146985000225,0.355083835836585,0.659206830118322,False,False,False
3294,29.0,2026-09-14,-0.028475724308445582,-0.07790145321161723,-0.2398427564851351,-0.21621621621621623,,5.5,-0.2500974290443778,0.2982148391085763,0.5544933159281994,False,False,False
3296,25.5,2026-09-14,0.05154639175257736,0.0851063829787233,0.03448277462977112,0.17511516605798505,,75.0,0.02422810207052839,1.1441249697430753,0.8306188718660616,False,False,False
3297,28.049999237060547,2026-09-14,0.02935777016735952,0.005376330486780434,-0.09516131493353075,-0.2807692503317808,,14.1,-0.10541598749277348,0.7563074080680818,0.45388348840365966,True,False,False
3303,47.900001525878906,2026-09-14,-0.06445310913841262,-0.08237546310752986,-0.15482512765261014,0.07813984334698643,,32.2,-0.16507980021185287,0.5549427672557229,0.7639553579430179,False,False,False
3305,100.0,2026-09-14,-0.08675799086757996,-0.11894273127753308,-0.2743919229156566,-0.00538602529120491,,10.2,-0.28464659547489934,0.6827854568426788,0.6086444111860329,False,False,False
3306,45.54999923706055,2026-09-14,0.0201567229658437,0.022446689497765737,-0.002284258593981958,0.037013070420157224,,59.1,-0.012538931153224686,0.5948781503508763,0.6888298614916901,True,False,False
3308,21.75,2026-09-14,-0.006849297769090268,0.11825188415637622,0.058394199877892516,-0.006849297769090268,,66.6,0.04813952731864979,0.23856165934707807,0.8254269330218069,False,False,False
3310,68.5,2026-09-14,0.019345284386829364,-0.004360509279805136,0.04261800885567202,-0.013838222112092624,,62.9,0.03236333629642929,0.8271694104908207,0.8199294828820788,False,False,False
3311,35.0,2026-09-14,0.10236220472440949,0.0852713178294573,-0.10986869480542982,0.11301242322673932,,44.4,-0.12012336736467255,2.3150327661877586,0.8610350807154696,True,False,False
3312,47.400001525878906,2026-09-14,-0.07602334832715107,-0.11794607141969804,-0.1321219600217891,0.44861910709868047,,71.8,-0.14237663258103184,0.4076409718474896,0.6639504756905378,False,False,False
3313,10.699999809265137,2026-09-14,0.0,0.049019608759779176,-0.07758625367308492,-0.21611720818368552,,20.5,-0.08784092623232764,0.6200972940881693,0.5445292629509701,False,False,False
3317,54.70000076293945,2026-09-14,-0.12057877665604011,-0.19644263919475236,-0.2878031682734783,0.14841736263947491,,17.4,-0.298057840832721,0.2733007577261689,0.522502672039946,False,False,False
3321,17.0,2026-09-14,-0.03954806399811717,-0.07103821263707111,-0.2359550561797753,0.11111109725963253,,21.5,-0.24620972873901803,0.3464207900981054,0.6331471045986423,False,False,False
3322,10.649999618530272,2026-09-14,-0.03619914618100928,-0.06578947588567485,-0.26551726768756745,-0.20224724238114278,,4.9,-0.2757719402468102,0.49134443493604,0.591666645473904,False,False,False
3323,26.700000762939453,2026-09-14,-0.06806278818690115,-0.1523809281606523,-0.2489451100998914,-0.24362602436240788,,4.5,-0.2591997826591341,0.4453985745994733,0.4926199333413334,False,False,False
3324,1305.0,2026-09-14,-0.09375,0.2920792079207921,0.25710834600958976,0.27532731189281234,,89.8,0.24685367345034703,0.4640231670144309,0.8787878787878788,False,False,False
3325,11.100000381469728,2026-09-14,-0.026315723429753968,-0.026315723429753968,-0.09756095858998848,-0.20143879956139188,,18.8,-0.1078156311492312,0.5537119264625691,0.5481481669861594,False,False,False
3332,61.0,2026-09-14,0.0032894862738344077,-0.046875,-0.002045612579774758,0.07275843724402487,,62.5,-0.012300285139017486,0.4320158244551376,0.7920870078044732,False,False,False
3338,65.5,2026-09-14,-0.007575757575757569,0.026645780302015254,-0.09676824761036251,0.16535843711515552,,53.5,-0.10702292016960524,1.5443332902849822,0.7515051608767065,False,False,False
3339,42.34999847412109,2026-09-14,-0.04401807667093882,0.13844079584837865,-0.14444447527028104,0.28723393647288686,,55.7,-0.15469914782952376,0.5495889621445713,0.5931372208552593,False,False,False
3346,19.399999618530277,2026-09-14,0.0374330923546331,-0.04599064091911109,-0.21173772327907037,-0.004617760576952734,,17.2,-0.2219923958383131,0.7048098100954134,0.6658529631745108,False,False,False
3349,20.0,2026-09-14,-0.11111111111111116,-0.13043478260869568,0.09589041095890405,-0.2673992469256403,,47.9,0.08563573839966132,1.141673380932354,0.625,False,False,False
3354,28.0,2026-09-14,0.060606075931405545,0.35265695497606964,0.014492739601511984,-0.06666666666666665,,52.5,0.004238067042269256,5.373574441345886,0.7909604178839035,False,False,False
3356,69.79060363769531,2026-09-11,-0.009873025841317884,-0.035059038273611565,0.02008046370000538,0.343315643405236,,80.7,0.009825791140762652,0.533548870372798,0.9266379721651855,False,False,False
3357,199.0,2026-09-14,-0.0679156908665105,-0.12910284463894972,-0.32749081296399274,0.25729979573413275,,18.8,-0.33774548552323547,0.3094576862173396,0.5816817878688079,False,False,False
3360,14.300000190734863,2026-09-14,-0.04026841900379807,-0.12269933373851816,-0.0653594763093901,-0.04666665395100911,,36.8,-0.07561414886863282,0.09524587513585632,0.6258205668272763,False,False,False
3362,168.5,2026-09-14,-0.11315789473684212,-0.02034883720930236,-0.13144329896907214,0.7089249757364358,,82.7,-0.14169797152831487,0.8338092317956958,0.7985781990521327,False,False,False
3363,675.0,2026-09-14,-0.06639004149377592,0.15187713310580198,-0.04526166902404527,0.0714285714285714,,54.4,-0.055516341583288,0.9894242371201462,0.6818181818181818,False,False,False
3372,14.550000190734863,2026-09-14,0.0034482890161975366,-0.0732483842357512,-0.26884419750509225,-0.3087885644614091,,2.8,-0.279098870064335,0.32111801799485007,0.5672514778605897,False,False,False
3373,15.850000381469728,2026-09-14,-0.009374976158141979,-0.04229600530876798,-0.048013650923121265,-0.06749878443297674,,38.4,-0.05826832348236399,0.3141914207991202,0.7721922817058514,False,False,False
3374,429.5,2026-09-14,-0.0851970181043663,0.32153846153846155,0.8467688431660718,1.5701321438361031,,97.9,0.8365141706068291,0.5369066771048941,0.8801229508196722,False,False,False
3376,181.0,2026-09-14,-0.12348668280871666,-0.04485488126649073,-0.07500172530426774,-0.14549815654190434,,27.3,-0.08525639786351047,1.9853346583277263,0.7061055847269009,False,False,False
3379,27.100000381469727,2026-09-14,-0.037300151022715,-0.08600334805626386,-0.20379071519498215,-0.3014669081605462,,5.3,-0.21404538775422488,0.30890832483503533,0.45905227492207884,False,False,False
3380,29.950000762939453,2026-09-14,0.0033500964888364404,0.07733818650659208,-0.11463771667303613,-0.13478830273455022,,21.2,-0.12489238923227886,1.1841790449821972,0.7319420503330523,False,False,False
3388,81.0,2026-09-14,-0.09999999999999998,-0.0345649758419182,-0.06826928874130811,0.33188764094842127,,72.6,-0.07852396130055084,0.48168710649764823,0.6945628871977871,False,False,False
3390,21.5,2026-09-14,-0.022727272727272707,-0.027149338059415218,-0.233606047174987,0.0017990660995708119,,14.4,-0.24386071973422974,0.31706282414327114,0.7241719095211694,False,False,False
3402,123.5,2026-09-14,-0.01200000000000001,-0.015936254980079667,-0.07950303579791795,0.010741687979539671,,40.0,-0.08975770835716068,0.22924759828963787,0.8156302143996891,False,False,False
3406,954.0,2026-09-14,-0.033434650455927084,0.551219512195122,0.282258064516129,1.2312153160003176,,96.0,0.2720033919568863,1.8043723060490646,0.8594594594594595,False,False,False
3413,275.5,2026-09-14,-0.029929577464788748,-0.06768189509306266,-0.1562021439509954,-0.07619312219259722,,19.3,-0.16645681651023814,0.3522528393160843,0.7212041884816754,False,False,False
3416,161.0,2026-09-14,-0.05014749262536877,-0.08145852737496295,0.004886290367895674,0.15845688780520906,,70.8,-0.005368382191347054,0.6682459030529148,0.8623042319472017,False,False,False
3419,11.0,2026-09-14,-0.04347826086956519,-0.09090911956947534,-0.22807017543859653,-0.25170067056280476,,5.5,-0.23832484799783926,0.748536178294039,0.61281334442677,False,False,False
3430,100.5,2026-09-14,-0.09865470852017932,-0.14830508474576276,-0.21118426950265168,0.38069514095206247,,52.0,-0.2214389420618944,0.3153942245990629,0.5545353251933063,False,False,False
3432,14.300000190734863,2026-09-14,-0.0034843337564945953,-0.07142853604176835,-0.20555554495917427,-0.14371260254853746,,10.1,-0.215810217518417,0.5197983506413868,0.6327433605912578,False,False,False
3434,29.549999237060547,2026-09-14,0.0051020279073652475,0.001171016561409166,0.03140783180274731,0.07468362034413545,,68.7,0.021153159243504582,0.2931200901203342,0.853776481729183,False,False,False
3437,17.799999237060547,2026-09-14,-0.008356630612997407,0.01714281354631697,-0.16431925471200204,-0.16431925471200204,,12.9,-0.17457392727124477,1.7447176643279225,0.595317707831312,False,False,False
3438,61.400001525878906,2026-09-14,-0.04062497615814209,0.044217726574044436,-0.04367705320496518,0.3124432020966943,,74.1,-0.053931725764207905,0.2846350205428423,0.7941111519840984,False,False,False
3441,160.5,2026-09-14,0.22519083969465647,0.9152743932583103,0.9814814814814814,4.001170470944874,,98.9,0.9712268089222387,1.8532051929953026,0.9668674698795181,False,False,False
3443,6400.0,2026-09-14,0.07834877843302435,0.17108874656907602,0.30081300813008127,1.8447599115266473,,97.2,0.29055833557083854,0.8414759894879269,1.0,True,True,False
3444,77.80000305175781,2026-09-14,-0.052375097469931076,0.016993503944546573,-0.10096115868022737,0.30154964711360166,,65.5,-0.1112158312394701,0.5110241943362979,0.6779135471928758,False,False,False
3447,27.350000381469727,2026-09-14,-0.05199306690350847,0.009225092121066591,-0.2789887533670258,-0.330489575934808,,2.1,-0.2892434259262685,0.45250477364863473,0.4017062394343691,False,False,False
3450,509.0,2026-09-14,-0.1299145299145299,-0.0019607843137254832,0.02106318956870612,0.7617308508067311,,90.0,0.010808517009463392,0.5154063448828909,0.7879256965944272,False,False,False
3455,230.5,2026-09-14,-0.019148936170212738,0.015822190661405333,-0.014180974027346971,0.8111558863008721,,89.6,-0.0244356465865897,0.7676427710113318,0.7536745383645863,False,False,False
3465,29.149999618530277,2026-09-14,-0.010186795811112703,-0.01186441971083807,-0.028333346048990737,-0.3059523900349934,,21.3,-0.038588018608233465,0.2643172499258575,0.561657008892287,False,False,False
3466,24.149999618530277,2026-09-14,-0.002066162926976034,-0.03400001525878893,-0.28017883255707166,-0.33835617483478697,,2.0,-0.2904335051163144,0.7076678109802796,0.4923547399422453,False,False,False
3467,64.4000015258789,2026-09-14,0.2752475549678992,0.38197432692284106,0.014879930948550335,0.6827026066924662,,88.4,0.004625258389307607,1.1252906530375781,0.8380943955649204,True,False,False
3479,129.0,2026-09-14,0.027888446215139417,-0.0038610038610038533,0.05717031937966888,0.5068264545667212,,87.1,0.04691564682042615,0.4758792068703917,0.8242811501597445,False,False,False
3481,47.650001525878906,2026-09-14,-0.046046030068672916,-0.04890213618484873,-0.10600371092037619,0.785731318327533,,86.1,-0.11625838347961892,0.5297904461386255,0.6720733497937427,False,False,False
3483,76.0,2026-09-14,-0.031847133757961776,0.03542232179933125,-0.1268624291918632,-0.02096207515934534,,29.2,-0.13711710175110592,0.9754500727020402,0.6939146271191919,False,False,False
3484,43.75,2026-09-14,-0.038461538461538436,-0.10842721610502848,-0.03248883069904307,-0.007439959628783521,,48.5,-0.0427435032582858,0.3821767691508758,0.8349393218797084,False,False,False
3485,190.0,2026-09-14,-0.09523809523809523,-0.08212560386473433,-0.3843037974683544,0.10232294617563742,,6.4,-0.39455847002759714,0.33916715184371093,0.5033893919793014,False,False,False
3489,21.149999618530277,2026-09-14,-0.0662251666782736,-0.18809979892664208,0.04969237732082554,0.05890023332932892,,70.2,0.039437704761582815,0.43909913772968623,0.8057142711821058,False,False,False
3490,42.09999847412109,2026-09-14,-0.08775737633479286,0.06179058900270418,0.30232060328251076,0.728534440888924,,94.5,0.29206593072326803,0.9905277484286467,0.7710622646642625,False,False,False
3491,1390.0,2026-09-14,-0.07947019867549665,0.01090909090909098,-0.10999428254989674,0.03122441326135794,,36.1,-0.12024895510913947,0.8555543066804934,0.635140489849247,False,False,False
3492,19.0,2026-09-14,-0.007832878408265409,-0.05778793921662839,-0.11407057146099475,-0.19428551369568858,,17.7,-0.12432524402023748,0.38139981488202945,0.7050001755162726,False,False,False
3494,7.070000171661377,2026-09-14,-0.0042253145597392905,-0.00562587357269928,-0.12716051374079795,-0.1672555521482385,,17.8,-0.13741518630004068,0.7279801229558559,0.6147826236227284,False,False,False
3498,190.5,2026-09-14,0.005277044854881341,0.20569620253164556,0.5809128630705394,1.54,,97.5,0.5706581905112966,1.0356130888802273,0.9158653846153846,False,False,False
3499,13.199999809265137,2026-09-14,-0.09589044764556776,0.01930501958935449,-0.08965518556792162,-0.2413793046749445,,17.9,-0.09990985812716435,1.8739173105376927,0.618266958942155,False,False,False
3501,38.45000076293945,2026-09-14,-0.029040347360951735,-0.04353233748227514,-0.06304741700372041,-0.17056655196859494,,27.2,-0.07330208956296314,0.35567572607337655,0.6978681222830174,False,False,False
3504,78.0,2026-09-14,-0.07692307692307687,0.052631600623324726,-0.12751679341503042,0.31092436974789917,,61.4,-0.13777146597427314,0.6417233582984907,0.8271473751404724,False,False,False
3508,22.100000381469727,2026-09-14,0.04739336407207895,0.14805196786855723,0.19783194946322347,-0.4390863064572753,,51.8,0.18757727690398074,0.7264533508588844,0.4225621549495041,False,False,False
3511,18.600000381469727,2026-09-14,-0.036269372189749016,-0.08374378913705716,-0.24390243524221966,-0.026178009948370717,,11.9,-0.2541571078014624,0.20525495865864013,0.6607460260577027,False,False,False
3512,19.200000762939453,2026-09-14,0.0,-0.02538070967695716,0.0052172520222517615,0.0028123850940302564,,57.0,-0.005037420536990966,0.21652997788782205,0.913236569961054,False,False,False
3515,203.0,2026-09-14,-0.12121212121212122,-0.10964912280701755,-0.12519441591911373,0.011948528013518755,,31.8,-0.13544908847835646,1.0604799226350807,0.6311560665012025,False,False,False
3516,25.399999618530277,2026-09-14,-0.03422051880754573,0.007936462283165913,-0.03980490833925043,0.29894408057347843,,73.9,-0.05005958089849316,0.41448164638867224,0.87335154417697,False,False,False
3518,30.0,2026-09-14,0.008403361344537785,0.06194690265486735,0.07913672026316476,0.4851484587584973,,87.5,0.06888204770392203,0.5762694154233909,0.7712081959699147,False,False,False
3520,17.350000381469727,2026-09-14,-0.002873519434293592,-0.046703315705380444,0.01759537582600501,0.22183102919123243,,76.0,0.007340703266762283,0.17609148801231497,0.8784810319731507,False,False,False
3521,12.199999809265137,2026-09-14,-0.004081648223254186,-0.004081648223254186,-0.03174607619797021,-0.13475180998587621,,35.0,-0.042000748757212936,0.7703740401288085,0.7261904978157451,False,False,False
3523,14.449999809265137,2026-09-14,-0.02364867411885807,-0.013651864469140462,-0.09687501192092896,-0.11890243015992774,,25.8,-0.10712968448017168,0.36638244842069634,0.621505368140436,False,False,False
3526,266.0,2026-09-14,-0.053380782918149516,-0.08117443868739205,-0.1648351648351648,-0.005950074933332106,,23.5,-0.17508983739440753,0.6031918566533813,0.6734177215189874,False,False,False
3527,49.75,2026-09-14,-0.012896855281743336,-0.041425847064895605,-0.25745220173770456,-0.08454843321221994,,8.0,-0.2677068742969473,0.4177257456711211,0.709314989220223,False,False,False
3528,81.30000305175781,2026-09-14,-0.02048189094267694,-0.08146786485567203,-0.3279033214000475,0.3226862928497587,,23.7,-0.33815799395929025,0.43575787020952156,0.5904849076654761,False,False,False
3529,2730.0,2026-09-14,0.0622568093385214,0.02824858757062154,-0.14132207809321107,0.07544797348465537,,34.2,-0.1515767506524538,1.495508784784094,0.5840105307072859,False,False,False
3530,56.5,2026-09-14,-0.019097196237171765,0.005338064643913398,-0.12121726696392288,-0.04480131553209998,,28.1,-0.1314719395231656,0.4617575367061149,0.7230491058653091,False,False,False
3531,21.299999237060547,2026-09-14,-0.004672915105247921,-0.004672915105247921,-0.07792212617680727,0.03137619076425491,,42.5,-0.08817679873605,0.6849877094653172,0.9044585956308999,False,False,False
3532,416.0,2026-09-14,0.032258064516129004,0.1685393258426966,0.05676954069886153,2.1345530771604553,,96.9,0.046514868139618804,0.9904088831275648,0.7954110898661568,False,False,False
3533,1590.0,2026-09-14,-0.06194690265486724,-0.07558139534883723,-0.2949041913133631,-0.0396470164852013,,7.2,-0.3051588638726058,0.652667603660771,0.567787634814516,False,False,False
3535,82.5999984741211,2026-09-14,-0.09130916295303726,-0.10217392962911853,-0.35468751192092896,-0.3365461969950113,,0.9,-0.3649421844801717,0.9660249226416097,0.5562289459536774,False,False,False
3537,52.20000076293945,2026-09-14,-0.0509090770374645,-0.07610618118691237,-0.2833515865761993,0.22900341714240247,,23.2,-0.293606259135442,0.173893693595101,0.6062717966090221,False,False,False
3540,22.700000762939453,2026-09-14,-0.025751008316204027,0.09661835392686213,-0.1276204270734187,-0.20870215413600124,,14.6,-0.13787509963266142,0.39726462843146865,0.5962958060266403,False,False,False
3541,22.100000381469727,2026-09-14,0.020785255005468573,0.0,0.018433161496169914,-0.055555523856978706,,54.4,0.008178488936927186,1.5225087433439173,0.8246269033809748,True,False,False
3543,42.04999923706055,2026-09-14,-0.05292797765893409,0.0486284498040046,0.35645158829227563,-0.13754787410457203,,86.1,0.3461969157330329,0.4246841545048741,0.7715596190286339,False,False,False
3545,49.04999923706055,2026-09-14,-0.03823530907724415,0.005122950899764334,-0.11121111606566114,0.13320577805999356,,46.7,-0.12146578862490387,0.5851502507455122,0.7112846551878647,False,False,False
3548,78.0,2026-09-14,-0.06474821855013146,0.031746052570364336,-0.12177776586612643,-0.062396190456276424,,26.3,-0.13203243842536916,1.1992394760318168,0.6813792983942265,False,False,False
3550,21.700000762939453,2026-09-14,-0.054466229126168386,-0.07855620102143179,-0.29659641832699246,0.0769231351738473,,11.7,-0.3068510908862352,0.18937066934389918,0.5825503560520658,False,False,False
3551,169.5,2026-09-14,-0.06094182825484762,-0.03142857142857147,-0.13402590356092092,-0.018726205990827638,,28.1,-0.14428057612016365,0.3664073764605485,0.7697547790604231,False,False,False
3552,41.75,2026-09-14,-0.02680656142133664,-0.07222222222222219,-0.15532867051911592,-0.1255682461896006,,16.4,-0.16558334307835865,0.7436361319541226,0.5515206775807959,False,False,False
3555,185.0,2026-09-14,-0.106280193236715,0.14197530864197527,-0.06801007556675065,0.0393258426966292,,46.1,-0.07826474812599338,0.5800391499763576,0.6702898550724637,False,False,False
3556,55.900001525878906,2026-09-14,-0.03620687024346714,-0.12244896614818523,-0.24459457397460938,0.37258494372990403,,43.4,-0.2548492465338521,0.2898322302834061,0.71531478566013,False,False,False
3557,22.700000762939453,2026-09-14,-0.07346935661471621,-0.07346935661471621,-0.17108596494979333,-0.24346226232367896,,8.8,-0.18134063750903606,0.9415904211670394,0.555954500193301,False,False,False
3558,119.0,2026-09-14,0.00421940928270037,-0.06299212598425197,-0.09769610525743389,-0.04461937305620933,,31.4,-0.10795077781667661,0.48015551239610815,0.738248633388108,False,False,False
3563,645.0,2026-09-14,-0.07725321888412018,-0.06113537117903933,-0.06854723343628866,-0.06323223209851114,,34.6,-0.07880190599553138,0.5499777818862367,0.6861799701715651,False,False,False
3564,47.59999847412109,2026-09-14,-0.03252037121966045,0.03141921777465351,0.006072611230891978,0.07382160249840108,,64.2,-0.00418206132835075,0.7632508339046956,0.8262305272517166,False,False,False
3567,25.350000381469727,2026-09-14,0.0,-0.015533965768166014,-0.056467277505030666,0.02063070422031177,,46.4,-0.0667219500642734,0.14248085200249164,0.8058435918865472,False,False,False
3570,168.0,2026-09-14,0.02752293577981657,0.02752293577981657,-0.006708612069439179,0.039761103414981847,,58.5,-0.016963284628681907,1.0511842700915928,0.9117905683337263,True,False,False
3576,16.600000381469727,2026-09-14,-0.026392895937067506,-0.064788710903114,-0.12631576939633016,-0.3553397910108844,,7.8,-0.13657044195557289,0.31507327923214956,0.6217228429637768,False,False,False
3577,111.5,2026-09-14,-0.017621145374449365,-0.13229571984435795,-0.04060325717015478,0.8055631673479393,,88.7,-0.05085792972939751,0.302561165374581,0.696875,False,False,False
3580,81.9000015258789,2026-09-14,-0.05645162849772134,-0.04434067161820621,-0.15836947800358814,0.15900524698669138,,39.2,-0.16862415056283087,0.403590137721446,0.7343785124787875,False,False,False
3581,96.5,2026-09-14,-0.10648148148148151,-0.18907563025210083,-0.3494360384238846,0.38873968322529295,,25.9,-0.3596907109831273,0.7845124816051133,0.3461929647585417,False,False,False
3583,683.0,2026-09-14,-0.054016620498615,-0.039381153305203975,-0.15624290052963885,0.6999989517687533,,80.9,-0.16649757308888158,0.8432908377562314,0.7136123768371007,False,False,False
3585,45.400001525878906,2026-09-14,-0.07346935661471621,-0.07910745986888124,-0.31003040394743464,1.7598783842102614,,93.2,-0.32028507650667737,0.6705057308768335,0.2751515243992661,False,False,False
3587,233.0,2026-09-14,-0.07722772277227719,-0.05284552845528456,-0.17035537954862656,0.2639063202649541,,47.8,-0.1806100521078693,0.660725588061728,0.5981402597882827,False,False,False
3588,51.29999923706055,2026-09-14,-0.035714313884042226,-0.05871561032916428,-0.10744547036102825,0.025375084215338628,,36.0,-0.11770014292027098,0.2500380776303827,0.6808814993665082,False,False,False
3591,26.370750427246094,2026-09-11,-0.011527828945924301,0.1748429611865603,0.058621920819132756,0.22452531698822353,,79.5,0.04836724825989003,0.6052690891160428,0.8712551613507369,False,False,False
3592,222.0,2026-09-14,0.0022573363431150906,-0.038961038961038974,-0.13440343949435662,0.07405442887683544,,35.4,-0.14465811205359935,0.4701495549710034,0.783089857148055,False,False,False
3593,10.149999618530272,2026-09-14,-0.03333336966378364,-0.12500006165997557,-0.3575949686075167,-0.2192307985745945,,1.8,-0.36784964116675944,0.16742132166490778,0.5087718912465224,False,False,False
3594,46.5,2026-09-14,-0.03726706553815862,-0.0864585498895254,-0.009203501671065872,0.11053729389294031,,64.8,-0.0194581742303086,0.2261355137329181,0.7810779375029796,False,False,False
3595,1395.0,2026-09-14,-0.14939024390243905,0.010869565217391353,-0.36916519315253127,0.1671541792630118,,9.6,-0.379419865711774,0.8885439120899097,0.5696824399659063,False,False,False
3596,152.5,2026-09-14,-0.043887147335423204,-0.0757575757575758,-0.18230563002680966,-0.22951843360248902,,8.4,-0.1925603025860524,0.6627958261664406,0.7108203476364298,False,False,False
3597,26.649999618530277,2026-09-14,-0.001872701984285352,-0.001872701984285352,-0.006972519081039685,0.16137335930773133,,69.5,-0.017227191640282413,0.6132761418830562,0.8617834384297397,False,False,False
3603,6.480000019073486,2026-09-14,0.015673965962198277,-0.021148016451026264,-0.1899999976158142,0.003095972261363933,,20.0,-0.20025467017505694,0.8368145946499949,0.48358210474219554,False,False,False
3605,126.5,2026-09-14,0.049792531120331995,-0.03802281368821292,0.7747895993436302,1.1279815917090819,,97.4,0.7645349267843875,1.1623503700528506,0.9100719424460432,False,False,False
3607,13.550000190734863,2026-09-14,-0.010948877417416458,-0.04577462163810486,-0.14549546144233194,-0.005069952558739321,,27.2,-0.15575013400157467,0.45196977551993534,0.777459015182448,False,False,False
3609,19.850000381469727,2026-09-14,0.03926701492255624,-0.2075847909766646,-0.2481060352918747,-0.328257160948601,,3.3,-0.2583607078511174,2.3691317230498887,0.3817307765667255,False,False,False
3611,181.5,2026-09-14,-0.0027472527472527375,-0.03968253968253965,-0.010619049310327866,0.010264971112012411,,55.2,-0.020873721869570594,0.7770440029482791,0.8883768399425066,False,False,False
3615,33.95000076293945,2026-09-14,-0.067307710446045,-0.12160415465423646,-0.31961156085343523,-0.022784806512843536,,6.5,-0.32986623341267796,0.2596784259167778,0.5664317701164261,False,False,False
3617,241.0,2026-09-14,-0.030181086519114664,-0.03600000000000003,0.19565656135911813,0.42870830432649365,,90.3,0.1854018887998754,0.5399861150550597,0.926923076923077,False,False,False
3622,44.650001525878906,2026-09-14,-0.11232599993796377,-0.08847296269007687,-0.13966382387788223,-0.21373251698457552,,12.8,-0.14991849643712496,1.0423973375298672,0.6505556000817702,False,False,False
3623,27.0,2026-09-14,0.1111111459963181,0.24711318594623188,0.18421056594214735,0.06719370807131164,,82.4,0.17395589338290462,5.123860046677953,0.8463949944474628,False,False,False
3624,124.0,2026-09-14,0.2796697424910106,0.3854748603351956,-0.11950560776593755,1.413710614225466,,93.4,-0.12976028032518028,4.773774809023526,0.7083864382165128,False,False,False
3625,12.449999809265137,2026-09-14,0.028925571633155345,-0.21698112528533753,-0.20700637194161353,-0.2654867699778163,,5.8,-0.21726104450085626,0.20578721094267174,0.36086955968884454,False,False,False
3628,73.69999694824219,2026-09-14,0.07748531146389004,0.03511236105553972,0.09707295212608291,0.17032210369992384,,80.2,0.08681827956684018,2.3667644880711465,0.7751178964821865,False,False,False
3630,25.850000381469727,2026-09-14,-0.05137613279010178,0.025793634875051152,-0.2295081678298556,-0.1552287562348016,,7.6,-0.23976284038909834,0.3824678491171845,0.671428581336876,False,False,False
3631,38.59999847412109,2026-09-14,0.019815060243999483,0.06336086185677803,0.10443483924189345,0.4376163100824575,,87.6,0.09418016668265072,0.7184206893378124,0.8733031178245177,False,False,False
3632,7.110000133514404,2026-09-14,-0.02602740441864737,-0.0339673906881609,-0.1433734975751969,-0.2803643672916354,,9.8,-0.15362817013443963,0.7070297313605075,0.6970588496537087,False,False,False
3633,142.0,2026-09-14,-0.037288135593220306,0.04029304029304037,0.22808169112705157,0.6432078293867214,,92.9,0.21782701856780884,0.6031581854932739,0.9250814332247557,False,False,False
3645,67.80000305175781,2026-09-14,-0.05571030403879729,-0.020231126563943214,-0.25093491085157427,-0.17260711080581004,,6.0,-0.261189583410817,1.5189386253055823,0.5858645285329268,False,False,False
3646,24.899999618530277,2026-09-14,0.044025124539467386,0.1151824741323102,0.1151824741323102,0.06033746857309308,,77.7,0.10492780157306747,0.9384508647603945,0.8770248511080604,True,True,False
3652,33.150001525878906,2026-09-14,0.023148147057985513,-0.11599995930989582,-0.06681975417299302,0.25672822919461824,,67.8,-0.07707442673223575,0.0949504783093823,0.8064251024912106,False,False,False
3653,5820.0,2026-09-14,0.02917771883289122,0.1987641606591144,0.5471958360543765,0.7274737716415027,,96.0,0.5369411634951338,0.6505610247871816,0.9716193656093489,False,False,False
3659,7.360000133514404,2026-09-14,0.004284219458743355,-0.49785789027062843,-0.6464739559498729,-0.7611020924648804,,0.1,-0.6567286285091156,2.2842327007057395,0.20397492807572798,False,False,False
3661,3590.0,2026-09-14,-0.11138613861386137,-0.1406078321911115,-0.16152000500876473,0.15777319451262706,,38.0,-0.17177467756800746,1.2979105507768718,0.6731239318101668,False,False,False
3663,58.0,2026-09-14,-0.06602252133435527,-0.1021671614553531,-0.18309859154929575,-0.20329673669430504,,9.7,-0.19335326410853848,0.3229906558991144,0.6324972947680322,False,False,False
3664,6.980000019073486,2026-09-14,-0.05420055408735369,0.1442623160981713,0.1368078454159134,-0.49236363497647373,,33.1,0.12655317285667067,0.4533191504284095,0.3355769363028063,False,False,False
3665,1955.0,2026-09-14,-0.05555555555555558,-0.11136363636363633,-0.06974950308372707,0.19886387837333364,,61.9,-0.0800041756429698,0.6904775957681304,0.6707928891101872,False,False,False
3666,25.0,2026-09-14,0.0,-0.00990099009900991,-0.031007723283626443,-0.043977041503104664,,44.6,-0.04126239584286917,1.255912472712555,0.7587253238585285,False,False,False
3669,32.349998474121094,2026-09-14,-0.02118005383051591,-0.16083011376506073,-0.04884555137598645,-0.012154184107583066,,44.2,-0.05910022393522918,0.22867293520916945,0.7602819989229196,False,False,False
3672,11.949999809265137,2026-09-14,0.008438770006436558,-0.04400001525878905,0.02136752171585732,0.03463200103244524,,63.3,0.01111284915661459,0.11439584338496805,0.7709677296300088,False,False,False
3673,63.400001525878906,2026-09-14,-0.03647418563174054,0.029220829486124478,-0.17542839701612967,0.6855056350585027,,79.4,-0.1856830695753724,0.42114071834236977,0.6912366133688553,False,False,False
3675,284.5,2026-09-14,0.00886524822695045,0.06355140186915897,-0.11093750000000002,0.35476190476190483,,68.3,-0.12119217255924275,0.7340881906998977,0.6322222222222222,True,False,False
3678,50.5,2026-09-14,0.005976080328708333,-0.05253281945853483,0.0613837279539704,0.25343136117784915,,80.5,0.051129055394727674,0.8714058997374645,0.6677985749416735,False,False,False
3679,108.0,2026-09-14,0.0,-0.013698630136986356,-0.0357142857142857,-0.01696976203639078,,46.7,-0.045968958273528426,0.5373058505499038,0.896069883922425,False,False,False
3680,507.0,2026-09-14,-0.041587901701323204,0.09385113268608425,0.014000000000000012,0.3491779036736553,,80.6,0.0037453274407572845,1.8574274114616225,0.8300947894530932,False,False,False
3684,54.20000076293945,2026-09-14,0.0,0.0018484711948041355,-0.05744287969335493,-0.01837318014243472,,41.7,-0.06769755225259766,1.7436864071873033,0.8107873448695386,False,False,False
3685,37.25,2026-09-14,0.008119059022089203,0.006756756756756799,0.2016129032258065,0.10698360507807037,,84.6,0.19135823066656377,0.4195642082999581,0.8142076502732241,False,False,False
3686,14.199999809265137,2026-09-14,-0.0138888760113417,-0.0138888760113417,-0.16959067295385277,-0.2365591656970123,,9.3,-0.1798453455130955,0.7033125093748352,0.6094420718554737,False,False,False
3687,61.59999847412109,2026-09-14,-0.01597444128394665,-0.06382985384260598,-0.17635286057511834,-0.0600876580289168,,18.2,-0.18660753313436107,0.452126161665598,0.7441894439664368,False,False,False
3689,106.5,2026-09-14,-0.05752212389380529,-0.0273972602739726,-0.06098953923050909,0.06602632035343481,,50.3,-0.07124421178975182,0.5571891427441696,0.7769980616193961,False,False,False
3691,95.1999969482422,2026-09-14,-0.03448277462977112,-0.13454548228870722,-0.39363059268635536,-0.22601628497364068,,1.2,-0.4038852652455981,0.3428457412354667,0.561651899399659,False,False,False
3693,688.0,2026-09-14,0.008797653958944274,0.30232048715569015,0.39888540317977905,0.42749245124278823,,93.9,0.3886307306205363,2.1469488199131397,0.9588514122061952,False,False,False
3694,49.20000076293945,2026-09-14,-0.025742559149713795,-0.08550183158650215,-0.1742469360188047,-0.07885312134348532,,17.3,-0.18450160857804743,0.30884044746237327,0.5954672596276284,False,False,False
3701,39.79999923706055,2026-09-14,-0.029268311291206217,-0.013630712710269055,-0.1682340542061721,-0.3858025098352075,,5.2,-0.17848872676541483,0.727913086719976,0.5063613232787101,False,False,False
3702,107.0,2026-09-14,0.01904761904761898,-0.037082478904795324,0.015922172561916526,0.35208195611680804,,80.8,0.005667500002673798,0.6562412485713809,0.8518116487777384,False,False,False
3703,19.649999618530277,2026-09-14,-0.005063310454163195,-0.015037650773752298,-0.05439835519748859,-0.06930646826583764,,36.7,-0.06465302775673132,0.3174564960101132,0.8573193358513579,False,False,False
3704,41.20000076293945,2026-09-14,0.037783374588755025,-0.06043324523136717,-0.11019213819674134,0.2516274131327825,,59.0,-0.12044681075598407,0.4960365360613137,0.8174603078490875,False,False,False
3706,78.69999694824219,2026-09-14,-0.030060749987024016,-0.031107166171201017,0.0654374340838848,0.07435848805265133,,73.1,0.05518276152464208,0.7839077496050626,0.8394052908568368,False,False,False
3707,60.20000076293945,2026-09-14,-0.016339869077347524,-0.08231704019493102,-0.24466746464201483,0.0168918916741978,,13.9,-0.25492213720125756,0.4444869481953777,0.5990049827158155,False,False,False
3708,96.9000015258789,2026-09-14,-0.027108403510103685,-0.03582088033951336,-0.12221266475345283,-0.1816644015799358,,17.5,-0.13246733731269555,0.8167027304342501,0.7692967489947137,False,False,False
3709,62.0,2026-09-14,-0.06060606060606055,-0.12056737588652477,-0.15025403088691014,-0.0736781631468979,,20.2,-0.16050870344615287,0.5834950359340904,0.6860166454637777,False,False,False
3710,8.321319580078125,2026-09-11,0.011833961346954025,-0.020992667040368285,-0.20955340744443507,-0.20217755117659464,,7.4,-0.2198080800036778,0.9449602331833202,0.5480767581928987,False,False,False
3711,612.0,2026-09-14,-0.01449275362318836,-0.00649350649350644,0.04323290200173213,0.8299077719553856,,91.2,0.032978229442489404,0.7666679261347934,0.8495101616652047,False,False,False
3712,20.600000381469727,2026-09-14,-0.002421270604561321,-0.07207208677851751,0.15406162135743173,-0.13626834163596446,,71.0,0.143806948798189,0.3079938829871876,0.5156445553958486,False,False,False
3713,14.25,2026-09-14,-0.0034965167879689174,-0.023972628241431204,-0.08064516129032262,-0.21270719891316958,,20.3,-0.09089983384956535,1.0071165301702836,0.5163043406900553,False,False,False
3714,61.5,2026-09-14,-0.0848213870103649,0.08084355625243611,-0.02954905651666162,0.32765953241623924,,76.5,-0.03980372907590435,0.8655697478852483,0.766584783408146,False,False,False
3715,120.5,2026-09-14,0.008368200836819994,0.0387931034482758,-0.29086897798719125,-0.24915536862666277,,3.1,-0.301123650546434,1.3354514366212293,0.5958791458582258,False,False,False
3717,21.100000381469727,2026-09-14,-0.0343249421924976,-0.06430150353210529,-0.017783897446925323,0.1075509552089946,,62.9,-0.02803857000616805,0.2006671875211647,0.72453076670218,False,False,False
4113,15.850000381469728,2026-09-14,0.042763196076383236,0.06375844209807857,-0.050898224110027646,-0.16578945360685637,,29.6,-0.061152896669270373,0.4598160041659434,0.6084453299683945,False,False,False
4154,11.800000190734863,2026-09-14,-0.05599998474121093,-0.03278685449048113,-0.10266155642263763,0.15121953080340123,,50.4,-0.11291622898188036,0.14204137124034247,0.6501377652199855,False,False,False
4171,16.149999618530273,2026-09-14,-0.0386904552409969,-0.05278590374209513,-0.07449862966024279,-0.1522309572006969,,26.8,-0.08475330221948552,0.3589926035103546,0.6094339478690669,False,False,False
4303,35.75,2026-09-14,0.018518562795897253,0.08944021687324022,0.0975877927537745,-0.14672579232882044,,60.6,0.08733312019453177,0.9163442409492898,0.6741089982833024,False,False,False
4304,17.200000762939453,2026-09-14,-0.005780258874628963,0.07165118881896726,-0.26808507391747005,-0.40689652541588095,,1.6,-0.2783397464767128,1.6711336021230052,0.48725215678989653,False,False,False
4305,42.0,2026-09-14,-0.03225809854048278,-0.040000000000000036,0.012101314484981973,0.02476695495596437,,60.8,0.0018466419257392452,1.4161346956396605,0.939597299399198,False,False,False
4306,14.649999618530272,2026-09-14,-0.023333358764648593,-0.054838734288369606,-0.038062368240807665,0.14073650303967167,,62.2,-0.04831704080005039,0.8493301782849006,0.9270637914821336,False,False,False
4401,13.949999809265137,2026-09-14,-0.0035714421953473297,-0.007117464776667415,0.037010677619874865,-0.02866666896867165,,60.4,0.026756005060632138,0.7828047891113006,0.8208450807605341,False,False,False
4402,14.300000190734863,2026-09-14,0.010600747438053393,-0.05921050196209077,-0.1090342136767718,-0.20555554495917427,,17.6,-0.11928888623601452,0.7245608380896934,0.6891566356980657,False,False,False
4406,9.949999809265137,2026-09-14,-0.009950286524563201,-0.009950286524563201,-0.00500001907348635,-0.009950286524563201,,54.3,-0.015254691632729078,1.8609439341146659,0.9299065408066106,False,False,False
4413,19.399999618530277,2026-09-11,-0.01522848389800835,0.03466664632161476,0.18910683129373318,0.10606874877661565,,84.1,0.17885215873449045,0.8282792390335784,0.9699999809265138,False,False,False
4414,8.09000015258789,2026-09-14,0.002478371563817916,-0.06148488863196966,-0.03919238963371885,-0.2678733019958548,,22.4,-0.04944706219296158,0.5048963058052551,0.6631147769727047,False,False,False
4416,10.75,2026-09-14,-0.1295546827569667,-0.009216624696208764,0.04368930106136548,-0.2833333333333333,,35.3,0.033434628502122754,1.0037527984347838,0.1803691321345882,False,False,False
4417,49.650001525878906,2026-09-14,0.051906794985968396,0.05750800253598154,0.14915620064218094,0.029820725606455545,,79.2,0.1389015280829382,1.973410048977896,0.9427936367432694,True,True,False
4420,39.84999847412109,2026-09-14,0.028387057396673132,0.0828804157688392,0.04868417037160744,-0.15203071848137573,,50.4,0.03842949781236471,1.5364370553554274,0.8154176635196683,True,True,False
4426,7.559999942779541,2026-09-14,-0.0039525967332320056,-0.04545456187455765,-0.05144289312487549,-0.16923081034436882,,29.3,-0.061697565684118216,0.36241183296367563,0.7199999945504325,False,False,False
4430,17.5,2026-09-14,0.005747148486326958,0.004076697774122229,0.0211916091026898,-0.007018051954320703,,59.4,0.010936936543447073,0.5280163769681482,0.931242149815148,False,False,False
4431,20.049999237060547,2026-09-14,-0.021951256728753865,0.08672078091915392,0.1725145491100435,0.049738158985194625,,81.1,0.16225987655080076,1.453176590500365,0.9369158689002609,False,False,False
4432,15.550000190734863,2026-09-14,-0.006389739950984019,-0.03715166823329086,-0.02834506563845718,0.03811984282044589,,54.5,-0.03859973819769991,0.7471029707886886,0.9054056950520454,False,False,False
4433,18.350000381469727,2026-09-14,-0.021333312988281228,-0.056555287317299086,-0.05826819825860541,-0.09158417384141326,,34.0,-0.06852287081784814,1.6308745941835945,0.7958023175885433,False,False,False
4438,56.70000076293945,2026-09-14,-0.02072540123169253,-0.033947056617532834,-0.049528532787589286,-0.00625242234732537,,44.7,-0.059783205346832013,1.092331624123361,0.7023745718598321,False,False,False
4439,93.9000015258789,2026-09-14,-0.024922133435333116,-0.07487683225735065,0.07941164656556454,0.13595823087999404,,78.1,0.06915697400632181,0.39050031595730816,0.8654378020818332,False,False,False
4440,17.549999237060547,2026-09-14,-0.008474662113743037,0.005730571332321688,0.01445086768931425,0.02549866993117167,,61.2,0.004196195130071523,0.3754617923445232,0.8361048096280704,False,False,False
4441,172.5,2026-09-14,-0.011461318051575908,-0.08733842886349052,-0.10303530594062493,-0.1287240243427894,,23.5,-0.11328997849986766,0.451524032144685,0.6177066778453484,False,False,False
4442,55.59999847412109,2026-09-14,0.055028418770365795,0.055028418770365795,0.07826821992306687,-0.04056840729563205,,67.0,0.06801354736382415,1.0153621642009396,0.7658402154641945,True,False,False
4502,15.649999618530272,2026-09-14,0.0,-0.0031847255632040383,-0.012618344361258083,-0.009493706986950068,,52.7,-0.02287301692050081,1.981672853892036,0.8694444232516818,False,False,False
4503,22.5,2026-09-14,-0.05063294195399093,-0.13957933735279415,-0.4047618927478668,-0.4148244589454748,,0.5,-0.4150165653071095,0.4194884200813785,0.3968253914858246,False,False,False
4506,119.0,2026-09-14,-0.02857142857142858,-0.03252032520325199,0.053127137599077834,0.05760858163492322,,70.5,0.042872465039835106,0.6633101930324062,0.9378793178413602,False,False,False
4510,41.79999923706055,2026-09-14,-0.08433739671697049,-0.10010767383213803,-0.08131869808658143,-0.047836041362787074,,33.8,-0.09157337064582416,0.5614651808626568,0.7697974184966735,False,False,False
4513,15.449999809265137,2026-09-14,-0.01592356707243181,-0.09384161286750026,-0.1069363878255144,-0.17379683535175694,,19.4,-0.11719106038475713,0.131916213854342,0.6616702165677936,False,False,False
4523,23.799999237060547,2026-09-14,0.006342478687092257,-0.028571459711814406,-0.10803521122632687,-0.14036341430632182,,21.8,-0.1182898837855696,0.6096148348479647,0.6555268904603441,False,False,False
4526,30.100000381469727,2026-09-14,-0.0695517217551429,-0.021138198976594302,-0.17914037371654445,-0.07180654559091515,,16.9,-0.18939504627578718,0.923773541361901,0.6987407224985559,False,False,False
4527,41.0,2026-09-14,0.002444950376293331,-0.0060606060606061,0.003672008114613323,0.04065937417547971,,60.5,-0.006582664444629405,1.0000690603567404,0.9545983532409605,False,False,False
4528,14.899999618530272,2026-09-14,0.0,-0.019736854901274414,-0.06289308326992504,-0.19812262407665293,,24.5,-0.07314775582916777,0.5250742507425075,0.6963184633573785,False,False,False
4529,3.549999952316284,2026-09-14,-0.03794040724477166,-0.030054680583276205,-0.2799188486964693,0.08562690306512977,,13.8,-0.29017352125571205,0.3904676913758831,0.5838815784314002,False,False,False
4532,23.399999618530277,2026-09-14,-0.004255335381690317,-0.006369410759649474,-0.033057897487107524,-0.05925826695745928,,42.4,-0.04331257004635025,0.35070351208749767,0.8041236876900837,False,False,False
4533,24.549999237060547,2026-09-14,-0.05576926011305594,-0.13556339553461483,-0.1870861385146858,-0.25493175512538424,,7.3,-0.19734081107392853,0.4072993286875489,0.5951514966560133,False,False,False
4534,27.850000381469727,2026-09-14,-0.02280700415895698,-0.1661676913430361,-0.13777086565639785,-0.07321127825113449,,22.3,-0.14802553821564057,0.35651813243435865,0.6576151448621207,False,False,False
4535,27.399999618530277,2026-09-14,-0.014388475881575769,-0.05025999111843271,0.03776354970186557,0.03967477565974775,,67.0,0.027508877142622845,0.7584672649730327,0.9331295393511606,False,False,False
4536,160.5,2026-09-14,-0.015337423312883458,-0.036036036036036,0.017385508526487126,0.06567913422323923,,65.6,0.007130835967244398,0.3946644368067124,0.8634733165824525,False,False,False
4537,155.5,2026-09-14,0.009740259740259827,0.2904564315352698,-0.11646302501701467,0.9276178262384835,,88.2,-0.1267176975762574,1.7955216908302931,0.779721401716836,False,False,False
4538,17.25,2026-09-14,-0.014285714285714235,-0.014285714285714235,-0.07506700520997678,-0.040811779008785076,,35.9,-0.0853216777692195,1.5329197994885309,0.9102902008181368,False,False,False
4540,56.29999923706055,2026-09-14,-0.05852842884036202,-0.056951448616891054,-0.05536911613334072,0.14198783181192942,,59.0,-0.06562378869258345,0.43903656098167704,0.7283311386076365,False,False,False
4541,57.20000076293945,2026-09-14,-0.0627071298616173,-0.2259810611382912,0.22663715031098608,0.4239077380409746,,90.8,0.21638247775174335,0.16054578626812754,0.7556143073829765,False,False,False
4542,252.0,2026-09-14,-0.125,-0.05794392523364489,-0.288135593220339,0.42346485608587403,,39.5,-0.2983902657795817,0.4006674453816413,0.5101214574898786,False,False,False
4543,28.0,2026-09-14,-0.0476190352617516,-0.06509520129724478,-0.1981101702238629,-0.11407972233882901,,12.2,-0.20836484278310563,0.6798417920476886,0.6383977712187187,False,False,False
4544,13.0,2026-09-14,-0.040590419409066825,-0.07473310864630989,-0.022015731990104315,-0.19665571809665783,,31.2,-0.03227040454934704,0.08261466345531297,0.7539767517315512,False,False,False
4545,33.349998474121094,2026-09-14,0.030911902539963565,0.023006136046152648,-0.06621642839214092,0.06611912605689674,,49.0,-0.07647110095138365,1.4108858484411526,0.7886015997355964,True,False,False
4546,65.30000305175781,2026-08-07,-0.010606014367305905,,,,,,,,,False,False,False
4549,95.4000015258789,2026-09-14,-0.0598260760771111,-0.008073350858262884,-0.051229039415107036,0.08139492447175889,,54.0,-0.061483711974349764,0.5498246854301494,0.7287661666745152,False,False,False
4550,24.350000381469727,2026-09-14,0.014583349227905273,-0.0020491490918950195,-0.018145115703001813,0.017978224773898654,,54.6,-0.02839978826224454,0.5909644985198252,0.9012787846924805,False,False,False
4551,156.0,2026-09-14,-0.06865671641791049,-0.03703703703703709,-0.12701943043904873,0.36916188516727755,,66.9,-0.13727410299829146,0.6537235729215006,0.5680564904058523,False,False,False
4552,15.350000381469728,2026-09-14,-0.06686932100015086,-0.13031157432127283,-0.2843822920514337,-0.2690476008823939,,3.0,-0.29463696461067646,1.592842894622517,0.621457486126935,False,False,False
4553,15.5,2026-09-14,0.0,-0.07185632982739065,-0.1193181054651179,-0.1291035143800099,,20.8,-0.12957277802436062,0.5221797421773348,0.5056818128784191,False,False,False
4554,28.299999237060547,2026-09-14,-0.04391895701538606,0.03845176422402852,0.1023830958737133,0.1852098060238263,,81.0,0.09212842331447058,0.3466592517513253,0.9449081307563557,False,False,False
4555,41.900001525878906,2026-09-14,-0.06681514249550524,-0.1378600238395038,-0.09307357502274993,0.21465933731502274,,58.7,-0.10332824758199266,0.5248376277231874,0.727541229836159,False,False,False
4556,90.4000015258789,2026-09-14,0.2822695251897718,0.058548008321578804,0.3682545192353883,2.0329641244738137,,97.6,0.3579998466761456,3.2453194212347722,0.6822641624594634,False,False,False
4557,50.5,2026-09-14,0.014056240435010414,-0.047169811320754707,0.09747814850502579,-0.15122453445417094,,60.3,0.08722347594578306,0.5983399806461768,0.6340250568374208,False,False,False
4558,17.25,2026-09-14,0.0058309261629183595,-0.03631282862472174,-0.07754014458722014,-0.08488065512415521,,31.5,-0.08779481714646287,0.7149117192346702,0.6609195305700846,False,False,False
4559,8.75,2026-09-14,0.034278955147209134,-0.05303027957314199,0.03919238963371874,0.10759492333816678,,72.0,0.02893771707447601,0.1507787834786947,0.5756579019603968,False,False,False
4560,29.0,2026-09-14,0.013986000461365,-0.09516378501294076,-0.05737311642505438,-0.06167730494090384,,36.9,-0.06762778898429711,1.1538171661135865,0.8274872671466968,False,False,False
4561,40.0,2026-09-14,-0.0521327185584205,-0.13232101249516115,-0.04241471168132849,0.19166167761984054,,66.2,-0.052669384240571215,0.3355666276261515,0.7080736013639406,False,False,False
4562,29.049999237060547,2026-09-14,-0.047541008620965663,-0.10889568721540421,-0.18053600530721758,-0.14180205180009764,,12.5,-0.1907906778664603,0.33846389972937074,0.6213903580119903,False,False,False
4563,45.0,2026-09-14,-0.0022172611420034904,0.13636368015033784,0.05882352941176472,0.02389076720894967,,69.0,0.04856885685252199,0.8408744396891235,0.6578947221656772,False,False,False
4564,15.649999618530272,2026-09-14,-0.01880878961268695,-0.13774104972694468,-0.01880878961268695,-0.2669789536812678,,26.5,-0.029063462171929677,0.22309723415288343,0.7245370065806175,False,False,False
4565,136.0,2026-09-14,-0.04895104895104896,0.11475409836065564,0.22051279663647771,0.5726871189546212,,91.9,0.210258124077235,1.197605773461253,0.9158249158249159,False,False,False
4566,62.900001525878906,2026-09-14,-0.011006241588622179,-0.16798938101287886,-0.00474682331390841,0.15513516963273477,,69.3,-0.015001495873151138,0.3987269542824045,0.8243774444309122,False,False,False
4568,38.54999923706055,2026-09-14,-0.021573661317247805,-0.022813726450530147,0.00221444876995891,-0.05612169557631197,,50.6,-0.008040223789283818,0.3665661420362672,0.9110016396973163,False,False,False
4569,152.5,2026-09-14,-0.14084507042253525,-0.046875,-0.1061682745830913,0.11889727786688709,,46.3,-0.11642294714233403,1.1762900065671973,0.7586669007743848,False,False,False
4571,149.0,2026-09-14,-0.05696202531645567,-0.11044776119402988,-0.14472781952305713,-0.07794978500303384,,20.9,-0.15498249208229986,0.530175097596732,0.6617300174403696,False,False,False
4572,142.5,2026-09-14,-0.0034965034965035446,0.017857142857142794,0.008985368389732074,0.015943854864044704,,59.4,-0.0012693041695106544,0.5309083747099892,0.8539818570187941,False,False,False
4573,588.0,2026-09-14,-0.08125000000000004,0.5038363171355498,0.5827725437415883,1.10752688172043,,97.0,0.5725178711823455,1.2972205921787971,0.8842105263157894,False,False,False
4575,22.700000762939453,2026-09-14,0.0,-0.05809126955892996,-0.17753621560889787,0.1886942912133407,,37.8,-0.1877908881681406,0.19091691838240035,0.6274540051474968,False,False,False
4576,228.0,2026-09-14,-0.07692307692307687,0.03167420814479649,0.1080913943907269,0.8603323452037535,,92.7,0.09783672183148417,1.5352054263238128,0.8042913313436075,False,False,False
4577,84.4000015258789,2026-09-14,-0.05803568121425906,0.08066585371119261,-0.05381160971505916,-0.11807728090602465,,32.8,-0.06406628227430189,1.0061056714305008,0.4662983509717067,False,False,False
4580,80.5999984741211,2026-09-14,-0.02065619094288007,0.026751572918739974,0.03686959379111143,0.05232602095586891,,68.0,0.026614921231868705,0.97491134442326,0.8769383799139963,False,False,False
4581,47.150001525878906,2026-09-14,-0.017708301544189453,-0.014628985800715588,0.005351342113934177,0.006361772209717342,,57.5,-0.004903330445308551,0.4298983098835243,0.9102999468038137,False,False,False
4582,22.350000381469727,2026-09-14,-0.03036871491367943,-0.09267173176283927,-0.10148079068336568,-0.2769728124914772,,13.6,-0.11173546324260841,0.3710008940157942,0.5355756920028542,False,False,False
4583,430.0,2026-09-14,-0.06926406926406925,-0.12867274569402232,-0.30756843800322065,-0.3061566054194106,,1.8,-0.3178231105624634,0.4923658039685667,0.53681121132263,False,False,False
4584,37.59999847412109,2026-09-14,-0.02842383119205949,-0.04568535487430203,-0.02235325028945223,-0.09807081899145431,,40.6,-0.03260792284869496,1.1669685768333522,0.7265081641944741,False,False,False
4585,298.0,2026-09-14,0.001680672268907557,-0.02454991816693941,-0.027732463295269127,-0.04671428638370789,,45.2,-0.037987135854511855,1.2761957019140313,0.4401400318365629,False,False,False
4587,40.5,2026-09-14,-0.04255317422047378,-0.08267273838573763,-0.3005181531489567,0.5697674882805253,,53.0,-0.3107728257081994,0.8629168823103198,0.5421686968482939,False,False,False
4588,54.09999847412109,2026-09-14,0.03838771705518251,0.03639842305386676,-0.018694906205102058,-0.04659153544517969,,47.0,-0.028949578764344785,1.342178539463652,0.7704570842280445,True,False,False
4590,88.30000305175781,2026-09-14,-0.014508877728817815,-0.05561494062291106,0.17938527693597783,0.1642261188278047,,84.9,0.1691306043767351,0.9688635274325456,0.9012616634445909,False,False,False
4609,4.239999771118164,2026-09-14,0.04691347442846072,-0.14516134304260941,-0.21915287197800049,-0.09401710969221488,,10.9,-0.2294075445372432,1.288104201477664,0.5492227832059183,False,False,False
4702,9.239999771118164,2026-09-14,-0.01387407855162004,-0.04938276571234812,-0.038233067652756025,-0.028615358795074597,,44.8,-0.04848774021199875,0.8471992818501985,0.9251282253022352,False,False,False
4706,36.34999847412109,2026-09-14,-0.07151987082061706,0.1288496836616444,0.1573380312182222,0.23735637090692552,,85.6,0.14708335865897948,3.41136875815443,0.9284801291793829,False,False,False
4707,26.100000381469727,2026-09-14,-0.07773847755832408,-0.14438668554062883,0.3115240185554362,1.5306874999017515,,96.8,0.3012693459961935,0.46244477688316116,0.5989293351012448,False,False,False
4711,16.200000762939453,2026-09-14,-0.018181771943063474,-0.02994011839266486,-0.027363672623513025,0.010952274791580674,,51.7,-0.03761834518275575,0.4848423046929016,0.8992298470757893,False,False,False
4714,11.399999618530272,2026-09-14,0.08056866468513313,0.09090907431623596,-0.11915753439748344,-0.24503315691832617,,13.2,-0.12941220695672617,1.5985387973918515,0.5328295200999317,False,False,False
4716,16.549999237060547,2026-09-14,-0.03498544576184348,-0.06497183481973612,-0.026470633114085484,0.16961128503405276,,67.1,-0.03672530567332821,0.1851109495341552,0.683884244433813,False,False,False
4720,18.25,2026-09-14,-0.0108401493045569,-0.02406421094010247,-0.22174842617308443,0.08545617264644223,,21.7,-0.23200309873232716,0.21875504023963852,0.6249596102571887,False,False,False
4721,71.19999694824219,2026-09-14,-0.00140261008745024,-0.04172282605905331,-0.25539641216055065,0.034463318294308154,,13.7,-0.2656510847197934,0.4198683957303454,0.726172838660801,False,False,False
4722,190.0,2026-09-14,-0.050000000000000044,-0.0640394088669951,-0.20526309978052548,-0.021862271850685344,,16.7,-0.2155177723397682,0.6830435168498415,0.6223062369759806,False,False,False
4729,18.299999237060547,2026-09-14,-0.03174605257036445,-0.05912604014238132,-0.16438358192589453,-0.10731711038729042,,16.5,-0.17463825448513726,0.24626886921993327,0.6727940707264488,False,False,False
4738,6.840000152587891,2026-09-14,0.09265174161337919,-0.007256852665689317,-0.06301370220932367,0.32815534483983044,,72.8,-0.0732683747685664,2.3401033304415293,0.3697297379777238,False,False,False
4739,77.30000305175781,2026-09-14,-0.06303026603929929,-0.13340800788804152,-0.32818092833468215,-0.0034397128625156537,,6.7,-0.3384356008939249,0.8967064785482124,0.5994693218168066,False,False,False
4741,37.09999847412109,2026-09-14,-0.09290960660119829,-0.13720933781113753,-0.48588838294079784,0.6714392979968076,,26.9,-0.49614305550004056,0.3973703059154804,0.4601616385591786,False,False,False
4749,709.0,2026-09-14,-0.09911054637865313,-0.09911054637865313,-0.24332977588046956,-0.2334562068387318,,5.2,-0.2535844484397123,0.808394264496293,0.6086683869972518,False,False,False
4754,37.5,2026-09-14,-0.03350513563461177,-0.018324626936096156,0.013433478067325977,0.05086896806514574,,63.3,0.003178805508083249,1.1668229365211678,0.9664948643653882,False,False,False
4755,111.5,2026-09-14,-0.03879310344827591,-0.05508474576271183,-0.2045977747176163,-0.2513861457040676,,6.6,-0.21485244727685904,0.5638292078822099,0.6757399533666577,False,False,False
4760,255.5,2026-09-14,-0.062385321100917435,-0.0015606458460900585,-0.3318136997671547,0.4653863374058036,,35.1,-0.3420683723263974,0.7324851760394749,0.5568219168607044,False,False,False
4763,49.34999847412109,2026-09-14,-0.024703558057206254,-0.0417476024442508,0.10156248469970008,0.06357751834548675,,76.4,0.09130781214045736,0.561145755267768,0.7398800709453655,False,False,False
4764,207.5,2026-09-14,-0.08991228070175439,-0.09805370852878437,-0.32078559738134205,0.31088690907054284,,23.9,-0.3310402699405848,0.26813901955738373,0.5766759441073777,False,False,False
4765,15.699999809265137,2026-09-14,-0.05705704690874913,-0.0654761593898664,-0.0764705994549919,0.31380753638945924,,70.4,-0.08672527201423463,0.2096710317971276,0.5040128411406348,False,False,False
4766,333.5,2026-09-14,-0.03193033381712629,-0.013313609467455634,-0.04115559753082909,0.08669027830301301,,56.4,-0.05141027009007182,0.35025285981554033,0.8255774309355681,False,False,False
4767,27.75,2026-09-14,-0.04475040520490181,-0.008928571428571397,0.060779822701152675,0.12257284671559887,,75.1,0.05052515014190995,1.0125063523345603,0.9327731092436975,False,False,False
4768,301.0,2026-09-14,-0.0066006600660065695,0.02803379456309374,-0.20011989481954462,-0.31921317762173185,,5.3,-0.21037456737878735,0.5969518739704269,0.5694313358217072,False,False,False
4770,224.5,2026-09-14,-0.060669456066945626,0.027459954233409523,0.0490654205607477,-0.11021557122992254,,55.1,0.03881074800150497,1.705266099190584,0.7496722407563231,False,False,False
4772,238.5,2026-09-14,-0.04790419161676651,-0.0610236220472441,-0.12343507362033723,-0.27173611303307144,,11.5,-0.13368974617957996,0.7187003468996213,0.6411046812432881,False,False,False
4903,34.79999923706055,2026-09-14,-0.046575363368204226,-0.0569106287799358,-0.11224493470007191,-0.2036613585926229,,17.1,-0.12249960725931464,0.6214444260322501,0.6541353146239645,False,False,False
4904,106.0,2026-09-14,0.03921568627450989,0.07070707070707072,-0.021593056859033344,0.1772276089301188,,68.5,-0.03184772941827607,0.26534845511634086,0.9784069431409667,True,False,False
4905,77.5,2026-09-14,-0.08608493855008759,-0.0695149653663154,0.13235747880664417,0.2898867478703957,,85.7,0.12210280624740144,0.7988150835890494,0.8025669932346459,False,False,False
4906,35.5,2026-09-14,-0.03532606695685314,-0.022038546938694892,-0.16345720118405427,0.24826742271827418,,47.4,-0.173711873743297,0.43291248230581064,0.6720540594761407,False,False,False
4907,44.04999923706055,2026-09-14,-0.021111128065321227,-0.009806288942309394,0.1085339536098211,0.11670497345473518,,79.4,0.09827928105057837,0.8852650554885831,0.8964475504367287,False,False,False
4908,225.5,2026-09-14,0.011210762331838486,0.4644416982304558,0.14640636386301864,1.1721383381615347,,94.9,0.1361516913037759,2.0441119520729774,0.773384836613046,False,False,False
4909,33.599998474121094,2026-09-14,-0.08196721653202299,-0.13846157758663857,-0.32530122512298376,-0.46240002441406247,,0.8,-0.3355558976822265,0.6465032047539147,0.4813753152590289,False,False,False
4911,28.5,2026-09-14,-0.027303728938281147,-0.01213172883333935,0.01830191965844641,-0.0746735253735763,,52.4,0.00804724709920368,0.3433053427178058,0.6103970303302887,False,False,False
4912,88.30000305175781,2026-09-14,-0.12714759786545304,-0.024852750436318405,0.0026007403559848985,-0.011855522758730919,,55.5,-0.007653932203257829,1.0679409271501656,0.7810637925405193,False,False,False
4915,64.5999984741211,2026-09-14,0.07308966205014378,0.06075528498418681,-0.09006381722979229,-0.05640864195742323,,31.8,-0.10031848978903501,1.5316622894384155,0.7748275357508664,True,False,False
4916,93.9000015258789,2026-09-14,-0.03295568484581435,-0.11415092900114243,-0.0462440252028512,0.5816053003484756,,84.3,-0.05649869776209393,0.21127443467936438,0.7584083633770856,False,False,False
4919,113.0,2026-09-14,-0.07755102040816331,-0.08130081300813008,-0.3825136612021858,0.3372781065088757,,17.2,-0.3927683337614285,0.32856731728650723,0.5159817351598174,False,False,False
4923,52.09999847412109,2026-09-14,0.023575577844178852,0.0019230475792517687,0.08995814447056816,0.5256221419094127,,88.4,0.07970347191132543,0.9582554939321756,0.7834586236709938,False,False,False
4924,12.300000190734863,2026-09-14,-0.061068715071679325,0.2589559482528727,0.029288735318502956,0.1714285895937966,,74.1,0.01903406275926023,2.521798280138421,0.848275875223094,False,False,False
4925,119.0,2026-09-14,0.0,0.008474576271186418,-0.19594594594594594,0.2948857238755298,,46.0,-0.20620061850518867,1.2671924207033831,0.5721153846153846,False,False,False
4927,41.150001525878906,2026-09-14,-0.04302322032839756,0.2338831606787164,-0.1703628469394205,-0.08657042790742808,,17.3,-0.18061751949866323,0.8450622597557712,0.6647819145638483,False,False,False
4930,15.800000190734863,2026-09-14,-0.024691392183120553,-0.021671791706659005,-0.09971504970952871,-0.20543122912383704,,18.6,-0.10996972226877144,0.9177763249672511,0.6887382581930022,False,False,False
4931,231.5,2026-09-14,-0.06464646464646462,-0.11977186311787069,-0.06595371344986578,0.6025931200054253,,83.6,-0.07620838600910851,0.688122179410809,0.8267857142857142,False,False,False
4933,51.20000076293945,2026-09-14,-0.046554934161664896,-0.06909089521928269,-0.19839383406196998,-0.11401427106737017,,12.1,-0.2086485066212127,0.6694898474878564,0.6915010700879255,False,False,False
4934,13.5,2026-09-14,-0.007352969019470135,-0.05594406853597056,-0.21965314477702869,-0.29687502793967613,,4.8,-0.22990781733627141,0.401628531817571,0.6506024096385542,False,False,False
4935,31.850000381469727,2026-09-14,-0.037764294570244994,-0.08739257911342946,-0.2159781991386479,-0.08420982491008588,,11.7,-0.22623287169789064,1.0579173364725845,0.6993306707916463,False,False,False
4938,90.1999969482422,2026-09-14,-0.03632480321908271,-0.048523269572092076,0.08674695118364095,0.2241476122291195,,81.3,0.07649227862439822,0.5369801744117026,0.9454926153620017,False,False,False
4939,80.5999984741211,2026-09-14,-0.138888891153073,0.31270352558785786,0.24767802442610942,1.5187903377175838,,96.5,0.2374233518668667,0.7294539290645887,0.861111108846927,False,False,False
4942,31.700000762939453,2026-09-14,-0.03939391627456201,-0.0537313205092701,-0.1117953011956504,-0.11297018115552182,,23.3,-0.12204997375489313,0.9772929745486775,0.8079452562767451,False,False,False
4943,7.349999904632568,2026-09-14,0.1119515516143752,-0.14335664685439753,-0.189636146423816,-0.38493723665719826,,4.2,-0.19989081898305872,1.1401410363266875,0.40833332803514266,False,False,False
4949,72.5999984741211,2026-09-14,-0.05958547481815457,0.03862656493995309,-0.14688601908496213,0.11905669661064078,,37.1,-0.15714069164420486,0.6365335716864685,0.6722222080937138,False,False,False
4950,16.399999618530273,2026-09-14,0.02499997615814209,-0.020895545162371687,0.018633492543629337,0.08970095752068508,,68.0,0.00837881998438661,0.6113008213253365,0.6235741480714674,True,False,False
4951,81.0,2026-09-14,0.021437539505926972,0.022727312135303768,-0.1717791669481532,0.20586758076442102,,41.1,-0.18203383950739593,0.9394414979915192,0.601211207474549,False,False,False
4952,47.20000076293945,2026-09-14,-0.06719363268203515,-0.09055877889706598,-0.1423559086598979,0.0853801542017043,,34.8,-0.15261058121914062,0.34121727370144356,0.7853577697387739,False,False,False
4953,120.5,2026-09-14,0.004166666666666652,-0.051181102362204745,-0.06912569397809898,0.07869554283925284,,49.8,-0.0793803665373417,0.8101107798081125,0.8787974152493523,False,False,False
4956,33.400001525878906,2026-09-14,-0.04843296359387539,0.11333338419596362,-0.10575628138188653,0.02927583175974635,,36.5,-0.11601095394112926,0.6186051398143241,0.6106033100553118,False,False,False
4958,489.5,2026-09-14,-0.022954091816367317,0.0,-0.2155448717948718,1.5081220712886507,,92.7,-0.22579954435411453,0.5972075806763845,0.7577399380804953,False,False,False
4960,19.950000762939453,2026-09-14,-0.04999996366954984,-0.08695650276242561,-0.3383084240346681,-0.21917802901529004,,2.1,-0.3485630965939108,0.4351057182542937,0.4438264832998158,False,False,False
4961,178.0,2026-09-14,0.07552870090634434,0.08868501529051986,0.11152995961566514,0.3150494679167899,,85.3,0.10127528705642241,1.8925528116842685,1.0,True,True,False
4966,537.0,2026-09-14,-0.051236749116607805,-0.043294728937377625,-0.17375452637616906,0.06844556988711137,,28.8,-0.1840091989354118,0.3864285268431464,0.6268069252334904,False,False,False
4967,273.5,2026-09-14,-0.014414414414414378,0.02672836168964987,0.02672836168964987,0.3541981277049442,,81.8,0.016473689130407143,0.95401347696992,0.927258789589222,False,False,False
4968,89.0,2026-09-14,-0.014396489566148363,-0.056203636057666095,-0.15611475656625018,-0.1317718773740073,,15.8,-0.1663694291254929,0.4441620529955588,0.5423166529414757,False,False,False
4971,531.0,2026-09-14,-0.12950819672131153,0.10624999999999996,-0.027199793898261437,0.14681397720662304,,65.0,-0.037454466457504165,1.015582157323627,0.6102312928376573,False,False,False
4972,16.25,2026-09-14,-0.015151515151515138,-0.021084359844980805,-0.035608330438351765,-0.09217875160299871,,38.5,-0.04586300299759449,0.5695645349511714,0.8248730645011063,False,False,False
4973,138.0,2026-09-14,-0.0830564784053156,-0.13479623824451414,-0.27176781002638517,0.8916086029592778,,79.8,-0.2820224825856279,0.4384173173729968,0.6571428571428571,False,False,False
4974,70.80000305175781,2026-09-14,-0.013927576009699294,0.01870507988140746,-0.03146368632521279,0.022035008608096263,,52.1,-0.04171835888445552,1.8537415119484477,0.9098604662654739,False,False,False
4976,35.0,2026-09-14,-0.05913980424245602,-0.07407405538557055,-0.08015766880988162,0.18443319470899544,,58.1,-0.09041234136912435,0.3371386574592213,0.7625272077663577,False,False,False
4977,167.0,2026-09-14,-0.0696378830083565,0.15972222222222232,-0.059940020726047316,-0.0877374780655471,,34.1,-0.07019469328529004,1.0497038695027405,0.6272858409684694,False,False,False
4979,547.0,2026-09-14,-0.07288135593220335,0.04789272030651337,-0.03199706727573548,0.28764798461612284,,74.0,-0.04225173983497821,0.8687343076300788,0.7657739008699801,False,False,False
4980,37.900001525878906,2026-09-14,-0.0524999618530273,-0.09976240143628323,-0.09330138235322838,0.4804687875439406,,78.0,-0.10355605491247111,0.6720500682401461,0.7084112434743721,False,False,False
4989,60.0,2026-09-14,-0.02912620160650603,-0.07407411768057937,-0.2376111521394394,-0.10979230502001702,,9.0,-0.24786582469868212,0.33937278783366187,0.5150214592274678,False,False,False
4991,445.0,2026-09-14,-0.09919028340080971,-0.03260869565217395,-0.24190800681431002,0.2936046511627908,,35.9,-0.25216267937355274,0.48644333001498535,0.5114942528735632,False,False,False
4994,81.0,2026-09-14,-0.008567894423369915,-0.04817859632944532,-0.12903225806451613,-0.13077695131463363,,19.2,-0.13928693062375885,0.5716173946866575,0.7980295566502463,False,False,False
4995,51.20000076293945,2026-09-14,0.028112480870020606,0.009861932790452554,0.1377777947319878,0.3177509414489261,,86.5,0.12752312217274508,0.5023046845150515,1.0,True,True,False
4999,17.899999618530273,2026-09-14,-0.024523201830223162,-0.050397917438417705,-0.12009667281911895,-0.1798186062722399,,17.9,-0.13035134537836168,0.8366271192812067,0.6840003513018393,False,False,False
5007,55.70000076293945,2026-09-14,-0.015901020060859805,-0.007130084172215279,-0.008896797032246995,0.05434785905174255,,59.7,-0.019151469591489723,1.4229379002469618,0.9521367651784521,False,False,False
5009,31.850000381469727,2026-09-14,-0.027480904382603755,-0.024502330996067023,-0.042192062523703444,0.0059171052267761315,,47.5,-0.05244673508294617,0.49739147432398706,0.8230229644015599,False,False,False
5011,18.100000381469727,2026-09-14,-0.008219157179740977,0.008356524354025119,-0.08585853136846877,0.29285717010498047,,67.4,-0.0961132039277115,0.21826884937308816,0.6779026166393661,False,False,False
5013,29.0,2026-09-14,0.024735009957977727,0.07795266334780648,0.07599982194469379,0.024055037440724458,,71.4,0.06574514938545106,1.81862022367283,0.925158795778297,False,False,False
5014,9.81999969482422,2026-09-14,-0.018000030517577925,-0.02772283921485974,-0.07298596904280286,-0.02001369332919367,,37.8,-0.08324064160204558,0.6354723718115218,0.8646938096853618,False,False,False
5015,21.850000381469727,2026-09-14,-0.006818164478648803,0.00229363055775611,-0.05705815331545605,-0.15188913318466324,,29.9,-0.06731282587469878,0.5503695668625918,0.7363334841906134,False,False,False
5016,24.450000762939453,2026-09-14,-0.006097545374156299,0.0,0.014272787751921534,0.028616084675750386,,61.7,0.004018115192678806,0.41668066687090494,0.7881810611756924,False,False,False
5201,29.950000762939453,2026-09-14,0.0930657364930998,0.15860736251318452,0.07927930677259298,-0.23199897876536257,,48.4,0.06902463421335026,3.096696430307215,0.6100053547864581,True,True,False
5202,12.899999618530272,2026-09-14,0.09787230796002322,0.06648136437028507,-0.09532960076639929,-0.10763801477639356,,27.0,-0.10558427332564202,1.209339522508121,0.6575298290560398,True,False,False
5203,57.70000076293945,2026-09-14,-0.008591065179476609,-0.05409834814853354,-0.12669943540950301,-0.05952244384119909,,25.7,-0.13695410796874574,0.7514529649052577,0.5877984817361988,False,False,False
5205,19.75,2026-09-14,-0.019851098069621376,-0.09817350027308192,-0.23597680044300662,-0.316608987519274,,3.8,-0.24623147300224935,0.767774793612733,0.5774853672343166,False,False,False
5206,22.100000381469727,2026-09-14,-0.04121470225748991,-0.00451102173933593,0.03942102348132637,-0.1375017055659774,,50.0,0.02916635092208364,0.6840249563716045,0.6485986637264274,False,False,False
5209,173.0,2026-09-14,0.12337662337662336,0.06461538461538452,0.08452682292976954,0.11027222299203898,,77.1,0.07427215037052681,4.571709015330084,1.0,True,True,False
5210,28.450000762939453,2026-09-14,0.014260304340772079,-0.013864804618414883,-0.04047213730285726,0.3356808348348854,,75.8,-0.050726809862099986,0.7537754567265663,0.8556391206899083,False,False,False
5211,20.399999618530277,2026-09-14,0.05974023992365085,0.04615382659129619,0.08799997965494821,-0.10722103816358286,,62.6,0.07774530709570548,1.7481314864667197,0.6355140370170635,False,False,False
5212,46.79999923706055,2026-09-14,-0.004255335381690539,0.0021412949140773296,-0.006369410759649474,-0.0652959729220648,,47.7,-0.016624083318892202,1.5642882085903853,0.8747662785063927,False,False,False
5213,20.549999237060547,2026-09-14,-0.014388543833112055,-0.019093150897946942,-0.10457522640933947,-0.15634196576433412,,21.0,-0.1148298989685822,1.1273205413975382,0.8299276937075007,False,False,False
5215,37.5,2026-09-14,-0.038461538461538436,-0.08536585365853655,-0.10111044461675767,0.06022879086743349,,40.8,-0.1113651171760004,0.3608017817371938,0.780943839076506,False,False,False
5220,19.700000762939453,2026-09-14,0.0025445875511378446,-0.01990047815616136,-0.05278674079682588,0.004331711028287222,,45.3,-0.06304141335606861,0.7245084220984773,0.807523225391218,False,False,False
5222,102.0,2026-09-14,-0.033175355450236976,-0.08783252847831746,-0.0026968787505603498,-0.15323322754246282,,39.1,-0.012951551309803078,0.3398882004147013,0.7258001103791468,False,False,False
5223,23.450000762939453,2026-09-14,0.0,-0.002127627108959418,-0.08219172355492765,-0.2196338982259055,,19.7,-0.09244639611417038,0.5628222945385805,0.7726524042239193,False,False,False
5225,53.09999847412109,2026-09-14,-0.05851069082407079,-0.12950822173571985,-0.2795115241129251,-0.38196617736967764,,1.7,-0.28976619667216785,0.9704687699121912,0.504142890742407,False,False,False
5227,29.5,2026-09-14,-0.026402615749311686,-0.11940298507462688,-0.14008273533211446,0.11954457582268074,,38.9,-0.1503374078913572,0.37818952340728507,0.7091346413955192,False,False,False
5228,39.5,2026-09-14,-0.08881196331343455,-0.08986178315116833,-0.45290856413309466,0.8287036714076348,,47.8,-0.4631632366923374,0.4059513571833071,0.5183727241725461,False,False,False
5230,18.450000762939453,2026-09-14,0.03651694122129889,0.03651694122129889,-0.05679549240730786,0.13923198790989133,,58.5,-0.06705016496655058,1.0530931054082286,0.7687500317891439,False,False,False
5234,282.5,2026-09-14,-0.06456953642384111,-0.13476263399693722,-0.2728442728442728,-0.2809429483206485,,3.3,-0.28309894540351555,0.660892070762166,0.6114718614718615,False,False,False
5236,130.0,2026-09-14,-0.054545454545454564,-0.054545454545454564,-0.1849529780564263,0.06048310429502446,,26.0,-0.19520765061566903,0.5080325684052414,0.724233983286908,False,False,False
5240,17.5,2026-09-14,0.008645510964396141,-0.028750860491228436,-0.2205366914929957,-0.36701297172764547,,3.6,-0.23079136405223843,0.5179347506353332,0.5724738430510058,False,False,False
5243,86.30000305175781,2026-09-14,-0.07261722402208237,-0.01148248430228438,-0.16535548109119114,0.21695081336517275,,43.7,-0.17561015365043386,0.578486072569957,0.6553505308439912,False,False,False
5244,33.5,2026-09-14,-0.021897810218978075,0.019786957566861663,-0.10409727115536349,-0.06963954325187516,,28.9,-0.11435194371460622,0.7173511951164667,0.6666362516953753,False,False,False
5245,21.75,2026-09-14,-0.04605259965771458,-0.07643309109869922,-0.15860736251318452,-0.15039063766016603,,14.3,-0.16886203507242725,0.6898301728698154,0.641592891475131,False,False,False
5248,33.5,2026-09-14,-0.15404037144363736,-0.12303666672957925,0.04037264615710123,0.6666666350356782,,89.0,0.030117973597858505,0.7556273690169124,0.335,False,False,False
5251,26.5,2026-09-14,0.015325655658390724,0.031128374058812636,-0.12106134874665064,-0.1311475409836066,,20.4,-0.13131602130589337,0.5333830982056172,0.5638297872340425,False,False,False
5254,38.45000076293945,2026-09-14,-0.11912945203121039,0.07204171751526833,-0.059458688241102786,0.2779418155331219,,70.3,-0.06971336080034551,1.5847024371848935,0.6964561805094143,False,False,False
5258,42.29999923706055,2026-09-14,-0.07843141980700463,-0.12058210854582607,-0.14111676676019191,-0.04081631064265956,,24.5,-0.15137143931943464,0.8614599538436024,0.5409207274657238,False,False,False
5262,42.5,2026-09-14,-0.007009328093650513,-0.058693276551939566,-0.06046663971472088,-0.27320612326868066,,19.0,-0.07072131227396361,0.5752033446213677,0.659107764289842,False,False,False
5263,91.1999969482422,2026-09-14,-0.11456313642483296,0.015590131947740282,-0.11456313642483296,-0.08708713157910197,,25.5,-0.12481780898407568,1.6272947132012971,0.7295999755859376,False,False,False
5267,47.09999847412109,2026-09-14,-0.1420765543709691,-0.0027961646000119744,-0.02005932828369905,0.8541457758354458,,90.1,-0.03031400084294178,0.9802767759844867,0.49450239257483564,False,False,False
5269,1365.0,2026-09-14,-0.05208333333333337,-0.010869565217391353,0.02063601360789602,0.16403113318588214,,73.2,0.010381341048653292,0.515733074794679,0.8614542355904089,False,False,False
5271,14.328359603881836,2026-09-11,0.019108417643621367,-0.10697670161163397,-0.3469386992215533,-0.32867123555644684,,1.0,-0.357193371780796,0.6876459813099169,0.18934913912308526,False,False,False
5272,16.799999237060547,2026-09-14,0.002985029078241608,-0.06145253658726302,-0.1942446556503944,-0.2131148038928493,,7.9,-0.20449932820963712,0.43173163302303136,0.6210720780370033,False,False,False
5274,17980.0,2026-09-14,-0.06427270361696591,0.016393442622950838,0.09442145549959924,0.9299875918646994,,93.0,0.08416678294035651,1.0329737760167705,0.9354838709677419,False,False,False
5278,23.5,2026-09-14,-0.01595546325920938,-0.02802973317844837,-0.0179886568819162,-0.017108348673438245,,50.5,-0.028243329441158926,0.28942118044896775,0.68963979313887,False,False,False
5283,53.59999847412109,2026-09-14,-0.00924214443812188,0.08544321081089512,0.19108745028488405,0.11255220537781296,,84.4,0.18083277772564132,0.45494883713801326,0.9681095241353227,False,False,False
5284,297.0,2026-09-14,-0.06750392464678179,0.010204081632652962,-0.21724168245050157,0.13936462434177233,,27.3,-0.2274963550097443,0.4450200485609806,0.6551346513266683,False,False,False
5285,87.5,2026-09-14,-0.002280466992036767,0.12757734175961954,0.010360761199285307,0.8955058753608367,,91.2,0.00010608864004257867,0.5434321881614356,0.8064516129032258,False,False,False
5287,134.5,2026-09-14,-0.011029411764705843,-0.011115176029085183,0.04270164375948782,-0.057931202388722514,,58.6,0.03244697120024509,0.7037210860910509,0.8744064127559927,False,False,False
5288,182.5,2026-09-14,-0.04450261780104714,-0.03183023872679047,0.03232319413656115,0.3739282268069659,,82.5,0.022068521577318423,0.7904491496063619,0.9240506329113924,False,False,False
5289,1290.0,2026-09-14,-0.08185053380782914,-0.09767071087735912,-0.3192144651465002,0.255599754765673,,19.8,-0.32946913770574293,0.5726972658552535,0.6688119336673909,False,False,False
5291,57.5,2026-09-14,-0.15565343188883085,0.028622512172568948,-0.09191369984765907,-0.015410984629513846,,34.9,-0.1021683724069018,0.8638588336883656,0.7296954032125171,False,False,False
5292,215.5,2026-09-14,-0.020454545454545503,0.11658031088082899,0.08770227088045601,0.3611471216761519,,85.3,0.07744759832121328,0.43223669195471853,0.8941908713692946,False,False,False
5299,93.0,2026-09-14,-0.039256228635922485,-0.07462686567164178,-0.07204392181223163,0.24247676337229862,,65.3,-0.08229859437147435,0.21125074560615914,0.6787523607974487,False,False,False
5302,9.65999984741211,2026-09-14,-0.05756099049637953,-0.11376145087290934,-0.23937007933143672,-0.13749999893563136,,7.6,-0.24962475189067945,0.38904003614037236,0.625242716289171,False,False,False
5309,49.20000076293945,2026-09-14,-0.04280156999279072,-0.09890105974528707,-0.2645739964010698,-0.19488967369506893,,5.1,-0.27482866896031255,0.3848842374404887,0.6014669795526638,False,False,False
5310,25.0,2026-09-14,0.061571159656667485,-0.005964199634411083,0.004016079638623937,-0.07407407407407407,,49.0,-0.006238592920618791,0.7463268117235926,0.5787036934834288,False,False,False
5314,37.95000076293945,2026-09-14,0.07812499830668629,1.3425925293631598,1.7921994176956582,0.9476453453855294,,98.6,1.7819447451364154,1.1898154515027186,0.8108974654189128,False,False,False
5315,18.049999237060547,2026-09-14,-0.032171602881620465,-0.04497356606485625,-0.1510051817636443,-0.1565420766909249,,15.0,-0.16125985432288703,0.78846868417494,0.7563170355984729,False,False,False
5321,71.80000305175781,2026-09-14,-0.073548347719254,0.12893089267876823,0.9671233712810359,1.9010102243134468,,98.4,0.9568686987217931,1.204694408417322,0.8281430862635518,False,False,False
5324,12.25,2026-09-14,-0.004065056094269548,0.0,0.008230484329992516,0.13425923922752037,,69.9,-0.0020241882292502122,0.6098635701885818,0.9879032561979989,False,False,False
5328,54.0,2026-09-14,-0.10505185862731392,-0.19161671107058342,0.061002937966322834,0.9505691822278786,,92.6,0.050748265407080106,0.1595958722843747,0.6592639413057656,False,False,False
5340,84.30000305175781,2026-09-14,0.038177416502756856,0.09622888659356676,-0.047457592635504975,-0.2747572923866177,,20.7,-0.0577122651947477,2.244067603555912,0.6332343062697439,False,False,False
5344,13.149999618530272,2026-09-14,-0.029520337016533893,-0.05054156993930525,-0.1570513271172519,-0.060714312962123484,,20.1,-0.16730599967649462,0.3822687841387983,0.6957671896266873,False,False,False
5345,20.549999237060547,2026-09-14,-0.057339451548005904,-0.07223478144582895,-0.3295269333498949,-0.10845987343810481,,4.1,-0.33978160590913764,0.44136335964405843,0.5813295650381631,False,False,False
5347,159.5,2026-09-14,0.022435897435897356,-0.006230529595015577,-0.047959368153474236,0.4075427950632684,,78.9,-0.05821404071271696,0.5216095606456848,0.7421589037765715,False,False,False
5348,15.550000190734863,2026-09-14,-0.06325302208468375,-0.05471127844761081,-0.06325302208468375,-0.09855071358058765,,32.9,-0.07350769464392648,0.0699495105361265,0.7833753094156624,False,False,False
5351,106.0,2026-09-14,-0.10548523206751059,-0.20300751879699253,0.16997794464949956,0.5121255678647718,,90.5,0.15972327209025683,0.574756977409207,0.7822878228782287,False,False,False
5353,27.600000381469727,2026-09-14,-0.014285700661795464,-0.021276608696346178,-0.08960705506687505,0.1583454455027622,,54.1,-0.09986172762611778,0.42629694048158245,0.835639264789159,False,False,False
5355,5.949999809265137,2026-09-14,-0.008333365122477177,0.05871884883023015,-0.15000002724783756,-0.17590027947809705,,13.7,-0.1602546998070803,0.9190596616400668,0.6134020542538448,False,False,False
5356,25.850000381469727,2026-09-14,-0.007677499479780692,-0.0019304725018134405,-0.0035778383119109414,0.12981745149015378,,67.8,-0.01383251087115367,0.40477105314795964,0.9703832466961807,False,False,False
5371,83.5,2026-09-03,0.0,-0.07734806629834257,,,,,,,,False,False,False
5381,22.850000381469727,2026-09-14,-0.06734692320531732,-0.04989600389432225,-0.1882770624825062,-0.2261951944449253,,7.9,-0.19853173504174892,0.5530842644855655,0.5712500095367432,False,False,False
5386,302.0,2026-09-14,0.16377649325626198,0.15930902111324374,-0.08674830552231994,0.32090602245474664,,69.5,-0.09700297808156266,1.845760389242274,0.7684866260252442,False,False,False
5388,71.0,2026-09-14,-0.05710495189226206,-0.11027572324840873,-0.15676956563735078,-0.07050772280328943,,19.6,-0.1670242381965935,0.585014688320111,0.694255881315752,False,False,False
5392,39.70000076293945,2026-09-14,-0.05924170509009874,-0.1003150806919344,-0.0736730094474144,0.011586014317178428,,41.3,-0.08392768200665712,0.20306262109542883,0.6963314444208701,False,False,False
5398,14.25,2026-09-14,-0.01041664045166002,0.014234861676160282,-0.2148760165564172,-0.3065693173213807,,4.7,-0.22513068911565992,1.5411634516404429,0.46492659632480976,False,False,False
5403,93.1999969482422,2026-09-14,-0.0053361794694207765,0.024175790640024175,-0.016877700970558407,-0.10201034724580649,,41.3,-0.027132373529801135,0.5956517208548104,0.7970109260329136,False,False,False
5410,33.099998474121094,2026-09-14,-0.07282919420879819,-0.07282919420879819,-0.23867730960825995,0.13644937613570063,,22.8,-0.24893198216750267,0.9060878584112325,0.7327731345078466,False,False,False
5425,90.0999984741211,2026-09-14,-0.02489180750839748,0.05380115174410638,-0.06108801999435676,0.5331403577417988,,81.8,-0.07134269255359948,0.4408453615004235,0.6409378208871628,False,False,False
5426,27.75,2026-09-14,-0.031413599668887016,-0.008928571428571397,-0.26098533784757816,0.360294143083874,,38.7,-0.2712400104068209,0.30905138293366724,0.6998738696614685,False,False,False
5432,147.0,2026-09-14,-0.1063829787234043,0.0808823529411764,0.05003994139966128,-0.019269719884191128,,63.7,0.03978526884041855,0.7577179537695359,0.8031385940019241,False,False,False
5434,539.0,2026-09-14,-0.003696857670979714,0.03454894433781197,0.17392034029558645,0.6890810492375827,,92.2,0.16366566773634372,0.3906994588718059,0.9043624161073825,False,False,False
5438,16.399999618530273,2026-09-14,-0.026706276127704265,-0.04373177939838779,-0.10127238660183135,-0.162949779554877,,21.0,-0.11152705916107408,0.32702876251067126,0.5654246292556995,False,False,False
5439,246.5,2026-09-14,-0.06095238095238098,-0.002024291497975672,-0.21358435999757375,-0.07438305951508806,,12.5,-0.22383903255681648,0.5461921356108003,0.574448600072982,False,False,False
5443,102.5,2026-09-14,-0.14583333333333337,-0.03301886792452835,0.006876273174005965,-0.01212141889896623,,56.2,-0.0033783993852367633,0.9909951023200454,0.7615646049499251,False,False,False
5450,14.399999618530272,2026-09-14,-0.020408176505266384,-0.030303080900993207,0.024974997578330438,-0.02285717207071747,,58.6,0.01472032501908771,0.15717854907015208,0.7817142522259154,False,False,False
5452,25.850000381469727,2026-09-14,-0.039033429440543554,-0.040816339529845314,-0.2314871803246673,-0.21410002899391123,,5.9,-0.24174185288391004,0.33306294253234886,0.6603950428630667,False,False,False
5455,29.600000381469727,2026-09-14,0.003389843439651763,0.025996533451754233,0.10037177699733246,0.24631580553556742,,82.9,0.09011710443808973,0.45094947501033134,0.9441786290683943,False,False,False
5457,24.5,2026-09-14,-0.09926473114729684,-0.1025640774839095,-0.32759987126826096,-0.23282539767482302,,2.2,-0.3378545438275037,0.8941848571166364,0.5000731906188935,False,False,False
5460,16.600000381469727,2026-09-14,0.02469133331433837,0.031055899885286564,0.07443369491273066,0.14482761251515353,,77.9,0.06417902235348794,1.0089150259278765,0.8601036807086403,False,False,False
5464,89.0999984741211,2026-09-14,0.16623032322768116,0.1816975685808182,0.27285712105887283,2.222423135746038,,97.6,0.2626024484996301,2.2764735808279957,0.8288371951081032,False,False,False
5465,24.25,2026-09-14,-0.0020575818366401766,-0.018218653807276275,-0.02746404006663483,-0.059762263170019314,,43.5,-0.03771871262587756,0.7737136815252678,0.7238762282824047,False,False,False
5468,25.0,2026-09-14,0.014198798656638312,-0.17627678135833513,-0.04761904761904767,0.6129032258064515,,84.7,-0.0578737201782904,0.9781336975345427,0.6887052486347219,False,False,False
5469,72.30000305175781,2026-09-14,0.0,-0.024291436699447666,-0.13009362835868188,-0.14993179006409796,,18.4,-0.1403483009179246,0.2918036561301246,0.6686186051325803,False,False,False
5471,51.09999847412109,2026-09-14,-0.16229510698162153,-0.1264957525791267,-0.1002303032362889,0.24367215883580395,,60.2,-0.11048497579553163,0.5057827208604255,0.765336691266498,False,False,False
5474,151.5,2026-09-14,-0.003289473684210509,-0.0619195046439629,-0.11062963190219766,0.07031127377845703,,39.8,-0.12088430446144038,0.9396208705296849,0.7838137825869894,False,False,False
5475,176.0,2026-09-14,-0.09278350515463918,0.032258064516129004,-0.2364425162689805,-0.12871287128712872,,8.0,-0.24669718882822322,1.0335895338549215,0.44,False,False,False
5478,96.8000030517578,2026-09-14,-0.011235939294958364,-0.02517623286171433,-0.08679242404002074,-0.07247386917506793,,30.8,-0.09704709659926347,0.7003505877500517,0.9033298503811453,False,False,False
5481,21.200000762939453,2026-09-14,0.05735668676501682,0.08717952630458736,-0.03196341862026941,-0.02304147384427424,,46.8,-0.04221809117951214,0.6853109579241974,0.8362919307266035,False,False,False
5483,176.5,2026-09-14,-0.038147138964577665,-0.061170212765957466,0.01946313634348562,0.5929111066645938,,87.3,0.009208463784242893,0.25411478890991457,0.6417483894018983,False,False,False
5484,39.45000076293945,2026-09-14,0.0012690161199031547,-0.02832506784242017,-0.15705125200730108,-0.023514869481648715,,23.3,-0.1673059245665438,1.295728621024669,0.6813471454799,False,False,False
5487,29.299999237060547,2026-09-14,0.04642854418073372,0.01913040824558432,0.05395683601315815,0.0335096593583033,,68.9,0.04370216345391542,0.6042565343611148,0.9331210061470687,False,False,False
5488,11.649999618530272,2026-09-14,-0.029166698455810658,-0.09338527060823365,-0.052774187875435974,0.1757025081164587,,62.7,-0.0630288604346787,0.1667368330955059,0.6535329612333759,False,False,False
5489,40.34999847412109,2026-09-14,-0.021818218809185774,-0.011226714305972663,0.04700931265771913,0.04439176714968118,,68.7,0.0367546400984764,0.10114699651971884,0.6161603428568632,False,False,False
5490,25.299999237060547,2026-09-14,-0.025048227621141672,-0.18780097762793313,-0.08290145409828609,0.001409728493071638,,38.2,-0.09315612665752881,0.25439643096303644,0.7146892131788517,False,False,False
5493,83.0,2026-09-14,-0.011904761904761862,0.03362387105392628,-0.038170966526702044,0.04139643730399589,,52.7,-0.04842563908594477,0.5494767180217508,0.8517690041836131,False,False,False
5498,50.29999923706055,2026-09-14,-0.07875456698224315,-0.028957529384031733,-0.2401812453800095,-0.18870968972482993,,6.3,-0.25043591793925224,0.42363488565146606,0.6052948274448514,False,False,False
5508,52.09999847412109,2026-09-14,-0.02616825282016666,-0.013257590398753738,-0.01155867599817717,0.021511827110773263,,55.8,-0.021813348557419898,0.47486743590170727,0.5136199890309014,False,False,False
5511,69.5,2026-09-14,0.0014409001717932135,-0.0071428571428571175,0.17770005022627688,0.2050884488496436,,86.0,0.16744537766703416,0.42592694546592885,0.9266666666666666,False,False,False
5512,7.71999979019165,2026-09-14,0.0,0.001296984694578729,-0.019059732852432676,-0.036204797803191635,,48.1,-0.029314405411675404,0.6059256009341202,0.8752834532094061,False,False,False
5514,15.25,2026-09-14,0.016666666666666607,0.06643355220936664,0.08540923793413646,-0.03481013823388335,,68.5,0.07515456537489373,1.131024973431025,0.8472222222222222,True,True,False
5515,49.45000076293945,2026-09-14,-0.04536676657786076,0.02063983455630658,0.24056061037435428,0.4420475373209709,,91.4,0.23030593781511155,0.6069752786801548,0.8877917430091222,False,False,False
5516,11.75,2026-09-14,-0.012605010364596714,-0.012605010364596714,0.08796294374884606,-0.10984847198614167,,62.3,0.07770827118960333,0.2005616867234583,0.7014925373134329,False,False,False
5519,25.299999237060547,2026-09-14,-0.055970150847083455,-0.0882883157816019,-0.14140353370961578,-0.1338498395911325,,18.1,-0.1516582062688585,0.733761189830096,0.8367059493202108,False,False,False
5520,82.0,2026-09-14,-0.009661872249663306,-0.012048192771084376,-0.003645237431754933,-0.010248002866512396,,54.7,-0.013899909990997661,0.8347033225115701,0.9250018051810719,False,False,False
5521,10.350000381469728,2026-09-14,-0.01895732754969781,-0.03271022747984942,-0.01394705398297158,-0.24989542678451104,,29.0,-0.024201726542214308,0.4814270749130711,0.38396575090495566,False,False,False
5522,61.09999847412109,2026-09-14,-0.03475514675285207,-0.016103059976993905,-0.13134299476875033,-0.028022532014667423,,27.6,-0.14159766732799306,0.4475999744933373,0.8052514041752217,False,False,False
5523,30.350000381469727,2026-09-14,0.0,0.0,-0.0032840846950465963,-0.008169934538673762,,54.8,-0.013538757254289324,0.2909780031821056,0.9918300654613262,True,False,False
5525,21.850000381469727,2026-09-14,-0.017977510945180852,0.0,0.03779802274972943,-0.055773888052466636,,57.7,0.027543350190486704,0.5525446470463831,0.7553808646533671,False,False,False
5529,23.799999237060547,2026-09-14,-0.028571459711814406,0.1279620287572123,0.06487690518309819,-0.04560231312323282,,63.9,0.05462223262385546,1.1099894764729084,0.8185066182447996,False,False,False
5530,49.54999923706055,2026-09-14,0.002022213803402728,-0.024606299582147995,0.0,0.011224474225725478,,56.9,-0.010254672559242728,0.503790320574938,0.8543103316734577,False,False,False
5531,7.079999923706055,2026-09-14,-0.019390563788628468,-0.049664415440512366,-0.12376237740622775,-0.21767958292925116,,14.5,-0.13401704996547048,0.6794342361532569,0.753191511811257,False,False,False
5533,13.800000190734863,2026-09-14,-0.007194203635955354,-0.003610121975286096,0.02586005337746511,0.0044134821384258505,,61.6,0.01560538081822238,1.015193686975361,0.9122362860686346,False,False,False
5534,73.5999984741211,2026-09-14,-0.02645502698898372,-0.009326416037763297,-0.04543847506037191,0.04329903975901028,,51.3,-0.055693147619614636,0.8597510118249819,0.9029933320821529,False,False,False
5536,849.0,2026-09-14,-0.028604118993134975,-0.08216216216216221,-0.2700451868272852,0.2502870443625782,,27.8,-0.2802998593865279,0.5024840166287826,0.5916376306620209,False,False,False
5538,35.5,2026-09-14,-0.04054054054054057,0.044117647058823595,0.15892419106825906,0.23400397181131805,,85.5,0.14866951850901633,0.457725187408279,0.9403973509933775,False,False,False
5543,27.549999237060547,2026-09-14,-0.010772033763015276,0.10199996948242185,-0.06610172077760856,0.10199996948242185,,53.1,-0.07635639333685129,0.4574730084090282,0.7466124145750789,False,False,False
5546,14.75,2026-09-14,-0.013377913833897748,0.07272727272727275,-0.060103556664105384,-0.07392556566657693,,35.4,-0.07035822922334811,1.0429711026594668,0.5940854707394441,False,False,False
5547,19.850000381469727,2026-09-14,0.012755101792567114,0.0,0.053148861479643816,0.002890203211390663,,66.4,0.04289418892040109,1.1591974806750391,0.8226553755383127,False,False,False
5601,30.200000762939453,2026-09-14,-0.009836040559362158,0.0,-0.07410527044596982,-0.16858434631087904,,25.4,-0.08435994300521255,0.8163146309820557,0.7936240406438212,False,False,False
5603,13.600000381469728,2026-09-14,-0.02508956505956006,-0.006177662306238507,-0.07482989401823659,-0.2099671126035999,,21.6,-0.08508456657747931,1.075651594659561,0.699631105727124,False,False,False
5604,31.200000762939453,2026-09-14,-0.0031948395066633273,0.01298706285023532,0.006451637514175879,-0.11111105073286753,,45.6,-0.0038030350450668493,0.49346026014176,0.8230207520871884,False,False,False
5607,52.09999847412109,2026-09-14,-0.05615946097775537,0.013618617265794164,0.04005122238384051,0.10711700134489499,,72.1,0.029796549824597784,1.2226949032991912,0.9108391220140907,False,False,False
5608,16.600000381469727,2026-09-14,-0.04046236337925746,0.17730495974209393,0.11409401385656825,-0.023529389325310235,,73.0,0.10383934129732553,0.5502757764427727,0.8000000183840832,False,False,False
5609,78.80000305175781,2026-09-14,0.003821694926851027,0.018087874654767466,0.02604166563186383,0.04895579455465815,,65.7,0.015786993072621103,0.8066892120582021,0.9911950069403498,False,False,False
5859,14.050000190734863,2026-09-14,0.010791408368430844,0.010791408368430844,0.010791408368430844,-0.10223638765466425,,47.3,0.0005367358091881158,0.8200171888100426,0.8593272087417461,True,True,False
5863,11.0,2026-09-14,0.018518500530834592,0.025746792878283964,0.039484292384516895,0.030285436311474845,,66.4,0.029229619825274167,0.3453642413190374,0.962167337664434,True,True,False
5864,35.5,2026-09-14,-0.046979865771812124,0.038011672750290604,-0.20150841533589914,0.6584055387155778,,76.0,-0.21176308789514187,0.7255318364306339,0.7441166635508922,False,False,False
5871,113.5,2026-09-14,0.008888888888888946,0.017937219730941756,0.045265556493397696,0.1542505124102318,,75.1,0.03501088393415497,0.8041397240215852,0.9700854700854701,False,False,False
5876,49.900001525878906,2026-09-14,0.0628328160809759,0.1782763476690894,0.23067881120871947,0.3391295801971177,,90.0,0.22042413864947674,0.8587746742852957,1.0,True,True,False
5878,38.09999847412109,2026-09-14,-0.0013106959307432886,-0.010389650022828878,-0.028061282331870108,-0.0817064247816871,,41.1,-0.038315954891112836,0.5884717450040017,0.9117343479694056,False,False,False
5880,27.450000762939453,2026-09-14,0.035849085393941715,0.13429751642723664,0.18084949875639866,0.26025585678045005,,87.2,0.17059482619715594,0.8627057760833382,1.0,True,True,False
5902,34.70000076293945,2026-09-14,0.01908961939627396,-0.007153075666455955,-0.004304095200836966,-0.05969215979160314,,48.8,-0.014558767760079694,4.1258321653094425,0.7611078321238082,False,False,False
5903,185.0,2026-09-14,0.0,0.0,0.01638748096080045,0.0030840041155355546,,59.5,0.006132808401557721,0.5470310822583608,0.9750078327705104,False,False,False
5904,72.9000015258789,2026-09-14,0.01673646623029801,-0.0772151705584948,0.21205347133741204,0.48827779506243707,,91.1,0.2017987987781693,0.4794867621927396,0.8369690333294179,False,False,False
6005,32.099998474121094,2026-09-14,-0.01834869341955403,0.038834914899843476,-0.0742737488184777,0.330836190052489,,71.7,-0.08452842137772043,0.47984927566557006,0.8168173385984787,False,False,False
6015,17.350000381469727,2026-09-14,0.029673589832666103,0.054711220473490974,-0.05706517711028192,0.35947208873486036,,75.2,-0.06731984966952465,1.5345235237269141,0.7576419506762966,False,False,False
6016,22.549999237060547,2026-09-14,0.020361938815536496,0.11910668307522898,-0.12195957730873308,0.48552191192108496,,74.7,-0.1322142498679758,1.008974708770439,0.7097493192731733,False,False,False
6020,20.399999618530277,2026-09-14,-0.026253036963231446,-0.02857144673665346,-0.10526314468595066,0.08621194643989183,,42.6,-0.11551781724519339,0.41552477960104683,0.7937742806586989,False,False,False
6021,44.75,2026-09-14,0.09547127714948656,0.20782728533060957,0.09013400320843457,0.511465988567382,,88.1,0.07987933064919184,2.713077948569071,1.0,True,True,False
6023,85.19999694824219,2026-09-14,0.02774421447562081,0.007092180673083925,0.028323019869789023,0.06692537583225944,,67.9,0.018068347310546296,1.3704579609012395,0.9473902372604129,False,False,False
6024,61.09999847412109,2026-09-14,-0.028616899969664433,0.006589748042076682,0.10751873730816675,0.23993941582643474,,83.0,0.09726406474892402,0.9503940122047707,0.9622047003798596,False,False,False
6026,15.25,2026-09-14,0.006600685411728646,0.040955658504646664,-0.024960221364031532,0.13477322537691228,,64.1,-0.03521489392327426,0.5042037711536371,0.8613693236982487,False,False,False
6027,14.75,2026-09-14,0.07179938576901734,0.27469138804050464,0.28526980617778963,0.6354278178344526,,93.7,0.2750151336185469,1.3477173055253455,0.9959807868034524,False,False,False
6028,95.0,2026-09-14,-0.016563131463710468,-0.01041666666666663,0.2010114011706443,-0.07059729744254228,,79.3,0.19075672861140158,0.16832422816859202,0.7428437727928362,False,False,False
6035,51.20000076293945,2026-09-14,0.013861401246325844,0.01789267474214573,0.02011132337399424,0.014304259545367515,,61.3,0.00985665081475151,0.31437570483269506,0.7978184390836119,False,False,False
6103,31.0,2026-09-14,-0.09090905022983276,0.05084745762711873,-0.08823529411764708,-0.37625755484663426,,10.3,-0.0984899666768898,1.2354822774470915,0.5961538461538461,False,False,False
6104,90.0,2026-09-14,-0.061522434118906344,-0.021739130434782594,-0.0918264239579929,0.002309483343060581,,36.5,-0.10208109651723563,0.36908677396044687,0.7630485303957288,False,False,False
6108,22.149999618530277,2026-09-14,-0.03485843650606968,0.0022624088777154494,0.16886536816658437,0.40189869311008364,,89.0,0.15861069560734165,0.9058942764561722,0.8519230622511645,False,False,False
6109,10.600000381469728,2026-09-14,-0.02304147384427424,-0.05357137839404802,-0.04932728752263771,-0.13114749613195154,,32.3,-0.059581960081880436,0.300699705450614,0.746478910130231,False,False,False
6112,50.59999847412109,2026-09-14,0.11823201047781406,0.07889119035956882,0.15577697841789284,0.11889049673830554,,82.3,0.14552230585865011,3.9481720117244694,0.9509558067654613,True,True,False
6113,22.25,2026-09-14,-0.02625822194542715,-0.0973630691955919,-0.231433526299471,0.06205246728965497,,18.7,-0.24168819885871373,0.3228952564749918,0.7453936253150719,False,False,False
6114,22.899999618530277,2026-09-14,-0.08032128637108993,-0.15498157578666683,-0.2076558629313101,-0.22988333813659545,,6.9,-0.21791053549055284,0.3966570882241709,0.686309866787395,False,False,False
6115,43.84999847412109,2026-09-14,-0.005668934436510398,-0.029867306770606672,-0.046016315881331815,-0.003117692501685143,,46.2,-0.05627098844057454,0.4347765119228741,0.9329539298252305,False,False,False
6116,13.850000381469728,2026-09-14,-0.02464784735891634,-0.003597067513145036,-0.16566264679546472,0.6236812209893776,,77.8,-0.17591731935470745,0.6897519212852543,0.6101321548888033,False,False,False
6117,61.09999847412109,2026-09-14,-0.03627764978552872,-0.03779529962014039,-0.1657581518152641,-0.11288362097279203,,15.8,-0.17601282437450683,0.5826231154808695,0.6630027450643398,False,False,False
6118,15.0,2026-09-14,-0.019607855359147774,-0.02280132721639816,-0.11764705882352944,-0.17355370163833383,,18.4,-0.12790173138277217,0.4239255461145451,0.6607929293328195,False,False,False
6120,11.800000190734863,2026-09-14,-0.04453442702399424,-0.08527127599409445,-0.13048375759962527,-0.06981976682339841,,23.9,-0.140738430158868,0.6455116027184872,0.7452996363431784,False,False,False
6121,379.0,2026-09-14,-0.019404915912031084,-0.08009708737864074,-0.0726362292393512,0.12351124766743182,,54.0,-0.08289090179859393,0.4588384452011031,0.8351233116068489,False,False,False
6122,51.09999847412109,2026-09-14,-0.007767019919978857,0.0837751181423434,0.16605264662903796,0.06831338247822094,,81.5,0.15579797406979523,0.6252437164424672,0.8740745603154183,False,False,False
6123,42.75,2026-09-14,-0.019495378529097995,-0.014976993157277185,-0.012702061125899555,0.04190614338135923,,57.4,-0.022956733685142283,0.6890391200682909,0.825905592710288,False,False,False
6124,26.899999618530277,2026-09-14,-0.025362346132771107,-0.025362346132771107,-0.10927155831263557,-0.23361821116991222,,15.3,-0.1195262308718783,0.4490921528945643,0.7088273801775469,False,False,False
6125,48.34999847412109,2026-09-14,-0.04822836219950355,-0.06298449798656425,-0.1831534225076461,-0.199222514356728,,9.8,-0.19340809506688883,0.48831671398816684,0.5964276255891261,False,False,False
6126,28.850000381469727,2026-09-14,-0.00517240063897495,-0.01890909751327008,-0.2529765206092266,-0.08877005869491605,,8.4,-0.2632311931684693,0.4372119071810616,0.6844819888534901,False,False,False
6127,47.45000076293945,2026-09-14,-0.044310185202970365,-0.08220502780043604,-0.37973855211843854,0.30357139488591645,,15.2,-0.38999322467768127,0.5929551958990495,0.4896800827218467,False,False,False
6128,18.950000762939453,2026-09-14,-0.04292921751886303,-0.07560971888100232,-0.09546539031817125,-0.14848851852077227,,23.0,-0.10572006287741398,2.0655405436743703,0.6764620733531385,False,False,False
6129,13.75,2026-09-14,-0.0685411631438726,-0.13766022799079047,-0.22279570421094186,-0.16136716175245336,,7.8,-0.2330503767701846,0.142091239624958,0.5852329697194446,False,False,False
6133,23.25,2026-09-14,-0.022606340115497336,0.06781326449868574,0.03146215734124902,0.022757809777070204,,64.1,0.02120748478200629,1.3564378808721147,0.8372836385201842,False,False,False
6134,28.25,2026-09-14,-0.03253427185334845,-0.015679468675155683,-0.18783234767541013,-0.06514044824497534,,16.1,-0.19808702023465286,0.34271887364085746,0.7152380869597131,False,False,False
6136,24.75,2026-09-14,0.029106061752416368,-0.010000000000000009,0.031580882107431485,0.08326752202995125,,69.4,0.021326209548188757,1.2626165579127626,0.926580634141646,False,False,False
6138,268.5,2026-09-14,-0.06770833333333337,-0.0898305084745763,-0.1026477182058152,0.2546872112205574,,60.8,-0.11290239076505793,0.2889494858712276,0.6373240844568459,False,False,False
6139,703.0,2026-09-14,-0.048714479025710467,-0.09192782916945264,-0.10758427138229021,0.2713010592085716,,61.5,-0.11783894394153294,0.4368046547389192,0.758787008231602,False,False,False
6140,18.25,2026-09-14,0.12307692307692308,0.09281432133226586,-0.14519907850494962,-0.15898620468399105,,15.4,-0.15545375106419235,1.256345848485251,0.5383480583641904,True,False,False
6141,48.79999923706055,2026-09-14,-0.05973029282614961,0.3942856924874443,0.37078655417738293,1.218181783502752,,96.4,0.3605318816181402,1.1739904094440445,0.8285228857866715,False,False,False
6142,8.779999732971191,2026-09-14,0.026900530655609156,-0.055914026569776065,0.02810301782086766,-0.08159002640261193,,53.7,0.01784834526162493,0.3330407285197743,0.7804444207085504,False,False,False
6143,80.19999694824219,2026-09-14,-0.07283240522263368,-0.11868135221711884,-0.094808145265741,-0.14675397200320128,,23.4,-0.10506281782498372,0.4863956548894373,0.5804394299575956,False,False,False
6146,179.0,2026-09-14,-0.011049723756906049,-0.0501819042717081,-0.0501819042717081,-0.01408525988655096,,43.5,-0.06043657683095083,0.5832842991208248,0.8184952481557429,False,False,False
6147,189.0,2026-09-14,-0.010471204188481686,0.19999999999999996,-0.1588784932492251,2.2160527621193284,,96.4,-0.16913316580846782,1.3820700042472347,0.6263670912602444,False,False,False
6148,34.099998474121094,2026-09-14,0.19859393882834753,0.194395775319536,0.03333328709457861,0.01470826446384188,,63.8,0.023078614535335884,1.8331777639350377,0.740577593706684,True,True,False
6150,60.59999847412109,2026-09-14,0.00831946776529957,-0.0016474841443400168,-0.0394144258542517,0.02839159931045776,,50.8,-0.04966909841349443,1.8878124688143776,0.6593674359792991,False,False,False
6151,34.29999923706055,2026-09-14,-0.020000021798270096,-0.09259259446144297,-0.15621161255740112,0.21535392949328758,,45.9,-0.16646628511664385,0.5556430788023586,0.6887550153120265,False,False,False
6152,15.199999809265137,2026-09-14,0.12592591179741763,0.0780141417046365,0.04827584891483694,-0.19148933903671184,,46.2,0.03802117635559421,2.0988446318812644,0.6893424188295539,True,False,False
6153,17.149999618530273,2026-09-14,-0.011527421241619096,0.008823506972369,-0.257575786349874,0.03313248339888597,,13.3,-0.2678304589091167,0.44255939265190714,0.7014314553529875,False,False,False
6154,14.050000190734863,2026-09-14,0.0071684862248750925,0.0035714421953474407,0.026296612226885285,0.08352505711262737,,68.6,0.016041939667642557,0.634391297120509,0.9846899603684243,False,False,False
6155,55.70000076293945,2026-09-14,-0.042955325897382934,-0.12558869551308371,-0.35825410593894724,0.25624445445709587,,14.9,-0.36850877849818997,0.3190699328007354,0.5707303323969576,False,False,False
6156,20.0,2026-09-14,-0.029126231570822836,-0.07834104622903126,-0.12043246253930384,0.027657920267169844,,33.5,-0.13068713509854657,0.24016453855514602,0.6294405054656208,False,False,False
6158,16.850000381469727,2026-09-14,-0.02601149568994321,0.018126958201749366,-0.0507042038608605,-0.09164414692774958,,35.7,-0.060958876420103225,0.31599935366079923,0.6877551176110093,False,False,False
6160,14.25,2026-09-14,-0.023972628241431204,0.00706716495870241,-0.1389727699751272,-0.109375,,19.5,-0.14922744253436993,0.3501403714335293,0.6129032258064516,False,False,False
6161,48.0,2026-09-14,-0.05325445211655877,-0.06614788764484902,-0.04214558453659101,0.20336953477004838,,67.3,-0.052400257095833735,0.738693945159175,0.7692307974459868,False,False,False
6163,39.34999847412109,2026-09-14,-0.03581527081693525,-0.06187426778315008,-0.22188596081642742,-0.2111214846633388,,6.7,-0.23214063337567015,0.29039692378176163,0.5386943785802452,False,False,False
6164,11.100000381469728,2026-09-14,-0.051282003211681526,-0.08264462549368401,-0.13618676638512617,-0.14615381681002093,,18.0,-0.1464414389443689,0.24931847815660418,0.6379310703920184,False,False,False
6165,47.400001525878906,2026-09-14,-0.0276922763922276,-0.030674845668586914,-0.04048582870897832,-0.0010537246840172099,,47.2,-0.05074050126822105,0.399830151774877,0.844919836276725,False,False,False
6166,110.5,2026-09-14,-0.04741379310344829,-0.14671814671814676,-0.19212676656394767,0.8550167478416402,,83.7,-0.2023814391231904,0.3622878957684393,0.6636636636636637,False,False,False
6167,10.050000190734863,2026-09-14,-0.01470584522894025,-0.033653792368587676,-0.1446808348310754,-0.3068965385700094,,8.2,-0.15493550739031814,0.42421681036489467,0.6128049039330111,False,False,False
6168,29.950000762939453,2026-09-14,0.018707522161412582,0.2150101917415439,0.06394320315458524,0.307860317111291,,82.5,0.05368853059534251,1.1995831774436052,0.8436619933222381,True,False,False
6170,48.04999923706055,2026-09-14,-0.004145093532423871,0.02234040929916059,-0.007074543789830523,0.018185858409166977,,56.4,-0.01732921634907325,0.8285261102301578,0.9779942312713726,False,False,False
6171,25.899999618530277,2026-09-14,0.003875983892514423,0.08823531297428278,0.07692309522483964,-0.05128203874195458,,65.8,0.06666842266559692,1.3300118385051063,0.8436481750774527,False,False,False
6173,293.5,2026-09-14,0.024432809773123898,0.39761904761904754,0.029435555647371103,3.6674251254496246,,98.3,0.019180883088128375,2.401835378130145,0.8429329421257347,False,False,False
6174,41.0,2026-09-14,-0.09691632991181331,-0.07449208338360036,-0.24805389881379236,0.9426750302935656,,82.8,-0.2583085713730351,0.22929691117423037,0.6507936507936508,False,False,False
6175,69.30000305175781,2026-09-14,-0.04016612214766835,-0.10465114101338668,-0.2803655559709649,0.34725446893237377,,33.4,-0.29062022853020764,0.14253672561453587,0.6059754355288539,False,False,False
6176,93.5999984741211,2026-09-14,0.024069988090966055,-0.13653139154453364,-0.1768932241022727,-0.23165490559568114,,8.9,-0.18714789666151543,0.8948514366934448,0.5159650778510405,False,False,False
6177,46.84999847412109,2026-09-14,-0.011603439536969962,0.04598558311003709,0.06494266852055852,0.07410354398443375,,72.9,0.054687995961315794,0.8098901479541647,0.8983060294106459,False,False,False
6179,34.400001525878906,2026-09-14,0.14285717906689333,0.27171913109514256,0.38454105004443306,0.3021891106555201,,92.5,0.37428637748519034,5.902542836267327,0.9005235821684276,False,False,False
6182,103.5,2026-09-14,-0.0717488789237668,-0.0717488789237668,-0.032710280373831724,2.1554878782757987,,96.6,-0.04296495293307445,0.38965656483526867,0.5461741424802111,False,False,False
6183,92.1999969482422,2026-09-14,-0.003243276235219472,0.02126688989767156,0.05967733817409693,0.035619799979158984,,70.1,0.0494226656148542,0.5664089405736977,0.9598680805073637,False,False,False
6184,39.79999923706055,2026-09-14,-0.007481278016859494,-0.053507729864997855,-0.09538884040210527,-0.10866409449279013,,26.9,-0.105643512961348,2.46415142472414,0.8402514634271073,False,False,False
6185,12.5,2026-09-14,-0.019607843137254943,-0.08759122817312681,-0.088266452793624,-0.09148805152078987,,29.4,-0.09852112535286672,1.0377405873214738,0.7304229355654982,False,False,False
6186,30.149999618530277,2026-09-14,-0.011475422343269592,-0.09323309417954051,-0.16315177646668422,-0.19476821129979716,,11.3,-0.17340644902592695,0.6792451381017749,0.5089785925639904,False,False,False
6187,1225.0,2026-09-14,-0.1058394160583942,-0.039215686274509776,0.08822055898829495,0.6947697004184823,,90.7,0.07796588642905222,0.8667031648413062,0.8566433566433567,False,False,False
6188,62.400001525878906,2026-09-14,-0.047328220978947955,-0.11363636117336184,-0.2022861593716363,-0.3321194172059362,,4.7,-0.21254083193087903,0.6185183983329934,0.49423163288194655,False,False,False
6189,47.04999923706055,2026-09-14,-0.010515247277024131,-0.03783235646402383,-0.12446718773724852,0.07494922831040918,,37.2,-0.13472186029649125,0.6271447972959644,0.8755328122627515,False,False,False
6190,66.0,2026-09-14,-0.01639342025537205,-0.014925373134328401,-0.1118763937965288,0.3454277551770746,,67.5,-0.12213106635577153,0.6004369144634322,0.7355979674771514,False,False,False
6191,82.0,2026-09-14,-0.009661872249663306,-0.0442890782820311,-0.1634635471392657,-0.15420609949703612,,13.4,-0.17371821969850842,0.18671021829605855,0.634504981924003,False,False,False
6192,110.0,2026-09-14,-0.04347826086956519,-0.051724137931034475,-0.06382978723404253,-0.03139472811922783,,39.0,-0.07408445979328526,0.6835665028939789,0.8239700374531835,False,False,False
6194,29.950000762939453,2026-09-14,0.008417508201277846,0.008417508201277846,-0.029243628695452606,-0.012480133949895,,48.6,-0.039498301254695334,0.42183117720845803,0.7932536571679198,True,False,False
6195,27.899999618530277,2026-09-14,0.007220175093222592,0.0,0.06519059180503706,0.17020939574872518,,78.7,0.05493591924579433,0.560251985637918,0.962068952363113,False,False,False
6196,520.0,2026-09-14,0.011673151750972721,0.019607843137254832,-0.027221355531179325,0.879547166547922,,90.3,-0.03747602809042205,1.265489248214375,0.8813559322033898,False,False,False
6197,297.0,2026-09-14,-0.0357142857142857,-0.032573289902280145,-0.05451302363402666,0.7266585592106132,,87.0,-0.06476769619326939,0.38430748478753773,0.7973154362416107,False,False,False
6198,19.399999618530277,2026-09-14,-0.005128224690755023,-0.020202001714301754,-0.07398573212231707,-0.11818183552135109,,29.9,-0.0842404046815598,0.3081427257791951,0.629870133087112,False,False,False
6199,100.5,2026-09-14,0.044698577839574094,0.013104869876519043,0.0888407007272145,0.03076923076923066,,73.4,0.07858602816797178,2.55454909628856,0.8516949152542372,True,False,False
6201,44.95000076293945,2026-09-14,0.0033482484025315618,-0.006629817393603243,-0.0005010484100810286,-0.06113601416211123,,49.4,-0.010755720969323757,0.7668602384930694,0.8257478429658539,False,False,False
6202,54.70000076293945,2026-09-14,-0.07288134300102622,-0.0943708711745187,-0.10823722508736011,0.0200976483287163,,35.2,-0.11849189764660284,0.18426927564603635,0.7501939145009959,False,False,False
6203,59.70000076293945,2026-09-14,-0.00830564773527065,-0.006655536128738371,-0.04984772972151563,-0.028088556613107052,,42.3,-0.06010240228075836,0.5106707171173654,0.7325684942311508,False,False,False
6204,90.8000030517578,2026-09-14,0.0023507958023234465,0.1041615717039841,-0.10476313266385184,0.44943107700960194,,74.5,-0.11501780522309457,0.3796894128207585,0.7305132635245769,False,False,False
6205,60.79999923706055,2026-09-14,-0.06748463063080357,-0.020933965684432176,-0.22945879992790785,0.13672505096355958,,24.6,-0.23971347248715058,0.326928230643762,0.6308708412355357,False,False,False
6206,136.0,2026-09-14,0.0,-0.04895104895104896,0.10468489527494751,0.3768536202767041,,86.4,0.09443022271570478,0.5057281356677302,0.8607594936708861,False,False,False
6207,106.5,2026-09-14,-0.053333333333333344,-0.009302325581395321,-0.2845560790270285,1.0373117353742107,,83.4,-0.29481075158627124,1.129225878121809,0.6462771062504925,False,False,False
6208,73.0999984741211,2026-09-14,-0.025333353678385406,-0.108536603974133,-0.13650740979430798,0.5788011666636594,,78.8,-0.1467620823535507,0.256890303268404,0.6961904616582961,False,False,False
6209,76.5,2026-09-14,-0.03286976642574435,0.09756102366557284,-0.1915304517105323,0.47036545818520503,,64.4,-0.20178512426977502,1.2230845570008486,0.7926662109518129,False,False,False
6210,17.5,2026-09-14,0.0,-0.014084507042253502,-0.1525423572261776,-0.1293532503544964,,16.5,-0.16279702978542032,0.8909664920714644,0.7812500133046083,False,False,False
6212,32.20000076293945,2026-09-14,0.00782472594773731,0.10273972334300718,0.13982303585626377,0.1103448538944638,,81.0,0.12956836329702104,0.9536423841059603,0.7436489914618616,False,False,False
6213,515.0,2026-09-14,0.003898635477582957,0.07291666666666674,1.0128921321065425,2.7094725138754727,,98.7,1.0026374595472998,0.658271312761921,0.8833619210977701,False,False,False
6214,187.5,2026-09-14,0.013513513513513598,0.09011627906976738,0.38888888888888884,0.7330383350815799,,95.2,0.3786342163296461,0.7038194147959494,0.9946949602122016,False,False,False
6215,96.1999969482422,2026-09-14,-0.016359980098045956,-0.07500002934382499,-0.08802822809756283,-0.14048677859790504,,25.4,-0.09828290065680556,0.6375974149685936,0.71944445680689,False,False,False
6216,19.600000381469727,2026-09-14,-0.041564809279134196,-0.07790452297695549,-0.0961438071476981,-0.19833412438592013,,19.1,-0.10639847970694083,1.2728382493382868,0.7054109436656043,False,False,False
6217,161.0,2026-09-14,-0.11294765840220389,-0.047337278106508895,-0.3163481953290871,0.16245487364620947,,14.1,-0.3266028678883298,0.6500213822408398,0.47214076246334313,False,False,False
6218,44.79999923706055,2026-09-14,0.00561167237444149,0.25842699879965614,0.2691218188476956,0.9393938743394155,,95.1,0.25886714628845287,2.571061115801646,0.9552238332516982,False,False,False
6219,12.050000190734863,2026-09-14,-0.02822576117440978,-0.0082304058382765,-0.06949804106455393,-0.16896550408725086,,26.1,-0.07975271362379666,0.41304196386655156,0.5683962149567436,False,False,False
6220,25.600000381469727,2026-09-14,-0.009671179741227776,-0.0019492880235534304,-0.2691732021285922,-0.24159479343929424,,4.0,-0.2794278746878349,0.1976836866130119,0.5767562938703374,False,False,False
6221,25.600000381469727,2026-09-14,0.19626172139286702,0.2192219375728186,0.1443121175597244,-0.0071409829648046985,,77.2,0.13405744500048167,1.373759315326509,0.6689502168418217,True,True,False
6222,19.200000762939453,2026-09-14,-0.0375939835247151,-0.04477609957460438,-0.07246376544514654,-0.020408143405366563,,38.0,-0.08271843800438927,0.8546492518351544,0.8311688504707229,False,False,False
6223,5595.0,2026-09-14,0.0191256830601092,-0.13121118012422361,-0.12891867662013545,0.5747880211188297,,79.0,-0.13917334917937818,1.1081263325301411,0.76072078921489,False,False,False
6224,85.0,2026-09-14,-0.04279282568878906,0.342812022503701,0.12881801534024961,1.1505493821411354,,94.6,0.11856334278100689,1.4085681242949635,0.8947368421052632,False,False,False
6225,67.5,2026-09-14,0.10837435646559856,1.3207823081584693,1.903225806451613,1.8125,,98.8,1.8929711338923703,1.4610098866618204,0.9012015837767091,False,False,False
6226,33.0,2026-09-14,0.018518470551362576,0.7322835339436982,1.7385891682701717,1.986425287817609,,98.7,1.728334495710929,1.5861834581413108,0.9663249934262101,False,False,False
6227,127.0,2026-09-14,0.13901345291479816,0.06462218678770904,0.05189761104529689,0.5847917667704812,,88.0,0.04164293848605416,3.3261457409581117,0.9742668421572608,False,False,False
6228,17.299999237060547,2026-09-11,0.0,-0.03888893127441406,-0.19907412354020504,-0.27916669845581055,,5.9,-0.20932879609944777,0.0,0.525835818683853,False,False,False
6229,23.299999237060547,2026-09-14,-0.025104618872233586,-0.047034825766633204,-0.08472506822092729,0.11155758153643403,,50.1,-0.09497974078017002,0.2730465786312871,0.7654225221722597,False,False,False
6230,116.5,2026-09-14,0.030973451327433565,0.0688073394495412,-0.12734082397003743,-0.32463768115942027,,9.2,-0.13759549652928016,1.2840364845844037,0.6383561643835617,True,False,False
6231,208.0,2026-09-14,-0.028037383177570097,-0.06726457399103136,-0.21363934710692978,-0.011119519748174267,,16.4,-0.2238940196661725,1.666932209643532,0.6114885208814665,False,False,False
6233,20.299999237060547,2026-09-14,-0.03333336966378353,-0.055813988973928086,-0.10590453289237256,-0.26201644968832927,,13.8,-0.11615920545161529,0.379401766422914,0.6870881314059571,False,False,False
6234,33.849998474121094,2026-09-14,-0.05314689582878063,-0.08850999050870856,-0.18053532986698717,0.22845866513681123,,41.8,-0.1907900024262299,0.3539142661676827,0.5498343354009188,False,False,False
6235,37.95000076293945,2026-09-14,-0.026923057360526803,-0.028168975559854426,-0.06871163771927724,-0.2180757619689242,,21.9,-0.07896631027851997,0.21984127536257458,0.5078424786377579,False,False,False
6236,19.049999237060547,2026-09-11,0.0,0.25328943921753533,0.002631538792660315,-0.118055606452525,,43.9,-0.007623133766582413,0.0,0.6047618805416046,True,True,False
6237,33.20000076293945,2026-09-14,-0.055476548457722874,-0.026392895937067506,-0.26043147653063836,-0.11251772658752057,,7.1,-0.2706861490898811,0.4392771217497467,0.5932368183073314,False,False,False
6239,271.5,2026-09-14,-0.03035714285714286,-0.023381294964028743,-0.20101921664514555,0.357092371165064,,51.5,-0.21127388920438828,0.6352496433010268,0.7304666030282074,False,False,False
6240,23.25,2026-09-14,0.017505453472755894,0.12864075579891843,0.28099176246058244,0.22691287936357574,,89.6,0.2707370899013397,0.7057133992287576,0.8318425533221645,False,False,False
6241,15.449999809265137,2026-09-14,-0.02830187547556251,-0.18311575468047647,-0.1801453203326605,-0.07975490197192225,,16.3,-0.19039999289190324,0.2545463323443636,0.5996277906632094,False,False,False
6243,36.900001525878906,2026-09-14,-0.05505756090108138,-0.21153841608061208,0.18269232767808563,0.16772155317811666,,85.2,0.1724376551188429,0.11304228641897716,0.7068965706237476,False,False,False
6244,22.100000381469727,2026-09-14,-0.05756931076963023,-0.12301588442920852,-0.23641433142359458,-0.28666638100729647,,4.3,-0.2466690039828373,0.3960060045882568,0.6121306392628882,False,False,False
6245,85.5,2026-09-14,0.07818406947847856,0.06112884395236473,0.10289520107271577,0.3794674971380738,,86.3,0.09264052851347304,1.684172437635093,0.9810216769814104,True,True,False
6246,12.649999618530272,2026-09-14,-0.019379845534327478,0.011999969482421768,-0.17320264961887633,-0.24251502750807774,,8.8,-0.18345732217811905,0.31298941426411075,0.7027777565850151,False,False,False
6248,16.799999237060547,2026-09-14,-0.005917182469050486,-0.011189407827601028,-0.011189407827601028,-0.11348009696923844,,41.2,-0.021444080386843756,0.7703020449141655,0.8180160762497654,False,False,False
6257,210.0,2026-09-14,-0.014084507042253502,0.009615384615384581,-0.0031743281695876258,0.6409283971719759,,87.4,-0.013429000728830354,1.0069503613179716,0.7813944615342688,False,False,False
6259,28.049999237060547,2026-09-14,-0.06343911444002348,-0.1614350195131169,-0.10822064821297617,0.5931789483354379,,80.6,-0.1184753207722189,0.12087080168109543,0.6656944434259593,False,False,False
6261,73.69999694824219,2026-09-14,-0.070617980933249,-0.02681172334510995,-0.19655390038738385,0.12601485522733413,,29.7,-0.20680857294662658,0.6498977794671286,0.569333321703067,False,False,False
6263,155.0,2026-09-14,-0.09090909090909094,-0.049079754601227044,-0.03125,0.3061312659299218,,74.9,-0.04150467255924273,0.6827958098545678,0.8592057273164031,False,False,False
6264,6.010000228881836,2026-09-14,-0.0033167463069042613,-0.006611563734210235,-0.011513107845822268,-0.10830854110180799,,41.9,-0.021767780405064996,1.005530413359874,0.76854221188655,False,False,False
6265,49.20000076293945,2026-09-14,-0.10218975460010382,-0.21279998779296871,-0.1198568976753549,0.1156463144054567,,42.7,-0.13011157023459763,0.676084495974476,0.7699530451969381,False,False,False
6266,24.850000381469727,2026-09-14,0.006072858862228747,-0.013888903606084635,-0.021653513595303542,-0.06912421751867903,,44.0,-0.03190818615454627,0.7447222605822839,0.8642765678224115,False,False,False
6269,64.69999694824219,2026-09-14,-0.04572280182862398,-0.015220700859206904,-0.11732613568164629,0.15949816904783298,,47.9,-0.12758080824088902,0.7691253612085273,0.7394285365513393,False,False,False
6270,28.049999237060547,2026-09-14,-0.020942421970632785,-0.07425742761234067,-0.1621128805075679,0.22474127142663347,,45.5,-0.17236755306681062,0.13471168523489152,0.6732495796046497,False,False,False
6271,220.0,2026-09-14,-0.053763440860215006,0.134020618556701,-0.020044543429844075,0.46088400083004766,,82.1,-0.030299215989086803,0.3987231196678228,0.7652173913043478,False,False,False
6272,27.0,2026-09-14,-0.09090911426199677,0.14893617021276606,-0.15756628259825523,-0.22074888560262895,,10.8,-0.16782095515749795,1.3352023459871347,0.4749167456697381,False,False,False
6274,1410.0,2026-09-14,0.029197080291970767,-0.15820895522388057,-0.12422360248447206,1.8256022255061857,,95.3,-0.1344782750437148,1.0645272000741235,0.7421052631578947,False,False,False
6275,45.29999923706055,2026-09-14,-0.020540557036528684,0.03780063352812024,0.006643609468709677,-0.051741782579219686,,52.3,-0.003611063090533051,0.2730764920102055,0.7798176355425573,False,False,False
6276,19.700000762939453,2026-09-14,-0.04368930106136537,0.034120816373282015,-0.22287966601611153,-0.35515544173758407,,3.7,-0.23313433857535426,0.5848481877665292,0.42640693587915107,False,False,False
6277,76.5,2026-09-14,-0.038944705195301466,-0.0892857142857143,0.08899209827008203,0.32026630199062867,,84.5,0.0787374257108393,0.27911251336963905,0.8742857142857143,False,False,False
6278,185.5,2026-09-14,-0.04871794871794877,0.07225433526011571,-0.08921614137019507,0.9080922535186395,,88.8,-0.0994708139294378,0.3866824821935586,0.7740739408314165,False,False,False
6281,51.29999923706055,2026-09-14,-0.005813938874649316,-0.0038835099599894285,-0.0038835099599894285,-0.09717775129102768,,44.8,-0.014138182519232156,0.5021669438973715,0.7852331989536909,False,False,False
6282,42.5,2026-09-14,-0.04171360851794814,-0.09574592852646979,-0.25089527170134573,-0.05522742943474612,,10.0,-0.26114994426058846,0.32279882706670776,0.6104991572780349,False,False,False
6283,18.299999237060547,2026-09-14,-0.08728179883245524,-0.08728179883245524,-0.2262156645989073,-0.1367925198827592,,8.7,-0.23647033715815002,1.1063959222053354,0.6790352029312727,False,False,False
6284,75.5999984741211,2026-09-14,-0.053817308756434534,-0.02702700845046302,-0.2332731395908827,0.024681490789798533,,15.9,-0.24352781215012542,0.42701562346512384,0.6214197419723911,False,False,False
6285,222.0,2026-09-14,-0.07306889352818369,-0.09387755102040818,-0.14974709798221886,0.28995520752428483,,55.3,-0.16000177054146159,0.36497672911380147,0.7076556918769409,False,False,False
6290,260.0,2026-09-14,-0.03525046382189234,0.18993135011441642,-0.10083102376132713,0.19821844103534736,,55.6,-0.11108569632056986,0.9065486726213802,0.7264403435782606,False,False,False
6291,466.5,2026-09-14,0.05423728813559325,0.2116883116883117,-0.14246323529411764,0.394364408820443,,66.5,-0.15271790785336037,2.2390171970157122,0.687039764359352,False,False,False
6292,66.0,2026-09-14,0.003039467157545106,0.018518470551362576,0.0028781840788090207,0.614156319782285,,87.1,-0.007376488480433707,1.7312705063008542,0.9698792891144942,False,False,False
6405,37.59999847412109,2026-09-14,-0.04081638412443711,-0.057644184556385314,-0.3637901955177629,0.23076921155886998,,12.7,-0.37404486807700565,0.37291920687964353,0.46419751202618625,False,False,False
6407,22.799999237060547,2026-09-14,-0.09523815290547466,0.017857126131349155,-0.1843549475087949,0.26245833351815384,,44.5,-0.19460962006803761,0.8502508299827912,0.41264476851880616,False,False,False
6409,874.0,2026-09-14,-0.10542476970317294,-0.13891625615763548,0.004909662725167685,0.1648695847974586,,71.3,-0.005345009834075043,0.5428653101287468,0.7034367639076174,False,False,False
6411,77.0,2026-09-14,-0.04109592685358654,-0.0025906341469971172,-0.1771237066507928,0.014389748099755018,,22.9,-0.18737837921003553,0.24890574185741482,0.6958357728559251,False,False,False
6412,73.80000305175781,2026-09-14,-0.0415584019252232,-0.06700373608853183,-0.19432309736765063,-0.03970089611637895,,17.1,-0.20457776992689336,0.5220629962983624,0.7247539945102761,False,False,False
6414,371.5,2026-09-14,-0.04621309370988447,-0.08722358722358725,0.012261580381471404,0.4041022079007648,,82.2,0.0020069078222286763,0.4166383115113641,0.7385685884691849,False,False,False
6415,414.0,2026-09-14,-0.009569377990430672,-0.13749999999999996,-0.29591836734693877,0.5909797718743195,,55.9,-0.3061730399061815,0.7326518435472316,0.6151560178306092,False,False,False
6416,119.0,2026-09-14,0.19238473307746085,0.271367542093514,0.45838940281236273,0.5087406947692801,,94.8,0.44813473025312,2.382489179589357,1.0,True,True,False
6417,103.5,2026-09-14,-0.028169014084507005,-0.050458715596330306,-0.18042010294143584,-0.007269366402030353,,20.8,-0.19067477550067857,0.49281638812874334,0.7216778734781326,False,False,False
6418,35.29999923706055,2026-09-14,0.020231236815314135,0.13322631362285953,0.07951065484584952,0.14141364864927364,,78.6,0.06925598228660679,0.7986638364224627,0.47256940405087666,False,False,False
6419,147.0,2026-09-14,-0.03289473684210531,-0.125,0.0652173913043479,0.6666667243340498,,89.9,0.054962718745105166,0.7244837969270272,0.7557840616966581,False,False,False
6423,81.5999984741211,2026-09-14,-0.03317539100872258,0.0024569649200634203,-0.004878067388767171,-0.10305525479353539,,43.8,-0.015132739948009899,0.44705669528844977,0.6501991910288534,False,False,False
6425,61.09999847412109,2026-09-14,-0.028616899969664433,0.05709341315950445,-0.18930682561525536,-0.06156128286235041,,16.2,-0.1995614981744981,1.0271388468320668,0.6042630182158706,False,False,False
6426,312.0,2026-09-14,0.054054054054053946,0.4273007345835016,0.5747045874004268,1.0037106493165933,,96.8,0.5644499148411841,3.2875835426315376,0.968944099378882,False,False,False
6432,52.70000076293945,2026-09-14,-0.14448048590326878,-0.2556155673512458,-0.25665086808612114,0.4563162748296061,,50.1,-0.26690554064536387,0.22151862181821738,0.6150380233147456,False,False,False
6434,14.75,2026-09-14,-0.0033783912223301904,-0.023178832624351386,-0.14244189850377376,1.508503352538193,,93.8,-0.15269657106301648,0.36379669378887186,0.4041095890410959,False,False,False
6435,241.0,2026-09-14,-0.041749502982107334,-0.07129094412331405,-0.09236332876091213,0.46349707039765,,76.9,-0.10261800132015486,0.23372486949301532,0.5888833309620175,False,False,False
6438,144.0,2026-09-14,-0.07395498392282962,-0.0034602076124568004,-0.020408163265306145,-0.007080346013705774,,51.2,-0.030662835824548873,0.5134353776899684,0.7889685997957265,False,False,False
6441,24.350000381469727,2026-09-14,0.05411255321894792,0.08948545708563782,0.09932283525183316,0.23604058063175648,,82.3,0.08906816269259044,6.2793572912311175,0.7585670261355498,False,False,False
6442,1590.0,2026-09-14,-0.06470588235294117,0.019230769230769162,-0.14467696473163594,-0.07565952670101428,,21.1,-0.15493163729087867,1.009878586947883,0.6766796125724941,False,False,False
6443,23.350000381469727,2026-09-14,-0.050813007342129124,-0.1415441277014753,-0.4020486341185553,-0.5457198504223107,,0.3,-0.412303306677798,0.49141512730563663,0.4464627289119265,False,False,False
6449,214.5,2026-09-14,-0.07343412526997839,-0.0813704496788008,-0.4823805409602676,0.35389844070461995,,7.7,-0.49263521351951034,1.035242093919956,0.46786986538634096,False,False,False
6451,417.5,2026-09-14,-0.06911928651059085,-0.018801410105757976,-0.23914788104255447,0.7624801883240504,,77.5,-0.2494025536017972,0.5739769076233474,0.5769445199329224,False,False,False
6456,63.29999923706055,2026-09-14,-0.07994191236531845,-0.036529647224677,-0.10970463297407218,0.05852842884036202,,38.9,-0.11995930553331491,0.5831110478793355,0.6948408375115644,False,False,False
6462,98.3000030517578,2026-09-14,-0.02189051689793231,-0.012060270836604992,-0.11441438692110095,-0.03627447988472743,,30.0,-0.12466905948034368,0.4278410221089366,0.6281150354744908,False,False,False
6464,75.9000015258789,2026-09-14,-0.026923057360526803,-0.03924048701419103,0.03017521862978878,0.06147516801538844,,67.6,0.019920546070546052,0.18807379278510966,0.9535176253873283,False,False,False
6465,41.650001525878906,2026-09-14,-0.10043191766317738,-0.11571119160941501,-0.3492187261581421,0.23577273132161491,,14.8,-0.3594733987173848,0.6145316251434481,0.5849719566161747,False,False,False
6470,42.59999847412109,2026-09-14,0.02280904954233698,0.015494581629563964,-0.07646381317654127,-0.12895767580067685,,28.5,-0.086718485735784,1.0801573871574996,0.8418453766189885,False,False,False
6473,6.53000020980835,2026-09-14,0.029968462562718345,0.009273635481048759,-0.0943134292289669,-0.1702667973616545,,21.6,-0.10456810178820963,0.6000528269508462,0.38411765940049114,False,False,False
6474,35.20000076293945,2026-09-14,-0.03693566353764077,-0.03286164283374016,-0.0137984251716039,0.06453816770071308,,59.7,-0.02405309773084663,0.47994933253645067,0.7984036027483347,False,False,False
6477,34.04999923706055,2026-09-14,-0.01589593240797149,-0.10980394151475692,0.07181616161579774,-0.10542429793469943,,59.9,0.06156148905655501,0.13638171933586088,0.7693551451103644,False,False,False
6485,59.70000076293945,2026-09-14,-0.03398055825317481,-0.04326924193775372,-0.3166840122715716,-0.33408852956421975,,1.4,-0.32693868483081434,0.32612078719788357,0.48298640706250334,False,False,False
6486,80.5,2026-09-14,-0.023058270518140467,0.08783783783783794,0.057651676187035594,0.013118999687556032,,68.2,0.047397003627792866,0.7886656887201107,0.9560570417773699,False,False,False
6488,900.0,2026-09-14,-0.07312049433573631,-0.1089108910891089,-0.13542620668951777,1.0510321091346708,,89.5,-0.1456808792487605,0.6673361758282027,0.5963561995589934,False,False,False
6494,49.5,2026-09-14,-0.10163336895102182,-0.09671531589139559,-0.26991153728691986,0.094337433122609,,15.6,-0.2801662098461626,0.44331745733724265,0.715317950621057,False,False,False
6498,66.19999694824219,2026-09-14,-0.10054350107739285,-0.11497333893910211,-0.335007584943783,-0.2388641004377009,,1.9,-0.34526225750302575,1.4651017044024834,0.6177040937347744,False,False,False
6504,37.25,2026-09-14,0.014840468805666251,0.009485053106993213,0.06128947869799872,-0.018987502640934517,,65.9,0.051034806138755995,0.76433829864865,0.7698085779076446,False,False,False
6505,82.80000305175781,2026-09-14,0.03889593754349563,0.16784204893896004,0.6068656851882246,0.46003135376112625,,95.8,0.5966110126289819,1.0439684903468311,0.8884120790018917,False,False,False
6506,17.899999618530273,2026-09-14,-0.02185790356319839,0.037681137306102785,0.014945558131889136,0.15772078364137898,,72.2,0.004690885572646408,0.6383334543079044,0.9144316179246138,False,False,False
6508,25.0,2026-09-14,-0.03474902053227702,-0.029126213592232997,0.07780955797818945,-0.13002742160576153,,58.4,0.06755488541894672,0.5596620341232682,0.8699725783942385,False,False,False
6509,45.20000076293945,2026-09-14,-0.0237580667871935,-0.04641351671135119,-0.016158408265096735,0.12337691457406197,,64.7,-0.026413080824339463,0.2930701907823243,0.8127387296883206,False,False,False
6510,3375.0,2026-09-14,-0.02737752161383289,0.1287625418060201,-0.0305135753346496,-0.09151202524208601,,39.6,-0.04076824789389233,2.034768057507025,0.8079054105467423,False,False,False
6512,20.100000381469727,2026-09-14,-0.004950513747167595,0.0,0.025510203585134228,0.01772153830226464,,62.5,0.0152555310258915,1.494820983908431,0.8796498925999966,False,False,False
6515,6600.0,2026-09-14,-0.05714285714285716,-0.022222222222222254,-0.33144246353322526,0.07935143091042485,,9.1,-0.341697136092468,1.6124237808309143,0.6159152074025017,False,False,False
6516,56.20000076293945,2026-09-14,-0.02260868238366165,-0.049069336481480486,0.0035714421953474407,-0.056952540285892805,,50.9,-0.006683230363895287,0.5091851249879381,0.8726707986234393,False,False,False
6517,61.70000076293945,2026-09-14,-0.08320953989424962,-0.03291533697858151,-0.17615484511637636,0.08430471442341192,,29.5,-0.18640951767561909,0.24702381376043128,0.7686545133253754,False,False,False
6525,128.0,2026-09-14,-0.041198501872659166,-0.11724137931034484,0.007874015748031482,0.5903515051506365,,86.8,-0.002380656811211246,0.26696971189845176,0.579185520361991,False,False,False
6526,630.0,2026-09-14,-0.021739130434782594,0.032786885245901676,-0.02629266028208299,0.2382405523444997,,71.9,-0.03654733284132572,0.5407597139876422,0.8534486928416664,False,False,False
6530,90.8000030517578,2026-09-14,-0.03404252072598091,0.08742518624859641,-0.025670292130151373,0.1728956355546889,,67.5,-0.0359249646893941,1.982220788185858,0.6940730955259129,False,False,False
6531,962.0,2026-09-14,0.002083333333333437,0.032188841201716833,0.04826977446455394,0.8344720748109098,,91.5,0.03801510190531121,1.1740277585911845,0.8139506108318886,False,False,False
6532,93.5,2026-09-14,-0.04591836734693877,0.08092485549132955,0.05411503063025691,0.35715878014167113,,83.3,0.04386035807101418,1.303696892395614,0.8488194879447059,False,False,False
6533,232.0,2026-09-14,-0.09727626459143968,-0.05882352941176472,0.15136476426799006,0.2373333333333334,,85.4,0.14111009170874733,0.7669615794866101,0.7127496159754224,False,False,False
6536,16.799999237060547,2026-09-14,0.002985029078241608,0.015105740877629392,-0.16417915829750251,0.1546391076859528,,37.3,-0.17443383085674524,0.4139985745442715,0.3612903061733451,False,False,False
6538,372.5,2026-09-14,0.22131147540983598,1.0244565217391304,2.6394542762636597,4.5476218124733405,,99.0,2.629199603704417,0.38709957414164287,1.0,True,True,False
6546,59.29999923706055,2026-09-14,-0.04200326695842427,-0.06466880426090849,-0.16140584131038105,-0.2048562922951801,,11.0,-0.17166051386962378,0.49344246989975454,0.6820565235304106,False,False,False
6548,72.30000305175781,2026-09-14,-0.017662981648299603,-0.0041321684389596935,-0.2094039861731508,0.58790448684737,,70.9,-0.21965865873239354,0.31126289386881095,0.7406297095293776,False,False,False
6552,23.350000381469727,2026-09-14,-0.027083317438761356,-0.0603621721116161,-0.2017093886677016,-0.13678369537702395,,10.6,-0.21196406122694433,0.36854919962658755,0.6327913120841955,False,False,False
6555,14.300000190734863,2026-09-14,-0.02054795773263296,-0.08333334352216137,-0.25906731834084773,-0.35294117900898136,,2.5,-0.26932199090009046,0.7069937908297579,0.4657980402397121,False,False,False
6556,60.400001525878906,2026-09-14,-0.017886154050749448,0.0219966681103565,-0.13097310278124863,-0.06451815308262676,,24.2,-0.14122777534049136,0.5312394248703439,0.8538626565235309,False,False,False
6558,23.399999618530277,2026-09-14,-0.035051562122462854,-0.09302324377912297,-0.22772276542141756,-0.21212124520449527,,6.3,-0.2379774379806603,0.508897141395399,0.46520874698720444,False,False,False
6559,15.5,2026-09-14,-0.09090905022983276,-0.06344406558698057,-0.18203543981907166,0.24317623028562974,,43.0,-0.1922901123783144,0.5339321126543256,0.3368606758964372,False,False,False
6560,30.700000762939453,2026-09-14,-0.00647245495339388,-0.03154574056569437,-0.1725066839462519,-0.24662574814872507,,8.6,-0.18276135650549463,0.3177934117911661,0.6429319531505645,False,False,False
6561,313.5,2026-09-14,-0.026397515527950333,-0.020312499999999956,-0.05360077430895083,-0.08465236632018469,,35.8,-0.06385544686819355,0.9075071678335727,0.7588754531156852,False,False,False
6565,17.850000381469727,2026-09-14,0.022922613240212497,-0.008333312140570759,-0.12926827407464747,0.08181820493755909,,36.9,-0.1395229466338902,2.8044114330469583,0.5312500354789569,False,False,False
6568,135.0,2026-09-14,0.0,0.018867924528301883,-0.2151162790697675,-0.3436905389797239,,4.0,-0.22537095162901022,0.5599334807950014,0.49702264818756187,False,False,False
6570,47.20000076293945,2026-09-14,-0.06534651954575343,-0.14801445012793002,-0.12592591179741752,0.1948729150774955,,50.2,-0.13618058435666025,0.503192346127736,0.7342539658162243,False,False,False
6573,15.850000381469728,2026-09-14,-0.021604960801632545,-0.03058103904185061,0.0709459579191214,0.15272730047052563,,78.0,0.060691285359878666,0.16900663615897352,0.5670840768808197,False,False,False
6577,79.0,2026-09-14,-0.012499999999999956,0.008939935133584598,0.06325702227721508,0.09217991440131401,,73.8,0.05300234971797235,0.2952799360484983,0.8368643932526089,False,False,False
6578,17.100000381469727,2026-09-14,-0.05524861762012845,-0.04469269576030488,0.03951365278928565,-0.07317074935744583,,56.6,0.02925898023004292,0.6126831817105004,0.7276595907008394,False,False,False
6579,149.0,2026-09-14,-0.019736842105263164,-0.03246753246753242,-0.07596899224806197,0.36129569831538544,,73.4,-0.0862236648073047,0.28205655545263025,0.8119891008174387,False,False,False
6581,110.5,2026-09-14,0.013761467889908285,0.032710280373831724,0.009132420091324311,0.05949402358991618,,63.4,-0.0011222524679184165,1.0589958851124015,0.9778761061946902,False,False,False
6582,31.200000762939453,2026-09-14,-0.0219435380552232,-0.01886787699736292,-0.012658215623466695,0.0,,53.7,-0.022912888182709423,0.3653716964135762,0.8342245852944854,False,False,False
6584,544.0,2026-09-14,-0.11768425695931817,-0.0972669953397245,-0.09875661746155417,0.3968118842448969,,72.7,-0.1090112900207969,0.5948669845184312,0.6784514957468595,False,False,False
6585,103.5,2026-09-14,-0.09210526315789469,-0.11914893617021272,-0.2282507421414246,0.2385546273819048,,33.2,-0.23850541470066733,0.5675514765465548,0.7102144231102476,False,False,False
6588,107.0,2026-09-14,-0.09322033898305082,0.149301844830241,-0.036036036036036,0.23699421965317913,,70.5,-0.04629070859527873,1.3586845901001434,0.670846394984326,False,False,False
6590,62.5,2026-09-14,0.07279486766135035,0.1058039182336834,0.07923810427189637,0.02868747163637897,,72.1,0.06898343171265364,1.518079579630056,0.9624913863952923,True,True,False
6591,41.650001525878906,2026-09-14,-0.009512430878455436,-0.06823264395980244,-0.17977666013691151,-0.2934453867216399,,6.8,-0.19003133269615424,0.5330804788109768,0.5315902440126402,False,False,False
6592,59.70000076293945,2026-09-14,-0.014851447753187252,-0.027687308154592416,-0.012072227192373108,-0.005992690202223705,,53.1,-0.022326899751615836,0.3903960714989409,0.9230067709194659,False,False,False
6593,31.75,2026-09-14,0.007936507936507908,-0.01702784055887796,-0.0876436581588319,-0.1817010148373046,,21.8,-0.09789833071807463,0.4524730949121662,0.6117533538832074,False,False,False
6597,72.5,2026-09-11,-0.005486989266206055,0.06617647058823528,0.03571428571428581,0.2459041153938133,,79.1,0.02545961315504308,0.36909921848366867,0.9282970731942244,False,False,False
6599,38.5,2026-09-14,-0.002590634146996895,0.00917427156283801,-0.15384615384615385,-0.3131014079777351,,7.5,-0.16410082640539658,0.6349213055878314,0.6203222650007622,False,False,False
6603,25.899999618530277,2026-09-14,0.06142936135826105,-0.059876905958190285,0.18042365541689032,0.1751539489120506,,85.2,0.1701689828576476,0.49903858216231584,0.7663304022644319,False,False,False
6606,25.25,2026-09-14,0.00798406263596041,-0.06826569577226682,0.019378339833488578,0.07128148220619246,,66.6,0.00912366727424585,0.5064114505122698,0.9283087974910512,False,False,False
6609,38.79999923706055,2026-09-14,-0.020202001714301754,0.0051813671203522205,-0.05365855519364515,0.10857140677315846,,56.1,-0.06391322775288788,0.2713781219653651,0.785425061510061,False,False,False
6613,253.5,2026-09-14,-0.04339622641509433,-0.06629834254143652,-0.28120670431668593,0.33384321125461036,,32.4,-0.29146137687592866,0.45786255402920695,0.6635014639595025,False,False,False
6614,35.45000076293945,2026-09-14,-0.011157537746351198,-0.016643508649627825,-0.08111215330122123,-0.13180189361070827,,27.4,-0.09136682586046396,0.5634432001707006,0.5087378261288001,False,False,False
6616,8.350000381469727,2026-09-14,-0.0047675757111096395,-0.03801842305342773,-0.14094648641176022,-0.17733983297638656,,14.9,-0.15120115897100295,0.5142014316450386,0.7695852615572577,False,False,False
6618,13.5,2026-09-14,-0.2241379140248334,-0.32668326614963084,-0.24581003979326044,-0.33168319355867615,,3.4,-0.25606471235250317,1.7522038180422743,0.42721518471615,False,False,False
6624,38.25,2026-09-14,-0.059040625726692775,-0.0466901816868065,-0.11564367497871575,-0.36655068073794417,,8.2,-0.12589834753795848,0.7672983557955029,0.5312237123411323,False,False,False
6625,73.30000305175781,2026-09-14,-0.032981529015149835,-0.054193509009576646,-0.05905004344053755,-0.00019720124090050195,,43.3,-0.06930471599978028,0.6339494530978053,0.8637676614666013,False,False,False
6629,103.0,2026-09-14,-0.032863849765258246,-0.0678733031674208,-0.06619084907681294,0.003954417412048938,,42.2,-0.07644552163605567,1.5223722983387233,0.7011057915266445,False,False,False
6638,45.5,2026-09-14,-0.024651693210362424,-0.009793269977536045,-0.1382575633057329,0.30185977129498753,,58.3,-0.14851223586497564,1.8846722544010983,0.6801195659524649,False,False,False
6639,3.5199999809265137,2026-09-14,-0.1619047283855951,-0.21777778201633025,-0.45000001117587074,-0.5428571340104421,,0.2,-0.46025468373511347,2.747990685924186,0.3259259184038035,False,False,False
6640,1130.0,2026-09-14,-0.13076923076923075,0.041474654377880116,0.027272727272727337,0.07550140807990036,,68.2,0.01701805471348461,1.3520292052985847,0.650800617577795,False,False,False
6641,16.899999618530273,2026-09-11,-0.020289877186650762,-0.0505617784890926,-0.06441757889944122,-0.09150018122898373,,33.0,-0.07467225145868395,0.38274775869006855,0.6346138392099346,False,False,False
6642,75.4000015258789,2026-09-14,-0.06335401831206333,-0.10769228963456912,-0.10023867804265796,0.39430362865932556,,72.5,-0.11049335060190069,0.40396409083754,0.8204570214794433,False,False,False
6643,420.5,2026-09-14,0.02311435523114347,-0.04431818181818181,-0.12785449371333013,-0.08429455437813194,,22.9,-0.13810916627257286,1.118088845928259,0.6049962292410676,False,False,False
6648,14.300000190734863,2026-09-14,-0.062295069460008956,-0.04666665395100911,-0.163742697559765,-0.1943661864374725,,11.2,-0.17399737011900773,0.5535126695412991,0.4839255688643239,False,False,False
6651,142.0,2026-09-14,-0.03401360544217691,0.021582733812949728,0.06766917293233088,0.545642535517503,,88.0,0.05741450037308815,0.44335373312579524,0.8402366863905325,False,False,False
6654,204.0,2026-09-14,-0.051162790697674376,0.15909090909090917,-0.01449275362318836,1.227074272906612,,93.5,-0.024747426182431087,0.8096834010989946,0.8967032967032967,False,False,False
6655,122.5,2026-09-14,0.02083333333333326,0.05150214592274671,0.019796979591256036,-0.004104513600407533,,59.5,0.009542307032013309,2.11667521968445,0.9072926544776792,True,True,False
6658,166.0,2026-09-14,-0.054131054131054124,0.03105590062111796,-0.10991957104557637,1.4750576363909582,,94.2,-0.1201742436048191,0.2119924830358607,0.6459143968871596,False,False,False
6664,336.0,2026-09-14,-0.057503506311360475,-0.03586800573888094,-0.08126642823645647,0.24260371858545593,,63.6,-0.0915211007956992,0.6667902176965814,0.7196746692485073,False,False,False
6667,245.0,2026-09-14,-0.039215686274509776,0.10360360360360366,-0.07581684915313103,0.03269047231462574,,43.2,-0.08607152171237376,1.4077968116018462,0.8676005109965741,False,False,False
6668,42.20000076293945,2026-09-14,0.03178482123620441,0.18041960176054417,-0.03652964616417809,0.2196532550283996,,69.4,-0.046784318723420815,0.9864551613857692,0.8940677983224545,False,False,False
6669,2270.0,2026-09-14,-0.08835341365461846,0.05220571851229194,0.42767240793579564,0.7395859682418993,,95.3,0.4174177353765529,0.5788653370309284,0.8680697251403203,False,False,False
6670,272.5,2026-09-14,-0.0126811594202898,0.042065009560229516,0.003786254303954184,0.03622459826522251,,60.4,-0.006468418255288544,0.3327710812248412,0.9478260869565217,False,False,False
6671,22.549999237060547,2026-09-14,-0.023809572957859237,0.0022221883138020537,-0.08879685933142645,-0.2114006022539331,,19.2,-0.09905153189066918,0.18005194286285087,0.5875455604349709,False,False,False
6672,294.5,2026-09-14,-0.016694490818030094,0.09074074074074079,0.3265765765765767,1.9948677747320165,,97.4,0.31632190401733395,1.1007181086891251,0.9349206349206349,False,False,False
6673,15.850000381469728,2026-09-14,0.046204671984497736,0.11619722495545437,0.08561643611917269,0.6091370322469707,,89.5,0.07536176355992996,1.9569993463395807,0.3899138938870441,False,False,False
6674,15.899999618530272,2026-09-14,-0.03636365948301379,0.0707070175143405,-0.08092483700988595,-0.12876714419012214,,27.6,-0.09117950956912868,0.3612121584217178,0.6973684276570244,False,False,False
6679,197.0,2026-09-14,-0.048309178743961345,-0.041362530413625254,-0.27037037037037037,-0.1853737953265695,,5.1,-0.2806250429296131,0.9952726396653055,0.5812021987613173,False,False,False
6680,52.0,2026-09-14,-0.059674489739395487,-0.03345723536405931,-0.006364694764937284,-0.08449670041749247,,45.9,-0.016619367324180012,0.5889323848837033,0.7237424582109574,False,False,False
6682,35.95000076293945,2026-09-14,0.04963505877195473,0.00983152538820442,-0.4055267394398435,-0.06013069900811885,,2.5,-0.41578141199908625,0.9518259226502781,0.507052186025941,False,False,False
6683,1335.0,2026-09-14,-0.05319148936170215,-0.025547445255474477,-0.22215341266292354,0.18742065816966247,,30.5,-0.23240808522216627,1.1805687517039358,0.5231132170234505,False,False,False
6684,44.34999847412109,2026-09-14,-0.032715377315587935,-0.07700313884886978,-0.08650877093595088,-0.020971319623384277,,35.5,-0.09676344349519361,0.08822376657928448,0.6493410906660225,False,False,False
6689,70.5,2026-09-14,0.1370967741935485,0.11904761904761907,0.07624411422011868,0.02485052144892852,,71.5,0.06598944166087595,4.325982097470685,0.8534427248173433,True,True,False
6690,188.0,2026-09-14,0.15337423312883436,0.13595166163142003,0.11710259059164474,0.17328825343122567,,81.7,0.10684791803240201,3.2502603030252284,1.0,True,True,False
6691,613.0,2026-09-14,-0.017628205128205177,-0.04243251357708666,-0.018156215680067644,0.13351080404797555,,65.2,-0.028410888239310372,0.40445022072893183,0.8746663303880212,False,False,False
6692,23.450000762939453,2026-09-14,0.004282671513319736,-0.02087682605729624,-0.10129283295421065,-0.23009777518052033,,16.7,-0.11154750551345338,0.6878482566414769,0.672432347406193,False,False,False
6693,179.0,2026-09-14,-0.02981029810298108,-0.04533333333333334,0.00804697034939128,0.8690871176247901,,90.9,-0.0022077022098514476,1.0988278234003124,0.64894164088811,False,False,False
6695,46.0,2026-09-14,-0.05349791266980297,-0.0980392156862745,-0.12547525980192276,0.10576927132860603,,40.3,-0.13572993236116548,0.24869391178510178,0.6676342377542961,False,False,False
6697,41.5,2026-09-14,0.01591191065259645,0.001206254189149547,-0.005988023952095856,-0.020204421887811463,,52.8,-0.016242696511338583,0.8313674910521395,0.8051519774891474,True,False,False
6698,31.350000381469727,2026-09-14,-0.007911392309558285,0.007095253063147622,-0.18605815818226923,0.05286012917121519,,25.2,-0.19631283074151196,0.31164427860345656,0.6647902216101013,False,False,False
6705,98.0,2026-09-14,-0.04854368932038833,-0.10909090909090913,0.07332682905959764,0.6022869256139822,,89.1,0.06307215650035491,0.6731852283609976,0.6857569463752685,False,False,False
6706,151.0,2026-09-14,0.22267206477732793,0.27966101694915246,-0.08761329305135956,0.21285140562248994,,59.8,-0.09786796561060229,3.0364390519754467,0.6974595842956121,True,False,False
6708,36.79999923706055,2026-09-14,-0.0441558639724533,-0.012080557394347768,-0.06122452752980356,-0.06122452752980356,,36.3,-0.07147920008904629,0.5143151804301148,0.7603305387786822,False,False,False
6715,346.0,2026-09-14,0.020648967551622377,-0.11282051282051286,-0.1955819374935568,0.124623314562049,,29.8,-0.20583661005279952,1.1631706817316982,0.610735696143891,False,False,False
6716,120.5,2026-09-14,0.021186440677966045,-0.02429149797570851,0.20983937596454205,0.5589226004639603,,91.7,0.19958470340529932,1.2966480044385416,0.8763636363636363,False,False,False
6719,182.5,2026-09-14,-0.03947368421052633,-0.1097560975609756,-0.22157628667198526,0.080767986195456,,21.4,-0.23183095923122798,0.23841102208159515,0.5965839003472165,False,False,False
6720,130.5,2026-09-14,-0.011363636363636354,-0.050909090909090904,-0.08098591549295775,-0.21650184935087202,,19.9,-0.09124058805220048,0.7230599474383099,0.7441043995478184,False,False,False
6721,49.59999847412109,2026-09-14,-0.01782181239364189,-0.038759691068654956,-0.11084287717166585,-0.12998039998169286,,22.2,-0.12109754973090858,0.8689287501574516,0.8354401587872826,False,False,False
6723,34.400001525878906,2026-09-14,-0.05103444066540952,0.1260229913245916,-0.009835376523169015,-0.07667152814723532,,46.1,-0.020090049082411743,0.20947751122373096,0.6715116408951469,False,False,False
6725,206.5,2026-09-14,-0.09230769230769231,-0.13235294117647056,-0.3365461847389558,-0.034976268711208514,,5.4,-0.34680085729819854,0.5958743881279854,0.5190836696418928,False,False,False
6727,488.5,2026-09-14,-0.09031657355679701,0.13078703703703698,0.2597516598846301,0.7206363804734597,,94.1,0.2494969873253874,0.9999028839717656,0.7482161166873954,False,False,False
6728,108.0,2026-09-14,-0.004608294930875556,0.018867924528301883,0.029735726321068245,-0.10300362935695828,,51.7,0.019481053761825518,0.7843971597144347,0.7891102401550864,False,False,False
6729,50.0,2026-09-14,-0.027237382963384404,0.24962353127143033,-0.024103465046208306,-0.21056139148191455,,30.3,-0.03435813760545103,0.9460443715578514,0.6970689090524825,False,False,False
6732,145.0,2026-09-14,-0.023569023569023573,-0.08227848101265822,-0.06148867313915862,-0.08567003656369221,,33.9,-0.07174334569840135,0.21885804590227456,0.5828185452032859,False,False,False
6735,60.0,2026-09-14,-0.0445859756540915,-0.0445859756540915,-0.33073507301660676,0.0886068309790724,,9.5,-0.3409897455758495,0.3561957897387306,0.4181751608318965,False,False,False
6737,26.600000381469727,2026-09-14,0.08130081174740655,-0.1073825146817845,-0.1162790682937892,-0.28171150516371246,,11.8,-0.12653374085303193,0.7824349878584069,0.4674788839310585,False,False,False
6738,78.4000015258789,2026-09-14,-0.017543878099489207,-0.017543878099489207,0.19694658818135724,0.06957705677747295,,83.2,0.1866919156221145,0.21217970150226298,0.9445783316370953,False,False,False
6739,1145.0,2026-09-14,0.03153153153153143,0.13366336633663356,0.004385964912280604,-0.03842855632962128,,53.2,-0.0058687076469621235,2.319937289475198,0.6775986332790258,False,False,False
6741,59.0,2026-09-14,-0.015025066827253353,0.0845587931083569,-0.03119871064488422,-0.016093223990397143,,47.5,-0.04145338320412695,0.47104753869469,0.7430234135666555,False,False,False
6742,45.5,2026-09-14,0.029411746937130445,0.04838705991447689,-0.2589576731391019,0.041189913172428705,,13.6,-0.2692123456983446,0.35792383118769566,0.6417489283606326,False,False,False
6743,29.25,2026-09-14,0.020942421970632452,0.11641218123072905,0.12723213908344277,0.3814589641010764,,87.5,0.11697746652420005,0.7279395682244018,0.9288779597740034,False,False,False
6750,57.79999923706055,2026-09-14,-0.035058468035448764,0.01760563403929627,-0.04713312772468048,-0.0910897428668298,,36.2,-0.05738780028392321,1.6731832385225542,0.8220560294361791,False,False,False
6751,41.650001525878906,2026-09-14,0.006038647120428786,0.0048251087878934396,-0.09238281579589858,-0.16815946400395565,,22.0,-0.1026374883551413,0.504495501433104,0.6370273258476788,False,False,False
6752,96.5999984741211,2026-09-14,-0.005149330667942875,-0.005020024066756945,-0.019724119520748817,-0.12351227385534624,,38.6,-0.029978792079991545,0.7094759946927878,0.7549310139803684,False,False,False
6753,133.0,2026-09-14,-0.032727272727272716,-0.1507824750911081,0.12753257945342855,-0.013408977025164193,,74.8,0.11727790689418582,0.24790421731565232,0.7733508345941865,False,False,False
6754,41.70000076293945,2026-09-14,-0.02227434300003528,-0.0011975865164203237,-0.006386667332020313,0.011436086102951881,,55.8,-0.01664133989126304,0.6463404259064226,0.9040089089254073,False,False,False
6755,11.050000190734863,2026-09-14,0.023148147739337155,-0.21631206441264972,-0.3282674967633049,-0.357558156942405,,1.1,-0.33852216932254764,0.8961415032539836,0.4250000073359563,False,False,False
6756,94.5,2026-09-14,-0.05405406850249195,-0.04737900295192987,-0.03275329629679968,0.2216336883308836,,70.2,-0.04300796885604241,0.6791390576792292,0.84,False,False,False
6757,53.900001525878906,2026-09-14,-0.02882880133551524,-0.0164233161261248,-0.0007504858143895232,0.05144915840159592,,60.9,-0.011005158373632251,0.2644782360020067,0.6902348043492491,False,False,False
6761,162.0,2026-09-14,-0.09999999999999998,-0.11956521739130432,-0.15625,0.0048737669468059686,,26.2,-0.16650467255924273,0.6506888499582232,0.7043478260869566,False,False,False
6763,41.09999847412109,2026-09-14,0.00488990075258644,-0.026066404477044558,-0.09045592782145317,-0.14299934218323596,,24.4,-0.1007106003806959,0.531252683792682,0.6441691818226224,False,False,False
6768,61.70000076293945,2026-09-14,-0.03291533697858151,-0.07496246497856107,-0.24644843718377385,-0.314881648673908,,3.6,-0.2567031097430166,0.6278692716585257,0.531452153785756,False,False,False
6770,70.69999694824219,2026-09-14,-0.030178388636325826,-0.0952500576770412,-0.0009521733421219425,0.0879201962456686,,64.3,-0.01120684590136467,0.6496522476721237,0.7996888158822989,False,False,False
6771,41.70000076293945,2026-09-14,-0.0023923080369923078,0.004819295492517028,0.07612905194682451,0.01904321809961007,,70.9,0.06587437938758178,0.5894301623453829,0.8533764499777627,False,False,False
6775,40.95000076293945,2026-09-14,-0.07457625394487111,0.30206676532722887,-0.017985611181728256,0.7062500317891438,,87.9,-0.028240283740970984,1.0683871158938565,0.566390028139063,False,False,False
6776,51.59999847412109,2026-09-14,-0.026415123129790774,-0.05147064289007075,-0.08221220659264739,-0.07440788573773882,,31.7,-0.09246687915189011,0.4822745011144455,0.7404737015435469,False,False,False
6781,998.0,2026-09-14,-0.07592592592592595,-0.10892857142857137,-0.12152833741429236,0.009586832867743977,,32.0,-0.1317830099735351,0.3525522242618053,0.6764231947273579,False,False,False
6784,17.600000381469727,2026-09-14,-0.03561641745371358,-0.05913466813113488,-0.21594558342426495,-0.023145314331774247,,15.2,-0.22620025598350768,0.669380073678439,0.4370767884091251,False,False,False
6786,50.900001525878906,2026-09-14,0.00992063462028403,-0.13287903127226386,-0.37851037145835176,-0.45444801863894546,,0.6,-0.3887650440175945,0.6783615029398291,0.36884059076723846,False,False,False
6787,28.5,2026-09-14,-0.046822730314104666,-0.11297960736329471,-0.15680471469506063,0.1399999999999999,,37.4,-0.16705938725430336,0.8685772910528807,0.5740181092470871,False,False,False
6788,326.0,2026-09-14,-0.09065550906555087,-0.10316368638239337,-0.2365339578454333,-0.023374839539394787,,12.7,-0.24678863040467602,0.7171750789087641,0.6461038293367243,False,False,False
6789,436.0,2026-09-14,-0.07430997876857748,-0.014689265536723117,-0.10153803583949905,0.2952715693070591,,64.9,-0.11179270839874178,0.5865422106316527,0.7175931688140446,False,False,False
6791,102.5,2026-09-14,0.026026010354440077,0.014851485148514865,0.0,0.0496671622973377,,60.9,-0.010254672559242728,0.38186461497837726,0.7347670250896058,True,False,False
6792,59.400001525878906,2026-09-14,-0.01328902370302032,0.008488964126432297,-0.09999997688062268,0.08730161002308545,,43.9,-0.1102546494398654,1.0152475852195741,0.8468406724885662,False,False,False
6793,6.25,2026-09-14,0.15740738696685752,0.16171001246335304,0.25,0.03305781867105084,,85.1,0.23974532744075727,1.9782077935137234,0.7621951396801446,False,False,False
6799,78.69999694824219,2026-09-14,-0.011306552049388685,-0.041225915780331746,-0.10174659894926807,0.022853494400683072,,36.6,-0.1120012715085108,0.26586053289249584,0.7274644071664584,False,False,False
6803,268.5,2026-09-14,-0.011049723756906049,-0.0037105751391465214,-0.009076902284092414,-0.04088012811218755,,49.9,-0.019331574843335142,0.741856194233811,0.9172842480745879,False,False,False
6804,18.0,2026-09-14,-0.010989052448102776,-0.052631578947368474,0.13924056133997276,0.09233063880824499,,80.4,0.12898588878073003,0.48555379643567426,0.8845208679401507,False,False,False
6805,2165.0,2026-09-14,-0.04415011037527594,0.20783368097088273,0.26384916426323635,0.24579415717898678,,89.4,0.2535944917039936,0.7093047062151808,0.9232409381663113,False,False,False
6807,33.75,2026-09-14,0.0,-0.11184210526315785,0.015037593984962516,-0.16568971370374563,,41.4,0.004782921425719788,0.3076642103666839,0.7134676601099987,False,False,False
6811,248.0,2026-09-14,0.10961968680089496,0.05084745762711873,0.1310428911624748,0.344392033170144,,86.8,0.12078821860323208,1.23275655693884,1.0,True,True,False
6812,61.20000076293945,2026-09-14,0.035533034569162014,0.1167883506383458,-0.08108104857209464,0.39407741767075466,,74.2,-0.09133572113133737,0.5737679180841246,0.5884615457974948,False,False,False
6818,39.150001525878906,2026-09-14,-0.10514282226562499,-0.1192350764025063,-0.3046180807031402,-0.2414209572936563,,2.7,-0.31487275326238295,0.7715587919132056,0.3955178382204727,False,False,False
6819,64.5,2026-09-14,0.04878048780487809,0.449438202247191,0.7793103448275862,2.014018745315743,,98.1,0.7690556722683435,5.096551964754424,0.9161931619602298,False,False,False
6820,303.5,2026-09-14,-0.078907435508346,-0.003284072249589487,0.013355592654423987,1.4207678378827708,,94.8,0.0031009200951812588,2.9721337437004056,0.7207742924515995,False,False,False
6821,40.5,2026-09-14,-0.010989029415274465,-0.03800471572711828,-0.3327841929002514,0.11638306772242268,,10.3,-0.34303886545949414,0.24906158835264153,0.5625,False,False,False
6823,59.20000076293945,2026-09-14,-0.01497500389403783,-0.057324817163319386,-0.09341503834208709,-0.10166920497427245,,28.0,-0.10366971090132981,0.38699454687969703,0.5611374479899475,False,False,False
6825,34.04999923706055,2026-09-14,0.030257186780163536,-0.06623201730953776,-0.11445958242507437,0.06875558863436404,,39.0,-0.1247142549843171,0.299624067804767,0.8591063218307833,False,False,False
6826,420.0,2026-09-14,-0.0625,-0.11016949152542377,-0.2170659702884018,-0.15565935523515295,,8.7,-0.22732064284764453,0.8470217622167988,0.6781318616667292,False,False,False
6829,215.5,2026-09-14,-0.1647286821705426,-0.11680327868852458,0.04371078696620789,0.9925388822093171,,92.8,0.033456114406965165,0.9589314089653387,0.7884146048042631,False,False,False
6830,556.0,2026-09-14,-0.044673539518900296,0.36609336609336607,0.1120000000000001,0.5685666239749951,,89.8,0.10174532744075737,0.8589343550640312,0.5702564102564103,False,False,False
6831,541.0,2026-09-14,-0.047535211267605626,-0.2079062957540263,-0.2326241134751773,0.7058445531199058,,74.6,-0.24287878603442004,0.7379604637494984,0.5658995815899581,False,False,False
6832,67.0,2026-09-14,0.010558022866088423,-0.03458215379122087,-0.19359217076353985,0.10555915920679393,,28.6,-0.20384684332278258,0.426704688234073,0.4913596297506929,False,False,False
6833,21.899999618530277,2026-09-14,-0.00454547188498744,-0.04157552503630835,-0.0855950346181773,-0.11156186785223021,,28.5,-0.09584970717742003,0.5426761788970381,0.6974522256237957,False,False,False
6834,98.1999969482422,2026-09-14,0.012371102559197933,-0.027722802492651466,0.16904758271716913,2.1706055973526213,,97.2,0.1587929101579264,2.0043149255840604,0.7439393708200167,False,False,False
6835,30.100000381469727,2026-09-14,-0.03833862251887754,-0.032154340441610696,-0.14752303071442563,-0.20442787064369305,,12.6,-0.15777770327366836,0.4581889030096346,0.7466875907982524,False,False,False
6839,11.550000190734863,2026-09-14,0.0,-0.033472771959388914,-0.10116732701498776,-0.1183206218014603,,24.8,-0.11142199957423049,0.9393721790407482,0.6363636602472911,False,False,False
6840,90.6999969482422,2026-09-14,-0.02368142671153617,0.11975304874373083,0.397814428674395,0.5301657104710391,,94.4,0.38755975611515225,1.992397168466616,0.9217479221724236,False,False,False
6854,89.19999694824219,2026-09-14,-0.06203997497943636,-0.03463208360164882,-0.308527155439983,-0.3582734032500562,,1.3,-0.3187818279992257,0.5506175536317336,0.4682414537965469,False,False,False
6855,113.0,2026-09-14,-0.05439330543933052,-0.04641350210970463,-0.029084012665646974,0.01675324309796955,,52.0,-0.0393386852248897,0.8560859724787233,0.8906146874609145,False,False,False
6858,20.899999618530277,2026-09-14,-0.023364486397796425,-0.09130436441172707,-0.12552301455578363,0.007228897278567459,,31.0,-0.13577768711502636,0.5236602988054079,0.6333333217736448,False,False,False
6859,117.0,2026-09-14,0.049327354260089606,0.07339449541284404,-0.0600598124989159,-0.041109413550353247,,38.8,-0.07031448505815863,0.8482048308689766,0.8554132242837598,False,False,False
6862,132.0,2026-09-14,-0.06049822064056942,-0.0736842105263158,-0.27939530444817684,-0.3455377536284129,,2.0,-0.28964997700741957,0.27254238475457604,0.5941828443210058,False,False,False
6863,92.9000015258789,2026-09-14,-0.10241544419440674,-0.13981480068630647,-0.02393488318926995,0.04772277164680605,,56.0,-0.03418955574851268,0.5276644595573478,0.6495881161852927,False,False,False
6869,63.5,2026-09-14,-0.023076923076923106,-0.009360350833133468,-0.16337279174746722,-0.3617146850212306,,5.7,-0.17362746430670994,0.4961169993423396,0.5254959289412912,False,False,False
6870,304.5,2026-09-14,0.00995024875621886,0.14473684210526305,0.20830896971645574,0.7130456108839198,,93.1,0.198054297157213,1.131381417590189,0.9934747145187602,False,False,False
6873,68.0,2026-09-14,-0.008746333636544312,0.023364747273722397,-0.10276785203761551,-0.2845778370014431,,13.0,-0.11302252459685824,0.44661809522590734,0.5098351336506669,False,False,False
6874,69.69999694824219,2026-09-14,0.011610963782966,0.03663393120151115,-0.05537497477061948,-0.12573037883092109,,31.9,-0.0656296473298622,0.6808696287118369,0.8491575921921193,False,False,False
6877,112.0,2026-09-14,-0.07818930041152261,-0.10399999999999998,-0.12148593662506169,-0.04703559903743215,,27.7,-0.1317406091843044,0.4077235728361616,0.6045688236418655,False,False,False
6878,19.549999237060547,2026-09-14,-0.04166668614530933,-0.24807695242074823,0.9948978425065285,0.6428571314084714,,97.3,0.9846431699472857,0.10115620638399749,0.6729776161962727,False,False,False
6881,213.0,2026-09-14,0.0,0.06499999999999995,-0.14800000000000002,-0.04682498691013315,,22.6,-0.15825467255924275,0.355785224777662,0.8318617759019117,False,False,False
6882,12.5,2026-09-14,-0.06367043874017853,-0.1228070175438597,-0.30939227974839434,-0.16943522647293408,,3.8,-0.31964695230763707,1.0263819653631185,0.5285412347409082,False,False,False
6884,32.349998474121094,2026-09-14,0.07296845384497752,0.04523417372118588,-0.03991280783760354,-0.02609853858933109,,44.7,-0.050167480396846265,1.5764878654943233,0.4976922842172476,True,False,False
6887,38.20000076293945,2026-09-14,0.006587615150831283,0.07002800970792356,0.17622804813632253,-0.06010418173300891,,77.8,0.1659733755770798,0.38903921245275164,0.5390395763604424,False,False,False
6890,147.5,2026-09-14,-0.11144578313253017,-0.12462908011869434,-0.3221390610129261,-0.10341066347106331,,4.4,-0.33239373357216884,0.7868504665318623,0.5336102543505264,False,False,False
6894,364.0,2026-09-14,0.031161473087818692,0.08333333333333326,0.019607843137254832,0.14954794603591037,,72.2,0.009353170578012104,1.8378861097992856,0.8899755501222494,True,False,False
6895,150.0,2026-09-14,-0.0228013029315961,0.3100436681222707,-0.07692307692307687,-0.02880748042701886,,36.4,-0.0871777494823196,0.2272936070678747,0.5276028654915395,False,False,False
6898,79.9000015258789,2026-09-14,-0.024420023965054938,0.08707485069223009,-0.18386107987181055,-0.26336436923176487,,7.2,-0.19411575243105328,0.9380167316443934,0.6216218927372593,False,False,False
6899,49.09999847412109,2026-09-14,-0.014056240435010414,-0.03725493187997875,-0.17071405685247654,0.015385557183009935,,24.2,-0.18096872941171926,0.2818272626232783,0.7803568576899277,False,False,False
6901,15.050000190734863,2026-09-14,0.006688988812411312,-0.08787877631909924,-0.032154340441610696,0.048780473216506026,,54.7,-0.042409013000853424,0.22044228879912098,0.7149644055206373,False,False,False
6902,124.0,2026-09-14,-0.015873015873015928,-0.06060606060606055,-0.035019455252918275,0.5917843077166869,,84.9,-0.045274127812161,0.6790750847137255,0.8406779661016949,False,False,False
6903,292.0,2026-09-14,-0.07301587301587298,-0.06858054226475274,-0.22367393619886922,-0.040201327632474304,,13.0,-0.23392860875811194,0.5117436394814765,0.6877819961921416,False,False,False
6904,122.5,2026-09-14,-0.0080971659919028,-0.004065040650406471,0.040983567232285134,0.020163910438560695,,65.8,0.030728894673042406,1.0862186014935507,0.9624187638188346,False,False,False
6906,83.0,2026-09-14,-0.040462427745664775,0.1261872922232139,-0.05241979280706732,0.19413763731680111,,64.6,-0.06267446536631005,0.762274922576599,0.7016791963881791,False,False,False
6908,30.850000381469727,2026-09-14,0.02491694320581206,-0.0594511860045267,-0.17949342956977687,-0.4858600331848709,,2.9,-0.1897481021290196,0.6932499689345533,0.45603259535210205,False,False,False
6909,41.79999923706055,2026-09-14,0.04239403560168631,0.03465340738378053,-0.09719222622358059,-0.08197614730581038,,29.1,-0.10744689878282332,0.7961894738778662,0.6376692431153419,False,False,False
6914,120.0,2026-09-14,-0.008264462809917328,0.026017500427435447,0.06575757522371672,0.012291491272913069,,69.1,0.055502902664473996,0.4838344091517712,0.96,False,False,False
6916,18.149999618530277,2026-09-14,-0.021563322640527183,-0.02419358890915746,-0.15972225472269652,0.0,,25.2,-0.16997692728193925,1.0149730637199628,0.81390135603084,False,False,False
6920,98.3000030517578,2026-09-14,0.05812703376947348,0.2667526415550121,-0.004052623189990112,1.2366325675845862,,93.9,-0.01430729574923284,1.3570639233654171,0.750381702685174,True,False,False
6921,61.0,2026-09-14,-0.046875,-0.18990707134405604,-0.12857142857142856,-0.12732476869237097,,19.6,-0.1388261011306713,0.18986476565624857,0.5865384615384616,False,False,False
6922,185.5,2026-09-14,-0.11244019138755978,-0.07711442786069655,0.04640345207591001,0.1438164064532439,,74.4,0.036148779516667284,0.7052078650045028,0.8708920187793427,False,False,False
6923,75.69999694824219,2026-09-14,-0.011749367412624223,-0.0052562619434864954,-0.01643866767023694,-0.09349189645900735,,42.3,-0.026693340229479667,0.36301712105319667,0.6294792302274376,False,False,False
6924,142.5,2026-09-14,0.1399999999999999,0.23376623376623384,0.31427139187477393,0.9801687967696053,,95.4,0.3040167193155312,1.3103533761076414,0.7675073057542173,True,True,False
6925,55.20000076293945,2026-09-14,0.1073220150968659,0.051428585960751505,-0.13479621593985025,-0.211878925736821,,13.4,-0.14505088849909298,0.8736654546889074,0.4102781817453919,True,False,False
6927,70.80000305175781,2026-09-14,-0.07692300040723266,-0.05851055950856954,0.11496067798043796,0.860709710154183,,92.9,0.10470600542119524,0.7086538495336813,0.8762376284367919,False,False,False
6928,47.0,2026-09-14,-0.018789175307075134,-0.07480313571123642,-0.003181368420456465,-0.0339157548638761,,52.1,-0.013436040979699193,0.13393435472560397,0.6752873711265338,False,False,False
6933,305.5,2026-09-14,-0.02396166134185307,0.6206896551724137,1.0146413638654233,1.4144339418826983,,98.0,1.0043866913061805,1.2244034360648068,0.9038461538461539,False,False,False
6937,283.5,2026-09-14,-0.010471204188481686,0.012499999999999956,0.05364670543156613,0.07348937480182038,,71.7,0.043392032872323405,1.139739689050341,0.81084330871463,False,False,False
6940,17.0,2026-09-14,-0.12144704574373932,-0.18269227771363905,-0.32539684582068895,-0.23423426055103125,,2.3,-0.3356515183799317,2.2171746582626435,0.4594594594594595,False,False,False
6944,694.0,2026-09-14,-0.03477051460361613,-0.06342780026990558,-0.07616999550536085,0.15247782058416015,,56.0,-0.08642466806460358,0.5352929672679319,0.8371531966224367,False,False,False
6947,67.69999694824219,2026-09-14,-0.023088110145112584,-0.06362387149863036,-0.2633297516412122,-0.16419756854021994,,5.6,-0.2735844242004549,0.16490716885274753,0.7202127334919382,False,False,False
6951,69.9000015258789,2026-09-14,-0.019635364178913428,-0.022377601036658645,-0.0023056469129290047,0.03772842056737957,,59.3,-0.012560319472171733,0.8289159869046586,0.9497283012914305,False,False,False
6952,38.54999923706055,2026-09-14,-0.0178344143424064,0.018494076384654834,0.0723226263961978,-0.03745318423407018,,66.3,0.06206795383695507,0.49645596068529024,0.7811550238907503,False,False,False
6953,228.0,2026-09-14,-0.04201680672268904,0.027027027027026973,-0.012987012987012991,0.06202299984839632,,59.6,-0.02324168554625572,2.618676388276905,0.7794871794871795,False,False,False
6957,240.0,2026-09-14,0.08597285067873295,0.10091743119266061,0.2957214839394493,0.5248428854305776,,93.0,0.2854668113802066,0.8097353785324374,0.9884357471894387,True,False,False
6958,17.350000381469727,2026-09-14,-0.005730680635963603,-0.005730680635963603,0.04723134179639543,0.05633763889809851,,69.9,0.036976669237152704,0.5808386192475321,0.9088191272100421,False,False,False
6959,115.5,2026-09-14,0.013157894736842035,0.04054054054054057,-0.17500000000000004,0.406820976207533,,61.6,-0.18525467255924277,0.9019548504790784,0.5435294117647059,False,False,False
6962,30.75,2026-09-14,-0.03301884472490335,0.0,-0.14040845732171447,0.00015372801605617603,,28.7,-0.1506631298809572,0.4902036930136218,0.6906599086891636,False,False,False
6965,68.5999984741211,2026-09-14,-0.08288775835138174,-0.09617922140974922,-0.09920412928686406,-0.12718579965654475,,24.3,-0.10945880184610679,1.5170001882907829,0.7162210235030038,False,False,False
6968,41.5,2026-09-14,-0.005988023952095856,-0.0012514909193463986,-0.008061082929066488,-0.08115134802632928,,45.8,-0.018315755488309216,0.6839520073485774,0.6894993997685016,False,False,False
6969,32.650001525878906,2026-09-14,-0.03402360169052032,0.03980897842466713,0.22744364878369594,0.15575226640279305,,86.9,0.2171889762244532,1.2725444774825372,0.7811005292299358,False,False,False
6977,207.5,2026-09-14,0.03750000000000009,0.22988841420173678,-0.09808182414733846,0.29494550432590594,,65.3,-0.10833649670658119,1.1671073378639842,0.6307893708294984,False,False,False
6982,44.150001525878906,2026-09-14,-0.04643623642785477,-0.09249742772579905,-0.21341298934528463,-0.12212627995745362,,10.4,-0.22366766190452736,0.7414630889765245,0.6356592647027324,False,False,False
6988,12.0,2026-09-14,-0.020408163265306145,-0.040000000000000036,-0.13669062378946817,-0.16666664459087166,,16.3,-0.1469452963487109,1.1769352084090712,0.5714285714285714,False,False,False
6994,28.0,2026-09-14,-0.21126760563380287,-0.2200557434568381,-0.49549549549549554,-0.6585365853658536,,0.1,-0.5057501680547383,1.2385269004449264,0.27586206896551724,False,False,False
6997,68.0,2026-09-11,0.0,-0.01449275362318836,-0.048099466169062466,-0.12309764917967403,,33.0,-0.058354138728305194,0.8952760201250589,0.6698559789082716,False,False,False
7402,101.5,2026-09-14,-0.028708133971291905,-0.12121212121212122,0.11436765130979887,-0.14767193967910897,,63.7,0.10411297875055614,0.19917968283709192,0.6365825093464714,False,False,False
7419,49.70000076293945,2026-09-14,-0.033073943822424456,0.005055611651018754,-0.18923325641916167,-0.4650161469685804,,2.9,-0.1994879289784044,1.0046469530525854,0.22694064275314818,False,False,False
7507,19.0,2026-09-14,0.002638482060556502,-0.05472638609916747,-0.21325050517096844,-0.2116182697404051,,6.9,-0.22350517773021117,0.45042771619920824,0.4303510610042218,False,False,False
7516,8.100000381469727,2026-09-14,-0.02994011839266486,-0.06358372963188608,-0.10989010528354426,-0.09999995761447478,,25.0,-0.12014477784278699,3.982873358753159,0.6183206218014601,False,False,False
7547,49.5,2026-09-14,-0.015904557638066863,-0.01968357154399747,-0.12074714072853399,-0.1719656999618978,,18.1,-0.1310018132877767,0.8216565314061373,0.5189910618909935,False,False,False
7551,12.550000190734863,2026-09-14,-0.03461536994347203,-0.03461536994347203,-0.04562733423580645,-0.07720589421199664,,37.7,-0.05588200679504918,0.24546499360748056,0.66578249001374,False,False,False
7556,242.0,2026-09-14,-0.03200000000000003,0.012552301255230214,-0.06760295296565255,0.41264527530159545,,76.9,-0.07785762552489528,0.4904604627283555,0.8081748420692709,False,False,False
7558,17.649999618530273,2026-09-14,0.002840865680502347,-0.024861920080407884,-0.12623767564838995,-0.1921874147496756,,15.7,-0.13649234820763267,0.1652615820324697,0.6679439649873924,False,False,False
7578,23.899999618530277,2026-09-14,-0.004166682561238422,-0.07364339824479549,-0.21825337334374195,-0.1798285259697645,,7.5,-0.22850804590298468,0.38438508776162306,0.5536626443057441,False,False,False
7590,15.550000190734863,2026-09-14,-0.05757574601606885,-0.06347146553943384,-0.26461967665983277,-0.14172592426803787,,6.1,-0.2748743492190755,1.2292655712331029,0.4975307696438729,False,False,False
7610,1780.0,2026-09-14,-0.10999999999999999,0.017142857142857126,0.11567093577349619,5.891966923969582,,98.9,0.10541626321425346,2.1187739281069295,0.6846153846153846,False,False,False
7702,21.0,2026-09-14,0.0,0.0,0.03960392113094824,-0.19880145295012974,,43.1,0.02934924857170551,2.1992373796314206,0.45538205891848843,False,False,False
7704,61.0,2026-09-14,0.018363913958263423,-0.04088048013364387,0.04452052065390699,0.37895035030434165,,83.3,0.034265848094664264,0.6769156248723658,0.9008615284284777,False,False,False
7711,478.0,2026-09-14,-0.27575757575757576,0.012711864406779627,0.34695060422755475,1.421857088032676,,96.7,0.336695931668312,1.48020705391229,0.7242424242424242,False,False,False
7721,58.900001525878906,2026-09-14,-0.03600649759711516,-0.0724409208523007,-0.23653759508987926,0.17213933384833635,,26.8,-0.246792267649122,0.38783856238508346,0.6504799266150713,False,False,False
7722,265.5,2026-09-14,-0.048387096774193505,-0.039783001808318286,-0.1628378263296567,-0.17393941908690058,,12.6,-0.17309249888889944,0.5197213649648789,0.45166859121142905,False,False,False
7728,643.0,2026-09-14,0.0337620578778135,0.09701014079021841,-0.06556829444521617,-0.07872937573971173,,33.9,-0.0758229670044589,1.0748505119453924,0.7292108958515479,False,False,False
7730,168.0,2026-09-14,-0.06925207756232687,0.0559934994819804,0.025473450459090552,0.24496072963200555,,78.3,0.015218777899847824,0.47838168379287754,0.7713343423454122,False,False,False
7740,124.0,2026-09-14,-0.03125,-0.12056737588652477,-0.1345129314554423,-0.2776596513462398,,10.5,-0.14476760401468503,0.5723340862312193,0.5963859869184192,False,False,False
7742,102.0,2026-09-14,-0.04672897196261683,-0.13191489361702124,-0.26618705035971224,0.8888888888888888,,80.1,-0.27644172291895497,0.5673066009112594,0.3669064748201439,False,False,False
7749,339.0,2026-09-14,-0.0423728813559322,-0.027259684361549463,-0.28718775346769476,-0.09926450644575502,,6.0,-0.2974424260269375,0.8427143300897538,0.6083915279618467,False,False,False
7750,1960.0,2026-09-14,-0.1747368421052632,-0.16772823779193202,-0.1384615384615384,0.4814239359420551,,73.0,-0.14871621102078114,1.0964666708681596,0.6384364820846905,False,False,False
7765,240.0,2026-09-14,0.08843537414965996,0.0596026490066226,0.010740350033004553,0.09979237788469608,,67.4,0.00048567747376182524,3.1556146388999986,0.7777348247749888,True,True,False
7769,6305.0,2026-09-14,-0.03960396039603964,-0.04324734446130496,-0.132447217418027,0.5669174496163385,,78.7,-0.14270188997726974,1.25921658995368,0.77302524647639,False,False,False
7786,114.0,2026-09-14,-0.012987012987012991,-0.06938775510204087,-0.07584742751530427,-0.1692286855525975,,24.7,-0.086102100074547,0.7342397826603845,0.42883341371097544,False,False,False
7788,282.0,2026-09-14,-0.1090047393364929,0.052238805970149294,0.0382250873251293,0.8715374917087348,,91.6,0.027970414765886575,1.5843818791448847,0.8417910447761194,False,False,False
7795,491.0,2026-09-14,-0.08395522388059706,-0.08395522388059706,0.24777636594663277,0.19786492484702523,,88.1,0.23752169338739004,1.6120327306580657,0.7372372372372372,False,False,False
7812,77.5,2026-09-14,-0.0025739633989356747,0.051560423461434635,-0.042027212135358094,-0.10714288853437404,,35.8,-0.05228188469460082,0.9374979884615601,0.6828193832599119,False,False,False
7815,306.0,2026-09-14,-0.09601181683899562,0.035532994923857864,-0.17631224764468367,0.48043974059917116,,68.1,-0.1865669202039264,0.8155359228571167,0.5272799172086527,False,False,False
7819,34.099998474121094,2026-09-14,-0.01870507988140735,-0.12339338980654091,-0.21884941491326482,-0.5837530752488254,,1.0,-0.22910408747250754,0.34799503548226624,0.2497481595024834,False,False,False
7823,81.80000305175781,2026-09-14,-0.016826850334565435,-0.03537735721741597,-0.002438987173685181,0.04203825543640516,,59.8,-0.012693659732927909,1.7638095320016431,0.5527027233226879,False,False,False
7828,1950.0,2026-09-14,0.04278074866310155,0.13372093023255816,-0.025000000000000022,0.8893245898769793,,90.4,-0.03525467255924275,1.749072520897466,0.8387096774193549,False,False,False
7833,21.299999237060547,2026-09-14,-0.10878662857608934,-0.1143451179724907,-0.14800003051757815,-0.35356604722699303,,6.8,-0.15825470307682088,0.35216831150637296,0.33069204160856214,False,False,False
7861,1190.0,2026-09-14,-0.004184100418409997,0.1333333333333333,-0.027975827423751265,0.7104288915604984,,87.8,-0.03823049998299399,1.8793845050623572,0.8479359803324723,False,False,False
8011,15.550000190734863,2026-09-14,-0.009554115946023956,-0.03715166823329086,-0.12146885897548221,-0.19776809752249846,,16.1,-0.13172353153472494,0.42808820884922605,0.6478946368770135,False,False,False
8016,277.0,2026-09-14,-0.04974271012006859,-0.09477124183006536,-0.0053859964093356805,0.42801296372046194,,81.9,-0.01564066896857841,0.4321005886960573,0.7630853994490359,False,False,False
8021,442.5,2026-09-14,-0.04220779220779225,0.019585253456221308,-0.14228298159449104,0.8826161590233557,,86.6,-0.15253765415373377,0.8134337952718226,0.7647114975378655,False,False,False
8024,12.600000381469728,2026-09-14,-0.015624984866008274,-0.07352940970226152,0.024390259031121353,-0.03816793781985395,,56.7,0.014135586471878625,0.26944719955250507,0.7220630275403643,False,False,False
8027,166.0,2026-09-14,-0.10512129380053903,-0.10991957104557637,-0.32793522267206476,0.5159817351598173,,40.9,-0.3381898952313075,0.886993919230344,0.5665529010238908,False,False,False
8028,221.5,2026-09-14,-0.11222444889779559,-0.1577946768060836,-0.2945859872611465,0.20153969522616344,,19.5,-0.3048406598203892,0.63077787336715,0.626890239673421,False,False,False
8032,34.54999923706055,2026-09-14,-0.03356645490739729,-0.0624151786241125,-0.22970674242132372,0.0013812689187846505,,15.1,-0.23996141498056645,0.486079388687489,0.7421510616023708,False,False,False
8033,174.0,2026-09-14,-0.016949152542372836,-0.1364764267990074,0.3919999999999999,0.21678321678321688,,91.9,0.3817453274407572,0.37604418575064014,0.6456400742115028,False,False,False
8034,19.75,2026-09-14,-0.05502390619714026,0.05053195752618489,-0.10526945205413152,-0.15938616048958576,,20.6,-0.11552412461337425,0.8480968545058949,0.7188697291740704,False,False,False
8038,30.0,2026-09-14,-0.0275526862547556,-0.03536978675167923,-0.2619926476287786,-0.32279908540263447,,2.8,-0.27224732018802134,0.42382617861249516,0.5128205128205128,False,False,False
8039,274.0,2026-09-14,-0.1620795107033639,0.005504587155963359,0.964880920661519,1.269637849913578,,97.8,0.9546262481022763,0.9688387525121811,0.7773049645390071,False,False,False
8040,78.0999984741211,2026-09-14,-0.05333335182883525,0.06986299279617936,-0.1682641405219074,0.5526838898354849,,73.8,-0.17851881308115014,1.2013537219310852,0.6247999877929687,False,False,False
8042,111.0,2026-09-14,-0.0864197530864198,-0.013333333333333308,-0.4233766233766234,1.0366338115974805,,72.4,-0.43363129593586613,1.4203764145959128,0.5273159144893111,False,False,False
8043,133.0,2026-09-14,-0.07638888888888884,-0.08308273053485038,-0.3655454214725352,0.7921007688240693,,62.0,-0.37580009403177794,0.2969277107312825,0.5910371593181056,False,False,False
8044,23.850000381469727,2026-09-14,0.004210542377672599,-0.0982986883354926,-0.1675392426168132,0.025806468020203255,,26.0,-0.17779391517605592,0.5538034456851069,0.671830996661119,False,False,False
8045,47.84999847412109,2026-09-14,-0.03915664242597605,-0.05807088203236277,-0.20720353458216778,-0.3509639514506824,,4.1,-0.2174582071414105,0.7414587300288786,0.47031595887000494,False,False,False
8046,1055.0,2026-09-14,0.004761904761904745,-0.1915708812260536,0.17207771557027818,0.8678694430459384,,93.7,0.16182304301103545,0.5142666741274632,0.7455830388692579,False,False,False
8047,46.70000076293945,2026-09-14,0.10926371628364762,0.03547677035369445,-0.06599998474121094,-0.12546817549607137,,30.4,-0.07625465730045367,1.9376942212752999,0.7783333460489908,False,False,False
8048,48.150001525878906,2026-09-14,-0.0369999694824219,-0.06504851406060375,-0.21324052627511025,-0.1551055991322824,,9.2,-0.22349519883435298,0.5643125064210113,0.7000553955289575,False,False,False
8049,24.549999237060547,2026-09-14,0.01028806616663247,-0.019960155070101737,-0.07750692858680197,0.014561901481334738,,40.9,-0.0877616011460447,0.5684398968385247,0.922493071413198,False,False,False
8050,56.59999847412109,2026-09-14,0.0,-0.024137957342739935,0.061550291914078015,0.4309542524002177,,85.6,0.05129561935483529,0.27517098408434737,0.8202898329582766,False,False,False
8054,82.5,2026-09-14,-0.0036232251292344086,-0.001210635302280605,-0.17085427135678388,-0.17500000000000004,,11.6,-0.1811089439160266,0.3363855595184106,0.5357142857142857,False,False,False
8059,22.329879760742188,2026-09-11,-0.007407506636267547,-0.08843546843274475,-0.25555561419792916,-0.22766576080538747,,4.6,-0.2658102867571719,0.3589154743223245,0.41104291032147,False,False,False
8064,113.5,2026-09-14,-0.07346938775510203,0.1073170731707318,-0.18330701361338697,0.8501136152995843,,84.0,-0.1935616861726297,2.5143685066062,0.6628233323234304,False,False,False
8066,14.300000190734863,2026-09-14,-0.02054795773263296,-0.03050846164509402,-0.07443363318623708,-0.2704081677337925,,18.0,-0.08468830574547981,0.32437540981004354,0.6299559343663712,False,False,False
8067,12.5,2026-09-14,0.06382978723404253,0.0,0.020408163265306145,-0.1749174709739929,,41.5,0.010153490706063417,0.8623800639110784,0.7082153127570936,False,False,False
8068,16.25,2026-09-14,-0.03273805131176777,-0.076704565466435,-0.1333333333333333,-0.2696629213483146,,10.7,-0.14358800589257603,0.30353773152813146,0.5622837444461669,False,False,False
8069,145.5,2026-09-14,-0.03322259136212624,-0.12084592145015105,-0.22684540772513395,0.009252151205859649,,15.7,-0.23710008028437668,0.543225607755167,0.6039299864678471,False,False,False
8070,50.20000076293945,2026-09-14,0.006012008574888705,0.011077527092801187,-0.06691447072811862,0.19144552400862103,,61.7,-0.07716914328736135,0.3508663988212528,0.797337991469576,False,False,False
8071,21.399999618530277,2026-09-14,-0.06956523397694447,-0.1229508215943449,-0.27702704923182486,0.28915657390096805,,30.2,-0.2872817217910676,0.15409788689427345,0.6331360976797273,False,False,False
8072,26.350000381469727,2026-09-14,0.017374547087541048,-0.0075329137980405525,-0.03707222605310334,-0.02326684166100057,,45.7,-0.04732689861234607,0.4393834858358947,0.7730739391671186,False,False,False
8074,49.900001525878906,2026-09-14,-0.08440364172699255,-0.11992943819332713,-0.35194803213144277,-0.1828602234096648,,2.2,-0.3622027046906855,0.43189978801355794,0.5447598510602235,False,False,False
8076,21.600000381469727,2026-09-14,-0.013698595538180314,-0.05639717467943506,-0.12670483332035232,-0.1385289522533566,,19.0,-0.13695950587959504,0.6028646566405956,0.7786373136588075,False,False,False
8080,29.100000381469727,2026-09-14,0.00866551115058467,0.03743319689727076,0.03558718812898798,-0.05672609330180589,,57.2,0.02533251556974525,0.61252873242884,0.6094240917585283,False,False,False
8081,246.5,2026-09-14,-0.025691699604743046,-0.04457364341085268,-0.07978493067893577,0.08543109280493955,,48.2,-0.0900396032381785,0.2645682582661197,0.7608024691358025,False,False,False
8084,41.09999847412109,2026-09-14,-0.09471372042370374,-0.2096154139592099,-0.1026201057037639,-0.10652177230171556,,25.8,-0.11287477826300663,1.5576782754031755,0.6199094507135381,False,False,False
8085,14.050000190734863,2026-09-14,-0.08169934538673773,0.24888890584309897,0.12400001525878901,-0.17836258027455776,,62.7,0.11374534269954628,0.4813227436176052,0.6095444969969809,False,False,False
8086,105.5,2026-09-14,-0.06222222222222218,-0.061195404696108624,-0.3311016883808797,-0.19227373248955304,,2.6,-0.34135636094012245,0.6486127253290156,0.5978979286188852,False,False,False
8087,24.399999618530277,2026-09-14,-0.09629631042480458,-0.08097927232815638,-0.2781065038671211,-0.2594840954913057,,3.4,-0.28836117642636383,0.7746516979629309,0.6280566429052423,False,False,False
8088,41.59999847412109,2026-09-14,-0.0480549714452021,-0.13782386582132466,-0.3282754164481265,-0.2949115874622531,,1.5,-0.33853008900736925,0.2971558507708688,0.5825901898543138,False,False,False
8089,18.100000381469727,2026-09-14,0.06158364758907764,0.011173227217972093,-0.11922135992941607,-0.24267779621902852,,13.5,-0.1294760324886588,1.1539723833563817,0.48525471184154667,False,False,False
8091,207.0,2026-09-14,-0.04387990762124716,-0.09999999999999998,-0.16532258064516125,0.5770456851965735,,75.2,-0.17557725320440398,0.41704144158825285,0.7016949152542373,False,False,False
8092,12.699999809265137,2026-09-14,-0.011673195933978309,0.015999984741210893,-0.13605442353403552,-0.048689180047276626,,24.8,-0.14630909609327825,0.2071394119557835,0.666666683353882,False,False,False
8093,25.649999618530277,2026-09-14,-0.022857157389322813,0.009842519832859109,0.3864864658665015,0.2512194935868428,,92.1,0.37623179330725876,0.6482910587533649,0.7733668819689635,False,False,False
8096,86.0,2026-09-14,-0.17687748623016597,-0.25812992693178105,-0.3934887020362764,0.0387964321747154,,4.4,-0.4037433745955191,1.0478913667768583,0.5098988904731231,False,False,False
8097,48.29999923706055,2026-09-14,-0.012269985073534717,-0.045454531747404214,-0.16291163607603454,-0.18412164502373718,,12.2,-0.17316630863527727,0.9688626713922711,0.6870554358511203,False,False,False
8099,58.59999847412109,2026-09-14,0.008605852205361142,0.042650019710499976,0.018158268551967227,0.026772167843039707,,62.1,0.0079035959927245,0.40398642913841887,0.7276046701176205,False,False,False
8101,12.550000190734863,2026-09-14,0.04583334922790527,0.09130436441172729,-0.1633333206176758,-0.16053509358862295,,13.1,-0.17358799317691853,0.2025332135889257,0.6570680596902246,False,False,False
8102,63.0,2026-09-11,-0.03076923076923077,-0.08163263263385723,-0.11764707768016403,0.25990243522859524,,58.2,-0.12790175023940675,0.7162592457603499,0.7733785485815414,False,False,False
8103,113.0,2026-09-14,-0.08502024291497978,0.4321926212249365,0.253194491274636,0.34736511166944295,,90.6,0.24293981871539327,1.2069858928853772,0.8932806324110671,False,False,False
8104,29.649999618530277,2026-09-14,-0.029459890049308712,-0.06907380648633854,-0.23285903110049022,-0.13049850600339397,,8.3,-0.24311370365973295,0.2250195278734799,0.6647982204693242,False,False,False
8105,14.5,2026-09-14,-0.04605261960848528,-0.13432835820895528,-0.3317972585160477,0.13725490196078427,,11.1,-0.3420519310752904,0.25932091449425543,0.5765407642120416,False,False,False
8109,127.5,2026-09-14,-0.011627906976744207,-0.026717557251908386,0.08974358974358965,0.3398152170871722,,84.8,0.07948891718434692,0.29749582794470497,0.7894736842105263,False,False,False
8110,41.5,2026-09-14,-0.0535917572610175,-0.11419420807614988,-0.26806510339452627,-0.22842965335996257,,4.2,-0.278319775953769,0.34948072508102684,0.4857386132018144,False,False,False
8111,70.69999694824219,2026-09-14,-0.03809527961575254,0.2738738188872467,0.278480975111135,0.044739941571253716,,86.7,0.2682263025518923,0.8663218261894737,0.8833153701787232,False,False,False
8112,83.5999984741211,2026-09-14,-0.07522127142676172,-0.1273486867327699,-0.09012561818058307,0.008865397595450686,,37.5,-0.1003802907398258,0.5563161900672556,0.835999984741211,False,False,False
8114,179.5,2026-09-14,-0.05277044854881263,-0.12009803921568629,-0.08679516486413497,0.0823168883198091,,46.5,-0.0970498374233777,0.6165677995708658,0.7114105510863519,False,False,False
8119,10.050000190734863,2026-09-14,0.0060060481472847815,0.00903615986377404,-0.042857124691917825,0.33289127872422153,,75.3,-0.05311179725116055,1.8894474943923119,0.5860058550599625,False,False,False
8121,26.5,2026-09-14,-0.0398550857342832,-0.10472974126751688,-0.47316102580623776,0.06854841996926408,,2.4,-0.4834156983654805,0.3099266308947862,0.48713233927748234,False,False,False
8131,59.0,2026-09-14,-0.04684978116949623,-0.09509198218466086,-0.2131792572092822,-0.084251598334109,,12.1,-0.22343392976852494,0.5805847302515127,0.7010360641708903,False,False,False
8147,131.5,2026-09-14,-0.073943661971831,0.08677685950413228,-0.05556080975564315,-0.006589855716649162,,43.4,-0.06581548231488588,0.7230321656586952,0.7039914050479006,False,False,False
8150,86.5999984741211,2026-09-14,-0.05147869025778984,-0.057671414186705294,-0.07287052801162597,0.41690542159259913,,76.7,-0.0831252005708687,0.41840327813450134,0.7069387630540498,False,False,False
8155,316.5,2026-09-14,-0.08789625360230546,-0.012480499219968744,-0.2048667856355364,0.4941107937914515,,64.0,-0.21512145819477912,0.5212662368534985,0.7036885276768323,False,False,False
8162,60.400001525878906,2026-09-14,-0.011456578817079066,0.013422870339588888,-0.11824815290687729,0.6547622220250462,,82.0,-0.12850282546612002,0.29105676000336966,0.7006960981929663,False,False,False
8163,29.700000762939453,2026-09-14,-0.04038772113688571,-0.07042253352963601,-0.3109048302919898,0.057906620852943735,,9.9,-0.3211595028512325,0.4792926451059961,0.6556291669568391,False,False,False
8171,19.799999237060547,2026-09-14,0.007633568521233869,0.005076064479612397,-0.03649635171992738,-0.23106799079376517,,26.5,-0.046751024279170106,1.594937831503724,0.6366559162120768,False,False,False
8176,9.9399995803833,2026-09-14,0.014285651726904769,-0.015841662875575535,-0.006000041961669922,-0.08807340107745942,,45.5,-0.01625471452091265,0.352532156476394,0.715107903106138,False,False,False
8182,37.400001525878906,2026-09-14,-0.055555480631644394,-0.06733159728134774,-0.26835350123968593,0.4137831435659163,,42.8,-0.27860817379892866,0.11411876701937121,0.6374005421442556,False,False,False
8183,28.0,2026-09-14,0.0017888814202411396,-0.06821961028645518,-0.12028255825750556,-0.2088609771084814,,15.4,-0.13053723081674828,0.86502552753831,0.705505233259294,False,False,False
8201,11.899999618530272,2026-09-14,0.025862002344394064,0.004219344763796817,-0.11194030169416691,-0.11851854677553542,,22.7,-0.12219497425340964,0.8574251377076805,0.650273230308709,False,False,False
8210,886.0,2026-09-14,-0.05442902881536815,-0.11399999999999999,-0.33669519558325145,0.008402553422593773,,6.4,-0.3469498681424942,1.0369575905904975,0.57585946770397,False,False,False
8213,32.849998474121094,2026-09-14,-0.0030349707588122055,-0.004545500784209233,-0.05856574388997482,0.025085790551540255,,46.5,-0.06882041644921755,0.5292527076396994,0.8141829621978344,False,False,False
8215,24.950000762939453,2026-09-14,-0.015779077416608778,0.014227657562695395,-0.13344980091383685,0.1378350162685964,,42.1,-0.14370447347307957,0.47396499525652763,0.7748447258316721,False,False,False
8222,34.70000076293945,2026-09-14,-0.05449591167364898,-0.15980626140541399,0.011328024982358631,-0.07550993879992485,,50.5,0.001073352423115903,0.2688825320090918,0.670343841315255,False,False,False
8227,241.0,2026-09-14,0.4695121951219512,0.5907590759075907,0.3662213535924672,0.8999015415928127,,95.6,0.3559666810332245,5.309180452325746,0.976656234440396,True,True,False
8234,62.70000076293945,2026-09-14,-0.05135845663350702,-0.09099909069099188,-0.0018249802022046735,-0.05278281296337428,,50.2,-0.012079652761447401,0.4848948908681814,0.6776011024046379,False,False,False
8240,50.0,2026-09-14,-0.1071428571428571,0.17233290061341044,-0.07319327949163656,0.03960264894359056,,44.4,-0.08344795205087929,2.1409872871058626,0.6851926006392315,False,False,False
8249,37.54999923706055,2026-09-14,-0.06125001907348637,-0.1070154597299956,-0.27262736179800384,-0.24014274360187293,,3.9,-0.28288203435724657,0.7114383599549907,0.6095428199888538,False,False,False
8261,166.5,2026-09-14,-0.08011049723756902,-0.09999999999999998,-0.05097130738553335,0.5015743368980503,,81.4,-0.06122597994477608,0.29863636445111325,0.47990656379982327,False,False,False
8271,202.0,2026-09-14,-0.09009009009009006,-0.1330472103004292,0.0035345857169444272,0.08518698556529314,,64.9,-0.006720086842298301,0.32785573890575226,0.7935820326840217,False,False,False
8277,18.67371940612793,2026-09-11,0.006249795084052323,-0.007398477256429614,-0.21844677903694776,-0.030120683040071983,,14.4,-0.22870145159619049,0.8568834360606553,0.48936160109660426,False,False,False
8284,68.5999984741211,2026-09-14,0.03939391627456201,0.044140055716646254,0.14962117579851753,0.14244730807851536,,82.6,0.1393665032392748,0.5340444245884932,1.0,True,True,False
8289,40.84999847412109,2026-09-14,-0.10022032816814397,-0.1326963949570834,-0.3734662517461603,0.07732852740272778,,6.2,-0.38372092430540305,0.22001101509328058,0.540799017928422,False,False,False
8291,31.5,2026-09-14,-0.00943393849868146,-0.09999999999999998,-0.19642858706827382,1.2661871125526463,,90.8,-0.20668325962751655,0.4029914918410771,0.23684210526315788,False,False,False
8298,40.20000076293945,2026-09-14,0.049608395919767956,-0.1289274228864966,-0.1803565843804964,0.3678639003722812,,56.6,-0.19061125693973913,0.4867037798714368,0.7193077704937436,False,False,False
8299,1935.0,2026-09-14,-0.07637231503579955,-0.06971153846153844,-0.17931343337673666,-0.015590617869732482,,20.2,-0.1895681059359794,0.5973622853251556,0.6767814081851531,False,False,False
8341,74.19999694824219,2026-09-14,-0.01198404186637958,-0.022397951824244533,-0.02243263905962556,0.015654408931997432,,53.3,-0.03268731161886829,0.9430404822913617,0.8547037195160212,False,False,False
8342,85.19999694824219,2026-09-14,-0.02068969025008982,-0.040540607880580004,-0.009238989303170797,0.07332440444867983,,61.3,-0.019493661862413525,1.1014563476934807,0.9311475076310621,False,False,False
8345,52.0,2026-09-14,0.01364523924658756,0.0038610186464320684,0.0001366875464292594,0.14968980318750646,,69.8,-0.010117985012813469,0.3405870684903059,0.9536186858078483,False,False,False
8349,38.400001525878906,2026-09-14,-0.01538457625951517,-0.020408143405366563,-0.03947315312420052,-0.0686139577677558,,40.1,-0.04972782568344325,1.1143431551171703,0.8446537503041694,False,False,False
8354,17.0,2026-09-14,-0.025788008210015145,-0.03954806399811717,0.04385275051323645,0.11163534592648494,,72.8,0.03359807795399372,0.36485517375636745,0.9010096925633737,False,False,False
8358,518.0,2026-09-14,0.005825242718446644,0.20886814469078185,-0.17662862257572487,1.0814829180574073,,88.7,-0.1868832951349676,0.730376569448626,0.7433867499375906,False,False,False
8367,40.70000076293945,2026-09-14,-0.012135922105364738,0.011180143178620039,0.004938290442949356,-0.056778694699931465,,51.3,-0.005316382116293372,0.6891162381733085,0.929223777896825,False,False,False
8374,77.19999694824219,2026-09-14,-0.0687575931570682,-0.09918320073142484,-0.14021581022811636,0.03588460098550095,,31.0,-0.15047048278735908,0.47465672667307957,0.6847839055488584,False,False,False
8383,64.0,2026-09-14,-0.025875145010758938,-0.1478029121125225,0.097477326104219,0.5250493655314556,,88.5,0.08722265354497627,0.44475084156672107,0.7079645898200416,False,False,False
8390,90.4000015258789,2026-09-14,-0.06418216403909316,-0.09054325816742403,-0.1800834094565087,-0.046898979283628406,,18.5,-0.19033808201575142,1.0832208608537204,0.7249455628940533,False,False,False
8401,22.649999618530277,2026-09-14,-0.006578930857438436,-0.017353563200433353,-0.013071944855602369,-0.11821270286281238,,40.5,-0.023326617414845097,1.9459102839607005,0.8000026812443723,False,False,False
8404,13.899999618530272,2026-09-14,-0.128526659263284,-0.1366460068828037,-0.14445734767799334,-0.2852697826927203,,9.4,-0.15471202023723607,2.39119617300374,0.5117978355839946,False,False,False
8410,29.0,2026-09-14,-0.03494173922525723,-0.043062150365291374,-0.08603849117128448,-0.1738480380703571,,22.5,-0.09629316373052721,1.0257708952775022,0.7149020333235189,False,False,False
8411,12.649999618530272,2026-09-14,-0.026923106266902197,-0.023166038235786557,0.05812417985218388,0.05812417985218388,,71.2,0.04786950729294115,0.7277150079841698,0.9511277772268455,False,False,False
8415,34.900001525878906,2026-09-14,-0.061827935212085405,-0.06933329264322918,0.03400902155840746,0.08156725610779714,,69.7,0.02375434899916473,0.7071163828143014,0.9029754242703171,False,False,False
8416,170.0,2026-09-14,0.002949852507374562,0.00591715976331364,-0.008746355685131157,0.05577304336545086,,60.0,-0.019001028244373885,0.5703479846291625,0.9440510258277919,True,False,False
8421,12.350000381469728,2026-09-14,-0.011999969482421768,-0.0851851569281683,-0.05363983134361294,-0.09191176212782681,,34.9,-0.06389450390285567,0.29230749869400924,0.7329376915060052,False,False,False
8422,26.100000381469727,2026-09-14,0.0019194297840148256,-0.011363607628614547,-0.028307428238534382,-0.10782400841639239,,38.2,-0.03856210079777711,0.4172677973863395,0.5251632797958283,False,False,False
8424,68.80000305175781,2026-09-14,0.0029155186892921847,0.0,-0.001451356631444134,-0.01003484074222849,,55.0,-0.011706029190686862,0.6463115120121461,0.9679082125785347,False,False,False
8426,20.549999237060547,2026-09-14,-0.012019231210093517,-0.03747077892811301,0.034864385648449625,-0.17807885397953394,,44.3,0.024609713089206897,0.42970120444423465,0.7135208197916084,False,False,False
8431,62.5,2026-09-14,-0.07132247896135036,0.3075314016227466,0.15955469815695622,-0.06437130022922444,,75.9,0.1493000255977135,2.3881131183484046,0.7931471774049099,False,False,False
8433,53.29999923706055,2026-09-11,-0.02380951050166613,-0.02380951050166613,-0.011131767566468054,0.027297776236714588,,56.5,-0.02138644012571078,0.5811901944911472,0.901110081018985,False,False,False
8435,53.20000076293945,2026-09-14,-0.005607462374963457,0.0018832823294168133,-0.01298702677407837,0.003133754274592837,,53.9,-0.023241699333321097,0.6899986776568079,0.9380386038931054,False,False,False
8437,9.109999656677246,2026-09-14,-0.01619876549643484,0.0,-0.11553403029332521,-0.307224340612153,,10.6,-0.12578870285256794,0.6292834834133598,0.49781420964368017,False,False,False
8438,67.69999694824219,2026-09-14,-0.014556041403515518,0.007440476528371098,-0.1572595545797506,0.001214965102474208,,25.7,-0.16751422713899333,0.17092834945843766,0.6449140770992038,False,False,False
8440,20.0,2026-09-14,-0.00990102749433508,-0.004975143262281545,-0.09297056861736086,-0.16605765849939602,,22.1,-0.10322524117660359,0.7147899732955412,0.6795085885669254,False,False,False
8442,45.45000076293945,2026-09-14,-0.004381177574026451,0.10700153714532479,0.20638326460391676,-0.15867886303727186,,75.7,0.19612859204467403,0.37658836721436284,0.64415399906619,False,False,False
8444,4.599999904632568,2026-09-14,-0.0800000190734863,-0.08183638832702689,-0.05544147582572634,-0.471264367186105,,9.1,-0.06569614838496907,0.6622425187290463,0.31615119205027586,False,False,False
8454,245.0,2026-09-14,0.012396694214876103,-0.06666666666666665,-0.23676012461059193,0.42371888248452794,,51.0,-0.24701479716983465,0.3928177140137305,0.5574516496018203,False,False,False
8455,23.600000381469727,2026-09-14,0.026086973107379396,-0.09230767763577974,-0.26249998807907104,0.08009153178249462,,15.6,-0.2727546606383138,0.5615939739177221,0.5091693885307564,False,False,False
8462,162.0,2026-09-14,-0.015197568389057725,-0.07954545454545459,0.1684376199945654,0.14108294644595998,,83.9,0.15818294743532268,0.37357073306440397,0.9025069637883009,False,False,False
8463,21.100000381469727,2026-09-14,-0.01860463342001273,-0.014018656187301137,-0.009389706675764664,-0.12078356726168726,,41.0,-0.019644379235007392,0.2303567915736095,0.7818745932034972,False,False,False
8464,377.5,2026-09-14,0.04570637119113563,0.0013262599469496816,0.07549857549857553,-0.017561694665412908,,68.4,0.0652439029393328,0.5649429044035298,0.8391006898849657,True,False,False
8466,13.75,2026-09-14,-0.1013072007458855,-0.12916150374795432,-0.12371873999074978,-0.2678589727483389,,11.8,-0.1339734125499925,0.6585638603816106,0.5392500112017113,False,False,False
8467,83.19999694824219,2026-09-14,-0.07862686449131184,-0.18029559656904248,-0.3350296438680832,-0.44835258846869086,,0.7,-0.34528431642732593,0.8653580290910432,0.4421710011104158,False,False,False
8472,81.0,2026-09-14,0.03580566702081889,0.17052028283445697,-0.04705882352941182,0.034482718301523496,,49.7,-0.05731349608865455,1.3529941237952705,0.8785249748486491,True,False,False
8473,38.400001525878906,2026-09-14,-0.04855157927131615,-0.041176070535733134,-0.1254362684094582,0.12883706232084258,,42.9,-0.13569094096870093,0.8534777036876423,0.7730518327086506,False,False,False
8476,19.700000762939453,2026-09-14,0.045092857520857565,-0.01990047815616136,-0.0018856807609054504,0.03720500940601745,,59.3,-0.012140353320148178,0.210296473904307,0.8024440478678483,False,False,False
8477,15.300000190734863,2026-09-14,0.0065789725476688155,-0.04075232766790993,-0.08383236576320785,0.1167883506383458,,50.7,-0.09408703832245058,0.5250397754718219,0.737349406782403,False,False,False
8478,142.0,2026-09-14,-0.0035087719298245723,-0.010452961672473893,-0.020689655172413834,-0.09256558245842927,,41.5,-0.030944327731656562,0.2545660371543724,0.6408877614223818,False,False,False
8481,40.79999923706055,2026-09-14,-0.016867488263601293,-0.004878067388767171,0.03648939624920877,0.048932308867669194,,67.6,0.026234723689966044,0.3695004688722287,0.9831325117363987,False,False,False
8482,47.29999923706055,2026-09-14,-0.033707895815359046,-0.009424099747423087,0.004689937147177137,0.034239715123488335,,60.2,-0.005564735412065591,0.593749756883125,0.8870235947322888,False,False,False
8487,70.0999984741211,2026-09-14,-0.018207325265765295,-0.029085852671524526,-0.10814249573807067,0.07035989285388933,,40.3,-0.1183971682973134,0.20051479317513052,0.8435619706533636,False,False,False
8488,9.9399995803833,2026-09-14,-0.07534887624341391,0.0,-0.05333337329682852,0.0226336735916306,,46.9,-0.06358804585607125,0.5123346090086093,0.838818502987294,False,False,False
8489,21.75,2026-09-14,-0.018058673833820094,-0.05021832478982735,-0.033333333333333326,-0.21195653263096836,,28.9,-0.043588005892576054,0.43252483032733524,0.44753087824851706,False,False,False
8499,251.5,2026-09-14,-0.025193798449612448,-0.040076335877862634,-0.13919883147952705,-0.07107785894440499,,22.3,-0.14945350403876978,0.36264331335344424,0.6488451305075039,False,False,False
8905,34.0,2026-09-14,-0.017340997126628732,-0.025788008210015145,0.18611543394658603,-0.12272219339924662,,75.3,0.1758607613873433,0.21874794402286327,0.8557495509734757,False,False,False
8906,28.299999237060547,2026-09-14,-0.027491447901100474,0.017985612004385976,-0.05033557175848968,-0.06446283513849427,,38.1,-0.06059024431773241,0.37402679041097986,0.7092731367116699,False,False,False
8908,40.0,2026-09-14,-0.004975143262281545,0.03301660065921097,-0.017464531962837038,0.005388241098883917,,53.3,-0.027719204522079766,0.48623621823257646,0.8729111069616962,False,False,False
8916,40.75,2026-09-14,-0.013317173056192289,0.011166272244631292,-0.02287028597118934,-0.06756873650489281,,43.8,-0.03312495853043207,0.37405639201526175,0.8660922537275871,False,False,False
8917,52.09999847412109,2026-09-14,-0.035185213442202046,-0.022514085930888217,0.03846913323040657,-0.025034349050601423,,61.0,0.028214460671163843,5.73922914194314,0.7822234944561033,False,False,False
8921,16.549999237060547,2026-09-14,-0.0030121170638643946,-0.05157601642003029,-0.07721458731964292,-0.023564188105689055,,36.8,-0.08746925987888565,0.5022009066421391,0.86570599563364,False,False,False
8924,50.0,2026-09-14,-0.019607843137254943,-0.027237382963384404,-0.10233394407297758,-0.21907536168228636,,17.5,-0.1125886166322203,0.5770712905344929,0.7123860781220209,False,False,False
8926,57.400001525878906,2026-09-14,-0.00863557835618567,0.01234569230194782,-0.2306552598059708,0.24916876721522074,,33.6,-0.24090993236521352,0.8170323614470401,0.7086419941466532,False,False,False
8927,19.100000381469727,2026-09-14,-0.012919896386121454,-0.04260653378263268,-0.04990288780574281,-0.18903843496961725,,27.9,-0.06015756036498554,0.5025339197715557,0.4995356278078579,False,False,False
8928,23.25,2026-09-14,-0.06813630104030388,0.019361920388608178,0.14013944655371868,0.03248679163202395,,79.0,0.12988477399447595,0.8067451743636447,0.8684816033695931,False,False,False
8929,13.0,2026-09-14,0.007751967785028624,-0.029850718650553554,-0.0714285714285714,-0.17981074529194774,,24.6,-0.08168324398781412,0.49217007044442374,0.7142856843430369,False,False,False
8930,29.100000381469727,2026-09-14,-0.026755827667795606,-0.0168918916741978,0.05054150108195543,-0.02977835296772091,,62.8,0.0402868285227127,0.5673219273964186,0.9136577718347549,False,False,False
8931,43.20000076293945,2026-09-14,0.052375190398002536,0.06142506027362149,0.07165784155682786,-0.02597688327114145,,67.1,0.061403168997585134,2.5219130224423183,0.8299901262682601,True,True,False
8932,90.5999984741211,2026-09-14,-0.03821654554934972,0.008340823989754886,0.08359005406944298,0.23750915486763846,,81.7,0.07333538151020025,0.37701282140968573,0.8409328444005677,False,False,False
8933,4.46999979019165,2026-09-14,-0.0366379485313878,0.004494377928932147,-0.10956179139932043,-0.34361236009538143,,10.0,-0.11981646395856316,0.8300261659447312,0.48639825835609163,False,False,False
8935,17.700000762939453,2026-09-14,-0.022099425972376352,-0.03013694449646831,-0.20090288633088904,-0.06100793608793598,,14.8,-0.21115755889013177,0.2506315852013706,0.6604478084634755,False,False,False
8936,51.0,2026-09-14,0.015936239539883656,0.005917144626156334,-0.08765655442085185,-0.03225807852615736,,34.2,-0.09791122698009458,0.35215397446835567,0.7359307035226224,False,False,False
8937,28.700000762939453,2026-09-14,0.0,0.1958333651224773,0.007017570629454406,-0.286956502784113,,29.2,-0.003237101929788322,1.268008871718616,0.6377777947319878,False,False,False
8938,52.20000076293945,2026-09-14,0.0,-0.0019120167414884426,-0.009487665896802389,-0.19760173878248166,,33.2,-0.019742338456045117,0.46447121938852265,0.7394441598471388,False,False,False
8941,45.400001525878906,2026-09-14,0.0213723452561001,0.06298011825440764,0.11796670167669565,0.046193019547632996,,77.4,0.10771202911745292,0.24621103076897022,1.0,True,True,False
8942,41.400001525878906,2026-09-14,-0.020118307079789233,-0.03720926684002546,0.028905454001096453,0.2072099590275991,,76.3,0.018650781441853725,0.3845239059920104,0.9237780824098258,False,False,False
8996,1235.0,2026-09-14,-0.0040322580645161255,-0.03515625,-0.10507246376811596,0.342371533834672,,68.3,-0.11532713632735869,1.8101327277848092,0.7767295597484277,False,False,False
9802,64.0,2026-09-14,-0.07064770207488236,-0.065455798472151,-0.13882415310243623,-0.20530440755038726,,13.3,-0.14907882566167896,1.5215352635894817,0.5957420879388796,False,False,False
9902,13.300000190734863,2026-09-14,-0.025640984437851122,-0.02919705285395402,-0.025640984437851122,-0.1013513500451868,,39.6,-0.03589565699709385,1.002925737629607,0.740947054341901,False,False,False
9904,24.049999237060547,2026-09-14,-0.02235776975123449,-0.0475247826906714,-0.03171004640127473,-0.12970160223998983,,35.7,-0.041964718960517455,0.5164807128816031,0.7878632654440964,False,False,False
9905,21.25,2026-09-14,-0.007009328093650624,-0.007009328093650624,0.06700848368436052,0.03258880413676146,,70.6,0.05675381112511779,0.770360069782448,0.9815242667169418,False,False,False
9906,38.54999923706055,2026-09-14,-0.0863185720978854,-0.01201664280538306,-0.10214449700230643,-0.07983092925625901,,28.3,-0.11239916956154916,0.6937094825679332,0.5700461163265921,False,False,False
9907,15.0,2026-09-14,-0.019607855359147774,0.010100984153336823,-0.030602751588195365,-0.10826163564059732,,37.6,-0.04085742414743809,0.2435932113565836,0.8010156106130657,False,False,False
9908,28.950000762939453,2026-09-14,-0.008561643611917247,-0.003442288356191092,0.01550344808391202,-0.009508966805474195,,57.8,0.005248775524669291,0.5613720854788626,0.8742160896459037,False,False,False
9910,67.80000305175781,2026-09-14,-0.02865329387617599,-0.023054732549601775,-0.1307691916441306,-0.1501070605036975,,18.3,-0.14102386420337332,0.9704418205259059,0.5256745639176182,False,False,False
9911,81.5999984741211,2026-09-14,-0.0012239715771892312,-0.0024450436451716184,-0.020408217471257872,-0.05961238759482046,,45.3,-0.0306628900305006,0.5443383987253612,0.937331050185692,False,False,False
9912,13.100000381469728,2026-09-14,0.015503935570057248,0.02343751455191523,0.048000030517578285,0.052208882101417275,,69.6,0.03774535795833556,0.4366062045266966,0.9290780161031624,False,False,False
9914,68.69999694824219,2026-09-14,-0.11696665484012492,-0.17527017489355945,-0.03849102184392961,0.012042827784674248,,49.2,-0.048745694403172335,0.7082820134276613,0.6361411917367485,False,False,False
9917,106.5,2026-09-14,0.0,0.0402325729048274,-0.0033575145396387285,0.02264180385425596,,57.3,-0.013612187098881456,0.4685121533401324,0.9639656318864033,True,True,False
9918,43.5,2026-09-14,0.008111204211920686,0.022326692831336592,0.027447521920265228,-0.039369521550883135,,57.3,0.0171928493610225,0.4476891019581938,0.7349685397822241,True,True,False
9919,13.949999809265137,2026-09-14,0.0,0.00722017509322237,-0.014134262519924223,-0.09415583410277506,,42.8,-0.02438893507916695,0.3030820193108489,0.7099236681974311,False,False,False
9921,89.69999694824219,2026-09-14,-0.0781090016972853,-0.09607507957769124,0.19030537295632577,0.22054026322081066,,86.7,0.18005070039708304,0.8327617481793396,0.8188019243989318,False,False,False
9924,38.0,2026-09-14,-0.011703530663468631,-0.009126427328472242,-0.06172839506172845,-0.10812550401145438,,32.2,-0.07198306762097118,0.528812009981292,0.7206664629903109,False,False,False
9925,39.400001525878906,2026-09-14,-0.003792609711129491,-0.01745628366280183,0.018450180863244903,0.015951017040497728,,61.1,0.008195508304002175,0.57384524943538,0.9704434238093119,False,False,False
9926,49.5,2026-09-14,-0.0010090663537921651,0.010204081632652962,0.03892345661220298,0.02246525318963699,,65.5,0.02866878405296025,0.49904797813177487,0.9027009804671793,False,False,False
9927,69.5999984741211,2026-09-14,-0.0014346984002789887,0.004328938083007383,0.0,0.02052788252969262,,57.8,-0.010254672559242728,0.7375556102569029,0.9322347897104196,False,False,False
9928,17.600000381469727,2026-09-14,-0.011235891245119367,-0.053763439757573916,-0.0249306855740401,-0.016759734271166393,,48.9,-0.03518535813328283,1.1491066776829928,0.8421052967802584,False,False,False
9929,10.949999809265137,2026-09-14,-0.03097348456300908,-0.03947366880027581,-0.11693547208649013,0.057970957070651474,,37.0,-0.12719014464573286,0.7692714010631504,0.7299999872843425,False,False,False
9930,61.400001525878906,2026-09-14,-0.026941315203666605,-0.02229295745525184,-0.06711204711096208,-0.06977737964514819,,34.3,-0.07736671967020481,0.9074373416779824,0.8969089054403171,False,False,False
9931,33.900001525878906,2026-09-14,-0.008771907320705097,0.0,0.019470319928048374,-0.0814284376447757,,51.9,0.009215647368805646,0.4915714663862483,0.6965386660199789,False,False,False
9933,41.20000076293945,2026-09-14,0.06233323480824238,-0.002050538113795075,0.010909908801889578,0.2463473915445784,,76.4,0.0006552362426468505,0.9862949909735691,0.9785607572811963,False,False,False
9934,9.850000381469728,2026-09-14,-0.08796294374884583,-0.11659186381496056,-0.034220843770603526,0.048211348193882175,,54.2,-0.044475516329846254,1.1991069410608184,0.8208333651224774,False,False,False
9935,17.850000381469727,2026-09-14,-0.08226222718296283,-0.12068960333348178,-0.017624527105613463,-0.042431992095967375,,47.7,-0.02787919966485619,1.2182306127403035,0.8540670194866238,False,False,False
9937,54.79999923706055,2026-09-14,-0.01615801640128045,-0.005444632402330174,0.02895346725052983,7.059080535953832e-05,,61.8,0.0186987946912871,1.1988855653307529,0.9033918200588011,False,False,False
9938,37.95000076293945,2026-09-14,-0.07664228292283404,-0.10495284440552177,-0.07718531067975054,-0.16624546063373913,,24.9,-0.08743998323899327,1.164984360263228,0.6722490982103815,False,False,False
9939,126.0,2026-09-14,-0.023255813953488413,-0.045454545454545414,-0.004208834857061028,0.07674986085114299,,62.4,-0.014463507416303756,0.43249735139099654,0.8719723183391004,False,False,False
9940,19.850000381469727,2026-09-14,-0.02696074741888521,-0.04796162981794194,-0.01975306758174189,0.014202871037958253,,53.8,-0.030007740140984618,0.5532533096427855,0.8294290751670915,False,False,False
9941,81.5999984741211,2026-09-14,0.013664577318274418,0.039608238191614964,0.07528100585129982,0.14248609743227103,,77.9,0.06502633329205709,0.7166720701977648,0.8518731296659786,False,False,False
9944,17.149999618530273,2026-09-14,-0.0029070431506559302,-0.03107350964417932,-0.008911217943242011,0.060374513478720804,,60.1,-0.01916589050248474,0.6145963601316017,0.9295392362790307,False,False,False
9945,27.850000381469727,2026-09-14,-0.0017920873743433319,-0.06543620488304303,0.08824356694506097,0.08824356694506097,,76.2,0.07798889438581824,0.4275512470351526,0.9221854197979499,False,False,False
9946,16.899999618530273,2026-09-14,-0.017441926226863136,-0.043562358930184786,-0.08670994911098584,-0.012458747805734305,,36.2,-0.09696462167022857,0.48398692153840855,0.884472692396611,False,False,False
9950,10.25,2026-09-14,-0.014423040772329365,-0.009661872249663417,-0.05963299461270222,-0.04205605769034515,,38.8,-0.06988766717194494,0.48886397324313025,0.7706766806770743,False,False,False
9955,23.350000381469727,2026-09-14,-0.02301252074640714,-0.04887979197080006,-0.13197023373246097,-0.33094557706092564,,8.3,-0.1422249062917037,0.5313455781901757,0.5758323260368663,False,False,False
9957,5.670000076293945,2026-09-14,-0.010471194167507636,-0.022413812097555663,-0.07049177623954794,-0.04705878015914977,,36.1,-0.08074644879879067,0.6028064067119395,0.6251378464245727,False,False,False
9958,91.0999984741211,2026-09-14,-0.005458515374771156,-0.11553399539688258,-0.16517832142286593,-0.2683223361019126,,8.1,-0.17543299398210865,0.49568984573398084,0.5414414752658789,False,False,False
9960,30.25,2026-09-14,-0.0016501398785314647,-0.021035586619893687,-0.007937892031156912,0.3654187895540639,,79.9,-0.01819256459039964,3.0181957261416827,0.8967792825522372,False,False,False
9962,9.979999542236328,2026-09-14,-0.026341508074504527,-0.026341508074504527,0.019407515947256204,-0.06728974578161762,,53.4,0.009152843388013476,0.8942651100063417,0.8247933245952597,False,False,False
