ticker,last_close,last_date,ret_1w,ret_1m,ret_3m,ret_6m,ret_12m,rs_rating,rs_vs_bench_3m,vol_surge,near_high_pct,new_high_20d,new_high_60d,new_high_250d
1101,24.450000762939453,2026-08-12,0.016632080605745392,0.07709250842216231,0.03019516005632017,-0.04199655192231189,,44.9,-0.06995276469201506,0.6329994498835648,0.9525910141002152,False,False,False
1102,32.349998474121094,2026-08-12,-0.007668712015384216,0.01284745142866961,-0.015926693346924092,-0.014526864455635669,,40.0,-0.11607461809525932,0.31338820621660696,0.8703362517103232,False,False,False
1103,13.199999809265137,2026-08-12,0.015384600712702756,0.024528212084962364,0.05200592264339421,-0.03319168214775958,,50.1,-0.04814200210494102,0.5190976430402522,0.960047396139391,False,False,False
1104,26.649999618530277,2026-08-12,0.00946969710653045,-0.003738332017559687,0.020404325430127157,-0.03982193486778285,,43.2,-0.07974359931820807,0.5278837187302259,0.8692909961529095,False,False,False
1108,11.699999809265137,2026-08-12,-0.020920502425963994,-0.06509190163953427,-0.09525023184125281,-0.15858268582751667,,15.6,-0.19539815658958803,1.1835158795831269,0.8116565559733473,False,False,False
1109,13.550000190734863,2026-08-12,0.0,-0.007772615045003484,-0.05020332962836871,-0.06557223305875926,,29.0,-0.15035125437670394,0.5335122329518588,0.8939263026029001,False,False,False
1110,16.299999237060547,2026-08-12,0.02515720931616272,0.03492058648003482,0.15364303484778197,0.022305215603686257,,68.5,0.05349511009944674,0.9713224182307927,0.9077846741186806,True,True,False
1240,56.400001525878906,2026-08-12,0.02359352246385993,0.02359352246385993,0.020082026480737758,-0.018633972435981083,,45.1,-0.08006589826759747,0.7155679594212578,0.9515324709192187,True,True,False
1301,56.20000076293945,2026-08-12,0.0035714421953474407,-0.11635216806165016,0.2306553747317115,0.1994336016608489,,81.0,0.13050744998337627,0.31964725356686224,0.848942648847535,False,False,False
1303,189.0,2026-08-12,0.06779661016949157,-0.09999999999999998,1.2264066631663844,1.5021408374168543,,98.4,1.1262587384180491,1.1219965391189444,0.8307692307692308,False,False,False
1304,12.100000381469728,2026-08-12,0.04310344685839129,-0.0968634369837994,-0.040196073462339665,0.015560171870346418,,39.1,-0.1403439982106749,0.3379018200310537,0.6705479313052203,False,False,False
1305,11.75,2026-08-12,0.0352422559547505,-0.06746027511083252,-0.0637743453838785,-0.04873464114901971,,28.2,-0.16392227013221372,0.30683577920500504,0.641910740789676,False,False,False
1307,30.899999618530277,2026-08-12,-0.034375011920928844,-0.04923078096829914,0.032075668947590064,0.043525055617528174,,53.5,-0.06807225580074516,0.7547974128044224,0.8802998121867561,False,False,False
1308,13.699999809265137,2026-08-12,0.0538461391742413,-0.04534175929160067,0.04438176348575018,0.0029080897044617693,,52.3,-0.055766161262585046,0.5020297889055177,0.7159936805312995,False,False,False
1309,13.149999618530272,2026-08-12,0.01544400094292242,-0.11435724366037958,-0.17486702748350014,0.08890503745882072,,21.3,-0.27501495223183536,0.278061566541499,0.501307222999679,False,False,False
1310,8.09000015258789,2026-08-12,-0.009791912234882627,-0.21456310652643762,0.006218929225385139,-0.09203139268990967,,38.0,-0.09392899552295009,0.5668654059898952,0.6604081757214605,False,False,False
1312,11.75,2026-08-12,-0.028925650449212248,-0.10305346123343151,0.10328642449487058,-0.12962962962962965,,50.9,0.0031384997465353504,0.2642424007400427,0.7781456757060252,False,False,False
1313,11.399999618530272,2026-08-12,0.03636360168457009,-0.07317077709336373,0.08996489595117607,0.03131216119774649,,61.6,-0.010183028797159155,0.5047972369324699,0.7972027598934205,False,False,False
1314,7.78000020980835,2026-08-12,-0.00765305377701242,-0.10983976961672115,0.12590454147724284,-0.0274999737739563,,62.5,0.02575661672890761,0.42037712273068,0.7480769706901027,False,False,False
1315,63.59999847412109,2026-08-12,0.0047393244972568915,-0.0031348082340302286,0.04091653130006012,0.02984147440582019,,53.7,-0.059231393448275105,1.1038774043854742,0.9784615149864783,False,False,False
1316,10.25,2026-08-12,0.029116461921919967,0.00490197957547478,-0.08071745733825453,-0.26258990782017066,,12.6,-0.18086538208658975,0.5381882838362579,0.6231002750524144,False,False,False
1319,79.19999694824219,2026-08-12,0.0864196884841879,0.05039781625281581,0.05307856186314197,-0.23832126211673854,,33.2,-0.047069362885193256,0.627662774562466,0.7252505984194824,True,False,False
1321,32.29999923706055,2026-08-12,0.022151862251283294,0.03525636048790459,0.09491522837493371,-0.030030030718050882,,57.8,-0.005232696373401513,0.5297543799728629,0.855629118862531,False,False,False
1323,21.600000381469727,2026-08-12,0.0936709053908722,0.08270674463308447,0.16638632976250944,0.2037108272018202,,77.8,0.06623840501417422,1.7393524315353615,0.9156015149447339,True,True,False
1324,10.050000190734863,2026-08-12,0.00903615986377404,-0.028985524606547353,-0.024271844210729476,-0.06511626132698944,,34.6,-0.1244197689590647,0.2846236802186203,0.7882353090772442,False,False,False
1325,26.549999237060547,2026-08-12,-0.003752359583532483,0.09034902756161811,-0.016666694923683445,-0.11940299923775655,,30.9,-0.11681461967201867,0.8555945597012619,0.7416201062254688,False,False,False
1326,59.59999847412109,2026-08-12,0.017064846860731953,-0.11044778396834198,0.3410709215304626,0.4234036183599761,,89.5,0.24092299678212736,0.3955070108682635,0.8312412972227087,False,False,False
1336,16.200000762939453,2026-08-12,0.06578953725149184,0.03250479359607428,0.20648000326142246,0.01971839643702844,,73.8,0.10633207851308724,1.3766131900637475,0.8901865799132606,False,False,False
1337,4.690000057220459,2026-08-12,-0.004246280417097847,-0.0544354796068478,-0.04285714980812172,-0.1564748011713385,,23.1,-0.14300507455645695,0.3892021064412837,0.729393496489759,False,False,False
1338,15.100000381469728,2026-08-12,-0.022653684926618456,-0.07076920729417058,-0.004788905979802971,-0.23119945330595193,,23.3,-0.1049368307281382,0.6713253516255582,0.6585015267372407,False,False,False
1339,46.04999923706055,2026-08-12,0.03599546561661948,0.041855168375297236,0.13844248129784575,0.0784542954160472,,69.7,0.03829455654951053,0.8491863146970011,0.9903225642378612,True,True,False
1340,5.199999809265137,2026-08-12,0.02766795811635747,-0.017013261481454656,-0.06306312962907912,-0.22962965788664647,,15.1,-0.16321105437741434,0.8804254636193253,0.6032482457426241,False,False,False
1341,59.70000076293945,2026-08-12,0.005050492076668522,0.011864419710838181,0.05147208808018755,0.1099887731529341,,61.8,-0.048675836668147676,1.5907140359613898,0.9714514269227541,True,False,False
1342,103.0,2026-08-12,0.009803921568627416,-0.12340425531914889,0.10160427807486627,0.17764517998574303,,71.1,0.0014563533265310458,0.359471147944907,0.8765957446808511,False,False,False
1343,35.54999923706055,2026-08-12,-0.011126606881501466,0.3779069879193857,0.6848340566041402,0.20101347226048194,,93.6,0.584686131855805,0.5670739125985718,0.6451905666341784,False,False,False
1402,27.549999237060547,2026-08-12,0.03183514793381281,0.04554075287356363,0.08019490292432918,0.03939623469182307,,60.9,-0.019953021824006045,0.5162012973568552,0.9878705206755674,False,False,False
1409,24.799999237060547,2026-08-12,0.09734508046268231,-0.06060607593140577,0.43768111519191577,0.6588628463855202,,93.3,0.33753319044358054,0.422306312419404,0.7823343419617291,False,False,False
1410,26.049999237060547,2026-08-12,0.005791491148245065,0.0,-0.031146572036937825,-0.2208923823426563,,19.3,-0.13129449678527305,0.3712048590957597,0.7293313256080982,False,False,False
1413,9.3100004196167,2026-08-12,0.011956588329576245,-0.005341799027191008,-0.016895442756128753,-0.06806800471281227,,35.8,-0.11704336750446398,0.2427204725215675,0.788983073655095,False,False,False
1414,19.049999237060547,2026-08-12,-0.023076962202023266,0.01599995930989584,0.20952376108320925,-0.02425984343508869,,71.6,0.10937583633487402,1.3481118057964125,0.9220511760030207,False,False,False
1416,11.399999618530272,2026-08-12,0.05069117214040508,0.017857126131349155,0.06546327747518932,0.020124426211446833,,57.1,-0.03468464727314591,2.8710750840403523,0.9906166365362709,True,True,False
1417,8.300000190734863,2026-08-12,0.0,-0.010117001213926446,0.029239710063893698,-0.024807122446404706,,46.4,-0.07090821468444153,0.38990413803255725,0.9235340726899475,False,False,False
1418,18.049999237060547,2026-08-12,-0.01366120275533722,-0.032171602881620465,-0.016348835867716294,-0.08142495738070665,,34.5,-0.11649676061605152,0.1932169172294602,0.7367346627371651,False,False,False
1419,65.30000305175781,2026-08-12,0.023511031859478893,0.017307898938168087,0.07085039313925257,-0.09389582991034451,,48.2,-0.02929753160908266,0.38448054360158024,0.8413823991179397,False,False,False
1423,35.599998474121094,2026-08-12,0.002816858425946256,-0.029972813786128483,-0.045545095191584895,0.019845642814710684,,38.5,-0.14569301993992012,0.06655499257695635,0.8581629113695441,False,False,False
1432,15.149999618530272,2026-08-12,0.0033112076687031866,0.0,0.03295449705656006,-0.07871625128673554,,42.0,-0.06719342769177516,0.4368506851563777,0.8808138922396862,False,False,False
1434,17.700000762939453,2026-08-12,0.026087000750113276,-0.007400615696484536,0.18335941194551975,0.09096502913132021,,75.0,0.08321148719718452,0.3303990248720931,0.9076923468174078,False,False,False
1435,23.700000762939453,2026-08-12,0.03043481577997631,-0.10734457838111144,0.8443579812741413,0.14769981601705484,,94.9,0.7442100565258061,1.5774955377909843,0.7170953497742749,False,False,False
1436,37.84999847412109,2026-08-12,0.06022402423625639,-0.04170222481662056,-0.11349971565767991,-0.3016993812722154,,8.5,-0.21364764040601514,0.5400615748412383,0.5226544248754882,False,False,False
1437,30.399999618530277,2026-08-12,0.021848726673286523,0.014176843100321523,0.09509527384639149,-0.05991812068027891,,55.3,-0.005052650901943734,0.8688159203682512,0.9006835164234044,False,False,False
1438,22.399999618530277,2026-08-12,-0.006651868009101669,0.04672897279559285,0.07434048962599071,-0.3191489793424296,,28.6,-0.025807435122344513,0.24381464313031553,0.5795601224887894,False,False,False
1439,28.850000381469727,2026-08-12,0.008741258624666903,0.22821634075595942,0.1466550437304257,-0.019887478636978484,,65.2,0.04650711898209048,0.7208843934336804,0.9499796509765647,False,False,False
1440,13.600000381469728,2026-08-12,0.1056910707785279,0.049831427095504255,0.19401435231871322,0.022813684122269473,,72.3,0.093866427570378,0.7425581105459301,0.891683749217154,False,False,False
1441,8.970000267028809,2026-08-12,0.008998866211084255,-0.014285726262785459,-0.06950208012783188,-0.10299997329711919,,23.2,-0.1696500048761671,0.27834450899958635,0.640714304787772,False,False,False
1442,29.649999618530277,2026-08-12,0.005084732831534877,0.03130433455757475,0.12523716088373305,-0.00503354437485104,,63.8,0.02508923613539782,0.4243113927949997,0.4734971875828309,False,False,False
1443,25.75,2026-08-12,0.0,-0.01529635274819785,-0.022770412629354975,-0.0636363636363636,,35.0,-0.1229183373776902,0.3530406423541256,0.8333333436210822,False,False,False
1444,7.25,2026-08-12,0.01256985398127064,-0.10161087061132534,0.21848743401815707,0.11026030123401509,,78.2,0.11833950926982184,0.2748813027809184,0.725,False,False,False
1445,10.199999809265137,2026-08-12,-0.023923445412730615,-0.10917030749542211,-0.13559325047520054,-0.2616481821128944,,8.1,-0.23574117522353577,0.7693081732923602,0.6440941418460551,False,False,False
1446,14.0,2026-08-12,0.014492739601511984,-0.03448275862068961,0.009051315809551985,-0.09778942779756428,,37.9,-0.09109660893878324,0.36686010612909403,0.6771558324358444,False,False,False
1447,7.050000190734863,2026-08-12,0.01731607003877933,-0.12639399537320217,0.35057480346680725,0.27717395200996786,,87.8,0.250426878718472,0.490746322430348,0.7057057409667756,False,False,False
1449,12.649999618530272,2026-08-12,0.011999969482421768,-0.06296299121997984,-0.019379845534327478,0.12444441053602406,,51.8,-0.1195277702826627,0.18805727080763512,0.7713414580959566,False,False,False
1451,17.399999618530273,2026-08-12,-0.011363679466167786,0.02052788252969262,0.0265486038546221,0.035821678470556506,,52.1,-0.07359932089371313,0.7140860858059295,0.9802816686495929,False,False,False
1452,11.350000381469728,2026-08-12,0.017937288769685145,-0.034042520725980574,0.051104520415939936,-0.020156813269306406,,51.6,-0.04904340433239529,0.7674895994181056,0.8113789443837721,False,False,False
1453,11.25,2026-08-12,0.008968644384842461,0.013513478682458446,-0.008810606000770771,-0.14772726041226325,,29.0,-0.108958530749106,0.8202266525166767,0.7922535317683358,False,False,False
1454,12.800000190734863,2026-08-12,-0.011582982296490463,0.00787404590327423,-0.011582982296490463,-0.11418682631900912,,32.3,-0.11173090704482569,0.31444327475494155,0.7710843311198514,False,False,False
1455,9.970000267028809,2026-08-12,0.12655365393024787,0.09560437902075858,0.2504795618783444,0.14192614221800537,,80.7,0.1503316371300092,1.0512246041828541,0.9063636606389825,True,False,False
1456,13.800000190734863,2026-08-12,-0.02127660869634629,0.003636377507989952,0.041509448357348155,0.05343509838788263,,56.1,-0.05863847639098707,0.6850033068895458,0.8846153752103126,False,False,False
1457,14.399999618530272,2026-08-12,0.010526289019668233,0.021276541059871423,0.01408449379940424,0.005978778866062573,,46.5,-0.08606343094893099,0.6988001056035364,0.899775799343511,True,False,False
1459,14.449999809265137,2026-08-12,0.12015505709847929,0.10988137862734981,0.10552699912466501,0.10552699912466501,,67.2,0.005379074376329784,2.2135847115931937,0.9145569389131167,False,False,False
1460,6.659999847412109,2026-08-12,0.0060422904145789325,-0.04857145036969868,-0.05531919613779501,0.0015037220904168258,,35.1,-0.15546712088613024,0.2581256867452374,0.7762237653418744,False,False,False
1463,17.700000762939453,2026-08-12,0.0,0.01432664693808805,-0.016666624281141518,0.01432664693808805,,41.7,-0.11681454902947674,0.46662863717260994,0.8939394669172294,False,False,False
1464,10.25,2026-08-12,-0.004854387360093471,-0.004968351822929429,0.03424479776859779,-0.0668813634280383,,43.2,-0.06590312697973744,0.5649604800356554,0.8711688048102435,False,False,False
1465,12.399999618530272,2026-08-12,-0.004016079638624159,-0.015503854251761484,0.06276151995584267,0.020080272133500277,,56.6,-0.037386404792492556,0.8956166029411711,0.9304029393147368,False,False,False
1466,16.600000381469727,2026-08-12,0.021538485013521624,-0.10270268208271749,0.15679442091900153,0.13310585759148874,,74.6,0.056646496170666305,0.3187460213775734,0.8320801878016503,False,False,False
1467,9.149999618530272,2026-08-12,-0.08224680306281551,0.07773850002415061,0.2869197534047745,0.20236523758175995,,83.9,0.18677182865643926,0.8119846663259164,0.8714285350981211,False,False,False
1468,13.399999618530272,2026-08-12,-0.03249102892022471,0.0037452610960180266,0.09387751988002213,0.038759691068654956,,62.6,-0.006270404868313095,0.7396271316874571,0.8963210561531736,False,False,False
1470,23.450000762939453,2026-08-12,0.024017517623193596,0.0906977099041606,0.13028675298160142,0.0471054426163271,,66.5,0.03013882823326619,0.8988579251096845,0.9936440840633185,False,False,False
1471,9.5,2026-08-12,0.0,-0.05472638609916747,-0.10377361715879574,-0.24,,11.8,-0.20392154190713097,0.27958560088626555,0.6484641807078126,False,False,False
1472,89.5,2026-08-12,0.017045454545454586,0.029919429556589883,0.07460797599081093,0.10304985196061911,,64.2,-0.0255399487575243,0.22777586184145535,0.9881961757779503,False,False,False
1473,20.149999618530277,2026-08-12,0.0176767876240429,-0.0024753040851815955,0.01945045764959641,-0.20139759161466186,,29.3,-0.08069746709873882,0.6057147234989398,0.6361747795227223,False,False,False
1474,10.100000381469728,2026-08-12,0.014056259315918807,-0.004567256403435915,0.045707074945866566,0.005097129993518301,,52.6,-0.05444084980246866,0.19784514157412705,0.8249003809820384,False,False,False
1475,27.100000381469727,2026-08-12,0.00931098683233289,0.00931098683233289,0.005565848396432926,-0.11615050530417126,,35.4,-0.0945820763519023,0.8544243683242889,0.7308754947278754,False,False,False
1476,324.5,2026-08-12,-0.08591549295774648,-0.055312954876273634,-0.006391372366822301,-0.14529634778152134,,29.9,-0.10653929711515753,1.0736008686235474,0.750702131921094,False,False,False
1477,219.0,2026-08-12,-0.026666666666666616,-0.004545454545454519,-0.017937219730941756,-0.2582322543327027,,18.8,-0.11808514447927698,0.7556702246352429,0.6694535563628711,False,False,False
1503,199.0,2026-08-12,0.0075949367088608,-0.00576392757304478,0.03461118219629622,-0.10996331046217245,,40.6,-0.065536742552039,0.2738811213539167,0.7605164133956971,False,False,False
1504,67.30000305175781,2026-08-12,0.01203012107906476,0.058176174000102554,-0.043807026736755295,-0.15368746687625368,,23.2,-0.14395495148509052,0.2084081017269197,0.5793168967937203,False,False,False
1506,10.5,2026-08-12,0.019417456850636006,-0.032258098540483005,0.029411783955364257,-0.16000000000000003,,35.8,-0.07073614079297097,0.5352034711322073,0.7241379310344828,False,False,False
1512,6.650000095367432,2026-08-12,0.001506058596824733,-0.014814800686306473,-0.04454022141960723,-0.16352198051409406,,22.0,-0.14468814616794246,0.5527351179493003,0.7251908440610428,False,False,False
1513,165.5,2026-08-12,0.02795031055900621,0.009146341463414531,0.12091501950815653,0.017804193843406813,,64.5,0.020767094759821303,0.2695416915193141,0.9171122628393678,False,False,False
1514,102.0,2026-08-12,0.0049261083743843415,-0.029810516397623665,-0.08810510128259497,-0.13979145514278102,,17.7,-0.1882530260309302,0.21175205123943308,0.7106070508434793,False,False,False
1515,31.25,2026-08-12,0.01132687332655613,-0.23780487804878048,0.44724383700168957,0.20739935949763222,,89.5,0.34709591225335434,0.46446437595409706,0.696767024820114,False,False,False
1516,15.449999809265137,2026-08-12,-0.022151922610416652,-0.11714286804199214,-0.2912843876159523,-0.30561798610044333,,1.7,-0.39143231236428755,0.9893874853980579,0.6058823454613779,False,False,False
1517,12.050000190734863,2026-08-12,0.06167398993289641,0.12093025030091753,0.19306928075396534,-0.0082304058382765,,71.0,0.09292135600563012,1.6411845215178038,0.845614048472622,False,False,False
1519,720.0,2026-08-12,0.08597285067873295,0.1642669852841101,-0.07393942667281916,-0.16940954786695295,,17.5,-0.1740873514211544,0.4904781105058781,0.7459932949339908,True,False,False
1521,25.5,2026-08-12,0.020000000000000018,0.0,0.0717930550655288,-0.009097039285708486,,55.8,-0.028354869682806427,0.3081418488477556,0.8841389786536422,False,False,False
1522,28.5,2026-08-12,0.010638270529935934,-0.005581563304913217,-0.01547621902799301,-0.39790283555529693,,12.5,-0.11562414377632824,0.867746183424422,0.5621854540545641,False,False,False
1524,27.149999618530277,2026-08-12,0.02840909131959113,-0.01272728659889899,-0.05729165493890043,-0.16195252836907936,,19.7,-0.15743957968723565,0.3667572423002173,0.7958520633174102,False,False,False
1525,67.30000305175781,2026-08-12,-0.021802324614310864,0.02124433222249822,0.175436723947771,0.08978474358732025,,74.2,0.07528879919943576,0.2796735044052393,0.9781976753856891,False,False,False
1526,18.549999237060547,2026-08-12,0.06303715908467389,0.3063379919876581,0.2619047263775356,-0.08620689979165741,,74.1,0.16175680162920036,1.6696846176558997,0.7876857680686665,False,False,False
1527,32.79999923706055,2026-08-12,0.009230745755709036,0.011062713048063166,0.056171717882048666,0.0036719379058807178,,54.0,-0.04397620686628656,0.48626352055261685,0.9239725328909723,True,True,False
1528,19.399999618530277,2026-08-12,0.05434782721369835,-0.10804599455033215,-0.23168318342454353,-0.3034111542979274,,3.2,-0.33183110817287875,0.17644139878565038,0.6119873549407249,False,False,False
1529,17.100000381469727,2026-08-12,-0.002915407473626064,-0.08416957929000957,-0.07538461935124574,-0.19506348038881205,,15.7,-0.17553254409958097,0.36564048547335404,0.6613457740024774,False,False,False
1530,28.649999618530277,2026-08-12,0.026881720797654607,0.06774561627112319,0.18705814817092015,0.04810486930168012,,73.0,0.08691022342258492,0.24181371131666082,0.875372493018688,False,False,False
1531,12.949999809265137,2026-08-12,0.007782056406754112,-0.0038461685180664062,0.03187247907976731,0.052845496622015764,,54.1,-0.06827544566856791,0.535668844422326,0.9664179237256955,False,False,False
1532,22.0,2026-08-12,0.016166299659892802,0.007028564763303713,0.12916811593890776,-0.06519685161895183,,60.4,0.02902019119057253,0.402866660873772,0.8088367220529072,False,False,False
1533,32.099998474121094,2026-08-12,-0.015337424030768432,-0.06956526161967846,-0.07492801820325123,0.023923383844507873,,33.6,-0.17507594295158646,0.48643949399111397,0.7906403862202608,False,False,False
1535,46.09999847412109,2026-08-12,0.008752685000084526,-0.0175573832223056,-0.0076135985612219015,-0.059042396762097105,,38.3,-0.10776152330955713,0.4611748887414715,0.8511091823270037,False,False,False
1536,52.0,2026-08-12,0.007751967785028624,-0.022556404994930057,0.01364523924658756,-0.1585760413923053,,33.2,-0.08650268550174767,0.5809326332668203,0.71330588356079,False,False,False
1537,127.5,2026-08-12,0.015936254980079667,0.015936254980079667,0.011904761904761862,0.03238866396761142,,48.8,-0.08824316284357336,1.0899524135108127,0.9444444444444444,False,False,False
1538,10.199999809265137,2026-08-11,0.0,0.019999980926513672,-0.1639344287924599,-0.6121672963818248,,1.2,-0.2640823535407951,0.0,0.3675675606942392,False,False,False
1539,16.25,2026-08-12,0.009316746271814669,0.03833868345653513,0.04501606435234762,-0.10714289457120396,,41.8,-0.05513186039598761,0.7401217557370848,0.7540603515221528,False,False,False
1540,19.799999237060547,2026-08-12,-0.027027082756715726,-0.09554217709348545,0.014757574658602168,-0.15779231600131816,,33.4,-0.08539035008973306,0.4883187573605015,0.7429474788929642,False,False,False
1541,21.600000381469727,2026-08-12,0.004651180533475685,0.0,-0.00917425975184516,-0.13944222895645464,,30.1,-0.10932218450018039,0.5658548228941258,0.7359454889515776,False,False,False
1558,97.0,2026-08-12,0.06593406593406592,0.11022794194183416,0.13230987140509654,0.06521880286984416,,68.5,0.03216194665676131,1.3077923099690165,0.9806128568117548,True,True,False
1560,728.0,2026-08-12,0.07058823529411762,0.08575007821644842,0.12750970845198006,0.8029061465794474,,88.8,0.027361783703644837,0.8312760674889061,0.95303162612974,True,False,False
1563,65.30000305175781,2026-08-12,0.15780144122505346,0.04480004882812505,0.484352476313493,0.4649913951673439,,92.8,0.38420455156515776,0.9254957258117915,0.9491493809294099,True,False,False
1568,28.899999618530277,2026-08-12,0.01760563403929627,-0.07073957350335836,0.04929473489868719,0.25252657933269407,,69.6,-0.05085318984964804,0.212637618493241,0.58032128637109,False,False,False
1569,41.29999923706055,2026-08-12,-0.03165304198170338,-0.12869202726687567,-0.20576924544114328,-0.20576924544114328,,5.3,-0.3059171701894785,0.44498538250740033,0.6011644988598108,False,False,False
1570,33.900001525878906,2026-08-12,-0.002941131591796875,-0.11718749534338735,-0.1265125747078647,0.12689784052550546,,33.5,-0.22666049945619993,0.10551829165091325,0.6343941451184811,False,False,False
1580,110.5,2026-08-12,-0.013392857142857095,-0.05150214592274682,-0.035224488259758546,-0.08364948212926016,,30.6,-0.13537241300809377,1.9009703488655194,0.8386387739895945,False,False,False
1582,75.4000015258789,2026-08-12,0.061971852477167744,-0.01049862801053214,-0.20296353013181456,0.14632607329723912,,21.5,-0.3031114548801498,0.20669659490549855,0.652302668923111,False,False,False
1583,49.650001525878906,2026-08-12,0.011201691829943794,0.019507202218822073,0.06316918018726314,0.011201691829943794,,56.2,-0.036978744561072086,0.23708568418404735,0.8275000254313151,False,False,False
1584,18.0,2026-08-12,0.034482781300221976,-0.09774439540683699,-0.07646508612869185,-0.26452358353409755,,13.0,-0.17661301087702708,0.6038446271545669,0.6525872293720901,False,False,False
1586,18.350000381469727,2026-08-12,0.011019326013387731,0.01944446563720703,-0.1524249097092858,-0.2718254037334683,,6.4,-0.252572834457621,0.4066030559154359,0.603618441175391,False,False,False
1587,24.5,2026-08-12,0.004098376353816713,-0.06309750067304254,-0.1580756124112943,-0.46912244442155715,,3.0,-0.25822353715962953,0.3186589334312799,0.4313380339627606,False,False,False
1589,5.539999961853027,2026-08-11,0.0,0.0,0.0,-0.6843304727812101,,4.0,-0.10014792474833523,,0.23083333174387613,True,True,False
1590,1595.0,2026-08-12,0.056291390728476776,0.2621247624020848,0.11135900140452581,0.42819386091225664,,80.8,0.011211076656190588,1.0565429243712545,1.0,True,True,False
1591,37.150001525878906,2026-08-12,0.02624311444523597,0.19261643598157208,-0.2950663949135247,-0.2562562370681192,,2.3,-0.39521431966185994,0.9176373299950145,0.5487445081316727,False,False,False
1593,31.600000381469727,2026-08-12,0.04809289490167279,0.04809289490167279,0.08325583104466205,0.14007645651252876,,66.3,-0.016892093703673172,1.3098204370437347,0.9530200682113251,False,False,False
1594,7.829999923706055,2026-08-11,-0.021250009536743164,-0.06339709984890651,-0.2507176969741328,-0.07117441989905304,,6.7,-0.35086562172246805,0.20149581665944866,0.4987261158490772,False,False,False
1595,65.5999984741211,2026-08-12,0.04959997558593754,0.009230745755709036,-0.2727272650379009,0.7400529747099742,,60.5,-0.3728751897862361,0.36576196714969356,0.6527363032250855,True,False,False
1597,149.0,2026-08-12,0.08363636363636373,0.11610486891385774,-0.17222222222222228,0.8625,,76.9,-0.2723701469705575,1.2494320603782196,0.6742081447963801,True,False,False
1598,20.600000381469727,2026-08-12,0.022332544489262585,0.07012988994647928,0.049450119667633796,0.059970912546950084,,57.7,-0.05069780508070143,0.6770971937814833,0.8684361418791139,False,False,False
1599,23.799999237060547,2026-08-12,0.006342478687092257,0.034782575524371584,-0.006263111528205911,-0.11194030169416691,,33.7,-0.10641103627654114,0.30359736006793814,0.7313297789539228,False,False,False
1603,29.950000762939453,2026-08-12,0.0345423134247429,0.027444293477816295,-0.0029110499121490774,-0.22340946932046168,,24.3,-0.1030589746604843,0.7608673575587527,0.7440442536531667,True,False,False
1604,23.149999618530277,2026-08-12,0.00433841148718761,-0.014893633254030814,0.013129069236420543,0.020994832720612644,,48.1,-0.08701885551191468,0.31917967296683303,0.9611708810512858,False,False,False
1605,40.0,2026-08-12,0.14777623389863837,0.20300751879699241,0.13997447990327716,-0.06705539358600587,,61.7,0.039826555154941934,1.1537878378907858,0.9160968523323961,True,False,False
1608,37.95000076293945,2026-08-12,0.1362275158441273,0.23843977003560002,0.22904337407715492,0.06151979344871683,,77.0,0.1288954493288197,2.046686948390392,0.9986925518118005,True,True,False
1609,37.70000076293945,2026-08-12,0.05307266945167988,-0.024579578924553536,0.12596448621726353,-0.07592324653799498,,59.1,0.0258165614689283,0.5390691087005275,0.8117418690115239,False,False,False
1611,11.949999809265137,2026-08-12,0.0,-0.05158734543853816,0.0669642868546807,-0.0256858347490021,,53.6,-0.03318363789365453,0.2858835400241112,0.7966666539510091,False,False,False
1612,34.650001525878906,2026-08-12,0.12682931791476126,0.10000004844060029,0.027762389555560985,0.02492729093499202,,51.5,-0.07238553519277424,1.189952515893706,0.9139880484004764,True,False,False
1614,30.799999237060547,2026-08-12,-0.008051529988496897,-0.012494447292822897,0.01920725232118259,-0.07708417015320979,,40.7,-0.08094067242715264,0.8609640428294622,0.828937471856391,False,False,False
1615,44.79999923706055,2026-08-12,0.06539833650166393,0.015777962834312653,0.1100497440771766,-0.029550889935319624,,60.2,0.009901819328841377,1.084022596451183,0.9455166130106031,True,True,False
1616,19.899999618530277,2026-08-12,0.020512800950270638,-0.033980618930916084,-0.019265975878825392,-0.2686914106034628,,18.1,-0.11941390062716062,0.39866973291206487,0.5270528189889394,False,False,False
1617,19.0,2026-08-12,0.02425880223436394,-0.16191193484003674,0.32508514342791717,0.15700637479028012,,84.3,0.22493721867958194,0.803170900697533,0.734504069922713,False,False,False
1618,41.34999847412109,2026-08-12,0.0740259343927554,0.0910289395605024,0.07963444641819328,-0.09220638492398137,,49.6,-0.020513478330141943,0.7358581553396167,0.8253492960779276,True,False,False
1623,213.0,2026-08-12,0.0023529411764706687,-0.09168443496801704,-0.04054054054054057,-0.09806906140157434,,28.0,-0.1406884652888758,0.2749001014778285,0.6525735416145613,False,False,False
1626,9.539999961853027,2026-08-12,-0.013443651852662608,-0.060098490601280696,-0.046000003814697266,-0.17758623723042477,,20.3,-0.1461479285630325,0.3635201752972377,0.7453124859137462,False,False,False
1708,49.29999923706055,2026-08-12,-0.015968049130256512,-0.1289752550152149,0.27013753952196184,0.5401367874481886,,89.0,0.16998961477362662,0.24863473081599372,0.7990275304287021,False,False,False
1709,28.0,2026-08-12,0.06870225895591164,-0.0017825040435112127,0.5217391619835552,0.6470588235294117,,94.2,0.42159123723521996,1.4925248556235844,0.9964412676116663,False,False,False
1710,15.25,2026-08-12,0.09712233226755096,-0.009740235210771164,0.27615064798380073,0.1466165249097935,,82.1,0.1760027232354655,0.44089213919376663,0.8090185512670511,False,False,False
1711,39.25,2026-08-12,0.10875701435511465,-0.06212660857631469,-0.22736219312055383,0.8824939703542225,,73.5,-0.32751011786888906,0.6746083823519524,0.6330645161290323,False,False,False
1712,39.09999847412109,2026-08-12,0.012953368387701447,-0.007614290358866405,-0.05212124911221605,-0.09038267392526722,,26.9,-0.15226917386055128,0.8482416382164233,0.8708239898741454,False,False,False
1713,46.0,2026-08-12,0.049030823276944524,0.03688409494539546,0.04126846843361709,0.02395008938932497,,53.5,-0.05887945631471814,1.227056069273776,0.9223219895179836,True,False,False
1714,17.399999618530273,2026-08-12,0.17966099108679812,0.02052788252969262,0.7399999618530273,0.9141913450437682,,96.8,0.6398520371046921,1.095982788419413,0.7648351480672647,True,False,False
1717,78.5999984741211,2026-08-12,0.18195486427249774,0.1228571210588727,-0.012562814311172565,0.2902446456255958,,64.7,-0.11271073905950779,0.84466557948845,0.9203746729477845,True,False,False
1718,11.199999809265137,2026-08-12,0.12112112771465444,-0.19424459592543653,0.6766467211198535,0.5931720448085831,,95.7,0.5764987963715182,0.8977803888395963,0.7368421019609614,False,False,False
1721,20.200000762939453,2026-08-12,-0.009803865653465804,-0.13118276288432462,-0.3784615149864784,0.1575931163189681,,5.7,-0.4786094397348136,0.25793062146016166,0.5812949859838692,False,False,False
1722,46.09999847412109,2026-08-12,0.017660027605608697,-0.03049423314836408,-0.019148968635721575,-0.006465582799399239,,40.2,-0.1192968933840568,0.9236089792344007,0.8837782072364451,False,False,False
1723,84.80000305175781,2026-08-12,0.01314224783300566,-0.0070257431311552265,0.07487976524388706,0.17061792614038795,,67.5,-0.025268159504448162,0.4577508417003307,0.9453735332977579,False,False,False
1725,30.899999618530277,2026-08-12,0.043918892577933244,0.051020408825263264,0.013725863430052332,0.14682301583076707,,58.8,-0.0864220613182829,0.1939123028309622,0.7747673784774148,True,False,False
1726,77.5,2026-08-12,0.006493506493506551,0.025863203360377396,0.052439962026259446,0.06765268033050931,,58.7,-0.04770796272207578,0.501534302609805,0.9885203889239489,False,False,False
1727,79.30000305175781,2026-08-12,0.07307173767767638,-0.09681093057581425,-0.0008124999639508301,0.8303088392262594,,84.7,-0.10096042471228606,0.334813094179567,0.760147454130111,False,False,False
1730,51.59999847412109,2026-08-12,0.007812455180101541,0.00978473610431152,0.03555938885396159,0.03165160446156712,,53.2,-0.06458853589437363,0.5618844178642717,1.0,True,True,False
1732,26.5,2026-08-12,-0.01669761596290109,0.0211945749861413,0.00760459196734975,-0.05017919848287178,,40.9,-0.09254333278098548,0.9149408672866601,0.7934131374056177,False,False,False
1735,20.649999618530277,2026-08-12,0.009779894774051723,0.007317054562452574,-0.20424884364294482,0.31557621994360674,,36.5,-0.30439676839128005,0.34630391674143757,0.6702383460348825,False,False,False
1736,139.0,2026-08-12,0.03345724907063197,0.12049859613315905,0.2359147063881344,-0.02713470122865369,,74.5,0.13576678163979916,2.1504565659713006,0.7867982064515439,False,False,False
1742,17.649999618530273,2026-08-12,-0.024861920080407884,0.14983708012392416,0.16501650580520155,0.11708856996598338,,74.8,0.06486858105686633,1.5703799290839886,0.9540540334340688,False,False,False
1773,161.0,2026-08-12,0.02547770700636942,-0.07471264367816088,-0.0720461095100865,0.15183086955496528,,43.9,-0.17219403425842172,0.659088031046179,0.8446759648597117,False,False,False
1776,17.25,2026-08-12,0.03293408454693614,-0.07506700520997678,-0.04545463180952425,0.16666667741661878,,50.6,-0.14560255655785947,0.31013877784584576,0.8435207509263931,False,False,False
1785,106.5,2026-08-12,-0.04484304932735428,-0.09758330558904638,-0.27322141317294935,0.6946792640477375,,56.8,-0.37336933792128457,0.513060867279043,0.5853513713931128,False,False,False
1802,57.59999847412109,2026-08-12,0.06864558151200995,-0.07544142569015566,-0.13901349536083796,0.19378235179525571,,37.5,-0.23916142010917318,0.43809860359808633,0.7519582196020662,False,False,False
1805,10.050000190734863,2026-08-12,0.01823711319785737,0.0060060481472847815,-0.019512176513671875,-0.1624999841054281,,26.4,-0.1196601012620071,0.3146764473394283,0.7730769377488357,False,False,False
1806,7.96999979019165,2026-08-12,0.0,-0.017522916215035544,0.0031224429510641194,-0.09225265660939397,,37.2,-0.09702548179727111,0.36454797523639754,0.765590623703732,False,False,False
1808,32.75,2026-08-12,0.010802421532034145,0.0667752177887655,0.11205430056264509,0.04465708457719142,,64.9,0.011906375814309866,0.9222025312906226,0.7617607668204701,False,False,False
1809,40.70000076293945,2026-08-12,0.03430755631937843,-0.11350704204170392,0.043464326354091476,0.6581366180077872,,83.1,-0.05668359839424375,0.4291456184056679,0.6871808324712921,False,False,False
1810,24.200000762939453,2026-08-12,-0.028112404269672875,-0.1597221734715084,0.3032586164746873,0.32087013689389,,87.0,0.2031106917263521,0.35803729421499414,0.7086383508533862,False,False,False
1815,90.0,2026-08-12,0.07270558239786862,0.018099529937821268,-0.15492957746478875,-0.019607875728968494,,16.5,-0.255077502213124,1.0992330907965489,0.7086614173228346,True,False,False
1817,39.5,2026-08-12,0.03267973856209161,0.025974025974025983,0.060656202849056484,0.08545076863341672,,61.3,-0.03949172189927874,1.5351474176147744,1.0,True,True,False
2002,19.75,2026-08-12,0.04497356606485581,0.07601800033357042,0.08777774754622802,-0.040658675528017274,,55.9,-0.012370177202107202,0.956857388784165,0.9367686109098697,True,False,False
2006,83.80000305175781,2026-08-12,0.06887756914260312,0.19373228909885554,0.26777617225765105,0.28093300539833255,,84.4,0.16762824750931582,1.5054744892767373,0.9468926898503708,False,False,False
2007,7.070000171661377,2026-08-12,0.010000024523053819,-0.012569787383900799,-0.0014123943718128418,-0.2170542214030503,,25.1,-0.10156031912014807,0.5759089381095887,0.7829457785969497,False,False,False
2008,30.549999237060547,2026-08-12,-0.019261649721266982,0.025167785879244953,0.14941549304921797,0.05013037301039369,,69.5,0.04926756830088275,0.5440090568228177,0.9760383380740799,False,False,False
2009,41.34999847412109,2026-08-12,0.0754225657643377,0.10595284858267218,0.029680343392257003,-0.16556843808131605,,35.3,-0.07046758135607822,1.6635579779800613,0.7614757139800304,True,False,False
2010,22.950000762939453,2026-08-12,0.08767774161247965,0.08254716684063723,0.0734564637773425,0.16311875335550075,,66.9,-0.02669146097099273,1.6212585893508376,0.971519745191456,False,False,False
2012,15.0,2026-08-12,-0.013157882353605488,-0.03536978675167923,0.01351350045186761,-0.1404011837147192,,34.7,-0.08663442429646762,0.49179295390177163,0.8337018971246936,False,False,False
2013,41.45000076293945,2026-08-12,0.023456808961467956,0.019680177294735035,0.03156115837759077,0.020753121220920434,,51.7,-0.06858676637074446,1.0027049328558924,0.9710153863916621,True,False,False
2014,17.450000762939453,2026-08-12,0.035608330438351654,0.026470633114085373,-0.025139601406749534,-0.11645565757268594,,28.9,-0.12528752615508476,0.8549154653368077,0.874686721584283,False,False,False
2015,63.5,2026-08-12,0.0,0.006339168550740348,0.006339168550740348,0.033030950260480196,,47.9,-0.09380875619759488,0.7177555309006356,0.9465786476313846,False,False,False
2017,8.890000343322754,2026-08-12,0.027745749754525262,-0.010022183017969422,0.019495420996342494,-0.015503808835924837,,45.3,-0.08065250375199273,0.7422240601433326,0.8193548415450401,False,False,False
2020,21.149999618530277,2026-08-12,0.009546484406082856,-0.0047059003044575,-0.029816497306351053,-0.06445967265047237,,33.8,-0.12996442205468628,0.9952694079573023,0.886397082745863,False,False,False
2022,7.829999923706055,2026-08-12,0.03298153067497234,0.00127874064260447,-0.00886078111599331,-0.1442622677438148,,29.4,-0.10900870586432854,0.6233039882292205,0.7973523591689086,False,False,False
2023,13.800000190734863,2026-08-12,0.010989053215866962,-0.02127660869634629,-0.010752660973561312,-0.11254019154563744,,32.8,-0.11090058572189654,0.35568425313564606,0.8518518235076233,False,False,False
2024,13.300000190734863,2026-08-12,-0.0037453325322946984,-0.04999998637608116,-0.007462644077774749,-0.184049029861592,,26.6,-0.10761056882610998,1.0529953941599697,0.6891192081083469,False,False,False
2025,12.649999618530272,2026-08-12,0.0630252121043875,0.09051717263198111,0.036885230844297956,-0.052434512579571324,,45.0,-0.06326269390403727,1.232666118529546,0.8267973503811237,False,False,False
2027,46.84999847412109,2026-08-12,0.0563697877342384,0.1982097264052185,0.22360149002767615,0.23916899084394205,,81.8,0.12345356527934093,0.9622234935766671,0.9904862416448651,False,False,False
2028,15.5,2026-08-12,0.026490040293054573,-0.006410280706692362,-0.05735919048411686,-0.2191558216940449,,16.2,-0.1575071152324521,0.9354386153114607,0.7674801182905872,False,False,False
2029,21.450000762939453,2026-08-12,0.05665032360096922,0.05925929693528165,0.09590236373719607,0.012955698098619184,,61.1,-0.004245561011139154,1.39981123674385,0.9457144863375272,True,True,False
2030,21.549999237060547,2026-08-12,0.23850573043178103,0.23850573043178103,0.2336302288597738,0.2653520902141895,,82.9,0.13348230411143858,2.9556994467802546,1.0,True,True,False
2031,45.34999847412109,2026-08-12,0.1688144166457659,0.15101514512211556,0.248086254025782,0.22122866910325545,,82.6,0.14793832927744677,3.3947664090163046,0.9752687843897008,False,False,False
2032,17.350000381469727,2026-08-12,0.10862624948096355,0.08099695988815925,0.02662726468029275,-0.0041361142881291,,48.4,-0.07352066006804248,1.9187981407187802,0.9302949456487444,False,False,False
2033,22.0,2026-08-12,0.375,0.46666666666666656,0.46666666666666656,0.30563795263730853,,91.0,0.36651874191833134,6.010526800245466,1.0,True,True,False
2034,20.200000762939453,2026-08-12,0.06596305803029967,0.03525780667380696,0.06379868277465905,-0.05885651429681493,,49.8,-0.03634924197367617,1.4828442167728906,0.9369883360164376,False,False,False
2035,26.799999237060547,2026-08-11,-0.012891358614636972,-0.028985548309857667,-0.04114495508006433,-0.06944444628409407,,31.0,-0.14129287982839955,0.5224486277383275,0.8786884995757557,False,False,False
2038,12.800000190734863,2026-08-12,0.044897974753866476,-0.007751893856784542,-0.05185183772334345,-0.22658605554061173,,16.5,-0.15199976247167868,1.0225345786973015,0.7710843311198514,False,False,False
2049,369.0,2026-08-12,0.010958904109588996,0.16403785488959,-0.0089325957493267,0.4846189269086161,,75.4,-0.10908052049766193,2.179951876642121,0.9063607732638612,False,False,False
2059,12045.0,2026-08-12,0.2719112988384371,0.5065666041275798,1.4041916167664672,2.8359872611464967,,98.8,1.304043692018132,0.9272255901045525,0.9780755176613886,False,False,False
2061,62.5,2026-08-12,0.13224636116240185,-0.07544376611300507,1.8669725774002979,2.1328319603929273,,98.9,1.7668246526519626,1.0937028210641218,0.7530120481927711,False,False,False
2062,18.700000762939453,2026-08-12,-0.005319067988256432,-0.018372624049254216,-0.04591834699050068,-0.15384613392953084,,22.9,-0.1460662717388359,0.41785169185157933,0.7780007711615726,False,False,False
2063,24.200000762939453,2026-08-12,0.02109704573435578,0.0062370698809735,-0.05098036223766855,-0.10701105452799986,,25.8,-0.15112828698600378,1.0686538766449976,0.8217317533449194,False,False,False
2064,12.25,2026-08-12,0.04700856407701148,-0.07894738162983794,-0.0429687642608767,0.008230484329992516,,38.2,-0.14311668900921193,0.6832140278453785,0.7954545651585608,False,False,False
2065,36.45000076293945,2026-08-12,0.16082806387771376,0.13198757451246812,0.08805972426684927,0.18627711696572047,,70.0,-0.012088200481485956,2.6576744303590347,0.9720000203450521,False,False,False
2066,61.5,2026-08-12,0.0,-0.05674842210773967,0.10611513826974406,0.16698290530669269,,71.0,0.005967213521408832,0.8946584840434658,0.8424657534246576,False,False,False
2067,6.380000114440918,2026-08-12,-0.00931676121838998,-0.034795766176664245,-0.07803467570801359,-0.3683168442106024,,8.8,-0.17818260045634882,0.31074495367708066,0.5406779670605746,False,False,False
2069,19.899999618530277,2026-08-12,0.07567565505569074,0.1148458931792895,0.046958192742370564,0.011553723597957477,,53.3,-0.05318973200596466,2.1893885031500795,0.9925187219831405,False,False,False
2070,63.400001525878906,2026-08-12,0.1962264438845076,0.14647382279509968,0.0015798150082726448,0.5664541765454074,,78.8,-0.09856810974006258,0.6397873682253091,0.7694174799980704,True,False,False
2071,35.400001525878906,2026-08-12,0.02906976615241441,-0.016666624281141518,0.7481482235001928,1.088495571237949,,97.0,0.6480002987518576,0.29090752949950693,0.9792531129089139,False,False,False
2072,151.0,2026-08-12,-0.06211180124223603,0.07092198581560294,-0.11953352769679304,-0.47100380777086315,,3.6,-0.21968145244512827,1.0129274805928223,0.5019115976614907,False,False,False
2073,25.600000381469727,2026-08-12,-0.02103247591142654,-0.05734927780510246,0.010771959829005029,-0.008591466222881428,,44.2,-0.0893759649193302,0.5324296848525923,0.8938087083826184,False,False,False
2101,34.29999923706055,2026-08-12,-0.004354180625745441,0.002923931926617218,0.053763442120376315,-0.015585357132456346,,52.3,-0.04638448262795891,1.14495300672551,0.7699865074183508,False,False,False
2102,19.0,2026-08-12,0.002638482060556502,0.01604273929523581,0.046831977924777224,-0.06403937369057688,,46.1,-0.053315946823558,0.7141290160718315,0.9026128593177654,False,False,False
2103,27.350000381469727,2026-08-12,0.2209821806802439,0.09400001525878898,0.2592574801162968,0.8166336398096443,,92.0,0.15910955536796156,2.3240532420252014,0.9546248078753993,False,False,False
2104,10.350000381469728,2026-08-12,0.05936539370836602,-0.004807619124471585,0.041247567242917116,-0.13389116764293907,,39.7,-0.05890035750541811,0.900673499121859,0.7554744909171571,False,False,False
2105,32.099998474121094,2026-08-12,0.05245896636462599,-0.016845421931201754,0.06260813750275984,0.10775162801137261,,62.8,-0.037539787245575384,0.2910652258330903,0.8484905623468726,False,False,False
2106,18.200000762939453,2026-08-12,0.005524882837687928,0.04000004359654019,0.12093709082510795,-0.04607110387942037,,60.6,0.020789166076772725,1.2369914990746043,0.874434763165033,False,False,False
2107,25.350000381469727,2026-08-12,-0.0019684739295852127,-0.02499998532808745,0.05173936566764081,0.07067068865305992,,58.8,-0.04840855908069441,0.524172829180002,0.973128641992628,False,False,False
2108,30.850000381469727,2026-08-12,0.12386154914504233,0.09397161513601482,0.11573239808636004,0.35514516697006226,,79.4,0.015584473338024818,1.149856568595092,0.9595645075362514,True,False,False
2109,14.75,2026-08-12,0.024305582690387073,0.010273946206237783,0.0535714285714286,0.02371906014934333,,55.5,-0.04657649617690662,0.5446460998460461,0.9133779775367956,True,False,False
2114,88.4000015258789,2026-08-12,0.013761520867357158,-0.0022573019377715164,0.061363673420558706,0.04357545008988151,,58.1,-0.03878425132777652,0.3316380749962047,0.9767955969710377,False,False,False
2115,23.049999237060547,2026-08-12,0.0525113990210857,0.06960557090973718,0.208034411199034,-0.009847499722860142,,72.2,0.10788648645069876,0.8636428407294156,0.9049196389138782,True,True,False
2201,28.350000381469727,2026-08-12,0.036563070788018015,0.017953321118540533,0.0384615814561553,-0.08695648701878755,,42.3,-0.061686343292179924,0.6911256038645753,0.6539792705735388,False,False,False
2204,51.5,2026-08-12,0.0,-0.04055307923223872,0.055024061231397026,-0.007707085333752528,,53.0,-0.0451238635169382,1.2019918873401034,0.8605039822897165,False,False,False
2206,60.79999923706055,2026-08-12,0.001647421299245666,0.004027611971184619,0.09155824721757466,0.06782872805323503,,64.2,-0.008589677530760564,0.4683737500571668,0.9382715489765898,False,False,False
2207,504.0,2026-08-12,-0.00982318271119842,0.050000000000000044,0.12160014528105179,-0.03406317637947054,,61.5,0.02145222053271656,0.3165341970520537,0.846166954698627,False,False,False
2208,19.049999237060547,2026-08-12,-0.00261786091154681,-0.09929079996908574,-0.03544307660452928,-0.136054426476249,,26.0,-0.1355910013528645,0.2617841449311522,0.6479591661305222,False,False,False
2211,87.5999984741211,2026-08-12,0.010380640802285068,-0.010593167212401666,-0.02796918158185635,-0.08647969449571302,,31.7,-0.12811710633019158,1.5022036763499553,0.7776246942336245,False,False,False
2221,50.20000076293945,2026-08-12,0.12178772654613312,0.038262716591574764,0.13130914985824282,0.685908558661279,,87.2,0.031161225109907598,0.38098140060597274,0.8595890317005254,False,False,False
2227,48.84999847412109,2026-08-12,-0.023000030517578263,-0.02006018115565511,-0.013131343957149766,-0.09537039862738728,,34.0,-0.11327926870548499,0.6399890464839836,0.8336177431078639,False,False,False
2228,75.30000305175781,2026-08-12,-0.034615345490284444,-0.04924234907525382,-0.041223965024574816,-0.17019383455990322,,21.9,-0.14137188977291004,1.0272088532610248,0.6391840440144039,False,False,False
2230,26.0,2026-08-12,0.05691055271628542,0.17913836279415762,-0.11659017440546615,-0.6945549598097924,,1.3,-0.21673809915380138,1.095443578300804,0.24776562701526156,False,False,False
2231,99.0,2026-08-12,0.06109321288103442,-0.15021459227467815,-0.07476635514018692,0.07027027027027022,,38.0,-0.17491427988852215,0.4902021949623812,0.6711864406779661,False,False,False
2233,204.0,2026-08-12,-0.0892857142857143,-0.08151630206502025,-0.2619617742580834,-0.2798072611487751,,2.6,-0.36210969900641865,0.8343007606797717,0.5465158944594549,False,False,False
2235,28.0,2026-08-12,0.0017888814202411396,0.03703703703703698,-0.014814825254212405,-0.1913664756324197,,25.0,-0.11496275000254763,0.35455345193474286,0.7315731335223787,True,False,False
2236,130.0,2026-08-12,-0.05797101449275366,-0.22619047619047616,-0.06137184115523464,0.15555555555555545,,46.3,-0.16151976590356987,0.7988582208510621,0.7046070460704607,False,False,False
2237,27.450000762939453,2026-08-12,-0.15015475506749476,,,,,,,,,False,False,False
2239,19.350000381469727,2026-08-12,-0.02272721580456105,-0.06295395937412007,-0.1041666648270172,-0.3222416497877999,,8.4,-0.20431458957535242,1.162475620953266,0.5012953664866776,False,False,False
2241,33.25,2026-08-12,-0.058073634033065535,-0.15394400393156493,0.01217660713725821,0.0390625,,49.3,-0.08797131761107702,0.33768029348558537,0.6443798640163885,False,False,False
2243,41.0,2026-08-12,-0.05529957238475702,-0.19921876193257027,0.9523809523809523,2.6123346803527463,,98.5,0.8522330276326171,0.18890061232043068,0.6212121212121212,False,False,False
2245,25.049999237060547,2026-08-12,0.018292636122468897,0.04020598486493743,0.0516368400001761,0.021696976391943457,,54.8,-0.04851108474815913,0.07074627887224914,0.8833749144768296,False,False,False
2247,228.5,2026-08-12,0.008830022075055233,0.03152070573625654,0.13814425718468493,-0.12965433708904794,,56.7,0.0379963324363497,0.4239412653674935,0.7779439472175484,False,False,False
2248,56.400001525878906,2026-08-12,-0.02590673506855712,-0.08143322273196685,0.08836543359647608,0.24028306286183687,,72.6,-0.011782491151859142,0.8813497697099079,0.8545454776648319,False,False,False
2249,96.5,2026-08-12,-0.025252525252525304,-0.08337253332639571,-0.14996509388897084,-0.21996801291422774,,9.1,-0.25011301863730606,3.6263683024444906,0.7154969637144789,False,False,False
2250,60.29999923706055,2026-08-12,0.0016611042002288023,-0.05633806264246166,-0.035200012207031284,-0.1625000105963813,,23.9,-0.1353479369553665,0.2885882738308073,0.5940886624340941,False,False,False
2252,17.5,2026-08-12,0.051051075131781865,-0.014084507042253502,-0.08854170288476537,0.08024686270599068,,36.2,-0.1886896276331006,0.2742555783712552,0.6151142190054515,False,False,False
2254,60.70000076293945,2026-08-12,-0.0049180202796811345,0.023608795006593297,0.03760685064853764,0.020168080049402626,,52.4,-0.06254107409979759,0.16654953523847496,0.7049942141541842,False,False,False
2255,15.0,2026-08-12,0.034482758620689724,-0.11764705882352944,-0.18478259179452394,-0.30875578467177345,,4.2,-0.28493051654285917,1.015256076045803,0.4983388641162395,False,False,False
2256,74.80000305175781,2026-08-12,0.150769277719351,0.2222222568509189,-0.009271482758174687,1.203240099287747,,90.3,-0.10941940750650991,3.490101783750487,0.761710849045976,False,False,False
2258,31.950000762939453,2026-08-12,0.065000025431315,-0.004672826115632578,0.1329787198065706,-0.1668839104517933,,52.7,0.032830795058235385,0.6335248929825698,0.7344827761595276,False,False,False
2301,259.5,2026-08-12,0.04216867469879526,0.2211764705882353,0.2536231884057971,0.6107419469257882,,89.7,0.1534752636574619,1.2114231169855887,0.9558011049723757,False,False,False
2302,45.54999923706055,2026-08-12,0.07429239617501038,0.0654970581768548,0.8172526133169109,1.3411034791994925,,97.6,0.7171046885685757,0.6258549893264084,0.8222021296476473,False,False,False
2303,123.0,2026-08-12,0.008196721311475308,-0.1854304635761589,0.15838019610584775,1.0048887787902214,,91.8,0.05823227135751252,0.5595860991919445,0.7008686553800388,False,False,False
2305,27.799999237060547,2026-08-12,-0.05281094120147889,-0.24763197123005964,0.7003057240639381,1.059259202745226,,97.0,0.6001577993156029,0.9366721884268964,0.6518170748526758,False,False,False
2308,1790.0,2026-08-12,0.08484848484848495,-0.035040431266846306,-0.16503017208588944,0.4748851668615923,,56.5,-0.26517809683422466,0.9613659715583489,0.7140317408253635,False,False,False
2312,33.5,2026-08-12,0.046875,0.021341487171393725,0.2060206659119843,0.2929823090355905,,82.4,0.10587274116364909,0.2891651803538415,0.7850249774709764,False,False,False
2313,209.0,2026-08-12,-0.041284403669724745,-0.07317073170731703,-0.14018818778704023,0.24901655051176586,,41.1,-0.24033611253537546,0.6360215765138341,0.707148438855232,False,False,False
2314,11.449999809265137,2026-08-12,-0.05761315483479912,-0.13584907099885757,-0.09126988391967417,-0.4560569964721751,,5.0,-0.1914178086680094,0.3940619389181535,0.40859934853863616,False,False,False
2316,161.5,2026-08-12,0.012539184952978122,-0.12228260869565222,0.2169249972175542,0.6622626030790149,,89.3,0.11677707246921898,0.5083860538872519,0.6953857583834245,False,False,False
2317,270.0,2026-08-12,0.044487427466150864,0.14649681528662417,0.13718001243559264,0.2609546949873711,,77.7,0.03703208768725741,0.6994366536011032,0.8998075057795558,True,False,False
2321,15.350000381469728,2026-08-12,0.023333358764648482,-0.0128617239107367,0.1992187619325705,-0.04953555764438766,,69.4,0.09907083718423526,1.3486173956762193,0.763681596524792,False,False,False
2323,10.300000190734863,2026-08-12,0.0,-0.028301903767787295,0.030000019073486373,-0.04186044737350114,,44.9,-0.07014790567484885,0.34307967914257004,0.7862595336489048,False,False,False
2324,39.900001525878906,2026-08-12,0.07983763740265681,0.12236293620742256,0.31900831490508774,0.262404598924737,,86.2,0.21886039015675252,0.5864754265973543,0.8480340525585025,True,False,False
2327,602.0,2026-08-12,0.04152249134948094,-0.22622107969151672,0.31237987714029014,1.1849352355953848,,94.9,0.21223195239195491,1.0399243119893324,0.5280701754385965,False,False,False
2328,46.5,2026-08-12,0.05442180519092976,-0.020021090572488354,-0.085432283574982,-0.08188743945502974,,21.9,-0.18558020832331723,0.42628231468921995,0.7641065804193025,False,False,False
2329,44.70000076293945,2026-08-12,0.009029379972184559,-0.07739937958614984,-0.21710237527682075,-0.21575482004943536,,4.6,-0.317250300025156,0.2524749046736162,0.6518546518581565,False,False,False
2330,2415.0,2026-08-12,0.004158004158004047,-0.0020661157024793875,0.06671486300116425,0.368644054019146,,76.5,-0.03343306174717098,0.6071136070744984,0.9621513944223108,False,False,False
2331,19.299999237060547,2026-08-12,-0.012787724284207602,-0.05392158833525407,-0.03015077351614759,-0.2825278992284599,,15.8,-0.13029869826448282,0.35386757128402446,0.6444073036867042,False,False,False
2332,22.299999237060547,2026-08-12,-0.026200890456968384,-0.07276507507340313,0.6218181263316762,0.4113923397379,,93.9,0.521670201583341,1.041733892174444,0.8593448393615594,False,False,False
2337,136.5,2026-08-12,0.16170212765957448,-0.021505376344086002,-0.1923076923076923,0.47090512404260587,,51.9,-0.2924556170560275,1.3279717216784317,0.7358490566037735,True,False,False
2338,40.45000076293945,2026-08-12,0.0188916872943774,-0.1736465754344878,-0.15991693704933696,0.037179506742037294,,19.3,-0.2600648617976722,0.2111452481991567,0.6986183021922715,False,False,False
2340,31.75,2026-08-12,-0.04797596843558061,-0.10814602918929317,-0.12654741863045738,0.24023435651906788,,41.9,-0.2266953433787926,0.376757198411396,0.7290470851026127,False,False,False
2342,38.400001525878906,2026-08-12,0.01992031791776916,-0.1643090122242159,-0.08896796830950537,0.16717324452625748,,42.2,-0.1891158930578406,0.2338343919302424,0.6486486660641765,False,False,False
2344,177.0,2026-08-12,0.047337278106508895,0.07598784194528885,0.32089552238805963,0.38464353689608455,,88.6,0.2207475976397244,0.9369167160946554,0.7972972972972973,False,False,False
2345,2215.0,2026-08-12,-0.07127882599580715,-0.02081886664325372,-0.16540824406627985,1.002271596971513,,81.3,-0.2655561688146151,1.0685286890465469,0.8118301944988962,False,False,False
2347,91.5999984741211,2026-08-12,-0.05664263734737185,0.10228640380357001,0.1544261755681966,0.46814808709745503,,84.0,0.05427825081986137,0.6096511848842425,0.9433573626526282,False,False,False
2348,70.5999984741211,2026-08-12,0.02616272300175848,0.04944859533059898,0.14430546014025825,0.03851678024079508,,68.2,0.04415753539192302,0.7670051200269178,0.7632352948454036,False,False,False
2349,11.100000381469728,2026-08-12,0.018348694489809914,-0.0711296603650472,-0.1190476154434078,-0.18382352425565374,,12.7,-0.21919554019174303,0.23327235771570334,0.6809816503691716,False,False,False
2351,172.0,2026-08-12,0.01775147928994092,-0.10982919151408133,-0.048691128638871706,0.9497545464813602,,85.5,-0.14883905338720693,0.4282948677270091,0.7560620596182878,False,False,False
2352,28.899999618530277,2026-08-12,0.015817182549148434,-0.02343163690240635,0.16730441677355334,0.18583299595514013,,77.1,0.06715649202521812,0.43463945476945853,0.7814047719980074,False,False,False
2353,31.75,2026-08-12,0.04958677685950419,0.03252032520325199,0.17313351568920354,0.30867486063315064,,81.0,0.07298559094086832,0.37680029546858385,0.7568603344233434,True,False,False
2354,63.0,2026-08-12,0.1351351351351351,0.13105923046804824,0.09773479441208566,0.1283336426017574,,67.8,-0.0024131303362495693,3.313851675025025,0.8847862748201156,False,False,False
2355,42.79999923706055,2026-08-12,0.04517700707335215,-0.07138809307337723,-0.18681854298722356,0.14889855472267177,,24.6,-0.2869664677355588,0.1874946686454081,0.654186274205695,False,False,False
2356,69.0,2026-08-12,0.05022835928527547,0.11831441080703109,0.3390343668443021,0.5830361775107242,,91.3,0.23888644209596688,0.4694672265516188,0.8341525624687388,True,False,False
2357,852.0,2026-08-12,0.01670644391408116,0.21194879089615926,0.3348791824085333,0.8273850760242738,,93.1,0.2347312576601981,0.6592089069106711,0.9735585000558644,True,False,False
2359,143.0,2026-08-12,-0.01379310344827589,0.0035087719298245723,0.17102623337235245,0.09118349535781323,,73.9,0.07087830862401723,1.7476613416313331,0.8650824134564322,False,False,False
2360,2195.0,2026-08-12,0.16445623342175075,0.20604395604395598,-0.020546290951149904,1.2587402037501878,,90.7,-0.12069421569948513,0.8597137153204828,0.8432629995135916,True,False,False
2362,48.900001525878906,2026-08-12,0.03711558734604692,0.17689536519323257,0.30735780536599533,0.37228689253423464,,87.9,0.2072098806176601,2.2161472113588667,0.9569472208623189,False,False,False
2363,55.400001525878906,2026-08-12,0.05123341031976203,-0.10789045270321973,-0.12063489641462055,0.04725897784288313,,27.0,-0.22078282116295578,0.4190048896512602,0.7279895221642938,False,False,False
2364,78.5,2026-08-12,0.11189804102863699,0.1376811594202898,0.1376811594202898,0.250000015185897,,77.3,0.037533234671954574,1.3919640823120085,0.9152466054583971,True,False,False
2365,31.200000762939453,2026-08-12,0.038269602498379296,-0.011337851212196881,-0.1079634634330583,-0.19259262403623678,,13.4,-0.20811138818139352,0.3110957290706054,0.6223100658809687,False,False,False
2367,45.75,2026-08-12,0.09975965572355938,-0.047547390979602144,-0.2922544536950267,-0.11190230271313228,,3.9,-0.3924023784433619,0.3301039319878843,0.5882796020977191,False,False,False
2368,1000.0,2026-08-12,0.06382978723404253,-0.014778325123152691,-0.29575037101627644,0.43662904254689505,,30.5,-0.39589829576461166,2.297510794840747,0.6736300874510329,False,False,False
2369,33.150001525878906,2026-08-12,-0.016320451768813915,-0.13333329344107436,0.09586781903731922,0.21428580411375298,,72.1,-0.004280105711016002,0.25917430690970056,0.7441077911018653,False,False,False
2371,26.350000381469727,2026-08-12,0.033333348292930554,-0.03125001314808307,-0.09137929719069904,-0.32262212473333896,,9.6,-0.19152722193903426,0.6207731063655924,0.6085450541744286,False,False,False
2373,53.29999923706055,2026-08-12,-0.001872701984285463,-0.009293680429191764,0.022967556415674828,0.03787415882371037,,51.6,-0.0771803683326604,0.4141275159984881,0.9690355809795625,False,False,False
2374,71.5,2026-08-12,0.03174598631112735,-0.011065048658229104,-0.10958907493547321,-0.15691163657676355,,14.2,-0.20973699968380843,0.4983908364867309,0.7529733601967125,False,False,False
2375,127.0,2026-08-12,0.03843006403076821,-0.25438307070936916,0.2697635274680672,0.40929795032144933,,87.3,0.16961560271973197,0.421646718466268,0.5515961987576833,False,False,False
2376,375.5,2026-08-12,0.0979532163742689,0.16582632326017177,0.19078283108105554,0.6711844781904943,,88.8,0.09063490633272031,0.8137265372969468,0.9759046942691657,True,False,False
2377,169.0,2026-08-12,0.11920529801324498,0.14965986394557818,0.4444444444444444,0.8736142540777927,,94.8,0.3442965196961092,0.7754418500393812,1.0,True,True,False
2379,766.0,2026-08-12,0.01997336884154466,0.01591511936339529,0.3344947735191637,0.5842812823164425,,91.1,0.23434684877082845,0.43454352206002045,0.8511111111111112,False,False,False
2380,20.600000381469727,2026-08-12,0.08421054639314351,0.09283819440769436,-0.027716079162716456,0.12823440728883817,,50.2,-0.12786400391105168,0.5817473579042508,0.813940517252294,True,False,False
2382,325.5,2026-08-12,0.07072368421052633,-0.10685118850685071,0.014638460068361114,0.21213055163387273,,63.4,-0.08550946467997411,0.5668252584076818,0.8139005820397527,False,False,False
2383,5730.0,2026-08-12,0.09246901811248809,0.15291750503018098,0.16463414634146334,2.2836676217765044,,97.2,0.06448622159312811,0.8653849752484107,0.9424342105263158,True,False,False
2385,105.0,2026-08-12,0.009615384615384581,0.004784688995215225,-0.12529468939723232,-0.05427155416538565,,18.4,-0.22544261414556754,0.7359845485006032,0.7552916282825614,False,False,False
2387,37.04999923706055,2026-08-12,-0.021136044103344354,-0.03515630820765858,-0.038910506606650075,0.08245334998845943,,43.7,-0.1390584313549853,0.8358119017445634,0.8517241203921965,False,False,False
2388,77.5,2026-08-12,-0.0662650602409639,0.07340724758696604,0.023055736056518894,0.494174010181867,,78.0,-0.07709218869181633,0.5659096339855066,0.8812231120845725,False,False,False
2390,10.600000381469728,2026-08-12,-0.009345741082052994,-0.09787230796002311,0.060000038146972745,0.009523845854259916,,55.2,-0.04014788660136248,0.3310595525975062,0.7881041287575213,False,False,False
2392,39.79999923706055,2026-08-12,0.07567565505569052,0.14711348982676853,0.19046369902636773,0.0541043599921438,,73.9,0.0903157742780325,0.9606969842369932,0.718455300558956,True,False,False
2393,63.29999923706055,2026-08-12,0.042833582231328826,0.01031612953505423,0.03953378420664588,0.228369910179552,,66.4,-0.06061414054168934,0.896139372030475,0.9254385646923006,False,False,False
2395,686.0,2026-08-12,0.08372827804107419,0.3246759828532886,0.5069969000396881,1.3397448194322852,,96.6,0.4068489752913529,1.6958320963206048,1.0,True,True,False
2397,66.69999694824219,2026-08-12,0.07407405132285239,0.16202082186653533,0.14201794950054603,0.16298988568181194,,74.7,0.0418700247522108,2.4192745357176944,0.8403268762666176,False,False,False
2399,45.09999847412109,2026-08-12,0.14612452917327423,0.09200966845661851,-0.04449157319648289,0.9397848806073585,,85.3,-0.14463949794481812,0.9373049983229614,0.819999972256747,True,False,False
2401,27.700000762939453,2026-08-12,-0.0018017743084881577,-0.11217948443634118,0.11468814236296465,0.2590909437699751,,76.0,0.014540217614629425,0.20496122773950443,0.7936962622308043,False,False,False
2402,56.70000076293945,2026-08-12,0.05000001412850841,-0.0748486408329595,-0.13343705108113657,0.10600798530776001,,29.7,-0.2335849758294718,0.24377615883188267,0.7572667434009283,False,False,False
2404,1135.0,2026-08-12,0.017937219730941756,-0.011421171377111294,0.11568176325792434,0.2901606366493832,,77.2,0.015533838509589115,0.3777899143960149,0.8458236981862575,False,False,False
2405,15.899999618530272,2026-08-12,-0.02453985504617784,-0.06194696738332717,0.0697647171299196,-0.018835459438439117,,54.4,-0.03038320761841562,0.20591918067299564,0.7370037797155734,False,False,False
2406,31.649999618530277,2026-08-12,-0.03652964722467689,-0.09182206587374953,-0.004716969249340619,0.13644521310631363,,54.9,-0.10486489399767585,0.21705507484714132,0.7571770381868543,False,False,False
2408,482.5,2026-08-12,0.08426966292134841,0.0770089285714286,0.4195037030586033,0.482544338554999,,91.7,0.31935577831026807,0.8970300788520043,0.9585163250585365,False,False,False
2409,26.25,2026-08-12,0.07361959840054189,-0.030794440161139858,0.36581136731189234,0.9419354998019269,,94.1,0.2656634425635571,0.598564500663229,0.8165630844964227,False,False,False
2412,136.0,2026-08-12,-0.007299270072992692,0.022556390977443552,0.027387759199999806,0.058170996634661076,,53.8,-0.07276016554833542,0.4858217630860927,0.9642717618488182,False,False,False
2413,45.75,2026-08-12,0.13382903915949984,0.03977272727272729,0.04332956880261318,0.15239292495702705,,63.3,-0.05681835594572204,0.3647086431327928,0.732,True,False,False
2414,52.79999923706055,2026-08-12,-0.12871286193829667,-0.12394455253533987,0.14408876166875295,0.36394442488379153,,80.9,0.043940836920417725,1.9529312498628557,0.862494227430304,False,False,False
2415,31.299999237060547,2026-08-12,0.0,-0.12078650060017193,0.17448404071634704,0.17009342942282424,,76.9,0.07433611596801182,0.3162970914656737,0.7515005543904371,False,False,False
2417,45.20000076293945,2026-08-12,0.07619049435570124,0.04629629547867431,-0.07455146955622738,0.1562219151256925,,43.8,-0.1746993943045626,1.4889538569861391,0.7985855848162838,True,False,False
2419,24.950000762939453,2026-08-12,0.006048448810221929,-0.07076348571829216,-0.14991480617861375,-0.16833330790201828,,11.0,-0.250062730926949,0.22636042841322085,0.6609271725281974,False,False,False
2420,56.79999923706055,2026-08-12,0.028985479203023967,-0.046979854173592406,-0.001757509422436132,0.1292246540475266,,54.9,-0.10190543417077136,0.7640149315424527,0.8698314943728253,False,False,False
2421,150.5,2026-08-12,0.07117437722419928,0.12734082397003754,0.06938954650762374,0.08808519022467598,,62.6,-0.03075837824071148,1.3330133766629308,0.8210880250809274,False,False,False
2423,75.0,2026-08-12,0.010781712731280146,-0.08200730965126846,0.05475953480452178,0.5656087187001486,,81.5,-0.045388389943813445,0.6731580517571636,0.8844339304353991,False,False,False
2424,8.979999542236328,2026-08-12,0.09512192086759241,-0.02285093011268824,-0.6194915509710223,-0.7726582394370549,,0.1,-0.7196394757193575,0.1400981718903983,0.11309822883705449,False,False,False
2425,41.900001525878906,2026-08-12,-0.14663945360481123,-0.05310731014962922,0.19317170450043486,0.47109099774196683,,85.6,0.09302377975209963,2.293825503113497,0.7920604974913138,False,False,False
2426,68.9000015258789,2026-08-12,0.1024000244140626,0.09888358353265181,0.03267835216257442,2.5466794041714675,,97.1,-0.0674695725857608,0.9746916592776323,0.7275607576158196,True,False,False
2427,21.75,2026-08-12,-0.02901784060712964,-0.1288851202310085,0.0681527099848469,-0.11861663037540204,,44.7,-0.03199521476348832,0.229429073744985,0.7527251246542168,False,False,False
2428,254.5,2026-08-12,0.11378555798687096,-0.1254295532646048,0.20047169811320753,0.5239520958083832,,86.8,0.1003237733648723,0.4137283798939185,0.7409024745269287,False,False,False
2429,31.25,2026-08-12,-0.02799382529280614,-0.3455497382198953,-0.4212962962962963,-0.4926947926284688,,0.3,-0.5214442210446315,0.4105801097570301,0.20695364238410596,False,False,False
2430,17.149999618530273,2026-08-12,0.030030030718050993,-0.04456830698642111,-0.08533335367838546,-0.2152292604622844,,13.9,-0.18548127842672069,0.3971683649712347,0.7025714009555993,False,False,False
2431,10.350000381469728,2026-08-12,-0.004807619124471585,-0.041666648270171525,0.004854387360093693,-0.34285711863684265,,16.3,-0.09529353738824153,0.4652168518216308,0.5864023005758897,False,False,False
2432,28.5,2026-08-12,0.0,0.014234861676160282,0.14672961747560298,0.23620748537949776,,77.5,0.046581692727267754,0.8135560400287739,0.9421487009254201,False,False,False
2433,41.84999847412109,2026-08-12,0.0023951730328404253,-0.0035714649018788736,-0.013644165605827596,-0.03918087225918665,,39.0,-0.11379209035416282,0.32341099707923576,0.8996761052326684,False,False,False
2434,53.900001525878906,2026-08-12,-0.1031613495117123,-0.2822902447268032,0.7730263882314077,0.8117647571724003,,96.6,0.6728784634830725,1.402321275687627,0.5936123316554829,False,False,False
2436,67.5999984741211,2026-08-12,0.10819669629706707,0.09208395489068222,-0.026582135383862893,0.33145661941747484,,65.3,-0.12673006013219812,1.2168052485071814,0.8633793654632547,True,False,False
2438,18.799999237060547,2026-08-12,0.07122507432139136,-0.030927855323080955,-0.11320761507114863,-0.14932131617410038,,14.3,-0.21335553981948385,0.4455224633987707,0.637288109730866,False,False,False
2439,81.0999984741211,2026-08-12,-0.0036855411072987954,-0.056976761928824504,-0.03681708535009409,-0.18737478963741716,,21.3,-0.13696501009842932,0.7953298335067256,0.7176991015408947,False,False,False
2440,15.649999618530272,2026-08-12,0.026229483182312885,-0.012618344361258083,-0.07396449871095967,0.029605250981045383,,34.1,-0.1741124234592949,0.2931361952091354,0.763414615538062,False,False,False
2441,125.5,2026-08-12,0.05907172995780585,-0.027131782945736482,0.24257425742574257,0.40380310803094455,,86.0,0.14242633267740734,0.8881082087518771,0.8655172413793103,False,False,False
2442,19.600000381469727,2026-08-12,0.034300770045428086,0.02617800994837083,0.07692305273860667,-0.0776470408720129,,50.7,-0.02322487200972856,0.7190609285762695,0.6656263655288409,False,False,False
2444,11.5,2026-08-12,0.05990779683661396,-0.012875504158101903,-0.12878786619920246,-0.09448817537695475,,15.3,-0.2289357909475377,0.41433413142767755,0.7666666666666667,False,False,False
2449,259.0,2026-08-12,0.04858299595141702,-0.06350416826070493,-0.07774143305058201,-0.07774143305058201,,23.8,-0.17788935779891724,0.596555738387469,0.7711540507723933,False,False,False
2450,28.200000762939453,2026-08-12,-0.008787345985792117,-0.022530315768999665,0.009667109939158092,0.02536133861784995,,47.7,-0.09048081480917713,0.7073784752777466,0.9438540794533342,False,False,False
2451,294.5,2026-08-12,0.0424778761061948,0.2322175732217573,-0.10944795731851087,0.15120140288928385,,38.9,-0.2095958820668461,1.0821151148424455,0.8440032346162006,False,False,False
2453,52.70000076293945,2026-08-12,-0.018621973664666003,-0.0075329137980404415,0.011636205518360976,-0.008270876722264786,,44.4,-0.08851171922997425,0.2114074785719632,0.8675689893733232,False,False,False
2454,4015.0,2026-08-12,0.00374999999999992,0.09699453551912574,0.18619358103595163,1.2948802445053076,,94.0,0.0860456562876164,0.6040917740173298,0.87047185457893,False,False,False
2455,384.5,2026-08-12,-0.009020618556700999,0.22257551669316378,0.07980810566392704,1.3042332043561218,,93.0,-0.020339819084408184,1.5183568881076188,0.8718720706748542,False,False,False
2457,23.5,2026-08-12,-0.012605010364596936,-0.11654136605310994,-0.04858302533900993,-0.18965517241379315,,19.2,-0.14873095008734516,0.20329164684024442,0.609597936837518,False,False,False
2458,146.0,2026-08-12,-0.09034267912772587,-0.1866295264623955,-0.02341137123745818,0.29014692827039723,,63.7,-0.1235592959857934,0.9189509276202014,0.7724867724867724,False,False,False
2459,66.19999694824219,2026-08-12,0.029548892788620718,0.03437495231628418,0.07169271977892189,0.06041181340296364,,61.1,-0.02845520496941334,0.5501359311035305,0.9851190469432579,False,False,False
2460,30.799999237060547,2026-08-12,-0.026856252502830302,-0.03296706850339848,-0.08333331441122305,0.35682811462038977,,60.2,-0.18348123915955827,0.3608626776041859,0.7614338357511158,False,False,False
2461,18.0,2026-08-12,0.06508878143781804,0.0843373244794059,0.11801239587031787,0.09756100113940813,,68.7,0.01786447112198264,0.7177882943651176,0.8955223710639466,True,False,False
2462,19.700000762939453,2026-08-12,-0.005050428180518374,-0.08158507868324127,-0.011433082508432557,-0.18731313013684348,,25.6,-0.11158100725676778,0.3063791346869093,0.7134720031389117,False,False,False
2464,196.5,2026-08-12,0.15588235294117636,0.23584905660377364,0.708695652173913,1.8897058823529411,,97.9,0.6085477274255777,1.731142267959412,0.9874371859296482,True,False,False
2465,95.5,2026-08-12,0.11305357346421974,0.12485274774571176,0.15617435549857217,0.7717995787838292,,89.1,0.056026430750236944,2.4876273122960777,1.0,True,True,False
2466,94.0,2026-08-12,-0.023883727714127168,-0.10476190476190472,0.9421486991015757,0.5640599398763075,,96.9,0.8420007743532405,0.9984352006225504,0.7704918032786885,False,False,False
2467,552.0,2026-08-12,0.06769825918762096,0.029850746268656803,-0.08649343851692226,1.3413403625569575,,90.2,-0.1866413632652575,0.6217014767687075,0.8341901091304201,False,False,False
2468,34.75,2026-08-12,-0.026610665059863536,-0.046639251779328594,0.05783870971487892,-0.08311349337883323,,46.3,-0.042309215033456304,0.16268452955895438,0.5726135518041074,False,False,False
2471,50.09999847412109,2026-08-12,0.022448948451450734,0.027022516835115473,0.06589382805003541,0.05330452750278836,,59.8,-0.03425409669829982,0.5167498351153322,0.9764209904937078,True,False,False
2472,250.0,2026-08-12,0.03950103950103956,-0.22118380062305298,0.079913606911447,1.3148148148148149,,93.1,-0.020234317836888227,0.4166459349891521,0.5512679162072768,False,False,False
2474,205.0,2026-08-12,0.12947658402203865,0.08179419525065956,0.11441396813220384,0.05883227292849447,,65.8,0.01426604338386861,0.5425301288907082,0.8260539306438065,False,False,False
2476,128.0,2026-08-12,0.028112449799196693,0.049180327868852514,0.07563025210084029,0.5274462450907398,,81.6,-0.024517672647494937,0.4303751130175703,0.9411764705882353,False,False,False
2477,21.799999237060547,2026-08-12,0.011600928484956086,0.033175300613054404,0.05060237287038771,-0.06201981715198479,,47.2,-0.049545551877947513,1.0095290380306532,0.8500444862057063,False,False,False
2478,128.5,2026-08-12,0.0708333333333333,-0.18412698412698414,0.5826523042198888,0.9807279844070207,,96.1,0.48250437947155356,1.0762050144717612,0.5369246233821413,False,False,False
2480,154.0,2026-08-12,0.006535947712418277,-0.028391167192429068,0.08052010342114135,0.1744783732838493,,68.9,-0.019627821327193873,0.3856908520269628,0.8929917815030952,False,False,False
2481,139.0,2026-08-12,0.03731343283582089,-0.2102272727272727,0.20346320346320357,0.56579485303287,,87.7,0.10331527871486834,0.6630782915356118,0.610989010989011,False,False,False
2482,16.149999618530273,2026-08-12,-0.02121214433149854,-0.10746331242200957,-0.006472929741988653,-0.10500448012998664,,34.2,-0.10662085449032388,0.4038889863527604,0.7383713234043777,False,False,False
2483,36.45000076293945,2026-08-12,-0.05447466966749592,-0.3384754669265737,0.5000000784917158,0.896126247693132,,95.4,0.39985215374338057,0.3921220130303618,0.521459226999368,False,False,False
2484,73.9000015258789,2026-08-12,0.04822697199828241,-0.08198755868473406,0.92950399472516,1.6392857687813893,,98.1,0.8293560699768248,0.46584632549985755,0.7665975140678831,False,False,False
2485,44.0,2026-08-12,0.07186360092002508,-0.06976742685600146,-0.3776520240557949,0.07317073170731714,,4.0,-0.4777999488041301,0.4169367319925735,0.5398773006134969,False,False,False
2486,230.0,2026-08-12,0.05263157894736836,-0.017094017094017144,-0.11033274460053488,0.8001861539199242,,79.0,-0.2104806693488701,0.7541113400002167,0.7505661881715595,False,False,False
2488,50.400001525878906,2026-08-12,0.039175289193379426,0.03278693266050836,0.03054541290743873,0.16048368382210976,,62.3,-0.0696025118408965,0.6016654894503306,0.9723542615748066,False,False,False
2489,33.0,2026-08-12,-0.0030211020764631114,-0.08333333333333337,-0.16491382997752801,0.6681155192025827,,69.1,-0.26506175472586324,0.5749625519763136,0.5993406301965764,False,False,False
2491,34.5,2026-08-12,0.1876076043398518,0.023738849226980552,0.7079207275722721,0.9166666666666667,,96.5,0.6077728028239369,0.6675593738814316,0.7840909090909091,False,False,False
2492,288.0,2026-08-12,0.10982658959537561,-0.2615384615384615,0.3160406426481732,1.121091105571054,,94.6,0.215892717899838,3.259860480507696,0.4692527356796673,False,False,False
2493,243.0,2026-08-12,0.18248175182481763,0.008298755186721962,0.7618151513522233,1.2628819743902588,,97.4,0.6616672266038881,0.9335917903781188,0.7601051845096174,False,False,False
2495,39.95000076293945,2026-08-12,0.04308098064613808,-0.08846809084356622,0.12063327240787047,0.16545865817688754,,72.2,0.020485347659535247,0.20116145804237895,0.7581980482106281,False,False,False
2496,59.70000076293945,2026-08-12,0.0,-0.02131146290263186,-0.07727969739013374,-0.1163003707473571,,20.1,-0.17742762213846897,1.105281194075315,0.879960391091583,False,False,False
2497,48.79999923706055,2026-08-12,0.038297856107671224,-0.14466678541254963,-0.11171170708254374,0.008374966568474695,,25.3,-0.21185963183087897,0.4479104060137701,0.7593002600440315,False,False,False
2498,40.5,2026-08-12,0.0012360750585289626,-0.05813953488372092,-0.07162861059070169,-0.08715318666563943,,24.1,-0.17177653533903692,0.33805337675476205,0.5495460027025855,False,False,False
2501,23.149999618530277,2026-08-12,0.04044942105754057,0.07175922267067492,0.10889721287096488,0.10387963729297622,,67.6,0.00874928812262965,0.5098791372218272,0.9035458985561452,True,False,False
2504,31.200000762939453,2026-08-12,0.028006602002835335,0.029703021403977292,-0.017231064267729024,-0.04650502622815811,,37.8,-0.11737898901606425,0.610010514191228,0.8476846526235297,False,False,False
2505,18.149999618530277,2026-08-12,0.025423663061814095,0.025423663061814095,0.028328612510283957,-0.021563322640527183,,46.6,-0.07181931223805127,0.6218065411888747,0.9074999809265138,True,False,False
2506,8.600000381469727,2026-08-12,0.00820640688040819,-0.006037127917847829,0.02524143229839626,-0.02585024107569467,,45.5,-0.07490649244993897,0.7689689195487464,0.8624090156620735,False,False,False
2509,13.550000190734863,2026-08-12,0.03435112947795571,0.026515180797507254,0.03831417568522233,-0.08135591927221264,,42.7,-0.0618337490631129,0.6504795076925661,0.759103635919317,False,False,False
2511,8.289999961853027,2026-08-12,-0.0048019162328192255,0.020891247132936552,0.1251183823199169,0.01968017775644415,,65.0,0.024970457571581672,0.544493158755967,0.9048320224969972,False,False,False
2514,12.199999809265137,2026-08-12,-0.02008032159277251,-0.04687502910383001,-0.06513412789627415,-0.18394649064113766,,17.8,-0.16528205264460938,0.5750004516799373,0.7795527224690673,False,False,False
2515,11.949999809265137,2026-08-12,0.004201696835099522,-0.060022771627194604,-0.027232934496095762,-0.08403685436316077,,32.0,-0.127380859244431,0.5592540293979108,0.685721079337005,False,False,False
2516,13.949999809265137,2026-08-12,0.0,-0.03793104763688715,0.0941176320992263,-0.0412371390793379,,56.7,-0.006030292649108926,0.47765057660257737,0.8801261497491264,False,False,False
2520,35.25,2026-08-12,0.07789285083137809,0.05633504310241344,0.18689327636686381,0.19456298299463337,,78.7,0.08674535161852859,0.7313146303616448,0.9196946605000538,True,True,False
2524,34.650001525878906,2026-08-12,-0.008583668970292613,-0.03212284177903424,0.011678876667997162,-0.165060204195689,,31.8,-0.08846904808033806,0.5040334625071932,0.6715116773357445,False,False,False
2527,46.34999847412109,2026-08-12,0.08421049062271546,0.11017960417056494,0.38980511528621875,0.6038061967447956,,92.2,0.2896571905378835,0.9020252453725099,0.9178217519627938,False,False,False
2528,20.600000381469727,2026-08-12,0.024875621418442906,0.08919550365721407,0.0647191254035826,-0.08444272000968445,,47.8,-0.035428799344752626,0.5680271214994711,0.7839458786259826,False,False,False
2530,19.399999618530277,2026-08-12,-0.010204120359534996,0.015706766024549568,-0.07838478281867522,-0.2595420208547453,,13.1,-0.17853270756701045,0.3911554927056158,0.6247629080332862,False,False,False
2534,17.0,2026-08-12,0.0,0.024096362008327654,0.040329127419452826,-0.07641608785268328,,43.6,-0.0598187973288824,0.2451535868050419,0.7981834912091774,False,False,False
2535,88.80000305175781,2026-08-12,0.0102389250313486,0.012542829438920267,0.1824235000797989,0.37678576096752625,,83.0,0.08227557533146368,1.0525755904241922,0.9183040936318458,False,False,False
2536,21.25,2026-08-12,0.18715086328838626,0.09819119282032585,0.1650928513889407,0.04313432412393259,,70.7,0.06494492664060547,1.710422183016628,0.8047548864802925,True,True,False
2537,11.050000190734863,2026-08-12,0.009132455087817792,0.01376152086735738,0.10610615054078787,0.05741630549483423,,65.0,0.005958225792452643,0.29622990064130206,0.8911290750543249,False,False,False
2538,9.130000114440918,2026-08-12,-0.017222803882573468,-0.013292899655582668,0.002140363100713749,-0.11013646093885798,,35.3,-0.09800756164762148,0.6969764927983381,0.7845327831646549,False,False,False
2539,42.150001525878906,2026-08-12,-0.027681591475915535,0.03945751711275114,0.09055627068103744,-0.11075949010536768,,50.0,-0.009591654067297783,0.8235973120085015,0.7382463971354674,False,False,False
2540,44.5,2026-08-12,-0.13563799577281377,-0.06964387228989921,-0.08997957849858829,0.06298133191230804,,34.4,-0.1901275032469235,2.366011893566644,0.8190184240755052,False,False,False
2542,44.79999923706055,2026-08-12,0.01702610699182494,0.03225801064423561,0.038238647806120296,0.20430103006053169,,65.4,-0.06190927694221493,0.421189377096305,0.9856985365243618,False,False,False
2543,41.0,2026-08-12,0.0947930351065207,0.08932394217166584,0.05921704948651452,-0.3514332228824948,,23.9,-0.04093087526182071,0.6563767346709377,0.5377147638841764,True,False,False
2545,34.95000076293945,2026-08-12,0.0904836691080333,0.023426038105863745,-0.003425491587738194,0.01806404627524949,,44.1,-0.10357341633607342,0.9436070608139074,0.8384056851678525,True,False,False
2546,99.5999984741211,2026-08-12,0.18901823351142966,0.2574691897787875,0.3892885728026054,0.36833656617907407,,89.9,0.2891406480542702,2.111416341478929,1.0,True,True,False
2547,10.100000381469728,2026-08-12,-0.019417456850635784,-0.02381458463107411,0.08844670452678005,0.01250848249036185,,60.1,-0.011701220221555175,0.8779473555846435,0.9383160946639245,False,False,False
2548,93.5999984741211,2026-08-12,-0.03005182928371919,-0.010271896645166145,-0.168800570630961,-0.012706823473590645,,15.4,-0.2689484953792962,0.6301895537006407,0.7965660950763798,False,False,False
2596,32.150001525878906,2026-08-12,0.038772236942119065,0.07441357413247518,0.1532528863889373,-0.01629373330250372,,65.9,0.05310496164060208,0.8355583535467624,0.8554508495860701,True,True,False
2597,167.0,2026-08-12,0.021406727828746197,0.021406727828746197,0.11575987042947511,0.05247795804209798,,65.6,0.015611945681139883,0.21476363900029655,0.8641669532875814,False,False,False
2603,214.5,2026-08-12,0.04634146341463419,0.10282776349614386,0.093533789386256,0.24345373268172654,,73.8,-0.006614135362079221,0.5045762385711162,0.9758750977352226,False,False,False
2605,32.54999923706055,2026-08-12,0.01718747615814209,0.07960197840451122,0.08458286020143135,0.15132642983490063,,67.5,-0.015565064546903873,0.7193559826279754,0.7768465542722301,False,False,False
2606,67.4000015258789,2026-08-12,0.04496126396711486,0.07840002441406257,0.08870652145983793,0.1307144063468202,,66.6,-0.011441403288497298,0.8234751518414474,0.9700750199878706,False,False,False
2607,50.5,2026-08-12,0.07446808510638303,0.09544472172485907,0.13760335152132175,-0.05367506508620257,,62.2,0.03745542677298652,1.1676821438232408,0.7638194062917624,True,True,False
2608,28.600000381469727,2026-08-12,0.0,-0.017182130358953218,0.022057063859902915,-0.07199718528911281,,41.3,-0.07809086088843231,0.6135181084061203,0.8631352155489903,False,False,False
2609,51.70000076293945,2026-08-12,0.021739176323907428,0.07708334922790527,0.10801834951041189,0.008421115759704723,,62.5,0.007870424762076667,0.5522490788868278,0.8159043876508241,False,False,False
2610,20.25,2026-08-12,-0.10398231600900976,-0.007352922614470292,0.1348346409560255,-0.05174862125354618,,61.9,0.03468671620769026,0.8792573513650039,0.8698835360157721,False,False,False
2611,13.899999618530272,2026-08-12,0.03731343389805564,-0.02456143027857738,0.06106864227211495,-0.04168559434148178,,51.4,-0.03907928247622028,0.6226133748510705,0.8848240642518281,False,False,False
2612,55.0,2026-08-12,0.00182146578035991,0.024208551556627267,0.0014042518729724396,-0.08070449363165311,,38.1,-0.09874367287536279,0.5084993861380455,0.766490373257046,True,False,False
2613,20.450000762939453,2026-08-12,0.0073892380057363205,-0.042154548124102575,-0.04883717381676966,-0.12670470386801502,,24.7,-0.1489850985651049,0.42921012318199603,0.7409317544944733,False,False,False
2614,17.950000762939453,2026-08-12,0.0,-0.008287271567344212,-0.02445646005001212,-0.1243902066858803,,28.3,-0.12460438479834735,0.4667537782292812,0.758985245347541,False,False,False
2615,87.0999984741211,2026-08-12,0.0199062870944684,0.09697728967590158,0.20821429909444022,0.2295840853736162,,80.8,0.108066374346105,0.8763443083977525,0.9954285539899553,False,False,False
2616,13.399999618530272,2026-08-12,0.00751875386175338,0.014981887549376793,0.0038283009933606227,0.00016464268160421014,,43.9,-0.0963196237549746,0.4361509939835388,0.5733161417732467,False,False,False
2617,29.0,2026-08-12,0.003460220857774754,0.01754385964912286,0.04721498163249205,-0.0200219246004123,,50.5,-0.05293294311584318,1.1507504892602212,0.9139615088287155,False,False,False
2618,42.150001525878906,2026-08-12,-0.03767118127676872,0.033088292011341336,0.263903878347177,0.18279773626367035,,82.5,0.16375595359884176,0.5470076348877791,0.949324326065877,False,False,False
2630,47.900001525878906,2026-08-12,-0.0400801590950407,-0.23113961296191288,0.11525030675228054,-0.026771141632580653,,61.0,0.015102382003945314,0.3222028495719436,0.6706846040077533,False,False,False
2633,25.799999237060547,2026-08-12,-0.0038610186464320684,0.011764675963158666,0.04141803641867736,-0.013794280039924667,,49.9,-0.058729888329657864,0.3384950937306768,0.9398162114706153,False,False,False
2634,61.70000076293945,2026-08-12,-0.028346444678118865,-0.08047686786854835,0.3491492310093325,0.1754335234070954,,85.8,0.24900130626099726,0.5990369793260347,0.8629370736075448,False,False,False
2636,67.5999984741211,2026-08-12,0.04806199184683857,0.06289308326992504,0.07702315307557761,0.12348938425058686,,65.3,-0.023124771672757616,0.7361538320334742,0.9926578559294681,False,False,False
2637,88.0,2026-08-12,0.030444946459786904,0.05011929349988353,0.22802847018130512,0.3009806812139757,,83.4,0.1278805454329699,0.5571787977115574,0.9988649435203967,False,False,False
2640,149.0,2026-08-12,0.02758620689655178,0.005069470154784872,-0.04975249916627145,0.24932945961174435,,57.0,-0.14990042391460667,0.528989809664406,0.804055625779313,False,False,False
2641,17.5,2026-08-12,0.01449275362318847,0.005747148486326958,0.0073260555852721065,-0.11206073690992091,,36.1,-0.09282186916306312,0.3391681642600401,0.7956092619093516,True,False,False
2642,20.399999618530277,2026-08-12,-0.004878067388766949,0.0,-0.007183974331066989,-0.18681803521761653,,26.4,-0.10733189907940222,0.22692277199065383,0.6520679634977653,False,False,False
2643,62.70000076293945,2026-08-12,0.0,0.01129033488612019,0.004619626073171679,-0.07691066530112611,,38.9,-0.09552829867516355,0.5139616484928219,0.8841711671109821,False,False,False
2644,81.0,2026-08-12,0.0011963245319330795,-0.034586923151557536,-0.008748583403964783,-0.0946570361278235,,34.8,-0.10889650815230001,0.4464107999941223,0.6624460463256593,False,False,False
2645,182.0,2026-08-12,-0.07379134860050895,-0.24481327800829877,0.21485189820609096,0.15448651199760577,,79.2,0.11470397345775574,0.5398276905358692,0.7236580516898609,False,False,False
2646,20.549999237060547,2026-08-12,-0.03521126886685755,-0.028368812874306037,0.017326656480292302,-0.10457522640933947,,38.7,-0.08282126826804292,0.8705948605300844,0.7784090732575772,False,False,False
2718,45.54999923706055,2026-08-12,0.01674107171367023,-0.04407140024282774,-0.017259962532840456,-0.07040817883549899,,35.6,-0.11740788728117568,0.33052386834265784,0.7605960986248875,False,False,False
2724,10.850000381469728,2026-08-12,0.023584904811610574,-0.02690576209186346,-0.23859646445826466,-0.4407216188238403,,1.4,-0.3387443892065999,0.5040500277198171,0.4832962143761238,False,False,False
2762,83.5999984741211,2026-08-12,0.02246725504278735,0.07535351832320658,0.0407473695947973,0.2410620997738533,,67.7,-0.059400555153537926,0.6328586228724588,0.9712870026856248,False,False,False
2801,23.700000762939453,2026-08-12,0.002114213328358705,0.06396437042042069,0.23086068438745966,0.23086068438745966,,82.0,0.13071275963912443,0.6367179395944623,0.9885652825567077,False,False,False
2812,18.649999618530277,2026-08-12,-0.007978703437103052,-0.00932662277957741,0.06888443901656238,0.015440178214537914,,57.2,-0.031263485731772844,0.7955632069078911,0.8787757677177916,False,False,False
2816,34.099998474121094,2026-08-12,0.013372865611792406,0.0014684064076608827,0.14187490128153724,0.2433306023236046,,77.3,0.04172697653320201,0.5983046124769273,0.9673758432374778,False,False,False
2820,16.200000762939453,2026-08-12,-0.006134876000100209,-0.027026958912960142,0.018822837772730416,0.0501712725107375,,52.0,-0.08132508697560481,0.7857848417060305,0.9391304790109828,False,False,False
2832,58.5,2026-08-12,-0.0017064586471832177,0.046511599340787635,0.15924791193739107,0.27517276096747123,,79.7,0.05909998718905585,0.4683474491712517,0.9701492660060556,False,False,False
2834,16.5,2026-08-12,-0.014925373134328401,0.018242374527838612,0.12324868777978537,0.16701162465126762,,72.4,0.023100763031450144,0.684920683608143,0.9763313829846666,False,False,False
2836,11.899999618530272,2026-08-12,0.008474527642289953,-0.01664338448478353,0.045858141414696574,0.02842709193923665,,54.3,-0.05428978333363865,0.3563149566692948,0.9493173397105756,False,False,False
2838,19.899999618530277,2026-08-12,-0.03631961326173527,-0.0609195711635756,0.06957293275938614,0.152507865039458,,66.0,-0.030574991988949085,0.8754243529396801,0.8725464434552982,False,False,False
2845,13.100000381469728,2026-08-12,-0.015037579428341719,-0.015037579428341719,0.08713694390994298,0.048000030517578285,,62.4,-0.01301098083839225,0.4246178807412984,0.9667896824405336,False,False,False
2849,14.449999809265137,2026-08-12,-0.013651864469140462,-0.010274011526395066,0.1384928943391024,0.11725228572604118,,71.5,0.038344969590767164,0.6724802979038036,0.9383116991690029,False,False,False
2850,158.0,2026-08-12,0.0031746031746031633,0.08591065292096212,0.2588042057362596,0.47699695148913723,,88.0,0.1586562809879244,0.4314289521960038,0.9575757575757575,False,False,False
2851,36.70000076293945,2026-08-12,0.048571450369698566,-0.025232422959836187,0.17855467421377957,0.46654726793465673,,84.6,0.07840674946544435,0.45345373923276466,0.9386189819733597,False,False,False
2852,26.899999618530277,2026-08-12,0.011278166645047882,0.005607462374963568,0.07943399342788382,0.0555350610811427,,61.8,-0.020713931320451406,0.4265054084728719,0.9944547274395202,False,False,False
2855,47.5,2026-08-12,0.035986948326949486,0.018220759835335887,0.23309889100877923,0.6839769468545762,,90.0,0.132950966260444,0.43238535739472916,0.8377144257259944,True,False,False
2867,9.43000030517578,2026-08-12,-0.03480042340404532,0.06795021366408993,0.2246753946446849,0.20434232401785524,,80.9,0.12452746989634966,0.7537323228840659,0.9525253200540762,False,False,False
2880,43.20000076293945,2026-08-12,-0.013698595538180203,0.10063696211310713,0.3251534596614467,0.30513603487670693,,87.4,0.22500553491311148,0.6825512980470166,0.9729729567184807,False,False,False
2881,127.0,2026-08-12,-0.019305019305019266,0.016000000000000014,0.38804851039985055,0.4445476737395029,,90.9,0.28790058565151533,0.3027288325948252,0.9480821579042633,False,False,False
2882,99.6999969482422,2026-08-12,-0.007960229370724381,0.03746096286453704,0.346293573242588,0.36950539517642045,,88.9,0.2461456484942528,0.4139790601490693,0.8940321225155624,False,False,False
2883,31.200000762939453,2026-08-12,-0.012658215623466695,0.057627144506422034,0.4610410165077108,0.7888646258601602,,94.4,0.36089309175937556,0.3349400577063354,0.9873417843765333,False,False,False
2884,36.75,2026-08-12,-0.03543303223589511,0.0652173913043479,0.20272315184688927,0.14690812655643692,,78.4,0.10257522709855404,0.49953731674034735,0.950840842150893,False,False,False
2885,68.5999984741211,2026-08-12,-0.011527421241619096,0.05878488549476302,0.27244947619858295,0.6404402012743802,,90.4,0.17230155145024773,0.5391698850301128,0.9877055550630689,False,False,False
2886,48.70000076293945,2026-08-12,-0.04882812427240424,0.036170228998711806,0.23918579410593344,0.2551546835192391,,82.9,0.1390378693575982,0.7215058251838851,0.9171375171823023,False,False,False
2887,35.650001525878906,2026-08-12,-0.0014005388233059302,0.04574663289697867,0.6048363692439365,0.6331154927756124,,95.0,0.5046884444956012,0.420782277992754,0.9916550978944676,False,False,False
2889,15.199999809265137,2026-08-12,-0.009772024005007207,-0.03184713414486362,0.04109585014510864,-0.08982041228423832,,42.6,-0.05905207460322659,0.6542248494581309,0.8636363340803421,False,False,False
2890,39.84999847412109,2026-08-12,0.007585315874783172,0.054429006624374665,0.3707575840879114,0.4618218944199113,,90.6,0.27060965933957615,0.3308561710911275,0.9815270929017877,False,False,False
2891,66.5999984741211,2026-08-12,0.009090885971531737,0.024615361140324588,0.2604118424838042,0.3569856415372712,,85.9,0.160263917735469,0.5040893875348322,0.9540133686972968,False,False,False
2892,33.150001525878906,2026-08-12,-0.04092807352895733,0.026249926929029277,0.1671418129023139,0.19550987374065,,77.5,0.06699388815397866,0.9734653547546595,0.9368893425594046,False,False,False
2897,10.100000381469728,2026-08-12,-0.014634109124904593,0.02175516875197747,0.0573385496318104,0.16388308965563958,,65.4,-0.04280937511652483,0.5497552419814667,0.9805825431493642,False,False,False
2904,13.0,2026-08-12,-0.015151500920837613,-0.057971027512881634,-0.11558359109776006,-0.1985786465394488,,12.4,-0.2157315158460953,0.5537323579121995,0.7719905509156859,False,False,False
2916,41.0,2026-08-12,0.012345679012345734,0.027568883008880052,-0.04691688425585383,-0.045892043868763,,31.9,-0.14706480900418906,0.31996115726995444,0.8873203692699091,False,False,False
2923,27.25,2026-08-12,-0.06996584609011092,-0.12660258545991498,0.244292259116887,0.3591022961053747,,85.2,0.14414433436855179,0.9988992961881368,0.6646341463414634,False,False,False
2924,16.399999618530273,2026-08-12,0.006134993015359136,-0.08123253400289643,-0.017964139563091508,-0.14583338714307992,,27.9,-0.11811206431142673,1.104611116577737,0.5377049055255827,False,False,False
2937,46.0,2026-08-12,0.015452555733527884,-0.03157894736842104,0.0032715710113617735,0.09261790769514588,,52.8,-0.09687635373697345,1.5599684971065277,0.9209209068547168,False,False,False
2938,25.5,2026-08-12,0.0019646065053702255,-0.019230769230769273,0.08974360750872612,0.09442063669427814,,65.2,-0.010404317239609107,0.661882631180573,0.7810106832548935,False,False,False
2941,31.700000762939453,2026-08-11,0.0,-0.023112480196196494,0.0709459579191214,-0.20730108348375753,,39.1,-0.029201966829213832,0.04393496161182729,0.48315794994113703,False,False,False
2942,37.0,2026-08-12,0.020689655172413834,0.05906393880937899,0.05766309831485139,0.28139941681718095,,71.8,-0.042484826433483835,0.6262291549586957,0.9932885906040269,False,False,False
2947,62.09999847412109,2026-08-12,-0.02968752384185802,-0.0934306792099111,-0.20891721689017728,-0.21686091111201133,,5.2,-0.3090651416385125,0.899121985909214,0.6833764370132155,False,False,False
2948,38.25,2026-08-12,0.09547732215168758,0.07289013065987349,0.09836775255317987,0.053876959779181055,,64.1,-0.0017801721951553606,2.5209504751614946,0.9450202599100521,True,True,False
2949,61.0,2026-08-12,0.018363913958263423,-0.14858882988403588,0.07990944873089179,-0.0325467034994803,,55.0,-0.02023847601744344,0.1659766591877574,0.7538747450670534,False,False,False
3002,17.200000762939453,2026-08-12,0.04242428866299708,-0.10373385834613214,0.024678517945828204,-0.18502313999141262,,32.6,-0.07546940680250702,0.18934347158368245,0.599042820639973,False,False,False
3003,69.69999694824219,2026-08-12,0.19145293928619123,0.14341044958719684,0.16215494041450484,0.4924516226787441,,84.5,0.06200701566616962,1.8155977541889732,0.9886524389821587,False,False,False
3004,126.0,2026-08-12,-0.01945525291828798,-0.17915309446254069,0.07692307692307687,0.1938213886174922,,69.3,-0.023224847825258355,0.5144049530596645,0.7899686520376176,False,False,False
3005,114.5,2026-08-12,-0.004347826086956497,0.0,0.106280193236715,0.07525802548938043,,65.8,0.006132268488379777,0.48060767939902727,0.7331304814748524,False,False,False
3006,274.0,2026-08-12,0.14644351464435146,0.25977011494252866,0.15669097687888822,0.4117561964985794,,82.7,0.056543052130552995,1.0739986744148946,0.9945553539019963,False,False,False
3008,4585.0,2026-08-12,0.002185792349726823,0.0750293083235638,0.4625199362041468,0.9439173243893197,,95.3,0.36237201145581155,0.8140501884516435,0.8825794032723773,False,False,False
3010,132.5,2026-08-12,0.11344537815126055,0.1471861471861471,0.062035265091145764,0.10895242517573545,,62.9,-0.03811265965718946,1.018831219996697,0.9722857491240938,True,False,False
3011,11.300000190734863,2026-08-12,-0.04237288067101819,-0.09960159211175335,-0.10317461518864068,-0.1629629488344546,,14.5,-0.2033225399369759,0.43299190792587844,0.6588921540572754,False,False,False
3013,86.69999694824219,2026-08-12,0.024822677446778796,-0.0996885337413328,-0.17488204397950513,-0.22964650464214253,,6.4,-0.27502996872784036,0.2922752769525221,0.6217853603927708,False,False,False
3014,135.0,2026-08-12,0.03846153846153855,-0.0036900369003689537,0.028168724373091925,0.19096214033316516,,64.0,-0.0719792003752433,0.854473667803071,0.8481629587689934,False,False,False
3015,55.70000076293945,2026-08-12,-0.007130084172215279,-0.08237232186416654,0.15365852328855834,0.12012192184396464,,73.5,0.05351059854022311,0.3088724405276759,0.7446523862358384,False,False,False
3016,104.0,2026-08-12,0.0,-0.16129032258064513,-0.1510835892104102,0.6315112769945697,,68.4,-0.25123151395874543,0.5763962847609475,0.6846997806186117,False,False,False
3017,2910.0,2026-08-12,0.06593406593406592,0.37264150943396235,0.13894324853228968,0.9931506849315068,,91.5,0.03879532378395445,1.0930700131395608,0.9881154499151104,False,False,False
3018,12.449999809265137,2026-08-12,-0.11387902916363168,0.06410256514757218,0.226601012529684,0.08733624599633782,,78.1,0.12645308778134878,1.1080485961962885,0.7217391193776891,False,False,False
3019,137.5,2026-08-12,0.026119402985074647,-0.04181184668989546,-0.03639276918167811,-0.1336375100962015,,26.1,-0.13654069393001333,0.43249537140350386,0.825949054987133,False,False,False
3021,21.049999237060547,2026-08-12,0.0,-0.13729509974769072,0.23823524923885575,0.2158687598003406,,81.9,0.13808732449052052,0.1820981489386846,0.5262499809265136,False,False,False
3022,105.5,2026-08-12,0.0809426398502826,0.22247967867077745,0.54692089033472,0.6484375,,94.5,0.4467729655863848,2.4205673443561477,0.9336283185840708,False,False,False
3023,315.5,2026-08-12,0.024350649350649345,0.0357503704617248,0.1117525826410175,0.39504708077979744,,80.2,0.01160465789268228,0.7228191727836303,0.9680341815197053,False,False,False
3024,13.350000381469728,2026-08-12,0.0680000305175783,0.05952380772170396,-0.17884300107536233,0.2881656796566119,,38.8,-0.27899092582369756,0.42715235257934775,0.7634915047499203,False,False,False
3025,56.70000076293945,2026-08-12,0.010695228255579226,-0.012195134918661199,-0.06743418627581077,-0.17945004319827318,,17.7,-0.167582111024146,0.27778109338048274,0.7195431290237067,False,False,False
3026,685.0,2026-08-12,0.2522851919561244,-0.1595092024539877,0.9284842971625109,5.597446533347541,,98.9,0.8283363724141757,1.777239635023365,0.681592039800995,False,False,False
3027,18.399999618530277,2026-08-12,-0.00271008901580172,-0.04166672461562437,0.04843307227471416,-0.2505091572160322,,30.7,-0.051714852473621065,0.19647238162551267,0.6388888925681881,False,False,False
3028,69.69999694824219,2026-08-12,-0.027894003976649206,0.011186597025164557,-0.07911350649342797,0.5775186295747254,,72.8,-0.1792614312417632,0.722480017663548,0.8387484744653525,False,False,False
3029,108.5,2026-08-12,0.014018691588784993,0.06896551724137923,0.11625517907963423,0.020667690493781032,,64.4,0.016107254331299004,0.9544952808583906,0.8925838647022929,False,False,False
3030,307.5,2026-08-12,0.03361344537815136,0.054888507718696466,-0.21910136393142587,0.7461761195837837,,66.5,-0.3192492886797611,0.4642238853561823,0.7492531939607702,False,False,False
3031,23.299999237060547,2026-08-12,0.004310278915198751,-0.14702104190862575,-0.19251324173023954,0.20221360095839258,,27.7,-0.29266116647857476,0.16238650244883465,0.7021624186753588,False,False,False
3032,81.5,2026-08-12,-0.06429389864782775,0.01368157280155069,0.01747817169224075,0.12104543908059395,,57.4,-0.08266975305609447,0.6513711850131123,0.7086956521739131,False,False,False
3033,50.29999923706055,2026-08-12,0.09633485887493043,0.03566805980052834,0.129413811321065,0.701454750810236,,87.5,0.02926588657272977,0.573126510781367,0.9425324961711394,False,False,False
3034,537.0,2026-08-12,-0.023636363636363678,0.14743589743589736,0.13752064115446694,0.4954604381197758,,83.6,0.03737271640613171,0.5270364999766795,0.9763636363636363,False,False,False
3035,179.0,2026-08-12,0.0437317784256559,-0.13526570048309183,-0.0901290043609021,0.08149332160165779,,36.1,-0.19027692910923732,0.37945191626700114,0.7682403433476395,False,False,False
3036,217.5,2026-08-12,-0.033333333333333326,0.0687960687960687,-0.17603806828429125,0.434010629767978,,51.5,-0.2761859930326265,1.8401780403604757,0.7419756826564808,False,False,False
3037,1000.0,2026-08-12,0.031991744066047545,0.14416475972540055,0.13739801321891965,1.647417947454474,,95.6,0.03725008847058442,0.5277846054638996,0.9235462235899545,True,False,False
3038,20.5,2026-08-12,-0.016786588732189522,-0.016786588732189522,-0.1106290378075403,-0.07875742912741657,,18.6,-0.21077696255587552,0.5230856143633965,0.8134920388632868,False,False,False
3040,37.70000076293945,2026-08-12,0.0053333536783854996,0.0053333536783854996,-0.0345710243405043,-0.2707930327543774,,16.0,-0.13471894908883952,0.4092744875390302,0.5053619508587212,False,False,False
3041,23.450000762939453,2026-08-12,0.024017517623193596,-0.08576993716606074,-0.028985460316683254,-0.0945945518021537,,30.9,-0.12913338506501848,0.39240691029661906,0.7362637513995957,False,False,False
3042,181.5,2026-08-12,0.025423728813559254,-0.018918918918918948,0.23845998790566414,1.1429371328836115,,93.7,0.1383120631573289,0.44878099428587376,0.7289156626506024,False,False,False
3043,20.600000381469727,2026-08-12,0.01728396945529509,-0.055045820990249905,0.05370850053122833,-0.07207208677851751,,46.6,-0.046439424217106895,0.19018103206774578,0.7477314320124696,False,False,False
3044,485.5,2026-08-12,0.21831869510665003,0.1518386714116251,-0.02553817440437056,0.3322415597601156,,65.5,-0.1256860991527058,0.9674266976501116,0.8707233266523853,True,False,False
3045,109.5,2026-08-12,-0.009049773755656076,0.004587155963302836,-0.006097255684404335,0.08340108183218486,,50.1,-0.10624518043273956,0.5945012609059607,0.9485378454293456,False,False,False
3046,62.29999923706055,2026-08-12,0.12252250877586568,0.16885553712620172,0.28316600221613597,0.28316600221613597,,85.2,0.18301807746780074,1.3309591582478244,1.0,True,True,False
3047,14.350000381469728,2026-08-12,-0.020477764155098277,-0.08012820316881508,0.0,-0.2005571157914645,,26.5,-0.10014792474833523,0.2372959894255844,0.6152142843241618,False,False,False
3048,59.70000076293945,2026-08-12,0.024013748614064134,0.07374105038378209,0.1889937449040402,0.5332156790094309,,86.6,0.08884582015570497,0.6310190741460286,0.8063654448896773,True,False,False
3049,10.75,2026-08-12,0.0,-0.08510638297872342,-0.1501976028321036,0.15840520574650463,,31.8,-0.2503455275804388,0.19706398247721488,0.5972222222222222,False,False,False
3050,11.550000190734863,2026-08-12,0.022123893431876374,-0.021186440335509094,-0.049382670504806825,-0.15073530391425805,,22.2,-0.14953059525314205,0.46936234616116884,0.7549019638397869,False,False,False
3051,23.25,2026-08-12,0.024229040465870266,0.007921684764507608,-0.09897913046139262,-0.046615188338475555,,22.9,-0.19912705520972784,0.2123042546014971,0.7723036269271166,False,False,False
3052,10.850000381469728,2026-08-12,0.028436036522381247,0.0,0.028436036522381247,-0.052401697623601695,,43.6,-0.07171188822595398,0.5519298265007766,0.8857143168546717,True,False,False
3055,117.0,2026-08-12,0.044642857142857206,-0.33333333333333337,0.10727761285200765,0.7570571075320154,,87.5,0.007129688103672427,0.5427996652543584,0.6062176165803109,False,False,False
3056,14.100000381469728,2026-08-12,0.010752729337312639,0.014526156145628466,0.062139321517483026,-0.12696566621580807,,43.0,-0.0380086032308522,0.41407967647002636,0.6523561144555906,False,False,False
3057,16.299999237060547,2026-08-12,0.01874995231628418,0.006172745025411208,-0.14659691562758614,-0.0994475749432564,,13.7,-0.24674484037592137,0.6389414891067849,0.6820083471642712,False,False,False
3058,8.3100004196167,2026-08-12,0.01465211787321996,-0.07769143079722307,0.012180314373335444,-0.18529406127357595,,29.6,-0.08796761037499978,0.3306876637748505,0.6021739351276185,False,False,False
3059,40.79999923706055,2026-08-12,0.019999980926513672,-0.08622625212200541,0.022556332750962582,0.04347828207882487,,52.0,-0.07759159199737264,0.18799182376255646,0.6476190355088975,False,False,False
3060,28.899999618530277,2026-08-12,-0.005163498191728233,-0.15620439069984593,0.04540857903124129,-0.1790294379476498,,36.9,-0.054739345717093935,0.22580012404338817,0.6977756997088227,False,False,False
3062,21.299999237060547,2026-08-12,0.03147697968705976,-0.08189661480158394,-0.212569322076803,-0.17760619495062224,,5.6,-0.31271724682513824,0.26671166096816534,0.6533742403076847,False,False,False
3066,23.75,2026-08-12,0.08695650276242572,-0.05378487493834361,0.31215466847805073,0.5939597723521746,,90.8,0.2120067437297155,1.2064473814374113,0.7864238211922596,False,False,False
3067,17.950000762939453,2026-08-12,-0.008287271567344212,-0.002777735392252567,0.040579754373301524,0.019886384879754138,,52.9,-0.0595681703750337,0.18780400773752512,0.8427230706988794,False,False,False
3071,25.149999618530277,2026-08-12,-0.03639849613235724,-0.1033867984815735,-0.13497417290514757,0.09692631530609797,,28.4,-0.2351220976534828,0.3697741031388658,0.7493537556732144,False,False,False
3073,23.149999618530277,2026-08-12,0.05227270993319433,0.05949653154985923,0.15749998092651385,-0.23471075641222228,,51.3,0.05735205617817862,1.1292630147241955,0.5327962994715526,True,False,False
3078,54.20000076293945,2026-08-12,0.026515180797507254,0.013084126410083163,-0.016333897206990633,-0.13418527022255766,,28.8,-0.11648182195532586,0.4931415009989316,0.59387891381582,False,False,False
3081,2725.0,2026-08-12,0.2615740740740742,0.5598168288494563,0.019574671768681107,2.0026475869847697,,95.9,-0.08057325297965412,1.2507943367723364,0.9502049075134514,True,False,False
3085,12.100000381469728,2026-08-12,0.0041493933563012675,0.01680678734039809,-0.047244050142243754,-0.08679242404002052,,28.0,-0.14739197489057898,0.42113106863210525,0.7076023457041436,False,False,False
3088,140.0,2026-08-12,0.05660377358490565,0.06994618806365072,0.10726991031575217,0.7250943063111102,,87.1,0.007121985567416944,0.9749378558248233,0.9090909090909091,False,False,False
3090,170.5,2026-08-12,0.15986394557823136,-0.2666666666666667,0.3369097883141141,0.8716738156088004,,93.3,0.23676186356577889,1.7130022128051285,0.5014705882352941,False,False,False
3092,23.950000762939453,2026-08-12,0.014830524398827594,-0.08587786009467147,-0.1839863559913134,-0.041999969482421906,,13.3,-0.28413428073964864,0.1544986758261765,0.6335979165697434,False,False,False
3093,48.95000076293945,2026-08-12,0.05268818845031076,-0.05319148857675271,-0.0403038820430659,0.9231047294446759,,85.1,-0.14045180679140112,0.1474361051201954,0.6575695513750801,False,False,False
3094,36.70000076293945,2026-08-12,0.018030555884469557,-0.002717349896583343,0.12626366390096133,0.45153033512574003,,82.3,0.026115739152626105,0.3058401409946252,0.8110497406174465,False,False,False
3095,38.0,2026-08-12,0.0,-0.0570719424467242,-0.14414417355703502,0.264559100325525,,41.5,-0.24429209830537024,0.18490878301347824,0.7958115183246073,False,False,False
3097,25.600000381469727,2026-08-12,-0.011582982296490685,-0.02103247591142654,-0.0035985237389131175,0.18239651212677255,,59.0,-0.10374644848724834,0.4159753776310034,0.841896216690765,False,False,False
3105,400.0,2026-08-12,0.06382978723404253,0.05680317040951133,-0.16922301892154912,0.712923969003959,,70.8,-0.26937094366988434,1.1420456414832312,0.6510221741514117,True,False,False
3114,36.25,2026-08-12,0.08047692471947765,-0.0027509897749316004,0.33517497271929386,0.42156862745098045,,89.2,0.23502704797095864,1.2675899567228859,0.6282495584173938,False,False,False
3115,8.800000190734863,2026-08-12,-0.052744862554383265,-0.0134529018534425,-0.06382972895154448,-0.141463396025867,,20.4,-0.1639776536998797,0.5130649140825294,0.644688676678687,False,False,False
3117,27.5,2026-08-12,-0.05821920268910019,-0.06779661016949157,0.21681413875319655,2.8461537948534534,,97.8,0.11666621400486132,0.3733972196650831,0.5392156862745098,False,False,False
3122,26.100000381469727,2026-08-12,0.019531249708961695,-0.08098588971669773,-0.3012047805154855,0.05241940259685518,,7.6,-0.4013527052638207,0.2455647669395493,0.6492537285106578,False,False,False
3128,22.100000381469727,2026-08-12,0.00913245508781757,-0.03070170521992821,-0.03493446508240139,-0.17228465355906242,,23.1,-0.13508238983073662,0.303640467597623,0.5352056225306229,False,False,False
3130,207.0,2026-08-12,0.014705882352941124,0.014705882352941124,-0.005584972976752867,0.0011492667474466423,,42.4,-0.10573289772508809,1.0056954164097551,0.9517362899608233,True,False,False
3131,2555.0,2026-08-12,0.08955223880597019,-0.14547629786960248,-0.11344980531997206,0.558098702949172,,68.6,-0.2135977300683073,1.7154010968790534,0.6663315466277936,False,False,False
3135,165.5,2026-08-12,-0.062322946175637384,0.06774193548387086,-0.24943310657596374,0.3966244725738397,,35.7,-0.34958103132429896,1.277614025302098,0.6353166986564299,False,False,False
3138,97.5999984741211,2026-08-12,0.0010256253756009137,-0.07804773636570983,-0.3522231147791013,-0.4432030048850535,,0.6,-0.4523710395274365,0.2654925905253089,0.45567755596683585,False,False,False
3141,75.0,2026-08-12,0.008064495454511489,0.0714285714285714,0.19808309629600207,0.5756303026096861,,87.6,0.09793517154766684,0.836114234739988,0.9014423407570157,False,False,False
3147,229.5,2026-08-12,-0.15469613259668513,0.03146067415730336,0.33043478260869574,0.3825301204819278,,88.7,0.23028685786036052,0.9305940747686317,0.6557142857142857,False,False,False
3149,68.30000305175781,2026-08-12,0.0443425299421647,-0.16695764745337371,0.2671614307648036,0.3034351347876647,,84.9,0.16701350601646836,0.8996132147361506,0.6535885459498355,False,False,False
3150,17.899999618530273,2026-08-12,0.10153843806340146,0.028735632813895018,0.008765579439434124,0.017125436353868206,,46.5,-0.0913823453089011,0.7115263790818628,0.775156658418487,True,False,False
3152,230.5,2026-08-12,0.02495019108007135,-0.0783393785723312,-0.20867058757462753,-0.11135509975016133,,8.5,-0.30881851232296276,0.21540957056990417,0.6170590762132937,False,False,False
3158,83.9000015258789,2026-08-12,0.015738536026306482,0.007202862570704793,-0.04004576589124731,-0.00040113244242478974,,37.9,-0.14019369063958254,0.6681140588050136,0.6434694029447265,False,False,False
3162,66.19999694824219,2026-08-12,0.012232345622296581,-0.1609632995187099,-0.20080989581198616,0.13887190994305887,,21.2,-0.3009578205603214,0.3819694909551245,0.6975203885035778,False,False,False
3163,718.0,2026-08-12,-0.005540166204986097,0.17662205582230128,-0.17059678094271835,0.8552440512336832,,76.8,-0.2707447056910536,1.759135415235586,0.6532751243024629,False,False,False
3167,672.0,2026-08-12,0.041860465116279055,-0.22758620689655173,-0.11730252676461761,2.1190003944767595,,95.4,-0.21745045151295284,0.5107276183299123,0.7100563599135528,False,False,False
3168,42.5,2026-08-12,-0.005847953216374324,-0.02522932368389863,0.036452866880919865,0.12250293393172651,,60.6,-0.06369505786741536,0.2425316774117822,0.8693472069488348,False,False,False
3169,101.5,2026-08-12,-0.014563106796116498,0.0,-0.0880503394703458,0.08996074642742702,,37.1,-0.18819826421868102,0.23264239603587314,0.8489287639325648,False,False,False
3171,64.69999694824219,2026-08-12,-0.012213787049737634,0.017295573907422312,0.004355735363435809,0.42740572303253344,,74.0,-0.09579218938489942,0.7883607985500284,0.8728028014140455,False,False,False
3178,58.79999923706055,2026-08-12,0.020833347130705393,-0.08553660270078178,-0.13146230594346764,0.03339187452073267,,24.2,-0.23161023069180287,0.37599221932796456,0.7913862290974621,False,False,False
3188,23.549999237060547,2026-08-12,0.019480469617299212,-0.01464436765925159,-0.05800003051757807,-0.10032141313939247,,25.2,-0.1581479552659133,0.5358777694485912,0.7531891326124172,False,False,False
3189,858.0,2026-08-12,0.03623188405797095,0.06583850931677016,0.6464919900040198,2.4105905507226124,,98.2,0.5463440652556846,0.5842053704325458,0.9646114688912439,True,False,False
3191,18.649999618530277,2026-08-12,-0.007978703437103052,0.008108087488122973,0.35144922904070963,0.19935687394026425,,86.3,0.2513013042923744,0.2786110112412926,0.7051039349935223,False,False,False
3206,34.849998474121094,2026-08-12,0.057663055149870024,-0.012427837768536953,-0.04231492709795692,0.15164664333047928,,49.4,-0.14246285184629215,0.23145497893411365,0.8664769577449507,False,False,False
3207,43.0,2026-08-12,0.03739443205140791,-0.2624356678779257,-0.24956368983355204,-0.384835492684786,,1.8,-0.34971161458188726,0.19663063770051142,0.5143540763737086,False,False,False
3209,55.5,2026-08-12,-0.05451449269758424,-0.052900999229378964,-0.12598425196850394,0.6716867085724174,,72.9,-0.22613217671683916,0.7292798911209339,0.6818181690371995,False,False,False
3211,412.0,2026-08-12,0.2696456086286594,-0.0636363636363636,0.12892862372203995,0.2523270302100209,,76.7,0.02878069897370472,1.6445555507125857,0.9005464480874317,False,False,False
3213,134.0,2026-08-12,-0.0037174721189591198,0.059288537549407216,0.2364534391750428,0.4406499623712472,,86.7,0.13630551442670757,1.034060019124229,0.9403508771929825,False,False,False
3217,148.0,2026-08-12,0.03135888501742157,-0.060317460317460325,-0.16014982926048493,0.0035270730012029183,,17.6,-0.26029775400882016,0.5596130205151737,0.7587052400361607,False,False,False
3219,73.5999984741211,2026-08-12,0.13230766883263212,0.019614385771289156,-0.07342067813983721,0.20812829512552633,,49.0,-0.17356860288817244,1.2497532563197424,0.6862609852170282,True,False,False
3221,49.0,2026-08-12,0.02833155154020095,-0.06309750067304243,0.1765557832937501,0.635842535464644,,87.9,0.07640785854541488,0.22476914353017127,0.7426675414822388,False,False,False
3224,36.29999923706055,2026-08-12,0.034188057410435624,-0.010899223911810862,-0.1664753186454785,-0.19422863813950475,,8.6,-0.2666232433938137,0.31858603507593714,0.6914285568963914,False,False,False
3226,51.5,2026-08-12,0.00194549554771406,0.10752688172043001,0.2700370152641516,-0.09490336346340711,,74.6,0.16988909051581635,2.43477395567101,0.8879310344827587,False,False,False
3227,204.0,2026-08-12,-0.026252983293556076,0.027707808564231717,-0.0629278011072153,0.0709396558774682,,39.5,-0.16307572585555052,0.543296171841018,0.8329530656824752,False,False,False
3228,146.0,2026-08-12,0.0034364261168384758,-0.13095238095238093,-0.2946859903381642,0.028169014084507005,,7.0,-0.39483391508649945,0.35284127689407263,0.566990291262136,False,False,False
3229,55.900001525878906,2026-08-12,0.2632768706413313,0.5336076915179448,0.38537803320441233,1.5642203432212738,,96.5,0.2852301084560771,1.7915721899774126,1.0,True,True,False
3230,40.95000076293945,2026-08-12,-0.0012194935868425905,-0.23743016422449092,0.31040002441406256,0.5423729544134324,,90.1,0.21025209966572733,0.4370119031494507,0.6204545570142341,False,False,False
3231,193.5,2026-08-12,0.002590673575129543,0.35789473684210527,0.4535931026514297,0.5371328348757027,,92.9,0.3534451779030945,0.8390944933530908,0.9923076923076923,False,False,False
3232,19.899999618530277,2026-08-12,0.01530608322559912,-0.08715594885435696,-0.045563584918864364,-0.11946905829051413,,25.5,-0.1457115096671996,0.1764878907862981,0.7356746831721078,False,False,False
3234,133.0,2026-08-12,0.15652173913043477,0.19819819819819817,0.33668341708542715,1.180327868852459,,95.2,0.23653549233709192,0.9768532960388265,0.9140893470790378,True,False,False
3236,45.20000076293945,2026-08-12,0.058548008321578804,-0.1706421878359733,0.12437810709221475,0.49917085687654206,,83.2,0.024230182343879525,0.37541977616145783,0.6191780926430062,False,False,False
3257,52.0,2026-08-12,0.007751967785028624,-0.10806173789888696,0.005723439422991694,-0.17229407810395758,,29.7,-0.09442448532534353,0.15074536641974853,0.6987402110159876,False,False,False
3259,14.100000381469728,2026-08-12,-0.030927821537190425,-0.10191079281741078,-0.17543859257751382,-0.2878787411729731,,4.9,-0.27558651732584905,0.7310022618011655,0.5911949750921066,False,False,False
3260,409.5,2026-08-12,0.03409090909090917,0.016129032258064502,-0.08389261744966447,0.1642468816681102,,42.8,-0.1840405421979997,1.0959906814251155,0.8061023622047244,False,False,False
3264,216.5,2026-08-12,0.07178217821782185,-0.0045977011494252595,-0.03579314220235086,0.38434705776061273,,66.9,-0.13594106695068608,1.1608442189667298,0.8424124513618677,False,False,False
3265,175.0,2026-08-12,0.12540192926045024,0.07033639143730896,-0.01977534524056268,0.2823728190811994,,63.7,-0.11992326998889791,0.9735512279101323,0.9090909090909091,True,False,False
3266,13.949999809265137,2026-08-12,0.0035971361228104293,0.0717472377714603,0.13925886822383804,0.04090559338471911,,67.4,0.03911094347550281,0.26656066485882757,0.9978336074351782,True,True,False
3268,19.75,2026-08-12,-0.05727927060805904,0.023316102628405666,0.16519168796632977,0.1897590088037926,,77.0,0.06504376321799454,0.17215848602505338,0.8315789473684211,False,False,False
3272,13.899999618530272,2026-08-12,-0.010676197165001344,-0.08250825290260067,-0.2234636919131081,-0.3015075434681409,,3.3,-0.32361161666144334,0.30586150908594956,0.5429687270079742,False,False,False
3276,15.100000381469728,2026-08-12,0.003322271767520979,-0.05858146786749985,-0.015789636608863122,0.04529925561163073,,44.3,-0.11593756135719835,0.6504047346029629,0.8251366672677074,False,False,False
3284,21.200000762939453,2026-08-12,0.019230843295715117,-0.1669941010842284,0.3482456343582716,0.07056730819056889,,83.5,0.24809770960993638,0.2660207064303855,0.6992521995961352,False,False,False
3285,38.0,2026-08-12,0.003963052362643271,-0.01829476389880824,0.3574196104931291,0.41741608937906793,,89.8,0.25727168574479387,0.25401684871778146,0.7516180980096457,False,False,False
3287,35.45000076293945,2026-08-12,0.19360268862938956,0.19561555544791198,0.1307815097792835,0.15097407925529183,,72.4,0.030633585030948263,0.5596175630689617,0.9219765945260633,True,False,False
3288,21.799999237060547,2026-08-12,-0.08786612615012535,0.08728179883245524,0.4581939475042789,0.3456789018758655,,91.4,0.35804602275594366,0.53446440912568,0.7440272970890214,False,False,False
3289,140.5,2026-08-12,-0.02768166089965396,-0.09763758986204873,-0.156720854220756,0.05781964212599533,,21.6,-0.2568687789690912,0.30135345691133086,0.6730208822824071,False,False,False
3290,56.0,2026-08-12,0.052631563851613716,-0.16292976498158174,0.1822139743202984,0.16417407879378132,,77.4,0.08206604957196317,0.30340714292419285,0.8025126627527398,False,False,False
3294,31.799999237060547,2026-08-12,0.03921564838664171,-0.11048953183047416,-0.04216871968996161,-0.1697127971143757,,21.7,-0.14231664443829684,0.1790293223041796,0.5389830379162804,False,False,False
3296,23.350000381469727,2026-08-12,0.015217407889988044,-0.11553027580044894,0.09624418863087647,-0.05846769758863446,,55.8,-0.003903736117458756,0.15258924958080386,0.7605863127422938,False,False,False
3297,28.350000381469727,2026-08-12,0.05783586524382245,-0.0486576809635465,-0.09569377873989537,-0.28045687097629335,,10.7,-0.1958417034882306,0.5023836716318695,0.4114658890220988,False,False,False
3303,53.400001525878906,2026-08-12,-0.027322403612191626,-0.06968640929733416,0.11608202110451726,0.2362755301875854,,75.5,0.015934096356182037,0.5753409772065627,0.8516746551212554,False,False,False
3305,116.0,2026-08-12,0.04035874439461873,-0.010379900789041718,-0.061431711910405196,0.05119652419033849,,38.5,-0.16157963665874042,0.5252444146272116,0.7060275169757981,False,False,False
3306,44.79999923706055,2026-08-12,0.0334486923639703,0.01549399841675636,0.036956056264157766,-0.03596324166131126,,47.0,-0.06319186848417746,0.33174034506378053,0.6774879865241394,True,False,False
3308,19.5,2026-08-12,-0.015151477203040775,-0.0714285714285714,-0.041769059731503466,-0.11363636363636365,,26.7,-0.1419169844798387,0.1857245846038463,0.7400379399505855,False,False,False
3310,69.0999984741211,2026-08-12,0.031343260807777495,0.014684288141063817,0.03595406839367721,-0.01598412289351514,,48.7,-0.06419385635465802,0.19418987120892875,0.8271113287012926,False,False,False
3311,32.0,2026-08-12,-0.021406750660776686,-0.1061452323475679,0.03378957843593344,-0.01774361805033431,,48.5,-0.06635834631240178,0.1754014116030371,0.7872320737970008,False,False,False
3312,51.70000076293945,2026-08-12,0.07933192308997161,-0.03183521937008915,0.06160164174541438,0.30226699671003976,,73.2,-0.038546283002920845,0.2986593603594313,0.7062841928736032,False,False,False
3313,10.5,2026-08-12,0.019417456850636006,-0.09482761597378131,-0.07079647586119531,-0.2222222222222222,,14.8,-0.17094440060953053,0.4076334337633211,0.5343511554116431,False,False,False
3317,69.80000305175781,2026-08-12,0.0014348078607504533,-0.22530516943564582,-0.056756715516786294,0.43032795375023447,,67.2,-0.15690464026512152,0.11095868610212076,0.6616114033341973,False,False,False
3321,18.850000381469727,2026-08-12,-0.0182291858105188,-0.05037783278500663,0.18553464362989347,0.05898883086595985,,73.6,0.08538671888155824,0.38046599274560267,0.7020484213653447,False,False,False
3322,11.350000381469728,2026-08-12,-0.004385898134529054,-0.11328123341081675,-0.16236160725439974,-0.26774191087292076,,6.0,-0.26250953200273497,0.29843056747757984,0.6305555767483182,False,False,False
3323,32.400001525878906,2026-08-12,0.10391826592052844,-0.027026958912960142,-0.08603664799491662,-0.1382977967890392,,18.0,-0.18618457274325184,0.4983407547104207,0.5744680966189744,False,False,False
3324,1050.0,2026-08-12,0.08808290155440424,0.21527777777777768,0.046344627232123736,0.16707672963706122,,64.6,-0.05380329751621149,1.4020992367676666,0.8297186195124323,False,False,False
3325,11.899999618530272,2026-08-12,-0.012448180068903691,-0.06299214194879232,-0.012448180068903691,-0.23961661925920041,,21.1,-0.11259610481723892,0.20242191046116928,0.5876543021496431,False,False,False
3332,62.5,2026-08-12,-0.020376163833954908,-0.01796976277112816,-0.019462273445902456,0.15419288532793574,,54.0,-0.11961019819423768,0.15989889178609737,0.8115645571767143,False,False,False
3338,64.0999984741211,2026-08-12,0.00786163540874063,-0.022865854190404322,-0.05045496526504756,0.2816059210310551,,59.5,-0.15060289001338278,0.31479591604610146,0.7354424376410842,False,False,False
3339,38.900001525878906,2026-08-12,-0.022613008252110434,0.11142861502511159,-0.2020512507512019,0.381882843801967,,41.6,-0.3021991754995371,1.2679647913680674,0.5448179368984973,False,False,False
3346,21.450000762939453,2026-08-12,0.06451618704814632,-0.06331872837314423,0.3575949686075166,-0.029411746937130445,,81.7,0.2574470438591814,0.20513707072506157,0.7320819563642887,False,False,False
3349,23.200000762939453,2026-08-12,0.04977377205803335,-0.01486193144203174,0.2210526717336554,-0.20274912512672238,,63.3,0.12090474698532017,0.7933862647572508,0.7250000238418579,False,False,False
3354,20.700000762939453,2026-08-12,-0.018957327549697922,-0.15510200967594068,-0.38392852074434736,-0.17529878691868894,,1.1,-0.4840764454926826,0.1451431418200801,0.5847457590589896,False,False,False
3356,60.0,2026-08-12,0.0507881191484314,-0.001663868164059057,0.014485565227935426,0.32517188283018506,,69.7,-0.0856623595203998,0.4856522454583812,0.9569377873989539,True,False,False
3357,230.5,2026-08-12,0.09761904761904772,-0.0630081300813008,0.012818421463207441,0.5078293385365558,,77.7,-0.08732950328512779,0.3944587413184489,0.6737570457475388,False,False,False
3360,17.450000762939453,2026-08-12,0.07055224415374206,-0.1864801798474086,0.1079365563771082,0.19520550047977636,,72.3,0.0077886316287729684,0.2538557220147524,0.7636761694363289,False,False,False
3362,179.0,2026-08-12,0.025787965616045794,0.04069767441860472,0.6053811659192825,0.6422018348623852,,95.1,0.5052332411709473,0.1274022709348022,0.8483412322274881,False,False,False
3363,630.0,2026-08-12,0.050000000000000044,0.08808290155440424,-0.3015521064301552,0.5126050420168067,,36.7,-0.4017000311784904,1.0820353144998103,0.6363636363636364,False,False,False
3372,16.100000381469727,2026-08-12,0.018987353614766667,-0.08781865555584734,-0.16795865301957924,-0.24413141041541342,,6.3,-0.26810657776791447,0.3377489579729871,0.6276803360978858,False,False,False
3373,16.5,2026-08-12,0.0,0.012269986030718272,-0.023668617015333404,-0.11051209279647345,,30.0,-0.12381654176366863,0.6271347582257966,0.7990314917581753,False,False,False
3374,330.0,2026-08-12,0.054313099041533475,-0.0971272229822161,0.2822384532087978,0.9924603562495031,,93.4,0.1820905284604626,0.7832474698423941,0.7894736842105263,False,False,False
3376,192.0,2026-08-12,0.060771513293078394,-0.006365920015806048,-0.0013092678640139743,-0.06551080221516259,,38.8,-0.1014571926123492,0.4488942397881597,0.7433437101682427,True,False,False
3379,29.549999237060547,2026-08-12,0.10467286867516057,-0.06012321091410722,-0.10003010218361075,-0.3727761029092348,,6.6,-0.20017802693194597,1.2950542419190627,0.42804972001217007,False,False,False
3380,28.399999618530277,2026-08-12,-0.017301038290651327,-0.10440150787581981,-0.08739647634198056,-0.1261130339387755,,18.5,-0.18754440109031578,0.39318148211958737,0.6940618838303091,False,False,False
3388,75.5999984741211,2026-08-12,0.03278690745815038,-0.030769250331780795,-0.2737101741629434,0.25905780090861663,,19.2,-0.37385809891127864,0.6057244498599724,0.6482586816337512,False,False,False
3390,22.450000762939453,2026-08-12,-0.04036874444830807,-0.11533992952642969,-0.16430636475307092,-0.00011926939847939355,,16.6,-0.26445428950140615,0.22944210156812198,0.756170228895329,False,False,False
3402,128.5,2026-08-12,-0.011538461538461497,-0.07844016136261767,-0.03880317905563346,0.019672714323612617,,39.3,-0.1389511038039687,0.3262411869339072,0.8486516805697171,False,False,False
3406,578.0,2026-08-12,0.08442776735459656,-0.015332197614991494,0.05852842342066933,0.3056738641786214,,73.1,-0.0416195013276659,0.8892900577466913,0.7467700258397932,True,False,False
3413,303.5,2026-08-12,-0.055987558320373276,-0.10074074074074069,-0.02351870472890638,0.10369895132325624,,48.9,-0.12366662947724161,0.4483762931821547,0.7945026178010471,False,False,False
3416,187.5,2026-08-12,0.013513513513513598,0.03305785123966931,0.14789230326440284,0.3339300991535168,,80.5,0.04774437851606761,1.3133340342433482,0.9528071989050161,False,False,False
3419,12.100000381469728,2026-08-12,0.0,-0.03585655796223419,-0.1263537871335636,-0.16551721507105321,,12.9,-0.22650171188189883,0.45999849729425596,0.6740947001212416,False,False,False
3430,113.0,2026-08-12,-0.00877192982456143,-0.13076923076923075,-0.3535954488230447,0.7849236735515328,,50.9,-0.45374337357137995,0.6491738868780942,0.623507380565608,False,False,False
3432,16.0,2026-08-12,0.0,-0.08571428571428574,-0.16449084497538147,-0.12328767123287676,,11.6,-0.2646387697237167,0.6390186275819709,0.7079645898200416,False,False,False
3434,30.0,2026-08-12,-0.008264462809917328,0.006711435169794333,0.05633804235778106,-0.0625,,48.6,-0.04380988239055417,0.5029443985870528,0.7181516493027573,False,False,False
3437,17.899999618530273,2026-08-12,0.005617999199770685,-0.0843989607632517,-0.26488709083749684,0.07831320525219465,,11.6,-0.36503501558583207,0.3124670110123202,0.5986622022375176,False,False,False
3438,59.59999847412109,2026-08-12,-0.02134651919845021,-0.05396827818855421,-0.030324023014858148,0.24276837358533077,,59.6,-0.13047194776319337,0.4418169112875187,0.7708309816016299,False,False,False
3441,87.19999694824219,2026-08-12,0.02107722939346579,0.295690832007542,1.064777913779933,1.470822319873042,,98.1,0.9646299890315977,1.2260365084245424,0.9396551086276119,False,False,False
3443,5130.0,2026-08-12,0.16856492027334857,0.27611940298507465,0.015442570524577315,0.9669356054858389,,88.2,-0.08470535422375791,1.037514204538663,0.899366708269773,True,False,False
3444,77.9000015258789,2026-08-12,0.13556856062126843,-0.023779395467521836,-0.16484581867489967,0.19576047336169355,,32.9,-0.2649937434232349,0.5920227645245695,0.678784888036657,False,False,False
3447,27.600000381469727,2026-08-12,-0.0018082906962154643,-0.15207370112484941,-0.21827904744494164,-0.3616092159700258,,2.8,-0.31842697219327687,0.449527691224754,0.3443746250524284,False,False,False
3450,507.0,2026-08-12,0.06736842105263152,0.06512605042016806,0.20383188559877774,1.015940653836556,,92.7,0.10368396085044251,1.2759928710185244,0.8284313725490197,False,False,False
3455,222.0,2026-08-12,0.19354838709677424,-0.011135857461024523,-0.22241681260945712,1.074766355140187,,80.5,-0.32256473735779234,0.5408134329678775,0.7161290322580646,True,False,False
3465,29.799999237060547,2026-08-12,0.003366951904118398,-0.06289308326992493,0.06428568703787674,-0.3370411850664491,,25.8,-0.03586223771045849,0.43611047141997267,0.5665399258846364,False,False,False
3466,25.549999237060547,2026-08-12,0.028168967599405015,-0.18630574689616985,-0.34821431786256285,-0.335500683222684,,0.9,-0.4483622426108981,0.3742272051853734,0.505940578951694,False,False,False
3467,45.59999847412109,2026-08-12,-0.023554652480676452,-0.1476635799229703,-0.3042196869521002,0.10026506653540035,,9.4,-0.40436761170043545,0.37267491481655574,0.5934332648046973,False,False,False
3479,140.5,2026-08-12,0.0035714285714285587,-0.010563380281690127,0.39498250327012663,0.6191761724324936,,92.5,0.2948345785217914,0.4809288280280843,0.8977635782747604,False,False,False
3481,50.400001525878906,2026-08-12,0.05439335419073621,-0.11888110395736817,0.4566092860088067,1.3653200347026662,,96.4,0.35646136126047145,0.57570655385143,0.7108603729364183,False,False,False
3483,75.0999984741211,2026-08-12,0.02176868672273602,-0.06719003552891378,-0.10150023385531204,-0.0716213421213685,,19.9,-0.20164815860364727,0.3960701042179284,0.6767920348506226,False,False,False
3484,50.400001525878906,2026-08-12,-0.04545450276251273,-0.013698570824746348,0.18032788349789697,0.008000030517578027,,70.5,0.08017995874956174,0.37590007650581087,0.9147005974882262,False,False,False
3485,217.0,2026-08-12,0.04076738609112707,-0.15510266159695818,-0.22710260869565213,0.28443930635838144,,28.7,-0.32725053344398736,0.39867723190089704,0.5749236739974127,False,False,False
3489,26.100000381469727,2026-08-12,0.007722037292863915,0.3148614549062916,0.3573301380400429,0.453336454421684,,90.1,0.25718221329170765,1.646487299568736,1.0,True,True,False
3490,33.5,2026-08-12,0.173380066382415,0.12416110260627033,-0.04510319605428992,0.45790448840878795,,70.4,-0.14525112080262514,2.336969816827257,0.7825763746846173,True,False,False
3491,1320.0,2026-08-12,0.027237354085603016,0.11041077879213002,-0.1834209712341478,0.21181815869184994,,30.5,-0.283568895982483,1.0990552426129805,0.6031549975546806,False,False,False
3492,21.850000381469727,2026-08-12,-0.011312216999309177,-0.04166661786754067,-0.03318584014781445,-0.12072434422323208,,27.3,-0.13333376489614968,0.7702015155062442,0.7693662209492833,False,False,False
3494,7.110000133514404,2026-08-12,0.023021630020186423,-0.09079284175976321,-0.058278151801958056,-0.23957220925837208,,15.1,-0.15842607655029328,0.4861165669966668,0.5227941128003144,False,False,False
3498,131.0,2026-08-12,0.15929203539823011,0.09623430962343105,-0.03321033210332103,1.6305221286531952,,93.5,-0.13335825685165625,1.0645569259143144,0.81875,True,False,False
3499,13.0,2026-08-12,0.0,-0.10344827586206895,-0.109589064360604,-0.22619044104941421,,11.8,-0.20973698910893923,0.26722380300044346,0.6088992865444195,False,False,False
3501,40.09999847412109,2026-08-12,0.04155840192522309,0.052700972799449186,0.08797182692469896,-0.1755213632417778,,43.1,-0.012176097823636267,0.27329857301197213,0.7278156068506504,True,False,False
3504,76.0999984741211,2026-08-12,-0.005228778116064148,0.06882024909974205,0.06582628638374288,0.40405899267359957,,77.8,-0.034321638364592344,0.49143602286777266,0.8316939723947661,False,False,False
3508,17.600000381469727,2026-08-12,0.035294140086454595,0.020289877186650873,-0.11111105759403184,-0.2712215047835753,,9.8,-0.21125898234236706,0.23585232101946327,0.33652008868478356,True,False,False
3511,20.450000762939453,2026-08-12,0.01995020155110727,-0.10109886756310094,0.0024510365364789344,0.012376237156320746,,44.6,-0.09769688821185629,0.22249818367215937,0.7264654010679932,False,False,False
3512,19.75,2026-08-12,0.0,0.015424124693721009,0.0620276693467221,0.044027107813591204,,58.3,-0.03812025540161312,0.31705126793856425,0.8781735204429351,False,False,False
3515,224.5,2026-08-12,0.07159904534606198,0.10591133004926112,0.035498370512487165,0.09315953535322641,,58.0,-0.06464955423584806,1.5159434517480046,0.6980026449730047,True,False,False
3516,25.75,2026-08-12,-0.04096828814278364,0.04815380771675182,0.021331013545987654,0.2938557832277564,,69.0,-0.07881691120234757,0.1348341857206962,0.8853859291458623,False,False,False
3518,28.299999237060547,2026-08-12,0.1033138268203262,-0.029159533193592102,-0.22038567956311106,0.34441806473967373,,36.3,-0.3205336043114463,0.5974086289869569,0.7275063785854475,False,False,False
3520,18.0,2026-08-12,-0.013698630136986356,0.11455110991749273,0.19999999999999996,0.19999999999999996,,79.8,0.09985207525166473,0.3840986226269873,0.9113924050632911,False,False,False
3521,12.25,2026-08-12,0.008230484329992516,-0.004065056094269548,-0.07196968356001998,-0.1666666558540325,,18.0,-0.1721176083083552,0.11989151188444125,0.7291666997803598,False,False,False
3523,15.600000381469728,2026-08-12,-0.0031948395066631052,0.006451637514176101,0.33905587058188913,-0.17894734834369852,,76.3,0.2389079458335539,0.11551905758989466,0.670967758342784,False,False,False
3526,288.5,2026-08-12,-0.06026058631921827,-0.050986842105263164,-0.25259067357512954,0.22967795702837512,,19.8,-0.35273859832346477,0.8240373641439739,0.730379746835443,False,False,False
3527,52.20000076293945,2026-08-12,-0.005714271182105657,-0.11162617283065768,-0.140329712317798,-0.0429209608365273,,16.8,-0.24047763706613323,0.19910904747221536,0.744246090019297,False,False,False
3528,89.30000305175781,2026-08-12,0.005630630437124751,-0.0055679285412920665,0.07590365122599785,0.2960812928025356,,74.9,-0.02424427352233738,0.5424730564935338,0.637857164655413,False,False,False
3529,2660.0,2026-08-12,0.011406844106463865,0.10144927536231885,-0.31701178111048023,0.463013010314673,,28.6,-0.41715970585881545,1.2859535069449288,0.5690359017147913,False,False,False
3530,56.59999847412109,2026-08-12,0.01981979232650599,-0.06291395622117124,-0.16096807196062957,-0.1343120232979339,,11.5,-0.2611159967089648,0.6335692583655734,0.7243288192688693,False,False,False
3531,21.700000762939453,2026-08-12,0.0,-0.054466229126168386,-0.04846707858596988,0.05074483230594384,,40.1,-0.1486150033343051,0.9102375296258268,0.9214437989785682,False,False,False
3532,312.0,2026-08-12,-0.014218009478673022,-0.388235294117647,0.271023097025509,1.2175297495587385,,94.7,0.17087517227717375,0.9196556287813265,0.5965583173996176,False,False,False
3533,2010.0,2026-08-12,0.028132992327365658,0.06267146034975779,-0.16504383718630677,0.4305192238357318,,52.8,-0.265191761934642,1.0445554971935729,0.7177692741994824,True,False,False
3535,92.5,2026-08-12,0.08695654122871987,-0.0740740882167249,-0.24180327868852458,-0.07960199004975121,,6.8,-0.3419512034368598,0.3266688087773245,0.622895622895623,False,False,False
3537,56.09999847412109,2026-08-12,0.0893203587207978,-0.07625814108285311,0.13360167411595225,0.23818630436579968,,76.6,0.033453749367617025,0.3254220786872851,0.6515679380758985,False,False,False
3540,21.0,2026-08-12,0.034482797499888695,-0.0399235709246174,-0.20203778802070427,-0.32382537279874957,,3.5,-0.3021857127690395,0.5617800020072418,0.5397383971457228,False,False,False
3541,22.299999237060547,2026-08-12,0.07729460942753552,0.025287321244163108,-0.0304348157799762,-0.1423077216515174,,26.3,-0.13058274052831143,0.7074590269320287,0.8050541019080509,True,False,False
3543,39.70000076293945,2026-08-12,0.19219224241771626,0.27447837075808557,0.08059775167173044,-0.08752218369347609,,50.4,-0.019550173076604782,2.637957798426401,0.734453535873774,True,True,False
3545,50.79999923706055,2026-08-12,0.0059405789516939755,-0.029323481454107236,-0.1065745250212724,-0.040148874818382474,,21.8,-0.20672244976960763,0.39151125388927865,0.7366617839532056,False,False,False
3548,77.80000305175781,2026-08-12,0.019659239056418976,-0.0020590223049659073,-0.16219618690644033,-0.11418724737046382,,12.0,-0.26234411165477556,0.29725584496974805,0.6503434369305255,False,False,False
3550,23.5,2026-08-12,0.04212863836279612,-0.06746034569330528,0.11638958915618347,0.3583815627955427,,79.6,0.016241664407848244,0.5923498449689155,0.6308724832214765,False,False,False
3551,179.5,2026-08-12,0.011267605633802802,-0.10964656175063336,-0.1449286244331216,0.02179834831859928,,20.6,-0.24507654918145683,0.3244184700493259,0.8151680403619229,False,False,False
3552,44.79999923706055,2026-08-12,-0.012127877741261561,-0.010413699037137736,-0.1842599671065931,-0.19727711071321452,,6.8,-0.2844078918549283,0.3932538329757243,0.5918113996369527,False,False,False
3555,164.0,2026-08-12,0.015479876160990669,0.08250825082508251,-0.2389791183294664,0.4642857142857142,,41.9,-0.3391270430778016,0.3129818190356184,0.5942028985507246,False,False,False
3556,65.0,2026-08-12,0.03833868345653513,-0.051094890510948954,0.23611118164044798,0.5027777738580224,,87.8,0.13596325689211275,0.31291456211642865,0.8317613559703281,False,False,False
3557,25.149999618530277,2026-08-12,-0.054511306095678114,-0.023300985688144538,-0.102677972632373,-0.26794014914745035,,10.6,-0.20282589738070822,0.40706185911328074,0.5665719189245095,False,False,False
3558,130.0,2026-08-12,0.015625,-0.06137184115523464,0.18181818181818188,-0.03703703703703709,,68.1,0.08167025706984665,0.24022506432890775,0.7395017619378035,False,False,False
3563,717.0,2026-08-12,0.046715328467153316,0.07335329341317376,-0.10760710466814727,0.5498458707002607,,68.9,-0.2077550294164825,0.579776723130857,0.7627768040511816,True,False,False
3564,47.20000076293945,2026-08-12,0.010706637940717023,-0.09923665289153316,0.15417877798172008,-0.04936383761705654,,64.5,0.05403085323338486,0.2784387866036892,0.7614245088511652,False,False,False
3567,26.25,2026-08-12,0.0038241064217401366,-0.07079646017699115,-0.0385324474759815,-0.014103081995247568,,36.7,-0.13868037222431673,0.20112422350946021,0.8344534109942071,False,False,False
3570,163.5,2026-08-12,-0.0030487804878048808,-0.018018018018018056,-0.01121899232728596,0.011910359573509055,,42.3,-0.11136691707562119,0.62963713481144,0.810476227214864,False,False,False
3576,17.299999237060547,2026-08-12,-0.052054836325449494,-0.01142861502511161,-0.022598955290241363,0.5446428153283736,,76.3,-0.12274688003857659,0.42091514324321466,0.647940027817286,False,False,False
3577,130.5,2026-08-12,-0.05434782608695654,0.03984063745019917,0.21004568277410796,1.2009966760308783,,93.8,0.10989775802577273,0.8251715212675415,0.815625,False,False,False
3580,80.4000015258789,2026-08-12,0.019011406476437287,-0.11258274966920345,-0.14696436304765748,0.2231967949986564,,38.6,-0.2471122877959927,0.18225039719561567,0.7209283568231725,False,False,False
3581,119.0,2026-08-12,0.06726457399103136,-0.05179282868525892,-0.4710830253098428,0.653322626046817,,19.1,-0.571230950058178,0.8899380474863676,0.42691153167115503,False,False,False
3583,734.0,2026-08-12,0.04409672830725464,-0.03286722594192226,-0.20255794570737828,1.2655159606719355,,85.6,-0.3027058704557135,0.5888155867182968,0.7668982204955079,False,False,False
3585,50.400001525878906,2026-08-12,0.027522982870881396,-0.11888110395736817,-0.46325877841451757,1.8474575905898964,,86.7,-0.5634067031628528,0.3616236385437386,0.3054545547022964,False,False,False
3587,253.0,2026-08-12,-0.08499095840867987,-0.03310079618722117,-0.30299408970750885,0.2732434626375493,,16.3,-0.4031420144558441,1.0633516796527052,0.6494827713580923,False,False,False
3588,55.400001525878906,2026-08-12,0.03939966827163088,-0.09918696705887953,-0.08359290079367632,0.031593248135673546,,32.6,-0.18374082554201154,0.34693581287724595,0.7352989603281844,False,False,False
3591,21.25,2026-08-12,-0.053452147980343034,-0.12008280183595155,-0.10337555628988027,0.10677078935421358,,36.0,-0.2035234810382155,0.4446324461333345,0.7522123893805309,False,False,False
3592,238.0,2026-08-12,-0.022587268993839782,-0.05742574257425748,-0.04555475836072953,0.08431577696039749,,42.6,-0.14570268310906476,0.612149984058465,0.8045484294003901,False,False,False
3593,12.25,2026-08-12,-0.020000000000000018,-0.2438271961058065,-0.29799430003368743,0.012396662297629701,,6.2,-0.39814222478202266,0.5696604833009584,0.6140350642370137,False,False,False
3594,56.70000076293945,2026-08-12,0.010695228255579226,0.07183363189888703,0.027173912667897593,0.366265078625047,,73.0,-0.07297401208043763,2.819088776446576,0.9450000127156576,False,False,False
3595,1530.0,2026-08-12,-0.0496894409937888,-0.20132597465235114,-0.3356418991443324,2.532596464432873,,95.2,-0.4357898238926676,0.8957215480804066,0.6248129986722843,False,False,False
3596,168.5,2026-08-12,-0.10133333333333339,-0.1108179419525066,-0.05865921787709494,-0.01114205280050351,,33.3,-0.15880714262543016,1.0579856772713547,0.7114228662192846,False,False,False
3597,26.75,2026-08-12,0.01904761904761898,0.009433962264151052,-0.012307715493828031,0.07357862271155469,,48.3,-0.11245564024216326,0.39807928068599063,0.7884335897225442,False,False,False
3603,6.699999809265137,2026-08-12,0.015151500920837613,-0.0629371021119084,-0.2998955043970667,0.015151500920837613,,6.1,-0.4000434291454019,0.29620079941457284,0.5000000000000001,False,False,False
3605,120.0,2026-08-12,0.19925037701882076,0.40884159023510436,0.5177546328327687,0.8842711867208852,,95.6,0.41760670808443345,1.8236933559413635,1.0,True,True,False
3607,14.25,2026-08-12,0.010638270529935712,-0.1149068532693317,0.035467131444631095,0.050000021081222146,,54.5,-0.06468079330370413,0.23872463115251888,0.8176229380369509,False,False,False
3609,24.850000381469727,2026-08-12,-0.04423075455885672,-0.11249998637608116,-0.10771992671124264,-0.311634309367523,,8.7,-0.20786785145957787,1.1145328883839707,0.47788462272057164,False,False,False
3611,189.0,2026-08-12,0.013404825737265424,0.004313186561474502,0.04648904614095728,0.02760912022607176,,54.3,-0.05365887860737795,0.7723425383255247,0.9250866267169904,False,False,False
3615,36.5,2026-08-12,0.022408941735682975,-0.15520092445104317,0.02591095678540767,0.44025950469825403,,76.1,-0.07423696796292756,0.08614839738867447,0.6089767052912283,False,False,False
3617,235.0,2026-08-12,0.015118790496760237,0.09108659074405345,0.2743440391970413,0.3511537651369139,,86.2,0.17419611444870609,0.7054412288225336,0.9613472604309663,True,True,False
3622,55.09999847412109,2026-08-12,0.020370342113353423,0.003642931560719598,-0.0036166503742991463,-0.1363636499526124,,31.5,-0.10376457512263437,0.5357794053103643,0.7547944996454944,False,False,False
3623,21.649999618530277,2026-08-12,0.07711438843998741,-0.050438581447888264,-0.05251644389085408,-0.16085270314926914,,20.9,-0.1526643686391893,0.8023672188877842,0.6786833817375373,False,False,False
3624,86.5,2026-08-12,0.15641706511891962,-0.2638297872340426,0.1915116681721185,0.5274720855458779,,86.4,0.09136374342378328,0.5694944048177816,0.4941566685945835,False,False,False
3625,16.799999237060547,2026-08-12,-0.005917182469050486,0.04347818875808751,0.20863307180701263,-0.11578951383891856,,66.1,0.1084851470586774,0.4179732249813332,0.48695649962494336,False,False,False
3628,66.4000015258789,2026-08-12,0.031055899885286564,-0.046844175789250375,0.0772877545577837,0.09253242066155143,,64.0,-0.022860170190551532,0.13543129009038868,0.6983423560424014,False,False,False
3630,26.25,2026-08-12,-0.00756146529945223,-0.01869158878504673,0.043737590383868374,-0.23020524414622934,,31.6,-0.05641033436446685,0.24074037914773377,0.6325301204819277,False,False,False
3631,36.0,2026-08-12,0.13744077200313476,0.11801239587031787,-0.08629445162954374,0.27659571014307693,,53.3,-0.18644237637787897,1.0558188735473741,0.868516268694202,True,False,False
3632,7.559999942779541,2026-08-12,-0.03448275652073296,-0.0620347953853998,-0.09134612739438741,-0.19574465430014798,,14.1,-0.19149405214272264,0.6091023192660348,0.7375609700272723,False,False,False
3633,122.5,2026-08-12,0.02941176470588225,0.025104602510460206,0.010350792265735098,0.48682295158476463,,76.6,-0.08979713248260013,0.8482920697129493,0.8722694993926939,True,False,False
3645,71.19999694824219,2026-08-12,0.025936532893188424,-0.05944518073199856,-0.3545429885496938,0.15481125985791921,,7.4,-0.454690913298029,0.4689833120714181,0.6152441115936831,False,False,False
3646,23.450000762939453,2026-08-12,0.0021368010779616586,-0.002127627108959418,-0.03099173456013149,-0.06573703559576038,,33.4,-0.13113965930846672,0.5309996677016902,0.7949152800996425,False,False,False
3652,37.20000076293945,2026-08-12,0.1961414889597326,0.20565571959547224,0.2795120570971552,0.33245734923467873,,86.1,0.17936413234881998,3.512680256598264,0.90494760323035,False,False,False
3653,4470.0,2026-08-12,0.02995391705069128,0.465066448077742,0.33662822063675035,0.5837162273149425,,91.3,0.23648029588841513,0.9448502822312115,0.826033794211061,True,True,False
3659,15.800000190734863,2026-08-12,-0.15508023817581595,-0.24401911583164204,-0.39230768497173607,-0.4377224207742708,,0.5,-0.4924556097200713,3.0797299719731606,0.4087968840093227,False,False,False
3661,4055.0,2026-08-12,0.12326869806094187,0.0885906040268456,-0.16045548654244302,0.2976000000000001,,41.5,-0.26060341129077824,1.4384000042283187,0.7544186046511628,True,False,False
3663,65.19999694824219,2026-08-12,0.012422288872800724,-0.1260053849617676,-0.039764425875714604,0.11835330705794256,,47.1,-0.13991235062404983,0.18898474226779644,0.7110141670456404,False,False,False
3664,5.630000114440918,2026-08-12,-0.19571426936558312,-0.19571426936558312,-0.4507316961521055,-0.6246666590372721,,0.1,-0.5508796209004407,0.18427382578245727,0.24267241074554144,False,False,False
3665,2155.0,2026-08-12,-0.0849256900212314,0.22472317785783602,-0.03382945429612971,0.6722182275401434,,79.8,-0.13397737904446494,1.4014977869029592,0.739416202574145,False,False,False
3666,25.100000381469727,2026-08-12,0.0,-0.0019880412651661628,-0.13448274546656114,-0.10357141494750977,,14.4,-0.23463067021489636,0.6720375764530061,0.7617602367311923,False,False,False
3669,39.5,2026-08-12,-0.0062893081761006275,0.14161854745582825,0.0613121760107318,0.11978672475818675,,63.6,-0.038835748737603426,0.9491558156570343,0.9283196406169607,False,False,False
3672,12.5,2026-08-12,-0.023437514551915006,-0.011857677711748393,0.14155253129989642,0.05042020173979078,,68.7,0.041404606551561196,0.1472022112373216,0.8064516129032258,False,False,False
3673,63.20000076293945,2026-08-12,0.025974063773565703,-0.10289096786294916,0.007329197289857481,0.6672142032251223,,81.6,-0.09281872745847775,0.220738511387885,0.6890560479632059,False,False,False
3675,275.5,2026-08-12,0.02990654205607468,-0.17018072289156627,0.0825147347740669,0.8366666666666667,,88.2,-0.017633189974268326,0.5138883629506446,0.6122222222222222,False,False,False
3678,50.900001525878906,2026-08-12,0.03877554134446748,0.07971667241733127,-0.11243632027120365,0.3566387977021448,,55.5,-0.21258424501953888,0.44065689312439205,0.6730880887823949,False,False,False
3679,109.0,2026-08-12,-0.004566210045662156,0.013953488372093092,0.0005760359384794356,0.03129549908029161,,46.2,-0.09957188880985579,0.6289233565329313,0.9043668272920772,False,False,False
3680,452.5,2026-08-12,0.011173184357541999,-0.0922768304914744,-0.21315163984230678,0.13384360496246228,,19.0,-0.313299564590642,0.41215363664491844,0.7408636927564589,False,False,False
3684,53.5,2026-08-12,0.07000000000000006,0.07000000000000006,-0.03769898094802737,0.03318871087299913,,40.4,-0.1378469056963626,1.0898926679897583,0.80031591033077,True,False,False
3685,38.0,2026-08-12,0.09668104838665292,0.031207641071858694,0.3499112083463678,0.06741577608840488,,83.5,0.24976328359803257,1.2419432732707816,0.8306010928961749,False,False,False
3686,14.800000190734863,2026-08-12,-0.013333320617675781,-0.0835912978131863,-0.14202897445015283,-0.24102563124436593,,8.7,-0.24217689919848806,0.3756481786880466,0.6351931620321368,False,False,False
3687,66.0999984741211,2026-08-12,0.0,-0.10096576153351333,0.07741402993976387,-0.13200657617908362,,45.3,-0.022733894808571353,0.22861596445510365,0.798553933914531,False,False,False
3689,110.5,2026-08-12,0.027906976744185963,-0.008850943142765355,-0.06928688143873452,0.05025427782226921,,36.9,-0.16943480618706974,0.690531789298978,0.806181087407918,False,False,False
3691,119.5,2026-08-12,0.04366812227074246,-0.09125475285171103,-0.14028776978417268,0.012711864406779627,,20.7,-0.2404356945325079,0.19877495549495927,0.7050147492625368,False,False,False
3693,502.0,2026-08-12,0.001996007984031989,0.053515215110178316,-0.09386281588447654,0.32804232804232814,,56.3,-0.19401074063281176,1.26943739042888,0.6895604395604396,False,False,False
3694,53.20000076293945,2026-08-12,-0.07958474973770657,-0.16011495763314598,-0.05025049142137372,-0.06632066810603254,,28.9,-0.15039841616970895,0.6370702264872946,0.5305812193940321,False,False,False
3701,41.5,2026-08-12,-0.03263406704156813,0.0,-0.26936618736920137,-0.2535971018179777,,2.9,-0.3695141121175366,1.6898642041639855,0.5279898321329332,False,False,False
3702,122.5,2026-08-12,-0.050387596899224785,0.025104602510460206,0.10360360360360366,0.9051321024260999,,89.6,0.0034556788552684292,0.942679116131086,0.9423076923076923,False,False,False
3703,20.0,2026-08-12,-0.017199035622054826,-0.017199035622054826,0.04364322031916146,-0.06949511367265626,,44.8,-0.05650470442917377,1.3505596559677666,0.8618611152093695,False,False,False
3704,42.59999847412109,2026-08-12,-0.12704919794816205,-0.12435771556018504,0.17073716389620386,0.17876695396602504,,77.1,0.07058923914786863,1.1746308886496888,0.8452380393728213,False,False,False
3706,92.4000015258789,2026-08-12,0.0054406963188047275,0.030100386504970045,0.13793109604149034,0.17110265828793492,,74.7,0.037783171293155116,0.6090319252205724,0.8635514161297094,False,False,False
3707,63.5,2026-08-12,0.017628180243952407,-0.1817010148373046,-0.20625000000000004,0.06187292324656779,,15.4,-0.30639792474833527,0.20954777439636285,0.6318407960199005,False,False,False
3708,104.0,2026-08-12,0.06995888132978756,0.02970297029702973,-0.05385260674369119,-0.05385260674369119,,29.5,-0.15400053149202642,0.6067141077775924,0.7422637389564247,True,False,False
3709,71.19999694824219,2026-08-12,-0.06885753549008544,-0.06648221031525126,-0.10528368476790051,0.1861878763428355,,41.4,-0.20543160951623574,0.9916401596978974,0.787812630055876,False,False,False
3710,5.079999923706055,2026-08-12,0.005940540958044194,-0.09285714103251086,-0.18459070495130714,-0.287517553693,,4.4,-0.28473862969964236,0.8139529161562283,0.493203866954843,False,False,False
3711,621.0,2026-08-12,0.04721753794266448,-0.03120124804992197,0.14356954112065612,1.1100207207692039,,92.4,0.04342161637232089,0.762396059514134,0.8620029581602812,False,False,False
3712,22.799999237060547,2026-08-12,0.12315271398808192,0.4074072940304936,0.2701948895809889,-0.11798843711412621,,73.1,0.1700469648326537,0.8799579402225254,0.47499998410542804,True,True,False
3713,14.899999618530272,2026-08-12,0.024054943175758847,0.024054943175758847,0.07971010236173282,-0.24173028459098167,,37.7,-0.02043782238660241,0.43772182575605445,0.5398550511808664,False,False,False
3714,58.29999923706055,2026-08-12,0.058076240500122944,-0.016863406625054922,-0.1326514744702748,0.6828780781246369,,72.6,-0.23279939921861004,0.6849209740797112,0.7266974355745875,False,False,False
3715,118.0,2026-08-12,0.07762557077625565,-0.16312056737588654,-0.34394691883815565,-0.16961112567290426,,2.1,-0.4440948435864909,0.8812499180292781,0.5835165079773498,False,False,False
3717,22.899999618530277,2026-08-12,-0.006507575856622871,-0.0653061380191724,0.03959686186427369,0.31504570328446135,,71.5,-0.060551062884061535,0.694235475261891,0.786339051238333,False,False,False
4113,14.649999618530272,2026-08-12,-0.010135173666990571,0.0,0.013840817432876129,-0.3233256408008752,,18.8,-0.0863071073154591,0.702008221920542,0.5623800402146715,False,False,False
4154,12.199999809265137,2026-08-12,0.038297856107671224,0.04273504343171486,-0.17288136886338057,-0.12544803038905472,,10.8,-0.2730292936117158,1.6050328227571116,0.6387434327541285,False,False,False
4171,17.25,2026-08-12,0.029850746268656803,0.014705882352941124,-0.04166666666666663,-0.21052632957255402,,18.9,-0.14181459141500186,0.42368237379534013,0.6509433962264151,False,False,False
4303,47.0,2026-08-12,0.06939702352934751,0.05617977528089879,-0.03688523084429807,-0.18965517241379315,,21.2,-0.1370331555926333,1.0149333090459691,0.5738705631787914,True,False,False
4304,16.25,2026-08-12,0.02201260313628106,-0.1875,-0.45469797261636136,-0.45833333333333337,,0.3,-0.5548458973646966,0.6459685699472852,0.4603399532921108,False,False,False
4305,43.650001525878906,2026-08-12,0.02464795984431034,0.05946603683423457,0.05661131760957305,0.11447329808276963,,62.7,-0.04353660713876217,0.8766269767933047,0.9931740789111995,False,False,False
4306,14.5,2026-08-12,0.02112677427918852,-0.003436439180715789,0.16366370468913316,0.12487486574725093,,75.0,0.06351577994079793,0.3278801759466883,0.9175716946427823,False,False,False
4401,13.899999618530272,2026-08-12,0.0,-0.012396066742516365,0.025991391085988802,-0.14349396634551825,,36.6,-0.07415653366234642,0.27448692774025607,0.8179029724334398,False,False,False
4402,16.0,2026-08-12,-0.05325441649971718,-0.01538461538461533,0.36752138981487215,-0.18575062032511525,,78.3,0.2673734650665369,0.12499594595342871,0.7223476422371898,False,False,False
4406,10.050000190734863,2026-08-12,0.015151573533783713,0.020304548377620746,0.005000019073486239,-0.060747628982893875,,39.7,-0.09514790567484899,0.30810456482064175,0.9392523710171061,False,False,False
4413,17.049999237060547,2026-08-12,0.17993075862383945,0.1678082126908058,-0.03865517913712757,-0.03331439421384308,,34.9,-0.1388031038854628,3.2007235708485453,0.8743890405256091,True,False,False
4414,8.680000305175781,2026-08-12,0.039520947141318485,0.024793392151879923,-0.16135265842925528,-0.15317070193407012,,10.4,-0.2615005831775905,0.6443172958341257,0.6702703037080846,True,False,False
4416,10.449999809265137,2026-08-12,0.014563069490542535,0.004807710823929057,-0.15725805397212278,-0.6469594704530114,,1.0,-0.257405978720458,0.3021921270120305,0.16936790405263663,False,False,False
4417,48.09999847412109,2026-08-12,0.11342587094084644,0.09942853655133921,0.13272708619940898,-0.0004066034815373154,,64.6,0.03257916145107376,1.6672634694054123,0.9133609485414729,True,True,False
4420,36.150001525878906,2026-08-12,0.019746142394198696,0.012605063118278803,-0.10740736973138498,-0.2353419382627261,,11.7,-0.2075552944797202,0.45514504579585263,0.7097379292576759,True,False,False
4426,7.949999809265137,2026-08-12,0.003787845035631454,-0.013647717695378647,-0.003759424779028131,-0.17616579030746649,,27.6,-0.10390734952736336,0.32022431654205796,0.7098214236297169,False,False,False
4430,17.850000381469727,2026-08-12,0.008474554353937958,0.07207211954551251,0.06567166456535678,-0.008333312140570759,,54.7,-0.034476260182978447,1.5708042664834934,0.9037974876693532,True,False,False
4431,18.600000381469727,2026-08-12,0.08139532304828889,0.10385756441433136,0.07514457813525688,0.05681818058668098,,61.4,-0.025003346613078348,1.777719850502136,0.8691589118237166,True,True,False
4432,16.5,2026-08-12,0.01538461538461533,0.006097584377790843,-0.035087740823673386,0.01538461538461533,,39.6,-0.1352356655720086,0.6466539977545893,0.8991825426152088,True,False,False
4433,20.049999237060547,2026-08-12,0.02295912483839846,-0.019559976085859576,0.041711471172357406,-0.052136327875800026,,46.2,-0.05843645357597782,0.4628105134849691,0.8695278217331208,True,False,False
4438,61.29999923706055,2026-08-12,0.013223127885298336,0.006568106751387637,0.07167829404606452,-0.10380120073728505,,47.4,-0.02846963070227071,1.9463362422749526,0.730631682028666,False,False,False
4439,100.5,2026-08-12,-0.009852216748768461,-0.028489437846747956,0.08337535304162524,0.03917802550009242,,61.3,-0.016772571706709982,0.8886587374065678,0.9617224880382775,False,False,False
4440,17.399999618530273,2026-08-12,-0.002865394969802648,0.008695630059726067,-0.09610391592050527,0.06993495320315679,,33.8,-0.1962518406688405,1.095041335584829,0.8289586325370369,False,False,False
4441,201.0,2026-08-12,0.06631299734748008,0.11357340720221609,-0.05633802816901412,-0.21330724070450102,,16.7,-0.15648595291734935,1.9649743405819966,0.6802030456852792,True,False,False
4442,52.79999923706055,2026-08-12,-0.005649703308499121,0.07535643335894604,0.09582436158934238,-0.013758090185978844,,59.3,-0.004323563158992849,0.7303337201898619,0.7272727320494582,False,False,False
4502,15.699999809265137,2026-08-12,0.0,0.003194900444321025,-0.0031746152847532683,-0.006329137991299971,,42.0,-0.1033225400330885,0.32590503860982534,0.8351064067234448,False,False,False
4503,26.25,2026-08-12,-0.21052631578947367,-0.3295019418416052,-0.4047618841664107,-0.3295019418416052,,0.6,-0.5049098089147459,2.3534295455002914,0.43316832773865377,False,False,False
4506,123.0,2026-08-12,0.0,0.05716970676163857,0.08393345092074656,0.1571721881422885,,67.9,-0.01621447382758867,0.577076564865901,0.9694046730629186,False,False,False
4510,44.54999923706055,2026-08-12,0.16470586240681162,0.06578947488500919,-0.02835331036694133,-0.09451222467015852,,31.1,-0.12850123511527656,0.7675278390048598,0.8070651924151933,True,False,False
4513,17.450000762939453,2026-08-12,-0.008522705413586351,-0.14250612108936134,0.19520550047977636,-0.08398942457742464,,66.2,0.09505757573144114,0.5879371674070273,0.747323360936112,False,False,False
4523,25.700000762939453,2026-08-12,0.015810337468032953,0.028000030517578045,-0.028524708477065563,-0.02684682369630742,,37.6,-0.1286726332254008,0.42111621353310486,0.7078589128156161,False,False,False
4526,31.950000762939453,2026-08-12,0.04071661136598337,-0.05004613380561651,-0.06741522114465792,-0.010346606105471223,,31.5,-0.16756314589299315,0.21743703604923786,0.7416865891692607,False,False,False
4527,41.0,2026-08-12,0.041931425409433176,0.041931425409433176,0.008363070990219823,0.06724571983278604,,51.7,-0.0917848537581154,0.7170222620277337,0.9545983532409605,True,False,False
4528,15.199999809265137,2026-08-12,0.0,-0.009772024005007207,-0.05295946842369337,-0.2534552103712425,,15.0,-0.1531073931720286,0.38676701185519013,0.7103383074625844,False,False,False
4529,4.159999847412109,2026-08-12,-0.021176506491268343,-0.08971560368677534,-0.17948723736454464,0.22352933256684082,,32.7,-0.27963516211287986,0.296126741373311,0.6842105098048074,False,False,False
4532,23.799999237060547,2026-08-12,-0.01244818006890358,-0.06299214194879232,0.021459228170475964,-0.007460874297667064,,46.7,-0.07868869657785926,0.4733769113555695,0.8178693788683209,False,False,False
4533,26.799999237060547,2026-08-12,0.06986028156882895,-0.04795738542678585,-0.1256117595232239,-0.2717391360684921,,8.9,-0.22575968427155912,0.5540757123447186,0.6496969512014678,False,False,False
4534,34.20000076293945,2026-08-12,-0.02285712105887272,-0.02285712105887272,0.4615385179688951,0.43396227320445524,,92.2,0.3613905932205599,0.4580358865054078,0.8075561273948599,False,False,False
4535,29.0,2026-08-12,0.019332134351891073,0.05263160809779244,0.0844091408638683,0.04642635160446584,,61.9,-0.015738783884466923,0.6534376769825966,0.9876188692675312,False,False,False
4536,170.5,2026-08-12,0.027108433734939652,0.061531742767779285,0.18064754105549086,0.13207658806892386,,76.2,0.08049961630715563,0.8168224400258131,0.9172722771171848,False,False,False
4537,134.0,2026-08-12,-0.0662020905923345,-0.20943952802359878,-0.24291350859205207,0.8821127020613961,,71.8,-0.3430614333403873,0.4275759674817877,0.6719142625727076,False,False,False
4538,17.549999237060547,2026-08-12,0.01152731130798279,-0.05135139259132182,0.010437273025770244,0.03874088346870508,,49.0,-0.08971065172256498,0.6009119775290392,0.9261212944847532,False,False,False
4540,60.59999847412109,2026-08-12,0.13059701864319462,0.0958408555186494,-0.06046513993610714,0.26645768874779874,,56.6,-0.16061306468444236,1.4371947981507043,0.7839585521561377,True,False,False
4541,70.30000305175781,2026-08-12,0.06515156139026979,-0.0042492270374941965,0.6394782379557395,0.6697340073618352,,95.8,0.5393303132074043,0.602237677447066,0.9286658637492882,False,False,False
4542,282.5,2026-08-12,-0.0783034257748777,-0.17518248175182483,0.3325471698113207,1.7181184208594544,,96.8,0.23239924506298548,1.0062231100319392,0.5718623481781376,False,False,False
4543,32.20000076293945,2026-08-12,0.03536978675167912,-0.052941154031192594,-0.12499996112740475,0.020602267562509935,,24.3,-0.22514788587573997,0.34643648991051107,0.6947141709382774,False,False,False
4544,14.0,2026-08-11,-0.0035587323883337074,-0.02439026983732251,-0.07718409864381226,-0.027802605053815044,,27.8,-0.1773320233921475,0.15100060070638038,0.8097130726943769,False,False,False
4545,33.099998474121094,2026-08-12,-0.010463446362791728,-0.05070878208861951,0.10935535295780463,-0.08470542789635116,,55.7,0.009207428209469404,0.2219736479782221,0.7826900432452151,False,False,False
4546,65.30000305175781,2026-08-07,-0.010606014367305905,-0.4538689062353939,-0.4328638586001845,-0.5138833165747405,,0.2,-0.5330117833485197,1.2985899760387913,0.43798633794074315,False,False,False
4549,91.9000015258789,2026-08-12,0.016592920073907225,-0.010620364099077295,-0.030811781990689124,-0.116460928381101,,28.1,-0.13095970673902435,0.2408943420386999,0.6658422811435257,False,False,False
4550,24.149999618530277,2026-08-12,-0.030120482389158765,-0.05108059353390082,0.04071396045772646,-0.04191362799774767,,47.3,-0.059433964290608765,0.30275551182420385,0.8938760560791039,False,False,False
4551,172.5,2026-08-12,0.04229607250755296,-0.14838788993501661,0.13913382396032636,0.553818562143032,,84.8,0.03898589921199114,1.0612675817834767,0.6281393884295482,False,False,False
4552,17.649999618530273,2026-08-12,-0.0028249232911827793,-0.0783289832835582,-0.1152882735063262,-0.253699792675636,,10.2,-0.21543619825466143,0.7609299710826761,0.714574861269349,False,False,False
4553,16.899999618530273,2026-08-12,0.005952403929229133,0.024242401123046875,-0.09565893237242806,-0.07610569252603683,,20.8,-0.1958068571207633,0.06274951953875721,0.5513562867576116,False,False,False
4554,31.75,2026-08-12,0.030844181378951063,0.022544308539111046,0.029173407047050404,0.17158669937546644,,62.7,-0.07097451770128482,1.017550237576297,0.927007299270073,True,False,False
4555,50.09999847412109,2026-08-12,0.17056073287822549,0.06256621108745963,0.2464261401668446,0.28443656791920313,,84.1,0.14627821541850938,0.738571158645044,0.8699239421778795,True,False,False
4556,101.0,2026-08-12,0.19526627218934922,-0.16182572614107882,1.4118144048749786,2.6241704589910184,,98.8,1.3116664801266433,0.37183984889679217,0.7622641509433963,False,False,False
4557,49.95000076293945,2026-08-12,0.03630705336721829,0.01938777067223363,0.044151406141550664,-0.24563845702531784,,30.1,-0.05599651860678456,0.7916495846578547,0.6094958442956314,False,False,False
4558,18.200000762939453,2026-08-12,0.13750004768371582,0.011111153496636383,-0.0945273424114903,-0.07848097402838217,,20.8,-0.19467526715982553,0.8748160962613512,0.6511628002197375,False,False,False
4559,9.239999771118164,2026-08-12,-0.05035969107615634,0.010940856021790513,0.026666641235351562,0.1549999713897705,,61.5,-0.07348128351298366,2.6904100645355697,0.6078947294121633,False,False,False
4560,32.25,2026-08-12,0.022187029472799047,0.023232885181343477,-0.014991242379681857,0.0695258389701554,,47.4,-0.11513916712801708,1.297506369233829,0.9202229091545163,False,False,False
4561,46.04999923706055,2026-08-12,0.26859504696754155,0.19642477871545405,-0.0443418026654846,0.0369907801802869,,39.6,-0.14448972741381982,1.2865356150372398,0.8151697200648045,True,False,False
4562,33.5,2026-08-12,0.07890501845858955,0.010558022866088423,-0.05633802816901412,-0.13659792116691982,,22.3,-0.15648595291734935,0.6933284839622071,0.6068840495830474,True,False,False
4563,39.79999923706055,2026-08-12,0.005050524511261312,-0.033980618930916306,-0.14592273518714516,-0.3066202407831533,,5.8,-0.24607065993548038,0.438584277844052,0.5818713208946692,False,False,False
4564,16.850000381469727,2026-08-12,0.02431608510508032,-0.21990740352370286,0.01506024061776956,0.036923100398136954,,49.5,-0.08508768413056567,0.29918808230683175,0.7800925964762971,False,False,False
4565,120.0,2026-08-12,-0.008264462809917328,0.007999969238282167,0.05439329870762988,0.2753036486486815,,71.2,-0.04575462604070535,1.0249765344199995,0.9655172498463357,False,False,False
4566,72.4000015258789,2026-08-12,0.02840909029334049,0.0854573439045252,0.1455696305676999,0.2763224329069516,,78.6,0.045421705819364666,2.60988570436651,0.9488859584548986,False,False,False
4568,40.25,2026-08-12,0.020278814235463516,0.01993520582035968,0.05422939352087264,0.0006456453836354292,,53.6,-0.04591853122746259,0.5494418341338189,0.9302705476372267,True,True,False
4569,163.0,2026-08-12,0.0014163900960875164,0.026142682712569698,-0.1431179549508299,0.15041608261171846,,32.5,-0.24326587969916513,0.7095067560058057,0.7731866206408963,False,False,False
4571,172.0,2026-08-12,0.05521472392638027,0.08860759493670889,-0.13340200190568363,-0.05230327493758968,,17.3,-0.23354992665401886,1.1097950521223985,0.7638762617432454,False,False,False
4572,140.0,2026-08-12,0.0,-0.04154004778176246,-0.015459525154175147,-0.0018797215370789377,,41.0,-0.11560744990251037,0.34399483237751477,0.815365887515012,False,False,False
4573,400.5,2026-08-12,0.07228915662650603,0.05256241787122207,-0.09080590238365494,4.00625,,98.3,-0.19095382713199016,1.1342141477598104,0.6630794701986755,False,False,False
4575,23.649999618530277,2026-08-12,0.10256404556366738,-0.028747464146741786,-0.08687258815209509,0.1905788667781707,,44.6,-0.1870205129004303,0.22091157915673953,0.6537130609533087,False,False,False
4576,227.0,2026-08-12,0.041284403669724856,0.12098765432098757,-0.056657234933354395,0.9555131649410573,,85.1,-0.15680515968168962,1.5356715980117772,0.8007637377850829,True,False,False
4577,76.0999984741211,2026-08-12,0.003957723090834753,-0.02809711994752384,-0.4256603888745578,0.46346150911771344,,13.8,-0.525808313622893,0.5330030769112416,0.42044198052000603,False,False,False
4580,79.4000015258789,2026-08-12,0.03408949428753205,0.022684130944941927,0.011527512811371432,0.021432368334166174,,47.7,-0.0886204119369638,1.6814444546868355,0.8638822583306798,True,False,False
4581,48.20000076293945,2026-08-12,0.003557748523554949,0.013493985374317008,0.036061596237972005,0.0015938665901877869,,50.4,-0.06408632851036322,2.1705195098112924,0.904265843977523,False,False,False
4582,25.350000381469727,2026-08-12,-0.10582010439621992,-0.05762079029892708,-0.23298030358065613,-0.09464284351893837,,7.1,-0.33312822832899136,1.1333259930099597,0.5868055540225143,False,False,False
4583,497.0,2026-08-12,-0.03495145631067964,-0.1675041876046901,-0.34259259259259256,-0.3482829540436865,,0.8,-0.4427405173409278,1.6016619821236853,0.6204538884356909,False,False,False
4584,38.29999923706055,2026-08-12,-0.0166881004659023,0.026255275213673768,-0.015095741112837069,-0.1562378353411954,,27.4,-0.1152436658611723,0.8122727397866587,0.7227926747673232,False,False,False
4585,311.0,2026-08-12,0.03322259136212624,0.03322259136212624,-0.06479040751188869,-0.18672130955224475,,17.6,-0.16493833226022392,1.1696860106164795,0.3903534116615636,False,False,False
4587,44.45000076293945,2026-08-12,-0.012222205268012099,-0.09378182559981552,-0.22154112170274187,0.8069105720999095,,70.0,-0.3216890464510771,0.19206025476971333,0.5950468886061372,False,False,False
4588,52.900001525878906,2026-08-12,0.03725493187997864,-0.020370342113353535,-0.0009104430782154171,-0.15403349211427053,,30.3,-0.10105836782655064,0.35222186697810876,0.7533675061152562,False,False,False
4590,91.1999969482422,2026-08-12,0.13574089018973923,-0.035940820092180026,0.27108104294485713,0.0667225054566416,,80.0,0.1709331181965219,1.926777375044929,0.9308613603052203,False,False,False
4609,4.78000020980835,2026-08-12,-0.06822610074555768,-0.0946969659340503,-0.07364334279861284,-0.17301037434272992,,17.2,-0.17379126754694807,0.785361807855284,0.608917231576971,False,False,False
4702,9.65999984741211,2026-08-12,0.007299238134561348,0.0,0.050194870788914825,0.024761315478966095,,54.8,-0.0499530539594204,0.40738812276407266,0.9671795169508712,False,False,False
4706,33.0,2026-08-12,0.036106737982940285,0.03125,0.03125,0.09634550105572703,,57.6,-0.06889792474833523,0.44029794659816845,0.9428571428571428,False,False,False
4707,33.0,2026-08-12,0.0696920451197689,-0.14062503414849303,1.222222165137341,2.3,,98.6,1.1220742403890058,1.3222084242754442,0.7333333333333333,False,False,False
4711,16.5,2026-08-12,0.03125,0.0,0.03280321705159128,0.13264095489698624,,60.9,-0.06734470769674394,0.3987427092871768,0.9158822085177687,False,False,False
4714,10.649999618530272,2026-08-12,0.024038462420187034,-0.05752217356045197,-0.22826090787444042,-0.369822493554798,,2.4,-0.32840883262277565,0.47140162721127155,0.4977749452361415,False,False,False
4716,17.399999618530273,2026-08-12,0.023529389325310124,-0.17730496773694948,0.1638795879948285,0.14473683137312476,,75.6,0.06373166324649326,1.0206278914242528,0.7190082260318401,False,False,False
4720,20.049999237060547,2026-08-12,0.02295912483839846,-0.08863639831542969,-0.2598183452279993,0.27052985891548076,,22.4,-0.3599662699763345,0.1547312103296906,0.6865994361013857,False,False,False
4721,74.80000305175781,2026-08-12,0.04761906797224058,-0.02094229021659888,-0.16338933529369348,0.17100051460220334,,30.4,-0.2635372600420287,0.24442935449713885,0.7628895066865949,False,False,False
4722,210.0,2026-08-12,-0.03669724770642202,-0.1938579654510557,-0.18288985646710243,0.36449460232579267,,43.1,-0.28303778121543766,0.7154409076876862,0.6878121566576628,False,False,False
4729,20.100000381469727,2026-08-12,0.03608251426308429,0.007518777583654268,-0.017114932440687958,-0.07159349950906713,,35.4,-0.11726285718902318,0.14454753291259326,0.7389705815323498,False,False,False
4738,7.0,2026-08-12,0.11821082173512054,0.010101035121981905,-0.2432432432432432,-0.05405406624492348,,7.9,-0.3433911679915784,0.5000336568555446,0.3783783783783784,True,False,False
4739,87.0,2026-08-12,0.012805569901994662,-0.04709751268376339,-0.13586013307279132,0.29557164028319916,,45.4,-0.23600805782112655,0.5294920491399109,0.6746937767019426,False,False,False
4741,44.09999847412109,2026-08-12,-0.03289473794283748,-0.12500005676632675,-0.31202247794143123,1.0277232356117207,,72.0,-0.41217040268976646,0.123275989365534,0.5469845928016466,False,False,False
4749,809.0,2026-08-12,0.018891687657430767,-0.021765417170495738,-0.2713769425688304,-0.052197696312256125,,6.0,-0.3715248673171656,0.6462284521259098,0.6945172427091351,False,False,False
4754,37.70000076293945,2026-08-12,0.03287673323121787,0.03146379069449723,0.044077018572384,0.044077018572384,,55.6,-0.05607090617595123,0.9518222927370669,0.9886506780522353,True,True,False
4755,119.5,2026-08-12,0.030172413793103425,-0.08778625954198471,-0.11046454307837761,-0.014008936999410526,,23.7,-0.21061246782671283,0.35642733776836893,0.7242235374647138,False,False,False
4760,257.5,2026-08-12,0.04674796747967469,-0.09965034965034969,-0.19906687402799383,0.4722634976447999,,50.5,-0.29921479877632906,0.33545659983889026,0.5502136752136753,False,False,False
4763,52.59999847412109,2026-08-12,0.08565526616784003,0.14972674260373964,0.2449703780857062,0.06802027358621499,,78.5,0.14482245333737098,1.2614190770044524,0.7205479243030286,True,True,False
4764,249.5,2026-08-12,-0.044061302681992376,-0.23757300329586117,-0.19516129032258067,1.1421277887976595,,83.2,-0.2953092150709159,0.7739471788649482,0.6934007135170638,False,False,False
4765,15.649999618530272,2026-08-12,0.30962341994318954,0.009677394743888401,-0.22524757289895647,0.257028101067418,,27.1,-0.3253954976472917,2.3231801410169037,0.5024076985612712,False,False,False
4766,343.5,2026-08-12,0.07511737089201875,0.02080237741456159,-0.07444588326964974,0.1625317555985235,,44.3,-0.17459380801798496,0.4331071086081566,0.8231838142451405,True,False,False
4767,26.5,2026-08-12,-0.007490665064589064,0.007451378524242491,0.026177223151744533,0.08251636011179175,,55.9,-0.0739707015965907,1.4611519390826986,0.9294331872763153,False,False,False
4768,322.0,2026-08-12,0.08417508417508412,-0.018292682926829285,-0.303030303030303,-0.19399249061326662,,2.7,-0.4031782277786382,0.41757874802791345,0.5985130111524164,False,False,False
4770,223.5,2026-08-12,0.03953488372093017,0.051764705882352935,0.0,-0.057907573126461,,39.3,-0.10014792474833523,0.529541686131608,0.7205973728417568,False,False,False
4772,254.0,2026-08-12,0.07172995780590719,-0.03605313092979123,-0.1582903987280313,-0.19649003469939785,,9.2,-0.2584383234763665,0.8056092248043389,0.682769765349246,False,False,False
4903,37.400001525878906,2026-08-12,-0.0799507965068823,-0.020942387986459976,-0.2505009943440043,-0.06499996185302737,,6.7,-0.35064891909233953,0.8970454447072106,0.7030075373971189,False,False,False
4904,101.0,2026-08-12,0.0,0.06203997497943625,0.06910052843395253,0.18106712816375947,,67.3,-0.03104739631438269,0.3278583863875844,0.9322556722380909,False,False,False
4905,70.0,2026-08-12,0.05580688956158486,0.05580688956158486,-0.10941474098059467,0.13268609812574295,,37.0,-0.2095626657289299,1.128839737179493,0.7128309793827647,True,False,False
4906,36.5,2026-08-12,-0.030544528001903215,-0.029255279754284658,-0.0575067998454305,0.2946880376488672,,59.4,-0.15765472459376573,0.43474080484986827,0.6909851597430742,False,False,False
4907,45.79999923706055,2026-08-12,0.00881052197660459,0.126691205851567,0.1728553170775453,0.11707315212342806,,75.3,0.07270739232921009,2.1713313193732673,0.9033530285573349,False,False,False
4908,162.5,2026-08-12,-0.01812688821752262,0.05177993527508096,-0.32291666666666663,1.2538141947163322,,80.0,-0.42306459141500186,1.348042884587302,0.5536626916524702,False,False,False
4909,39.150001525878906,2026-08-12,0.022193271690613026,-0.04860267134479246,-0.24274659674776777,-0.3070796190109928,,2.8,-0.342894521496103,0.32187540535353765,0.5608882494868741,False,False,False
4911,28.350000381469727,2026-08-12,-0.0035149518027427495,-0.016850032632617973,0.011329480634045375,-0.2474942150437316,,24.5,-0.08881844411428985,0.7249764933338784,0.5816070542423145,False,False,False
4912,94.6999969482422,2026-08-12,0.056919626796579914,0.11542986155749468,-0.08572461881308979,0.07109617614257879,,35.9,-0.18587254356142502,0.6469977492443936,0.830798028121728,True,False,False
4915,60.400001525878906,2026-08-12,-0.05180532492207568,-0.10385756441433136,-0.08387257961170569,-0.18165482145875145,,15.5,-0.18402050436004092,1.0770331405564557,0.7244517871063625,False,False,False
4916,103.0,2026-08-12,-0.014354066985645897,-0.05843263715057856,0.5481675707877809,0.6157942733587134,,94.4,0.44801964603944566,0.5901808798241102,0.8319069239451606,False,False,False
4919,125.5,2026-08-12,-0.0346153846153846,-0.21316614420062696,-0.21562499999999996,1.008,,78.9,-0.3157729247483352,0.38214223935776453,0.5730593607305936,False,False,False
4923,50.5,2026-08-12,0.0907127609535161,-0.12326386566331282,0.3082902071578353,0.5732087975241782,,90.5,0.20814228240950006,0.3328143971858717,0.7593984962406015,False,False,False
4924,10.050000190734863,2026-08-12,-0.004950513747167706,-0.05188680857939798,-0.03827747615608834,-0.11842100640082787,,26.8,-0.13842540090442357,0.26241792599281927,0.6421725518021887,False,False,False
4925,114.5,2026-08-12,0.1393034825870647,-0.14869888475836435,-0.3941798941798942,0.9741379310344827,,59.9,-0.4943278189282294,0.5439024543397364,0.5504807692307693,False,False,False
4927,34.5,2026-08-12,0.08150471512731361,-0.13965084008008377,-0.3154762112004049,0.078125,,7.5,-0.41562413594874015,0.5436306721299478,0.5573505516890235,False,False,False
4930,16.299999237060547,2026-08-12,0.003076876126802963,-0.03264101673338993,-0.04956270556130604,-0.2238280302734439,,16.9,-0.14971063030964127,0.38759261523744026,0.6987161075355905,False,False,False
4931,267.0,2026-08-12,0.34170854271356776,0.20814479638009042,0.3594895226433814,0.8420387653092569,,93.4,0.2593415978950462,1.4182220737021318,0.9655051251231014,True,False,False
4933,55.400001525878906,2026-08-12,-0.03146851771069881,-0.028553524656073748,-0.15280834065150573,0.037131414764426385,,20.6,-0.25295626539984095,0.3023709693282846,0.7482257767024805,False,False,False
4934,14.25,2026-08-12,-0.04040406505433003,-0.1467066258090527,-0.17867436964327743,-0.08064516129032262,,12.0,-0.27882229439161266,0.32226933002820723,0.6867469879518072,False,False,False
4935,34.79999923706055,2026-08-12,0.008695630059726067,-0.02247188964466096,-0.009102567959964447,-0.1069536845237864,,33.6,-0.10925049270829967,0.32302876691889987,0.6990577758378687,False,False,False
4938,91.4000015258789,2026-08-12,0.021229067328256024,0.11327653135936755,0.24043345245171843,0.370349725700847,,85.4,0.1402855277033832,0.4753274788303908,0.9696788706638978,True,False,False
4939,60.79999923706055,2026-08-12,0.02356898443128319,0.09945750589294855,0.6160313676280984,0.6398922004274448,,95.3,0.5158834428797632,0.7963145260434032,0.8351647896749983,False,False,False
4942,34.5,2026-08-12,0.01920240931106232,-0.02167986296546498,-0.020366674888076752,-0.02948554396218539,,38.7,-0.12051459963641198,0.49734218727815677,0.8793094848797416,False,False,False
4943,8.1899995803833,2026-08-12,-0.03191494758229474,-0.03647063760196456,-0.1221865329737244,-0.305932250169459,,7.6,-0.22233445772205962,0.7103431746115076,0.45499997668796116,False,False,False
4949,70.0,2026-08-12,0.05580688956158486,-0.11054634416267928,-0.16963229577794936,0.5608778849320737,,62.3,-0.2697802205262846,0.4729195706847594,0.6481481481481481,False,False,False
4950,15.600000381469728,2026-08-11,0.003215446310068648,-0.051671753315945645,-0.11111105073286742,-0.18961036979378032,,13.2,-0.21125897548120265,0.6360151600461242,0.5931559252475964,False,False,False
4951,80.19999694824219,2026-08-12,-0.01231527139880817,-0.05424535304212197,-0.35145324313048953,0.23281452651279033,,10.9,-0.45160116787882476,0.24235810877794992,0.5952732963544177,False,False,False
4952,49.45000076293945,2026-08-12,0.01124742780978183,-0.0859519009673535,-0.03235495817067524,0.2424085300604777,,59.2,-0.13250288291901047,0.31131774538458384,0.8227953746826218,False,False,False
4953,125.0,2026-08-12,-0.038461538461538436,0.03305785123966931,0.10945553523780838,0.06853298195572322,,65.7,0.00930761048947315,0.40130366082498303,0.9116155759848052,False,False,False
4956,31.700000762939453,2026-08-12,0.0031645689956498746,-0.05089822411002776,-0.2610722695705078,0.36051509875236465,,29.4,-0.361220194318843,0.6545107939876461,0.5795246859377917,False,False,False
4958,471.5,2026-08-12,-0.03381147540983609,-0.25039745627980925,0.0875668707992594,1.4282503584983117,,93.7,-0.012581053949075827,1.162732831147206,0.7298761609907121,False,False,False
4960,22.75,2026-08-12,0.08333333333333326,-0.010869565217391353,-0.32392276468386305,0.7041198014928751,,48.8,-0.4240706894321983,0.49407430183223017,0.5061179001971676,False,False,False
4961,173.0,2026-08-12,0.09148264984227139,0.032835820895522394,0.040066452832386856,0.2346366914340423,,67.1,-0.06008147191594837,0.917640850863936,0.965380840724007,False,False,False
4966,591.0,2026-08-12,-0.043689320388349495,-0.05891719745222934,-0.2783882783882784,0.13824174664165012,,12.8,-0.3785362031366136,0.5014221672521162,0.6793103448275862,False,False,False
4967,279.5,2026-08-12,0.052730696798493515,0.24498886414253906,-0.019298245614035037,0.10693069306930703,,49.7,-0.11944617036237026,1.0888506594568437,0.9178981937602627,False,False,False
4968,96.9000015258789,2026-08-12,-0.019230784080882524,-0.08584904220868961,-0.14882480927955488,-0.17385937208411195,,10.7,-0.2489727340278901,0.4716577284320402,0.590454881994815,False,False,False
4971,500.0,2026-08-12,0.08225108225108224,0.25893525919282445,-0.36008143963553385,0.27820462180504424,,11.9,-0.4602293643838691,2.1854568083361805,0.5746057371352705,False,False,False
4972,16.700000762939453,2026-08-12,0.015197567684205326,-0.005952290396567306,0.015197567684205326,-0.0722221798366971,,40.4,-0.0849503570641299,0.3469324624839159,0.8477157419382573,False,False,False
4973,158.5,2026-08-12,0.07094594594594605,0.025889967637540368,0.3605150214592274,2.1055274661710954,,97.5,0.2603670967108922,1.0211409050807931,0.7547619047619047,False,False,False
4974,69.9000015258789,2026-08-12,0.017467316316488235,0.007204610792602928,-0.005936000775987549,-0.03459844501986342,,40.0,-0.10608392552432278,0.25252877010981295,0.7664947325481041,True,False,False
4976,37.04999923706055,2026-08-12,0.015068472248234155,0.026315811720061033,0.18559997558593744,0.21078427369879082,,79.0,0.08545205083760221,0.4645151631275744,0.6443478128184443,False,False,False
4977,154.0,2026-08-12,0.08070175438596494,0.06496023339225898,-0.33524778501970875,0.20887372328429166,,11.2,-0.435395709768044,1.2916270588242278,0.5787399425557594,True,False,False
4979,561.0,2026-08-12,0.1402439024390243,0.39205955334987586,-0.042618041281247354,0.7844873252592128,,82.3,-0.14276596602958258,1.4799301290660265,0.7853732328849339,True,False,False
4980,43.04999923706055,2026-08-12,-0.021590926430442137,-0.04333335028754337,0.1010230413577593,0.4667801934421911,,81.3,0.0008751166094240759,0.45467783041941573,0.8046728829357112,False,False,False
4989,69.0,2026-08-12,0.03139011100483691,-0.13749999999999996,-0.23925025003722178,0.2945591179675464,,27.6,-0.339398174785557,0.8025858080956343,0.592274678111588,False,False,False
4991,484.5,2026-08-12,0.03304904051172697,0.1618705035971224,-0.31567796610169496,1.0793991416309012,,74.9,-0.4158258908500302,1.3161135073169925,0.5568965517241379,False,False,False
4994,87.0999984741211,2026-08-12,-0.012471638460107903,-0.024636108650092692,-0.022739151909645705,-0.12943525777860843,,28.3,-0.12288707665798093,0.8016301059039979,0.8581280637844443,False,False,False
4995,50.09999847412109,2026-08-12,0.013144544007141379,0.09388644778799593,0.1658146655447692,0.2974388221013853,,80.4,0.06566674079643398,0.6259778564014885,0.9862204572155036,False,False,False
4999,19.299999237060547,2026-08-12,0.04607037609605347,-0.012787724284207602,-0.051277435464414656,-0.17187773909277404,,20.0,-0.15142536021274988,0.8415222413374728,0.6647512211375841,False,False,False
5007,56.5,2026-08-12,0.00713015217038615,0.010733425004350483,-0.00877192982456143,-0.010454306271434621,,41.2,-0.10891985457289666,2.0097580115209883,0.9658119658119658,False,False,False
5009,33.150001525878906,2026-08-12,-0.004504435874421953,-0.037735826074612344,-0.08285002192592472,0.00859609030165931,,30.2,-0.18299794667425995,0.46812195836587883,0.8566157676286377,False,False,False
5011,18.399999618530277,2026-08-12,0.03661969681860722,-0.14418606425440572,0.1719745122335461,0.45454546825259623,,84.2,0.07182658748521087,0.1709962480338916,0.6891385427999736,False,False,False
5013,26.450000762939453,2026-08-12,0.07302235992961448,0.02321084613599589,-0.03818179043856529,-0.14814810264570455,,24.7,-0.13832971518690051,0.7211826180161672,0.8239876018767837,True,False,False
5014,10.25,2026-08-12,-0.009661872249663417,-0.04529506046814713,0.05298342907880693,-0.08979404246756773,,44.5,-0.047164495669528295,2.739648117865142,0.9025572122926231,False,False,False
5015,22.149999618530277,2026-08-12,0.04976299611741575,0.04976299611741575,0.0297524785529919,-0.2461046560278919,,27.4,-0.07039544619534333,1.1360555133515042,0.7237877032653275,True,False,False
5016,24.600000381469727,2026-08-12,0.02286907117908088,0.025000015894572014,0.006461022971372854,0.00844222919199522,,45.1,-0.09368690177696237,0.16004108171788037,0.7930165153605587,True,False,False
5201,26.0,2026-08-12,-0.022556404994930057,-0.049360159511529056,-0.08095591186931506,-0.36904725426656637,,8.3,-0.18110383661765028,0.23798615417716074,0.5295538838207132,False,False,False
5202,12.350000381469728,2026-08-12,-0.011999969482421768,-0.09523804200666475,-0.01984126924056795,-0.22082018395986025,,21.4,-0.11998919398890318,0.22068584164073904,0.5655743976789197,False,False,False
5203,61.79999923706055,2026-08-12,-0.03000236025488834,-0.018368189177163985,0.026251399016298693,-0.2168081428559826,,29.2,-0.07389652573203653,0.6617599792492515,0.6119144149979984,False,False,False
5205,21.700000762939453,2026-08-12,-0.0068649709799311065,-0.06060604309138107,-0.03982299129818623,-0.27666664123535156,,15.0,-0.13997091604652145,0.6869067252759161,0.6173541912071612,False,False,False
5206,22.799999237060547,2026-08-12,0.09090907431623596,0.13092110852495065,0.059343823175270094,-0.15891297400375248,,40.7,-0.04080410157306513,0.8304456598341219,0.6598278518821414,True,True,False
5209,163.0,2026-08-12,0.02515723270440251,0.044871794871794934,0.0682845523194886,0.02480790070699901,,57.8,-0.031863372428846626,0.8701561676149101,0.9502261268135467,True,True,False
5210,28.600000381469727,2026-08-12,0.019607884469476256,-0.041876046366015274,0.12156864241057752,0.3750000687745927,,80.2,0.021420717662242295,0.27968080824273484,0.8601503874126234,False,False,False
5211,20.049999237060547,2026-08-12,0.0075376694173698855,-0.009876580885898933,-0.01231527139880817,-0.2518656788118755,,19.8,-0.1124631961471434,0.6441198613284678,0.6217054026995519,False,False,False
5212,47.45000076293945,2026-08-11,0.003171279668042315,0.008501626617750002,-0.004197287650260284,-0.021509629318117063,,41.2,-0.10434521239859551,0.2380719347577089,0.8869158388714771,False,False,False
5213,20.950000762939453,2026-08-12,-0.014117611155790466,-0.047727238048206666,-0.09849064665806562,-0.0490175485926998,,22.7,-0.19863857140640084,0.39864974735293146,0.8460820662708569,False,False,False
5215,38.95000076293945,2026-08-12,0.011688331504920768,-0.0476772784887457,-0.09332537820033082,0.06947199311885122,,34.3,-0.19347330294866605,0.4403369998958177,0.8111403500758072,False,False,False
5220,20.25,2026-08-12,-0.012195121951219523,-0.026442271982422993,-0.0848913928092373,0.12880151215227165,,40.6,-0.18503931755757252,0.6882380120376858,0.8300682579127077,False,False,False
5222,118.0,2026-08-12,0.04424778761061954,-0.06349206349206349,-0.06349206349206349,-0.12243495213718758,,22.3,-0.16363998824039871,0.4170945954989707,0.7421383647798742,False,False,False
5223,23.75,2026-08-12,0.03938729118184736,0.008492601673834033,-0.030612244897959218,-0.1472172468693287,,25.9,-0.13076016964629444,0.27954102154450333,0.7825370577095816,False,False,False
5225,62.0,2026-08-12,-0.17880794701986757,-0.13286713286713292,-0.1242938230571069,-0.31225060881303146,,7.1,-0.22444174780544213,2.256641321216157,0.5785359746461083,False,False,False
5227,33.79999923706055,2026-08-12,-0.0073421440705319085,0.08159997558593757,0.5504587348608572,0.2827324002936231,,92.3,0.45031081011252194,0.6266077392975531,0.8125000114624322,False,False,False
5228,42.400001525878906,2026-08-12,0.06801009347737708,-0.1519999694824219,-0.1553784684963383,0.7377050077360965,,73.4,-0.2555263932446735,0.5876824783889838,0.5564304885035433,False,False,False
5230,18.350000381469727,2026-08-12,0.028011203883169467,-0.07088605663444425,0.1468750238418579,0.030616449009971625,,67.9,0.046727099093522684,0.16221504994483618,0.7645833492279053,False,False,False
5234,337.5,2026-08-12,0.00746268656716409,-0.07407407407407407,-0.1925837320574163,0.04154982523582773,,15.8,-0.29273165680575153,0.31663862003292903,0.7305194805194806,False,False,False
5236,142.0,2026-08-12,-0.050167224080267525,-0.08387096774193548,-0.08884006016363866,0.24008493666728192,,49.2,-0.18898798491197388,0.35280173980130936,0.7910863509749304,False,False,False
5240,19.5,2026-08-12,0.20370364701524668,0.10169486776686565,-0.2625434004171865,0.09208056960379074,,12.2,-0.3626913251655217,2.181773800388975,0.6065273191375455,True,False,False
5243,91.4000015258789,2026-08-12,0.0640279383271376,-0.016146393706809037,-0.09504948984278305,0.08293838712613821,,35.2,-0.19519741459111828,0.32975167647007037,0.6770370483398438,False,False,False
5244,34.0,2026-08-12,0.060842458950345346,0.036585389964996606,-0.11870333475751793,-0.09906763075877423,,16.1,-0.21885125950585316,0.5885280196829324,0.6765860464967988,True,False,False
5245,23.799999237060547,2026-08-12,0.03930129404028482,-0.059288539337295054,-0.03643730761455255,-0.22852515582605348,,18.5,-0.13658523236288778,0.433244213454603,0.7020648426488086,False,False,False
5248,36.75,2026-08-12,-0.030343046954593444,0.10859723403966415,-0.1923076923076923,0.6369709911398773,,64.3,-0.2924556170560275,0.6953339072157403,0.3675,False,False,False
5251,25.600000381469727,2026-08-12,-0.019157087842611165,-0.09219859259318375,-0.07414102225472352,-0.23353295772653193,,14.1,-0.17428894700305875,0.2033240715089428,0.4629294888726383,False,False,False
5254,38.5,2026-08-12,0.051912612160963656,-0.012820512820512775,-0.33391002580992524,0.2727272727272727,,13.7,-0.43405795055826046,0.6409020886841004,0.6660899741900748,False,False,False
5258,50.900001525878906,2026-08-12,-0.03598480565598239,-0.030476161411830405,-0.08617592767169713,-0.10544815182950595,,19.6,-0.18632385242003235,0.675650760997278,0.6370463148163126,False,False,False
5262,45.29999923706055,2026-08-12,0.006666649712456563,0.023728796317752376,-0.1462746074359682,0.11553455251464273,,28.2,-0.24642253218430343,1.3879553176654036,0.7025313228110711,False,False,False
5263,91.0,2026-08-12,-0.01939658397159616,-0.08404488010773792,-0.08999999999999997,-0.12077294685990336,,18.6,-0.1901479247483352,0.7810711274184581,0.728,False,False,False
5267,49.09999847412109,2026-08-12,-0.012072480475005976,-0.14160842973391097,-0.1720067604413188,0.7630160790514839,,72.8,-0.272154685189654,0.4450781076041117,0.5046248400218736,False,False,False
5269,1440.0,2026-08-12,0.0176678445229681,-0.02566133147922478,0.014243366201758034,0.1518345362692528,,59.5,-0.08590455854657719,0.6289757506583071,0.8031711031394909,False,False,False
5271,11.25,2026-08-12,-0.04255319148936165,-0.13461538461538458,-0.5331950281357662,0.20320850706014726,,2.0,-0.6333429528841015,0.27115989475278307,0.22189348778518153,False,False,False
5272,17.899999618530273,2026-08-12,0.02285712105887283,-0.09823681236599913,-0.21318682995471328,-0.131067995773834,,7.3,-0.3133347547030485,1.413382204874109,0.6617375276671328,False,False,False
5274,17370.0,2026-08-12,0.08426966292134841,0.33769734308817867,0.07777240446543865,1.1616135100844378,,91.7,-0.022375520282896577,0.7989644987413311,0.9958561979995176,True,False,False
5278,24.649999618530277,2026-08-12,0.010245901799528667,0.03354294441362393,0.048253470412997546,-0.1401118679036284,,40.3,-0.05189445433533768,0.2395306592870525,0.6020890329844764,False,False,False
5283,54.09999847412109,2026-08-12,0.013108556708616215,0.01500936676382314,0.03639842305386676,-0.1055369960553284,,41.1,-0.06374950169446847,0.5405628560785255,0.8391639549537512,False,False,False
5284,299.5,2026-08-12,-0.04313099041533541,-0.016420361247947435,-0.21261533553892675,0.15562923226143233,,20.2,-0.312763260287262,0.4386298050416907,0.6607184153178705,False,False,False
5285,80.80000305175781,2026-08-12,0.043927667427010375,-0.09111359207078495,0.12061636017111099,0.5113847079483707,,83.3,0.020468435422775766,0.1676954914425641,0.7447004889562931,False,False,False
5287,152.5,2026-08-12,0.04095563139931735,0.02348993288590595,0.02006688963210701,-0.04854919612715325,,42.5,-0.08008103511622822,0.736413586436636,0.8699729778640979,True,False,False
5288,192.0,2026-08-12,0.03785418784888028,0.09503619571165411,0.3032726115702582,0.42472452736530775,,88.7,0.20312468682192297,0.9197364458229199,0.9721518987341772,False,False,False
5289,1520.0,2026-08-12,0.03754266211604085,0.05190311418685112,-0.18498659517426275,0.9143576826196473,,78.2,-0.285134519922598,1.2069096288374148,0.7638190954773869,False,False,False
5291,56.900001525878906,2026-08-12,0.14833506361229132,0.06156722286757366,-0.16076697692119513,0.6303724652758727,,66.8,-0.26091490166953035,0.8242000895401073,0.7220812096733747,True,False,False
5292,187.0,2026-08-12,0.14723926380368102,0.0778097982708934,-0.05191441970253963,0.0926257139935378,,42.2,-0.15206234445087485,0.7281363558520834,0.7978229318418872,True,False,False
5299,103.0,2026-08-12,-0.01904761904761909,-0.01904761904761909,0.027736301648818795,0.4201697229355288,,75.7,-0.07241162309951643,0.3402611163684638,0.7517364856143787,False,False,False
5302,11.350000381469728,2026-08-12,0.11274515624598269,-0.0734693566147161,0.0758294005944602,-0.013043445089588879,,56.2,-0.024318524153875032,0.5330789922507977,0.734627865475008,False,False,False
5309,56.0,2026-08-12,0.06261858044186641,-0.04436857579901299,-0.13028210610630542,-0.07306378676165326,,16.2,-0.23043003085464064,0.4240368244277756,0.684596551476493,False,False,False
5310,25.0,2026-08-12,0.0,0.0020039773760174295,-0.038461538461538436,0.035196703722409906,,40.5,-0.13860946320987366,0.20308901572043656,0.5681818181818182,False,False,False
5314,62.5,2026-08-12,0.10035212745602196,-0.08357767160265395,-0.06994043395362282,-0.3469174295397093,,10.0,-0.17008835870195804,0.541847973607921,0.43498637003768004,False,False,False
5315,19.149999618530277,2026-08-12,-0.01033595653729169,-0.03282826482708323,-0.06446472387535995,-0.1633424353522771,,19.0,-0.16461264862369518,0.26978970297061533,0.8024083964203728,False,False,False
5321,56.900001525878906,2026-08-12,0.07358493445054548,0.005300407417766717,1.4473118935861895,0.8384491154524569,,98.3,1.3471639688378543,0.36555058534809487,0.8151862326379363,False,False,False
5324,12.25,2026-08-12,-0.004065056094269548,0.016597494282109215,0.0652173913043479,0.06986901345513719,,61.0,-0.03493053344398733,1.2095599799235193,0.9879032561979989,False,False,False
5328,67.19999694824219,2026-08-12,0.019726788956943686,0.04999995231628418,1.3053172496621244,1.4570382453731803,,98.5,1.2051693249137891,0.5014220539256885,0.8155339284446137,False,False,False
5340,79.5999984741211,2026-08-12,0.05151917679132034,0.02842373262107256,-0.24767571402921662,-0.1521424160517192,,4.6,-0.34782363877755185,1.8974654473829153,0.5979293948765959,True,False,False
5344,13.850000381469728,2026-08-12,-0.03819439247434364,-0.11783435988984259,-0.17065869768068687,-0.031468517710698696,,14.3,-0.2708066224290221,0.658791010782971,0.7328042677784322,False,False,False
5345,22.600000381469727,2026-08-12,-0.06418216403909327,0.09178741780203059,0.06352942971622233,-0.025862084557694898,,52.9,-0.0366184950321129,0.25045504244438177,0.6393211133520885,False,False,False
5347,159.5,2026-08-12,0.015923566878981,-0.08333333333333337,-0.06700020118465089,0.13780465251758933,,43.5,-0.1671481259329861,0.814237301017037,0.7421589037765715,False,False,False
5348,16.600000381469727,2026-08-12,-0.005988046521030466,-0.020648989127775685,0.040752387459403794,-0.037681137306102785,,47.5,-0.05939553728893143,0.29218889540815723,0.8362720434487284,False,False,False
5351,122.0,2026-08-12,0.2642487046632125,0.28151264612254434,0.33333333333333326,0.9934640274363995,,94.0,0.23318540858499803,1.265381796112912,1.0,True,True,False
5353,28.399999618530277,2026-08-12,0.0,-0.003508785314727092,0.12774033987826305,0.12127149104212043,,70.9,0.027592415129927828,0.14709473770372422,0.8598606693199355,False,False,False
5355,6.070000171661377,2026-08-12,0.04655171931853075,0.02360882755067073,-0.06758833206616244,-0.1474718722997923,,19.4,-0.16773625681449766,0.738242265773393,0.5371681477172287,False,False,False
5356,25.75,2026-08-12,0.053169701288150684,0.01577907741660889,0.04687782187883971,0.050843291323469986,,56.4,-0.05327010286949552,0.8196420350588342,0.9666293320575174,True,False,False
5371,86.5,2026-08-12,-0.04419889502762431,-0.08271476987627102,0.27030093342132355,-0.008616100502751634,,77.6,0.17015300867298833,0.5787652893023739,0.6652110449978133,False,False,False
5381,24.350000381469727,2026-08-12,0.008281605221475363,-0.02988047763352597,-0.08630391256971404,-0.25815408488427727,,12.3,-0.18645183731804926,0.14828212729006804,0.6087500095367432,False,False,False
5386,278.0,2026-08-12,0.07961165048543695,0.20892511349551723,-0.025558708310415068,3.434429303875956,,98.0,-0.1257066330587503,0.5271322070067012,0.707414841175556,False,False,False
5388,82.4000015258789,2026-08-12,-0.10043664957965448,-0.03850636569282828,0.06048912177908461,-0.010427210140389498,,53.7,-0.03965880296925062,1.44118132060937,0.7981624649512171,False,False,False
5392,46.04999923706055,2026-08-12,-0.007543152528198704,0.034831443529450556,0.10035844482853751,-0.026427061737045454,,58.9,0.00021052008020228108,0.7653304075578578,0.7885273635935492,False,False,False
5398,14.149999618530272,2026-08-12,0.010714258466447912,-0.04391895701538617,-0.29250001907348644,-0.30295565761906895,,1.8,-0.39264794382182167,0.6505791558785912,0.4616639410975885,False,False,False
5403,93.0,2026-08-12,0.014176696783223974,-0.013785821947898236,0.053227596668227184,-0.10797359770171955,,43.0,-0.04692032808010804,0.4774734294557615,0.7858327391627804,False,False,False
5410,35.20000076293945,2026-08-12,-0.03296705254493748,-0.009148614462430538,0.0014628841576775908,0.24474676990331812,,64.1,-0.09868504059065764,0.5810782385680122,0.7792633257643266,False,False,False
5425,86.69999694824219,2026-08-12,0.03832331674541534,-0.16997930415658868,0.2216260738732796,0.3964184951437222,,85.0,0.12147814912494437,0.289820500586352,0.6167514767593572,False,False,False
5426,29.850000381469727,2026-08-12,0.16147857958489853,0.058510623187596034,0.6583333545260959,0.5229591734952503,,95.0,0.5581854297777606,0.9888922471799099,0.7528373072567758,False,False,False
5432,125.0,2026-08-12,0.1520737327188939,-0.06716417910447758,-0.11647495942061814,-0.2411766874509409,,10.6,-0.21662288416895337,0.5729739932249206,0.6829409812941531,False,False,False
5434,532.0,2026-08-12,0.0390625,-0.00880650190533483,0.31999130130849895,0.6877907208657561,,91.9,0.21984337656016373,0.6293767644002085,0.8926174496644296,False,False,False
5438,17.25,2026-08-12,-0.00862066792062055,-0.07008082428722229,-0.03695162805159846,-0.15676749161216574,,24.0,-0.1370995527999337,0.6320397241515777,0.5947301878983158,False,False,False
5439,245.5,2026-08-12,0.08628318584070804,-0.13791754295251846,-0.38542537506647445,-0.15238201005061114,,1.4,-0.4855732998148097,0.8810015047989994,0.5721181797887104,False,False,False
5443,113.5,2026-08-12,0.19852168593028408,0.0861244019138756,-0.07973925556272987,0.31764605848893823,,57.5,-0.1798871803110651,0.8606244223376656,0.8432934893835755,True,False,False
5450,15.0,2026-08-12,0.0714285714285714,0.0828266739586514,0.2069452390832991,0.028138525308775364,,74.4,0.10679731433496387,0.41784238684578506,0.8142857009731997,False,False,False
5452,27.200000762939453,2026-08-12,0.026415123129790663,-0.07325381910003947,-0.16550476466232478,-0.06757937825740168,,13.5,-0.26565268941066,0.18286898979244443,0.6948837680711694,False,False,False
5455,28.5,2026-08-11,0.007067164958702188,0.036363636363636376,0.11984279550600196,0.028880838087589122,,64.9,0.019694870757666738,0.13737091903434348,0.890625,False,False,False
5457,27.899999618530277,2026-08-12,-0.019332201394020254,-0.03627962766312787,-0.1441379004479052,-0.1933792473822219,,10.3,-0.24428582519624042,0.2911183693216184,0.5694710950001776,False,False,False
5460,16.049999237060547,2026-08-12,0.0031249523162841797,0.025559081679251916,0.06291382990669514,0.02229295745525195,,56.8,-0.037234094841640086,0.16049339553200853,0.8316062109598826,False,False,False
5464,67.5,2026-08-12,0.07827478666640197,-0.21602786067077173,0.134453781512605,1.6367187107098293,,95.5,0.03430585676426978,0.6909791857278056,0.627906976744186,False,False,False
5465,23.700000762939453,2026-08-12,0.08965520749146916,0.012820561935890318,0.008199883062819158,-0.16574415263111708,,31.3,-0.09194804168551607,0.5145999510577517,0.5672559561842073,True,False,False
5468,31.700000762939453,2026-08-12,0.2455795604179829,0.24070456788735495,0.7660166805334625,0.7135135547534839,,96.2,0.6658687557851273,1.182013475139309,0.8732782762864436,True,False,False
5469,76.69999694824219,2026-08-12,0.08948856940077499,0.0254009868845817,-0.026010364772523276,-0.19462360440156956,,22.5,-0.1261582895208585,0.5653577740329407,0.7093090291641423,True,False,False
5471,56.20000076293945,2026-08-12,0.02181819568980825,-0.10079998779296873,0.10916792377443563,0.5567802103210271,,83.8,0.0090199990261004,0.4139068138985192,0.8417206246075635,False,False,False
5474,156.5,2026-08-12,0.05033557046979875,0.026229508196721207,-0.05137821094742179,0.027673604806959684,,38.3,-0.151526135695757,0.3426628647915908,0.7616013435047662,True,False,False
5475,148.5,2026-08-12,0.19277108433734935,-0.16806722689075626,-0.5293185419968305,0.3943661971830985,,4.3,-0.6294664667451657,2.6378557276083474,0.37125,False,False,False
5478,101.5,2026-08-12,0.026289165156794914,0.025252525252525304,0.025252525252525304,0.06791007527975634,,54.2,-0.07489539949580992,0.4719011463587144,0.9471898442468208,True,False,False
5481,19.799999237060547,2026-08-12,-0.007518873190098363,-0.057142893473307255,-0.014925429786844746,-0.12195122363819955,,31.0,-0.11507335453517997,0.1823002727676505,0.7810650469076086,False,False,False
5483,185.0,2026-08-12,0.0393258426966292,-0.2608781132522916,0.22621533691551243,0.5583153322053991,,88.3,0.1260674121671772,0.7119687588621991,0.6726541192031229,False,False,False
5484,41.79999923706055,2026-08-12,0.012106537753911795,-0.12643676969671347,0.10875327297477266,0.019512176513671875,,63.2,0.008605348226437437,0.5913956334242491,0.7219343374002792,False,False,False
5487,28.950000762939453,2026-08-12,-0.0017241116227775244,0.04324327073655687,0.030249123485074803,0.00346621768275468,,49.3,-0.06989880126326042,0.6374917807105899,0.9132492134443406,False,False,False
5488,13.649999618530272,2026-08-12,0.018656716949027707,-0.23427253531035297,0.3053829553639942,0.3858968731811574,,88.1,0.20523503061565895,0.43110006145708346,0.765727464689647,False,False,False
5489,42.150001525878906,2026-08-12,-0.00940065143017077,-0.15868257865015134,0.04590576485959508,-0.01862629156809814,,50.3,-0.05424215988874015,0.309703853954839,0.6216814104521801,False,False,False
5490,30.549999237060547,2026-08-12,-0.04531252384185791,0.03209455551850393,0.1468150406991584,0.27373526072927445,,78.6,0.04666711595082318,1.2621329431242487,0.8629942915320836,False,False,False
5493,80.30000305175781,2026-08-12,0.029487218612279653,-0.04404758271716891,-0.1309746062437399,-0.006976958554041457,,20.5,-0.23112253099207514,0.16448352240668407,0.8240608871727331,False,False,False
5498,55.20000076293945,2026-08-12,0.158446988358649,0.00914076769700456,-0.2590603924437658,-0.07692305238810582,,5.9,-0.359208317192101,0.563830031577973,0.664259949175929,True,False,False
5508,53.900001525878906,2026-08-12,0.05068230657867234,0.008086128754354327,0.17471193308207744,-0.04121316554880505,,66.7,0.07456400833374222,0.3277131653368663,0.5313650480477201,False,False,False
5511,72.0999984741211,2026-08-12,0.03591954101736872,0.07132236559739513,0.2622581021952797,0.3558974990272272,,86.0,0.16211017744694445,0.41504883656020003,0.9613333129882813,False,False,False
5512,7.909999847412109,2026-08-12,0.032637076368149165,0.025940312357404904,0.1581259056764428,-0.0012626551496847105,,67.1,0.057977980928107575,0.37978145559693105,0.8891897796900424,False,False,False
5514,13.699999809265137,2026-08-12,-0.003636377507990063,0.022388074572778915,-0.10457518702768576,-0.14375001192092896,,15.3,-0.20472311177602098,0.10875367836414072,0.7611111005147299,False,False,False
5515,45.900001525878906,2026-08-12,0.09415973041957759,0.11678839975578525,0.2175824162480191,0.5365176764384345,,87.6,0.11743449149968388,0.953614587723339,1.0,True,True,False
5516,13.5,2026-08-12,0.1637930651765669,0.2857142857142858,0.23287673380388818,-0.025270784969652627,,74.2,0.13272880905555295,1.276570490021584,0.8059701492537313,True,True,False
5519,28.0,2026-08-12,0.009009009009008917,-0.01060068004057324,0.018310078784115502,0.05957055821369317,,52.5,-0.08183784596421972,0.3368584762700848,0.9259987070137095,False,False,False
5520,83.30000305175781,2026-08-12,-0.0023951730328405363,0.014616377587570506,0.028395099404417534,0.02133061584611351,,51.0,-0.07175282534391769,1.3800653858572813,0.9205481859001298,False,False,False
5521,10.300000190734863,2026-08-12,0.004878067388767171,0.014778382053408645,-0.014081944608632213,-0.50587555328794,,8.1,-0.11422986935696744,0.43456778236863347,0.3821108368882108,False,False,False
5522,63.0,2026-08-12,-0.021739153613471895,-0.06666666666666665,-0.03191495472969175,0.030966824799578907,,41.0,-0.13206287947802697,0.9918588548339995,0.8302919759404908,False,False,False
5523,30.350000381469727,2026-08-12,0.0,0.0016502028273328584,0.00330579773453632,-0.0032840846950465963,,43.3,-0.0968421270137989,0.7191806756469373,0.9918300654613262,False,False,False
5525,21.75,2026-08-12,-0.013605408047195011,0.04007597313212963,-0.002883726762364147,-0.10763916903041992,,34.6,-0.10303165151069937,0.6926033994182019,0.7386046492347137,False,False,False
5529,21.299999237060547,2026-08-12,-0.009302361066951259,0.009478618577014819,0.045975265255964404,-0.20423108090505304,,34.8,-0.05417265949237082,1.217901921023808,0.732529029538594,False,False,False
5530,49.34999847412109,2026-08-12,0.038947336297286084,0.03676470706089274,-0.014970060336177649,-0.016932316252988744,,39.9,-0.11511798508451287,0.4042772695027649,0.8479381069964889,False,False,False
5531,7.369999885559082,2026-08-12,-0.052699269047881914,-0.05025777471902859,-0.08674099575419925,-0.18111112382676864,,15.2,-0.18688892050253447,1.2033838134438648,0.7543500041192481,False,False,False
5533,13.899999618530272,2026-08-12,-0.0035842431124376573,0.022058766812190544,0.04070086053141875,0.01522919789946986,,52.7,-0.05944706421691648,1.0901331964800722,0.8565060336544817,False,False,False
5534,78.30000305175781,2026-08-12,0.0025608781247670187,-0.013853884798258775,0.022193271690613026,0.025702380007687653,,50.0,-0.0779546530577222,0.39632868131773175,0.900000035077676,False,False,False
5536,918.0,2026-08-12,-0.09999999999999998,-0.20519480519480515,-0.08177845887743784,0.47206946052154697,,66.7,-0.18192638362577307,0.8341525754612441,0.6397212543554007,False,False,False
5538,33.25,2026-08-12,-0.02349483861925661,-0.005979095915628285,0.026234519570691228,0.0837805158343794,,56.0,-0.073913405177644,5.108643826893052,0.9392654962371354,False,False,False
5543,25.0,2026-08-12,-0.0942029110700785,-0.12126540142078357,-0.13793103448275867,-0.13793103448275867,,13.2,-0.2380789592310939,0.9289838978345365,0.6775067470516734,False,False,False
5546,13.699999809265137,2026-08-12,0.00735289889636026,-0.1001502600611539,-0.08322518334231466,-0.3428063428800432,,9.3,-0.18337310809064988,0.77305953357801,0.5222342398437909,False,False,False
5547,20.100000381469727,2026-08-12,0.015151573533783491,0.0,0.09638221166851024,-0.09796692684607022,,52.4,-0.003765713079824984,0.49242862988372116,0.8330162742754517,False,False,False
5601,29.5,2026-08-12,0.02430558269038685,-0.06349206349206349,-0.15807314784754312,-0.1889589526547817,,9.6,-0.25822107259587834,0.6725998015174313,0.7752287618390767,False,False,False
5603,14.199999809265137,2026-08-12,0.007092157807798927,-0.020689668326542288,-0.10126584570599995,-0.20670390436404573,,13.4,-0.20141377045433517,0.16240330305660863,0.6926829175251287,False,False,False
5604,30.549999237060547,2026-08-12,0.01663893553059892,-0.0016340243067270999,-0.04531252384185791,-0.1615968491070957,,22.1,-0.14546044859019314,0.4158462080994272,0.8058744465870255,False,False,False
5607,51.59999847412109,2026-08-12,0.07165102469182538,0.07773917329320024,0.09874125824139401,0.16442687488443197,,69.9,-0.001406666506941212,0.8792298733595799,0.9616451826777703,True,True,False
5608,14.300000190734863,2026-08-12,0.07924529741395192,0.014184383252072497,-0.02054795773263296,-0.1943661864374725,,23.6,-0.12069588248096819,0.9974706087234922,0.6891566356980657,True,False,False
5609,78.69999694824219,2026-08-12,0.007682438999277341,0.0,0.05153843840614236,0.0729166341630747,,59.0,-0.048609486342192865,0.5476477535731256,0.9899370685313482,False,False,False
5859,14.0,2026-08-12,0.029411735831660568,0.03321031755946646,-0.04109591546526581,-0.12225704279522365,,26.3,-0.14124384021360104,0.32048823435711643,0.8562690931718204,False,False,False
5863,11.399999618530272,2026-08-12,0.03636360168457009,0.027026957364916893,0.05069117214040508,-0.02978726650806196,,50.2,-0.04945675260793014,0.6528824038256744,0.9421486991015755,True,True,False
5864,33.45000076293945,2026-08-12,0.07383631372634003,-0.0497159080133458,0.2201771408179818,0.5658940518570703,,88.3,0.12002921606964656,0.5929995313325437,0.7011465623519241,False,False,False
5871,113.5,2026-08-12,0.013392857142857206,0.03197829752499404,0.1275317537889904,0.1708983358111611,,73.2,0.027383829040655172,0.5857872068143258,0.9826839826839827,False,False,False
5876,42.84999847412109,2026-08-12,-0.02944514171751078,0.00715678670856823,0.11711927278303746,0.13974456966255633,,70.8,0.01697134803470224,0.40584001909342027,0.9427942300291787,False,False,False
5878,38.5,2026-08-12,0.007853383012274673,-0.002590634146996895,-0.045749279504845086,-0.07317679265009669,,29.1,-0.1458972042531803,0.42190556406400126,0.9083302770789018,False,False,False
5880,24.100000381469727,2026-08-12,-0.041211757257000214,0.012054294626805628,0.12104471982667775,0.08296254902019595,,68.0,0.020896795078342523,1.1206871414698825,0.9240495637009487,False,False,False
5902,34.849998474121094,2026-08-12,0.016034963536275537,0.02049771352753038,-0.025367264173950854,-0.08291457059431806,,32.9,-0.12551518892228608,0.2987721512905297,0.7643978733419894,True,False,False
5903,185.5,2026-08-12,0.008152173913043459,0.01913447415258629,0.016438356164383494,0.011088690394109868,,47.6,-0.08370956858395173,0.686431190320071,0.9751616662697385,True,True,False
5904,82.5,2026-08-12,0.14583333333333326,0.3068458752036538,0.5502547465390748,1.1648760402138443,,96.4,0.4501068217907396,3.6864942261766314,0.9471871578104811,False,False,False
6005,30.600000381469727,2026-08-12,0.006545438620992661,0.028683559004218262,0.11006666884853034,0.18108111769148127,,71.9,0.00991874410019511,0.7338710151769109,0.778648350804599,False,False,False
6015,16.049999237060547,2026-08-12,0.006269556676566257,-0.044642859170226146,0.06999994913736973,0.18625574875713635,,68.1,-0.030147975610965494,0.4124592938914629,0.7008733408044763,False,False,False
6016,19.850000381469727,2026-08-12,-0.05023919886245376,-0.11100164736624274,0.008594520389962224,0.3468058561778411,,70.1,-0.091553404358373,0.5263299629289412,0.6247682809304097,False,False,False
6020,21.100000381469727,2026-08-12,0.0023753513644384494,-0.023148147739337155,-0.01860463342001273,0.1118113150013984,,50.6,-0.11875255816834795,0.8175517507368959,0.8210116636220831,False,False,False
6021,36.29999923706055,2026-08-12,0.052173890929291256,-0.03841061623680675,0.13260530736879317,0.2280006003323507,,76.2,0.03245738262045794,0.25775948994268433,0.8194130894407025,False,False,False
6023,85.80000305175781,2026-08-12,0.001356455102173193,-0.00445702434579176,0.040794966784915454,0.09732370946878244,,59.4,-0.05935295796341977,1.1586715572527873,0.954062067602293,False,False,False
6024,61.400001525878906,2026-08-12,0.02847572430844547,0.08145791240520128,0.21735790097296248,0.3381463666722313,,83.7,0.11720997622462725,0.6503729741915094,0.9887279071587435,False,False,False
6026,14.649999618530272,2026-08-12,0.03533568999855086,0.0,0.02703220211603563,0.06115284311319247,,53.9,-0.0731157226322996,0.3427301256806274,0.8274793615470835,False,False,False
6027,12.050000190734863,2026-08-12,-0.0082304058382765,0.0478261035421621,-0.03212848390829681,0.2697576903434493,,61.2,-0.13227640865663204,0.1472380151522861,0.8515901424445741,False,False,False
6028,90.4000015258789,2026-08-12,0.11604940155406052,0.13710693743243918,0.09975675039014797,-0.06433040437835769,,56.0,-0.00039117435818725177,2.96552555990555,0.7068745073048636,True,True,False
6035,52.20000076293945,2026-08-12,0.04191621462629613,0.03608095836101333,0.024395800071522533,-0.04221697178862516,,43.8,-0.0757521246768127,1.3113648001445826,0.8038031208473984,False,False,False
6103,29.5,2026-08-12,0.03508771929824572,0.04424778761061954,-0.24552426723174903,-0.1559370713581948,,4.8,-0.34567219198008425,0.6593209692201546,0.5673076923076923,False,False,False
6104,93.3000030517578,2026-08-12,-0.00955407564374866,-0.08078814727332218,-0.05662283506290722,-0.024006499696923034,,32.3,-0.15677075981124244,0.20865893212227832,0.7107779208489008,False,False,False
6108,19.950000762939453,2026-08-12,0.1465517931215088,0.14326646938088006,0.05277044642423978,0.308196771340292,,72.5,-0.047377478324095446,1.2333005508100632,0.8243801708259213,True,False,False
6109,11.149999618530272,2026-08-12,0.009049721816227319,-0.10800003051757823,-0.013274386696699447,-0.047008564077011705,,38.4,-0.11342231144503467,0.2297464354069309,0.7852112512885516,False,False,False
6112,46.150001525878906,2026-08-12,0.08333340795573974,0.10133261112489267,0.13253922925390538,0.08146648869201867,,69.3,0.03239130450557015,1.0744018121905516,0.8399831252760785,False,False,False
6113,24.649999618530277,2026-08-12,0.09799549135083274,-0.02952755949857755,0.03571430288729327,0.16273578921855036,,63.0,-0.06443362186104196,0.7963614731590094,0.8257956215582662,True,False,False
6114,27.350000381469727,2026-08-12,0.06213593714445542,-0.018698029947232686,-0.0907348437703509,-0.1318075787574693,,17.8,-0.19088276851868613,0.3384941178618318,0.8196757830184797,False,False,False
6115,45.20000076293945,2026-08-12,0.002217345725094688,-0.0011049555151502188,0.021014147388905613,0.026474122240501163,,49.8,-0.07913377735942961,0.632605765817206,0.9616766204627105,False,False,False
6116,14.149999618530272,2026-08-12,-0.003521140239892251,-0.0987261279977949,0.3605769363028064,0.6966426090699227,,92.6,0.2604290115544712,0.589910602171025,0.6233479798657932,False,False,False
6117,66.80000305175781,2026-08-12,0.01829275313337253,-0.011834252077232543,-0.18036806071462808,-0.10695186729423534,,11.1,-0.2805159854629633,0.3055389187224983,0.6972860221692041,False,False,False
6118,15.600000381469728,2026-08-12,-0.006369390382819917,-0.0630630186857164,-0.15675673613677144,-0.16129031927272175,,10.5,-0.25690466088510666,0.18872232095776065,0.6117647208419501,False,False,False
6120,12.75,2026-08-12,-0.0659340398301913,-0.06934305273658936,0.0011870302399530352,0.008978309901800596,,44.1,-0.09896089450838219,0.47286514127841367,0.8053025601505297,False,False,False
6121,431.5,2026-08-12,0.15838926174496648,0.12223667100130031,0.19329420836673616,0.2865473407906547,,81.4,0.09314628361840094,1.118612659949031,0.95080661994289,False,False,False
6122,46.59999847412109,2026-08-12,0.015250477668230955,-0.023862330972558743,0.05550688594574771,-0.062321751739565,,48.2,-0.04464103880258752,0.6099325143192111,0.7971012601418113,False,False,False
6123,43.75,2026-08-12,0.036729839076727666,0.04290820510903903,0.055360605772276195,0.03765319992077898,,56.9,-0.04478731897605903,0.6146541670507096,0.8452250217795344,True,False,False
6124,27.5,2026-08-12,0.0261194321965299,0.0185185185185186,-0.053356257410263064,-0.010791339758765672,,34.2,-0.1535041821585983,0.15649518950672436,0.7246376665914449,False,False,False
6125,50.20000076293945,2026-08-12,0.032921858828253825,-0.08947111794995699,-0.13305194937381326,-0.2681607471288403,,8.0,-0.2331998741221485,0.2702879667222286,0.5836186315478002,False,False,False
6126,30.549999237060547,2026-08-12,-0.03015875437903026,-0.06000002347506006,-0.061443933851858756,-0.19816271757041604,,17.1,-0.16159185860019398,0.19009370551272714,0.7104650985362918,False,False,False
6127,51.79999923706055,2026-08-12,0.049645407065700864,-0.2280178775706142,0.09282695294385968,0.4191780612893301,,79.9,-0.007320971804475551,0.19911554934369588,0.5345717071348695,False,False,False
6128,20.450000762939453,2026-08-12,0.012376237156320746,0.01741295397150311,0.043367365557468895,-0.13245438598577985,,40.2,-0.05678055919086633,0.8425459180681991,0.704242920255747,False,False,False
6129,14.550000190734863,2026-08-12,0.0034482890161975366,-0.15895948945677163,-0.06730770288839838,-0.07028750508677084,,26.2,-0.1674556276367336,0.2558740724743087,0.6978417229990106,False,False,False
6133,22.25,2026-08-12,0.013667390734995788,-0.04094830740079203,0.03248263516110139,-0.101010101010101,,40.8,-0.06766528958723383,0.26632360542089906,0.768566473700529,False,False,False
6134,27.899999618530277,2026-08-12,0.025735251321926,-0.01355112988237095,-0.11868990962128678,-0.032227470592457785,,20.2,-0.218837834369622,0.20461359076702365,0.7063767204720114,False,False,False
6136,25.399999618530277,2026-08-12,0.02008032159277251,0.0474226646816609,0.06502491671967037,0.11171695540715154,,63.4,-0.03512300802866486,0.720628826408123,0.950915060756984,True,False,False
6138,292.5,2026-08-12,0.010362694300518172,-0.08261775309000019,-0.003300825611960767,0.17721887224582922,,58.6,-0.103448750360296,0.43211250313987487,0.6942916003859494,False,False,False
6139,811.0,2026-08-12,0.013749999999999929,-0.027577937649880147,0.12638888888888888,0.4104347826086956,,81.2,0.026240964140553658,0.7195601320687648,0.8492146596858638,False,False,False
6140,17.0,2026-08-12,0.011904807858458266,-0.06593410508987485,-0.1542288717729393,-0.25274725274725274,,6.9,-0.25437679652127454,0.25424526509249396,0.41881300065606814,False,False,False
6141,36.900001525878906,2026-08-12,0.040902700472021714,0.019337037242719957,0.435797682118763,2.294643049489482,,97.7,0.3356497573704278,0.34816168959707067,0.8021739462147588,False,False,False
6142,9.279999732971191,2026-08-12,-0.045267543412539024,-0.08118817995323802,0.12077295075481365,-0.05015360305363181,,60.3,0.02062502600647842,0.4044385671924718,0.8248888651529948,False,False,False
6143,88.80000305175781,2026-08-12,-0.05330490231691187,-0.10663982204629419,-0.10121457177244564,-0.12117091094753318,,16.7,-0.20136249652078086,0.475739301195737,0.621540319880468,False,False,False
6146,192.5,2026-08-12,-0.0077319587628865705,0.01049868766404205,-0.07301983571843029,0.1653465044722322,,45.0,-0.17316776046676552,0.5371205834017736,0.8550760481877668,False,False,False
6147,156.5,2026-08-12,-0.012618296529968487,-0.15860215053763438,-0.1504013325343514,1.8914262315359034,,93.6,-0.2505492572826866,0.6524344413751183,0.5186584644562341,False,False,False
6148,28.5,2026-08-12,-0.04040406505432992,-0.07014680735038048,-0.01213172883333935,-0.1858061317066393,,25.6,-0.11227965358167458,0.3140885713710179,0.49756290143796406,False,False,False
6150,60.5,2026-08-12,0.030664381834164978,0.01813879948984276,-0.11849459709635968,0.013073484421572301,,24.8,-0.2186425218446949,0.3818474671103726,0.6582793874785848,False,False,False
6151,35.54999923706055,2026-08-12,0.02449563272139499,-0.07421880665545433,-0.13922518416998508,0.24287797576358217,,40.8,-0.2393731089183203,0.13169055016634917,0.7138554173029922,False,False,False
6152,16.100000381469727,2026-08-12,0.3529412518971309,0.2627451279584099,0.018987353614766667,0.2529182804295198,,66.0,-0.08116057113356856,2.173260601292085,0.7301587727227511,True,True,False
6153,17.200000762939453,2026-08-12,0.07500004768371582,-0.06775067470516738,-0.033707780889780325,0.05198778970262752,,41.8,-0.13385570563811555,0.3384774238334857,0.7034764918703265,False,False,False
6154,14.050000190734863,2026-08-12,0.03690036848426659,0.025547473455658443,0.10404636839577441,0.06375269891498969,,65.1,0.003898443647439187,1.0581220630691408,0.9651265687203855,True,True,False
6155,58.400001525878906,2026-08-12,0.06375227509511383,-0.12312308012181827,0.15121080765252537,0.06393494859177706,,70.3,0.05106288290419014,0.18037377531705293,0.5983959035243781,False,False,False
6156,22.0,2026-08-12,-0.015659972057983085,-0.19266055045871555,0.14799520232801155,0.04510870934193423,,69.2,0.04784727757967633,0.5088061813435035,0.6923845560121829,False,False,False
6158,16.75,2026-08-12,-0.026162833894116,-0.10187665723287598,-0.06424579011386022,-0.18292682926829273,,17.9,-0.16439371486219545,0.9021973089421425,0.6767676767676768,False,False,False
6160,14.149999618530272,2026-08-12,-0.013937335025978048,-0.0929487645821998,-0.13719512514242616,-0.19602276637288085,,10.8,-0.23734304989076138,0.32238280976312955,0.6086021341303343,False,False,False
6161,54.0,2026-08-12,-0.028776951763151648,0.07142862008542661,0.2254902189944814,0.32352943651403976,,83.7,0.12534229424614618,0.853664305784445,0.865384647126735,False,False,False
6163,43.09999847412109,2026-08-12,0.04484844785748088,-0.025988735048111056,-0.287603331006263,-0.27926423036791237,,2.1,-0.38775125575459823,0.5013180573137376,0.5816464151368838,False,False,False
6164,11.899999618530272,2026-08-12,-0.008333365122477399,-0.13138687706532282,0.004219344763796817,-0.051792873492102376,,40.3,-0.09592857998453841,0.3026044102985716,0.6839080390471542,False,False,False
6165,49.59999847412109,2026-08-12,0.004048521094425661,-0.015873075943202974,0.013278809010228931,0.16568741159741496,,60.3,-0.0868691157381063,0.7943646122174223,0.8308207343426327,False,False,False
6166,137.0,2026-08-12,-0.014388489208633115,0.03396226415094339,0.2396688760466712,1.2258146125457965,,94.3,0.13952095129833597,1.1518890863566031,0.8228228228228228,False,False,False
6167,10.5,2026-08-12,-0.0047393544863415515,-0.08296941703845395,-0.11392407915705827,-0.12133889810951426,,15.5,-0.2140720039053935,0.315817509768555,0.6402439173313215,False,False,False
6168,25.100000381469727,2026-08-12,-0.003968268985800716,-0.06517690782633079,-0.06691447072811874,0.2125603602106081,,51.1,-0.16706239547645396,0.23464828086443365,0.7070422642667529,False,False,False
6170,47.20000076293945,2026-08-12,0.01833877706151288,0.004255335381690539,0.016081556553362963,0.047313560332020055,,51.3,-0.08406636819497226,0.3855592264065559,0.951748657435013,False,False,False
6171,23.799999237060547,2026-08-12,0.025862002344394508,0.0236558811638945,-0.008333365122477177,-0.1361161562195421,,30.8,-0.1084812898708124,0.3161764649810002,0.7437499761581421,False,False,False
6173,203.5,2026-08-12,0.2333333333333334,-0.14853556485355646,0.1909922154838375,1.981814645161831,,96.7,0.09084429073550226,1.9919738527825752,0.5844526532285758,False,False,False
6174,44.04999923706055,2026-08-12,0.048809505644298756,-0.2161921950344724,0.13144923121331864,1.0114652780360407,,91.5,0.031301306464983414,0.3484448728351145,0.6992063370961992,False,False,False
6175,78.5,2026-08-12,0.02080622161733836,-0.21982242028452958,0.15895949525125364,0.6729750394803431,,88.0,0.05881157050291841,0.14639435493249867,0.6864223606669586,False,False,False
6176,81.30000305175781,2026-08-12,-0.03900703879294676,-0.07403188808738737,-0.16355596295680264,-0.31096208180073226,,5.1,-0.26370388770513786,0.5464003294837134,0.5837682131845126,False,False,False
6177,47.70000076293945,2026-08-12,-0.0010471044410585995,0.03695653832477075,0.04376367541818316,0.014893633254030814,,53.1,-0.05638424933015207,0.8485669315420609,0.857913706331149,False,False,False
6179,27.350000381469727,2026-08-12,-0.010849882141029,-0.016187009638148564,0.1663112789614003,0.0018315438024372188,,68.8,0.06616335421306507,0.80876274526751,0.7661064368901093,False,False,False
6182,103.0,2026-08-12,-0.009615384615384581,-0.44772117962466484,0.7944250394063535,1.7875506866919513,,98.0,0.6942771146580182,0.5578828009116498,0.5435356200527705,False,False,False
6183,94.4000015258789,2026-08-12,0.024972889140753685,0.04540418976255278,0.026086973107379396,-0.006315773411801007,,48.0,-0.07406095164095583,0.9347076568829059,0.9458917699323278,True,True,False
6184,42.20000076293945,2026-08-12,-0.00354185871513768,-0.012865479229486443,-0.023173421007877004,-0.06568811105180306,,34.9,-0.12332134575621223,0.5824661844677698,0.803574875065185,False,False,False
6185,13.699999809265137,2026-08-12,-0.007246404354172786,-0.02836883414061986,0.017297142728461168,-0.038254858772569955,,42.8,-0.08285078201987406,0.4881362062588643,0.8005435262344165,False,False,False
6186,34.70000076293945,2026-08-12,-0.07323497989957228,-0.0666387368241329,-0.0052799004448488285,-0.16116896368405598,,28.4,-0.10542782519318405,0.970611649121761,0.5871817416653816,False,False,False
6187,1155.0,2026-08-12,0.07943925233644866,0.1874940228453439,0.026036527046106706,2.0781094976905052,,96.1,-0.07411139770222852,1.6447095189817333,0.8414975728289177,False,False,False
6188,71.80000305175781,2026-08-12,0.014124293176498215,-0.03882187436357876,-0.13598069350004038,-0.31028622223629354,,6.3,-0.2361286182483756,0.3062838876981181,0.5623819926277587,False,False,False
6189,49.59999847412109,2026-08-12,0.0163934272452404,0.01848044552530137,0.08383667089342395,0.19135528721700767,,69.9,-0.01631125385491128,0.25205458582085494,0.9149024485064268,True,False,False
6190,68.80000305175781,2026-08-12,0.013254808625238201,-0.06808353250000077,-0.09787619978835826,0.4914604612853488,,66.1,-0.1980241245366935,0.27295483916674707,0.7668051879893162,False,False,False
6191,87.0999984741211,2026-08-12,0.031990484590386004,-0.09459458173389668,-0.03458616287953897,-0.17695136427989844,,22.6,-0.1347340876278742,0.2766481247123744,0.6095616157812809,False,False,False
6192,120.5,2026-08-12,0.05240174672489073,0.016877637130801704,-0.09737827715355807,0.0566234546786577,,32.1,-0.1975262019018933,1.2171112256178749,0.9026217228464419,False,False,False
6194,29.850000381469727,2026-08-12,0.010152323253969087,0.016126152378177272,-0.029489389154303103,-0.07801497115452949,,32.4,-0.12963731390263833,0.5595438764625161,0.7906050539526168,False,False,False
6195,28.850000381469727,2026-08-12,0.07050091149322246,0.09695822123127118,0.11369903409084636,0.1908860272746964,,72.7,0.013551109342511136,2.3561849200944045,0.994827599361025,False,False,False
6196,499.0,2026-08-12,-0.01964636542239684,-0.07421150278293132,0.15963231858139215,0.7782390821628113,,89.4,0.059484393833056926,0.6400703380713979,0.8457627118644068,False,False,False
6197,305.5,2026-08-12,-0.022399999999999975,-0.05124223602484468,0.3761638668426561,1.2028347682040512,,95.8,0.2760159420943209,0.5047157969456022,0.8201342281879195,False,False,False
6198,19.5,2026-08-12,-0.00255750583180403,-0.04878048780487809,-0.1294642708891507,-0.25287357413816525,,9.3,-0.22961219563748592,0.1559058490651749,0.6320907539344088,False,False,False
6199,103.5,2026-08-12,0.050761421319796884,-0.004807692307692291,-0.004807692307692291,0.07700313884886967,,49.6,-0.10495561705602752,0.6649371313243311,0.8313253012048193,False,False,False
6201,45.70000076293945,2026-08-12,0.0043956211635045594,-0.004562484576094983,-0.014617408974316293,-0.10501948154548002,,32.8,-0.11476533372265152,0.37344591588493103,0.8281228905903454,False,False,False
6202,63.79999923706055,2026-08-12,0.06156407415771681,-0.0576070588919414,0.1557970716532131,0.3603410908602296,,81.4,0.05564914690487788,0.4550434759735841,0.8656716672846787,False,False,False
6203,61.09999847412109,2026-08-12,0.001639319247886739,-0.006812977347743221,-0.06119506126527985,0.005448518480807518,,34.4,-0.16134298601361508,0.4218211674382015,0.7497476265946473,False,False,False
6204,85.5,2026-08-12,0.144578360013065,-0.0393258426966292,0.020286359025454948,0.17123287671232879,,61.7,-0.07986156572288028,0.48262298396359427,0.684,True,False,False
6205,64.4000015258789,2026-08-12,0.07154747355957736,-0.02276175971575589,-0.1725133084980579,0.284142860076811,,39.2,-0.27266123324639313,0.24235849631348894,0.6682250600002676,False,False,False
6206,146.0,2026-08-12,-0.013513513513513487,0.22877596101822828,0.12075167065775405,0.6682946110626349,,86.4,0.020603745909418825,2.061757414552825,0.9240506329113924,False,False,False
6207,111.5,2026-08-12,0.06698564593301426,-0.17051550820010075,0.5951625120882624,1.0584633747184928,,96.3,0.4950145873399272,0.30294072742516176,0.6766187544312667,False,False,False
6208,81.5999984741211,2026-08-12,-0.0156815805528302,-0.03317539100872258,-0.20397639855767968,0.8735239209651504,,75.4,-0.3041243233060149,0.24292169371243474,0.7771428426106771,False,False,False
6209,75.0,2026-08-12,0.04311541597124058,-0.037752531963571534,0.10595046893541915,0.15322782725232775,,70.1,0.0058025441870839245,0.4059863035826435,0.7771237362272676,False,False,False
6210,17.450000762939453,2026-08-12,-0.01690136546819987,-0.10969385595333614,-0.1883720575376998,-0.1549636278307388,,8.2,-0.28851998228603504,1.026054405942358,0.7790179044692499,False,False,False
6212,29.200000762939453,2026-08-12,0.00516356384917005,0.01388894223872672,0.04099827298246361,-0.231578927291067,,31.2,-0.059149651765871614,0.4516233518786678,0.6689576115049518,False,False,False
6213,464.0,2026-08-12,0.36070381231671544,0.3314203730272596,0.74588720111962,3.39340620013909,,98.7,0.6457392763712848,1.254551003001278,1.0,True,True,False
6214,142.5,2026-08-12,-0.06862745098039214,0.014234875444839812,0.21994536366798223,0.28304600326515295,,82.7,0.119797438919647,0.8464613046117139,0.9253246753246753,False,False,False
6215,104.5,2026-08-12,0.08854166666666674,0.004807692307692291,-0.11340499267914728,-0.09437936333731167,,17.0,-0.2135529174274825,0.8539648178127385,0.67415213594175,False,False,False
6216,22.799999237060547,2026-08-12,0.04587156123840486,0.015590131947740282,0.01108647487620007,-0.18279571509680148,,29.8,-0.08906144987213516,0.7585827817034662,0.7684657994203287,True,False,False
6217,154.0,2026-08-12,0.04761904761904767,-0.3289760348583878,-0.5254237288135593,1.5882352941176472,,77.9,-0.6255716535618945,0.46212206764966196,0.45161290322580644,False,False,False
6218,36.150001525878906,2026-08-12,0.06952669650482313,0.02263092181866644,-0.12996384621747736,0.5855264357692798,,68.0,-0.2301117709658126,0.4496323180381683,0.8015521673824935,False,False,False
6219,12.25,2026-08-12,-0.012096743802001098,-0.035433056379799655,0.004098376353816935,-0.234375,,24.4,-0.09604954839451829,0.21872083099776213,0.5658198714015311,False,False,False
6220,26.25,2026-08-12,-0.013157908889112169,-0.26470589806680334,-0.10995213713707142,-0.049984375287980276,,20.1,-0.21010006188540664,0.3715121153145654,0.591400487831835,False,False,False
6221,22.600000381469727,2026-08-12,0.08393285218139845,0.03908047730895303,-0.02164502128757917,-0.239057245760388,,19.4,-0.1217929460359144,0.9156408618019815,0.5598165428027422,True,False,False
6222,20.100000381469727,2026-08-12,-0.0405728090938009,-0.045130588599654464,-0.07586205142667923,0.06914899984923828,,37.7,-0.17600997617501446,0.6623053031604603,0.8701298722745248,False,False,False
6223,6600.0,2026-08-12,0.05684547638110482,0.04100946372239744,0.05287017888230694,1.633222024792044,,94.5,-0.04727774586602829,0.6539581378513871,0.8973650060443742,True,False,False
6224,61.20000076293945,2026-08-12,0.09874326615197249,-0.059907800347061335,-0.16847823326438893,0.5445724494795383,,61.4,-0.26862615801272416,0.2625646890986505,0.644210534346731,False,False,False
6225,33.45000076293945,2026-08-12,0.3737166422549545,0.3569980235534731,0.0485893781487321,0.8379120527870241,,87.1,-0.05155854659960313,2.4848779723955885,0.9543509697874881,True,True,False
6226,20.299999237060547,2026-08-12,-0.024038462420187034,-0.21470023452640385,0.6846472129244474,1.3147090282178842,,97.2,0.5844992881761122,1.6325587439018658,0.7302158199342088,False,False,False
6227,125.5,2026-08-12,0.0161943319838056,0.10572687224669597,0.10572687224669597,0.485207100591716,,82.0,0.005578947498360742,0.654021415342571,0.9261992619926199,False,False,False
6228,18.0,2026-08-12,0.011235998399541591,-0.040000000000000036,-0.20704848480061655,-0.26680242120629905,,4.1,-0.3071964095489518,0.2527187225737153,0.45627375543449306,False,False,False
6229,23.600000381469727,2026-08-12,0.0,-0.03976525416441734,-0.15263497358712197,0.05920631928539777,,22.7,-0.2527828983354572,0.26229452200709147,0.7752777856970325,False,False,False
6230,108.5,2026-08-12,0.004629629629629539,-0.07264957264957261,-0.21942446043165464,-0.10330578512396693,,7.9,-0.31957238517998987,0.6982529371700457,0.5945205479452055,False,False,False
6231,220.5,2026-08-12,-0.04130434782608694,-0.09995835092068006,-0.2183029358711115,0.11012508017295009,,16.6,-0.3184508606194467,0.5092041267955436,0.6482366291075162,False,False,False
6233,22.25,2026-08-12,0.06971157769832526,-0.05319148936170215,-0.11289875384314707,-0.03242334265680202,,21.6,-0.2130466785914823,0.4016684570846294,0.7530892363716274,False,False,False
6234,37.34999847412109,2026-08-12,0.061079479107434276,-0.10645935033879184,-0.333035741533552,0.42015207443388336,,22.8,-0.4331836662818872,0.25462014038176073,0.6024193302277595,False,False,False
6235,39.20000076293945,2026-08-12,0.0012771196707999088,-0.06332133351976876,-0.028500563932343126,-0.3036040568613336,,14.9,-0.12864848868067835,0.32792996117991985,0.5245698326703071,False,False,False
6236,15.350000381469728,2026-08-12,-0.09970668220885515,-0.09970668220885515,-0.19422566948940911,-0.46045694306393525,,2.2,-0.29437359423774434,7.783607953995392,0.4873015994117374,False,False,False
6237,35.45000076293945,2026-08-12,0.039589511707541325,-0.0910256214630909,-0.2557896101622583,-0.11159890982834164,,5.3,-0.35593753491059354,0.2109419259798264,0.6334411198289595,False,False,False
6239,281.5,2026-08-12,0.09746588693957126,-0.05577708777783952,0.25346629076143623,0.13009362344101572,,80.6,0.153318366013101,0.7283133550563254,0.7573714502852317,False,False,False
6240,20.25,2026-08-12,0.09459459459459452,0.10054350107739274,0.13445375726836062,0.08288765635413275,,69.6,0.03430583252002539,0.39206498872352846,0.9619952842728815,True,True,False
6241,14.350000381469728,2026-08-12,-0.12765959173697172,-0.18926555011703783,0.37320580319501917,0.1762295578539108,,86.8,0.27305787844668394,0.7621779896852796,0.7632979236074376,False,False,False
6243,44.54999923706055,2026-08-12,-0.10000001541291825,0.1235812742146678,0.27650422032291355,0.2988338258889829,,85.5,0.17635629557457833,1.0834789944717036,0.8534482487726285,False,False,False
6244,24.299999237060547,2026-08-12,-0.016194393260063333,-0.07101437819889833,-0.13513907243138434,0.048597543159324186,,25.0,-0.23528699717971957,0.27408225856216656,0.6730666882495477,False,False,False
6245,88.0,2026-08-12,0.08641975308641969,0.10137669986774123,0.07975460122699385,0.3017751773128887,,75.1,-0.020393323521341378,1.2230040591176214,0.9628008592000271,False,False,False
6246,13.350000381469728,2026-08-12,0.051181148186348,-0.10999997456868482,-0.16300937046313346,-0.02197796669922869,,15.7,-0.2631572952114687,0.6132575125413546,0.6576355114879707,False,False,False
6248,17.950000762939453,2026-08-12,0.0286532938761761,0.014124293176498215,-0.03234493254977455,-0.17090064299234387,,23.6,-0.13249285729810978,0.6707776563856906,0.7821350834953263,True,False,False
6257,211.0,2026-08-12,0.041975308641975406,-0.06222222222222218,0.018225656177743854,0.6487423419204137,,81.7,-0.08192226857059137,0.5562348722598964,0.7851153875415748,False,False,False
6259,31.049999237060547,2026-08-12,0.02475247587078022,-0.1628910618072983,0.28918221705888625,0.8304131757116107,,92.5,0.18903429231055102,0.31880710857991723,0.7368917120390461,False,False,False
6261,79.19999694824219,2026-08-12,0.011494174475184415,-0.10710259669505284,-0.3427386145374093,0.11079934864448249,,6.5,-0.4428865392857445,0.1839312177975918,0.5932584041066831,False,False,False
6263,162.5,2026-08-12,0.05519480519480524,0.022012578616352307,-0.06704910037816159,0.36933116589427284,,63.2,-0.1671970251264968,0.44481608226276304,0.9007801979930032,True,False,False
6264,6.050000190734863,2026-08-12,0.0,0.008333365122477288,-0.008196674537606752,-0.1381766086648376,,30.6,-0.10834459928594198,0.25636028833237634,0.7534247063413406,False,False,False
6265,56.79999923706055,2026-08-12,0.10721247722800453,0.10077521156415181,0.2294371926206582,0.23344191483392063,,81.8,0.12928926787232298,0.9012921060033657,0.8888888557233771,True,False,False
6266,25.149999618530277,2026-08-12,0.04356843238342378,-0.023300985688144538,-9.865669169883962e-05,-0.07885805261315826,,38.1,-0.10024658144003407,0.5589227361438481,0.8566033693380417,False,False,False
6269,66.9000015258789,2026-08-12,0.0842787795565616,0.11500002543131504,0.13389833094710002,0.12248327581631657,,71.4,0.03375040619876479,1.220907313995146,0.7645714460100447,False,False,False
6270,31.049999237060547,2026-08-12,0.034999974568684866,-0.0840708601928144,0.20909477329355086,0.24939796642856504,,81.2,0.10894684854521564,0.13151100731638155,0.7452548841946546,False,False,False
6271,198.0,2026-08-12,0.042105263157894646,-0.12195121951219512,0.09267752445300781,0.4270912162500271,,80.1,-0.007470400295327417,0.7095519292163418,0.688695652173913,False,False,False
6272,24.299999237060547,2026-08-12,0.008298707569506902,-0.14285718130206315,-0.16319054590787485,-0.38340357293201177,,3.7,-0.2633384706562101,0.3374176359362339,0.4197675828484445,False,False,False
6274,1600.0,2026-08-12,0.08843537414965996,0.1469534050179211,0.10344827586206895,2.2063571353261677,,96.9,0.003300351113733724,1.124932272523838,0.8421052631578947,False,False,False
6275,44.59999847412109,2026-08-12,0.0324073538531664,-0.011011439293028058,-0.007858385620032715,-0.07746520715449978,,36.5,-0.10800631036836794,0.5553907290540391,0.7677674600673479,False,False,False
6276,19.399999618530277,2026-08-12,-0.09557114552420409,-0.11818183552135109,-0.34237289428710926,-0.4504249281070033,,0.7,-0.4425208190354445,0.4630289270226442,0.33162392510308164,False,False,False
6277,78.5999984741211,2026-08-12,0.014193528698336788,0.09472653033119594,0.13612364402221777,0.3430336022418268,,80.1,0.035975719273882545,0.642357328126226,0.9800498935785039,False,False,False
6278,171.0,2026-08-12,0.017857142857142794,-0.008695652173912993,-0.22170703283973492,0.9077464680838025,,75.3,-0.32185495758807015,0.646571321645839,0.7135668133809823,False,False,False
6281,51.70000076293945,2026-08-12,0.005836560859040052,0.0137255051556755,0.0,-0.10940242078663931,,35.0,-0.10014792474833523,0.504243003585811,0.7701787667133488,False,False,False
6282,47.150001525878906,2026-08-12,-0.017708301544189453,-0.13959850032275267,-0.06448412503184586,-0.0532128062606384,,27.8,-0.1646320497801811,0.37177466086968836,0.6659604448238547,False,False,False
6283,20.200000762939453,2026-08-12,0.0,-0.05827505620231521,-0.2215799549498232,-0.10022271374325775,,7.8,-0.3217278796981584,0.41912776050085676,0.6392405227559667,False,False,False
6284,79.30000305175781,2026-08-12,0.024547822847828193,-0.10192525129047358,-0.0568574491403111,-0.04005561281085834,,30.7,-0.15700537388864633,0.2184589320259854,0.6518331802837523,False,False,False
6285,251.5,2026-08-12,-0.03269230769230769,0.016161616161616266,-0.023895349677326427,0.3823753000039587,,68.8,-0.12404327442566165,0.6952771237022073,0.8016910203020299,False,False,False
6290,218.5,2026-08-12,0.023419203747072626,-0.14157256732856272,-0.19115680218655606,0.42706732988542484,,47.8,-0.2913047269348913,0.6898594825015996,0.6104892887378844,False,False,False
6291,402.5,2026-08-12,0.05921052631578938,-0.05957943925233644,-0.20923379174852652,0.7321140398063475,,67.0,-0.30938171649686175,0.4894755043672844,0.5927835051546392,False,False,False
6292,66.30000305175781,2026-08-12,0.1313993989443054,0.23694039065632588,0.27294806254999626,0.659018795148337,,90.6,0.17280013780166104,1.3842611382763292,0.9742878761837525,True,False,False
6405,41.0,2026-08-12,0.05263155832877686,-0.19132151118289398,-0.2931034482758621,0.37123747568848087,,25.4,-0.3932513730241973,0.33268162929879797,0.5061728395061729,False,False,False
6407,22.899999618530277,2026-08-12,-0.10894945763763952,-0.12260539142410742,-0.2519599284819014,0.34811607039194015,,30.3,-0.35210785323023663,0.4656767370686208,0.4144546209593402,False,False,False
6409,995.0,2026-08-12,0.03322949117341634,-0.04346099485201238,0.4653362751374228,0.21109275883451883,,89.8,0.3651883503890876,0.4947753538202142,0.8008233181785804,False,False,False
6411,78.9000015258789,2026-08-12,0.014138797313276497,-0.08773669789999805,-0.04485714346407643,-0.03464776657804336,,33.7,-0.14500506821241166,0.1754368117996379,0.7130057602609561,False,False,False
6412,79.80000305175781,2026-08-12,0.015267234108558236,-0.05785116969341364,-0.09411371808669211,0.026820417610086578,,29.5,-0.19426164283502734,0.29372006553966157,0.7656200030787167,False,False,False
6414,455.5,2026-08-12,-0.028784648187633266,0.20662251655629138,0.33119687658252084,0.6639961328300632,,91.9,0.2310489518341856,1.068410235804951,0.9055666003976143,False,False,False
6415,449.0,2026-08-12,0.008988764044943753,-0.09017223910840932,-0.10735586481113324,0.6147567602866053,,71.9,-0.20750378955946847,0.6768100476926975,0.6671619613670133,False,False,False
6416,100.0,2026-08-12,0.004016079638624159,0.0502817415708503,0.14885565835428038,0.2125303810221677,,76.7,0.04870773360594516,1.1999330712683203,0.9654702516762148,False,False,False
6417,112.0,2026-08-12,-0.02183406113537123,-0.09199520565662245,-0.15252889355855492,0.05933895949554313,,22.8,-0.25267681830689015,0.5210485357977334,0.7809461046333416,False,False,False
6418,32.599998474121094,2026-08-12,0.017160663031297707,0.031645508879100115,0.0643111050086198,-0.05190680481086163,,50.8,-0.03583681973971542,0.5833745608380639,0.4364238579019794,False,False,False
6419,153.0,2026-08-12,0.125,0.09285714285714275,-0.13559322033898302,1.1458624607482113,,85.9,-0.23574114508731825,1.1312581225155884,0.7866323907455013,True,False,False
6423,81.0999984741211,2026-08-12,0.1124828090069554,0.10190217602568463,-0.2660633622251485,-0.16737776773090185,,3.8,-0.3662112869734837,0.6608273669840415,0.6462151272838335,False,False,False
6425,58.0,2026-08-12,0.04504504504504503,-0.09516378501294076,-0.3671206387321527,-0.13282454590408244,,1.9,-0.46726856348048795,0.24247883487291366,0.5736048434005242,False,False,False
6426,222.0,2026-08-12,0.3058823529411765,0.27220630372492827,-0.19272727272727275,0.8122448979591836,,73.3,-0.292875197475608,1.7181140485895587,0.7694974003466204,True,False,False
6432,74.0,2026-08-12,0.04225352112676051,-0.002695376771803537,0.4919355297684065,1.2390318217320941,,96.2,0.39178760502007126,0.34975692778790646,0.8515534948289124,False,False,False
6434,16.049999237060547,2026-08-12,-0.0641399653607686,0.0031249523162841797,-0.22276031314508693,1.860962362759512,,92.6,-0.32290823789342216,0.42273013572437906,0.43972600649480953,False,False,False
6435,261.5,2026-08-12,0.025490196078431282,-0.19649839343413134,0.07995783179185212,0.92379585002899,,89.1,-0.020190092956483108,0.3860408773888126,0.638975066583268,False,False,False
6438,149.5,2026-08-12,0.017006802721088343,0.020477815699658786,-0.09531932512238761,0.030843668548270697,,29.8,-0.19546724987072284,0.2970862366080536,0.7460459526134138,False,False,False
6441,22.600000381469727,2026-08-12,0.16195370154084343,0.04872395274165231,-0.11372547523648135,0.05607480300608825,,28.5,-0.21387339998481658,2.2634293567378045,0.7040498895876823,False,False,False
6442,1595.0,2026-08-12,0.16423357664233573,0.22340218846957605,-0.1327364728191952,-0.09872609971192325,,14.7,-0.23288439756753043,1.1437232551313448,0.6788075358824704,True,False,False
6443,26.75,2026-08-12,-0.03429605547919279,-0.10535115915446669,-0.3278894343522697,-0.3141025641025641,,0.9,-0.4280373591006049,0.2721685542551977,0.5114722827958391,False,False,False
6449,244.0,2026-08-12,0.06318082788671031,-0.18394648829431437,0.028876092588388858,0.4979685207841138,,78.5,-0.07127183215994637,0.7460125173712455,0.5322156044487981,False,False,False
6451,451.0,2026-08-12,0.04883720930232549,0.010581159962097075,-0.1405248216275744,1.8026364760179812,,93.2,-0.24067274637590963,0.9447352285431356,0.6232382718317317,False,False,False
6456,68.5999984741211,2026-08-12,0.13764509688350612,-0.012949662242861981,0.0014598317389939997,0.7499999270147222,,83.3,-0.09868809300934123,0.5754488048035868,0.7530186566754816,False,False,False
6462,101.5,2026-08-12,0.021126744888171345,-0.014563106796116498,-0.22813688212927752,-0.10572687224669608,,6.9,-0.32828480687761274,0.29732812028292566,0.6485623003194888,False,False,False
6464,76.19999694824219,2026-08-12,-0.028061282331869886,0.03424699522541452,0.05452636520215437,0.07561691067683496,,59.7,-0.045621559546180857,0.30710157555153006,0.9572864121726801,False,False,False
6465,47.5,2026-08-12,0.013874099189948863,-0.18803418803418803,-0.019838527893792368,0.3610241696383436,,67.6,-0.1199864526421276,0.7302767838536521,0.6671348600552531,False,False,False
6470,42.150001525878906,2026-08-12,-0.012880543963313174,-0.06618876468913892,-0.038073983728158955,-0.16236777638417144,,23.3,-0.13822190847649418,0.6330120516219271,0.8329527037565595,False,False,False
6473,6.480000019073486,2026-08-12,-0.07428571156093056,-0.16923078710040584,-0.27759199262321776,-0.1899999976158142,,3.4,-0.377739917371553,0.3201801162705262,0.3811764717102051,False,False,False
6474,39.09999847412109,2026-08-12,0.039893618640234774,0.03576154898334005,0.010335857966304873,0.1123754417289009,,55.6,-0.08981206678203035,1.074407885805484,0.8319148611515125,True,True,False
6477,34.25,2026-08-12,-0.056473809370431005,-0.17469879518072284,0.039202364332050044,0.007390126772679473,,51.9,-0.06094556041628518,0.39160663640715176,0.7560936379188062,False,False,False
6485,66.5999984741211,2026-08-12,0.052132689997387516,-0.07883823426060199,-0.2541993706817671,-0.39178083585277534,,1.7,-0.35434729543010235,0.20029498925409625,0.5349397467800892,False,False,False
6486,74.5,2026-08-12,0.00404316797973836,-0.05576681167028519,-0.0353140247239665,0.01475188165573238,,39.5,-0.13546194947230172,0.4588120601314987,0.8867853967613947,False,False,False
6488,933.0,2026-08-12,0.06995412844036708,-0.38177740645717684,0.1885878007154882,0.8845215433372451,,91.4,0.08843987596715297,1.1920489686594857,0.6182225935428232,False,False,False
6494,55.29999923706055,2026-08-12,0.10599998474121097,-0.0813953731524778,0.020284259467861165,0.44256120695968937,,75.8,-0.07986366528047406,0.3671043054957831,0.7991329721939427,False,False,False
6498,75.19999694824219,2026-08-12,-0.013123360105634085,-0.12761021333451816,-0.29831800445415024,-0.08423177118295189,,4.1,-0.39846592920248547,0.5354040163107187,0.6191311673551265,False,False,False
6504,38.70000076293945,2026-08-12,-0.0025772803115310383,0.07799440440252181,-0.0012903028918850312,-0.08293838712613821,,37.3,-0.10143822764022026,0.43701164511958546,0.7258563750714858,False,False,False
6505,70.19999694824219,2026-08-12,0.038461516757525294,0.06042296351051735,0.37014214925455824,0.3444841143088262,,89.2,0.269994224506223,0.8439751928040095,0.7532188760395254,False,False,False
6506,17.299999237060547,2026-08-12,0.04848480224609375,-0.0003141177061868339,-0.0689948240435525,0.17647916425219812,,47.1,-0.16914274879188773,0.34862473653739495,0.8837802586354901,False,False,False
6508,26.350000381469727,2026-08-12,0.005725176113065222,0.06402640543635907,0.1124914570009834,0.14326244245408937,,70.4,0.01234353225264817,0.416400098572636,0.9169511109022553,False,False,False
6509,48.5,2026-08-12,0.057797199870674776,-0.016777292893859874,0.06576751116735302,0.42052004908923024,,78.4,-0.034380413580982205,0.35580766967861505,0.8720758346137719,False,False,False
6510,2825.0,2026-08-12,0.025408348457350183,0.04629629629629628,-0.31560575266865376,-0.14062441977740248,,3.0,-0.415753677416989,0.8439063363112237,0.6762467510502361,False,False,False
6512,20.299999237060547,2026-08-12,0.007444149943919953,-0.007335037666636457,0.057291584917243954,-0.012165450573309089,,53.1,-0.04285633983109127,0.5191721051650195,0.8884025776000813,False,False,False
6515,7170.0,2026-08-12,0.04139433551198257,0.02599711698231011,-0.3147040397485994,0.8496848868636016,,62.1,-0.4148519644969346,0.8523071041998075,0.6691078844054451,True,False,False
6516,60.79999923706055,2026-08-12,-0.03492064703078501,0.05008631493533655,0.12552772501861487,0.015323539737297054,,64.8,0.02537980027027964,0.7647892913170916,0.9288495960369345,False,False,False
6517,63.0,2026-08-12,-0.015625,-0.10256035723973878,0.12062903147335513,-0.07948325096003095,,57.9,0.020481106725019904,0.2161419050240129,0.7848498175154904,False,False,False
6525,143.0,2026-08-12,0.059259259259259345,-0.21212121212121215,0.2810690739786399,0.9036293105330697,,93.0,0.18092114923030467,0.5260936295568185,0.6470588235294118,False,False,False
6526,619.0,2026-08-12,-0.020569620253164556,-0.04179566563467496,-0.10562882518946426,0.4532244581196012,,63.5,-0.20577674993779949,0.624106760066217,0.8385472077285578,False,False,False
6530,87.5,2026-08-12,0.06577346682388852,0.14379084967320255,-0.2269160584987161,0.49566495425322876,,47.5,-0.3270639832470513,1.5649195549814081,0.6688479495303461,True,False,False
6531,878.0,2026-08-12,0.026900584795321647,0.02331002331002341,-0.15807157644559078,1.058265099024971,,83.1,-0.258219501193926,0.5229415778910422,0.7428780003226592,False,False,False
6532,86.4000015258789,2026-08-12,0.19337016167044951,0.18194259000520074,-0.19804969071653922,0.5605141835505827,,58.0,-0.29819761546487444,1.1037609817018579,0.7843636904130303,True,False,False
6533,254.5,2026-08-12,0.11378555798687096,0.13111111111111118,0.08993576017130622,0.06485355648535562,,63.8,-0.010212164577029004,3.0133494453268774,0.7818740399385561,False,False,False
6536,16.899999618530273,2026-08-12,0.024242401123046875,-0.105820107955935,-0.44224422296817956,0.13043477151462168,,3.2,-0.5423921477165148,0.8047346455360668,0.36344085201140375,False,False,False
6538,161.5,2026-08-12,0.03194888178913735,0.03525641025641035,0.9442118898933187,1.466975844807087,,97.9,0.8440639651449835,1.097725696638361,1.0,True,True,False
6546,68.0,2026-08-12,0.15059224628873857,0.05754271808142697,0.015743119408247797,0.1226633972634179,,57.3,-0.08440480534008743,0.6745220459382987,0.7821221618343975,True,False,False
6548,75.30000305175781,2026-08-12,0.012096794454578896,-0.06806930435976444,0.5194887230592988,0.31733137716793536,,92.1,0.4193407983109636,0.2455355188975383,0.7713612314491973,False,False,False
6552,25.299999237060547,2026-08-12,0.03476476268293194,-0.08499097337762074,-0.12456748889233416,-0.17049182829309684,,12.8,-0.22471541364066938,0.30436073653923107,0.6856368073404283,False,False,False
6555,15.800000190734863,2026-08-12,0.03267973815469505,-0.08670515101020027,-0.27522932368389874,-0.40151513564247276,,1.1,-0.37537724843223397,0.6003625201879869,0.47878788456772314,False,False,False
6556,62.09999847412109,2026-08-12,-0.04461540809044484,-0.06051437356032696,-0.06566870080010079,-0.05075199215557957,,27.9,-0.16581662554843601,4.936490094140789,0.825797885561918,False,False,False
6558,26.950000762939453,2026-08-12,0.054794581905434514,-0.07863245254907858,-0.11928103179830629,-0.24930363182541226,,9.9,-0.21942895654664152,0.3907861444346401,0.4812500136239188,False,False,False
6559,17.399999618530273,2026-08-12,-0.05945948007944468,0.017543814641410194,-0.3077115479897471,0.3684144683112591,,22.5,-0.4078594727380823,0.3074683608489545,0.3781532665868295,False,False,False
6560,32.45000076293945,2026-08-12,0.00309126100572632,-0.08073650242827635,-0.13925729161154154,-0.20853656675757426,,9.9,-0.23940521635987677,0.15300688882525293,0.6732365196950363,False,False,False
6561,329.0,2026-08-12,0.010752688172043001,0.021739130434782705,-0.026902571218077598,0.05052014558638995,,42.9,-0.12705049596641282,0.3525382073927773,0.7501645144619293,False,False,False
6565,19.0,2026-08-12,0.19496858212857493,0.06741577608840488,-0.17030566303479178,0.14457828695048391,,26.8,-0.270453587783127,0.8734890817334597,0.5654762161561974,True,False,False
6568,140.0,2026-08-12,0.01449275362318847,-0.09090909090909094,-0.33382986691612426,-0.04252156247694361,,3.6,-0.4339777916644595,0.262734871511871,0.5154308944167308,False,False,False
6570,57.29999923706055,2026-08-12,0.0070298365633560955,0.19374998410542799,0.33451095920581353,0.4559814474659891,,89.7,0.2343630344574783,1.197937355396656,0.8913718432418556,False,False,False
6573,16.850000381469727,2026-08-12,-0.04532573679042173,-0.29645094594136134,0.28136888747324473,0.030581039041850833,,79.6,0.1812209627249095,0.26645128360838494,0.6028622512172569,False,False,False
6577,80.4000015258789,2026-08-12,0.005000019073486239,0.022900802629792105,0.08346599676261479,0.21372707847034422,,71.1,-0.016681927985720435,0.3529136833202719,0.8516949176514365,False,False,False
6578,18.299999237060547,2026-08-12,-0.026595745760156553,0.14018692255165943,0.10574018614340552,-0.08728179883245524,,54.7,0.005592261395070297,0.654376687101517,0.7162426529749638,False,False,False
6579,160.0,2026-08-12,-0.10863509749303624,0.009463722397476282,0.10997234426740032,0.28408573446186725,,76.5,0.009824419519065097,1.2931191183238562,0.8719346049046321,False,False,False
6581,107.5,2026-08-12,-0.009216589861751112,-0.009216589861751112,0.004672897196261738,0.05481193038599397,,49.4,-0.09547502755207349,0.5505038690213974,0.9513274336283186,False,False,False
6582,31.700000762939453,2026-08-12,0.011164286354414354,-0.012460988479613744,0.030894333754128533,-0.03939391627456201,,45.2,-0.06925359099420669,0.6780156329392848,0.8475935687062649,False,False,False
6584,543.0,2026-08-12,0.11498973305954818,-0.19076005961251863,-0.1859070464767616,0.846938775510204,,75.7,-0.2860549712250968,1.1505464179894167,0.6745341614906832,False,False,False
6585,118.0,2026-08-12,-0.028806584362139898,-0.05976095617529875,0.33767089438758413,0.3465394323768707,,88.5,0.2375229696392489,0.6926331067744128,0.8097130620967073,False,False,False
6588,97.0999984741211,2026-08-12,0.03297870717150109,0.28439154013157486,-0.2671698228368219,0.43851849591290515,,36.3,-0.3673177475851571,1.0999519770962902,0.6087774199004458,True,False,False
6590,66.0,2026-08-12,0.010719707741626783,-0.014925373134328401,-0.022222222222222254,-0.05930792612609814,,35.6,-0.12237014697055748,1.8090968741260245,0.883790524913677,False,False,False
6591,44.29999923706055,2026-08-12,0.006818164478648692,-0.02850875615266335,-0.09275947629791759,-0.2834707326295173,,11.0,-0.1929074010462528,0.534540467915952,0.48321067674083484,False,False,False
6592,61.5,2026-08-12,0.02499999999999991,0.03361344537815136,0.11301888876615496,0.1019623676695216,,68.3,0.01287096401781973,0.49618266361704866,0.9269989563837403,False,False,False
6593,32.5,2026-08-12,0.003086372512705715,-0.05797101449275366,-0.07407403382191169,-0.08707861255596938,,23.7,-0.17422195857024692,0.3279253618554903,0.5776066376817469,False,False,False
6597,67.9000015258789,2026-08-11,0.06093752384185791,0.010416735259316523,-0.10475464012144242,0.1103930260674062,,36.0,-0.20490256486977765,0.41754755602696303,0.8693982439497484,False,False,False
6599,38.150001525878906,2026-08-12,-0.005215044490214038,-0.05334982014601297,-0.13142622993960162,-0.3843699002943094,,4.7,-0.23157415468793685,0.00017252906036360503,0.6146829962679412,False,False,False
6603,27.700000762939453,2026-08-12,0.0355140472126898,0.12601627371537938,0.24215254307742762,0.04331455965820319,,77.4,0.1420046183290924,1.580689345841087,0.8064047159655138,True,True,False
6606,26.850000381469727,2026-08-12,0.02873563176391669,0.06547617335618727,0.1142028534467856,0.07563432751712829,,66.2,0.014054928698450375,1.045790054288397,0.9907749078789333,False,False,False
6609,39.59999847412109,2026-08-12,0.03664915401100921,-0.13819373630870324,-0.02222225989824478,-0.0604982908527818,,35.5,-0.12237018464658,0.24859921292965642,0.7528517038570651,False,False,False
6613,266.5,2026-08-12,-0.10869565217391308,-0.255586592178771,0.07950641476248643,0.40951090007018776,,78.8,-0.020641509985848794,1.6266630867451495,0.6975271800599897,False,False,False
6614,36.150001525878906,2026-08-12,0.009776600454673545,-0.05118102431333926,-0.06413012992451039,-0.19065331355795123,,17.3,-0.16427805467284562,0.4805349857787995,0.5022044730059901,False,False,False
6616,8.710000038146973,2026-08-12,-0.006841552620853508,-0.030066761453544144,-0.09270836541222094,-0.11842105898195654,,18.4,-0.19285629016055617,0.35290426272430314,0.8027649522503635,False,False,False
6618,19.899999618530277,2026-08-12,0.05291005397796744,-0.11555557250976545,0.03376621394962487,0.0,,49.7,-0.06638171079871036,0.40670523261486474,0.6297468157690168,False,False,False
6624,40.09999847412109,2026-08-12,-0.009876580885899044,0.0075376694173698855,-0.13203467939575542,-0.3830769465519833,,4.8,-0.23218260414409064,0.20420861971087786,0.5531034272292563,False,False,False
6625,77.69999694824219,2026-08-12,0.013037810166730557,-0.003846192971253992,0.07916662428114152,-0.008720940418684542,,57.0,-0.02098130046719371,0.771470880788342,0.9125888099626301,False,False,False
6629,114.0,2026-08-12,0.09615384615384626,0.08056872037914697,-0.060794393959650694,-0.07546946248597242,,26.7,-0.16094231870798592,0.8734765822624466,0.7759811673207523,False,False,False
6638,48.95000076293945,2026-08-12,-0.047665383077973744,0.019791682561238533,0.16547620864141566,0.8471698401109227,,90.2,0.06532828389308043,0.37532848453544276,0.7316890829068836,False,False,False
6639,5.079999923706055,2026-08-12,0.12638573523211072,-0.14333894253597446,-0.3226666768391927,-0.46861927816633575,,0.7,-0.4228146015875279,1.9318053149381496,0.4703703549990768,False,False,False
6640,1000.0,2026-08-12,0.098901098901099,0.09409190371991238,-0.3057285278198867,0.26863118148944465,,15.9,-0.4058764525682219,0.9592002479472348,0.5759297500688452,False,False,False
6641,17.899999618530273,2026-08-12,-0.0027855789573232315,0.0,-0.003657421194251498,-0.1613353997996626,,28.7,-0.10380534594258672,0.2312097659633334,0.6721649548036949,False,False,False
6642,86.0,2026-08-12,0.11688311688311681,0.10539841422354446,0.35433070866141736,0.6311719876740951,,92.1,0.25418278391308213,1.005660967511705,0.9357997668344165,True,False,False
6643,456.5,2026-08-12,0.10265700483091789,0.08866489101518749,-0.2835937782117488,-0.023915600947752358,,6.1,-0.38374170296008403,1.3112494217426809,0.656791387987033,True,False,False
6648,16.049999237060547,2026-08-12,0.006269556676566257,0.04220776848254948,-0.055882397819967844,-0.3528225914992853,,11.1,-0.15603032256830307,0.27126570373898135,0.542229696966768,True,False,False
6651,138.0,2026-08-12,0.1499999999999999,0.01098901098901095,0.07392996108949412,0.6824256034681455,,84.7,-0.026217963658841104,0.6212000406512812,0.8165680473372781,True,False,False
6654,181.0,2026-08-12,0.07100591715976323,0.008356545961002881,0.846938775510204,1.031425399547802,,97.3,0.7467908507618688,0.24023582959933323,0.7956043956043956,False,False,False
6655,117.5,2026-08-12,-0.02083333333333337,0.017316017316017396,-0.10094424158574211,0.014701849765229813,,27.2,-0.20109216633407734,0.7093537847051942,0.8702603012336922,False,False,False
6658,167.0,2026-08-12,0.10231023102310233,-0.04571428571428571,-0.1291564344284436,2.189237293914215,,95.7,-0.22930435917677883,0.26686266734598724,0.6498054474708171,False,False,False
6664,366.5,2026-08-12,0.04119318181818188,-0.0174678337469395,-0.18705265199348398,0.35296621311202436,,41.6,-0.2872005767418192,0.47852974109037455,0.7850022805939819,False,False,False
6667,229.5,2026-08-12,-0.004338394793926281,-0.0874751491053678,-0.051254065070779786,-0.016115338233182674,,34.1,-0.151401989819115,0.35827832905482165,0.7942989024578172,False,False,False
6668,37.54999923706055,2026-08-12,0.05182068444215826,0.0416088774409169,0.001333312988281321,0.01486484424487955,,44.7,-0.0988146117600539,0.4316090505847332,0.7686796399175558,True,False,False
6669,6025.0,2026-08-12,-0.02429149797570851,0.22833843017329247,0.1406612474041109,0.7341242333222895,,88.4,0.040513322655775674,0.800772528429588,0.9616919393455706,False,False,False
6670,264.0,2026-08-12,0.02127659574468077,0.01538461538461533,0.0630673475113297,0.04129131528396712,,58.2,-0.03708057723700553,0.40304480883617916,0.9304050814415487,False,False,False
6671,23.0,2026-08-12,0.0,0.00043498168688094196,-0.170872379604461,-0.35524564842741124,,3.8,-0.2710203043527962,1.1469163778547944,0.5992704366834319,False,False,False
6672,268.0,2026-08-12,0.20993227990970653,0.0248565965583174,0.37435897435897436,2.050119500429594,,97.5,0.27421104961063913,0.9736996319970151,0.8507936507936508,True,False,False
6673,14.550000190734863,2026-08-12,0.03191487922628178,-0.026755827667795495,-0.3104265437116841,0.5315789674457752,,36.8,-0.4105744684600193,0.4372588928498714,0.35793357059216674,False,False,False
6674,15.300000190734863,2026-08-12,-0.00649346949821239,-0.06422019365362708,-0.11046514464688217,-0.23880597510634893,,11.3,-0.2106130693952174,0.4674008413215144,0.5057851302722269,False,False,False
6679,212.0,2026-08-12,-0.08423326133909292,-0.0997876857749469,-0.3139838134602765,0.1744298530495243,,11.5,-0.4141317382086117,0.8419018995586743,0.6254561732862907,False,False,False
6680,51.20000076293945,2026-08-12,-0.07809458118293411,0.059959567331433705,-0.03064357774980997,-0.2152829016712149,,19.7,-0.1307915024981452,0.645918890756411,0.7126079694725518,False,False,False
6682,39.95000076293945,2026-08-12,0.0,-0.05106883109516591,-0.20099998474121095,0.5306513478560269,,55.2,-0.3011479094895462,0.2674403602776568,0.5634696742334692,False,False,False
6683,1270.0,2026-08-12,0.06276150627615062,-0.1589403973509934,-0.33690647069797275,1.2160678036862609,,78.1,-0.437054395446308,0.6428019230616443,0.49764328510845096,False,False,False
6684,50.0,2026-08-12,0.04275285097899295,-0.013806720954748775,0.09051257718626271,0.0030090577827557308,,59.7,-0.009635347562072516,0.1848005878793776,0.7320643889592501,False,False,False
6689,62.29999923706055,2026-08-12,0.02635911785849565,0.030066079982834282,-0.034698625609269396,0.07291408742587491,,43.4,-0.13484655035760462,0.6129319444760007,0.7541770369502888,False,False,False
6690,163.0,2026-08-12,-0.00911854103343468,0.003076923076922977,0.029448716534071107,0.05471128791490809,,53.9,-0.07069920821426412,0.23708458588140882,0.9168956537965228,False,False,False
6691,733.0,2026-08-12,0.05014326647564471,0.039716312056737646,0.15070643642072223,0.23608768971332217,,77.9,0.05055851167238701,0.8096043548108134,0.9196988707653702,False,False,False
6692,23.600000381469727,2026-08-12,0.03508777066574664,-0.028806538171541773,-0.19365463943257344,-0.2507972225019317,,5.0,-0.29380256418090867,1.0568531419370173,0.6767336093386767,False,False,False
6693,184.5,2026-08-12,0.08211143695014655,-0.15560640732265452,0.26675103717051507,1.1681787628835107,,94.2,0.16660311242217984,1.0042090764993516,0.6688811885131637,False,False,False
6695,51.0,2026-08-12,-0.001956917360217303,-0.026717585593723392,0.013916516372900922,0.1929824561403508,,62.1,-0.0862314083754343,0.2474339811766212,0.7402031766406326,False,False,False
6697,41.29999923706055,2026-08-12,0.03249998092651363,0.018495684688312863,0.022277170227459786,-0.016171466488364095,,45.9,-0.07787075452087544,0.4141409064481599,0.7596111458919258,True,False,False
6698,32.54999923706055,2026-08-12,-0.04405286442319145,-0.1556420264266003,0.09876902733206294,-0.04177119422456488,,57.4,-0.0013788974162722845,0.12522615147820917,0.6903260599860022,False,False,False
6705,110.5,2026-08-12,0.1693121693121693,0.15949629025706358,0.1271402675401061,0.9978412462120079,,91.1,0.026992342791770874,2.192667485765029,0.7732259446374201,True,True,False
6706,124.0,2026-08-12,0.06437768240343344,-0.015873015873015928,-0.24390243902439024,0.05531914893617018,,12.3,-0.34405036377272546,0.5986674284035155,0.5727482678983834,True,False,False
6708,38.0,2026-08-12,-0.02564102564102566,-0.011703530663468631,-0.10482922692487873,-0.09952608263049945,,18.1,-0.20497715167321395,0.232159727553048,0.7851239421899987,False,False,False
6715,396.5,2026-08-12,0.06729475100942128,0.07891156462585025,-0.18228174054593005,2.039914384110522,,94.1,-0.2824296652942653,0.8645706383152957,0.6998748656677827,False,False,False
6716,109.0,2026-08-12,0.30695441253891875,0.20441988950276246,0.17263184246003327,0.9802583317237585,,91.8,0.07248391771169804,1.1949684303297405,0.942097418538567,True,False,False
6719,206.0,2026-08-12,-0.04629629629629628,-0.1375456647513318,0.009299020815739745,0.03664456327011201,,48.6,-0.09084890393259548,0.28730313736136764,0.6734042929946663,False,False,False
6720,138.5,2026-08-12,0.022140221402213944,0.0036231884057971175,-0.14241486068111453,-0.11373120932486946,,13.6,-0.24256278542944976,0.2871766271521339,0.7897199949223973,False,False,False
6721,51.59999847412109,2026-08-12,0.0019417179440988086,-0.04797052125866719,-0.05581858377429394,-0.11253073045632878,,24.8,-0.15596650852262917,1.084119966405155,0.8691272630005288,False,False,False
6723,29.850000381469727,2026-08-12,-0.07441859282264418,-0.14309932000948344,-0.15440406439411503,-0.26495212136737156,,6.5,-0.25455198914245025,1.1221321114198022,0.5826924955745149,False,False,False
6725,246.5,2026-08-12,-0.014000000000000012,-0.17983909749028482,-0.1758383125999935,0.019837902919525252,,16.4,-0.2759862373483287,0.2821269395379814,0.6196325644877799,False,False,False
6727,395.0,2026-08-12,-0.029484029484029506,-0.05713371814727808,-0.22914307249796195,1.308114867560814,,85.3,-0.3292909972462972,0.5241235985553964,0.6050058671269626,False,False,False
6728,105.5,2026-08-12,0.009569377990430672,0.033712179090213956,0.005899251174747322,-0.19600166519760265,,27.5,-0.0942486735735879,0.9008521296615335,0.7708437994107556,True,False,False
6729,41.0,2026-08-12,-0.06071022756569189,-0.2038834951456311,-0.2844677042598984,0.08322329333864142,,10.1,-0.38461562900823365,0.288386925801526,0.5578231292517006,False,False,False
6732,156.5,2026-08-12,-0.018808777429467072,-0.24029126213592233,-0.06464181117087398,-0.12310170297088618,,22.1,-0.1647897359192092,0.32402683780204383,0.6290420849952707,False,False,False
6735,65.5,2026-08-12,-0.012066410481659906,-0.11741806921015896,-0.5185916516191792,0.07109462804975908,,1.0,-0.6187395763675144,0.5822685985032374,0.45650788390815367,False,False,False
6737,29.950000762939453,2026-08-12,-0.00498337596774967,-0.0016666412353515403,-0.12298683968598623,-0.3033724783428896,,7.7,-0.22313476443432145,0.14261793279583354,0.5263531101355455,False,False,False
6738,77.80000305175781,2026-08-12,0.010389650022828656,0.19508456029665333,0.12753627611243212,0.0318302583197585,,65.7,0.027388351364096897,2.0303058803493554,0.9373494343585279,False,False,False
6739,1030.0,2026-08-12,-0.014354066985645897,-0.05069124423963134,-0.2163020497562972,0.09717712015061841,,16.1,-0.3164499745046324,0.5924633652188338,0.609542875351438,False,False,False
6741,55.79999923706055,2026-08-12,-0.007117464776667415,-0.02617801081975979,-0.12452772664377942,-0.12849507338388044,,14.2,-0.22467565139211465,0.6800676768111654,0.654865203996407,False,False,False
6742,44.29999923706055,2026-08-12,-0.027442371480501992,-0.15458019185014704,0.04358064642807302,-0.008948579844556659,,51.0,-0.056567278320262204,0.09946532547255704,0.6248236711375922,False,False,False
6743,27.5,2026-08-12,0.041666681718344645,0.0023637506326510405,0.029409003287658386,0.09989107829134958,,57.6,-0.07073892146067684,0.9852363540478887,0.8733040647447895,False,False,False
6750,59.0,2026-08-12,0.07272727272727275,-0.04684978116949623,-0.14004362473387855,0.13771601088629692,,31.7,-0.24019154948221377,0.32804913572122374,0.8391229476978299,False,False,False
6751,42.20000076293945,2026-08-12,0.029268311291206217,0.03685503616417285,-0.06411286471227362,-0.2980846633797397,,12.6,-0.16426078946060885,0.16314753900245854,0.6454394394219184,True,False,False
6752,100.5,2026-08-12,0.021341447576795014,0.03076923076923066,0.004999999999999893,-0.10328666014659338,,36.4,-0.09514792474833533,0.6866993822120858,0.6877191355772023,False,False,False
6753,142.0,2026-08-12,0.05970149253731338,-0.0984126984126984,0.109375,-0.02405498281786944,,60.5,0.009227075251664774,0.7217168424876844,0.6977886977886978,False,False,False
6754,41.95000076293945,2026-08-12,-0.0011904580252510844,0.003588553316190346,0.020933377821275467,0.019786297196087155,,49.1,-0.07921454692705976,0.4341736428510343,0.8660399098721441,False,False,False
6755,13.350000381469728,2026-08-12,0.01908396890992692,-0.10999997456868482,-0.34878046919659866,-0.23275858194545385,,1.3,-0.4489283939449339,0.3324063794410306,0.4611398973971643,False,False,False
6756,98.1999969482422,2026-08-12,-0.011077603924566248,0.01132851175496441,-0.037254931879978415,0.27108828096199367,,60.7,-0.13740285662831364,0.7392160980395512,0.8728888617621529,False,False,False
6757,55.70000076293945,2026-08-12,-0.01763668406603669,0.01640053254204732,0.09886314855966605,-0.13846520121665196,,48.9,-0.0012847761886691789,0.37188050725124866,0.7116624073430174,False,False,False
6761,178.5,2026-08-12,0.17821782178217815,0.04692082111436946,-0.06052631578947365,0.29825673534072905,,59.1,-0.16067424053780888,1.106753659087547,0.7760869565217391,True,False,False
6763,43.25,2026-08-12,0.024881498058707763,0.012880543963313063,-0.009366594529908845,-0.14581224746875443,,29.1,-0.10951451927824407,0.35088753851972143,0.6778666216099951,False,False,False
6768,65.5999984741211,2026-08-12,-0.006060629179983401,-0.06552704663951237,-0.17122296985207874,-0.312482538847915,,4.5,-0.27137089460041397,0.8963419041022789,0.5650447333276992,False,False,False
6770,73.69999694824219,2026-08-12,0.11497728668021945,0.06502890460191435,0.18488739620972416,0.06043161076607473,,73.7,0.08473947146138894,1.2811321255477783,0.830890636797285,False,False,False
6771,40.0,2026-08-12,0.05263157894736836,0.026957617881733453,0.03102922296315702,-0.03556293610941097,,45.7,-0.0691187017851782,1.3672460457025306,0.7930994082780265,True,True,False
6775,32.04999923706055,2026-08-12,0.04567698649117968,0.0846023710506425,-0.46672212893880194,0.3382045184171827,,5.9,-0.5668700536871372,0.23887877652882722,0.44329181029379394,False,False,False
6776,53.79999923706055,2026-08-12,0.0,-0.009208103260133105,-0.01824817543653745,-0.09641309877256665,,33.0,-0.11839610018487268,0.4449103553611771,0.7720442975998515,False,False,False
6781,1145.0,2026-08-12,0.07511737089201875,0.08018867924528306,-0.017649824310272066,0.030163775770595924,,42.7,-0.11779774905860729,1.4438709295323504,0.7760566713054357,False,False,False
6784,19.799999237060547,2026-08-12,-0.0616114275311036,-0.041162246836410676,-0.23255814641192962,0.028571388938210207,,12.1,-0.33270607116026485,0.9871347048965143,0.48410754274745865,False,False,False
6786,62.59999847412109,2026-08-12,0.14233575448273905,0.011308512616910571,-0.3586065629835061,-0.19846351220014458,,1.5,-0.45875448773184135,0.5596373056112377,0.4536231773487035,False,False,False
6787,31.649999618530277,2026-08-12,-0.024653347476122134,-0.03062792834959016,-0.14690024473700258,0.22912619877787477,,39.2,-0.2470481694853378,0.5770842238771857,0.6374622083754308,False,False,False
6788,363.5,2026-08-12,0.012534818941504211,-0.025469168900804307,-0.15043385321064928,0.2057042540585785,,36.4,-0.2505817779589845,0.355680584917354,0.7204255888463168,False,False,False
6789,452.5,2026-08-12,-0.0022050716648290836,-0.06120331950207469,-0.20586015766553467,0.596638981219179,,59.8,-0.3060080824138699,0.6288630668774002,0.7447497910283375,False,False,False
6791,101.0,2026-08-12,-0.009803921568627416,-0.042654028436018954,-0.1293103448275862,-0.059296166465485634,,17.4,-0.22945826957592141,0.27018284375923196,0.6793972077440863,False,False,False
6792,58.59999847412109,2026-08-12,0.04830048076102855,0.02447548413476075,0.02217973353497915,0.08606600753165838,,55.4,-0.07796819121335608,0.25680718304274763,0.8354353676915901,True,False,False
6793,5.590000152587891,2026-08-12,0.025688137288509605,-0.11269841534150093,-0.06833330790201819,-0.13198756165841297,,20.5,-0.16848123265035342,0.40831048001816567,0.6817073515382012,False,False,False
6799,85.5,2026-08-12,-0.017241379310344862,-0.06147089536683026,-0.09427967565698658,0.0,,27.1,-0.1944276004053218,0.7838699137337656,0.7668161434977578,False,False,False
6803,268.5,2026-08-12,-0.005555555555555536,-0.007393715341959317,-0.009076902284092414,-0.039257281974815816,,39.4,-0.10922482703242764,0.6505770295750021,0.9172842480745879,False,False,False
6804,19.549999237060547,2026-08-12,0.08611106872558594,0.23734170892761686,0.3445780401446499,0.1725970171382758,,85.7,0.24443011539631465,2.6498981663385117,0.9468860189914305,False,False,False
6805,1835.0,2026-08-12,0.1468750000000001,0.39015151515151514,0.030898876404494402,0.28771929824561404,,69.5,-0.06924904834384082,1.7835823900682808,0.8284424379232506,True,False,False
6806,3.509999990463257,2026-06-22,,,,,,,,,,False,False,False
6807,38.45000076293945,2026-08-12,0.09232954345335642,0.1546547040201527,0.13421826053863528,-0.09864987557901339,,58.5,0.034070335790300055,0.6920818485398597,0.8064245060494016,True,True,False
6811,227.5,2026-08-12,-0.07520325203252032,0.050808314087759765,0.1500547704266384,0.16124748990549076,,75.2,0.04990684567830317,0.6658334129234866,0.9073625898062535,False,False,False
6812,55.70000076293945,2026-08-12,-0.04130805119126879,-0.17967600130744676,-0.203147359842077,0.14139347610150743,,21.0,-0.3032952845904122,0.37024480139498467,0.5355769304128793,False,False,False
6818,46.650001525878906,2026-08-12,-0.008501545540229638,-0.1131178159856705,-0.20529532862637168,-0.01221279275036824,,12.7,-0.3054432533747069,0.24093830950781928,0.47128753607585355,False,False,False
6819,45.20000076293945,2026-08-12,0.18324606963859535,0.24861877929057807,-0.35795454853329767,1.1023256168809046,,71.4,-0.4581024732816329,0.761569245244477,0.6420454514667023,True,False,False
6820,286.0,2026-08-12,0.023255813953488413,0.13492063492063489,0.024288752729681118,2.8120997833851167,,97.6,-0.07585917201865411,1.082754466444024,0.6792139955227593,False,False,False
6821,42.75,2026-08-12,0.0035211627054407835,-0.122176605127846,-0.14414415721654028,0.1412893839414524,,31.4,-0.2442920819648755,0.09647537801101067,0.59375,False,False,False
6823,62.79999923706055,2026-08-12,-0.0654761593898664,-0.030864254946096237,-0.22084366717172754,0.024469820859200464,,13.0,-0.32099159192006277,0.8934216201856194,0.5952606562754554,False,False,False
6825,44.150001525878906,2026-08-12,0.024362020624856484,0.036385049466596264,-0.028602843019544744,0.2298050041600388,,58.7,-0.12875076776787997,1.1273576832376533,0.9413646074513967,False,False,False
6826,487.0,2026-08-12,0.02742616033755274,-0.05436893203883497,-0.0970942396616602,-0.0003866779577715862,,27.0,-0.19724216440999542,0.6387397529781877,0.7863100395992789,False,False,False
6829,211.0,2026-08-12,0.12234042553191493,-0.17738791423001954,0.05976511053385236,0.9509313417455494,,89.0,-0.040382814214482865,0.6376151539680962,0.7719511907828284,False,False,False
6830,432.0,2026-08-12,0.0679851668726823,0.13984168865435365,-0.405777166437414,1.4512949374746258,,80.6,-0.5059250911857492,1.2598169651603204,0.4430769230769231,True,False,False
6831,678.0,2026-08-12,0.13567839195979903,-0.014534883720930258,-0.06094182825484762,1.869893541122749,,94.6,-0.16108975300318285,0.9766571001014954,0.7092050209205021,False,False,False
6832,69.30000305175781,2026-08-12,0.04210530904898957,-0.0881578545821341,-0.3028168814090463,0.23750005449567513,,14.7,-0.4029648061573815,0.3936219360156568,0.49677421542478717,False,False,False
6833,22.850000381469727,2026-08-11,0.048165191796160745,-0.008676740226058466,-0.1245210709769724,-0.010822510643789585,,21.5,-0.22466899572530763,0.15246610020990467,0.7277070273588511,False,False,False
6834,107.0,2026-08-12,0.17324565329453478,-0.09322033898305082,1.2303615305485271,2.4602876121001107,,98.7,1.130213605800192,1.2839574775408822,0.8106060606060606,True,False,False
6835,31.25,2026-08-12,0.016260162601626105,-0.050152019737173203,-0.15338298527163363,-0.13633707819206842,,11.9,-0.25353091001996886,0.1498894605608068,0.723767044903861,False,False,False
6839,12.100000381469728,2026-08-12,0.0041493933563012675,-0.028112404269672653,0.02109704573435578,0.06140357775114591,,53.2,-0.07905087901397945,0.4978893476550517,0.666666701696027,False,False,False
6840,68.80000305175781,2026-08-12,0.0029155186892921847,0.13907286943163166,0.1398708907421391,-0.014469917234197993,,64.8,0.03972296599380387,0.970518611092953,0.8626430638994118,True,False,False
6854,95.3000030517578,2026-08-12,-0.011410772372506761,-0.10516429059382348,-0.3517006595118517,-0.21239666899373721,,1.5,-0.4518485842601869,0.3241916508627199,0.500262483211327,False,False,False
6855,118.0,2026-08-12,0.03508771929824572,0.03943684840703665,0.1780283806925007,0.03943684840703665,,71.6,0.07788045594416548,1.0960878951196058,0.9300224169945833,True,False,False
6858,22.399999618530277,2026-08-11,0.04918029125525791,-0.03030306283029216,-0.07053944962783343,-0.07053944962783343,,25.5,-0.17068737437616865,0.5652692816821374,0.6787878672281902,False,False,False
6859,101.5,2026-08-12,0.018054193649496675,-0.07727272727272727,-0.11837263978707047,-0.017615173250096205,,21.7,-0.2185205645354057,0.31642932646815625,0.7420892501265095,False,False,False
6862,146.0,2026-08-12,0.01388888888888884,-0.12574850299401197,-0.07504877421141032,-0.2507894766926435,,13.5,-0.17519669895974554,0.14941088892741913,0.6572022369005064,False,False,False
6863,117.0,2026-08-12,-0.1333333333333333,0.12976188651979004,0.049778741373706525,0.09837965010538352,,60.8,-0.0503691833746287,1.627179906554226,0.7531745910131934,False,False,False
6869,67.30000305175781,2026-08-12,0.018199745067595918,-0.016462414010178006,-0.15850246635496512,-0.3579685152854606,,4.2,-0.25865039110330035,0.5892587520371567,0.507980944781698,False,False,False
6870,257.0,2026-08-12,0.015810276679841806,-0.0465783586233709,0.4950250606566775,0.4277489722141361,,92.7,0.3948771359083423,0.34828699331762325,0.8653023496107238,False,False,False
6873,74.9000015258789,2026-08-12,-0.03974357018103969,-0.1249999665768341,-0.14006885375396438,-0.36255317850315827,,4.9,-0.2402167785022996,0.8400185175873494,0.4104109672650899,False,False,False
6874,78.9000015258789,2026-08-12,0.02600780182464546,-0.04825090381634456,-0.028325067842420282,0.2444794893841309,,60.1,-0.1284729925907555,0.7735413812555403,0.8393617183604138,False,False,False
6877,127.5,2026-08-12,0.020000000000000018,-0.05176254571906169,-0.189797143854194,0.4697136193402256,,52.1,-0.2899450686025292,0.21186102053372918,0.6882368304851593,False,False,False
6878,24.799999237060547,2026-08-12,0.07826083639393677,1.746400882660986,1.530612117794346,0.7971013691514972,,98.4,1.4304641930460107,2.673828109995051,0.8537005125088588,False,False,False
6881,199.0,2026-08-11,-0.0050000000000000044,-0.07870370370370372,-0.2113431633960431,-0.052212847868539525,,10.4,-0.3114910881443783,0.6856018060297372,0.777185415044509,False,False,False
6882,14.199999809265137,2026-08-12,-0.04054056579305587,-0.16470589357263898,-0.2900000095367432,-0.25263158898604543,,2.4,-0.39014793428507843,0.4267729631679609,0.6004228346007725,False,False,False
6884,31.100000381469727,2026-08-12,-0.01269840058826266,-0.06606603321306914,-0.034558382153037526,-0.11588630498017582,,27.5,-0.13470630690137275,0.8679149323447141,0.47846154433030347,False,False,False
6887,35.599998474121094,2026-08-12,-0.04043126850925105,0.05062325383046984,0.03910955029907326,-0.37413367117667684,,18.7,-0.06103837444926197,0.4916282935865866,0.5023509872423886,False,False,False
6890,179.5,2026-08-12,0.04664723032069973,0.008426966292134797,0.1620422889434956,-0.1659118754821437,,57.5,0.06189436419516037,0.1574895853719861,0.6493765468197932,True,False,False
6894,338.5,2026-08-12,-0.043785310734463234,-0.01741654571843254,-0.0369843527738265,0.515804549203319,,74.3,-0.13713227752216173,0.3973518929656462,0.8276283618581907,False,False,False
6895,117.5,2026-08-12,-0.008438818565400852,-0.07114624505928857,-0.2467948717948718,-0.3561159320435271,,2.2,-0.34694279654320703,0.3083077487114516,0.35077969365449024,False,False,False
6898,74.30000305175781,2026-08-12,0.004054095294024451,-0.12997656060647078,-0.26798026549992304,-0.365320405450946,,1.6,-0.36812819024825827,0.4787607558165418,0.5780539129584176,False,False,False
6899,50.79999923706055,2026-08-12,-0.003921583587048083,-0.03605315936190756,-0.15289672430317724,0.012666125793904914,,18.9,-0.25304464905151247,0.1310348798766061,0.8073753361963399,False,False,False
6901,16.899999618530273,2026-08-12,-0.039772769759508275,-0.10106381359765126,0.1859648855108964,-0.005882375380572125,,70.2,0.08581696076256118,0.9808764013696252,0.800947834739001,False,False,False
6902,130.0,2026-08-12,0.05691056910569103,0.0,0.28712871287128716,0.6352201257861636,,90.7,0.18698078812295194,0.5053279133317392,0.8813559322033898,False,False,False
6903,324.0,2026-08-12,0.014084507042253502,-0.1428571428571429,-0.19217210985811395,0.24749304802730365,,32.5,-0.2923200346064492,0.47643260302667767,0.7631553656378558,False,False,False
6904,122.0,2026-08-11,0.004115226337448652,0.007936464414180833,0.11403509505270049,-0.04150947603348709,,60.0,0.01388717030436526,0.485468315101301,0.9584905239665129,False,False,False
6906,71.30000305175781,2026-08-12,-0.011095637160802752,-0.04166664530299513,0.1272783505179509,-0.0825797895185314,,58.6,0.027130425769615663,0.3060750938586899,0.5653868745467511,False,False,False
6908,33.70000076293945,2026-08-12,0.02587526113549088,-0.08174386751047358,-0.10714038819785376,-0.4428556130468707,,4.4,-0.207288312946189,0.678526481781929,0.4981620298624754,False,False,False
6909,41.900001525878906,2026-08-12,0.018226001754297227,-0.11603375153895668,-0.18514861952045147,-0.001211404112117731,,14.5,-0.2852965442687867,0.2267264463259642,0.6391948025647323,False,False,False
6914,147.5,2026-08-12,0.00340136054421758,0.027874564459930307,0.02076124567474058,0.04982206405693956,,52.2,-0.07938667907359465,0.9516373953408797,0.9516129032258065,False,False,False
6916,18.950000762939453,2026-08-12,0.046961346052784236,-0.028205089080028056,0.046961346052784236,0.046961346052784236,,56.3,-0.05318657869555099,0.19307228779807947,0.8497758480388777,False,False,False
6920,80.0999984741211,2026-08-12,-0.002490716936932147,-0.13217772669839978,-0.2147058973125383,1.5755626203093867,,89.9,-0.31485382206087353,0.3719318086265406,0.6114503700314587,False,False,False
6921,63.900001525878906,2026-08-12,0.0015674340127620479,-0.027397191871733284,-0.19318176782711172,-0.15364236389564367,,8.0,-0.29332969257544694,1.235416859597928,0.6144230915949895,False,False,False
6922,204.0,2026-08-12,0.04884318766066831,0.14929577464788735,0.13825350311085383,0.3089914895712711,,79.3,0.0381055783625186,1.5980603607192958,0.926719636225633,False,False,False
6923,77.30000305175781,2026-08-12,0.05027180236882334,0.001295415899856378,0.008130522988057942,-0.15423156931686532,,32.2,-0.09201740176027728,0.5768517340638599,0.6427839944414816,False,False,False
6924,116.0,2026-08-12,0.07407407407407418,0.0,0.007454353514730894,0.897873099463711,,86.6,-0.09269357123360433,0.6591275876376156,0.6247778769648366,False,False,False
6925,53.79999923706055,2026-08-12,0.015094325227557492,-0.05614036426209568,-0.10529322479457381,-0.3484428986135014,,7.2,-0.20544114954290904,0.13394710270584437,0.36316297564346994,False,False,False
6927,75.69999694824219,2026-08-12,-0.063118885035793,0.016107341587143553,0.12148143627025454,0.7811763987821692,,88.6,0.021333511521919313,0.7635709953191014,0.936881114964207,False,False,False
6928,48.400001525878906,2026-08-12,-0.018255531949482928,-0.13571425846644813,0.04535642167219356,-0.04158412820041768,,48.5,-0.05479150307614167,0.22462086816743584,0.6302083281593193,False,False,False
6933,194.0,2026-08-12,0.17220543806646527,0.20870791775033637,0.16925454456999955,0.438097808419432,,83.9,0.06910661982166433,1.9065452955908837,0.8603466902426588,True,True,False
6937,291.5,2026-08-12,0.12115384615384617,0.15674603174603186,-0.023153075457425065,0.41572020357772055,,70.6,-0.12330100020576029,0.9224154824802292,0.8337242486430851,True,False,False
6940,20.899999618530277,2026-08-12,-0.011820331182463284,-0.10874204952859601,-0.014150996868529386,-0.2201492457645826,,22.4,-0.11429892161686461,0.49666618893889264,0.4964370635637322,False,False,False
6944,747.0,2026-08-12,-0.0508259212198221,0.007505635647719222,0.0869584678837485,0.42176655323216306,,79.7,-0.013189456864586724,0.42032292872575855,0.9010856453558505,False,False,False
6947,75.19999694824219,2026-08-12,-0.0704574100139338,-0.08737869471246862,-0.043257017708446255,-0.07160497594762727,,29.9,-0.14340494245678148,0.49143594576715466,0.7999999675344913,False,False,False
6951,72.30000305175781,2026-08-12,0.015449524587975105,0.005563303440750733,0.07201870615744355,0.10229382587897895,,63.9,-0.02812921859089168,0.45485656715058176,0.9823370183517004,False,False,False
6952,38.79999923706055,2026-08-12,0.06887052486347223,0.10227268170719395,0.05434782721369835,-0.1181818355213512,,42.4,-0.045800097534636874,1.4752237555230792,0.7862208801770701,False,False,False
6953,220.0,2026-08-12,0.023255813953488413,-0.011235955056179803,-0.15547024952015354,-0.030217325884435486,,15.9,-0.25561817426848876,0.2709894601851481,0.7521367521367521,False,False,False
6957,218.0,2026-08-12,0.021077283372365363,-0.012387967885918894,0.4286212263554272,0.24126097192280738,,89.4,0.328473301607092,0.3768979205125058,0.8978291370304069,False,False,False
6958,17.399999618530273,2026-08-12,-0.022762788716654936,0.06555902827338445,0.08453027481882702,0.19831713528648653,,70.3,-0.015617649929508204,0.7188492396232634,0.8785738548269835,False,False,False
6959,113.0,2026-08-12,0.08653846153846145,-0.025862068965517238,-0.025862068965517238,0.49273453838129844,,74.3,-0.12600999371385246,0.50365535554103,0.5317647058823529,False,False,False
6962,34.0,2026-08-12,0.08974356309588605,0.037356320166835655,-0.05593609482397388,-0.13169427877956075,,23.0,-0.1560840195723091,0.5612337508514914,0.7111502608698428,False,False,False
6965,75.5,2026-08-12,-0.009186312024627163,-0.03821656050955413,0.02948265561220964,-0.032459738684222805,,45.7,-0.07066526913612559,0.557174740891355,0.7882607649747414,False,False,False
6968,43.900001525878906,2026-08-12,0.010356749252885544,0.0281030618617919,0.009195437376526616,-0.10133054458260637,,37.6,-0.09095248737180861,1.3708997514231345,0.6848674348034895,False,False,False
6969,33.25,2026-08-12,-0.024926642585223813,0.2912621359223302,0.1790779822849251,0.06913181968355553,,73.4,0.07893005753658988,0.8495820183624913,0.7112299465240641,False,False,False
6977,202.5,2026-08-12,-0.038004750593824244,-0.05813953488372092,-0.3711180124223602,0.19469026548672574,,7.7,-0.4712659371706954,0.6914470558900107,0.49693251533742333,False,False,False
6982,49.0,2026-08-12,0.00512820512820511,-0.039215686274509776,-0.038705103626689,-0.18623824318947102,,21.1,-0.13885302837502422,0.37826205521607115,0.6524852034576638,False,False,False
6988,13.0,2026-08-12,0.0924370098093823,-0.018867924528301883,-0.16398714851812202,-0.3264248438395305,,4.5,-0.26413507326645724,0.9840741779157353,0.6190476190476191,False,False,False
6994,36.59999847412109,2026-08-12,0.0013679682107856639,-0.10294119709503335,-0.3678756906808992,-0.5878378691857873,,0.4,-0.46802361542923443,0.6918933554499457,0.36059111797163634,False,False,False
6997,69.0,2026-08-11,-0.04166666666666663,-0.02122225790018961,-0.007995514246020186,-0.1843518374469869,,26.6,-0.10814343899435541,1.3182780438416524,0.679706802127511,False,False,False
7402,104.0,2026-08-12,-0.018867924528301883,-0.26501766784452296,0.02819612461402543,-0.2063733778569623,,31.1,-0.0719518001343098,0.33897877201311355,0.6363531115624176,False,False,False
7419,54.20000076293945,2026-08-12,-0.13968252757238964,-0.084459458370989,-0.6058181762695313,1.9376692965677855,,82.8,-0.7059661010178665,0.30483808598487044,0.24748858795862763,False,False,False
7507,19.950000762939453,2026-08-12,-0.024449876838446127,-0.007462667446939908,-0.16874996821085608,-0.42999997820172986,,3.1,-0.2688978929591913,0.5903312007430844,0.43369566875955334,False,False,False
7516,8.829999923706055,2026-08-12,0.003409060491018634,-0.0011312475915408182,0.003409060491018634,-0.146859942197203,,31.9,-0.09673886425731659,0.26116221906769893,0.6740457760746561,False,False,False
7547,54.400001525878906,2026-08-12,0.12396693824052618,-0.0018348343875429496,-0.2239657245361878,-0.016274823211543277,,11.2,-0.324113649284523,0.646523310705212,0.3885714394705636,False,False,False
7551,12.800000190734863,2026-08-12,0.024000015258789142,0.03225811165403902,-0.09540632255759951,-0.033962249755859375,,24.5,-0.19555424730593474,0.2574848929594388,0.6790450892148392,False,False,False
7556,235.0,2026-08-12,0.05145413870246096,-0.006342494714587699,-0.08296505361938256,0.5218876792392775,,69.8,-0.18311297836771778,0.2743558196015963,0.7847978838275977,True,False,False
7558,19.799999237060547,2026-08-12,0.09999995761447478,-0.04347833298104209,-0.059626459558483,0.7032468398123144,,79.1,-0.15977438430681823,0.670881057586264,0.7493082313307633,False,False,False
7578,26.100000381469727,2026-08-12,-0.011363607628614547,-0.13369775985062338,-0.19321464877326489,-0.1365287893421614,,8.9,-0.2933625735216001,0.6914832419522553,0.6046274250306491,False,False,False
7590,17.200000762939453,2026-08-12,-0.01714281354631697,-0.07526879515147888,-0.2649572203702556,-0.08021390047067656,,5.5,-0.3651051451185908,0.39579376442932707,0.5375000238418579,False,False,False
7610,1895.0,2026-08-12,0.18808777429467094,-0.220164609053498,1.6144168623204993,10.041469773896122,,99.0,1.514268937572164,0.7153405229945781,0.7288461538461538,False,False,False
7702,21.0,2026-08-12,0.031941012596842455,0.034482797499888695,-0.020143396627403498,-0.2402181095880883,,19.5,-0.12029132137573872,1.0495534101276611,0.43582578413266965,True,False,False
7704,63.900001525878906,2026-08-12,-0.0214395323193054,0.15135137884466499,-0.042594180235296264,0.45729024779673044,,70.7,-0.1427421049836315,0.8794668723660181,0.9436893941177922,False,False,False
7711,447.5,2026-08-12,0.3601823708206686,0.42289348171701113,0.15066707031918813,1.1457661715010015,,92.9,0.05051914557085291,3.1168893592190763,0.9772119515949648,True,True,False
7721,64.0,2026-08-12,0.04746320128153858,-0.048971902943211854,-0.15861107870819446,0.3532338501076273,,46.8,-0.2587590034565297,0.1393600913669439,0.7068032975359647,False,False,False
7722,291.5,2026-08-12,0.07962962962962972,0.013493372362688216,0.16904133409573352,-0.33450678711846493,,43.5,0.0688934093473983,0.6764731906309382,0.45194786367078754,False,False,False
7728,600.0,2026-08-12,-0.030694668820678506,-0.09638554216867468,-0.18992422103011242,-0.10471625031442944,,10.2,-0.29007214577844764,0.18430803367588225,0.673708495796929,False,False,False
7730,168.0,2026-08-12,0.050000000000000044,-0.05084745762711862,-0.01754385964912286,0.7610062611416948,,82.8,-0.11769178439745809,0.4874161987881483,0.7304347826086957,False,False,False
7740,148.0,2026-08-12,-0.03583061889250816,0.14082227227550992,0.005413021187282263,0.10726866071029018,,54.1,-0.09473490356105296,1.5771428940909826,0.6274522386815139,False,False,False
7742,123.5,2026-08-12,0.2745097838519339,0.1330275229357798,-0.2777777777777778,2.6323529411764706,,96.0,-0.377925702526113,1.7502071823388625,0.4442446043165468,False,False,False
7749,359.5,2026-08-12,0.03304597701149414,-0.06423966199785902,-0.26449233308186004,-0.08405022536224038,,5.4,-0.36464025783019527,0.2044436900057342,0.5345259183969798,False,False,False
7750,2390.0,2026-08-12,-0.028455284552845517,0.1744471744471745,-0.12932604735883424,1.5136204489457117,,91.2,-0.22947397210716947,1.134195333134361,0.7785016286644951,False,False,False
7765,230.0,2026-08-12,0.03370786516853941,0.040723981900452566,-0.023466683942859,-0.0690635421347614,,34.5,-0.12361460869119423,0.7507049368428463,0.6816258289651544,True,False,False
7769,6480.0,2026-08-12,-0.007656967840735107,0.026178888167019965,-0.13195579561496085,0.7499771380173443,,75.9,-0.23210372036329607,0.7140831688382134,0.794481141501508,False,False,False
7786,130.5,2026-08-12,0.05241935483870974,0.04176019015756305,0.04176019015756305,-0.10803542682680722,,41.4,-0.05838773459077218,1.0658587509985071,0.473176314007963,False,False,False
7788,256.0,2026-08-12,0.21904761904761916,-0.054045410648502545,0.25361949293810415,0.31422703537870555,,84.5,0.15347156818976893,0.9211952095971958,0.8844027667106589,False,False,False
7795,506.0,2026-08-12,0.187793427230047,-0.08664259927797835,0.3863013698630138,0.13273345750588073,,86.3,0.28615344511467855,2.478230772926016,0.7597597597597597,False,False,False
7812,72.69999694824219,2026-08-12,-0.0041096308459974695,-0.0809102610535799,-0.05706876281399387,-0.09577119939678436,,25.7,-0.1572166875623291,0.6367724826992885,0.6405286074734995,False,False,False
7815,304.5,2026-08-12,0.06468531468531458,-0.15883977900552482,-0.35827186512118014,1.098780846928559,,71.2,-0.45841978986951537,1.2244605346762307,0.5246952117321397,False,False,False
7819,34.5,2026-08-12,0.0029069322582984114,-0.08366537578262079,-0.400997656371857,-0.6266363923469271,,0.2,-0.5011455811201923,0.1453390151937708,0.20444581244485324,False,False,False
7823,85.4000015258789,2026-08-12,0.010650905631703012,0.01909305985505605,-0.13299490836671157,,,20.9,-0.2331428331150468,0.9001825759407428,0.5770270373370197,True,False,False
7828,1760.0,2026-08-12,0.005714285714285783,-0.1308641975308642,0.3842509046933451,1.331466220314593,,96.0,0.2841029799450099,0.5684707968512898,0.7569892473118279,False,False,False
7833,24.899999618530277,2026-08-12,-0.038610039178708866,0.15545245940002528,-0.16582916916853074,-0.22187501192092884,,7.5,-0.26597709391686597,0.45827743932030157,0.3557651147096236,False,False,False
7861,1100.0,2026-08-12,0.042654028436019065,-0.04314542157210555,-0.0751740283513267,1.1090974370388937,,87.4,-0.17532195309966192,0.7394691189316595,0.7838063683745542,False,False,False
8011,16.299999237060547,2026-08-12,-0.023952186084122085,-0.026865717190415084,-0.06383249558119297,-0.17943665409561338,,18.2,-0.1639804203295282,0.4969855848857609,0.6791435342285911,False,False,False
8016,311.5,2026-08-12,0.06495726495726495,0.00646203554119551,0.10147972835604291,0.6592623610976434,,85.8,0.0013318036077076822,0.5803874746288638,0.8581267217630854,True,False,False
8021,427.0,2026-08-12,0.07828282828282829,-0.12054475185571434,-0.12592366589990978,1.0913875677112612,,84.9,-0.226071590648245,1.0033801882068338,0.7379249931043358,False,False,False
8024,14.0,2026-08-12,-0.047619035261751486,-0.1515151515151515,0.14754100154721939,0.07692307692307687,,70.6,0.04739307679888416,0.311524958280109,0.8022922285329287,False,False,False
8027,192.0,2026-08-12,0.049180327868852514,-0.18123667377398722,-0.2727272727272727,0.7142857142857142,,58.3,-0.37287519747560793,0.5823571326313441,0.6552901023890785,False,False,False
8028,265.0,2026-08-12,-0.06028368794326244,-0.09090909090909094,0.022472199853261765,0.5774422732119728,,80.4,-0.07767572489507346,0.5673080998305371,0.7500041242142508,False,False,False
8032,37.400001525878906,2026-08-12,0.03030309399277642,-0.031088005069396685,-0.08377505179133349,0.034447481631361576,,33.0,-0.18392297653966871,0.39976006772043365,0.7893630595402265,False,False,False
8033,173.0,2026-08-12,-0.08465608465608465,-0.3446969696969697,0.2581818181818183,0.18900343642611683,,82.5,0.15803389343348306,0.8169138155737916,0.6419294990723562,False,False,False
8034,18.850000381469727,2026-08-12,-0.035805569458225106,-0.05985031926448825,-0.17267264426534934,-0.1794959778168671,,8.8,-0.27282056901368457,0.35248456988197024,0.6861111224890262,False,False,False
8038,32.20000076293945,2026-08-12,0.009404424702090353,-0.15706805969022464,-0.2278177416352244,-0.3367661942544451,,2.9,-0.3279656663835596,0.3379033756359544,0.5193548510151524,False,False,False
8039,227.0,2026-08-12,0.031818181818181746,0.22371967654986524,0.5407307369457812,1.620469156581196,,97.3,0.440582812197446,1.3394806767005694,0.88671875,False,False,False
8040,75.0999984741211,2026-08-12,0.016238118044178407,-0.12572762351469946,-0.14562005494379116,0.5727748371543684,,65.6,-0.24576797969212638,0.1735763034073239,0.6007999877929687,False,False,False
8042,113.0,2026-08-12,0.027272727272727337,-0.256578947368421,0.04617561024054617,0.9294948146687159,,88.4,-0.053972314507789054,1.452782691302104,0.5368171021377672,False,False,False
8043,147.5,2026-08-12,0.088560885608856,-0.039087947882736174,0.43203883495145634,0.7878787878787878,,93.8,0.3318909102031211,0.5423943460372208,0.6512141280353201,False,False,False
8044,26.799999237060547,2026-08-12,-0.005565919170035127,-0.0018622399887817664,0.1526881392284105,-0.049645442836965925,,64.4,0.05254021448007529,0.31500924890868565,0.7549295559735365,False,False,False
8045,52.900001525878906,2026-08-12,-0.045126352547701254,-0.05535711560930523,-0.2546390561231757,-0.35005967253780945,,2.0,-0.35478698087151095,0.7197279019789716,0.4046245260605704,False,False,False
8046,1265.0,2026-08-12,0.19339622641509435,-0.019379844961240345,0.49664089553974033,2.262946791830133,,97.7,0.3964929707914051,0.3269761838562978,0.8939929328621908,False,False,False
8047,45.5,2026-08-12,0.029411746937130445,0.07947801548866584,-0.1636029646367756,-0.04109590582899403,,14.6,-0.2637508893851108,0.5264195857136296,0.7583333333333333,False,False,False
8048,52.400001525878906,2026-08-12,-0.04553733935365267,-0.07138136519725613,-0.09829783057997044,0.05851997728893776,,32.2,-0.19844575532830566,0.27393676954258045,0.7618463682540358,False,False,False
8049,26.549999237060547,2026-08-12,0.009505703697805234,0.013358719997297763,0.019193858527591257,-0.0018797422440645084,,46.9,-0.08095406622074397,0.49963199622738586,0.9448398176737637,False,False,False
8050,58.79999923706055,2026-08-12,-0.09399078806471184,0.014587044331350274,0.241085084007987,0.4442520116045623,,86.9,0.14093715925965178,3.468797914010923,0.8521739019863848,False,False,False
8054,84.5999984741211,2026-08-12,0.016826942034022352,-0.10000001623275434,-0.16237625273147427,-0.3847272838245739,,3.7,-0.2625241774798095,0.2869704413351686,0.5493506394423447,False,False,False
8059,14.800000190734863,2026-08-12,-0.026315764707210976,-0.10843374393799232,-0.2448979641486584,-0.25999999046325684,,3.3,-0.3450458888969936,0.3912774154672195,0.45398775716150935,False,False,False
8064,105.5,2026-08-12,0.014423076923076872,-0.1725490196078432,-0.07984394453283494,0.9939591877109635,,84.8,-0.17999186928117017,0.3030949099073425,0.6161045071376379,False,False,False
8066,14.800000190734863,2026-08-12,-0.013333320617675781,0.003389843439651763,-0.10030398150022646,-0.2756504707944628,,10.3,-0.20045190624856168,0.47233134567829765,0.6519823653441319,False,False,False
8067,13.699999809265137,2026-08-12,0.0036630177386223206,0.045801481704086155,0.062015520495496856,-0.017921147198436405,,53.4,-0.03813240425283837,0.9191338553908733,0.7762039719752665,False,False,False
8068,17.950000762939453,2026-08-12,-0.0055400819029274295,-0.05774270436615647,-0.16317015736648244,-0.2791164241793289,,5.6,-0.26331808211481766,0.5121374670664579,0.6211073010336707,False,False,False
8069,166.0,2026-08-12,-0.15089514066496168,-0.11335437630549061,-0.2408587086935583,-0.01962325838332557,,9.7,-0.3410066334418935,1.6221475446412916,0.63191870901726,False,False,False
8070,48.70000076293945,2026-08-12,0.030687846834697385,-0.02988047763352597,0.10768442270910406,0.09329890087021764,,66.8,0.007536497960768829,0.22697611029298873,0.7735131514491087,False,False,False
8071,25.549999237060547,2026-08-12,0.07352941412178526,-0.06410256589400642,0.3961748799047784,0.42737428947266065,,90.9,0.2960269551564432,0.24010662350073259,0.7559171542538333,False,False,False
8072,26.450000762939453,2026-08-12,-0.016728582229452504,-0.05197128585721489,0.00567182683733547,-0.09721862268502013,,37.2,-0.09447609791099976,0.34770451520674855,0.637628756479781,False,False,False
8074,57.400001525878906,2026-08-12,0.04553733935365267,-0.05280523149862326,-0.27798740219020246,-0.07940885178125379,,5.2,-0.3781353269385377,0.5102277653276707,0.6266375816817901,False,False,False
8076,23.700000762939453,2026-08-12,0.017167448024748122,-0.016597494282109215,-0.05389215629690802,0.004237304231073047,,35.7,-0.15404008104524325,0.34002850504757065,0.8286713442946302,False,False,False
8080,27.799999237060547,2026-08-12,0.007246335247339308,0.022058766812190767,-0.00714288439069477,-0.10754415481523494,,33.9,-0.10729080913903,0.7657722423690096,0.5821989369017916,False,False,False
8081,268.0,2026-08-12,0.03875968992248069,0.015151515151515138,0.08289197387344349,0.16310619947234017,,68.4,-0.017255950874891735,0.8493914890277683,0.8271604938271605,False,False,False
8084,54.29999923706055,2026-08-12,0.29749106850357965,0.23549484173954016,0.2525951821999797,-0.019855636435398227,,75.8,0.15244725745164445,2.6049045772269297,0.8190044756811047,True,True,False
8085,11.5,2026-08-12,0.03139016981561693,0.017699097866309854,-0.02542374456658214,-0.33139537849446765,,14.0,-0.12557166931491737,0.35938696759454736,0.49891541781528226,False,False,False
8086,119.0,2026-08-12,-0.040322580645161255,-0.07392996108949412,-0.2272727272727273,0.0625,,13.8,-0.3274206520210625,0.9834368658367215,0.664804469273743,False,False,False
8087,29.0,2026-08-12,0.0,-0.023569048651774227,-0.17963221352809333,-0.003436439180715789,,14.9,-0.27978013827642856,0.06889051364223388,0.7464607757788612,False,False,False
8088,49.20000076293945,2026-08-12,0.032528839190461234,-0.03718195240541666,-0.10536902677493676,-0.24599216380477562,,11.4,-0.20551695152327198,0.6645155917933301,0.6890249720356239,False,False,False
8089,18.399999618530277,2026-08-12,0.0027247540066015485,-0.04166672461562437,-0.09359604383932929,-0.34402851625679853,,8.3,-0.19374396858766452,0.2088290487395451,0.4401975730700487,False,False,False
8091,233.0,2026-08-12,0.017467248908296984,-0.1527272727272727,0.09967373226024945,0.7297787158400182,,87.0,-0.0004741924880857784,0.37675829864065086,0.7898305084745763,False,False,False
8092,12.800000190734863,2026-08-12,-0.04832710986973521,-0.062271022091569095,-0.19999998807907104,-0.11418682631900912,,9.2,-0.30014791282740627,0.754977748890728,0.6719160474207939,False,False,False
8093,21.950000762939453,2026-08-12,0.06038647120428875,0.1256410647661259,0.13730578397072057,0.047732695159085514,,67.7,0.03715785922238535,1.9249693916323054,0.6618091189750877,False,False,False
8096,125.5,2026-08-12,-0.030888030888030937,-0.20317460317460323,0.29248199765366656,0.6448230010537164,,91.0,0.19233407290533133,0.8048307226591739,0.7404129793510325,False,False,False
8097,51.0,2026-08-12,-0.015444000942922531,-0.07441013770711336,-0.02857142857142858,-0.08108108108108103,,32.1,-0.1287193533197638,1.000009059881937,0.7254622729169963,False,False,False
8099,58.0,2026-08-12,0.03571428571428581,0.0,-0.025210084033613467,-0.17142857142857137,,24.9,-0.1253580087819487,0.3919029055489241,0.6954436323601586,False,False,False
8101,11.699999809265137,2026-08-12,-0.10687026957532964,-0.10344830358149648,-0.13970592050816266,-0.2500000305664838,,8.4,-0.2398538452564979,0.6355148463382515,0.6125654228057578,False,False,False
8102,68.80000305175781,2026-08-12,-0.008645510964396141,-0.07152490595818661,0.08860763008253336,0.24171944141204627,,72.7,-0.011540294665801865,0.40115163774435336,0.7710570233514038,False,False,False
8103,81.0999984741211,2026-08-12,0.030495573302973478,-0.032219623858117274,-0.21826411719781014,-0.02168728344468185,,11.4,-0.31841204194614536,0.7869294798334098,0.653482333898192,False,False,False
8104,32.150001525878906,2026-08-12,0.030448741657336686,-0.1681759312647838,-0.07482009997470773,-0.23452377319335938,,13.9,-0.17496802472304296,0.10557772347098221,0.7208520768119258,False,False,False
8105,17.149999618530273,2026-08-12,0.026946038025905672,-0.06793478401712316,0.07187497615814209,0.44117648473071225,,79.2,-0.028272948590193137,0.17042542438465608,0.6819085438830114,False,False,False
8109,130.5,2026-08-12,0.0,-0.0404411764705882,0.14977973568281944,0.3196666318971033,,80.3,0.04963181093448421,0.522189101142111,0.8080495356037152,False,False,False
8110,46.79999923706055,2026-08-12,0.017391287762185792,-0.022964556446288698,-0.06400008666991541,-0.39213119020079923,,9.0,-0.16414801141825064,0.3589331965784241,0.5477726922230304,False,False,False
8111,58.79999923706055,2026-08-12,-0.07401576004629062,0.2497343292355403,-0.0799960105878188,-0.1089616540707512,,20.4,-0.18014393533615403,0.9889600525468659,0.7346385478717355,False,False,False
8112,96.9000015258789,2026-08-12,0.12412998789386753,0.13466041913963123,0.1956602412995836,0.19424692932831267,,79.3,0.09551231655124837,1.245978852546148,0.9690000152587891,False,False,False
8114,215.0,2026-08-12,-0.06521739130434778,0.08585858585858586,-0.0520305912389204,0.2710204162633718,,58.2,-0.15217851598725562,0.8669829180158813,0.8025137789097959,False,False,False
8119,9.949999809265137,2026-08-12,0.05402545037625184,-0.00500001907348635,-0.09545456279407849,0.20606058294122875,,44.5,-0.19560248754241372,0.3908517869377954,0.5801749288970443,False,False,False
8121,30.299999237060547,2026-08-12,0.02711861820544237,-0.25735294598884106,-0.14887638944460357,0.08407865509746593,,25.4,-0.2490243141929388,0.27501622641018103,0.5569852644700088,False,False,False
8131,64.0999984741211,2026-08-12,-0.028787901907256108,-0.1326116759053918,-0.03033754561821078,-0.1776280017669558,,23.5,-0.130485470366546,0.47470994217008533,0.7616340787060666,False,False,False
8147,130.0,2026-08-12,0.03585657370517925,-0.06474820143884896,-0.2715351946365192,0.3258059378262361,,25.1,-0.37168311938485443,0.28939972757706567,0.6959610848382287,False,False,False
8150,92.1999969482422,2026-08-12,0.06589591847678844,-0.11346156780536343,0.11296779119210276,0.5511294613619513,,84.0,0.012819866443767536,1.0024393100074984,0.7526530363121813,False,False,False
8155,321.5,2026-08-12,0.10291595197255576,-0.009244992295839749,-0.22029006488040193,0.47985754478695974,,47.3,-0.32043798962873715,0.6922327052758469,0.7148052500729908,False,False,False
8162,57.79999923706055,2026-08-12,0.100952366420201,-0.16714700336847654,0.05099093786227282,0.6028682304866833,,82.4,-0.049156986886062404,0.27338299172934716,0.6705336575796621,False,False,False
8163,31.899999618530277,2026-08-12,0.02737521424654954,-0.07803465244688579,-0.0009266262209532972,0.037622789253677125,,46.7,-0.10107455096928852,0.2648629626047124,0.7041942639246769,False,False,False
8171,20.299999237060547,2026-08-12,0.04102560190054083,0.0024690981264468004,-0.12875536902285623,-0.297577871798847,,7.3,-0.22890329377119145,0.2835585978900913,0.6246153611403246,False,False,False
8176,9.90999984741211,2026-08-12,-0.0010080875811414591,-0.023645298535776127,-0.03786411030104353,-0.08663599087636964,,29.3,-0.13801203504937876,0.3547006926690778,0.7129496488763178,False,False,False
8182,41.75,2026-08-12,0.04636587477123766,-0.07734806629834257,0.2098173232562679,0.49132021789643643,,86.5,0.10966939850793267,0.20504857850030322,0.7115366724279111,False,False,False
8183,30.600000381469727,2026-08-12,0.04258943726587461,-0.07831326270245331,0.019246171905658915,-0.028160674171188282,,44.0,-0.08090175284267631,0.3510675147114673,0.7710164431022603,False,False,False
8201,11.899999618530272,2026-08-12,0.025862002344394064,-0.048000030517578285,-0.055555614424338984,-0.19594598208316627,,18.2,-0.1557035391726742,0.23839153044833516,0.6246719210035236,False,False,False
8210,1005.0,2026-08-12,-0.14102564102564108,-0.09459459459459463,-0.3042929801865768,0.12235608402293208,,10.0,-0.404440904934912,1.5705698958293164,0.6532040237499885,False,False,False
8213,33.29999923706055,2026-08-12,0.1026489535035151,0.03290571070790427,-0.10508294805492235,-0.025450564982000823,,23.5,-0.20523087280325758,0.7804208783883507,0.8253361728882386,True,False,False
8215,25.350000381469727,2026-08-12,0.0628930807550605,-0.02968220081292139,-0.04056423397678788,0.3161490697376643,,63.1,-0.1407121587251231,0.19783704784216302,0.7872670739389012,False,False,False
8222,39.09999847412109,2026-08-12,0.04405868297910609,-0.04530347651286548,0.12173438552669391,-0.024035593107691877,,62.0,0.021586460778358685,0.4319554827882971,0.6728492362082654,False,False,False
8227,159.0,2026-08-12,0.06000000000000005,-0.04216867469879515,-0.2249123582166821,0.1298812912812557,,17.2,-0.3250602829650173,0.7078500768683899,0.6443499638009251,False,False,False
8234,69.80000305175781,2026-08-12,0.027982348795010825,0.010130312490511661,0.024963357059144986,-0.046448005986782004,,43.4,-0.07518456768919024,1.05126696879792,0.6029741446439173,False,False,False
8240,43.400001525878906,2026-08-12,0.03952099463183001,-0.05652170595915418,-0.31558317086751697,0.07197815989543521,,7.2,-0.4157310956158522,0.28436784464490034,0.5947471982652717,False,False,False
8249,42.5,2026-08-12,-0.007009328093650513,-0.09284949019846667,-0.07533863148105646,-0.27981658759559,,12.4,-0.1754865562293917,0.3390199586703664,0.6898953495572481,False,False,False
8261,184.0,2026-08-12,0.025069637883008422,-0.40065146579804556,0.3726633744029628,1.0181861666170984,,94.8,0.2725154496546276,0.6016362126355939,0.5303471936286335,False,False,False
8271,232.0,2026-08-12,0.022026431718061623,0.33717579250720453,-0.0578162354135775,0.9225126724653032,,84.3,-0.15796416016191273,1.6785490501891842,0.9114407504093716,False,False,False
8277,8.119999885559082,2026-08-12,-0.009756088483765968,-0.020506643796889268,0.20653786962053466,-0.1920398277161285,,62.2,0.10638994487219944,0.2311445873721049,0.49361699142609144,False,False,False
8284,62.5,2026-08-12,0.008064516129032251,0.01461041474306235,0.052351534227566665,0.05903314746603505,,57.9,-0.04779639052076856,0.4231143902183232,0.993640675418516,False,False,False
8289,47.20000076293945,2026-08-12,0.08505748880320585,-0.11610487988347318,-0.10750495379880687,1.0043320940571272,,84.1,-0.2076528785471421,0.12265879981039648,0.6248645045847245,False,False,False
8291,39.20000076293945,2026-08-12,0.05093837975179105,0.4961831916581019,-0.24177949353069406,1.2923976542958564,,84.4,-0.3419274182790293,0.4444685591667352,0.29473684784165,False,False,False
8298,46.79999923706055,2026-08-12,0.018498334276561224,-0.06306309264795962,0.01186199731816151,0.6748060931060251,,82.1,-0.08828592743017372,0.07148675452754484,0.8374030465530125,False,False,False
8299,2210.0,2026-08-12,0.19783197831978327,0.07804878048780495,-0.2270351875508071,-0.06464760043261863,,9.1,-0.3271831122991423,0.9120824778234992,0.7729648124491929,True,False,False
8341,76.5999984741211,2026-08-12,0.01726421473674744,0.01861704232305339,0.05951381325312077,0.04986926454049656,,58.4,-0.04063411149521445,0.6329733114263968,0.8823491415561824,False,False,False
8342,88.0,2026-08-12,-0.005649717514124242,-0.03296703296703296,0.04867381266652693,0.09943611455687651,,60.7,-0.0514741120818083,1.0772562042812908,0.9617486338797814,False,False,False
8345,52.0,2026-08-12,0.019607843137254832,0.0038610186464320684,0.12037174857459965,0.24510943710024735,,75.9,0.02022382382626442,0.8279996814049078,0.9536186858078483,False,False,False
8349,39.5,2026-08-12,-0.01002510051583505,-0.005037802496118737,-0.010767718968935691,-0.06271363395832441,,37.5,-0.11091564371727092,0.3977658982179494,0.8688495263347794,False,False,False
8354,18.200000762939453,2026-08-12,0.174193597608997,0.10407217096636212,0.06555799392784256,0.186252289091966,,67.3,-0.034589930820492665,2.235879499642176,0.9646104171805437,True,True,False
8358,418.5,2026-08-12,0.19742489270386265,-0.08605362525607962,-0.015420739132598005,0.6046387458704863,,78.9,-0.11556866388093323,2.3820740137074083,0.6005933491291152,False,False,False
8367,40.20000076293945,2026-08-12,-0.002481351762139372,-0.002481351762139372,-0.0405728090938009,-0.003368418145746177,,37.3,-0.14072073384213613,0.8343070344467561,0.917808252583826,False,False,False
8374,86.0999984741211,2026-08-12,0.0789473080380354,0.05385558984373473,-0.08189999768142153,-0.023739838101684896,,27.2,-0.18204792242975676,0.6892797164140599,0.7282818521294662,False,False,False
8383,69.69999694824219,2026-08-12,-0.018309902137433998,-0.14687883045579708,0.31561906640869974,0.7563031139008112,,92.3,0.21547114166036452,0.743906738701655,0.7710176523425069,False,False,False
8390,100.0,2026-08-12,0.049317909734899024,0.03333383000715595,-0.06441390890569865,0.038500550736795924,,36.8,-0.16456183365403387,0.7354022073057018,0.8019309188689807,False,False,False
8401,23.200000762939453,2026-08-12,0.017543927160695638,0.010893245825233766,-0.03333330154418945,-0.1636466750410992,,24.1,-0.13348122629252468,0.9682605454182608,0.8194288356649156,True,False,False
8404,16.200000762939453,2026-08-12,0.0,-0.00289266181942327,0.012215035925524642,-0.2769892600531967,,22.0,-0.08793288882281058,0.5611506933674376,0.5964838528397127,False,False,False
8410,31.950000762939453,2026-08-12,0.03398061997966839,-0.01993858103084356,-0.11373088934510056,-0.1411290293636316,,14.6,-0.2138788140934358,0.3421819238338532,0.7395833379324571,False,False,False
8411,13.050000190734863,2026-08-12,-0.003816808341898348,0.03980808266478797,0.07376093404271233,0.08707202634664202,,63.0,-0.026386990705622893,1.1313279142485433,0.981203007788364,False,False,False
8415,38.650001525878906,2026-08-12,0.041779059717186096,0.07960900417751993,0.15992061788455936,0.17170505346697795,,76.1,0.05977269313622413,0.8559815414775147,1.0,True,True,False
8416,169.0,2026-08-12,-0.002949852507374673,-0.00588235294117645,0.022340586968858656,-0.020021649522300122,,45.5,-0.07780733777947657,0.21428519192938578,0.9384977844993931,False,False,False
8421,13.550000190734863,2026-08-12,-0.026603258858960865,-0.19584570421517244,-0.014545440673828125,0.04230770697960495,,44.2,-0.11469336542216335,1.7382200546336612,0.8041542957848276,False,False,False
8422,26.899999618530277,2026-08-12,0.03461536994347214,0.03262957414065726,0.05211256961970845,-0.23664656907515524,,33.1,-0.04803535512862678,0.4123952726972456,0.5412602229769924,False,False,False
8424,69.0,2026-08-12,0.0029069322582984114,0.0029069322582984114,0.014603771929637688,0.017391104793454515,,48.0,-0.08554415281869754,0.5099349720432683,0.9707218561847513,False,False,False
8426,21.399999618530277,2026-08-12,-0.004651180533475463,0.10594311093780151,0.054685468665309545,-0.19370056999818597,,37.4,-0.04546245608302568,0.8329263668366698,0.695433274619013,False,False,False
8431,48.79999923706055,2026-08-12,-0.04125741111718162,0.03719447456699543,-0.15130436109459922,-0.20521175856172746,,9.5,-0.25145228584293444,0.37949073365379965,0.6192893064357813,False,False,False
8433,55.20000076293945,2026-08-12,0.026022333563798794,0.0128440506961367,0.041509448357348155,0.058218687208631215,,56.4,-0.05863847639098707,0.8585593251264027,0.9332322302390261,False,False,False
8435,54.0,2026-08-12,0.034482743501002,0.02079392140627756,0.02551757907372032,0.06960523114447148,,54.4,-0.0746303456746149,1.0762828383833185,0.9380963883446505,True,True,False
8437,9.100000381469728,2026-08-12,0.02362205062283307,-0.07520322760600207,-0.19111107720269083,-0.431249976158142,,2.5,-0.29125900195102605,0.5616820833793781,0.4959128170187467,False,False,False
8438,68.0,2026-08-12,0.07255517923360677,-0.2402235284540163,-0.31695340959409257,0.19770330689835713,,12.2,-0.4171013343424278,0.6061279850646546,0.6477719234798949,False,False,False
8440,20.0,2026-08-12,0.03896103896103886,-0.03846150319251662,-0.18787104187470227,-0.23699790588023517,,5.4,-0.2880189666230375,0.29812681903123145,0.6760939855337335,False,False,False
8442,44.0,2026-08-12,-0.0033975429375915356,-0.0350876870101019,-0.024390210894403408,-0.3678160780943087,,13.1,-0.12453813564273863,0.44231621543501304,0.5597964485264834,False,False,False
8444,5.400000095367432,2026-08-12,0.00934583021049562,-0.04761904361436842,-0.39051915297786965,-0.47317072240317737,,0.5,-0.4906670777262049,0.424160818807114,0.3333333235218696,False,False,False
8454,267.5,2026-08-12,0.02294455066921608,0.01904761904761898,0.43238993171119455,0.4513871393684772,,91.6,0.3322420069628593,0.5719740345103003,0.608646188850967,False,False,False
8455,25.100000381469727,2026-08-12,0.048016684004027255,-0.01568625955020675,-0.16053509358862306,0.1923991112208101,,33.3,-0.2606830183369583,0.07920278902128862,0.54153184914308,False,False,False
8462,179.0,2026-08-12,0.07507507507507505,0.0718562874251496,0.30898278240342036,0.3274190803457304,,87.2,0.20883485765508514,1.0451067844849793,1.0,True,True,False
8463,20.75,2026-08-12,-0.009546575448973416,-0.01891251185554743,-0.01467538241756372,-0.1996526989728915,,24.4,-0.11482330716589895,1.0861054542777928,0.7689050955288412,False,False,False
8464,391.0,2026-08-12,0.04127829560585883,0.07417582417582413,0.19207317073170738,-0.044387971552460215,,69.2,0.09192524598337215,0.718196219296552,0.816909571507661,False,False,False
8466,16.25,2026-08-12,-0.035608330438351765,-0.035608330438351765,0.14840992495290606,-0.26801804317377986,,46.0,0.04826200020457083,0.2166579598514577,0.6052141441016434,False,False,False
8467,102.5,2026-08-12,0.04060913705583746,-0.0030194643357918105,-0.1932829139157628,-0.4256525239836567,,2.5,-0.293430838664098,2.0602935275963006,0.5406912538836749,False,False,False
8472,70.5,2026-08-12,0.03372438643220632,-0.14957782023692723,-0.007042253521126751,0.14262559365066219,,55.1,-0.10719017826946198,0.3493220577182766,0.6619718309859155,False,False,False
8473,42.84999847412109,2026-08-12,0.03502407958453313,-0.014942563813308385,0.24745270385976292,0.16598635303730847,,81.1,0.1473047791114277,0.37824893711270613,0.7651785441807337,False,False,False
8476,20.149999618530277,2026-08-12,0.002487524184658474,-0.09234239071880734,0.25408541558097797,0.07778167041216566,,79.4,0.15393749083264274,0.337831422367342,0.8207739407222443,False,False,False
8477,15.649999618530272,2026-08-12,-0.01572327081748126,-0.02187502384185802,-0.092753645302593,0.21317830087760226,,45.8,-0.19290157005092823,0.22573159456634959,0.7542168490857962,False,False,False
8478,146.0,2026-08-12,0.013586870163928122,-0.012654769034677105,-0.04956493528810979,-0.1731987374681565,,20.0,-0.14971286003644502,0.7026227269791239,0.6589409378004771,False,False,False
8481,40.79999923706055,2026-08-12,0.019999980926513672,0.030378089094315275,0.10462782873379628,0.03281402332095751,,63.6,0.004479903985461053,0.6793353152116806,0.9795523072355066,False,False,False
8482,49.04999923706055,2026-08-12,0.005122950899764334,0.005122950899764334,0.06246009524671248,0.06025351430252157,,59.9,-0.03768782950162275,0.4020178142405772,0.8741644706888374,False,False,False
8487,72.4000015258789,2026-08-12,-0.033377836436174424,-0.0461133060558192,0.12102879436764602,0.08630066342594733,,68.3,0.020880869619310793,0.6671180702496826,0.8712395048770745,False,False,False
8488,10.0,2026-08-12,-0.004975143262281545,-0.004975143262281545,0.011122310703610028,0.008064508376087076,,46.1,-0.0890256140447252,5.092040643926559,0.8438818293742302,False,False,False
8489,23.100000381469727,2026-08-12,0.008733657915767523,0.01538463215251551,-0.05906309167626811,-0.376518195488567,,9.8,-0.15921101642460334,0.2613512883245263,0.4753086647475966,False,False,False
8499,265.5,2026-08-12,0.04527559055118102,-0.07491289198606277,-0.07587942196576003,-0.08671505310705596,,23.4,-0.17602734671409526,0.4177355512586074,0.6849637461222358,False,False,False
8905,34.900001525878906,2026-08-12,0.029498523745983052,0.2279545155601128,0.21958678430146406,0.019796966366792956,,75.1,0.11943885955312883,0.7171844785355164,0.878401783374838,True,True,False
8906,28.350000381469727,2026-08-12,0.0461254606053334,0.0384615814561553,0.1595091818746186,-0.16617645936853742,,57.2,0.05936125712628337,0.5443257157600618,0.7105262981777603,False,False,False
8908,40.0,2026-08-12,0.0012515453343102667,0.028277594626552993,-0.0012484204247944497,-0.009151806595915413,,42.1,-0.10139634517312968,0.23693294942073442,0.8471295981220858,True,False,False
8916,40.04999923706055,2026-08-12,0.0004984926101876397,-0.004128191829023908,-0.07671050801000501,-0.12367330687932265,,19.6,-0.17685843275834023,1.5393213991457941,0.8512145791659856,False,False,False
8917,52.5,2026-08-12,-0.009433962264150941,0.0019083677711670965,0.030646751325737354,-0.036608911753971074,,45.6,-0.06950117342259787,0.21013690210426825,0.7882290722012965,False,False,False
8921,17.0,2026-08-12,-0.005847975394087768,-0.050279309369290925,-0.03082297279737456,-0.046886706197500905,,35.2,-0.13097089754570979,0.5663497699189461,0.8892448703451284,False,False,False
8924,51.79999923706055,2026-08-12,-0.0038461685180664062,-0.07334529833456738,-0.14219473882568046,-0.22159891681250754,,9.5,-0.24234266357401568,0.6518881921560001,0.7380319660642648,False,False,False
8926,56.79999923706055,2026-08-12,-0.10268562525028302,-0.15601788021647078,0.015070509930181997,0.35499553500049097,,71.3,-0.08507741481815323,0.7395740777953091,0.7012345584822289,False,False,False
8927,20.0,2026-08-12,-0.0026895470607962713,-0.02660584933600485,0.04614789074557968,-0.16480377377787037,,38.4,-0.05400003400275555,0.5718603371390101,0.4708878995296402,False,False,False
8928,23.649999618530277,2026-08-12,0.055803572378900546,0.028260852979577367,0.13429252689841809,-0.11588786472784007,,57.1,0.03414460215008286,0.5431679935397228,0.8537905764310383,True,True,False
8929,13.5,2026-08-12,0.030534321136057363,-0.05594406853597056,-0.06896551724137934,-0.18428999260801526,,16.9,-0.16911344198971456,1.053465041288998,0.6923076923076923,False,False,False
8930,29.899999618530277,2026-08-12,-0.026058668551400266,-0.04320001220703118,0.03281515822296521,0.05592102980956448,,54.5,-0.06733276652537001,0.5265197333626572,0.9387754869832292,False,False,False
8931,40.5,2026-08-12,-0.009779988042929788,-0.0024631104231711554,-0.011829565499694494,-0.06244860473330982,,37.1,-0.11197749024802972,0.5119962431786632,0.7766800626650342,False,False,False
8932,107.5,2026-08-12,0.08148891699978744,-0.06521739130434778,0.06965174129353224,0.09414758269720092,,62.9,-0.030496183454802983,0.44607403895598763,0.8301158301158301,False,False,False
8933,4.539999961853027,2026-08-12,0.04849885493005579,0.015659994395296417,-0.18491924202241616,-0.3737931087099272,,3.4,-0.2850671667707514,0.5318316770453723,0.49401525235582994,False,False,False
8935,18.0,2026-08-12,0.022727250560256484,-0.1569086801692654,-0.05511807239434641,-0.12195121951219512,,24.0,-0.15526599714268163,0.1699796909651914,0.5863192036701611,False,False,False
8936,52.0,2026-08-12,-0.0019193565652551037,-0.03525049113341239,0.04312942009406595,0.009708737864077666,,52.5,-0.057018504654269275,0.1709321383572865,0.7503607173171836,False,False,False
8937,23.950000762939453,2026-08-12,0.002092098125826336,-0.004157940843798391,-0.2550544439737872,-0.2955882128547219,,2.6,-0.3552023687221224,0.3198104438419689,0.5322222391764323,False,False,False
8938,52.59999847412109,2026-08-12,-0.01865671694902782,-0.029520337016533893,-0.04882460759836671,-0.20746392806834157,,18.3,-0.14897253234670194,0.6364750565363834,0.7451103661146199,False,False,False
8941,44.09999847412109,2026-08-12,0.01612896137399389,0.023201856969912393,0.025500300139722043,-0.026493690572941264,,45.4,-0.07464762460861318,0.6140140201049091,0.9189819976334953,True,True,False
8942,40.04999923706055,2026-08-12,0.06515959740332744,0.0380839963862869,-0.021235149952235743,0.07895338038146238,,46.9,-0.12138307470057097,0.7338241575556181,0.8936548341091236,True,False,False
8996,1170.0,2026-08-12,0.13043478260869557,-0.004255319148936176,0.09859154929577474,0.5747542219087018,,83.6,-0.0015563754525604878,1.1088825191859604,0.7358490566037735,True,False,False
9802,72.80000305175781,2026-08-12,0.05050504828096436,-0.016216174976245723,-0.05454541491223619,-0.21207747303738833,,17.0,-0.15469333966057142,1.2421748726003947,0.6481519192942334,False,False,False
9902,13.850000381469728,2026-08-12,0.010948947028681655,0.018382352425565296,-0.010714258466448023,-0.18529409520766305,,26.0,-0.11086218321478325,0.5618864084779586,0.7715877321891368,False,False,False
9904,23.950000762939453,2026-08-12,0.02132196092676475,-0.004157940843798391,-0.022680323786472,-0.1703214389616564,,25.2,-0.12282824853480723,0.5961112202981017,0.784587376593378,False,False,False
9905,21.649999618530277,2026-08-12,0.03588516811909592,0.05352800108556477,0.08709333010517528,0.13295094643352834,,66.4,-0.013054594643159945,1.2029119133521373,1.0,True,True,False
9906,41.59999847412109,2026-08-12,0.05583748383352649,0.03225804619532191,0.2625188925916726,-0.056689344365103755,,75.5,0.16237096784333738,0.2359420040830688,0.5644504775669911,True,False,False
9907,14.899999618530272,2026-08-12,0.024054943175758847,-0.019736854901274414,-0.022386558904096687,-0.10430949863678185,,31.3,-0.12253448365243191,0.6373463067619838,0.7956754861714315,False,False,False
9908,29.0,2026-08-12,0.0,0.010453001964170427,0.032907435321138045,0.010453001964170427,,50.8,-0.06724048942719718,0.48020870910831687,0.8757259389155557,False,False,False
9910,71.0,2026-08-12,0.053412439059646655,0.06128547654120897,0.05412037624372479,-0.22748968047876794,,34.0,-0.04602754850461044,0.3121461774897566,0.5504851380266014,False,False,False
9911,82.0999984741211,2026-08-12,0.008599470947425525,-0.02028645006834595,-0.0048485033439867875,0.04622336695355056,,47.0,-0.10499642809232201,0.7107168972061811,0.9430745003555039,False,False,False
9912,12.550000190734863,2026-08-12,-0.023346317652058524,-0.01181099376244421,0.012096820711222867,0.05462189857489008,,51.2,-0.08805110403711236,2.133397633391079,0.972868260608888,False,False,False
9914,93.3000030517578,2026-08-12,0.23576162982460658,0.2714867056585908,0.5166165944572698,0.14644707864077255,,90.3,0.4164686697089346,2.039735599091961,0.8413924863465709,False,False,False
9917,107.5,2026-08-12,-0.00462962962962965,0.009389671361502261,0.0004894433120194996,0.06155217681165026,,49.2,-0.09965848143631573,0.3054452042821461,0.9266828148316707,False,False,False
9918,42.79999923706055,2026-08-12,0.004694853758292039,0.008613670779566096,0.02612428603059569,0.11658864811398528,,58.4,-0.07402363871773954,0.5395768006280991,0.7231414469412114,False,False,False
9919,14.0,2026-08-12,0.0,0.029411735831660568,-0.01408449379940424,-0.17647058823529416,,26.2,-0.11423241854773947,0.3439218438776833,0.7124682072155242,False,False,False
9921,109.0,2026-08-12,0.28084608642086994,0.34071335680771875,0.48299319727891166,0.22060466153426872,,90.5,0.38284527253057643,2.6871086208606747,0.9775784753363229,False,False,False
9924,38.45000076293945,2026-08-12,-0.0012986814820921122,-0.04472047793939249,-0.030041802914271276,-0.14837878340972865,,25.9,-0.1301897276626065,1.2225674768279717,0.7292006855737455,False,False,False
9925,40.09999847412109,2026-08-12,0.0,0.026444185250589225,0.04814760491398151,0.03400082881587996,,55.4,-0.052000319834353714,1.1773080605531243,0.9876847286011918,False,False,False
9926,49.0,2026-08-12,0.0,0.022258721134050363,0.04312111521301665,0.0357231408407197,,54.6,-0.05702680953531858,0.3824823568128908,0.8935827887452886,False,False,False
9927,69.5999984741211,2026-08-12,0.014577259799462672,0.005780369125999885,0.02052788252969262,-0.012765979090480939,,45.9,-0.0796200422186426,1.3248640949762627,0.8745097388859289,False,False,False
9928,18.350000381469727,2026-08-12,0.01944446563720703,0.002732303087090715,0.03966010074042958,0.0,,51.2,-0.060487824007905644,0.7263907945646638,0.8779904648993544,False,False,False
9929,11.449999809265137,2026-08-12,0.02690584762319559,0.05529948448850952,-0.004347842672596802,0.05529948448850952,,48.1,-0.10449576742093203,0.22233862667254817,0.7633333206176758,False,False,False
9930,62.29999923706055,2026-08-12,0.0,-0.014240530300858256,-0.04384880986142581,-0.057488643340109724,,31.4,-0.14399673460976103,0.7273641926100649,0.9100557448861515,False,False,False
9931,33.849998474121094,2026-08-12,-0.0029455754512831556,0.01347296190670888,0.03871123389577913,0.050949204051927044,,55.1,-0.0614366908525561,0.24088481238160744,0.6955112601969519,False,False,False
9933,42.0,2026-08-12,0.14597539567204132,0.04738158598946329,0.11702132192657655,0.35483870967741926,,79.5,0.016873397178241323,0.7433507846515299,0.96,True,False,False
9934,11.850000381469728,2026-08-12,0.11267613201145443,0.10747669090692935,0.2570721033383627,0.18488387483374336,,82.2,0.1569241785900275,2.556129372297518,0.987500031789144,False,False,False
9935,20.149999618530277,2026-08-12,0.025445293114840117,0.07754004258997149,0.16004597840995682,0.07552013474234287,,71.7,0.0598980536616216,1.4538873482351342,0.9641148318809041,False,False,False
9937,55.0,2026-08-12,-0.0072202439505719695,0.010813903907226141,0.01620015856982948,-0.0050075628954233675,,45.8,-0.08394776617850574,0.39270967450831024,0.9066888831201237,False,False,False
9938,42.5,2026-08-12,0.0,-0.0006147305882423515,0.021843328276909713,-0.09055942115110216,,39.9,-0.07830459647142551,0.6790903298163895,0.752848118565578,False,False,False
9939,134.0,2026-08-12,0.0,0.07200000000000006,0.16404240449428542,0.1737427338796429,,76.4,0.0638944797459502,1.7376116116057974,0.9273356401384083,False,False,False
9940,21.700000762939453,2026-08-12,0.06372554748620307,0.11282055194561291,0.2040999120186464,0.02033065132628953,,73.6,0.10395198727031119,0.8118850808414423,0.8597412097383003,True,True,False
9941,85.69999694824219,2026-08-12,0.04131219648128259,0.05802465368200238,0.17236660379113067,0.10012830898048275,,74.5,0.07221867904279544,0.5768205852651146,0.8320388053227397,True,False,False
9944,17.649999618530273,2026-08-12,0.002840865680502347,-0.008426945222445026,0.049807553269007876,0.07818080641925218,,59.3,-0.05034037147932735,0.6800080158658863,0.9566395061610976,False,False,False
9945,27.200000762939453,2026-08-12,0.03030307408973032,0.052224385359679104,0.22582953853094057,-0.014654326946928142,,74.0,0.12568161378260534,0.5587511850547978,0.8881988595062046,False,False,False
9946,18.850000381469727,2026-08-12,0.05602240776633871,0.02168019522978848,0.10882355185116044,0.12202388318488189,,69.1,0.008675627102825212,0.3173132194124679,0.915048545262447,True,False,False
9950,10.399999618530272,2026-08-12,-0.004784707334686611,-0.009523845854259805,-0.014218063459024766,-0.01886799582470633,,39.8,-0.11436598820735999,0.4565442540104005,0.7819548473221218,False,False,False
9955,24.649999618530277,2026-08-12,0.0694143355500505,0.006122433409398997,-0.14558061377486486,-0.30952383496530056,,5.7,-0.2457285385232001,1.641370685102245,0.6078914940151586,False,False,False
9957,5.900000095367432,2026-08-12,-0.008403313529497414,0.006825931901308424,-0.06497620461649412,-0.1884456518780464,,17.4,-0.16512412936482934,0.6819495323585245,0.6504961735262523,False,False,False
9958,107.0,2026-08-12,0.0,-0.044310385372849814,0.012162151726777815,-0.18133939787336384,,30.2,-0.08798577302155741,0.9498337624953399,0.5580844244163846,False,False,False
9960,32.5,2026-08-12,0.03669477610323901,0.03512164806789775,-0.03104381541055312,0.46383097752789015,,72.0,-0.13119174015888835,0.38920595155603954,0.9634818738164532,True,True,False
9962,10.399999618530272,2026-08-12,0.06448302264571293,0.05798572728872586,0.094736801950555,-0.14049592639210862,,48.4,-0.005411122797780221,1.548337080461511,0.8595040736078914,True,True,False
