ticker,last_close,last_date,ret_1w,ret_1m,ret_3m,ret_6m,ret_12m,rs_rating,rs_vs_bench_3m,vol_surge,near_high_pct,new_high_20d,new_high_60d,new_high_250d
1101,24.5,2026-09-11,-0.004065056094269548,0.018711051027644476,0.01983942263604921,0.030203642582089074,,62.5,-0.025799163640360057,0.5656855954687227,0.9545390231983555,False,False,False
1102,35.29999923706055,2026-09-11,0.005698027681878992,0.1135646179015195,0.06623844369482823,0.08615382267878613,,73.2,0.020599857418418965,0.5024740388465686,0.9691834355074516,False,False,False
1103,13.050000190734863,2026-09-11,-0.018796992211636,-0.007604519444585733,-0.009294114154857924,0.005382990130302856,,54.8,-0.05493270043126719,0.7271239324461133,0.9491377942247902,False,False,False
1104,27.200000762939453,2026-09-11,-0.018050541019080546,0.0244821674032889,-0.0014836341271000641,-0.03143906813638675,,52.3,-0.04712222040350933,0.5035561378645828,0.8872313732468082,False,False,False
1108,11.199999809265137,2026-09-11,-0.0386265943347649,-0.04680852687105219,-0.13391475247835072,-0.20513886591460206,,14.9,-0.17955333875475998,1.0403145671276508,0.7896659506988083,False,False,False
1109,13.350000381469728,2026-09-11,-0.011111082854094234,-0.014760133317333057,-0.035673326933187366,-0.07336687621646121,,40.7,-0.08131191320959663,0.7275460909611484,0.8945797826933566,False,False,False
1110,15.850000381469728,2026-09-11,-0.027607293046227666,-0.04518072185330846,0.022394596025095304,0.019169356305989815,,62.1,-0.023243990251313962,0.8907730791983588,0.9075188526641853,False,False,False
1240,54.900001525878906,2026-09-11,-0.010810783317497186,0.022074475753571576,0.04799251302116514,0.011373830996767476,,66.1,0.0023539267447558743,0.33523351059031636,0.97253709174249,False,False,False
1301,64.5999984741211,2026-09-11,-0.02121214433149854,0.12347823433254068,0.38016727287960417,0.4332505801090454,,93.2,0.3345286866031949,0.4662061727647637,0.9528022944896645,False,False,False
1303,234.5,2026-09-11,0.039911308203991025,0.2407407407407407,1.0139500467214062,1.8219420513874223,,98.3,0.9683114604449969,0.7015507869975393,0.9610655737704918,False,False,False
1304,12.350000381469728,2026-09-11,0.0,0.012295129061451027,-0.016508563988921754,-0.027989071672358423,,49.3,-0.06214715026533102,0.503357693113888,0.6844022269697914,False,False,False
1305,12.149999618530272,2026-09-11,-0.004098376353817046,0.01673638597969429,-0.0319028641324145,-0.10935067290167444,,36.7,-0.07754145040882376,0.5005535340635258,0.6637630004872381,False,False,False
1307,30.549999237060547,2026-09-11,0.0032840220563410405,0.0,-0.12144951359112344,-0.023979088519324843,,29.2,-0.1670880998675327,0.4432620748732392,0.8703287677247254,False,False,False
1308,14.300000190734863,2026-09-11,0.010600747438053393,0.0514705727669611,0.07796371714179928,-0.03019318734805776,,67.8,0.03232513086539002,0.5373431632844382,0.7473510883728793,False,False,False
1309,14.050000190734863,2026-09-11,0.02930407204272578,0.08076924544114328,-0.03770462217486237,-0.07229695730259289,,39.7,-0.08334320845127163,0.7433125604000248,0.5356172458619026,False,False,False
1310,8.630000114440918,2026-09-11,-0.010321118099983373,0.06019652953947485,0.02130181174423429,-0.27172997159257817,,32.2,-0.024336774532174976,0.3127948568251003,0.7044898052604831,False,False,False
1312,14.350000381469728,2026-09-11,-0.017123287223834494,0.2264957790944644,0.12992130684922154,0.051282108608207144,,77.8,0.08428272057281228,1.0459474759485043,0.9169329540736034,False,False,False
1313,11.949999809265137,2026-09-11,0.004201696835099522,0.0,0.0810684685965597,-0.039528876796463996,,67.4,0.03542988232015043,0.30385359810558044,0.8356643111800572,False,False,False
1314,8.119999885559082,2026-09-11,0.0,0.06005222549741718,0.03836313392739599,-0.07093820386676752,,57.0,-0.007275452349013278,0.2669423892255822,0.7807692484037418,False,False,False
1315,66.30000305175781,2026-09-11,0.007598783842102552,0.06483203428607398,0.11158064013964086,0.12269215410233247,,79.1,0.0659420538632316,1.6391165450211422,1.0,True,True,False
1316,10.699999809265137,2026-09-11,0.009433907943080966,0.06999998092651372,-0.022831050625997884,-0.16406252735760019,,33.8,-0.06846963690240715,0.9066524534839997,0.6504558852891599,False,False,False
1319,79.0,2026-09-11,-0.043583517440971664,-0.002525214090259187,-0.2076837177043912,-0.03038221040937361,,16.1,-0.25332230398080047,0.38350387234366173,0.7234191853893845,False,False,False
1321,32.0,2026-09-11,-0.01538461538461533,-0.010819118721167142,0.012658215623466695,-0.033232583831721785,,55.3,-0.03298037065294257,0.43924058540774497,0.8755130141713658,False,False,False
1323,21.649999618530277,2026-09-11,0.01882351146024841,-0.0023042001221755815,0.090680060577776,0.21950521168515946,,81.3,0.045041474301366735,0.7141618542573281,0.9177209305183555,True,False,False
1324,10.050000190734863,2026-09-11,-0.004950513747167706,-0.004950513747167706,-0.04739336407207895,-0.033653792368587676,,42.4,-0.09303195034848821,0.38840752802237344,0.7882353090772442,False,False,False
1325,25.549999237060547,2026-09-11,0.00196075439453125,-0.017307721651517394,-0.03402652173605791,-0.07090911865234373,,41.2,-0.07966510801246718,0.5350421404999584,0.7136871447363303,False,False,False
1326,70.19999694824219,2026-09-11,0.005730571332321688,0.17983188148306195,0.3760132414251849,0.7026926449816366,,94.6,0.3303746551487756,0.6300282162229828,0.944818224291868,False,False,False
1336,16.350000381469727,2026-09-11,0.012383948462139527,0.018691660976310587,0.0654446524885528,0.1345349871939603,,75.6,0.019806066212143536,0.7706725224731656,0.8984290268959315,False,False,False
1337,4.489999771118164,2026-09-11,-0.017505557448180498,-0.044680860993440596,-0.10735594754791478,-0.22984565525278255,,16.5,-0.15299453382432404,0.4545463676960133,0.698289252097583,False,False,False
1338,14.399999618530272,2026-09-11,-0.003460220857775087,-0.030303080900993207,-0.13998740352585093,-0.032130994627057485,,25.3,-0.1856259898022602,0.6787232989072663,0.6575432889187874,False,False,False
1339,42.95000076293945,2026-09-11,-0.0011627729548964183,-0.015152144680484092,0.006684805155789508,0.10064205101274637,,66.8,-0.03895378112061976,0.5103428823759245,0.9763760237713984,False,False,False
1340,5.21999979019165,2026-09-11,-0.001912089645385362,0.005780295306443195,-0.09532065728820804,-0.2945946320379794,,14.1,-0.1409592435646173,0.4773006008176602,0.6055684291755751,False,False,False
1341,57.900001525878906,2026-09-11,-0.026890730657497364,-0.0461284876749144,-0.017460280264026018,0.04560816186952876,,57.6,-0.06309886654043528,0.5171128861165761,0.9538715123250856,False,False,False
1342,99.3000030517578,2026-09-11,-0.03121948242187511,-0.04519227834848272,-0.14025971383759483,0.11573037136806508,,37.7,-0.1858983001140041,0.34907063243839304,0.8451064089511302,False,False,False
1343,29.600000381469727,2026-09-11,-0.043618751153190916,-0.10166920497427245,0.5497382089157861,-0.0033670161246093233,,92.6,0.5040996226393768,0.22989918224527914,0.5532710351676584,False,False,False
1402,28.649999618530277,2026-09-11,-0.017152658886559813,0.06307973311557724,0.0907051481270853,0.1006932949006496,,76.5,0.045066561850676035,0.41856061892762936,0.9439867959943292,False,False,False
1409,24.450000762939453,2026-09-11,-0.004073257728258395,0.008699441553373877,-0.0031909325415788725,0.5421756987938182,,85.3,-0.04882951881798814,1.258198128214883,0.8002773130228493,False,False,False
1410,24.399999618530277,2026-09-11,-0.006109964284798486,-0.061538476210374005,-0.008351392902664734,-0.22785292309014604,,31.1,-0.053989979179074,0.9575700560358975,0.6927573151576125,False,False,False
1413,9.279999732971191,2026-09-11,0.009793270587302505,-0.01902751632663202,-0.03131526024259179,-0.03232538213599967,,46.1,-0.07695384651900106,0.30780695625662063,0.8140350915351698,False,False,False
1414,17.299999237060547,2026-09-11,-0.030812388384044098,-0.10594320950878822,0.005813864516596823,-0.11835878442098335,,44.9,-0.03982472175981244,0.7344558752213715,0.8373483086734435,False,False,False
1416,11.300000190734863,2026-09-11,-0.038297856107671224,-0.038297856107671224,-0.004405303000385441,0.01549731596915871,,57.1,-0.050043889276794706,0.6430619712561348,0.9377593370847688,False,False,False
1417,8.079999923706055,2026-09-11,-0.024154567115350467,-0.025331729687973592,-0.03186765972909411,-0.03635489507606293,,45.7,-0.07750624600550338,0.5932619458793708,0.8990548271558575,False,False,False
1418,17.5,2026-09-11,-0.005681839733083893,-0.02777777777777779,-0.05913980424245602,-0.05405405405405406,,36.8,-0.10477839051886528,1.1403512010485146,0.7972664870949404,False,False,False
1419,67.0999984741211,2026-09-11,0.002989490936929462,0.0338982572652935,0.05012333523698298,0.08821920160832497,,71.5,0.0044847489605737145,0.44904170488048606,0.8645751157502639,False,False,False
1423,34.849998474121094,2026-09-11,-0.01692531102694983,-0.018309902137433998,-0.15617443343898718,-0.05043187662218129,,21.9,-0.20181301971539645,0.4812554489973844,0.8400836357764558,False,False,False
1432,15.0,2026-09-11,0.0,-0.006622541651882696,-0.021739110153428665,-0.10477456524879458,,39.6,-0.06737769642983793,0.4248663311176489,0.8720929845724334,False,False,False
1434,17.799999237060547,2026-09-11,-0.021978104896205664,0.011363571094088698,0.09057854619926431,0.11046755214594639,,77.1,0.044939959922855044,0.2857163853055335,0.9128204736954126,False,False,False
1435,22.649999618530277,2026-09-11,0.02954543720592162,-0.11176472084194988,0.7626458323839884,0.1889764055457892,,95.7,0.7170072461075792,0.4395657241193613,0.6853252690285011,False,False,False
1436,36.59999847412109,2026-09-11,-0.04563233558355717,-0.016129093454646415,-0.1016446662788405,-0.23722985056590828,,16.6,-0.14728325255524977,0.39481952521661146,0.5356253222582562,False,False,False
1437,31.850000381469727,2026-09-11,-0.006240214051535853,0.011111123221261066,0.08938253805417706,0.03040325778412778,,72.4,0.0437439517777678,0.48233867076981146,0.943643773080278,False,False,False
1438,21.350000381469727,2026-09-11,0.03900703163390551,0.03900703163390551,0.03438923711320774,-0.21505036425472746,,40.0,-0.011249349163201527,1.5774032327486818,0.616523370889495,False,False,False
1439,29.299999237060547,2026-09-11,0.006872812816805851,0.01913040824558432,0.1877384646823499,0.08605594882393963,,83.2,0.14209987840594063,0.4584715423311627,0.9647973199582468,False,False,False
1440,13.399999618530272,2026-09-11,-0.035971224008772174,-0.018315018826859042,0.042258792936958445,0.08775419754725511,,70.7,-0.0033797933394508206,1.0977673710502387,0.8785707032508366,False,False,False
1441,8.6899995803833,2026-09-11,-0.01250006908720036,-0.024691388417106164,-0.054406966575633486,-0.12575453247170043,,31.9,-0.10004555285204275,2.051750565979282,0.6207142557416644,False,False,False
1442,30.149999618530277,2026-09-11,0.0049999872843424775,0.010050225568733362,0.08453239014254765,0.10237657031104153,,75.8,0.03889380386613839,0.6607136767932186,0.6042083907130549,False,False,False
1443,23.5,2026-09-11,-0.00843885048527937,-0.08023480619471024,-0.14700542102420266,-0.052419325687633855,,22.9,-0.19264400730061193,0.900633526264658,0.8075601268707993,False,False,False
1444,6.760000228881836,2026-09-11,-0.046544417010428774,-0.06371185244835087,-0.061111054449904056,0.12106135881820945,,56.0,-0.10674964072631332,0.47162924970609893,0.6760000228881836,False,False,False
1445,10.300000190734863,2026-09-11,0.014778382053408645,0.009803959150949337,-0.06787330199585473,-0.17698266763698434,,25.2,-0.113511888272264,0.7805316779808716,0.6729072528754216,False,False,False
1446,13.300000190734863,2026-09-11,-0.007462644077774749,-0.04999998637608116,-0.137828348346982,-0.11154263898203332,,20.1,-0.18346693462339125,0.3587021274149899,0.7125036746452492,False,False,False
1447,6.489999771118164,2026-09-11,-0.03278692485515444,-0.060781488504842884,0.050161804432101276,0.19301465125980122,,77.3,0.00452321815569201,0.24934503868160937,0.6496496416227394,False,False,False
1449,12.199999809265137,2026-09-11,-0.004081648223254186,-0.02400001525878903,-0.14084507231437082,0.13488370318745457,,39.9,-0.1864836585907801,0.37345742147484057,0.7439024446976463,False,False,False
1451,17.0,2026-09-11,-0.01449275362318836,-0.02298848432756806,0.005917182469050486,0.009167075882482445,,58.2,-0.03972140380735878,0.5097827304762892,0.9577464788732394,False,False,False
1452,11.199999809265137,2026-09-11,-0.013215909001156212,-0.03030306283029227,0.04194937021070477,0.027868920324837898,,66.5,-0.0036892160657044926,0.669378986800572,0.8063142009618194,False,False,False
1453,10.949999809265137,2026-09-11,-0.017937203238352906,-0.010657873898441084,-0.027715415873923233,-0.0867611022617123,,40.9,-0.0733540021503325,0.5969264901294788,0.8056071469341249,False,False,False
1454,12.5,2026-09-11,0.028806616663257678,-0.007746003810433444,-0.03804384242595671,-0.023129717331279,,45.8,-0.08368242870236597,2.144536065208769,0.7591340848841086,False,False,False
1455,9.84000015258789,2026-09-11,-0.0120481812348876,-0.0050556308391456195,0.0006819930179122746,0.12830843645006929,,68.3,-0.04495659325849699,0.5920371286771583,0.8945454684170809,False,False,False
1456,14.350000381469728,2026-09-11,0.025000027247837675,0.05904060365120034,-0.017123287223834494,0.05904060365120034,,58.8,-0.06276187350024376,3.955670339172402,0.9198717968311849,False,False,False
1457,14.5,2026-09-11,0.0,-0.003436439180715789,-0.003436439180715789,-0.01919283709966224,,53.1,-0.049075025457125054,0.6403358957902185,0.9250126787805398,True,False,False
1459,15.5,2026-09-11,-0.009584640395304933,0.10320283199863045,0.1654135171214295,0.2062175882784787,,85.4,0.11977493084502022,0.977900725096376,0.9810126463852333,False,False,False
1460,6.46999979019165,2026-09-11,-0.019696987321116577,-0.03288494247341067,-0.09256666390685186,-0.048529469306904605,,32.1,-0.13820525018326113,0.2560491240277511,0.7540792363313905,False,False,False
1463,17.200000762939453,2026-09-11,-0.011494187354914032,-0.03098587251045337,-0.03098587251045337,-0.04178272802909799,,45.3,-0.07662445878686264,0.7209945795247952,0.8686869406916663,False,False,False
1464,9.989999771118164,2026-09-11,-0.01089114912840794,-0.02058823941900667,-0.020927855719851562,-0.043803341370347804,,47.0,-0.06656644199626083,0.6627034298882009,0.8597735017761348,False,False,False
1465,11.899999618530272,2026-09-11,0.0,-0.020576132333265162,-0.017104574957464203,-0.009113606007232655,,51.4,-0.06274316123387347,0.7290858870938024,0.8928866906075851,False,False,False
1466,14.800000190734863,2026-09-11,-0.0603173913088233,-0.0804945883476611,0.01958755483537078,-0.16733681380608267,,42.5,-0.026051031441038486,0.2560875122561464,0.7512749806552658,False,False,False
1467,7.960000038146973,2026-09-11,-0.028082973628866026,-0.09132422030050324,0.07567566696791173,0.12270802071020093,,76.1,0.03003708069150246,0.3116942096374362,0.7580952417282831,False,False,False
1468,13.149999618530272,2026-09-11,0.01153843219463635,-0.025925954182942856,0.09128625812314817,0.07786883804241285,,75.3,0.0456476718467389,0.9378718500359703,0.8795986479130702,False,False,False
1470,23.950000762939453,2026-09-11,0.002092098125826336,-0.002083301544189453,0.08827644914683463,0.1127871508764573,,77.0,0.04263786287042537,1.3128602671735132,0.9637827120839245,False,False,False
1471,9.479999542236328,2026-09-11,-0.026694069300988055,-0.0021053113435444137,-0.1420815041989718,-0.27076926598182094,,10.5,-0.18772009047538107,0.45547056584015255,0.6470989617122862,False,False,False
1472,89.5,2026-09-10,0.014739264135356978,0.0,0.060343227085187356,0.04645232147425693,,70.1,0.014704640808778091,0.7651498040114167,0.9881961757779503,False,False,False
1473,19.899999618530277,2026-09-11,-0.009950286524562979,-0.0025063229321806713,-0.024509804379889588,-0.16443665973309096,,33.6,-0.07014839065629885,0.4755775153620729,0.6282817920343046,False,False,False
1474,10.0,2026-09-11,0.0,-0.009901027494335302,0.004901956086523551,0.026026000559698836,,59.8,-0.040736630189885714,0.4475201941330292,0.8401639278586659,False,False,False
1475,26.049999237060547,2026-09-11,-0.013257590398753738,0.0038535056331832074,-0.04227946667728799,-0.02318215690062342,,44.7,-0.08791805295369726,1.4890562951568327,0.7025574100384878,False,False,False
1476,288.5,2026-09-11,-0.07827476038338654,-0.11638591117917307,-0.121765601217656,-0.18904969763828028,,17.4,-0.16740418749406527,1.06085404033534,0.6674193068081221,False,False,False
1477,196.5,2026-09-11,0.0,-0.07944732630406925,-0.07311320754716977,-0.2676611628093716,,18.4,-0.11875179382357903,0.5566509310285471,0.6176742629776202,False,False,False
1503,202.0,2026-09-11,-0.026506024096385583,0.002481389578163684,-0.08252312461336553,0.019167625532958033,,40.3,-0.1281617108897748,0.5813382818405775,0.7719814849544262,False,False,False
1504,69.5,2026-09-11,-0.03739608119620452,-0.012784112306419071,-0.02334147974502576,0.02276683935264212,,53.4,-0.06898006602143503,0.4215493759712553,0.5982544205265373,False,False,False
1506,9.920000076293944,2026-09-11,-0.017821811720525105,-0.036893214311077394,-0.055238087972005356,-0.13362443305310312,,31.1,-0.10087667424841462,0.9887715082798576,0.7162454731457023,False,False,False
1512,6.190000057220459,2026-09-11,-0.009599990844726514,-0.08160233420994023,-0.0976676477046512,-0.2104591917415698,,19.0,-0.14330623398106046,0.3441171366259127,0.6750272634372919,False,False,False
1513,165.0,2026-09-11,-0.0030211480362537513,-0.03508771929824561,0.005775743551293955,0.08216373903231688,,64.7,-0.03986284272511531,0.34477978480795474,0.9143415309274663,False,False,False
1514,100.5,2026-09-11,-0.014705882352941124,-0.019512195121951237,-0.13493004206571524,-0.09373623171096512,,21.8,-0.1805686283421245,0.2562381873402814,0.7001569471546046,False,False,False
1515,30.899999618530277,2026-09-11,0.0032467657125589966,0.013114741591156553,0.3093219965704903,0.2755499950987319,,90.7,0.26368341029408104,0.29946965204238063,0.6889632256366719,False,False,False
1516,13.949999809265137,2026-09-11,-0.027874603593816993,-0.07000001271565759,-0.3404255290367457,-0.40384615227864185,,0.8,-0.386064115313155,0.9592774171909515,0.5470588160496132,False,False,False
1517,10.449999809265137,2026-09-11,-0.04566210125199588,-0.10300427884619312,-0.018779325486279697,-0.0669642868546807,,45.2,-0.06441791176268896,0.33024600701598256,0.7333333199484307,False,False,False
1519,712.0,2026-09-11,-0.04557640750670244,-0.011111111111111072,0.009785618714650557,-0.1349393952247655,,43.6,-0.03585296756175871,0.9564218850438053,0.7377044805458354,False,False,False
1521,24.850000381469727,2026-09-11,-0.034951441496321345,-0.027397216301105143,-0.023298302367410817,0.021540344531664424,,53.2,-0.06893688864382008,1.1427729574671532,0.8616021159535397,False,False,False
1522,25.5,2026-09-11,-0.05380336630392368,-0.08765655442085185,-0.14875565783723144,-0.2763263418444851,,9.6,-0.1943942441136407,0.8909570847262771,0.5030080378382942,False,False,False
1524,26.049999237060547,2026-09-11,-0.031598527640282925,-0.03339523192580207,-0.12876255620698152,-0.06350009699136161,,24.5,-0.17440114248339078,0.6636250199968006,0.7636075850285367,False,False,False
1525,64.9000015258789,2026-09-11,-0.025525480288152824,-0.03709198729083263,0.03804661718562863,0.09329751973387346,,70.6,-0.007591969090780637,0.4721342090353988,0.9433139338243204,False,False,False
1526,15.149999618530272,2026-09-11,-0.03809526231553828,-0.13920458578619999,0.034129693721463905,-0.1293103476625279,,49.3,-0.01150889255494536,0.11211408120648851,0.64331210655365,False,False,False
1527,32.45000076293945,2026-09-11,-0.007645259760462708,-0.009160282047650292,0.0182699877237662,0.04490164171537314,,63.6,-0.027368598552643064,0.636891116329447,0.9141131126420764,False,False,False
1528,21.200000762939453,2026-09-11,0.10704967024780077,0.0927835659692422,-0.16535428813655428,-0.05357137839404835,,20.2,-0.21099287441296355,3.040918539645031,0.6687697240602096,True,False,False
1529,15.850000381469728,2026-09-11,-0.03647418563174043,-0.06764703638413361,-0.22978444439789536,-0.3806238344256685,,2.9,-0.2754230306743046,0.6466085408625731,0.6130017857532769,False,False,False
1530,27.450000762939453,2026-09-11,-0.028318557064090144,-0.05507740158835861,-0.02036754121115869,0.1351885589712607,,64.8,-0.06600612748756796,0.40073556000315286,0.8387077110352809,False,False,False
1531,11.649999618530272,2026-09-11,-0.03319506770731406,-0.036986806007146655,-0.02955039237323942,0.03010837720559789,,52.9,-0.07518897864964869,0.6774854996434327,0.9173228183854893,False,False,False
1532,22.600000381469727,2026-09-11,-0.017391287762185792,0.031963505713815454,-0.03176590536303159,0.005633765043141281,,49.7,-0.07740449163944085,0.6879710733357385,0.8308959194064739,False,False,False
1533,30.649999618530277,2026-09-11,-0.009693090048915498,-0.04368173640738815,-0.20801036138785178,0.0032733349907392295,,18.5,-0.25364894766426105,0.4905125858598744,0.7549261273511364,False,False,False
1535,45.04999923706055,2026-09-11,-0.006615198393705168,-0.023835368417085,-0.04945853864392025,-0.10952984924891385,,33.9,-0.09509712492032951,0.7186100178457158,0.8554873427633889,False,False,False
1536,47.34999847412109,2026-09-11,-0.049196803222362306,-0.07338552078233695,-0.05205209707919456,-0.09809526715959838,,34.5,-0.09769068335560382,0.4875213148250059,0.6942815336202373,False,False,False
1537,114.5,2026-09-11,-0.008658008658008698,-0.05193073543520488,-0.044465640701873754,-0.02917706474492887,,43.4,-0.09010422697828302,0.7810990040906872,0.9334835590762485,False,False,False
1538,8.850000381469727,2026-09-11,-0.012276747344746153,-0.038043416853436485,-0.24358969865439817,-0.4985835369549616,,1.5,-0.28922828493080743,5.211097285947585,0.31949458980919493,False,False,False
1539,15.5,2026-09-11,-0.006410280706692362,-0.03726710355611518,-0.022082042463476226,-0.10144927536231885,,40.4,-0.06772062873988549,0.17385325816978783,0.7192575660672842,False,False,False
1540,19.299999237060547,2026-09-11,-0.027707865684607924,0.005208253653516293,-0.08455017760277972,-0.10277819994151371,,28.5,-0.13018876387918898,0.3847393550674824,0.7241861781980037,False,False,False
1541,21.100000381469727,2026-09-11,-0.009389617969696284,-0.027649786192378567,0.01199040745448543,-0.1559999847412109,,41.9,-0.033648178821923835,0.5400904103622973,0.7189097140452277,False,False,False
1558,108.5,2026-09-11,0.018779342723004744,0.11971102467963424,0.26655279430363876,0.21939391424233023,,89.1,0.2209142080272295,1.3536678244288447,1.0,True,True,False
1560,790.0,2026-09-11,0.13669064748201443,0.11739745403111734,0.13129026170858982,0.728906620200449,,91.7,0.08565167543218055,1.1451277650236273,1.0,True,True,False
1563,76.0,2026-09-11,-0.13636363636363635,-0.06878310835210844,-0.0540000672358415,0.4875676166453633,,80.2,-0.09963865351225076,0.8035474740375357,0.8527324409728411,False,False,False
1568,28.200000762939453,2026-09-11,-0.04244482063216204,-0.06312291011464433,-0.33802812739370014,0.3104731599765116,,21.6,-0.3836667136701094,0.36138089386800315,0.5662650842362535,False,False,False
1569,50.59999847412109,2026-09-11,0.03901432610710609,0.201900244847395,0.015045135866741388,-0.007843167174096388,,58.5,-0.030593450409667877,2.501499303013969,0.7365356728071264,True,True,False
1570,32.0,2026-09-11,-0.02439022120941492,-0.06295758213215985,-0.2438634838042304,0.05859119900993304,,17.6,-0.28950207008063966,0.47581021052571393,0.5988381041308839,False,False,False
1580,97.6999969482422,2026-09-11,-0.046829298065929725,-0.10776258494755975,-0.1538605073797238,-0.20211939335639373,,12.7,-0.19949909365613305,1.839317396212015,0.752124004483941,False,False,False
1582,70.0999984741211,2026-09-11,-0.053981107724273,-0.06657789749120913,-0.2096955931686726,-0.1974428464503355,,8.3,-0.25533417944508185,0.3752951973172186,0.6064511295862627,False,False,False
1583,47.900001525878906,2026-09-11,-0.021450443732281,0.06671092075923579,0.013995525940966314,0.21397157592711014,,74.5,-0.03164306033544295,0.5579552385164747,0.8720362156870983,False,False,False
1584,17.850000381469727,2026-09-11,-0.008333312140570759,-0.005571051655674175,-0.08416119083869666,-0.20142092437821657,,21.3,-0.12979977711510593,0.34231040039967675,0.6851445627828996,False,False,False
1586,18.0,2026-09-11,0.0,-0.040000000000000036,-0.1327749273643093,-0.21568630058317495,,14.4,-0.17841351364071856,0.3056000714281525,0.5921052705878367,False,False,False
1587,23.600000381469727,2026-09-11,-0.018710971720006575,-0.036734678307358104,-0.15864523980846823,-0.37066665649414066,,6.1,-0.2042838260848775,0.6162525920942499,0.4154929700434103,False,False,False
1589,5.539999961853027,2026-09-10,0.0,0.0,0.0,-0.23691462986272083,,31.5,-0.045638586276409265,,0.23083333174387613,True,True,False
1590,1285.0,2026-09-11,-0.07885304659498205,-0.12585034013605445,0.0019436911133026147,0.2868101265250258,,77.1,-0.04369489516310665,0.9934747140103508,0.8056426332288401,False,False,False
1591,37.5,2026-09-11,0.04895104895104896,0.030219737033226224,0.20385234219047255,-0.1573033707865169,,74.9,0.15821375591406328,2.6737831675077004,0.5539143528864469,False,False,False
1593,31.549999237060547,2026-09-11,-0.0062992366280142376,-0.0047319092198342405,0.05940005472073984,-0.013608461508049174,,65.8,0.013761468444330571,0.32172494827704545,0.9515120905695456,False,False,False
1594,7.789999961853027,2026-09-10,-0.012674259356750928,-0.005108552010572032,-0.1025345981603315,-0.013924067365379988,,33.2,-0.14817318443674077,0.11912002582816508,0.4961783475472316,False,False,False
1595,62.400001525878906,2026-09-11,-0.09302327386619769,-0.053110772670097006,-0.16910781899174754,0.5522388144680268,,72.8,-0.2147464052681568,0.524519503066148,0.6208955375709344,False,False,False
1597,147.0,2026-09-11,-0.05161290322580647,-0.014892077532550951,-0.043584461535559615,0.9545792953157355,,90.3,-0.08922304781196888,1.5414245336982946,0.6686252984986422,False,False,False
1598,20.5,2026-09-11,0.014851446818306524,0.014851446818306524,0.002084182163152537,0.06281649678393308,,62.2,-0.04355440411325673,0.9400353241293156,0.8642204164489277,False,False,False
1599,23.5,2026-09-11,0.026200890456968162,-0.010526315789473717,0.0021321635579460985,-0.09441235803115766,,46.4,-0.04350642271846317,0.5195466917953491,0.7580645161290323,True,False,False
1603,30.0,2026-09-11,-0.013157882353605599,-0.004975111788661057,0.0018794667272730159,-0.07082585144641151,,48.7,-0.04375911954913625,0.5489937086581677,0.7452863786639939,False,False,False
1604,23.450000762939453,2026-09-11,-0.002127627108959418,0.01295901293099977,0.004282671513319736,-0.003006254000891828,,57.0,-0.04135591476308953,0.6110991822136538,0.9736267069277299,False,False,False
1605,37.400001525878906,2026-09-11,-0.02604166563186383,-0.04834599867854228,-0.06499996185302737,0.18393737568304713,,61.1,-0.11063854812943663,0.4933478797239244,0.8565505918771119,False,False,False
1608,36.20000076293945,2026-09-11,-0.008219157179740977,-0.01630430670000793,0.09587318209281737,0.17772962692868854,,80.1,0.0502345958164081,0.575732112403373,0.9476439801032585,False,False,False
1609,37.84999847412109,2026-09-11,0.01338688140366151,0.0026489662018831517,0.006479226185186704,0.07227131231294015,,64.0,-0.03915936009122256,0.5064110651433588,0.8149715618486053,False,False,False
1611,11.550000190734863,2026-09-11,-0.017021260362990343,-0.041493775276820744,-0.13157894548145177,-0.07251320558205077,,23.8,-0.17721753175786104,0.579050200314451,0.7700000127156575,False,False,False
1612,34.849998474121094,2026-09-11,0.0,0.016034963536275537,-0.01921089774496354,0.0942330723709719,,61.5,-0.0648494840213728,0.4805676504916019,0.9192635119606556,False,False,False
1614,31.100000381469727,2026-09-11,0.016339869077347524,0.009740297137676546,0.004938667726415602,-0.0059676603033326225,,56.7,-0.04069991854999366,1.5734635482942587,0.8514619655228377,True,False,False
1615,43.70000076293945,2026-09-11,-0.006818164478648803,-0.010192542409668603,0.0405445383799643,0.015634955978367948,,65.0,-0.005094047896444964,0.3893286601010552,0.9278017127050121,False,False,False
1616,18.799999237060547,2026-09-11,-0.01052635594418172,-0.04568535487430181,-0.11652383825326418,-0.21699762397096334,,15.9,-0.16216242452967344,1.239680386175053,0.5324416427696865,False,False,False
1617,17.5,2026-09-11,-0.05660373478413849,-0.05913980424245602,0.09805478796774159,0.20019946116184562,,81.1,0.05241620169133232,0.28564703587330253,0.676516906507762,False,False,False
1618,38.79999923706055,2026-09-11,-0.021437635715185976,-0.012234528950095802,-0.04713784526331477,-0.024149622139566618,,43.3,-0.09277643153972404,0.40657959967956464,0.8073652807878459,False,False,False
1623,205.5,2026-09-11,-0.012019230769230727,-0.03971962616822433,-0.04195804195804198,0.08937659385550623,,56.9,-0.08759662823445125,0.635029916024343,0.6295956000084147,False,False,False
1626,9.649999618530272,2026-09-11,-0.0010352203974948182,0.009414141732556613,-0.04926108559523279,-0.07211538726056121,,37.2,-0.09489967187164206,0.49640641933577084,0.7539062089635995,False,False,False
1708,48.5,2026-09-11,-0.05273438911535755,-0.016227165303060676,0.0232067181162543,0.28768034535885545,,78.7,-0.022431868160154966,0.30279641869763674,0.7860615786107392,False,False,False
1709,36.20000076293945,2026-09-11,0.06470590479233684,0.216704950415328,0.7632154110939944,1.1808191090749331,,97.3,0.7175768248175851,1.4392473095519163,0.9945054737759486,False,False,False
1710,16.0,2026-09-11,0.0031348082340301175,0.08108106714865881,0.16363636363636358,0.13475174234940157,,83.3,0.11799777735995431,0.4020543759270903,0.8488063488703488,False,False,False
1711,38.45000076293945,2026-09-11,-0.09101651403217925,-0.031486145490629114,-0.13789233008046264,0.1904025285184059,,47.1,-0.1835309163568719,0.484819257462371,0.6201613026280557,False,False,False
1712,40.25,2026-09-11,-0.009840135568611297,0.028097022509538716,0.008771891246522445,-0.07884646981370869,,49.2,-0.03686669502988682,0.6688986117807741,0.8964364951480281,False,False,False
1713,42.54999923706055,2026-09-11,-0.0207134985057712,-0.07500001658564026,-0.09785946968254022,-0.028612078284574682,,32.6,-0.1434980559589495,1.3012252883686313,0.8644799813870103,False,False,False
1714,15.350000381469728,2026-09-11,-0.07807803404474178,-0.0708534991548826,-0.0708534991548826,0.6811211204938197,,85.6,-0.11649208543129186,0.4305530286036202,0.6820547967960341,False,False,False
1717,70.9000015258789,2026-09-11,-0.0683311045007513,-0.09335032873715954,-0.004213419034011512,0.10988169190641939,,65.4,-0.04985200531042078,0.48370081914363333,0.8302107758674215,False,False,False
1718,10.399999618530272,2026-09-11,-0.01886799582470633,-0.05454548922452074,0.12068964631322121,0.38666661580403616,,87.2,0.07505106003681195,0.31160581180898494,0.6842105098048072,False,False,False
1721,22.399999618530277,2026-09-11,0.09803921751955857,0.12280695548353648,-0.04273504343171475,0.18205797977264426,,65.0,-0.08837362970812401,1.3178540963703307,0.6446043055692166,False,False,False
1722,43.25,2026-09-11,-0.03459819784501961,-0.009704050056477342,-0.07457498236524329,-0.04827345376401848,,34.9,-0.12021356864165256,1.4578619454274455,0.8916570575429091,False,False,False
1723,81.69999694824219,2026-09-11,-0.05000003548555598,-0.02272729139423446,-0.07142486134346626,0.09818353210079156,,51.1,-0.11706344761987553,1.0663531576176375,0.9108138208230254,False,False,False
1725,32.900001525878906,2026-09-11,0.02812504768371582,0.057877849592621544,0.00877322978301387,0.15068542497789572,,70.3,-0.036865356493395396,0.3206631307979832,0.824914182808671,False,False,False
1726,76.9000015258789,2026-09-11,-0.006459948193060727,-0.014102544540014028,0.026998004781920937,0.0720657766109194,,67.9,-0.01864058149448833,0.7453670665663903,0.9808673473111493,False,False,False
1727,89.5999984741211,2026-09-11,-0.05385426228586354,0.17277482571477387,0.04851625416337901,0.47620048711639185,,86.2,0.002877667886969748,0.4318362653593777,0.8588803040235852,False,False,False
1730,51.400001525878906,2026-09-11,-0.0019417179440989196,-0.0019417179440989196,0.02571769283207348,0.02765301572817891,,63.3,-0.019920893444335785,0.38975437400166274,0.990366088915225,False,False,False
1732,26.0,2026-09-11,-0.003831432184220329,0.009619819273338326,0.005802693087687549,0.009619819273338326,,58.3,-0.039835893188721716,0.37486804623234066,0.7965113921417507,False,False,False
1735,19.950000762939453,2026-09-11,-0.014814777138792423,-0.029197007123924257,-0.11141413449764093,-0.1357332786877118,,22.1,-0.1570527207740502,0.2425693771742305,0.6475184388259498,False,False,False
1736,128.5,2026-09-11,0.0239043824701195,-0.08540925266903909,0.13283036888319422,0.027857715985116327,,77.4,0.08719178260678495,0.42455777905220443,0.7273638095613193,False,False,False
1742,17.5,2026-09-11,-0.016853890444890163,-0.008498562140068944,0.11464969507022649,0.04477611940298498,,76.1,0.06901110879381722,0.6755907135211232,0.9459459459459459,False,False,False
1773,159.0,2026-09-11,-0.021538461538461506,-0.009345794392523366,-0.08357348703170031,0.0808353038445897,,46.9,-0.12921207330810958,0.8978720807140347,0.8341830957310197,False,False,False
1776,17.600000381469727,2026-09-11,0.02325579074346007,0.017341107377999654,-0.0249306855740401,0.21820561769272184,,70.4,-0.07056927185044937,0.2905494074832617,0.8606356833670811,True,False,False
1785,95.9000015258789,2026-09-11,-0.059803906609030344,-0.1201834722396431,-0.32981549433032176,0.18916885929974758,,15.0,-0.375454080606731,0.3698561069698702,0.5270910554908435,False,False,False
1802,58.20000076293945,2026-09-11,-0.015228388061223508,0.02284708615463371,-0.13649852454984024,0.00866551115058467,,29.5,-0.1821371108262495,0.35799143128603506,0.7597911478105579,False,False,False
1805,10.100000381469728,2026-09-11,0.0,0.014056259315918807,-0.014634109124904593,-0.014634109124904593,,51.3,-0.06027269540131386,0.664529342440989,0.7829457891581276,False,False,False
1806,8.029999732971191,2026-09-11,-0.001243809568318821,0.00752822388444474,-0.0016660902380177811,-0.05146698173040376,,50.2,-0.047304676514427046,0.3790941088675202,0.8606689001635872,False,False,False
1808,34.45000076293945,2026-09-11,-0.007204610792602817,0.04078556951819334,0.05674853912299871,0.09713379558798652,,72.6,0.011109952846589444,1.1485899870065823,0.8013025648287798,False,False,False
1809,37.45000076293945,2026-09-11,-0.007946999657233,-0.07187107362696876,-0.2682420100479739,0.44944368905112086,,46.7,-0.31388059632438314,0.34956946705879843,0.6323076712018376,False,False,False
1810,23.549999237060547,2026-09-11,-0.028866010842864,-0.05988024134471048,0.15158916178326365,0.34348896551851715,,87.6,0.10595057550685438,0.13412057033512156,0.6896046320587814,False,False,False
1815,127.5,2026-09-11,0.13415947855354426,0.4949710151487692,0.4132270675374292,0.250213023561042,,92.3,0.36758848126101995,1.6478751904646451,0.9955400002430518,False,False,False
1817,40.45000076293945,2026-09-11,0.009987553895101309,0.02534854196858305,0.0712122034075009,0.10724263433261694,,74.7,0.02557361713109163,0.8963118818319795,0.9987654509367766,False,False,False
2002,18.899999618530277,2026-09-11,-0.01047124392382126,-0.015625058983760542,0.0026106820626961014,-0.002638582712195081,,56.4,-0.043027904213713164,0.6017357584199766,0.8964519690555786,False,False,False
2006,82.5,2026-09-11,0.011029430670447038,-0.03395786269394985,0.19565217391304346,0.12635377256391767,,85.0,0.1500135876366342,0.28365133693726696,0.9322033898305084,False,False,False
2007,6.809999942779541,2026-09-11,-0.027142865317208442,-0.028530710352658084,-0.09320908984932452,-0.13468868592038596,,24.5,-0.1388476761257338,0.7439539432435305,0.7541528398848367,False,False,False
2008,30.549999237060547,2026-09-11,-0.008116883317944468,-0.016103059976993905,0.0431988726651118,0.12487276091159027,,72.7,-0.002439713611297467,0.41177325262464354,0.9729299238281482,False,False,False
2009,39.0,2026-09-11,-0.01015232259867238,-0.01763226069237045,-0.04875367070288539,-0.07116232266111089,,37.3,-0.09439225697929465,1.5140763299188944,0.7181996116349898,False,False,False
2010,22.049999237060547,2026-09-11,-0.022172949752399918,-0.028634427490421666,-0.026979497514370676,-0.004865425642537002,,49.6,-0.07261808379077994,0.5291029607665553,0.9334208683275492,False,False,False
2012,14.100000381469728,2026-09-11,-0.02758618058829465,-0.0502482664771392,0.006205431278528906,-0.04393771187383222,,52.8,-0.03943315499788036,0.49943113697849356,0.8222136209566869,False,False,False
2013,41.45000076293945,2026-09-11,-0.007185610468516068,0.0036319982723946875,0.0160219409525737,-0.0013360714664506501,,59.4,-0.029616645323835566,0.6141307070566081,0.9710153863916621,False,False,False
2014,16.649999618530273,2026-09-11,-0.02058825773351336,-0.03757223394194298,-0.08264462983616683,-0.04034586441203036,,34.2,-0.1282832161125761,0.6323327358940439,0.834586415127387,False,False,False
2015,64.4000015258789,2026-09-11,-0.0077041600653988684,0.012578664637599601,0.00625002384185791,0.008638332270848315,,58.3,-0.039388562434551355,0.493916367189555,0.9599947456980402,False,False,False
2017,8.770000457763672,2026-09-11,-0.04152996465672398,-0.006794956564076693,-0.08835752992797574,-0.08455109315168274,,29.9,-0.133996116204385,0.7534545024131277,0.8082949446473382,False,False,False
2020,21.600000381469727,2026-09-11,-0.0114416473974992,0.028571446736653572,0.009345830210495398,-0.022474853672751816,,55.7,-0.03629275606591387,0.8696953566839958,0.9105713433407066,False,False,False
2022,7.300000190734863,2026-09-11,-0.03311258194493727,-0.051948003693320643,-0.07006365867254727,-0.19337016167044963,,24.0,-0.11570224494895653,0.5395190573583798,0.7433808979222717,False,False,False
2023,13.899999618530272,2026-09-11,0.003610053117936163,0.014598526426976788,0.0,-0.0446735782600538,,51.0,-0.045638586276409265,0.596039683857964,0.8580246274018167,False,False,False
2024,13.149999618530272,2026-09-10,-0.0075471986014888914,-0.011278238349882619,-0.07394367639707766,-0.117449667436476,,29.4,-0.11958226267348693,1.8904614689496493,0.6813471574278186,False,False,False
2025,12.300000190734863,2026-09-11,-0.03149603342816265,-0.03149603342816265,-0.1799999872843424,0.16037733472509785,,34.7,-0.22563857356075168,0.6486608199731587,0.8039215710718296,False,False,False
2027,46.5,2026-09-11,-0.07370519336069425,-0.07738098031358931,0.1073430027349056,0.32244941531957516,,85.5,0.061704416458496336,0.9858301348805217,0.9117647058823529,False,False,False
2028,15.699999809265137,2026-09-11,-0.0031746152847532683,-0.006329137991299971,-0.05089647058199531,-0.08107025066901974,,35.8,-0.09653505685840458,0.9275586222363079,0.7773830781146454,False,False,False
2029,21.100000381469727,2026-09-11,-0.03211004037104759,-0.014018656187301137,0.029484018280138136,0.06742574585111849,,68.0,-0.01615456799627113,1.4839134574588098,0.9398663547620759,False,False,False
2030,23.5,2026-09-11,0.0021321635579460985,0.08045977011494254,0.2600536450762636,0.5731193139175865,,92.5,0.21441505879985434,1.2733806405102543,0.9873949896354031,False,False,False
2031,43.95000076293945,2026-09-11,-0.022246940668007364,-0.04352557055043793,0.12692309648562694,0.19410884156746966,,82.8,0.08128451020921768,0.3711867333805354,0.9441461113483517,False,False,False
2032,17.0,2026-09-11,-0.017340997126628732,-0.011627950817908794,-0.050279309369290925,0.15611570683168186,,61.4,-0.09591789564570019,0.5075121164965364,0.9115281687785737,False,False,False
2033,28.399999618530277,2026-09-11,0.0902111497234308,0.37864073265148424,0.7974683085880003,0.7530863136439236,,96.6,0.7518297223115911,1.5802367844815188,1.0,True,True,False
2034,20.25,2026-09-11,-0.040284377540400707,0.009975100775553747,0.022851758139180056,0.0637658407630457,,66.2,-0.02278682813722921,0.7462318244334277,0.9434730131523126,False,False,False
2035,27.049999237060547,2026-09-11,0.03244268890722468,-0.0018450606533337854,-0.03392859867640907,-0.040780194849861284,,44.3,-0.07956718495281834,1.127253474995289,0.8868852208872311,False,False,False
2038,12.100000381469728,2026-09-11,-0.05098036223766833,-0.05836575702219693,-0.1263537871335636,-0.17687071166876323,,17.5,-0.17199237340997287,0.4780046301708435,0.7289156688801487,False,False,False
2049,359.0,2026-09-11,-0.011019283746556474,-0.05774278215223094,0.0958917585692467,0.5140308041509962,,88.4,0.050253172292837434,1.2736494657637996,0.8817981506821847,False,False,False
2059,12080.0,2026-09-11,-0.12842712842712845,-0.009186034254670794,0.7417541943704649,2.602558357199466,,98.4,0.6961156080940556,0.9090840702819996,0.8354657998478456,False,False,False
2061,47.04999923706055,2026-09-11,-0.12870371783221213,-0.16429840364741977,0.18364777954869305,1.7118154583622505,,96.3,0.13800919327228378,0.8293015611370002,0.5668674606874765,False,False,False
2062,18.100000381469727,2026-09-11,-0.016714259706405277,0.022827994381007022,-0.006471807147580444,-0.05798801660272013,,48.2,-0.05211039342398971,1.6612853223128414,0.8065852852104984,False,False,False
2063,24.049999237060547,2026-09-11,0.01050420201739799,-0.01232037534740571,-0.038000030517578165,-0.10261194321965295,,36.2,-0.08363861679398743,0.6535721562883252,0.8166383230565348,False,False,False
2064,12.25,2026-09-10,-0.008097196630031833,0.0,-0.13427559503550146,0.04700856407701148,,32.8,-0.17991418131191073,1.5087056865783142,0.7954545651585608,False,False,False
2065,35.04999923706055,2026-09-11,-0.03840882020782721,-0.029085852671524304,0.0014285496303012568,0.18862726484657477,,71.7,-0.04421003664610801,1.2138988208775319,0.9346666463216146,False,False,False
2066,51.29999923706055,2026-09-11,-0.062157248235039986,-0.08775954327695845,-0.12664191543563208,-0.006066341883797399,,30.1,-0.17228050171204135,0.14349170416311768,0.7297923356752772,False,False,False
2067,4.800000190734863,2026-09-11,-0.004149373488428698,-0.2368839078147167,-0.2429021963389737,-0.3916349465195994,,2.4,-0.28854078261538296,0.4868227323328851,0.4067796706057456,False,False,False
2069,24.649999618530277,2026-09-11,0.17380950564429898,0.22029696472859306,0.2872062720397126,0.35442334743193293,,90.9,0.24156768576330334,4.299517216555255,1.0,True,True,False
2070,60.0,2026-09-11,-0.04761904761904767,-0.03759174722000291,-0.07443743526974866,0.6136973197175981,,83.6,-0.12007602154615793,0.37009928736140574,0.7334859066194036,False,False,False
2071,34.0,2026-09-11,0.0,0.002949807363423096,0.6504854063296011,0.7085427463194638,,96.2,0.6048468200531918,0.1705955888323555,0.9405255481292366,False,False,False
2072,127.0,2026-09-11,-0.06617647058823528,-0.126666014706049,-0.2503676526217721,-0.4724233112462556,,1.5,-0.29600623889818134,0.939908479072841,0.4411998071311436,False,False,False
2073,25.25,2026-09-11,-0.050751893312384055,-0.013671889697434159,-0.01838492119545776,-0.10449148026180943,,41.0,-0.06402350747186702,0.7434850519277669,0.8859649122807017,False,False,False
2101,30.25,2026-09-11,-0.035087731039388226,-0.10038195322082721,-0.08434121137506734,-0.014511366164951078,,35.6,-0.1299797976514766,0.7509235993062814,0.6916840448533411,False,False,False
2102,17.950000762939453,2026-09-11,-0.016438314359482065,-0.050264490728317734,-0.01101922092530705,-0.04010695023533828,,49.0,-0.056657807201716315,1.1998464423085549,0.8527316585996236,False,False,False
2103,25.75,2026-09-11,-0.08849557522123896,-0.08362990567855688,0.16964016132912763,0.20198033959082817,,85.6,0.12400157505271836,0.8653374706816271,0.8940972459077106,False,False,False
2104,10.5,2026-09-11,0.019417456850636006,0.029411783955364257,-0.00943399791235322,-0.1532257804017152,,36.9,-0.055072584188762486,1.209250140693817,0.7664233683345735,False,False,False
2105,30.399999618530277,2026-09-11,-0.017770634276292663,-0.009772024005006985,-0.05303779280134613,0.09190552795518703,,54.6,-0.0986763790777554,0.3847101525909742,0.8338187314895633,False,False,False
2106,16.700000762939453,2026-09-11,-0.034681994253257575,-0.05113634085359697,-0.0424803968218469,-0.05035037514783347,,41.6,-0.08811898309825617,0.6410241787714467,0.815581428991001,False,False,False
2107,26.75,2026-09-11,-0.0018656432270118817,0.04492185942945093,0.06150790437038656,0.1298004138258264,,74.9,0.01586931809397729,0.8114531342354618,0.9889094548790403,False,False,False
2108,29.100000381469727,2026-09-11,-0.020202032527164904,-0.039603923623967474,-0.0299999872843425,0.17195635715369928,,66.6,-0.07563857356075177,0.6410072129192521,0.9051321617526487,False,False,False
2109,14.699999809265137,2026-09-11,-0.00675678244466027,-0.003389843439651763,0.01030925199752164,0.006735510687129631,,59.0,-0.035329334278887625,0.7887527952626331,0.9185321974109828,False,False,False
2114,89.19999694824219,2026-09-11,0.004504435616418112,0.01019245600656249,-0.005574136198560953,0.06012649389999525,,60.7,-0.05121272247497022,0.5041870664341195,0.9856353253949413,False,False,False
2115,23.75,2026-09-11,-0.002100808347199057,0.032608695652173836,0.11888111888111896,0.13131314599678356,,80.0,0.0732425326047097,1.0554450837296843,0.9427609121700021,False,False,False
2201,30.0,2026-09-11,-0.03536978675167923,0.06580646682659896,0.08856388636929569,0.09833558093778194,,76.2,0.04292530009288642,0.9817523300558098,0.7056204635963915,False,False,False
2204,52.79999923706055,2026-09-11,-0.024029561436723523,0.03124996973201677,0.013688066955015454,-0.005943139000377462,,58.4,-0.03195051932139381,0.3927453622629794,0.8822254292890213,False,False,False
2206,63.09999847412109,2026-09-11,-0.0047319092198343515,0.03612474372939567,0.05696597287847016,0.14261669689115664,,75.1,0.011327386602060896,0.46211985251340054,0.9737653626917443,False,False,False
2207,530.0,2026-09-11,-0.016697588126159513,0.011450381679389388,0.1434735706580368,0.13117134877950432,,81.8,0.09783498438162752,0.4612191179581051,0.8898184245838736,False,False,False
2208,19.100000381469727,2026-09-11,0.015957508328925174,-0.0026109262692709523,0.06111113230387377,-0.11162788923396616,,57.5,0.015472546027464507,0.3034150318604159,0.6496598853501804,False,False,False
2211,82.69999694824219,2026-09-11,-0.003614494599491702,-0.030480726969470462,-0.07082199647123966,-0.13757844984802903,,27.8,-0.11646058274764892,0.4089446191227045,0.7341274082213245,False,False,False
2221,95.4000015258789,2026-09-11,0.0506607744440164,0.7765363160240086,1.2253318972681897,2.167783393536559,,98.5,1.1796933109917804,3.7122236927142636,0.9886010520816467,False,False,False
2227,47.09999847412109,2026-09-11,-0.011542561052366618,-0.013602274302372597,-0.050714244965749056,-0.048830788930799396,,39.3,-0.09635283124215832,0.9535702532080593,0.8351729328628074,False,False,False
2228,74.69999694824219,2026-09-11,0.012195038743469722,-0.006648936440039166,-0.09259405654305275,-0.12088739116006386,,25.7,-0.13823264281946201,0.6934658754209788,0.6661967740846825,False,False,False
2230,21.799999237060547,2026-09-11,-0.04385965059044994,-0.14509806913488055,-0.1667067292707738,-0.3691452571024352,,5.9,-0.21234531554718306,0.33690968071438354,0.2077419415347127,False,False,False
2231,89.30000305175781,2026-09-11,-0.01434873558783345,-0.09445098015854148,-0.04835740503965125,0.0930560993983991,,55.8,-0.09399599131606051,0.15706296978103895,0.6104755111526878,False,False,False
2233,160.5,2026-09-11,-0.047477744807121636,-0.21130221130221127,-0.44014629768351,-0.2757742038184985,,0.6,-0.48578488395991926,0.39387601124090843,0.4299794169644241,False,False,False
2235,28.799999237060547,2026-09-11,0.019468999541966348,0.06077346746642753,0.01333329575150155,-0.1314285786600612,,45.1,-0.032305290524907715,2.44715026793816,0.8216216045621443,True,False,False
2236,123.0,2026-09-11,0.012345679012345734,-0.03149606299212604,-0.0786516853932584,0.08849557522123885,,48.5,-0.12429027166966766,0.5221284477780892,0.6666666666666666,False,False,False
2237,27.200000762939453,2026-09-11,-0.018050541019080546,-0.005484446670498078,-0.28888886894275945,-0.10819669629706707,,6.3,-0.3345274552191687,0.7785643349038656,0.6491646723721426,False,False,False
2239,19.25,2026-09-11,-0.03022671888862205,-0.007731939251534925,-0.15570172613383937,-0.2078189051692917,,12.1,-0.20134031241024863,0.392094708958686,0.49870468292650155,False,False,False
2241,33.900001525878906,2026-09-11,-0.04101830299380904,0.018018087164116237,-0.23905719177481044,0.17301044890473616,,25.8,-0.2846957780512197,0.20991394717956213,0.6569767931849989,False,False,False
2243,50.0,2026-09-11,0.08695652173913038,0.2594458196251661,0.2224938419223088,2.2051281267526055,,97.2,0.17685525564589955,0.7700168779638357,0.7575757575757576,True,False,False
2245,23.700000762939453,2026-09-11,-0.04627764993467809,-0.05389215629690802,0.006016933104013411,-0.0502637038323388,,52.0,-0.039621653172395854,1.0035198119502207,0.8357679355170765,False,False,False
2247,230.0,2026-09-11,-0.006479481641468721,0.024498886414253906,0.001210357343027102,-0.0273956639416012,,53.2,-0.04442822893338216,0.4069140037918417,0.7855727064183845,False,False,False
2248,59.29999923706055,2026-09-11,-0.03577237012909684,0.027729609236829766,0.10591363620938732,0.2839940688181628,,84.6,0.06027504993297805,0.41955883381389864,0.8863975767492553,False,False,False
2249,89.5,2026-09-11,-0.05291005291005291,0.07244010497182707,-0.10209045301211028,-0.22249980066976283,,17.8,-0.14772903928851955,0.4461677033740157,0.7299552255485922,False,False,False
2250,55.79999923706055,2026-09-11,-0.03124998758236519,-0.022951069988119244,-0.04054116455287038,-0.08544563067437372,,37.5,-0.08617975082927964,0.25934679362107516,0.6087532224815495,False,False,False
2252,28.299999237060547,2026-09-11,0.21459228170476052,0.6549706786982068,0.7048191919713034,1.0286738081719977,,96.8,0.6591806056948941,1.3254325884150941,1.0,True,True,False
2254,65.80000305175781,2026-09-11,0.05958139562883602,0.10961220739164834,0.10033451323154563,-0.032352896297679234,,70.4,0.054695926955136365,7.299625930036584,0.764227691264538,True,True,False
2255,16.799999237060547,2026-09-11,0.2444443879304108,0.12374578270221037,-0.0561797776888634,-0.04000004359654019,,39.1,-0.10181836396527266,2.234061225543338,0.5599999745686849,True,False,False
2256,79.0999984741211,2026-09-11,-0.052694629052442044,0.001265803469887361,0.07327003730639503,0.3096025906593729,,83.0,0.027631451029985765,0.8070043001103685,0.805498991164042,False,False,False
2258,30.549999237060547,2026-09-11,0.00825082529026,-0.0438185130656662,-0.0438185130656662,-0.052713201951611,,41.1,-0.08945709934207546,0.87677875870831,0.7022988330358746,False,False,False
2301,277.0,2026-09-11,-0.10064935064935066,0.037311145482177066,0.3472547272360651,0.7040556653097532,,94.1,0.30161614095965583,0.6743944752320081,0.8724409448818897,False,False,False
2302,41.0,2026-09-11,-0.04872386423359176,-0.09292036929307157,0.08689745949101635,1.2325462367405033,,94.3,0.041258873214607084,0.3552885723906705,0.7400721817823008,False,False,False
2303,140.5,2026-09-11,0.0807692307692307,0.12851405622489964,0.009926175577264607,1.401757325897329,,94.5,-0.03571241069914466,1.2562861039089572,0.800585740495085,False,False,False
2305,41.04999923706055,2026-09-11,0.33063204957746195,0.3436988629205049,0.4873187923801976,1.8506944669801522,,97.5,0.44168020610378833,3.2936695955730784,0.9624852935152295,True,False,False
2308,1620.0,2026-09-11,-0.11232876712328765,-0.14058355437665782,-0.26313526421554434,0.1757913000211484,,22.7,-0.3087738504919536,0.9416773807790559,0.6462186704676475,False,False,False
2312,30.450000762939453,2026-09-11,-0.073059294449354,-0.08144798306665746,-0.12642648301922144,0.35825367008495257,,65.8,-0.1720650692956307,0.36978776724193013,0.7135525720273957,False,False,False
2313,221.5,2026-09-11,-0.11222444889779559,0.04481132075471694,-0.13482369116090254,0.05772305527435795,,33.7,-0.1804622774373118,0.837363407340575,0.749442005772411,False,False,False
2314,10.5,2026-09-11,-0.07488989893405273,-0.07894733760055184,-0.3312101829578641,-0.3731343283582089,,1.2,-0.37684876923427335,0.6711859026648253,0.4019488556810568,False,False,False
2316,158.0,2026-09-11,0.019354838709677358,-0.03658536585365857,-0.06977274011524026,0.7454483177071249,,87.0,-0.11541132639164953,0.604591348213891,0.6803154787899757,False,False,False
2317,248.0,2026-09-11,-0.03125,-0.05343511450381677,-0.0452884101740646,0.19060774593652852,,65.2,-0.09092699645047386,0.6653908038530103,0.826489857160481,False,False,False
2321,27.61125946044922,2026-09-10,0.04137913719974473,-0.016286775545978127,0.1102939236472229,0.013422716837078408,,74.0,0.06465533737081364,0.6478476920313716,0.7823833003959084,False,False,False
2323,10.699999809265137,2026-09-11,-0.009259294417005237,0.03883491370127201,-0.05309737799488545,0.019047600882393878,,46.7,-0.09873596427129472,0.556958384144871,0.8167938547849624,False,False,False
2324,37.79999923706055,2026-09-11,-0.09134613885681941,-0.038167939672260176,-0.0013209838593447598,0.2163901260091965,,72.7,-0.046959570135754025,0.8254711005733849,0.8034006344315959,False,False,False
2327,544.0,2026-09-11,-0.03202846975088969,-0.17824773413897277,-0.4212765957446809,1.1236562291068912,,76.5,-0.46691518202109017,0.8488666746194452,0.47719298245614034,False,False,False
2328,46.0,2026-09-11,-0.012875504158101903,-0.006479465270064488,-0.11907511326034559,0.01659883930956796,,32.8,-0.16471369953675485,0.4710542373759598,0.7595656829378616,False,False,False
2329,41.59999847412109,2026-09-11,-0.030303100361747326,-0.06726457629232285,-0.25314186886331147,-0.19382742041984424,,5.9,-0.29878045513972074,0.41552993926858534,0.6066476970875297,False,False,False
2330,2410.0,2026-09-11,0.0,-0.010266940451745366,0.01473684210526316,0.29989999918355936,,78.6,-0.030901744171146106,0.7636966441157712,0.9601593625498008,False,False,False
2331,18.700000762939453,2026-09-11,-0.04591834699050068,-0.020942387986459976,-0.13425923922752026,-0.21097045734355757,,14.6,-0.17989782550392952,0.47485656635745416,0.6243739661629356,False,False,False
2332,19.0,2026-09-11,-0.028132954400219345,-0.16114788874186836,0.19122258477791076,0.2582781139076151,,87.5,0.1455839985015015,0.21557462742196204,0.7321772424428938,False,False,False
2337,119.0,2026-09-11,-0.020576131687242816,-0.1282051282051282,-0.2515723270440252,0.09677419354838701,,18.9,-0.2972109133204345,0.4646668806640863,0.6415094339622641,False,False,False
2338,47.75,2026-09-11,0.23704668102547788,0.1732186512261722,-0.1141002106080854,-0.04500000000000004,,28.3,-0.15973879688449466,4.929761312525382,0.8246977330157362,True,False,False
2340,31.649999618530277,2026-09-11,-0.07048457187388346,0.007961783536215794,-0.13524587600982618,0.165745858682395,,45.1,-0.18088446228623545,0.37578815451470166,0.7267508650516001,False,False,False
2342,37.70000076293945,2026-09-11,-0.05037783278500663,-0.039490426421924796,-0.13729976876999062,0.22601628497364068,,50.7,-0.18293835504639988,0.4421863673056088,0.6368243290047474,False,False,False
2344,171.5,2026-09-11,-0.014367816091954033,-0.031073446327683607,-0.09259259259259256,0.5816320887380477,,81.2,-0.13823117886900183,0.814941189002666,0.7725225225225225,False,False,False
2345,1885.0,2026-09-11,-0.10238095238095235,-0.16960352422907488,-0.21813957976987197,0.33797244743305854,,45.8,-0.26377816604628124,1.156124646565538,0.690880323535178,False,False,False
2347,89.0,2026-09-11,0.011363636363636465,-0.02732240437158473,0.03014515222169334,0.3309710991417276,,80.8,-0.015493434054715927,0.4501485167761659,0.9165808588938352,False,False,False
2348,70.30000305175781,2026-09-11,-0.024965262974441793,0.007163323469044025,0.09392796481237697,0.10457832365187003,,77.3,0.04828937853596771,0.6401680037461364,0.7599921347945767,False,False,False
2349,10.300000190734863,2026-09-11,-0.05936069679017608,-0.07207208677851762,-0.25090907703746446,-0.20155034920005932,,5.8,-0.2965476633138737,0.7427848072594657,0.6319018817691865,False,False,False
2351,234.0,2026-09-11,-0.022964509394572064,0.35260115606936426,0.28015493328102137,1.6495895107146024,,96.5,0.2345163470046121,1.097614232360346,0.975,False,False,False
2352,28.700000762939453,2026-09-11,-0.01880339272001874,0.0,-0.05187883055781062,0.2288277629087394,,67.7,-0.09751741683421988,0.2927716600990825,0.8071137049633923,False,False,False
2353,31.100000381469727,2026-09-11,-0.04892967413270177,-0.01426303855697797,-0.16319204376001784,0.17642648779699788,,39.4,-0.2088306300364271,0.6672892868332356,0.7413655650168594,False,False,False
2354,65.69999694824219,2026-09-11,0.0015243670190105973,0.046178308063899554,0.17057279896473854,0.2577662567409311,,86.8,0.12493421268832927,1.1268303528757853,0.9227056437385425,False,False,False
2355,41.5,2026-09-11,-0.030373814491446938,-0.037122935748635566,-0.29520426876909056,0.0047088152749323875,,9.1,-0.3408428550454998,0.36617662059572337,0.6343161416701204,False,False,False
2356,62.0,2026-09-11,-0.08148148148148149,-0.09883724927515214,-0.046054753048993424,0.50081407958773,,81.5,-0.09169333932540269,0.6576534027898208,0.7495283894646638,False,False,False
2357,924.0,2026-09-11,-0.09853658536585364,-0.0138740661686233,0.241134784333916,0.6688943481901166,,93.0,0.19549619805750673,0.8888414002190378,0.9014634146341464,False,False,False
2359,128.0,2026-09-11,-0.09859154929577463,-0.1847133757961783,-0.06234516766630849,0.11144421694406925,,54.7,-0.10798375394271775,0.42906367923732536,0.7211267605633803,False,False,False
2360,2160.0,2026-09-11,0.0640394088669951,-0.060869565217391286,-0.038291652848174595,0.4237054776235336,,79.2,-0.08393023912458386,1.2206283810251684,0.8298168924598441,False,False,False
2362,47.150001525878906,2026-09-11,-0.04361050191589888,-0.01565761954297218,0.006911632253784106,0.25415588313544,,75.7,-0.03872695402262516,0.4398485327560074,0.9227006444972282,False,False,False
2363,50.70000076293945,2026-09-11,-0.00782774409248188,-0.05687589907841273,-0.16303501377046514,0.013951666275678898,,25.2,-0.2086736000468744,0.7483279887574306,0.6741912211845377,False,False,False
2364,62.0,2026-09-11,-0.08011871518735092,-0.13639283189591223,0.023487740259033663,0.1162362651268265,,70.0,-0.022150846017375603,0.7062701224229553,0.7969495228088522,False,False,False
2365,28.049999237060547,2026-09-11,-0.03773586263687201,-0.10240002441406248,-0.16490502777180593,-0.18650230038595328,,12.3,-0.2105436140482152,0.23675673701743316,0.6419438141724337,False,False,False
2367,40.70000076293945,2026-09-11,-0.05568440362295335,-0.09555553860134547,-0.34832029680050136,-0.4362880542485902,,0.6,-0.3939588830769106,0.3350506936336278,0.5233438306928718,False,False,False
2368,1030.0,2026-09-11,-0.014354066985645897,0.01980198019801982,-0.21417476084407738,0.10940033155420581,,24.6,-0.25981334712048665,0.723075141627191,0.693838990074564,False,False,False
2369,29.5,2026-09-11,-0.04991946135736147,-0.10470411784693634,-0.1748251748251748,0.05924594599388655,,26.8,-0.22046376110158405,0.20807695186595682,0.6621773401840901,False,False,False
2371,27.450000762939453,2026-09-11,-0.02486674476293904,0.04571431477864585,-0.03514938394316869,-0.13679240812847226,,34.1,-0.08078797021957795,0.41596145113285976,0.6421052810044316,False,False,False
2373,52.900001525878906,2026-09-11,-0.00563908332252383,-0.013059644928537617,-0.023287003959980956,0.022634442841420688,,53.3,-0.06892559023639022,0.5558269097807517,0.9617633104355907,False,False,False
2374,67.30000305175781,2026-09-11,-0.014641287779185053,-0.02268797683473145,-0.07857145319338488,-0.01853503897645392,,36.4,-0.12421003946979414,0.6067771105434268,0.729714645017197,False,False,False
2375,118.5,2026-09-11,-0.052000000000000046,-0.15053763440860213,-0.3685344948501841,0.4864932479159756,,30.6,-0.41417308112659335,0.3303053363343966,0.5146783429353187,False,False,False
2376,349.0,2026-09-11,-0.03324099722991691,-0.11308767471410419,0.035496439743937236,0.5532446947762517,,87.1,-0.01014214653247203,0.7032375402704517,0.8779874213836478,False,False,False
2377,149.0,2026-09-11,-0.07739938080495357,-0.08691818392463646,0.0956982612546835,0.6529929322353176,,89.9,0.05005967497827424,0.7253343384044366,0.9076789781502407,False,False,False
2379,704.0,2026-09-11,0.022440379031204438,-0.03825858333796095,0.1498422975520557,0.5510637635518298,,90.1,0.10420371127564643,0.7401776222175509,0.8099999992977489,False,False,False
2380,16.899999618530273,2026-09-11,-0.0714286313139263,-0.12435231675666125,-0.25805857896566264,-0.16531591880967889,,6.7,-0.3036971652420719,1.5928457481731138,0.6677472901138216,False,False,False
2382,336.5,2026-09-11,-0.024637681159420333,0.03538461538461535,-0.05171306749429683,0.21406979758001543,,66.4,-0.09735165377070609,1.0334315153447888,0.8414056708337229,False,False,False
2383,5365.0,2026-09-11,-0.009233610341643606,-0.05281232977053485,0.07147074756097616,0.9924205648980291,,92.9,0.02583216128456689,0.6887821356153392,0.8487398158166499,False,False,False
2385,105.0,2026-09-11,-0.04977375565610864,-0.009433962264150941,-0.13580246913580252,-0.10765946760910372,,20.8,-0.18144105541221178,0.7908444090724939,0.7552916282825614,False,False,False
2387,36.34999847412109,2026-09-11,-0.00137371015554133,-0.016238221283615295,-0.09011269637216113,-0.08309344034403354,,29.7,-0.1357512826485704,0.524588830741074,0.8356321488303698,False,False,False
2388,75.19999694824219,2026-09-11,-0.076167130975613,-0.011826564309130205,0.06732222330507098,0.559507048632435,,88.2,0.021683637028661717,0.7945706227513267,0.8550706495416817,False,False,False
2390,10.0,2026-09-11,-0.024390243902439046,-0.024390243902439046,-0.18699188252593435,0.02986611335877698,,23.2,-0.23263046880234362,0.6735188705169839,0.743494434335339,False,False,False
2392,42.29999923706055,2026-09-11,-0.07236840674311329,0.08045970851621642,0.0813494064163478,0.22087820461934005,,80.6,0.03571082013993854,0.7489267719230485,0.8534179073600552,False,False,False
2393,62.09999847412109,2026-09-11,-0.041666735346912676,-0.047545991092330486,-0.049608053583446776,0.040413503080501956,,49.6,-0.09524663985985604,0.44719062528369075,0.9078946942804638,False,False,False
2395,674.0,2026-09-11,-0.0520393811533052,-0.034383954154727836,0.4195783204937533,1.0102057459747886,,96.0,0.37393973421734406,0.8331989140861629,0.9479606188466948,False,False,False
2397,59.79999923706055,2026-09-11,-0.03858523306174777,-0.09256452424242956,-0.0054685803420022605,0.13557402146434927,,67.6,-0.051107166618411526,0.5254003626455217,0.8485947328288821,False,False,False
2399,45.5,2026-09-11,-0.038054952771547024,0.02477473955670817,-0.05208333333333337,0.7333333333333334,,87.2,-0.09772191960974264,0.4719454436577889,0.8272727272727273,False,False,False
2401,24.100000381469727,2026-09-11,-0.06225682233352303,-0.11397059906312723,-0.23370429898783773,0.15311008714575647,,25.1,-0.279342885264247,0.2949366420673739,0.6905443933462064,False,False,False
2402,54.0,2026-09-11,-0.05429069276641174,-0.023508123960141458,-0.18193081022378443,0.09235356609001832,,28.6,-0.2275693965001937,0.4199312259194085,0.7212064125822452,False,False,False
2404,1005.0,2026-09-11,-0.06074766355140182,-0.11061946902654862,-0.2483412162177584,0.02701897592999125,,15.2,-0.29397980249416766,0.5129322218528769,0.7489452129314439,False,False,False
2405,14.649999618530272,2026-09-11,-0.029801374276234083,-0.07570982549264671,-0.24238194181068184,-0.0009713477137365256,,14.1,-0.2880205280870911,0.5630343767328106,0.6790632296056971,False,False,False
2406,26.399999618530277,2026-09-11,-0.0311926745493476,-0.16190477401491188,-0.30980393154169206,-0.22238589027223,,2.8,-0.3554425178181013,0.1987728317434462,0.6315789497700186,False,False,False
2408,493.0,2026-09-11,-0.006048387096774244,-0.040856031128404635,0.25052969738489606,1.0780861455255017,,95.0,0.2048911111084868,0.575711969861473,0.9079189686924494,False,False,False
2409,30.200000762939453,2026-09-11,0.12686573218917085,0.17281556360929917,0.2746709048630953,0.8561674331581521,,94.2,0.22903231858668605,1.8643953195359966,0.9394364104678155,False,False,False
2412,140.5,2026-09-11,0.021818181818181737,0.03308823529411775,0.003024495636894109,0.07308867535698593,,63.4,-0.042614090639515156,0.7035761692148851,0.9961778127923453,True,False,False
2413,50.20000076293945,2026-09-11,0.09606990391210535,0.11849505816933248,-0.18752515902976408,0.09793900359727004,,27.9,-0.23316374530617334,4.927231951964675,0.8124748409702359,False,False,False
2414,53.0,2026-09-11,0.00952380952380949,0.0037878932922232877,-0.08012865033541694,0.26391358364652273,,65.7,-0.1257672366118262,0.4171924108989819,0.8657612635289685,True,False,False
2415,27.049999237060547,2026-09-11,-0.040780194849861284,0.033282774183329256,0.01780930709830275,0.09821070978441226,,68.6,-0.027829279178106514,0.17203511792396614,0.7343378093002793,False,False,False
2417,38.400001525878906,2026-09-11,-0.09433961924644252,-0.15511549216098608,-0.16623133928128453,0.10929565010792852,,32.6,-0.2118699255576938,0.6854618507487726,0.6784444061477476,False,False,False
2419,27.049999237060547,2026-09-11,-0.0018450606533337854,0.08634536752885191,-0.09075632816603207,-0.07836460356100361,,29.9,-0.13639491444244134,1.1097312065164224,0.7165562711804119,False,False,False
2420,53.29999923706055,2026-09-11,-0.020220629741987683,-0.024457824410612172,-0.06185359765551268,0.10587001059388679,,54.2,-0.10749218393192195,0.5814557653599639,0.8620028042301962,False,False,False
2421,164.5,2026-09-11,-0.0758426966292135,0.10033444816053505,0.15034965034965042,0.1769567542298478,,84.2,0.10471106407324116,1.1247388134884635,0.8974683064838044,False,False,False
2423,72.19999694824219,2026-09-11,-0.01902176025684521,-0.06597679045498628,-0.03584699108376821,0.5640929249960314,,84.5,-0.08148557736017747,0.3948329703631693,0.8514150277114354,False,False,False
2424,8.010000228881836,2026-09-11,-0.0012469112607288446,-0.10801774641437556,-0.254883699638899,-0.734328347256135,,0.3,-0.3005222859153083,0.7368764420020525,0.12554859443052996,False,False,False
2425,36.95000076293945,2026-09-11,-0.02506598218184164,-0.11918950915531878,-0.034214508566888235,0.20841351500957317,,68.9,-0.0798530948432975,0.13439659471720608,0.6984877069401095,False,False,False
2426,97.0999984741211,2026-09-11,-0.07081341173089861,0.4154519042846836,0.29812826888433164,1.8719895465473018,,97.0,0.25248968260792237,1.642040177647049,0.903255799759266,False,False,False
2427,22.399999618530277,2026-09-11,0.009008957149438501,0.029885039932426638,0.026736203029907868,-0.05515074962488575,,56.0,-0.018902383246501397,0.3455957228040682,0.7911494447460569,False,False,False
2428,255.0,2026-09-11,-0.019230769230769273,0.006217207149481041,-0.15769881652199969,0.6319585635520972,,78.1,-0.20333740279840895,0.758281965766949,0.7601553781522467,False,False,False
2429,30.450000762939453,2026-09-11,-0.03333330911303323,-0.040944857860174655,-0.2192307496682192,-0.39463218240957365,,3.0,-0.26486933594462847,0.25868084557965043,0.21072664887847373,False,False,False
2430,17.950000762939453,2026-09-11,0.005602262147486492,0.040579754373301524,-0.02710026988206693,-0.18223233990741494,,31.7,-0.0727388561584762,0.36907379000609025,0.7547349120503665,False,False,False
2431,9.979999542236328,2026-09-11,-0.011881270762480689,-0.03574887203828869,-0.11681421470955677,-0.20160003662109371,,17.1,-0.16245280098596604,0.4755094006624735,0.5654390797696441,False,False,False
2432,27.200000762939453,2026-09-11,0.0018416628033781635,-0.03374773955469146,0.013354293059407274,0.015144701874296729,,60.4,-0.03228429321700199,0.48630206308532986,0.8991735222446963,False,False,False
2433,41.04999923706055,2026-09-11,-0.01322113599121133,-0.021454148021708974,-0.015047128221401862,-0.056530022497365384,,46.9,-0.06068571449781113,0.6817634199041513,0.8878589354399905,False,False,False
2434,60.20000076293945,2026-09-11,-0.10549780039917711,0.09057970889299205,0.7424023760430383,1.0337837833483956,,97.0,0.696763789766629,0.5599135926662272,0.6629955808330124,False,False,False
2436,67.0999984741211,2026-09-11,0.029141129061511784,-0.05758425070020057,-0.010215622757634102,0.13467051335244817,,66.8,-0.05585420903404337,2.0379657363037733,0.856993423266867,False,False,False
2438,19.049999237060547,2026-09-11,-0.1301370059868976,0.01061001864951816,-0.1380090991747912,-0.07524277260710388,,22.6,-0.18364768545120047,1.0186200046498328,0.6755318695627883,False,False,False
2439,76.5,2026-09-11,-0.017971777900592456,-0.012209988995119714,-0.11338236268070445,-0.04952909687989482,,28.0,-0.15902094895711372,1.0786964234846765,0.7124326033397694,False,False,False
2440,14.050000190734863,2026-09-11,-0.010563353559512212,-0.020905936080828136,-0.1831395600279183,-0.031034469604492188,,19.4,-0.22877814630432758,0.6689431725246323,0.6853658629626762,False,False,False
2441,111.5,2026-09-11,-0.03879310344827591,-0.08830496101637042,-0.09907299230115607,0.3460909233422744,,69.2,-0.14471157857756534,0.4210585140636728,0.7890878077109894,False,False,False
2442,15.100000381469728,2026-09-11,-0.05639227196883656,-0.06845874513402217,-0.080220726140951,-0.07555177891569997,,31.8,-0.12585931241736026,1.4882814614670845,0.6942110677255628,False,False,False
2444,12.199999809265137,2026-09-11,0.12962959201901758,0.09417042391551855,-0.10294121565703196,-0.07575757685224327,,27.4,-0.14857980193344122,2.339444654450369,0.8133333206176758,True,False,False
2449,263.0,2026-09-11,0.003816793893129722,0.03747534516765283,-0.01350689905425606,-0.061913395440050256,,46.5,-0.059145485330665326,0.6354626109557892,0.7830637658422371,False,False,False
2450,28.299999237060547,2026-09-11,0.0017698844977185324,0.0017698844977185324,-0.03904922455750648,0.021937351077168987,,49.9,-0.08468781083391574,0.5602908735798551,0.947201028573362,False,False,False
2451,276.5,2026-09-11,-0.02811950790861162,-0.08443708609271527,-0.07082680792285245,0.2205240249675029,,63.3,-0.11646539419926172,0.3635972667277021,0.792417298374803,False,False,False
2453,52.70000076293945,2026-09-11,0.01737454708754127,0.01934235948245555,-0.025700167045126454,-0.01356476272018714,,48.9,-0.07133875332153572,0.7112461324563072,0.8675689893733232,True,False,False
2454,4585.0,2026-09-11,0.03850509626274068,0.08520710059171588,0.03185571900885109,1.681624999500234,,95.8,-0.013782867267558174,0.8987136946842326,0.9632352941176471,False,False,False
2455,515.0,2026-09-11,-0.024621212121212155,0.34114583333333326,0.4051421706100611,1.1831471408768937,,96.1,0.3595035843336518,0.3142237632426816,0.9501845018450185,False,False,False
2457,21.850000381469727,2026-09-11,-0.03956042279253946,-0.07610990554309405,-0.2630691176193408,-0.20255471950105997,,5.2,-0.3087077038957501,0.32670960413596767,0.5667963894656564,False,False,False
2458,126.5,2026-09-11,-0.048872180451127845,-0.10031216612251481,-0.13606129258832378,-0.05681690449785137,,24.2,-0.18169987886473304,0.31247090875839306,0.6902367058749479,False,False,False
2459,65.5,2026-09-11,-0.013554239536096024,-0.007575757575757569,0.01708072124313631,0.06684607289674593,,65.3,-0.028557865033272956,0.5419507294718905,0.9732540420485049,False,False,False
2460,30.049999237060547,2026-09-11,0.05438593814247539,-0.011513170587554522,-0.1340058047158672,0.26526312577097033,,55.9,-0.17964439099227647,0.617589296639322,0.7428924269537356,False,False,False
2461,17.649999618530273,2026-09-11,-0.03287673323121787,-0.011204524294972873,-0.0734907965668925,0.14239481141908028,,55.5,-0.11912938284330177,0.7996021355568887,0.8781094170924435,False,False,False
2462,19.25,2026-09-11,-0.03749999999999998,-0.015345230116011632,-0.23557849470705272,-0.12539164388477475,,8.7,-0.281217080983462,0.6264808322721784,0.6971743923107716,False,False,False
2464,188.5,2026-09-11,-0.10663507109004744,-0.03580178855573779,0.15585839837893056,1.665484551573205,,96.1,0.1102198121025213,0.9398314821545479,0.8490990990990991,False,False,False
2465,90.0,2026-09-11,-0.0927419075732665,-0.1428571428571429,0.0843373493975903,0.6423357892883717,,89.5,0.038698763121181035,1.2925027809036718,0.8571428571428571,False,False,False
2466,106.0,2026-09-11,0.09053501366305272,0.14470844218883872,1.210636044075465,1.445213465538631,,98.4,1.1649974577990558,0.5284177936876763,0.8688524590163934,True,False,False
2467,552.0,2026-09-11,-0.08457711442786064,0.007299270072992803,-0.03257114702767028,0.5329822016475383,,83.7,-0.07820973330407954,0.7385251594039933,0.8341901091304201,False,False,False
2468,35.79999923706055,2026-09-11,0.05604712760060515,0.05289697271596161,-0.0670533285642625,-0.042820933894580304,,36.3,-0.11269191484067176,1.6768664291536253,0.6442551330660137,True,False,False
2471,49.79999923706055,2026-09-11,-0.00796815776493398,-0.009940358003655891,-0.013219612111027512,0.016968758296367126,,55.1,-0.05885819838743678,0.4557685105523816,0.9705741729064913,False,False,False
2472,213.5,2026-09-11,-0.05111111111111111,-0.14331281323840017,-0.43849258487380716,0.9793777097736889,,65.7,-0.4841311711502164,0.3723387649898264,0.47793133756692074,False,False,False
2474,204.0,2026-09-11,-0.026252983293556076,0.0049261083743843415,0.01567436413917722,0.13886940752118315,,70.7,-0.029964222137232044,0.5565053750311741,0.8220243992748123,False,False,False
2476,118.0,2026-09-11,-0.024793388429752095,-0.04065040650406504,-0.05620288412122343,0.46787394303605545,,79.7,-0.1018414703976327,0.39193049804227664,0.8882796448511585,False,False,False
2477,22.0,2026-09-11,0.016166299659892802,0.028037401503044013,0.0,-0.047619063346515,,50.9,-0.045638586276409265,0.4038060269497013,0.8739076094269563,True,False,False
2478,118.5,2026-09-11,-0.055776892430278835,-0.08846153846153848,-0.36432880225501574,0.7673160086959232,,60.1,-0.409967388531425,0.6415245705383762,0.49514060599831705,False,False,False
2480,157.5,2026-09-11,0.009615384615384581,-0.021739130434782594,0.05917957789078376,0.16733521497195358,,76.7,0.013540991614374498,0.41736702274805737,0.9312449538754102,False,False,False
2481,150.0,2026-09-11,-0.038461538461538436,0.04895104895104896,0.05263157894736836,0.5763621367448932,,88.0,0.006992992670959097,1.465191311018959,0.6593406593406593,False,False,False
2482,15.75,2026-09-11,-0.021739153613471895,-0.021739153613471895,-0.06261319258194531,-0.022108945647968614,,39.8,-0.10825177885835457,0.30478441133766176,0.7784686365474701,False,False,False
2483,30.100000381469727,2026-09-11,-0.09745122162968911,-0.24843942684482045,-0.2110091958698479,0.42345428567820576,,56.3,-0.25664778214625716,0.24470558196945386,0.4306151605780134,False,False,False
2484,66.69999694824219,2026-09-11,-0.052556882065927235,-0.11309670545808836,-0.0816377381307285,1.5024520374799533,,93.9,-0.12727632440713776,0.20179883183051317,0.6982983011446579,False,False,False
2485,38.54999923706055,2026-09-11,-0.06658595764651465,-0.11683853632386942,-0.3948194854733994,-0.37822581875708794,,0.5,-0.44045807174980867,0.3860821186395206,0.47300612560810484,False,False,False
2486,237.5,2026-09-11,-0.072265625,0.02591792656587466,-0.044265593561368166,0.5653793380748895,,84.1,-0.08990417983777743,0.564474063648166,0.7750411725684582,False,False,False
2488,48.54999923706055,2026-09-11,0.0,-0.03093810946643405,-0.03882653846882922,0.08031054525625936,,56.5,-0.08446512474523848,0.5783816344340745,0.936662643420152,False,False,False
2489,36.900001525878906,2026-09-11,-0.09999996278344137,0.15312504768371582,-0.1585620758228149,-0.08428753240881515,,19.3,-0.20420066209922416,0.6194321796841898,0.6701718232962088,False,False,False
2491,39.59999847412109,2026-09-11,-0.05714289347330748,0.1346703937751137,0.15116269527866888,1.4520123473368152,,95.8,0.10552410900225961,1.123220319897403,0.7021276135241024,False,False,False
2492,311.5,2026-09-11,0.04355108877721947,-0.01579778830963663,-0.3033288072689677,1.4181753958200418,,89.6,-0.348967393545377,1.9683147464727295,0.5075424554313068,False,False,False
2493,173.5,2026-09-11,-0.0440771349862259,-0.26483050847457623,-0.22589443757590943,0.6933559898551998,,74.4,-0.2715330238523187,0.2767409747286075,0.5427088457301178,False,False,False
2495,37.45000076293945,2026-09-11,0.0,-0.05667506188313243,-0.24280353169895252,0.15523944938485368,,24.1,-0.2884421179753618,0.31688230088416464,0.7107513627456062,False,False,False
2496,54.59999847412109,2026-09-11,-0.007272755015980237,-0.01188733120505403,-0.0925807113406063,-0.10546096434927721,,26.7,-0.13821929761701557,0.38816285788643173,0.8680435221903542,False,False,False
2497,43.09999847412109,2026-09-11,-0.042222256130642566,-0.08297875586976411,-0.2809494537340568,0.07169503565406354,,13.8,-0.32658804001046604,0.41171892046664904,0.6706114869043743,False,False,False
2498,39.95000076293945,2026-09-11,-0.039663407973634435,-0.0037405914436240417,-0.12014845308857192,-0.03844793210793285,,27.9,-0.16578703936498118,0.511643801866955,0.5810818278877694,False,False,False
2501,22.149999618530277,2026-09-11,-0.017738342885301628,-0.03695653832477053,-0.13548416249979145,0.021528580025205413,,30.7,-0.18112274877620071,0.5234959905601912,0.8645158375002086,False,False,False
2504,31.299999237060547,2026-09-11,0.0015999755859374964,0.00481539712254242,-0.07998849131629227,-0.10561214790682183,,29.4,-0.12562707759270153,0.26083061835791105,0.8504015490890873,False,False,False
2505,17.299999237060547,2026-09-11,0.005813864516596823,0.01982238581029394,-0.023689951678466104,-0.04408281217394605,,46.3,-0.06932853795487537,0.6822902239965906,0.9152906887742102,False,False,False
2506,8.699999809265137,2026-09-11,0.019929669591528976,0.013986000772276075,-0.019949703001909347,-0.0023703326864448204,,51.6,-0.06558828927831861,0.9912960887750962,0.9080465833925004,False,False,False
2509,14.449999809265137,2026-09-11,-0.03344481648020681,0.05474452630961246,0.058608074219199446,0.04332125713138346,,69.8,0.012969487942790181,0.6339250286690997,0.8095237815381693,False,False,False
2511,8.449999809265137,2026-09-11,0.0023724203280368616,0.005952403929229133,0.07771313056122664,0.07638910654451392,,73.9,0.032074544284817375,0.4743355213653088,0.946199537838992,False,False,False
2514,11.600000381469728,2026-09-11,-0.016949136104435936,-0.05306119334940995,-0.16845874264705119,-0.15328463190015562,,13.9,-0.21409732892346045,0.3503966876341678,0.7557003318040996,False,False,False
2515,12.0,2026-09-11,-0.012345648003272647,0.0,-0.038076328791066816,-0.21242498253246167,,26.8,-0.08371491506747608,0.43375042294154476,0.6885902161826126,False,False,False
2516,14.5,2026-09-11,0.02112677427918852,0.03202845574065427,0.06617644068279138,0.05454545454545445,,71.3,0.020537854406382117,0.9265849340780998,0.9148264764051351,False,False,False
2520,36.45000076293945,2026-09-11,-0.017520154660788934,0.03257794761285848,0.10015363915477282,0.16378505962006518,,79.9,0.05451505287836356,0.5729068120416183,0.9641950660824069,False,False,False
2524,34.29999923706055,2026-09-11,-0.011527421241619096,-0.028328612510283735,-0.07297299359295817,-0.13710693743243907,,27.2,-0.11861157986936743,0.5854866884003382,0.6647286870417836,False,False,False
2527,43.45000076293945,2026-09-11,0.011641443332206736,-0.018139006842761263,0.1486393450244181,0.550663205699446,,90.0,0.10300075874800885,0.536265128345273,0.8904798384931069,False,False,False
2528,19.799999237060547,2026-09-11,-0.022222259898244556,-0.02941178395536448,0.01425391447963964,-0.09861517468457526,,48.4,-0.031384671796769625,0.4230421840698458,0.7535013354977315,False,False,False
2530,20.100000381469727,2026-09-11,-0.002481351762139483,0.030769250331780906,0.007518777583654268,-0.20710058859950276,,35.3,-0.038119808692755,0.839339254866874,0.6511490863685763,False,False,False
2534,16.75,2026-09-11,-0.020467858108880632,-0.008875717273141515,-0.024302921461366145,-0.096755640041989,,40.5,-0.06994150773777541,0.3044666935884403,0.8073245718506149,False,False,False
2535,89.80000305175781,2026-09-11,0.004474289922278274,0.02628574916294646,-0.05473680998149666,0.308714708864813,,72.2,-0.10037539625790592,0.5322065740024607,0.9286453555921254,False,False,False
2536,19.100000381469727,2026-09-11,-0.0052083529945868845,-0.10955712344448831,-0.030000913439366617,-0.06031338773885464,,43.1,-0.07563949971577588,0.4040930533840946,0.7398587043567351,False,False,False
2537,11.300000190734863,2026-09-11,-0.030042870322390947,0.027272744612260258,-0.0661157161581587,0.11881185781604042,,54.7,-0.11175430243456796,0.5751023555725338,0.9112903659971413,False,False,False
2538,8.739999771118164,2026-09-11,-0.01687295460199334,-0.04376373710935477,-0.09359607567837247,-0.09359607567837247,,27.6,-0.13923466195478174,0.8948067422472281,0.7965367867541611,False,False,False
2539,35.150001525878906,2026-09-11,0.004285757882254382,0.044443200118971626,0.11942892172882402,-0.0866584719605552,,69.5,0.07379033545241476,0.6000278054347803,0.8662247658727995,False,False,False
2540,49.09999847412109,2026-09-11,0.04135730403257565,0.09598212746181001,0.030365237642260512,0.18931049343291861,,74.8,-0.015273348634148753,0.46931401632282826,0.9036809746603227,False,False,False
2542,46.5,2026-09-11,-0.04222449576262166,0.0021551394575993754,0.02310229305687339,0.2722298487177659,,78.3,-0.022536293219535874,0.9405392477276128,0.9528688673561732,False,False,False
2543,37.900001525878906,2026-09-11,-0.01430427116117694,-0.04413618997865121,-0.16732111488072088,-0.46980445337751675,,3.6,-0.21295970115713014,0.7205142197888004,0.4970583017487293,False,False,False
2545,33.75,2026-09-11,-0.03156380264802394,-0.02031932503445688,-0.05264040444730134,-0.0020972362365064834,,44.8,-0.0982789907237106,0.6174870882130871,0.8096192062009897,False,False,False
2546,101.0,2026-09-11,-0.06046511627906981,-0.028846153846153855,0.21677061119086094,0.4341551804622634,,90.3,0.17113202491445167,0.432051758195935,0.8669527896995708,False,False,False
2547,9.81999969482422,2026-09-11,-0.016032049574248197,-0.03251230897620816,-0.037934671222135896,-0.046601989031264,,42.9,-0.08357325749854516,0.5460034086730132,0.9123033084388413,False,False,False
2548,94.9000015258789,2026-09-11,0.003171279668042315,0.016059956911075535,-0.03257279639595101,-0.08491755952080993,,39.3,-0.07821138267236027,0.37553549266056985,0.8076295392153495,False,False,False
2596,36.04999923706055,2026-09-11,0.014064697910844304,0.10923074575570912,0.23417864349007145,0.13271403950425342,,86.9,0.18854005721366218,2.9898413672673048,0.9592224264778648,True,True,False
2597,169.0,2026-09-11,0.0,0.0,-0.06351019303778738,0.04634195467343938,,47.5,-0.10914877931419664,0.8429960117129672,0.8745162581173728,False,False,False
2603,234.5,2026-09-11,0.006437768240343367,0.08816705336426911,0.12626803422586708,0.2185406477103291,,84.0,0.08062944794945781,0.5277567149288411,0.9324055666003976,False,False,False
2605,36.5,2026-09-11,0.018131145147694205,0.13003098644412447,0.17641672168677514,0.08670437775232198,,82.5,0.13077813541036587,1.3578772168440254,0.8711182763608879,False,False,False
2606,76.5,2026-09-11,-0.021739092258115544,0.16793893129770998,0.18788831133998252,0.36222001880370214,,89.0,0.14224972506357325,0.7914966216714925,0.959849472135861,False,False,False
2607,53.29999923706055,2026-09-11,-0.003738332017559909,0.06813622459346713,0.12638496794195087,0.050873000150272185,,77.7,0.0807463816655416,0.5838992319881584,0.8061697776753064,False,False,False
2608,28.899999618530277,2026-09-11,0.01403507433439577,0.012259208084860473,-0.0017271552017775749,-0.01861226327673382,,53.7,-0.04736574147818684,1.5975646985897527,0.8822575543686995,True,False,False
2609,59.400001525878906,2026-09-11,0.020618569539669007,0.15564201872585848,0.20839557801373787,0.04509890897000135,,83.3,0.1627569917373286,0.8689859019427981,0.9209302562151769,False,False,False
2610,20.399999618530277,2026-09-11,-0.0024450436451713964,0.014925334893880038,-0.009013270293501408,0.14633055468145129,,68.2,-0.05465185656991067,0.3033296777291344,0.8763271013771614,False,False,False
2611,13.899999618530272,2026-09-11,-0.03806229743907763,-0.04794525648286252,-0.0035842431124376573,-0.028779052256346027,,52.1,-0.04922282938884692,0.6284571783531454,0.8081394768586501,False,False,False
2612,64.19999694824219,2026-09-11,0.014217973491770897,0.19553065244180057,0.14847934160647203,0.16483182739471092,,83.2,0.10284075533006276,0.9032597012720176,0.8947032658901705,False,False,False
2613,22.25,2026-09-11,-0.019823821489651006,0.09336607287046395,0.002252217808209167,-0.09974888772906887,,46.1,-0.0433863684682001,0.4362176770630586,0.8337460583380266,False,False,False
2614,17.950000762939453,2026-09-11,-0.019125600476107563,-0.0055400819029274295,-0.05277044642423978,-0.14523805890764507,,30.6,-0.09840903270064905,1.142023888379788,0.758985245347541,False,False,False
2615,112.0,2026-09-11,-0.02608695652173909,0.28,0.3917427918845442,0.476626799593346,,93.7,0.34610420560813493,1.0249716300552267,0.8853754940711462,False,False,False
2616,13.350000381469728,2026-09-11,-0.007434901800260518,-0.011111082854094234,8.273005169856518e-05,-0.22215788897551025,,32.7,-0.0455558562247107,0.6105514795660612,0.5711769350195751,False,False,False
2617,33.650001525878906,2026-09-11,0.036979991825145,0.16840286171178986,0.1709439728312574,0.11914866434209181,,83.1,0.12530538655484813,2.3909444906217647,1.0,True,True,False
2618,42.34999847412109,2026-09-11,-0.003529447667739105,0.032926792051733766,0.11255399021511892,0.3247848826192028,,85.8,0.06691540393870965,0.3162956023794665,0.953828761682295,False,False,False
2630,48.0,2026-09-11,-0.043824715727168284,-0.006211164426486282,0.2198221565768972,-0.013914073017105455,,82.0,0.17418357030048792,0.13377443975349024,0.7575280440251914,False,False,False
2633,26.049999237060547,2026-09-11,-0.0019157526313554607,0.0038535056331832074,0.06591349210728414,0.051509296759905565,,71.0,0.02027490583087488,0.511073655901783,0.948922957975094,False,False,False
2634,63.79999923706055,2026-09-11,-0.018461550199068477,-0.006230494239806816,0.3684955946563433,0.27286249987442446,,91.8,0.32285700837993403,0.2973697106022556,0.8703955877329334,False,False,False
2636,71.19999694824219,2026-09-11,0.025936532893188424,0.05481476960358789,0.08013332444441978,0.11300699188941787,,75.9,0.03449473816801052,0.8031259884193351,0.9544235711069301,False,False,False
2637,101.0,2026-09-11,0.012024017149777633,0.18544605185087137,0.2752525743909344,0.5779848577119118,,92.9,0.22961398811452516,0.8200105477317646,0.9901960784313726,False,False,False
2640,153.5,2026-09-11,-0.01602564102564108,0.03716216216216206,0.022317297363765087,0.14152748175132368,,71.2,-0.023321288912644178,0.4015935535567167,0.8283391849471445,False,False,False
2641,17.700000762939453,2026-09-11,-0.01939049800082382,0.02906976615241441,-0.03776373003376676,-0.027472526320886037,,45.5,-0.08340231631017603,0.6589570677375909,0.8047019738741268,False,False,False
2642,20.25,2026-09-11,-0.009779988042929788,-0.0049140235673305055,-0.05813953488372092,-0.1320037418368063,,30.9,-0.10377812116013019,0.6229943832300463,0.6554537056038382,False,False,False
2643,62.900001525878906,2026-09-11,0.008012820316881442,0.022764252453315592,0.01695860457448428,-0.03687184683648026,,55.9,-0.028679981701924984,0.41715192255121636,0.8869915005374497,False,False,False
2644,77.4000015258789,2026-09-11,0.014416755309628382,-0.03611458799085843,-0.03519828558701277,-0.13393224916216584,,34.4,-0.08083687186342203,1.7703798864572107,0.7310750680254731,False,False,False
2645,173.0,2026-09-11,-0.0028818443804035088,-0.0494505494505495,0.03625129431696039,0.10081527142573066,,70.8,-0.009387291959448874,0.24497472278437654,0.6878727634194831,False,False,False
2646,20.200000762939453,2026-09-11,-0.021791712537709507,-0.009803865653465804,-0.049411728802849275,-0.06046508079351376,,38.4,-0.09505031507925854,0.9002416599557801,0.795275632532009,False,False,False
2718,40.0,2026-09-11,-0.024390243902439046,-0.10297487065937816,-0.09740330950513054,-0.10665121317940274,,26.0,-0.1430418957815398,0.3122203925797473,0.7279584297481474,False,False,False
2724,10.699999809265137,2026-09-10,0.02884617324411609,-0.01382493704431309,-0.16406252735760019,-0.4484536072338461,,4.1,-0.20970111363400945,0.027098791033783456,0.48636362769386987,False,False,False
2762,79.9000015258789,2026-09-11,-0.024420023965054938,-0.04311375418109098,-0.05273406036345352,0.12775849898586666,,58.6,-0.09837264663986278,0.9158748499453441,0.9282994547023963,False,False,False
2801,27.899999618530277,2026-09-11,0.04887215106831966,0.1847133979785507,0.30504863363494383,0.43492002485373327,,92.1,0.25941004735853457,1.0433309474224095,1.0,True,True,False
2812,19.5,2026-09-11,0.007751918117475443,0.04557642889306979,0.08338809290147497,0.020884890006605206,,71.4,0.03774950662506571,1.1386484224210613,0.9188272290081344,True,True,False
2816,39.59999847412109,2026-09-11,-0.010000038146972812,0.18032785021280984,0.22600617366840758,0.3836062108391327,,89.9,0.18036758739199832,0.8735971523766866,0.9899999618530272,False,False,False
2820,17.399999618530273,2026-09-11,0.017543814641410194,0.07076920729417058,0.03264090353762783,0.07503683480953427,,68.9,-0.012997682738781435,1.2632200289067819,1.0,True,True,False
2832,57.0,2026-09-11,-0.02564102564102566,-0.028960830338059518,0.06941840179927761,0.2710087800629115,,81.6,0.02377981552286834,1.139043267152376,0.926829268292683,False,False,False
2834,18.0,2026-09-11,0.05882352941176472,0.09422487326277662,0.13328291681665028,0.3070529902218775,,86.3,0.08764433054024101,1.0112652523633754,1.0,True,True,False
2836,12.300000190734863,2026-09-11,0.004081648223254186,0.033613494540094324,0.0413023920635025,0.04987273712377105,,68.4,-0.004336194212906763,0.48495139061337367,0.9812272129257539,False,False,False
2838,21.049999237060547,2026-09-11,0.009592271075858916,0.04466499432102289,0.040975211022152846,0.1427247560740239,,73.5,-0.004663375254256419,0.856254816760388,0.9229699658853778,False,False,False
2845,13.699999809265137,2026-09-11,0.0036630177386223206,0.09188865807024071,0.12162881640387568,0.1670388633811808,,81.6,0.07599023012746642,0.8143314271008745,0.9963636224920099,False,False,False
2849,15.649999618530272,2026-09-11,0.03986707110906096,0.08304497059548144,0.12600435053314007,0.25208202655493217,,84.8,0.08036576425673081,1.737732366397271,0.9660493136724159,False,False,False
2850,159.0,2026-09-11,0.0,-0.012422360248447228,0.12982309974507955,0.3934484191787868,,87.6,0.08418451346867029,0.6220360372630532,0.9436201780415431,False,False,False
2851,47.150001525878906,2026-09-11,0.010718113261424689,0.245706827653281,0.3188935460051474,0.7341852854046922,,94.0,0.27325495972873814,1.0352260479973556,0.9968288009809498,False,False,False
2852,28.049999237060547,2026-09-11,-0.00883392249963777,0.040816268756243224,0.07294572460806958,0.14064589927866722,,76.8,0.02730713833166032,0.5808814431202787,0.933444257877604,False,False,False
2855,51.900001525878906,2026-09-11,0.02366865374520133,0.09609299257410964,0.052432109633292256,0.7882647766777642,,90.6,0.006793523356882991,0.9122087220834182,0.9153132625985239,False,False,False
2867,9.699999809265137,2026-09-10,0.0,0.028631971935479728,0.17718447557054384,0.22474743886670745,,86.5,0.13154588929413458,0.0,0.9797979982856982,False,False,False
2880,45.84999847412109,2026-09-11,0.042045419866388434,0.17263427783680307,0.30293587362045526,0.41263652067869705,,91.9,0.257297287344046,0.5161299731189595,1.0,True,True,False
2881,148.5,2026-09-11,-0.013289036544850474,0.1556420233463034,0.20422685395682438,0.7427800559664692,,93.0,0.15858826768041512,0.619590959095819,0.9867109634551495,False,False,False
2882,110.5,2026-09-11,-0.03913043478260869,0.11055276381909551,0.10044648623448071,0.5961845304468978,,89.5,0.05480789995807145,0.7212416698662156,0.9608695652173913,False,False,False
2883,37.84999847412109,2026-09-11,0.03133508684672637,0.20158725314670112,0.3601082258025159,0.9488117623015897,,95.4,0.3144696395261066,0.8319313512312779,1.0,True,True,False
2884,46.29999923706055,2026-09-11,0.06314581052069879,0.24128686820609313,0.3928215439747593,0.46025032088526485,,93.6,0.34718295769835006,1.1828216414415809,1.0,True,True,False
2885,70.0,2026-09-11,0.002865285666160844,0.04447628138466775,0.1529950533900355,0.7308239921908579,,92.0,0.10735646711362623,0.622954669613831,0.9915014378599311,False,False,False
2886,51.70000076293945,2026-09-11,0.04339054609451587,0.12759002145049703,0.21879658894924736,0.3839238350190344,,89.8,0.1731580026728381,0.6522359427641423,1.0,True,True,False
2887,42.650001525878906,2026-09-11,0.027710880141660343,0.1781768129005894,0.40350884680886034,0.7919547457957041,,95.2,0.3578702605324511,0.83066544414742,0.996495380517396,False,False,False
2889,16.75,2026-09-11,0.009036121390558316,0.12225064964880406,0.1595346768818322,0.0706132474159753,,80.8,0.11389609060542294,1.454287896837918,0.9915339683402797,True,True,False
2890,43.70000076293945,2026-09-11,0.019836693560951302,0.0938673323750916,0.302479678055142,0.44400899202042643,,92.1,0.2568410917787327,0.7088831365445046,1.0,True,True,False
2891,67.0999984741211,2026-09-11,-0.019005892145571912,0.009022533445429914,-0.007287884708591874,0.35651299852725793,,78.9,-0.05292647098500114,0.640093540820673,0.9611756313891495,False,False,False
2892,38.900001525878906,2026-09-11,0.04289550459906244,0.17345398899940312,0.2908250853490735,0.39802165182421123,,91.4,0.2451864990726642,0.7751701789416028,1.0,True,True,False
2897,11.0,2026-09-11,0.013824849148065477,0.0837438830951216,0.10220445937366329,0.16547293542291874,,80.1,0.05656587309725403,0.8273468764539607,1.0,True,True,False
2904,12.550000190734863,2026-09-11,-0.01568625955020675,-0.023346317652058524,-0.061121634550556414,-0.22404462222997934,,23.0,-0.10676022082696568,0.7742037144599212,0.7452678124028745,False,False,False
2916,40.04999923706055,2026-09-11,0.0,-0.017177932832870058,-0.04529204985277269,-0.10827105845548801,,34.8,-0.09093063612918195,0.3722516550442146,0.8667604905436133,False,False,False
2923,25.399999618530277,2026-09-11,-0.00781252968590651,-0.06506401266808759,-0.004921994936031626,0.39474060979156667,,80.6,-0.05056058121244089,0.7961217505052144,0.6225305126978431,False,False,False
2924,17.149999618530273,2026-09-11,-0.041899442233707784,0.011799341981630462,-0.011527421241619096,-0.14463839046786076,,37.4,-0.05716600751802836,1.5403156220807097,0.5975609464330123,False,False,False
2937,43.5,2026-09-11,-0.01805867383381987,0.0010460570601478203,-0.010341230401252566,0.08951303726042581,,62.4,-0.05597981667766183,0.8700507328751441,0.9579580164856029,False,False,False
2938,22.100000381469727,2026-09-11,-0.03070170521992821,-0.11599998474121098,-0.02643173397814602,-0.055555523856978706,,44.5,-0.07207032025455529,1.0894234913793102,0.6863353993117196,False,False,False
2941,31.049999237060547,2026-09-11,-0.0840708601928144,0.018032761870837577,-0.059090932210286495,-0.14691907314894237,,29.5,-0.10472951848669576,1.9187144764127577,0.47325090271262643,False,False,False
2942,38.650001525878906,2026-09-11,0.030666707356770795,0.014435776214831053,0.09901422587080289,0.15366136903794736,,79.4,0.05337563959439362,0.12339361789524335,1.0,True,True,False
2947,60.0,2026-09-11,-0.0275526862547556,-0.040000000000000036,-0.22077922077922074,-0.22103214785602876,,7.3,-0.26641780705563,1.3716692114465845,0.6674439616856586,False,False,False
2948,37.54999923706055,2026-09-11,-0.01572745124037156,-0.010540224448942093,0.09855701706073972,0.06284315497534632,,75.3,0.05291843078433045,0.5224833846652618,0.9677835045211537,False,False,False
2949,63.900001525878906,2026-09-10,0.04582656500300497,0.047541008620965775,0.01812451045575636,0.07257848515771426,,66.2,-0.027514075820652906,0.07189863238867833,0.7897147108214144,True,False,False
3002,17.049999237060547,2026-09-11,-0.0058309261629182485,0.002941131591796875,-0.11831514751247407,-0.14856893906461277,,20.2,-0.16395373378888334,0.2277114588170858,0.5938185570831706,False,False,False
3003,57.0,2026-09-11,-0.1297709923664122,-0.17748921371001036,-0.0870179759393298,0.15257178365829915,,53.8,-0.13265656221573907,1.3286163770222204,0.790568671377421,False,False,False
3004,118.5,2026-09-11,-0.024691358024691357,-0.07421875,-0.14130434782608692,0.13857412577303685,,40.7,-0.18694293410249618,0.5280536288643417,0.7429467084639498,False,False,False
3005,115.5,2026-09-11,0.004347826086956497,0.008733624454148492,0.11057692307692313,-0.102772046686054,,67.2,0.06493833680051386,0.40508383665384967,0.7463180815857492,False,False,False
3006,290.5,2026-09-11,0.04308797127468589,0.04684684684684681,0.31177655586416897,0.8128587970016454,,94.5,0.2661379695877597,1.5968692998137397,0.9310897435897436,False,False,False
3008,6660.0,2026-09-11,-0.09999999999999998,0.4291845493562232,0.5205501488423872,1.928435746003767,,97.8,0.4749115625659779,0.7580909971604172,0.852752880921895,False,False,False
3010,124.5,2026-09-11,-0.03488372093023251,-0.04961832061068705,-0.01720753345196613,-0.005911060749485664,,51.9,-0.0628461197283754,0.5867159211566332,0.9135817038939599,False,False,False
3011,9.699999809265137,2026-09-11,-0.0443349582440965,-0.13004483039222436,-0.3445946159286162,-0.21138214155705548,,2.1,-0.39023320220502544,0.9414535748905704,0.6198083096296003,False,False,False
3013,84.69999694824219,2026-09-11,-0.03750003467906604,0.012505703542384339,-0.21032547743920293,-0.11996466477312673,,11.2,-0.2559640637156122,0.7787700112296448,0.6317396270358069,False,False,False
3014,130.5,2026-09-11,-0.0076045627376425395,-0.029739776951672847,-0.08204915137463775,0.16583637664711603,,56.3,-0.12768773765104702,0.30476597284265733,0.8198908601433602,False,False,False
3015,51.59999847412109,2026-09-11,-0.03189494910456614,-0.07526883190618316,-0.11643834766381478,0.0498791212782872,,35.7,-0.16207693394022404,0.17243213520380146,0.6898395236483681,False,False,False
3016,109.5,2026-09-11,0.08415841584158423,0.05288461538461542,-0.12049502451389071,0.8384301159382772,,86.8,-0.16613361079029998,1.1576203868400676,0.7209057371651623,False,False,False
3017,3370.0,2026-09-11,-0.05602240896358546,0.059372511013513485,0.4066356912080684,0.8176900417303683,,95.3,0.36099710493165915,0.6705555827359219,0.9439775910364145,False,False,False
3018,11.050000190734863,2026-09-11,-0.06355932100652728,-0.19047615387958206,-0.04329004257515845,-0.12648217201933032,,33.7,-0.08892862885156771,0.44258324713796254,0.6405797212020211,False,False,False
3019,137.5,2026-09-11,-0.04844290657439443,-0.010791366906474864,-0.1034793303394923,0.08544265316721256,,43.0,-0.14911791661590157,0.713497811187748,0.84820514606529,False,False,False
3021,23.5,2026-09-11,-0.03292178033653792,0.12709830072163641,-0.248,0.4993865311396599,,56.6,-0.29363858627640926,2.7185109933734144,0.5875,False,False,False
3022,83.19999694824219,2026-09-11,-0.13242965980776944,-0.11996759148485636,0.012088797945305263,0.415265274557004,,82.4,-0.033549788331104,0.8636780639228911,0.7639927153985812,False,False,False
3023,322.0,2026-09-11,-0.05294117647058827,0.03205128205128216,0.04217721315941225,0.3486999777651616,,82.2,-0.003461373116997013,0.5041848343823545,0.9470588235294117,False,False,False
3024,14.399999618530272,2026-09-11,0.024910990963986857,0.07063195708082604,0.17272276596010716,0.44423994851829396,,89.4,0.1270841796836979,0.5618060478654728,0.8235413530332479,False,False,False
3025,50.70000076293945,2026-09-11,-0.030592705496395367,-0.05781673127146225,-0.276220326734706,-0.13099599932706418,,6.5,-0.32185891301111524,0.6955887223255319,0.6815284857215262,False,False,False
3026,744.0,2026-09-11,0.061340941512125546,0.07670043415340078,-0.10855360128827818,5.933472271676031,,98.8,-0.15419218756468744,1.427589348754508,0.7402985074626866,False,False,False
3027,17.700000762939453,2026-09-11,-0.03013694449646831,-0.03278680323144478,-0.17289714586662852,-0.17096016643157586,,12.3,-0.2185357321430378,0.33689234957597336,0.6199650170204982,False,False,False
3028,61.70000076293945,2026-09-11,-0.03744146284419314,-0.10966813786634577,-0.15142762677156163,0.26950453305755406,,52.5,-0.1970662130479709,0.3889397784168841,0.7424789638492472,False,False,False
3029,116.5,2026-09-11,0.04484304932735417,0.04484304932735417,0.1148325358851674,0.06257003828341956,,77.2,0.06919394960875813,1.8617731613846864,0.9775644433837192,True,True,False
3030,263.0,2026-09-11,-0.073943661971831,-0.1334431630971994,-0.21726190476190477,-0.031257787862147834,,15.4,-0.26290049103831403,0.5314288555520602,0.6408246829648213,False,False,False
3031,23.600000381469727,2026-09-11,-0.04646463105172827,0.017241362300696395,-0.146556233689089,0.1492509878496946,,40.8,-0.19219481996549825,0.3150358237463205,0.7112031712960142,False,False,False
3032,73.0,2026-09-11,-0.07360409679106517,-0.09765143852749858,-0.14619883040935677,0.07352941176470584,,33.3,-0.19183741668576604,0.6908716162906468,0.7227722772277227,False,False,False
3033,41.54999923706055,2026-09-11,-0.05460754230299558,-0.145061717251176,-0.1272447015895931,0.42396913205676934,,70.6,-0.17288328786600238,0.5393723906676806,0.7785730634357798,False,False,False
3034,547.0,2026-09-11,0.043893129770992356,0.016728624535315983,0.1540218870242831,0.4722701892100192,,89.2,0.10838330074787383,0.5449056725214515,0.9820466786355476,False,False,False
3035,169.5,2026-09-11,-0.055710306406685284,-0.0423728813559322,-0.15334664044065427,0.12887117475912646,,36.3,-0.19898522671706353,0.4036664470741308,0.7274678111587983,False,False,False
3036,191.0,2026-09-11,-0.007792207792207795,-0.11162790697674418,-0.15486725663716816,-0.16581924925054603,,14.8,-0.20050584291357743,0.5339822710871777,0.651574047758105,False,False,False
3037,977.0,2026-09-11,0.08314855875831495,-0.02300000000000002,0.019792247940129792,0.9271664653679528,,91.1,-0.025846338336279473,0.6872778653860218,0.8279661016949152,False,False,False
3038,20.0,2026-09-11,-0.004975143262281545,-0.024390243902439046,-0.13606910023483887,-0.08760894821509746,,22.0,-0.18170768651124813,1.3935038782444866,0.7936507696227189,False,False,False
3040,34.099998474121094,2026-09-11,-0.04481799032562872,-0.10263161910207652,-0.10498688084507246,-0.29763132832160943,,12.8,-0.15062546712148173,1.6516342188896491,0.465846993111657,False,False,False
3041,22.5,2026-09-11,-0.03433473232857809,-0.032258064516129004,-0.16666666666666663,-0.0445859563089992,,20.9,-0.2123052529430759,0.2913425623735387,0.7064364122610957,False,False,False
3042,176.0,2026-09-11,0.014409221902017322,-0.05630026809651478,-0.2626728016332466,0.9202049401967811,,81.0,-0.30831138790965584,0.5949055373620603,0.7068273092369478,False,False,False
3043,20.25,2026-09-11,-0.031100460784409645,-0.016990309465458098,-0.10792954540069355,-0.051522265190423466,,29.1,-0.15356813167710281,0.44764332380624855,0.8132530245072854,False,False,False
3044,508.0,2026-09-11,0.03991811668372569,0.02626262626262621,0.003935736606596185,0.3738068323479109,,80.3,-0.04170284966981308,0.7202864129732153,0.9110761069812806,False,False,False
3045,121.0,2026-09-11,0.025423728813559254,0.11520737327188946,0.056927157070224776,0.18594177338903228,,77.6,0.011288570793815511,0.4168963293213848,1.0,True,True,False
3046,52.29999923706055,2026-09-11,-0.05595671847355921,-0.1426229633268763,-0.04061846838686123,0.1646021579506527,,63.8,-0.0862570546632705,0.5318386235961847,0.8394863543746036,False,False,False
3047,13.550000190734863,2026-09-11,-0.00732596561099208,-0.055749140729495106,-0.145110418635939,-0.14779870969661268,,16.9,-0.19074900491234825,0.42266552004834845,0.6346604191396312,False,False,False
3048,50.20000076293945,2026-09-11,-0.05992510620788383,-0.17298187591474967,-0.30626789863465875,0.34536422060424066,,29.1,-0.351906484911068,0.3108344828544257,0.6780493372086972,False,False,False
3049,12.100000381469728,2026-09-11,-0.054687484283931664,0.06607929293328185,-0.17966099108679812,-0.028112404269672653,,20.0,-0.22529957736320738,0.737437600290998,0.6722222434149849,False,False,False
3050,11.100000381469728,2026-09-11,-0.03478257552437147,-0.030567636124517183,-0.1469492014114716,-0.12049800186582182,,18.2,-0.19258778768788087,0.453532678113995,0.7415408476500766,False,False,False
3051,21.149999618530277,2026-09-11,-0.032036647630134474,-0.09615384772135815,-0.2145751961615745,0.01588978722429646,,18.4,-0.26021378243798376,0.6117967226808706,0.7025471576300244,False,False,False
3052,10.399999618530272,2026-09-11,-0.009523845854259805,-0.022980566028878213,0.008391651198920158,-0.009777651057353953,,57.2,-0.03724693507748911,0.5224664627105173,0.8972627750138596,False,False,False
3055,154.5,2026-09-11,0.16603773584905657,0.30379746835443044,0.8651079449768664,1.686143369446147,,97.9,0.8194693587004571,2.94135602477625,0.8005181347150259,False,False,False
3056,13.75,2026-09-11,-0.024822721418483074,-0.007220243950572081,-0.0654416179085664,-0.040436654990738785,,37.1,-0.11108020418497566,0.45990178547850413,0.6782729225812414,False,False,False
3057,16.75,2026-09-11,-0.03458215379122087,-0.005934740605685662,-0.16666668248216088,0.11295679652626833,,33.0,-0.21230526875857014,0.4233941572869853,0.7008368312697921,False,False,False
3058,8.029999732971191,2026-09-11,-0.002484528855874024,-0.027845095585642632,-0.15384616157635034,-0.1262241458517812,,17.3,-0.1994847478527596,0.6875054572170608,0.6555101822833626,False,False,False
3059,37.25,2026-09-11,-0.0269231639259202,-0.06154793601099762,-0.19490695913483735,0.02114601681625561,,21.5,-0.24054554541124662,0.3113805746012594,0.6503728190061498,False,False,False
3060,26.600000381469727,2026-09-11,0.00377359930074439,-0.07638885117607253,-0.2062481644640235,-0.032570045583329765,,16.3,-0.25188675074043276,0.242097637072829,0.6422433952744429,False,False,False
3062,20.549999237060547,2026-09-11,-0.0048426335746754035,-0.021428607759021556,-0.20961541395920968,-0.11991439394712933,,11.3,-0.25525400023561895,0.4549086805577693,0.6303681042615319,False,False,False
3066,23.200000762939453,2026-09-11,-0.06072874306346743,-0.016949136104436047,0.12621360841374063,0.3033708852434003,,85.9,0.08057502213733136,0.46303493739416934,0.7682119263854392,False,False,False
3067,16.899999618530273,2026-09-11,-0.01457725979946256,-0.05849588299612052,-0.1105263358668277,-0.08648650710647166,,25.5,-0.15616492214323696,1.8178626289225368,0.7934272405571464,False,False,False
3071,23.5,2026-09-11,-0.06374503414951893,-0.06746034569330528,-0.2712077452537701,-0.028766735190049353,,9.8,-0.3168463315301794,0.7532681479325765,0.7001913926609286,False,False,False
3073,22.350000381469727,2026-09-11,-0.011061946715938187,-0.013244999651793266,0.10643562065971968,-0.23979589552841574,,53.0,0.06079703438331041,0.5381597036514583,0.5179605930735709,False,False,False
3078,43.95000076293945,2026-09-11,-0.04663769592939504,-0.09980819834110477,-0.13731615637471828,-0.21027946064824887,,14.2,-0.18295474265112754,0.6793808052126986,0.5765151097398543,False,False,False
3081,2810.0,2026-09-11,-0.11356466876971605,0.054409005628517804,0.3260419093281792,1.0850559331087064,,95.7,0.28040332305176996,1.185550498850072,0.7960339943342776,False,False,False
3085,11.949999809265137,2026-09-11,0.0391304181969685,-0.020491803599057445,-0.05158734543853816,0.03463200103244524,,48.6,-0.09722593171494742,1.006900536524969,0.6988303826130118,False,False,False
3088,124.0,2026-09-11,-0.023622047244094446,-0.10144927536231885,-0.09954810444423978,0.5485128855936119,,79.3,-0.14518669072064905,0.4861243671450093,0.8051948051948052,False,False,False
3090,163.0,2026-09-11,-0.07648725212464591,-0.06857142857142862,-0.41202794603921267,0.7912786248645627,,52.5,-0.45766653231562193,0.7848248234182785,0.47941176470588237,False,False,False
3092,22.799999237060547,2026-09-11,-0.03184713478970003,-0.0480167636427985,-0.2361809398429917,-0.28971961617251085,,4.4,-0.281819526119401,0.32356041420139464,0.6031745951652445,False,False,False
3093,43.54999923706055,2026-09-11,-0.03650445792097823,-0.11573605610029347,-0.3164116177267581,0.09070697412597717,,11.2,-0.36205020400316734,0.19074441377688578,0.5850286621932081,False,False,False
3094,40.900001525878906,2026-09-11,-0.12043007471228162,0.05412377139462676,0.16461332731131972,0.7745292900965923,,92.7,0.11897474103491046,1.8848805176900645,0.8795699252877184,False,False,False
3095,35.54999923706055,2026-09-11,0.011379735243742362,-0.05326231799296732,-0.09426753536151478,0.12857140435112857,,49.5,-0.13990612163792404,0.8117592584186012,0.7445026018232576,False,False,False
3097,25.5,2026-09-11,0.01796410286007899,0.0,0.019230709121297096,0.15468403677654785,,71.9,-0.02640787715511217,0.9960403579921127,0.8386075470980905,False,False,False
3105,437.5,2026-09-11,-0.026696329254727424,0.1304909560723515,-0.14383561643835618,0.4036365701372797,,67.0,-0.18947420271476545,0.8643703223014672,0.7120555029781066,False,False,False
3114,29.850000381469727,2026-09-11,-0.06132072020046597,-0.08558285836219148,-0.26341537365839207,0.22388535109054453,,25.9,-0.30905395993480134,0.18190911809897045,0.5546724624810968,False,False,False
3115,8.729999542236328,2026-09-10,0.013937269494084026,-0.007954618975149041,-0.039604026876619125,-0.12700004577636714,,34.2,-0.08524261315302839,0.4122482062749908,0.656390933612007,False,False,False
3117,28.600000381469727,2026-09-11,-0.051409593919461205,0.0514705727669611,0.0,3.6129034292437474,,98.1,-0.045638586276409265,1.336094866521973,0.5607843212052888,False,False,False
3122,24.049999237060547,2026-09-11,-0.04563497980405473,-0.07854410400180012,-0.23892408396414155,-0.06054691880126417,,11.4,-0.2845626702405508,0.264034747094794,0.5982586761349602,False,False,False
3128,19.950000762939453,2026-09-11,-0.007462667446939908,-0.02950245738602475,-0.1041561336920861,-0.18079676063894357,,20.0,-0.14979471996849536,0.29139809500400077,0.5783904608102994,False,False,False
3130,209.0,2026-09-11,-0.004761904761904745,-0.0071258907363420665,-0.013669123548221362,0.004022901680476476,,53.5,-0.05930770982463063,0.43547485983500733,0.9766355140186916,False,False,False
3131,2325.0,2026-09-11,-0.02515723270440251,-0.11764705882352944,-0.26351741582713695,0.20498300557927185,,24.4,-0.3091560021035462,1.2776234771314043,0.6063486676749981,False,False,False
3135,162.5,2026-09-11,-0.06069364161849711,0.026595212956137537,-0.11255966073006496,0.5772235040010036,,79.5,-0.15819824700647422,0.38168904157908645,0.6660061388685588,False,False,False
3138,89.0,2026-09-11,-0.0680628272251309,-0.08811473984194174,-0.3567485933882354,-0.5088215759619077,,0.4,-0.40238717966464466,0.32655863037498234,0.4155256466710062,False,False,False
3141,90.8000030517578,2026-09-11,-0.11069151429070168,0.205742376208494,0.2748827802088878,1.0392419122306142,,95.1,0.22924419393247852,1.9242739081449893,0.8893084857092983,False,False,False
3147,221.0,2026-09-11,-0.01118568232662187,-0.027330788386602634,-0.3123727979578167,0.2750957854406131,,22.8,-0.35801138423422596,0.44976490370659133,0.6502988505747126,False,False,False
3149,62.29999923706055,2026-09-11,0.028052818576644656,-0.0878477825271905,-0.28718537586508297,0.339784929829259,,31.8,-0.33282396214149224,0.34422278955938024,0.5961722415029718,False,False,False
3150,15.800000190734863,2026-09-11,-0.04819278146691419,-0.10985914418395137,-0.12161385940817637,0.022021563774635267,,33.0,-0.16725244568458564,0.5803914958174424,0.7142919781404895,False,False,False
3152,222.0,2026-09-11,-0.0672268907563025,-0.038961038961038974,-0.4056958137989102,-0.048685689476034466,,2.6,-0.45133440007531944,0.45890171419664083,0.5943041862010898,False,False,False
3158,84.5999984741211,2026-09-11,0.015606186971632408,0.011961722706365308,0.008343229267120833,-0.007533965991002978,,57.5,-0.03729535700928843,1.0147896996532613,0.715516994953945,True,True,False
3162,70.5999984741211,2026-09-11,-0.0028249232911827793,0.07786257212398606,-0.15576072997905666,0.3309369223740477,,58.0,-0.20139931625546592,1.0835322317225937,0.7438812784617288,False,False,False
3163,670.0,2026-09-11,-0.13548387096774195,-0.06555090655509066,-0.0820526341624418,-0.11099686722865909,,28.2,-0.12769122043885106,0.8478095808717562,0.6096021354911562,False,False,False
3167,828.0,2026-09-11,0.031133250311332406,0.228486646884273,-0.008317994347845747,1.1306560413052837,,92.8,-0.05395658062425501,2.1296096944796736,0.8748908720363419,False,False,False
3168,42.75,2026-09-11,0.0,0.021505413588854827,-0.08053646727936048,0.11665246271425134,,51.2,-0.12617505355576975,0.6067100159293601,0.8744610140485339,False,False,False
3169,100.0,2026-09-11,-0.0430622009569378,-0.019607843137254943,-0.06900349592483035,0.06166264833445356,,47.9,-0.11464208220123961,1.018223193983234,0.8363830186527732,False,False,False
3171,59.59999847412109,2026-09-11,-0.049441822186559015,-0.07020280978347881,-0.10840912494133603,0.16492535582949097,,50.4,-0.1540477112177453,1.6653248506859346,0.804003834406657,False,False,False
3178,59.29999923706055,2026-09-11,-0.048154093687618915,0.005084732831534655,-0.08062016686727835,0.08409503491703241,,47.8,-0.12625875314368762,1.0332423049097046,0.7981157039220015,False,False,False
3188,23.649999618530277,2026-09-11,-0.050200803981931164,0.015021476091425123,-0.028747464146741786,-0.23367468773386768,,26.6,-0.07438605042315105,0.6558270118995547,0.7563874002565862,False,False,False
3189,822.0,2026-09-11,0.00366300366300365,-0.034077555816686256,0.24758665154850035,1.5934084725102684,,96.4,0.20194806527209108,0.7549560951309398,0.899343544857768,False,False,False
3191,16.75,2026-09-11,-0.031791864815943094,-0.09703500329338977,-0.13212431802401048,0.16724735573034621,,46.0,-0.17776290430041974,0.8418434061979271,0.6332703030946352,False,False,False
3206,34.900001525878906,2026-09-11,0.013062431145823172,0.004316590672774234,-0.05093108346436126,0.025154697766343936,,47.8,-0.09656966974077053,0.6656799641020736,0.8677201856950824,False,False,False
3207,37.0,2026-09-11,-0.07499999999999996,-0.11483251972896669,-0.4534711718187058,-0.452662709538899,,0.3,-0.49910975809511504,0.4879506074487154,0.44258374013551666,False,False,False
3209,44.650001525878906,2026-09-11,-0.04184542944406089,-0.1275093443631219,-0.2029449157880473,0.22608464379717264,,35.9,-0.24858350206445656,0.6896992190949207,0.6002392397006211,False,False,False
3211,362.0,2026-09-11,-0.06217616580310881,-0.10947109471094707,-0.13076546761999475,0.21127474496584409,,50.5,-0.176404053896404,0.46883319859317907,0.7912568306010929,False,False,False
3213,121.0,2026-09-11,-0.06201550387596899,-0.10370370370370374,-0.06958416579489934,0.26499886379343995,,67.9,-0.11522275207130861,0.7579029653778196,0.8491228070175438,False,False,False
3217,127.0,2026-09-11,-0.052238805970149294,-0.10563380281690138,-0.20957429633442415,-0.1470406059679381,,9.9,-0.2552128826108334,0.6488947994923803,0.6510511181391379,False,False,False
3219,85.5999984741211,2026-09-11,-0.062431592410850056,0.17582410557404793,0.16841677744470607,0.3363544077222429,,87.8,0.1227781911682968,1.6064336930076164,0.8403613090678997,False,False,False
3221,45.59999847412109,2026-09-11,-0.07692313632353098,-0.07598784429479732,-0.2806549069033448,0.6021777928101231,,60.3,-0.3262934931797541,0.4108717626036833,0.6911354848646806,False,False,False
3224,32.400001525878906,2026-09-11,-0.027026958912960142,-0.09999995761447478,-0.13484643882992997,-0.2775919146446785,,10.8,-0.18048502510633924,0.6908687041950502,0.6171428862072172,False,False,False
3226,55.900001525878906,2026-09-11,0.016363664106889164,0.08333339494020331,0.1609553427705428,0.08966866193431033,,81.7,0.11531675649413353,1.7582896375306436,0.9637931297565329,True,True,False
3227,181.5,2026-09-11,-0.0546875,-0.09925558312655092,-0.11996360526569494,-0.03996032893921242,,27.8,-0.1656021915421042,0.3253564435814248,0.7410832422616139,False,False,False
3228,165.5,2026-09-11,-0.048850574712643646,0.11073825503355694,-0.062322946175637384,0.273076923076923,,69.3,-0.10796153245204665,0.7426292197995921,0.6427184466019418,False,False,False
3229,67.5,2026-09-11,0.3554217075121424,0.2735849056603774,0.46898800607728175,2.580901784296784,,98.0,0.4233494198008725,3.4137665079727237,1.0,True,True,False
3230,42.0,2026-09-11,-0.008264427077487646,0.03831889265328936,0.4432989501520668,0.09517605400537277,,91.5,0.3976603638756575,0.19178123861027177,0.6471494454935025,False,False,False
3231,185.5,2026-09-11,-0.06313131313131315,-0.058375634517766506,0.19072741368105617,0.43509313994973775,,89.7,0.1450888274046469,1.21613072160926,0.9368686868686869,False,False,False
3232,19.549999237060547,2026-09-11,-0.0025510787467357687,-0.022500038146972656,-0.1318673081638435,-0.12236919380867017,,20.1,-0.17750589444025278,0.27756050922916864,0.7413628529388725,False,False,False
3234,187.5,2026-09-11,-0.0898058252427184,0.32978723404255317,0.5306122448979591,1.1282633739781178,,96.4,0.48497365862154984,1.101420109487983,0.8886255924170616,False,False,False
3236,42.900001525878906,2026-09-11,-0.03487062340734248,-0.08257419448943026,-0.37562242171696725,0.5837314439114554,,37.5,-0.4212610079933765,0.42322126764648255,0.5944416688038981,False,False,False
3257,46.70000076293945,2026-09-11,-0.0603621721116161,-0.08966858757373875,-0.16007190567323704,-0.12101955234059014,,16.6,-0.2057104919496463,0.27383858308404807,0.6275224689912133,False,False,False
3259,11.100000381469728,2026-09-11,-0.08641969300634078,-0.21276595169051282,-0.35087718515502775,-0.3451327503335889,,1.1,-0.396515771431437,0.5163748393835333,0.46540881358198555,False,False,False
3260,402.5,2026-09-11,0.004993757802746579,-0.0158924205378973,-0.048463356973995286,0.15707788074810636,,62.0,-0.09410194325040455,0.7217786268264993,0.7923228346456693,False,False,False
3264,230.5,2026-09-11,0.01541850220264318,0.0,0.031059810220346096,0.5568321277352688,,87.1,-0.01457877605606317,1.316581626619986,0.896887159533074,False,False,False
3265,165.0,2026-09-11,-0.06515580736543913,-0.08839779005524862,-0.044370241487967976,0.2540420131629044,,70.0,-0.09000882776437724,0.6870253795552412,0.8571428571428571,False,False,False
3266,14.0,2026-09-11,0.0071942722456206365,0.0,0.0836154005879104,0.10843095486833132,,76.3,0.03797681431150113,0.8243481920958038,0.9893993199594269,False,False,False
3268,17.450000762939453,2026-09-11,0.0028736290520334773,-0.10051540690383542,-0.1119592314656428,0.10094639387771176,,42.8,-0.15759781774205206,0.30099779363162454,0.7347368742290296,False,False,False
3272,13.949999809265137,2026-09-11,-0.04452058597406405,0.010869537424425646,-0.17699119873986713,-0.19130435888318043,,10.9,-0.2226297850162764,0.4398145328570968,0.5625000096136527,False,False,False
3276,13.899999618530272,2026-09-11,-0.02112677427918852,-0.0446735782600538,-0.08509368445487253,0.00016640612385510067,,37.2,-0.1307322707312818,0.35588716972037193,0.7595628523514065,False,False,False
3284,19.299999237060547,2026-09-11,-0.07434058110553954,-0.1023256168809048,-0.030192788176637397,0.01229873841290896,,50.8,-0.07583137445304666,0.2223701501520247,0.6365833223133862,False,False,False
3285,39.79999923706055,2026-09-11,-0.029268311291206217,0.043250265928885145,-0.11416003333702385,0.39466151524036763,,70.1,-0.1597986196134331,0.15004206494110908,0.787221045456442,False,False,False
3287,35.0,2026-09-11,-0.043715807126396555,0.01960783442129932,0.04597707570253151,0.25301208110059736,,79.0,0.000338489426122246,0.7483123662115424,0.9114582971152346,False,False,False
3288,20.200000762939453,2026-09-11,-0.028846081544659063,-0.03809520176478798,-0.12173909726350207,0.3557047838993146,,66.7,-0.16737768353991134,0.26040537888595416,0.689419839212459,False,False,False
3289,132.0,2026-09-11,-0.05714285714285716,-0.06713780918727918,-0.21242565921752865,0.08198527915013631,,23.3,-0.2580642454939379,0.33652919402142906,0.6323043164503753,False,False,False
3290,45.54999923706055,2026-09-11,0.0010988843310011376,-0.20367135263094394,-0.2553335351014465,0.01953235931528785,,13.7,-0.3009721213778558,0.4410369514032697,0.6527580567164059,False,False,False
3294,28.850000381469727,2026-09-11,-0.0383333206176758,-0.08846759149473171,-0.26776651613781477,-0.2244623712424335,,4.5,-0.31340510241422403,0.27737504382372546,0.551625254346585,False,False,False
3296,26.0,2026-09-11,0.08786612615012501,0.09704637818649942,0.03174600050953447,0.18993132933991852,,75.0,-0.013892585766874799,0.6989376587034254,0.846905516412455,True,False,False
3297,26.950000762939453,2026-09-11,-0.012820457285799503,-0.04601767210833796,-0.13483142558667516,-0.30181342413762624,,9.7,-0.18047001186308442,0.19843348643820544,0.43120001220703125,False,False,False
3303,48.150001525878906,2026-09-11,-0.06140346506878691,-0.0949247963277946,-0.19363616838240993,0.07686389467370902,,25.4,-0.2392747546588192,0.5307863405971365,0.7679425987238468,False,False,False
3305,99.9000015258789,2026-09-11,-0.09999998625334316,-0.14615383311214614,-0.29273617010335895,-0.0015099252746744174,,8.9,-0.3383747563797682,0.7305401052544106,0.6080357760620235,False,False,False
3306,45.0,2026-09-11,0.0011123300603315123,0.008968644384842461,-0.017434169893512208,0.02002747113779546,,54.5,-0.06307275616992147,0.5445992236142975,0.6805124980530382,True,False,False
3308,21.5,2026-09-11,-0.022727272727272707,0.10256410256410264,0.03614457831325302,-0.04231629089775879,,59.3,-0.009494007963156248,0.252178621638932,0.8159392671250046,False,False,False
3310,68.0,2026-09-11,-0.011627950817908794,-0.008746333636544312,0.025640978431253902,-0.0433153604471922,,57.4,-0.019997607845155363,0.9349398718785155,0.8139445961457132,False,False,False
3311,35.0,2026-09-11,0.09546163268322694,0.07033636646477537,-0.13896491928453036,0.12534007659515645,,39.0,-0.18460350556093963,0.5192666112359006,0.8610350807154696,True,False,False
3312,47.54999923706055,2026-09-11,-0.07661040127060137,-0.14163786108604726,-0.1506102821226043,0.46852322249912026,,70.2,-0.19624886839901357,0.3827434196422457,0.6660515526628069,False,False,False
3313,10.75,2026-09-11,-0.004629647208502563,0.04878048780487809,-0.08510638297872342,-0.1365461715107833,,25.6,-0.13074496925513268,1.174164826537514,0.5470738019690632,False,False,False
3317,54.5,2026-09-11,-0.12939295002490514,-0.2220611791929018,-0.32361471866390634,0.10286113180986556,,11.1,-0.3692533049403156,0.26210121380432877,0.5205922345337606,False,False,False
3321,17.350000381469727,2026-09-11,-0.04143646321509631,-0.05962061441641231,-0.22717150147668708,0.11935486332062761,,23.9,-0.27281008775309634,0.396253861140136,0.646182500371347,False,False,False
3322,10.850000381469728,2026-09-11,-0.022522521748499114,-0.06465517028758705,-0.29999997538904977,-0.20802915820976797,,3.5,-0.34563856166545903,0.425439101506357,0.6027777989705405,False,False,False
3323,26.75,2026-09-11,-0.074394451450156,-0.15481831524767065,-0.23789170476111188,-0.24435031505734217,,5.5,-0.28353029103752114,0.4236783671119041,0.47429076731010145,False,False,False
3324,1360.0,2026-09-11,-0.08417508417508412,0.31400966183574885,0.30388091450678,0.30388091450678,,90.7,0.25824232823037074,0.5445197328824297,0.9158249158249159,False,False,False
3325,11.050000190734863,2026-09-11,-0.013392823311138558,-0.05150209849286691,-0.11952191053410399,-0.20788528015636154,,16.1,-0.16516049681051326,0.5389617354832813,0.5456790217646846,False,False,False
3332,60.900001525878906,2026-09-11,-0.001639319247886739,-0.025599975585937518,-0.03280476542929989,0.11467528212028744,,60.7,-0.07844335170570915,0.5104026521121718,0.7907885243265782,False,False,False
3338,66.5,2026-09-11,0.016819548141536744,0.029411789021017487,-0.10481227611417965,0.15488387712287843,,50.2,-0.1504508623905889,1.4773336545419022,0.7629785221114654,False,False,False
3339,44.20000076293945,2026-09-11,0.009132455087817792,0.1616294782967782,-0.017777760823567745,0.3076923597819392,,75.9,-0.06341634709997701,0.6067812617609262,0.61904761650347,False,False,False
3346,19.799999237060547,2026-09-11,0.04485479893929267,-0.06736540503011113,-0.20670324888692104,0.010748640670938503,,19.2,-0.2523418351633303,0.6941700410160511,0.6795818774273056,False,False,False
3349,20.5,2026-09-11,-0.08685971922809566,-0.10869565217391308,0.12021862593764943,-0.2490842280987814,,55.2,0.07458003966124016,1.4781530515713357,0.640625,False,False,False
3354,29.850000381469727,2026-09-11,0.24375001589457201,0.4490291178984944,0.05477035993624191,-0.08012327643576322,,59.1,0.009131773659832643,5.3952850240652035,0.8432203134129276,False,False,False
3356,69.79060363769531,2026-09-10,-0.027327173578447606,0.011579717965957803,0.07424403238470445,0.33357134974402536,,84.3,0.028605446108295185,0.7062650603340697,0.9266379721651855,False,False,False
3357,201.0,2026-09-11,-0.06074766355140182,-0.20710059171597628,-0.3650320127071339,0.26209687039117746,,15.4,-0.4106705989835432,0.3833602684410646,0.5875278359880924,False,False,False
3360,14.399999618530272,2026-09-11,-0.03355704783899316,-0.15789477793610396,-0.052631592156154205,-0.043189406243645645,,39.5,-0.09827017843256347,0.095727483734924,0.6301969093273185,False,False,False
3362,179.5,2026-09-11,-0.14523809523809528,-0.008287292817679592,0.016997167138810276,0.8505154639175259,,90.5,-0.02864141913759899,0.9436683919630878,0.8507109004739336,False,False,False
3363,681.0,2026-09-11,-0.07346938775510203,0.135,-0.036775106082036824,0.09134615384615374,,57.9,-0.08241369235844609,1.0897959800127641,0.6878787878787879,False,False,False
3372,14.300000190734863,2026-09-11,-0.027210858756485212,-0.11180125143391739,-0.29729730109704877,-0.3091787602086916,,2.0,-0.34293588737345804,0.32330126711017987,0.5575048890216803,False,False,False
3373,15.850000381469728,2026-09-11,-0.03058103904185061,-0.04516349719361901,-0.05646324829393401,-0.07021745143180391,,35.7,-0.10210183457034328,0.5961888201876436,0.7721922817058514,False,False,False
3374,463.5,2026-09-11,0.07790697674418601,0.4261538461538461,0.9472903496417961,1.725071011143784,,98.1,0.9016517633653869,0.37368501836432316,0.9497950819672131,False,False,False
3376,183.0,2026-09-11,-0.1327014218009479,-0.03430079155672827,-0.07860169748702028,-0.05053886056632528,,34.0,-0.12424028376342955,1.9563519124175357,0.7139078563813417,False,False,False
3379,26.799999237060547,2026-09-11,-0.04795738542678585,-0.09612143062857148,-0.23423657720772606,-0.3057587526490614,,4.2,-0.2798751634841353,0.3295347647418019,0.4539704961072553,False,False,False
3380,30.75,2026-09-11,0.02499999999999991,0.08657246745544178,-0.10787039978077828,-0.13625072676240824,,22.5,-0.15350898605718755,1.2612034492800526,0.7514930709314739,True,False,False
3388,81.80000305175781,2026-09-11,-0.09613256296400208,0.07208387654020276,-0.08147017681653479,0.3579545386180596,,71.9,-0.12710876309294405,0.4884404914310478,0.7014227937335396,False,False,False
3390,21.600000381469727,2026-09-11,-0.02702704328151928,-0.03355704640711421,-0.2712432150955324,0.01112895142552528,,11.7,-0.31688180137194166,0.2822927837362182,0.7275401638096242,False,False,False
3402,123.0,2026-09-11,0.012345679012345734,-0.0390625,-0.12688553682342507,0.0027174120927357936,,30.5,-0.17252412309983434,0.3043826445877598,0.8123280677826863,False,False,False
3406,1060.0,2026-09-11,0.004739336492890933,0.685214626391097,0.456043956043956,1.5310772932123942,,96.9,0.4104053697675467,1.652284973849224,0.954954954954955,False,False,False
3413,279.5,2026-09-11,-0.010619469026548645,-0.07450331125827814,-0.13198757763975155,-0.05356179598328903,,24.7,-0.17762616391616082,0.3296041683579361,0.731675392670157,False,False,False
3416,160.5,2026-09-11,-0.06956521739130439,-0.10379383419297095,-0.020809499849423707,0.17436699236465314,,68.5,-0.06644808612583297,0.6734095286597487,0.8596262684939495,False,False,False
3419,11.0,2026-09-11,-0.05982904450227533,-0.08333333333333337,-0.23344949772932488,-0.259259278287553,,5.3,-0.27908808400573415,0.810094878875315,0.61281334442677,False,False,False
3430,103.5,2026-09-11,-0.018957345971563955,-0.13025210084033612,-0.17808031939502234,0.4123283605304151,,61.6,-0.2237189056714316,0.4131831054203591,0.5710886184826587,False,False,False
3432,14.449999809265137,2026-09-11,-0.006872878361431578,-0.09119495874548744,-0.21891892922891154,-0.1268881887977894,,10.2,-0.2645575155053208,0.6401104796551307,0.6393805117416296,False,False,False
3434,29.100000381469727,2026-09-11,-0.0168918916741978,0.008929721616839359,0.01230414732172802,0.06577089026852057,,64.4,-0.033334438954681245,0.24306642043075213,0.8407748421478648,False,False,False
3437,18.149999618530277,2026-09-11,-0.01089922391181064,0.025423663061814095,-0.15581397123114993,-0.0644329909576925,,21.1,-0.2014525575075592,1.7067858077985845,0.6070234063575695,False,False,False
3438,61.900001525878906,2026-09-11,-0.04031005386234254,0.028239214973332816,-0.07128259239146861,0.3053797847674209,,69.9,-0.11692117866787788,0.2699034154753463,0.8005778550154444,False,False,False
3441,166.0,2026-09-11,0.16083916083916083,0.9529411764705882,1.2523745844464278,4.1804955981880845,,98.9,1.2067359981700185,1.574603732081931,1.0,True,True,False
3443,6120.0,2026-09-11,0.05335628227194489,0.10469314079422376,0.2710280373831775,1.6905389488407856,,96.6,0.22538945110676822,0.7869412348362304,0.983132530120482,False,False,False
3444,78.69999694824219,2026-09-11,-0.059737158689406655,0.0,-0.11648797631192598,0.33404453985825877,,65.4,-0.16212656258833524,0.5633714886643192,0.6857556812659524,False,False,False
3447,26.850000381469727,2026-09-11,-0.07253887136880688,-0.035906642237080844,-0.3028946066034278,-0.35198655650649624,,1.7,-0.3485331928798371,0.4158016244575599,0.3943624326001554,False,False,False
3450,512.0,2026-09-11,-0.11724137931034484,-0.028462998102466774,0.011887733475447249,0.8257191403897592,,90.1,-0.03375085280096202,0.2588633541573929,0.7925696594427245,False,False,False
3455,233.5,2026-09-11,-0.012684989429175508,0.051910976758727134,-0.0034527949144015357,0.9479832357399753,,91.0,-0.0490913811908108,0.7536712520882762,0.7634837514452534,False,False,False
3465,29.200000762939453,2026-09-11,0.00516356384917005,-0.02341133326158995,-0.061093234573152855,-0.33333330430215125,,15.8,-0.10673182084956212,0.2728369320814734,0.5551331104563757,False,False,False
3466,24.149999618530277,2026-09-11,-0.008213583564936955,-0.052941191430185164,-0.21335508083492405,-0.32729808935742,,4.7,-0.2589936671113333,0.6791621322003205,0.4923547399422453,False,False,False
3467,58.59999847412109,2026-09-11,0.1467710415646739,0.27947597053021367,-0.10855856174761469,0.5553307631263107,,78.8,-0.15419714802402396,0.9602004678213695,0.762613806484743,True,False,False
3479,131.0,2026-09-11,0.03149606299212593,-0.06093189964157708,0.028658778923485784,0.5130718807380397,,86.2,-0.01697980735292348,0.4702676716350519,0.8370607028753994,False,False,False
3481,47.70000076293945,2026-09-11,-0.016494829630114394,-0.034412969846749575,-0.07198444850388919,0.6431520771287191,,84.7,-0.11762303478029845,0.5906521681018266,0.6727785576355549,False,False,False
3483,76.5,2026-09-11,-0.043749999999999956,0.03378378378378377,-0.13543208098840198,-0.0096181635113477,,27.6,-0.18107066726481125,1.0745587034695196,0.6924061262874017,False,False,False
3484,44.34999847412109,2026-09-11,-0.04623659195438523,-0.07284130966217284,-0.0077428937983793356,-0.0035025435096579516,,54.1,-0.0533814800747886,0.34636080369823447,0.846389889173686,False,False,False
3485,193.0,2026-09-11,-0.080952380952381,-0.09813084112149528,-0.4238134110787172,0.11029213483146072,,4.9,-0.46945199735512644,0.3628433166744213,0.5113376455368693,False,False,False
3489,21.899999618530277,2026-09-11,-0.04157552503630835,-0.15444015671483569,0.0940505161574332,0.12608354054046367,,78.0,0.04841192988102394,0.4736727167119881,0.8342856997535344,False,False,False
3490,41.54999923706055,2026-09-11,-0.09673914702042286,0.12754412367859835,0.25474968441419676,0.7198504632050018,,93.3,0.2091110981377875,1.0247425737038807,0.7609890182827407,False,False,False
3491,1415.0,2026-09-11,-0.05980066445182719,0.052044609665427455,-0.08524725560682289,0.08583239987762514,,47.2,-0.13088584188323216,0.850926357821521,0.6465638799544492,False,False,False
3492,19.100000381469727,2026-09-11,-0.0026109262692709523,-0.10145598948224721,-0.11915169969162087,-0.19490463014812087,,17.4,-0.16479028596803014,0.46758494561302927,0.70871071691037,False,False,False
3494,7.110000133514404,2026-09-11,0.002820871720180973,0.0,-0.12330450869248899,-0.160566716722369,,18.9,-0.16894309496889826,0.847433171255027,0.5511628173462275,False,False,False
3498,192.0,2026-09-11,-0.010309278350515427,0.33333333333333326,0.5298804780876494,1.6373625268050591,,97.2,0.4842418918112401,0.9387680911840915,0.9230769230769231,False,False,False
3499,13.300000190734863,2026-09-11,-0.02205883693530053,0.02307693774883557,-0.08904110662797116,-0.2312138279033431,,18.7,-0.13467969290438042,3.6589278651889607,0.6229508174753154,False,False,False
3501,38.70000076293945,2026-09-11,-0.02763815314591289,-0.026415075146177247,-0.04479423240608926,-0.16942858663304528,,30.1,-0.09043281868249853,0.3556244244010116,0.702405626239036,False,False,False
3504,80.69999694824219,2026-09-11,-0.10033445157409637,0.06184206510844992,-0.017052394054796527,0.3889844934193518,,79.7,-0.06269098033120579,0.7574957743876577,0.8557793673023418,False,False,False
3508,21.200000762939453,2026-09-11,0.011933173789771434,0.2045454717864672,0.10704967024780077,-0.45987259202702035,,31.0,0.0614110839713915,0.5792374810875921,0.40535374899043636,False,False,False
3511,18.700000762939453,2026-09-11,-0.050761419353914206,-0.0900242599904697,-0.25793650012738367,-0.03608241594614292,,10.6,-0.30357508640379294,0.20884627533839062,0.6642984375257263,False,False,False
3512,19.200000762939453,2026-09-11,-0.010309219563065963,-0.02538070967695716,0.0052172520222517615,0.007633681008609727,,57.9,-0.040421334254157504,0.341487047335347,0.913236569961054,False,False,False
3515,207.0,2026-09-11,-0.08810572687224671,-0.1228813559322034,-0.11522399273706285,0.031888400486691504,,34.9,-0.16086257901347212,1.186248161423211,0.6435926392401424,False,False,False
3516,25.5,2026-09-11,-0.037735849056603765,0.003937022951636893,-0.05203162356448776,0.3073763209720395,,72.2,-0.09767020984089703,0.37002397727956504,0.8767899492512423,False,False,False
3518,28.950000762939453,2026-09-11,-0.06006488701126511,0.015789500454015837,0.04324327073655687,0.4367246308191761,,85.2,-0.002395315539852394,0.623733423001521,0.7442159287238063,False,False,False
3520,17.549999237060547,2026-09-11,-0.0028409740525814353,-0.03835620618846314,0.05089810989754007,0.21453283520514188,,78.1,0.005259523621130802,0.1779132547670763,0.8886075563068632,False,False,False
3521,12.0,2026-09-11,-0.008264494075791218,-0.051383370603278467,-0.051383370603278467,-0.14893619323794882,,30.5,-0.09702195687968773,1.1399939616423205,0.7142857467236177,False,False,False
3523,13.149999618530272,2026-09-11,-0.12333335876464857,-0.12333335876464857,-0.24641839291729895,-0.12040135208692981,,8.4,-0.2920569791937082,0.3530294359511982,0.5655913814421623,False,False,False
3526,268.5,2026-09-11,-0.051236749116607805,-0.06770833333333337,-0.16093749999999996,-0.012258238854740644,,23.9,-0.20657608627640922,0.5817128503861262,0.6797468354430379,False,False,False
3527,50.0,2026-09-11,-0.023437514551915006,-0.04580155450365042,-0.21943531738370292,-0.0647546386591582,,13.1,-0.2650739036601122,0.4516612630462583,0.7128793861509778,False,False,False
3528,81.80000305175781,2026-09-11,-0.01800720222144514,-0.0758188359462908,-0.36018226679738696,0.339392964610683,,20.5,-0.40582085307379623,0.36779643368941867,0.5941164260264874,False,False,False
3529,2580.0,2026-09-11,0.08176100628930816,-0.0444444444444444,-0.18850218369248528,0.047094003213708824,,24.1,-0.23414076996889455,1.7483361205449341,0.5519220400090834,False,False,False
3530,56.5,2026-09-11,-0.030874772909367576,-0.0035273502689294745,-0.1239128716844331,-0.033487639346395426,,27.5,-0.16955145796084237,0.4503082718422664,0.7230491058653091,False,False,False
3531,21.299999237060547,2026-09-11,-0.0023419739351656643,-0.018433249392417195,-0.08583691268190419,0.06676658647290257,,45.0,-0.13147549895831345,0.7544612762271348,0.9044585956308999,False,False,False
3532,423.0,2026-09-11,0.06015037593984962,0.23323615160349864,0.18080961517802918,2.364370263005265,,97.3,0.13517102890161992,1.0750069631430483,0.8087954110898662,False,False,False
3533,1580.0,2026-09-11,-0.06231454005934722,-0.1270718232044199,-0.3008619204237384,-0.08113286642295325,,6.5,-0.34650050670014765,0.6361301080154365,0.5642166434005882,False,False,False
3535,83.69999694824219,2026-09-11,-0.0357143547756229,-0.09317449424885826,-0.35116281435471175,-0.33571430993458584,,1.1,-0.396801400631121,1.0938652459336107,0.563636343085806,False,False,False
3537,52.59999847412109,2026-09-11,-0.05054156993930514,-0.1023890811643915,-0.31060190554776335,0.26124902745303635,,22.0,-0.3562404918241726,0.20380262726650036,0.61091753085142,False,False,False
3540,22.149999618530277,2026-09-11,-0.06342494816890898,0.05980861353182654,-0.17384007128336731,-0.231841024340821,,9.5,-0.21947865755977658,0.37032617869128076,0.5692954900420906,False,False,False
3541,21.850000381469727,2026-09-11,0.00923791069115154,-0.013543983847727814,0.00229363055775611,-0.07021274972469249,,48.8,-0.043344955718653155,1.3988327198437625,0.8152985449064609,False,False,False
3543,42.20000076293945,2026-09-11,-0.05592841067852372,0.052369136377240055,0.32155994692006895,-0.1647228168904762,,84.3,0.2759213606436597,0.4572136717501096,0.7743119406043937,False,False,False
3545,48.54999923706055,2026-09-11,-0.04240634109517627,-0.03670639350811211,-0.1386948535507485,0.14242562505099676,,41.6,-0.18433343982715777,0.5477068035771736,0.7040340469691958,False,False,False
3548,79.4000015258789,2026-09-11,-0.045673023578681304,0.03116885098544042,-0.11389131527038354,-0.0306184029908817,,30.2,-0.1595299015467928,1.1897855313738614,0.6936091965667164,False,False,False
3550,21.950000762939453,2026-09-11,-0.05387930857298917,-0.08921160101654557,-0.2174687572205557,0.19618530281367708,,31.4,-0.26310734349696496,0.19345337337210616,0.589261765448039,False,False,False
3551,169.5,2026-09-11,-0.06868131868131866,-0.055710306406685284,-0.12748200842124413,-0.03780655951213452,,26.5,-0.1731205946976534,0.40451069007077245,0.7697547790604231,False,False,False
3552,42.29999923706055,2026-09-11,-0.016279087510219892,-0.07032968709757037,-0.13642128115383378,-0.12223521917777536,,19.6,-0.18205986743024305,0.6521655246477416,0.5587862093626536,False,False,False
3555,182.0,2026-09-11,-0.05943152454780365,0.08982035928143706,-0.09900990099009899,0.1234567901234569,,48.0,-0.14464848726650825,0.8660321959637327,0.6594202898550725,False,False,False
3556,55.70000076293945,2026-09-11,-0.04130805119126879,-0.14175655695895395,-0.22746183159862488,0.37094602124928544,,47.3,-0.27310041787503414,0.2836475962998284,0.7127555101866281,False,False,False
3557,23.299999237060547,2026-09-11,-0.037190144525003244,-0.06613232366428645,-0.1773886611322706,-0.2260159644887223,,9.5,-0.22302724740867985,0.6775943689788314,0.5706492949327502,False,False,False
3558,119.0,2026-09-11,-0.004184100418409997,-0.07014484334892801,-0.12366163390223306,-0.052054284674682094,,26.1,-0.16930022017864232,0.4904730974566755,0.738248633388108,False,False,False
3563,659.0,2026-09-11,-0.04906204906204903,-0.06258890469416789,-0.07073737299842064,-0.038785690916496196,,35.8,-0.11637595927482991,0.5956608228448196,0.7010737989814906,False,False,False
3564,47.29999923706055,2026-09-11,-0.0577689538208106,-0.02171663433707327,-0.011699640935017963,0.0779421350562215,,61.2,-0.05733822721142723,0.8166103634678897,0.8210232050719396,False,False,False
3567,25.299999237060547,2026-09-11,-0.007843167174096166,-0.025048227621141672,-0.056631674038358226,0.020603211027527824,,46.3,-0.10227026031476749,0.14119103448497924,0.8042541204387051,False,False,False
3570,166.5,2026-09-11,0.0183486238532109,0.012158054711246091,-0.02645487161830784,0.030477522134490842,,53.6,-0.0720934578947171,0.8034199853552264,0.8967514269505601,True,False,False
3576,16.399999618530273,2026-09-11,-0.04373177939838779,-0.08379888446741546,-0.21904763721284415,-0.31666668256123864,,4.6,-0.2646862234892534,0.29159952084465673,0.6142321778991877,False,False,False
3577,111.5,2026-09-11,-0.008888888888888835,-0.1356589147286822,-0.060507761330793386,0.8230083053402397,,88.4,-0.10614634760720265,0.2970943687156839,0.696875,False,False,False
3580,83.19999694824219,2026-09-11,-0.05561863349314644,0.043914681731705985,-0.1353642392087131,0.19070595130779933,,47.6,-0.18100282548512237,0.4146471493955227,0.7460352730003696,False,False,False
3581,98.0,2026-09-11,-0.12107623318385652,-0.2222222222222222,-0.30430540193532785,0.37487121007619395,,32.0,-0.3499439882117371,0.8580883189158479,0.35157420255271593,False,False,False
3583,704.0,2026-09-11,-0.009845288326300938,-0.020862308762169657,-0.13030014930141398,0.8503769788622968,,86.6,-0.17593873557782325,0.8650452501504934,0.7355536065787978,False,False,False
3585,47.0,2026-09-11,-0.07297831769746377,-0.06374503414951893,-0.31982632361993246,2.042071234966281,,94.2,-0.3654649098963417,0.7278693976081683,0.28484848484848485,False,False,False
3587,236.0,2026-09-11,-0.07450980392156858,-0.05600000000000005,-0.18257823869598933,0.28359364152701416,,47.4,-0.2282168249723986,0.6674819580269648,0.6058416365237541,False,False,False
3588,51.59999847412109,2026-09-11,-0.015267233367592947,-0.06859211095838569,-0.1248969330444063,0.04800655209894078,,34.6,-0.17053551932081557,0.2668679182923667,0.684863252453768,False,False,False
3591,26.370750427246094,2026-09-10,0.08427133580665003,0.15825688131037574,0.08188828477361909,0.3449703988897712,,84.9,0.036249698497209826,1.1346645744132708,0.8712551613507369,False,False,False
3592,219.5,2026-09-11,-0.0200892857142857,-0.06794055201698512,-0.1596838505268321,0.05711009069813211,,29.7,-0.20532243680324136,0.4187741287086208,0.7742712776756671,False,False,False
3593,10.350000381469728,2026-09-11,-0.037209266840025235,-0.13749996821085597,-0.37837834122525094,-0.20384612450232864,,1.6,-0.4240169275016602,0.44765078916528833,0.5187969917623576,False,False,False
3594,45.95000076293945,2026-09-11,-0.0651068293711966,-0.16707980132473232,-0.005147983357571051,0.09222548369593597,,63.7,-0.050786569633980316,0.25241408377087327,0.7718393940683245,False,False,False
3595,1420.0,2026-09-11,-0.15476190476190477,-0.04054054054054057,-0.2969559480588301,0.45716399652589734,,41.4,-0.34259453433523934,0.8810372440539848,0.5798918026893096,False,False,False
3596,152.5,2026-09-11,-0.043887147335423204,-0.08132530120481929,-0.19947506561679795,-0.235021898637095,,7.7,-0.24511365189320722,0.6607446289232984,0.6939326441851035,False,False,False
3597,26.25,2026-09-11,-0.01869158878504673,-0.015009366763823473,-0.03776731948348899,0.1294002719904046,,61.1,-0.08340590575989826,0.6906632661030934,0.8488486147313589,False,False,False
3603,6.449999809265137,2026-09-11,0.043689318515579556,-0.02420579743077833,-0.1937500238418579,-0.041604785886300344,,17.6,-0.23938861011826718,1.1086814513734469,0.48134328305097224,False,False,False
3605,122.5,2026-09-11,0.03813559322033888,-0.07196969696969702,0.6746608503886813,1.0848965525748726,,96.8,0.629022264112272,1.2059098986517285,0.8812949640287769,False,False,False
3607,13.600000381469728,2026-09-11,-0.010909063165837951,-0.04895103496003261,-0.15999993874044693,-0.018556712099184858,,23.6,-0.2056385250168562,0.42589054945083754,0.7803278785404163,False,False,False
3609,18.049999237060547,2026-09-11,-0.037333374023437504,-0.27800003051757816,-0.33271719977238734,-0.38709681597784285,,1.0,-0.3783557860487966,0.6043746889389754,0.34711536994347203,False,False,False
3611,182.0,2026-09-11,-0.005464480874316946,-0.03448275862068961,-0.015525127873876055,0.00773019258018115,,53.5,-0.06116371415028532,0.9916572958663465,0.8908241590608056,False,False,False
3615,33.849998474121094,2026-09-11,-0.07260278153092892,-0.08636979295099534,-0.32560618556889076,-0.07790650828287327,,5.2,-0.3712447718453,0.24835282704083117,0.5647633025995443,False,False,False
3617,242.5,2026-09-11,-0.022177419354838745,0.018907563025210017,0.18076715301877422,0.42952425319013465,,89.4,0.13512856674236495,0.5862148284193056,0.9326923076923077,False,False,False
3622,45.29999923706055,2026-09-11,-0.08573232121035934,-0.1271393776020624,-0.13652493679246225,-0.19696822975491646,,15.1,-0.1821635230688715,1.2148243825420746,0.6600261406550882,False,False,False
3623,27.149999618530277,2026-09-11,0.13598326576876563,0.25694440458537215,0.16523607328475753,0.08167327513564415,,81.7,0.11959748700834827,4.449598234881155,0.8510971769027612,True,True,False
3624,124.5,2026-09-11,0.3358369536121335,0.30914828598950317,-0.03062273025857365,1.4760228780557747,,94.4,-0.07626131653498291,4.374157417215347,0.7112428351448051,True,False,False
3625,12.199999809265137,2026-09-11,-0.012145794945047639,-0.27164180243193214,-0.22539683750697548,-0.2802360318508078,,5.0,-0.27103542378338474,0.22010761252022443,0.35362318287725036,False,False,False
3628,77.0,2026-09-11,0.11111106218121414,0.1441307059196164,0.10078632393614395,0.2208720611496675,,81.9,0.055147737659734686,1.8114717073174686,0.8098247014995553,True,True,False
3630,26.100000381469727,2026-09-11,-0.08098588971669773,0.013592247824067094,-0.14426228257476303,-0.14705882169612783,,17.0,-0.1899008688511723,0.5416181972945676,0.628915671842644,False,False,False
3631,39.09999847412109,2026-09-11,0.015584375951197105,0.07862064756196108,0.14662757254357506,0.4562382837471235,,89.0,0.10098898626716579,0.740159804986691,0.8846153348238268,False,False,False
3632,7.110000133514404,2026-09-11,-0.03265303050778223,-0.059523784744856534,-0.1433734975751969,-0.2960396173292249,,9.3,-0.18901208385160617,0.9186785637710082,0.6970588496537087,False,False,False
3633,144.0,2026-09-11,-0.006896551724137945,0.180327868852459,0.2403568798739033,0.6827598578035909,,93.1,0.19471829359749404,0.6201518439574734,0.9381107491856677,False,False,False
3645,68.5,2026-09-11,-0.04329606899700633,-0.017216599724291015,-0.250540865093663,-0.14029906539550419,,7.6,-0.2961794513700723,1.5474800659639354,0.5919132507098761,False,False,False
3646,24.600000381469727,2026-09-11,0.03144654037753036,0.09000083329488007,0.09000083329488007,0.039045519068189094,,73.3,0.0443622470184708,0.7240936445968478,0.8664583133471617,True,True,False
3652,32.79999923706055,2026-09-11,-0.007564296695040884,-0.13684212534051188,-0.05881794689471942,0.24573269635000838,,68.1,-0.10445653317112868,0.1209279155490623,0.7979107550209047,False,False,False
3653,5765.0,2026-09-11,-0.018723404255319154,0.24379719525350585,0.5125930812246644,0.7876100259033212,,96.0,0.46695449494825514,0.6148187332463809,0.9624373956594324,False,False,False
3659,7.5,2026-09-11,-0.05063292285300003,-0.53125,-0.6511627906976745,-0.7641509377377813,,0.1,-0.6968013769740837,2.547898320006201,0.19404915145936594,False,False,False
3661,3650.0,2026-09-11,-0.13507109004739337,-0.12207401557768982,-0.13446830160361656,0.15313785482915043,,43.5,-0.18010688788002582,1.4470280297569194,0.684373913957412,False,False,False
3663,58.900001525878906,2026-09-11,-0.05152974278374123,-0.08398135722532107,-0.18080667210168166,-0.2040540334340688,,10.0,-0.22644525837809093,0.3078199545894853,0.6423119246026099,False,False,False
3664,7.050000190734863,2026-09-11,-0.139194071801782,0.15573775425485326,0.03372434212380049,-0.49642855780465267,,17.7,-0.011914244152608777,0.9078637247678873,0.3219178225359254,False,False,False
3665,1875.0,2026-09-11,-0.12587412587412583,-0.1496598639455783,-0.16493156190091585,0.18957864055789386,,41.1,-0.2105701481773251,0.7004253411742076,0.6433435637246041,False,False,False
3666,25.0,2026-09-11,0.0,-0.00398407888246699,-0.031007723283626443,-0.04580155450365042,,44.7,-0.07664630956003571,1.253704933065244,0.7587253238585285,False,False,False
3669,32.29999923706055,2026-09-11,-0.07977206150379068,-0.17602044366290726,-0.06893687442786178,-0.033751397207468004,,37.0,-0.11457546070427105,0.4887312179928167,0.7591069287006621,False,False,False
3672,12.149999618530272,2026-09-11,0.021008404034795758,-0.028000030517578267,0.021008404034795758,0.04291845634095215,,63.9,-0.024630182241613507,0.23275455716734067,0.7838709431309853,False,False,False
3673,61.70000076293945,2026-09-11,-0.05801525552764197,-0.014376960592957455,-0.20460409760841536,0.6234653559260113,,72.8,-0.2502426838848246,0.351539027312842,0.6727018698070736,False,False,False
3675,259.0,2026-09-11,-0.08156028368794321,-0.06834532374100721,-0.1855345911949685,0.22458628841607564,,40.0,-0.23117317747137778,0.5805783263670159,0.5755555555555556,False,False,False
3678,50.0,2026-09-11,-0.007936537971601432,-0.021526389568840565,0.004693942486269531,0.19907518837781146,,72.4,-0.040944643790139734,1.4152577903088874,0.6611867078630431,False,False,False
3679,108.5,2026-09-11,0.028436018957346043,-0.0091324200913242,-0.04405286343612336,0.004535461810230679,,47.3,-0.08969144971253262,0.6140338873760564,0.900218355607251,False,False,False
3680,510.0,2026-09-11,-0.015444015444015413,0.0805084745762712,0.015936254980079667,0.3500369950502813,,80.4,-0.029702331296329598,1.8437016923006546,0.8350065929409813,False,False,False
3684,54.0,2026-09-11,-0.005524847905629349,0.0,-0.06402535502603734,-0.0593610637494969,,35.4,-0.10966394130244661,1.0465094860932032,0.8077954982777865,False,False,False
3685,36.900001525878906,2026-09-11,0.0,-0.03655346577205543,0.1961102453678787,0.16037743431373053,,85.9,0.15047165909146942,0.4509277756433925,0.8065574104017247,False,False,False
3686,14.149999618530272,2026-09-11,-0.003521140239892251,-0.05033557175848968,-0.18678161329031795,-0.23513515575512045,,8.6,-0.23242019956672721,0.6857788326503814,0.6072961408523802,False,False,False
3687,61.900001525878906,2026-09-11,-0.015898250806696268,-0.05783859359014709,-0.17875748732105134,-0.06109054054179164,,18.0,-0.2243960735974606,0.415203407467188,0.7478137801645892,False,False,False
3689,108.5,2026-09-11,-0.06866952789699576,-0.026905829596412523,-0.059366365091980455,0.09664118689121093,,53.7,-0.10500495136838972,0.7087965964682028,0.7915895745136571,False,False,False
3691,93.3000030517578,2026-09-11,-0.057575726749921174,-0.23524587662493612,-0.40949365157115314,-0.19568962886415686,,1.3,-0.4551322378475624,0.3077727238422377,0.550442495880577,False,False,False
3693,663.0,2026-09-11,0.0,0.21862106775767431,0.308713700444748,0.46553120047339114,,92.3,0.26307511416833873,2.2740416463127935,0.9240094277510281,False,False,False
3694,49.70000076293945,2026-09-11,-0.013888903606084635,-0.06754218622235819,-0.16585513671823227,-0.08273751017249753,,18.2,-0.21149372299464153,0.28795663144194217,0.5831465237574157,False,False,False
3701,39.900001525878906,2026-09-11,-0.048867680566804905,-0.024449876838446127,-0.18153843023838145,-0.3636363470435092,,5.3,-0.22717701651479072,0.802987472566655,0.5076336170542791,False,False,False
3702,106.5,2026-09-11,0.024038461538461453,-0.10754608367113494,0.025284237702374313,0.4794370893880202,,85.3,-0.020354348574034953,0.6956447551316621,0.8478312205124219,False,False,False
3703,19.799999237060547,2026-09-11,-0.0100000381469727,-0.0100000381469727,-0.053676493780423495,-0.06640729793813549,,36.6,-0.09931508005683276,0.5186624406728738,0.863863741746158,False,False,False
3704,40.5,2026-09-11,0.009975100775553747,-0.03225802923161136,-0.14364751757901617,0.2568619152501541,,52.8,-0.18928610385542544,0.4039705016943031,0.8035714042430029,False,False,False
3706,80.0999984741211,2026-09-11,-0.011739263035624559,-0.0031175403780966393,0.06792197998233762,0.10537032112051592,,74.3,0.022283393705928356,0.8039286026614965,0.8543375492253251,False,False,False
3707,59.20000076293945,2026-09-11,-0.045161278017105566,-0.0975609429885339,-0.2753977604130967,0.05150979689480928,,13.4,-0.321036346689506,0.4040499712597796,0.5890547339595965,False,False,False
3708,95.6999969482422,2026-09-11,-0.04776122439559993,-0.07087381603648346,-0.14765318706518704,-0.21977485066292368,,12.4,-0.1932917733415963,0.7908114758587285,0.7597698180781218,False,False,False
3709,62.0,2026-09-11,-0.056316546729172745,-0.1340781938367065,-0.1636358172322352,-0.029970308114856792,,22.3,-0.20927440350864446,0.6039586159361076,0.6860166454637777,False,False,False
3710,8.321319580078125,2026-09-10,0.017856836643954876,0.009842144460473712,-0.1895736815707837,-0.20465136883624435,,9.2,-0.23521226784719296,1.0952383816346491,0.5480767581928987,False,False,False
3711,618.0,2026-09-11,0.05102040816326525,-0.012779552715655007,0.05703170632022836,0.8262041122865391,,91.0,0.011393120043819094,0.9101515077246192,0.8578386926619224,False,False,False
3712,20.700000762939453,2026-09-11,-0.023584904811610685,-0.06756756524549723,0.15320333610669246,-0.07174881295341229,,74.0,0.10756474983028319,0.33403074017018564,0.5181476938078632,False,False,False
3713,14.399999618530272,2026-09-11,0.0034842672983554923,-0.013698682035193421,-0.09717869650597055,-0.1887324158574495,,20.4,-0.14281728278237982,0.8953124061992739,0.521739109402268,False,False,False
3714,61.70000076293945,2026-09-11,-0.07634733616504163,0.05290106432660391,-0.05576278124626377,0.4643959061376248,,79.6,-0.10140136752267304,1.2436508875456773,0.7690777515632583,False,False,False
3715,123.0,2026-09-11,0.04237288135593231,0.04680851063829783,-0.26759052302190434,-0.2543541720741349,,3.7,-0.3132291092983136,1.2428023850901628,0.6082417837391019,False,False,False
3717,21.049999237060547,2026-09-11,-0.05605381357693573,-0.07268728944594294,-0.04653541432953445,0.11655716012714845,,58.7,-0.09217400060594372,0.25737781046202474,0.7228138298851273,False,False,False
4113,15.699999809265137,2026-09-11,0.05016722472031021,0.05723901723639435,-0.08187137666509581,-0.17585299537850907,,23.5,-0.12750996294150507,0.48113451842373833,0.6026871504444892,False,False,False
4154,12.5,2026-09-10,0.0,0.02459017995287449,-0.09090909090909094,0.2195121951219512,,60.0,-0.1365476771855002,0.0,0.6811988959206127,True,False,False
4171,16.299999237060547,2026-09-11,-0.02976190611348406,-0.052325667788232,-0.07122507432139136,-0.14210530331260285,,27.1,-0.11686366059780062,0.3715692966449148,0.6150943108324735,False,False,False
4303,36.84999847412109,2026-09-11,0.0619595868562024,0.11234518145263417,0.12654536913755043,-0.10258255399272498,,69.4,0.08090678286114117,1.0113220943004975,0.6948507848428248,False,False,False
4304,17.200000762939453,2026-09-11,-0.10182761850835387,0.05846158541165858,-0.3201580521099725,-0.4323431948505866,,0.9,-0.36579663838638177,2.2617121653856347,0.48725215678989653,False,False,False
4305,41.900001525878906,2026-09-10,-0.04664389536914859,-0.040091636628293625,0.02116532864467824,0.03887340686014862,,63.6,-0.024473257631731027,1.1241941811240772,0.9373601971080499,False,False,False
4306,14.699999809265137,2026-09-11,-0.03606558627769596,0.013793090294147436,-0.046732478575074676,0.16190723220412329,,62.3,-0.09237106485148394,0.9198566629378896,0.930227843878344,False,False,False
4401,13.800000190734863,2026-09-11,-0.028168987598808592,-0.014285700661795464,0.018610200089779205,-0.03266214049925997,,56.8,-0.02702838618663006,0.8631973194217799,0.8120188118953005,False,False,False
4402,14.300000190734863,2026-09-11,-0.037037048929720706,-0.089171951308183,-0.1090342136767718,-0.20555554495917427,,17.8,-0.15467279995318106,0.8785366522663376,0.6891566356980657,False,False,False
4406,10.0,2026-09-11,0.010101049022522401,-0.004975143262281545,0.023541405471845245,-0.024390243902439046,,58.6,-0.02209718080456402,1.8071573985727414,0.9345794559118584,False,False,False
4413,19.399999618530277,2026-09-11,-0.01522848389800835,0.03466664632161476,0.18910683129373318,0.10606874877661565,,84.4,0.14346824501732391,0.8285343560190342,0.9699999809265138,False,False,False
4414,8.100000381469727,2026-09-11,-0.014598525749495717,-0.06032476925672592,-0.04255315071559951,-0.2894736269724536,,21.1,-0.08819173699200877,0.7130094749317691,0.6639344678774735,False,False,False
4416,11.0,2026-09-11,-0.13725490196078427,0.06280189319548324,0.028037401503044235,-0.25170067056280476,,35.1,-0.01760118477336503,0.8043502986765129,0.18456376311446232,False,False,False
4417,49.59999847412109,2026-09-11,0.05307855798283345,0.04531080456506276,0.1504675941127549,0.03475324983317596,,78.8,0.10482900783634563,1.9003140300323622,0.9418441391085022,True,True,False
4420,39.20000076293945,2026-09-11,0.016861259111362603,0.0652174341205396,0.028871452306370227,-0.16586203876354277,,44.6,-0.01676713397003904,1.322574664729762,0.8021172962614598,True,True,False
4426,7.650000095367432,2026-09-11,0.010568021385988668,-0.03773581397424408,-0.05672004695229316,-0.15656004930927492,,28.7,-0.10235863322870242,0.34899384980399717,0.7285714376540411,False,False,False
4430,17.5,2026-09-11,-0.011299477645120626,0.004076697774122229,0.004076697774122229,-0.0178702939332801,,55.0,-0.04156188850228704,0.5880662083503007,0.931242149815148,False,False,False
4431,20.350000381469727,2026-09-11,0.017500019073486417,0.09115285778613957,0.2296073304885602,0.0795755952065953,,85.5,0.18396874421215093,1.4544486602274134,0.9509346142160042,False,False,False
4432,15.399999618530272,2026-09-11,-0.03144654163496252,-0.03771797845851532,-0.031814423348400456,0.045127392956293866,,54.1,-0.07745300962480972,0.7804794785725631,0.8966718448482349,False,False,False
4433,18.600000381469727,2026-09-11,-0.005347613764161596,-0.06532659607943059,-0.052388701727538844,-0.09205617809624056,,35.0,-0.09802728800394811,1.5475547673749903,0.8066443107907909,False,False,False
4438,58.0,2026-09-11,-0.005145784579527746,-0.008547008547008517,-0.02616577664267472,0.023435277126515386,,52.9,-0.07180436291908399,1.164552355332171,0.7184783883547575,False,False,False
4439,94.5,2026-09-11,-0.017671486509057144,-0.0643564356435643,0.10092289133688448,0.14188741447117326,,79.0,0.055284305060475214,0.3889801236175329,0.8709677419354839,False,False,False
4440,17.600000381469727,2026-09-11,-0.00845068273409988,0.005714307512555861,0.020289877186650873,0.03126933112613206,,62.6,-0.025348709089758392,0.5618975615797919,0.8384869292374627,False,False,False
4441,173.5,2026-09-11,-0.008571428571428563,-0.10224707151478418,-0.058510404869234756,-0.10004669738668759,,33.4,-0.10414899114564402,0.4830142211198007,0.6212875861227127,False,False,False
4442,55.0,2026-09-11,0.09343938040214805,0.028037383177569986,0.08440954445144833,-0.03845462568380775,,68.4,0.03877095817503906,1.0617625456057214,0.7575757734981942,True,False,False
4502,15.75,2026-09-11,0.0031847255632038163,0.0031847255632038163,0.0,-0.0031645689956499856,,55.8,-0.045638586276409265,1.467141911366418,0.875,False,False,False
4503,22.799999237060547,2026-09-11,-0.03797474670491452,-0.2097054095117128,-0.3968254048347555,-0.40625004346171845,,0.5,-0.44246399111116475,0.4197039260678362,0.39721251970317667,False,False,False
4506,120.0,2026-09-11,-0.012345679012345734,-0.020408163265306145,0.06197694547806165,0.05305280830217485,,71.0,0.016338359201652386,0.7257507527759511,0.9457606566467499,False,False,False
4510,42.75,2026-09-11,-0.1009463578144375,-0.06455143793633733,-0.07065217391304346,-0.010416684143336852,,39.2,-0.11629076018945272,0.7442441406649895,0.7872928287413768,False,False,False
4513,15.399999618530272,2026-09-11,-0.04049842052511643,-0.08333331441122316,-0.022222246442522464,-0.18947370428788046,,31.9,-0.06786083271893173,0.1500828530374269,0.6595288808111336,False,False,False
4523,24.100000381469727,2026-09-11,0.01687762049171604,-0.024291512669505022,-0.09679191433629541,-0.12520411064737358,,24.7,-0.14243050061270468,0.565079260616549,0.6637898662432535,False,False,False
4526,30.299999237060547,2026-09-11,-0.05312502384185791,-0.028846202047147496,-0.1844035839997371,-0.06840767223748101,,16.9,-0.23004217027614637,1.134950024456158,0.7033834913717565,False,False,False
4527,41.0,2026-09-11,0.00490197957547478,0.003672008114613323,0.003672008114613323,0.041895467908111605,,60.8,-0.04196657816179594,0.7311876879967357,0.9545983532409605,False,False,False
4528,14.899999618530272,2026-09-11,-0.003344494406205767,-0.019736854901274414,-0.08307694655198328,-0.19598433238545587,,21.9,-0.12871553282839254,0.4256137265050286,0.6963184633573785,False,False,False
4529,3.5799999237060547,2026-09-11,-0.029810333823480528,-0.11822660734937618,-0.2868526021298283,0.04373173586864265,,11.8,-0.3324911884062376,0.34280616393069213,0.5888157843140023,False,False,False
4532,23.450000762939453,2026-09-11,-0.014705818711795882,-0.01054852286717789,-0.0448064565501306,-0.048235134008245306,,41.4,-0.09044504282653987,0.4255912986372523,0.8058419400527542,False,False,False
4533,24.5,2026-09-11,-0.046692635304116714,-0.13120569726373932,-0.2032520325203252,-0.26865671641791045,,6.8,-0.24889061879673446,0.42544530736293407,0.593939393939394,False,False,False
4534,27.799999237060547,2026-09-11,-0.07023412736661949,-0.16012083025333967,-0.2191011115556829,-0.057627144506422145,,13.5,-0.26473969783209217,0.4641480465957136,0.6564344802526583,False,False,False
4535,27.5,2026-09-11,-0.0072202439505719695,-0.051724137931034475,0.03394852344906152,0.03394852344906152,,65.6,-0.011690062827347747,0.6356278966433008,0.9365351346502451,False,False,False
4536,162.0,2026-09-11,-0.015197568389057725,-0.04985337243401755,0.02380073014338069,0.06887372733855202,,67.1,-0.021837856133028577,0.4902858150570772,0.8715431606626624,False,False,False
4537,162.0,2026-09-11,0.031847133757961776,0.2806324110671936,-0.07953061127174521,0.9788411434367537,,89.7,-0.12516919754815448,1.8762223310127613,0.8123142577371539,False,False,False
4538,17.350000381469727,2026-09-11,-0.02253518977635338,-0.02253518977635338,-0.07219253082305865,-0.035251246371081346,,36.1,-0.11783111709946792,1.4850824561196705,0.9155672655908885,False,False,False
4540,58.09999847412109,2026-09-11,-0.04440790784243431,-0.036484258553478255,-0.053745976705992904,0.19547325716601893,,64.2,-0.09938456298240217,0.5300190376286875,0.7516170269129101,False,False,False
4541,57.0,2026-09-11,-0.05987976670091666,-0.21487601655641697,0.1974022614576625,0.4595201252149641,,90.2,0.15176367518125322,0.1668459116400966,0.7529722892719823,False,False,False
4542,262.0,2026-09-11,-0.07583774250440922,-0.07092198581560283,-0.27222222222222225,0.5053220606805744,,52.0,-0.3178608084986315,0.4583918903559967,0.5303643724696356,False,False,False
4543,28.049999237060547,2026-09-11,-0.06343911444002348,-0.07655535411008918,-0.20953138986866948,-0.11382435590782836,,11.6,-0.25516997614507875,0.7191254584844281,0.6395377498437933,False,False,False
4544,13.300000190734863,2026-09-11,-0.011152388152968262,-0.05338078219348208,-0.05102174964803019,-0.17811699211229137,,27.7,-0.09666033592443946,0.13322160640076225,0.7713762262953295,False,False,False
4545,32.599998474121094,2026-09-11,0.02515720931616272,0.0,-0.08721605989885128,0.016251666323789493,,38.5,-0.13285464617526055,1.174782855810911,0.7708669302644523,True,False,False
4546,65.30000305175781,2026-08-07,-0.010606014367305905,,,,,,,,,False,False,False
4549,94.1999969482422,2026-09-11,-0.06259515371541058,-0.009443315477560832,-0.08051216150480756,0.053072024619422065,,44.6,-0.12615074778121682,0.6017971124756412,0.7195992618312387,False,False,False
4550,23.25,2026-09-11,-0.03125,-0.05487806343639867,-0.05984639558562577,-0.03569222293674723,,38.7,-0.10548498186203503,0.6119348717354925,0.8605639185142131,False,False,False
4551,157.0,2026-09-11,-0.08454810495626819,-0.0977011494252874,-0.03461794460070511,0.3269038319085673,,75.2,-0.08025653087711437,0.8046802279046879,0.5716978781648642,False,False,False
4552,15.699999809265137,2026-09-11,-0.048484860044537115,-0.1054130773914077,-0.25415675162478024,-0.3203463398269333,,3.2,-0.2997953379011895,1.4603811199610641,0.6356275030089003,False,False,False
4553,15.75,2026-09-11,0.009615359927070743,-0.04833832470935118,-0.10259283518459772,-0.11011295238826002,,25.0,-0.14823142146100698,0.5441354565490474,0.5138379711506517,False,False,False
4554,28.049999237060547,2026-09-11,-0.04266211715182977,0.010276167846112738,0.08721774439480945,0.2901365373077607,,83.5,0.041579158118400183,0.35790997470273134,0.9365608855599765,False,False,False
4555,42.5,2026-09-11,-0.08108108108108103,-0.16666666666666663,-0.07608695652173914,0.22326517481381103,,62.6,-0.1217255427981484,0.6064960279430947,0.7379594544630069,False,False,False
4556,94.5999984741211,2026-09-11,0.29766799031600666,0.04070403615107554,0.29722459215256913,2.260831438432907,,97.6,0.25158600587615987,2.6111920662274994,0.7139622526348762,True,False,False
4557,50.0,2026-09-11,-0.001995977588157838,0.0030090577827557308,0.09690630611495643,-0.14585166679873718,,60.6,0.051267719838547166,0.6765436955854847,0.6277475810271493,False,False,False
4558,17.299999237060547,2026-09-11,-0.005747148486326958,-0.03888893127441406,-0.08947372436523438,-0.0942408957308446,,28.3,-0.13511231064164364,0.7288747011291927,0.6628352101229494,False,False,False
4559,8.369999885559082,2026-09-11,-0.054237341832852004,-0.09415583410277517,-0.005938264879074784,0.06896551304146592,,61.7,-0.05157685115548405,0.1815249026485456,0.5506578941176803,False,False,False
4560,29.450000762939453,2026-09-11,0.01903118171865037,-0.09244992078478609,-0.039809671862814144,-0.05000903520888944,,42.2,-0.08544825813922341,1.1268154185885904,0.8403276085790657,False,False,False
4561,40.400001525878906,2026-09-11,-0.07126433273841593,-0.11500547260713201,-0.060791531831456025,0.19648802113107267,,62.9,-0.10643011810786529,0.37796647443987047,0.7151543643884444,False,False,False
4562,29.299999237060547,2026-09-11,-0.03459641289000648,-0.11346445042561293,-0.19615915984146348,-0.10806695287542256,,13.2,-0.24179774611787275,0.3728031997347468,0.626737951594878,False,False,False
4563,44.5,2026-09-11,0.014823296430957145,0.14102564102564097,0.028901734104046284,0.00907032969884658,,62.2,-0.01673685217236298,0.8999348123521413,0.6505847808082807,False,False,False
4564,15.699999809265137,2026-09-11,-0.045592761026735595,-0.07100590747643432,0.006410219573724563,-0.21695758570179113,,34.4,-0.0392283667026847,0.2719547263565944,0.7268518301848689,False,False,False
4565,138.0,2026-09-11,-0.061224489795918324,0.14049586776859502,0.2331914853580832,0.6099999795277915,,92.2,0.18755289908167394,1.203839469620599,0.9292929292929293,False,False,False
4566,64.9000015258789,2026-09-11,0.01564945189547462,-0.14039733078306083,0.00933123554656956,0.19620631551859247,,73.0,-0.036307350729839705,0.3878054650211791,0.8505897631728041,False,False,False
4568,38.5,2026-09-10,-0.017857161972334668,-0.04347826086956519,-0.0027834004596908324,-0.03602394107799034,,51.7,-0.0484219867361001,0.3896726652082331,0.9098200732161947,False,False,False
4569,155.0,2026-09-11,-0.13888888888888884,-0.049079754601227044,-0.10942907120443379,0.12509849241533644,,46.2,-0.15506765748084306,1.4013362972719632,0.7711040630821616,False,False,False
4571,150.5,2026-09-11,-0.06811145510835914,-0.11730205278592376,-0.13851737373769135,-0.054470233862925155,,24.0,-0.18415596001410062,0.581056211799597,0.6683917290253397,False,False,False
4572,142.5,2026-09-11,0.007067137809187329,0.02517985611510798,0.008985368389732074,0.02299909857931759,,60.3,-0.03665321788667719,0.5675616633426245,0.8539818570187941,False,False,False
4573,625.0,2026-09-11,0.024590163934426146,0.5842839036755387,0.6254876462938881,1.7056277056277058,,97.7,0.5798490600174788,1.3657980566866823,0.9398496240601504,False,False,False
4575,22.700000762939453,2026-09-11,-0.021551723429195646,-0.05809126955892996,-0.16236160725439985,0.16527179405637216,,38.3,-0.20800019353080912,0.300403107097128,0.6274540051474968,False,False,False
4576,242.0,2026-09-11,0.01680672268907557,0.0803571428571428,0.1296338979516074,0.9989406430517245,,93.7,0.08399531167519814,1.7869471370024788,0.8536776411629519,False,False,False
4577,84.0999984741211,2026-09-11,-0.033333350872171374,0.09079118208218362,-0.07582419259207585,-0.11937174372648074,,28.6,-0.12146277886848511,1.0675401654860939,0.46464087554763034,False,False,False
4580,81.19999694824219,2026-09-11,-0.0193237444993265,0.03176620199419,0.045868346547563554,0.06945928681652691,,69.9,0.00022976027115428899,1.0471181286251885,0.8834664407056545,False,False,False
4581,47.150001525878906,2026-09-11,-0.017708301544189453,-0.02178421619171178,0.005351342113934177,0.010423802664687232,,58.2,-0.04028724416247509,0.465710636857411,0.908647882983472,False,False,False
4582,22.700000762939453,2026-09-11,-0.034042520725980685,-0.0693388912317886,-0.1013693214341832,-0.2610316502437513,,15.5,-0.14700790771059247,0.3766133191327092,0.5439627923745538,False,False,False
4583,433.0,2026-09-11,-0.08553326293558605,-0.154296875,-0.3105095541401274,-0.30353033944672936,,1.9,-0.35614814041653664,0.5553362982161615,0.5405564058202298,False,False,False
4584,37.79999923706055,2026-09-11,-0.023255852923413367,-0.02072536965505034,-0.018364887711297517,-0.09327330485210605,,42.1,-0.06400347398770678,1.0937287334435144,0.7159227419469156,False,False,False
4585,298.0,2026-09-11,0.011884550084889645,-0.037156704361874016,-0.035598705501618144,-0.03750377143111727,,44.3,-0.08123729177802741,1.181540170523307,0.433751941250202,False,False,False
4587,40.5,2026-09-11,-0.041420118343195256,-0.1233766378530422,-0.2944251058644921,0.5697674882805253,,54.0,-0.3400636921409014,1.228865945618445,0.5421686968482939,False,False,False
4588,50.59999847412109,2026-09-11,-0.025048227621141783,-0.038022814791220716,-0.09923458117097128,-0.10377625821108583,,25.9,-0.14487316744738055,0.5967295474418632,0.7206123546373758,False,False,False
4590,89.9000015258789,2026-09-11,0.0033482484025315618,-0.007726235761936984,0.2023214487234246,0.3025147588058452,,88.5,0.15668286244701535,0.959841235790367,0.9175925494746846,False,False,False
4609,4.239999771118164,2026-09-11,-0.0023529950310202663,-0.11297079811463784,-0.2638889578757435,-0.09401710969221488,,8.1,-0.3095275441521528,1.251976481146521,0.5492227832059183,False,False,False
4702,9.229999542236328,2026-09-11,-0.017039488310583772,-0.042531201917478834,-0.04869279195544929,-0.025769747468433524,,42.7,-0.09433137823185855,0.8849869987143084,0.9241269813382486,False,False,False
4706,35.75,2026-09-11,0.004213526188433514,0.10681117165417686,0.1170912197885623,0.21488360914357418,,82.9,0.07145263351215303,4.051972698455959,0.9131544982538139,False,False,False
4707,26.149999618530277,2026-09-11,-0.1312292595641017,-0.16784436908244205,0.3236985541410706,1.559569107845602,,96.5,0.27805996786466136,0.5429736158010036,0.6000766917821093,False,False,False
4711,16.299999237060547,2026-09-11,-0.018072357681633844,-0.015105740877629392,-0.029845175173809246,0.11891192125360028,,61.9,-0.07548376145021851,0.5185444555373093,0.9047805636410279,False,False,False
4714,11.699999809265137,2026-09-11,0.09859157073657876,0.10900470120751438,-0.09936329504705332,-0.24025973382577603,,16.7,-0.1450018813234626,1.30070615691218,0.5468513589602872,False,False,False
4716,16.850000381469727,2026-09-11,-0.02601149568994321,-0.028818443170411268,-0.06128135569447146,0.1950354557163032,,62.7,-0.10691994197088073,0.20824537657568215,0.6962809855474997,False,False,False
4720,18.25,2026-09-11,-0.01881722442427558,-0.07828279276694838,-0.22499787989781062,0.19365275165276818,,30.2,-0.2706364661742199,0.23186626889157616,0.6249596102571887,False,False,False
4721,72.0999984741211,2026-09-11,0.0041782090475264155,-0.029609750838155202,-0.26464799433275055,0.08741650451810523,,16.5,-0.3102865806091598,0.44356297690950736,0.7353520056672495,False,False,False
4722,184.0,2026-09-11,-0.0822942643391521,-0.11538461538461542,-0.23196011749421275,-0.0042394018875202555,,15.3,-0.277598703770622,0.6129368885714415,0.602654461071476,False,False,False
4729,18.25,2026-09-11,-0.03947368421052633,-0.07828279276694838,-0.1995613767242892,-0.11192210814843495,,12.6,-0.24519996300069846,0.2388418561271175,0.6709558635331361,False,False,False
4738,7.190000057220459,2026-09-11,0.20637584080551563,0.03304597957081645,-0.01909957270706375,0.4322709331750716,,80.9,-0.06473815898347302,2.067201316746358,0.3886486517416464,False,False,False
4739,78.0999984741211,2026-09-11,-0.06578947488500919,-0.10742858886718754,-0.3572445621588075,0.010751459788934215,,5.7,-0.4028831484352168,0.8690326720026164,0.6056733670220772,False,False,False
4741,37.34999847412109,2026-09-11,-0.0743494451907869,-0.14726029395639606,-0.4963186438501671,0.6751902046894682,,24.8,-0.5419572301265764,0.43574872292427697,0.4632624583535524,False,False,False
4749,721.0,2026-09-11,-0.07087628865979378,-0.0964912280701754,-0.2410526315789474,-0.2137404580152672,,6.0,-0.2866912178553567,0.9914789504325959,0.6189702496826778,False,False,False
4754,37.34999847412109,2026-09-11,-0.02987016950334842,-0.031128425076227373,0.0068177398823641155,0.041171181172763305,,61.3,-0.03882084639404515,1.065189431028804,0.9626288455811498,False,False,False
4755,112.0,2026-09-11,-0.05084745762711862,-0.06276150627615062,-0.18112782304673336,-0.3212298226272138,,6.4,-0.22676640932314263,0.554645077743799,0.6787701773727862,False,False,False
4760,259.5,2026-09-11,-0.017045454545454586,-0.06476180797477549,-0.3407910325273378,0.5132718109413947,,37.3,-0.38642961880374704,0.7916968460059055,0.5655392854221244,False,False,False
4763,48.84999847412109,2026-09-11,-0.02882705337838487,-0.05329457521940051,0.09040177022391993,0.10770975429369711,,77.0,0.044763183947510665,0.541666340163331,0.7291044548376282,False,False,False
4764,215.0,2026-09-11,-0.07127429805615548,-0.11504145762310958,-0.22661870503597126,0.3331152195926943,,43.2,-0.2722572913123805,0.26793529945532785,0.5975196529305359,False,False,False
4765,15.699999809265137,2026-09-11,-0.05421690069412555,-0.006329137991299971,-0.11299439929188881,0.31380753638945924,,64.1,-0.15863298556829808,0.20317891112178485,0.5040128411406348,False,False,False
4766,337.0,2026-09-11,-0.026011560693641633,-0.008823529411764675,-0.04028289139085606,0.13142366164633246,,60.9,-0.08592147766726532,0.3685773588734293,0.834241661844937,False,False,False
4767,27.899999618530277,2026-09-11,-0.05423730106677027,0.05482037103085813,0.05490024496681478,0.16951713599629814,,76.4,0.009261658690405516,0.9646810543257012,0.9378151132279084,False,False,False
4768,296.0,2026-09-11,-0.0326797385620915,-0.07445433394359968,-0.21952035961843652,-0.34649647986490273,,3.9,-0.2651589458948458,0.5478812455415554,0.5599723435323101,False,False,False
4770,231.0,2026-09-11,0.019867549668874274,0.03125,0.07943925233644866,-0.080911658806754,,63.2,0.0338006660600394,2.235749776954809,0.7713776731167512,False,False,False
4772,234.0,2026-09-11,-0.056451612903225756,-0.08235294117647063,-0.14153484958662144,-0.278941663267967,,10.3,-0.1871734358630307,0.7247274418976618,0.6290083665028487,False,False,False
4903,33.400001525878906,2026-09-11,-0.09607575544683522,-0.10933329264322922,-0.1446862438301788,-0.22952704264066104,,12.2,-0.19032483010658807,0.4284982118055918,0.627819568550575,False,False,False
4904,105.5,2026-09-11,0.014423076923076872,0.06030150753768848,-0.004076574081769646,0.19337225603094121,,71.1,-0.04971516035817891,0.3031061992483134,0.9737918160506791,True,False,False
4905,79.30000305175781,2026-09-11,-0.07683350822913226,0.047305855133375596,0.1153880369436251,0.31126100761493203,,85.7,0.06974945066721583,0.8812141005107443,0.8212072904870645,False,False,False
4906,35.900001525878906,2026-09-11,-0.02710026988206693,-0.01912560047610745,-0.18353074496745436,0.3878416221532732,,58.1,-0.22916933124386363,0.46156442315266155,0.6796265284694807,False,False,False
4907,43.400001525878906,2026-09-11,-0.08050845711096333,-0.0390721009489301,0.12228668878348592,0.11114735593115399,,79.8,0.07664810250707665,1.0528298528111035,0.8832196533636221,False,False,False
4908,237.5,2026-09-11,0.057906458797327476,0.49417284302843023,0.2197329545908706,1.2553552878654242,,95.6,0.17409436831446135,1.8718671021908153,0.8145405707121882,False,False,False
4909,34.0,2026-09-11,-0.07859082400972428,-0.1282051282051282,-0.31726906584573566,-0.44170773155806886,,0.9,-0.36290765212214493,0.6151558044807676,0.4871059958949924,False,False,False
4911,28.700000762939453,2026-09-11,-0.038525949877178944,0.01234569230194782,0.02381504321784189,-0.06817998148258131,,53.9,-0.021823543058567374,0.3297052406866374,0.6146805346026407,False,False,False
4912,90.0,2026-09-11,-0.11034299572942796,-0.02319680698712112,-0.00498885508028013,0.04630444978829962,,59.9,-0.050627441356689395,1.1920654298730131,0.7961011795598744,False,False,False
4915,62.79999923706055,2026-09-11,0.03289473725487979,0.03459635004491224,-0.13596322586462495,-0.06996045537278262,,23.4,-0.1816018121410342,0.9466979675058529,0.753237922652597,True,False,False
4916,94.3000030517578,2026-09-11,-0.03083247590859972,-0.07093593052455371,-0.04699432603366649,0.5621756550094157,,83.7,-0.09263291231007575,0.21356602058020918,0.7616390822020106,False,False,False
4919,112.5,2026-09-11,-0.0625,-0.11067193675889331,-0.41709844559585496,0.342482051349283,,13.6,-0.4627370318722642,0.3292120355865134,0.5136986301369864,False,False,False
4923,51.70000076293945,2026-09-11,0.0038835099599894285,0.021739176323907428,0.0137255051556755,0.6650564261924861,,88.1,-0.031913081120733766,0.9478327022021197,0.7774436204953301,False,False,False
4924,12.5,2026-09-11,0.04602512129819747,0.25250506747007195,0.03305781867105084,0.20772942408577633,,76.0,-0.012580767605358423,2.516201657024378,0.8620689655172413,False,False,False
4925,128.0,2026-09-11,0.09871244635193133,0.0847457627118644,-0.1873015873015873,0.3778255963143702,,56.6,-0.23294017357799657,0.8940736714734746,0.6153846153846154,False,False,False
4927,41.29999923706055,2026-09-11,-0.014319863173460234,0.19536903470491307,-0.1996123942179241,-0.07399101681528863,,14.9,-0.24525098049433336,1.0253546600234302,0.6672051408559984,False,False,False
4930,15.850000381469728,2026-09-11,-0.018575804591123957,-0.015527949942643171,-0.09428569248744412,-0.20485613911535794,,19.7,-0.13992427876385338,0.9483658328362891,0.6894601263866215,False,False,False
4931,234.0,2026-09-11,-0.0677290836653387,-0.10344827586206895,-0.06148668149641934,0.6088799745775666,,84.4,-0.1071252677728286,0.687348031710452,0.8357142857142857,False,False,False
4933,51.09999847412109,2026-09-11,-0.053703731960720646,-0.07927930677259298,-0.24596468593584309,-0.02779892975971132,,12.0,-0.29160327221225235,0.6393261255012948,0.690150451168029,False,False,False
4934,13.399999618530272,2026-09-11,-0.035971224008772174,-0.08532423430365954,-0.2534819471319111,-0.2815013462404421,,3.8,-0.29912053340832034,0.4467184826505169,0.6457831141460372,False,False,False
4935,31.899999618530277,2026-09-11,-0.042042031549723524,-0.09759544567212586,-0.15605586199205634,-0.09544112747600786,,18.8,-0.2016944482684656,1.1101593469048223,0.6989334536670381,False,False,False
4938,91.0,2026-09-11,-0.04612160854824865,-0.04008441908681282,0.08982035928143706,0.2545562729275668,,82.3,0.04418177300502779,0.644497405382636,0.9538783914517514,False,False,False
4939,82.4000015258789,2026-09-11,-0.06257110244054698,0.28951486006628135,0.16879434788480707,1.4493369701842105,,95.9,0.1231557616083978,0.7070510915551506,0.8803419109954493,False,False,False
4942,31.899999618530277,2026-09-11,-0.03625374353201327,-0.042042031549723524,-0.10855297943777298,-0.09782705439937489,,25.1,-0.15419156571418224,1.0264543873293732,0.8130426733980815,False,False,False
4943,7.289999961853027,2026-09-11,0.025316431077146984,-0.15722540076924585,-0.1962513553321228,-0.3925000031789144,,4.0,-0.24188994160853206,1.6606083507230167,0.4049999978807237,False,False,False
4949,76.5,2026-09-11,-0.01670955013835873,0.11191855532985273,-0.1316685434169279,0.14469272040169123,,43.2,-0.17730712969333717,0.5559281976171507,0.7083333333333334,False,False,False
4950,15.75,2026-09-11,-0.015625,-0.0396341240030178,-0.045454545454545414,0.016129032258064502,,48.0,-0.09109313173095468,0.51327043134741,0.5988593329617267,False,False,False
4951,83.0999984741211,2026-09-11,0.038749980926513716,0.02973979698435647,-0.1731343435410836,0.20099777323125156,,40.6,-0.21877292981749286,0.8135418176785393,0.6167981533797472,True,False,False
4952,47.25,2026-09-11,-0.06620550543760217,-0.05120480474150024,-0.17813764430012036,0.08530359234032447,,28.7,-0.22377623057652962,0.36318951016303297,0.7861897038208036,False,False,False
4953,118.5,2026-09-11,-0.012499999999999956,-0.055776892430278835,-0.09130696373823799,0.056258574177632026,,42.6,-0.13694555001464725,0.6251951149531135,0.8642115660335954,False,False,False
4956,32.04999923706055,2026-09-11,-0.14873843457799518,0.03054658662180776,-0.16753248734907666,0.02724354017102315,,25.5,-0.21317107362548593,0.826070834189108,0.5859231954302856,False,False,False
4958,495.0,2026-09-11,0.06911447084233258,0.03664921465968596,-0.1610169491525424,1.6439446156118174,,93.8,-0.20665553542895165,0.6758121769029964,0.7662538699690402,False,False,False
4960,20.25,2026-09-11,-0.040284377540400707,-0.07744877921871174,-0.3238731390932841,-0.12903225806451613,,4.1,-0.36951172536969334,0.43418974857445647,0.4505005485271492,False,False,False
4961,170.0,2026-09-11,0.027190332326284095,0.008902077151335286,0.04294937401712606,0.23421698743296826,,78.4,-0.0026892122592832024,1.6001166661786725,0.9577464788732394,False,False,False
4966,528.0,2026-09-11,-0.07205623901581726,-0.08501270029472718,-0.20565546184227101,0.046513607093221276,,21.7,-0.2512940481186803,0.3762970203946208,0.6163017812351638,False,False,False
4967,280.5,2026-09-11,0.016304347826086918,0.0323593968001592,0.04540363787323454,0.46993309082395296,,86.0,-0.00023494840317472843,0.9662086914031379,0.9509911900540284,False,False,False
4968,88.19999694824219,2026-09-11,-0.030769264305030908,-0.08125003178914392,-0.18279387924770574,-0.13957620487651012,,13.0,-0.228432465524115,0.4108688278480393,0.537441877914821,False,False,False
4971,550.0,2026-09-11,-0.11858974358974361,0.11336032388663964,0.0002937208346645015,0.1878487522855794,,71.4,-0.045344865441744764,1.0914578385558458,0.6320663108487976,False,False,False
4972,16.25,2026-09-11,-0.021084359844980805,-0.02985074626865669,-0.026946152238393473,-0.09217875160299871,,40.1,-0.07258473851480274,0.6925977497484475,0.8248730645011063,False,False,False
4973,138.5,2026-09-11,-0.0735785953177257,-0.15290519877675846,-0.3404761904761905,1.0877436773303706,,81.4,-0.38611477675259975,0.4361022843257945,0.6595238095238095,False,False,False
4974,71.80000305175781,2026-09-11,-0.0013907993323908352,0.02279211072751597,-0.00965513032058185,0.042181174433733704,,58.7,-0.055293716596991116,1.9750982372144619,0.9227116022407129,False,False,False
4976,36.09999847412109,2026-09-11,-0.057441274328033254,-0.02564104676118828,0.04335260306794275,0.24482753359038223,,78.6,-0.0022859832084665133,0.3945434659508308,0.755230105655145,False,False,False
4977,175.0,2026-09-11,-0.05405405405405406,0.1551155115511551,-0.012170863226473871,-0.049148417926663135,,48.1,-0.05780944950288314,1.2130992092762172,0.6573354620927074,False,False,False
4979,531.0,2026-09-11,-0.15580286168521462,-0.058510638297872286,-0.02955809045711555,0.3293724727319012,,75.8,-0.07519667673352481,1.172093202312104,0.7433746642814615,False,False,False
4980,38.09999847412109,2026-09-11,-0.0354430766045295,-0.07971021570361547,-0.09608547817658397,0.4597700351441767,,75.7,-0.14172406445299324,0.49093217276580553,0.7121495041891792,False,False,False
4989,60.09999847412109,2026-09-11,-0.016366612520024026,-0.13275619296532437,-0.25618816578975856,-0.15352114825181573,,7.3,-0.3018267520661678,0.3231713478944492,0.5158798152285072,False,False,False
4991,448.5,2026-09-11,-0.09758551307847085,-0.061715481171548126,-0.17555147058823528,0.3529411764705883,,56.4,-0.22119005686464455,0.3514899952218371,0.5155172413793103,False,False,False
4994,82.80000305175781,2026-09-11,0.013463967498217766,-0.051546389950663296,-0.04387985553485718,-0.11695691455880552,,34.3,-0.08951844181126645,0.6166253921377826,0.815763576864609,False,False,False
4995,50.5,2026-09-11,0.007984062635960631,0.003976158369245031,0.09902065639855895,0.2949446255766752,,84.5,0.05338207012214968,0.369710365954459,0.9940945031187779,True,False,False
4999,18.049999237060547,2026-09-11,-0.021680298609113913,-0.05000004015470805,-0.10839494285318574,-0.18764876312858214,,19.1,-0.154033529129595,0.7588402543269629,0.6897321833664409,False,False,False
5007,55.79999923706055,2026-09-11,-0.010638338166410355,-0.008880994791752417,-0.012389394034326595,0.07163221028193312,,60.6,-0.05802798031073586,1.8062109696820294,0.9538461408044538,False,False,False
5009,32.349998474121094,2026-09-11,-0.025602477990518624,-0.016717417211217556,-0.08919605505362616,0.015525690487901755,,37.9,-0.13483464133003542,0.44064246137650054,0.835943212674099,False,False,False
5011,18.299999237060547,2026-09-11,0.0027396842224958196,-0.01081085205078125,0.016666624281141518,0.27972020929883135,,77.9,-0.028971961995267748,0.21296290244416435,0.6853932102676789,False,False,False
5013,29.799999237060547,2026-09-11,0.02758618058829465,0.16033612192195457,0.10568254734583316,0.0071564284538294665,,73.2,0.06004396106942389,1.7707154175961342,0.9506803933914864,False,False,False
5014,9.880000114440918,2026-09-11,-0.016915430155978406,-0.03609754981064217,-0.05884296508593023,-0.014025954892719183,,42.0,-0.1044815513623395,0.5440138406799837,0.8699771083649358,False,False,False
5015,21.850000381469727,2026-09-11,-0.009070243197771721,-0.009070243197771721,-0.059043250672141556,-0.15027672748378818,,28.9,-0.10468183694855082,0.8806782059305912,0.7363334841906134,False,False,False
5016,24.450000762939453,2026-09-11,-0.014112842132594228,0.0,0.012256357417840258,0.030698286393730623,,61.3,-0.03338222885856901,0.2850571905401555,0.7881810611756924,False,False,False
5201,29.950000762939453,2026-09-11,0.1154562509283672,0.1631068257452215,0.049557389152782516,-0.22908617916961138,,42.2,0.003918802876373251,3.3240464875483884,0.6100053547864581,True,True,False
5202,11.75,2026-09-11,-0.004237304231073047,-0.020630110519613165,-0.18994495059136574,-0.19268159059857692,,9.6,-0.235583536867775,0.4860506368879159,0.5989128465019837,False,False,False
5203,55.79999923706055,2026-09-11,-0.051020408825263264,-0.08823531795033823,-0.13947505491954526,-0.07483475730408928,,22.4,-0.18511364119595453,0.6967151560310186,0.5684428838602728,False,False,False
5205,19.850000381469727,2026-09-11,-0.0364077663160941,-0.08525347080306411,-0.2044088266740749,-0.3259762354081357,,4.9,-0.25004741295048416,0.828883808486567,0.5804093549313606,False,False,False
5206,22.450000762939453,2026-09-11,-0.04872879660769969,0.009007481402792061,0.05814344343020572,-0.12384221566289078,,55.4,0.012504857153796456,0.8805497803415951,0.658870599283286,False,False,False
5209,172.5,2026-09-11,0.11650485436893199,0.06481481481481488,0.07826690753292032,0.1070633437348365,,75.5,0.03262832125651105,4.035752286457553,1.0,True,True,False
5210,28.450000762939453,2026-09-11,-0.01727115671237145,0.0035273502689294745,-0.08225803990517888,0.3612440804886534,,72.0,-0.12789662618158815,0.7288074091747948,0.8556391206899083,False,False,False
5211,19.950000762939453,2026-09-11,0.033678836869109885,0.020460436904807144,0.03636367599685464,-0.12691464201821356,,50.3,-0.009274910279554627,1.7100154889274957,0.6214953804132756,False,False,False
5212,47.0,2026-09-11,0.012931001172197254,0.006423966427397287,-0.015706806282722474,-0.04897335276744241,,47.5,-0.06134539255913174,1.461617575415452,0.8785046102573992,False,False,False
5213,20.700000762939453,2026-09-11,-0.009569323408671337,-0.014285677955264142,-0.10967738654023862,-0.13101495883300274,,22.7,-0.15531597281664788,1.0085154489818744,0.8359856219336379,False,False,False
5215,38.45000076293945,2026-09-11,-0.012836970223521704,-0.036340869861846814,-0.07833855759242736,0.08562283657641778,,48.1,-0.12397714386883663,0.31885732596019867,0.8007277655547872,False,False,False
5220,19.700000762939453,2026-09-11,0.0051020601797675535,-0.027160456151138157,-0.05725472542160992,0.0018144929948464839,,43.9,-0.10289331169801919,0.75200244107102,0.807523225391218,False,False,False
5222,103.0,2026-09-11,-0.014354066985645897,-0.07133962422881435,-0.010510328597928331,-0.13532408047591837,,38.7,-0.0561489148743376,0.3430163880320958,0.7329157977358052,False,False,False
5223,22.799999237060547,2026-09-11,-0.027718614274255038,-0.03797474670491452,-0.10937504307366841,-0.24503315691832595,,15.5,-0.15501362935007768,0.559954262156806,0.7512355502631607,False,False,False
5225,53.0,2026-09-11,-0.07665507681032302,-0.14516129032258063,-0.27792917032415054,-0.3771280601961108,,1.8,-0.3235677566005598,1.2148654507030727,0.5031934835623333,False,False,False
5227,29.5,2026-09-11,-0.015025066827253353,-0.14244189850377376,-0.13107512998341875,0.14563106796116498,,43.4,-0.176713716259828,0.3837177580954043,0.7091346413955192,False,False,False
5228,39.75,2026-09-11,-0.04676260736840321,-0.0819861270118013,-0.4783464358010454,0.8402777452773034,,43.5,-0.5239850220774547,0.5996187216344152,0.5216535641989546,False,False,False
5230,18.5,2026-09-11,0.045197695060872345,0.024930791244328843,-0.017487005365398933,0.14924243088486655,,66.9,-0.0631255916418082,1.0030224594433799,0.7708333333333334,False,False,False
5234,287.0,2026-09-11,-0.020477815699658675,-0.14456035767511177,-0.26221079691516713,-0.26023020422611376,,4.0,-0.3078493831915764,0.7387698867073359,0.6212121212121212,False,False,False
5236,131.0,2026-09-11,-0.047272727272727244,-0.07746478873239437,-0.19631901840490795,0.05635743529265991,,23.7,-0.24195760468131722,0.4761197525299541,0.7298050139275766,False,False,False
5240,17.5,2026-09-11,-0.005681839733083893,-0.03130676200889315,-0.2205366914929957,-0.38154055923588814,,3.3,-0.26617527776940497,0.731377597261193,0.5724738430510058,False,False,False
5243,89.5999984741211,2026-09-11,-0.004444461398654509,-0.01969368732721699,-0.20000001362391884,0.2273972393715218,,36.8,-0.2456385999003281,0.8659796742205828,0.663703692400897,False,False,False
5244,33.79999923706055,2026-09-11,-0.03428573608398433,-0.004418306995817578,-0.09005617323267101,-0.07277088235432605,,30.3,-0.13569475950908028,0.8272192933340414,0.6726061133940474,False,False,False
5245,21.899999618530277,2026-09-11,-0.04157552503630835,-0.0855950346181773,-0.1593090111352553,-0.1641221763051104,,14.3,-0.20494759741166457,0.7284572991459053,0.6460176587842348,False,False,False
5248,31.0,2026-09-11,-0.20103091212461244,-0.1424620002351078,-0.11931820090644574,0.523341494785815,,76.7,-0.164956787182855,0.7638125121025169,0.31,False,False,False
5251,25.799999237060547,2026-09-11,-0.009596929263795628,0.0,-0.16504855807219276,-0.1757188541234136,,12.8,-0.21068714434860203,0.16692906486358947,0.5420168080695917,False,False,False
5254,38.45000076293945,2026-09-11,-0.09741779013684004,0.041530776163567484,-0.08821827175146046,0.2501604028023514,,62.7,-0.13385685802786973,1.4991906570462312,0.6964561805094143,False,False,False
5258,42.34999847412109,2026-09-11,-0.07431697324325492,-0.15215219565035942,-0.15972227793732074,-0.07734211184625539,,19.6,-0.20536086421373,0.9456889137229201,0.5360759300521657,False,False,False
5262,43.84999847412109,2026-09-11,0.009205931050818572,-0.03200884740309651,-0.028508405145729943,-0.1930636552311631,,30.7,-0.07414699142213921,0.6152218057176685,0.680044104903316,False,False,False
5263,93.0,2026-09-11,-0.09708737864077666,0.034482741062342726,-0.08823529411764708,-0.06438633226995127,,31.2,-0.13387388039405634,1.5966770711126452,0.744,False,False,False
5267,45.29999923706055,2026-09-11,-0.18525178992324354,-0.07075717598870812,-0.13014487424405796,0.7832867293380967,,85.1,-0.17578346052046723,1.084930136697417,0.4756042193647371,False,False,False
5269,1315.0,2026-09-11,-0.08041958041958042,-0.08041958041958042,-0.016749920956495745,0.10766127722091001,,62.8,-0.06238850723290501,0.5056984245543772,0.8273689311925002,False,False,False
5271,14.328359603881836,2026-09-10,0.015873163982080385,-0.1312215943884233,-0.38064511394997025,0.04918043547865025,,5.6,-0.4262837002263795,0.7246316705544119,0.18934913912308526,False,False,False
5272,16.950000762939453,2026-09-11,0.0029586476649594573,-0.05042014561885233,-0.22247700201181542,-0.22425627153241623,,7.1,-0.2681155882882247,0.4538343237504444,0.6266174211094494,False,False,False
5274,17885.0,2026-09-11,0.023755008586147763,0.022584333905088627,0.10972708427543876,0.8832053680829561,,92.7,0.06408849799902949,1.2171951802246137,0.9305411030176899,False,False,False
5278,23.899999618530277,2026-09-11,-0.012396741113686494,-0.028455315125390568,-0.037342525525573045,0.004528944189384987,,48.3,-0.08298111180198231,0.33205232910853544,0.6897244269067807,False,False,False
5283,53.09999847412109,2026-09-11,-0.02029524489546719,0.09241647394824692,0.17325946886495647,0.09439832467147813,,82.5,0.1276208825885472,0.5157001357815498,0.9590786514515973,False,False,False
5284,297.5,2026-09-11,-0.09848484848484851,-0.009983361064891838,-0.195015219474718,0.12428037719894536,,29.3,-0.24065380575112727,0.7683351590688291,0.656237571615097,False,False,False
5285,82.5,2026-09-11,-0.05498285090450705,0.036432180671733594,-0.051694366330828245,0.747974001460169,,87.5,-0.09733295260723751,0.42096968945317853,0.7603686635944701,False,False,False
5287,135.0,2026-09-11,-0.0036900369003689537,-0.013801644979248517,0.043030108473311124,-0.05160639890403729,,59.5,-0.0026084778030981415,0.8006993362212455,0.8776569942160521,False,False,False
5288,180.5,2026-09-11,-0.044973544973545,-0.0474934036939314,0.02380732711832101,0.3346059717429144,,80.5,-0.021831259158088256,0.8405810210919991,0.9139240506329114,False,False,False
5289,1295.0,2026-09-11,-0.047794117647058876,-0.12958019710931068,-0.3041175220023151,0.31634913582884816,,26.6,-0.3497561082787244,0.6218632686155187,0.6714042279839312,False,False,False
5291,59.5,2026-09-11,-0.11194029850746268,0.0644006865090061,-0.1119124883320699,0.12052733916740177,,45.4,-0.15755107460847917,0.9590232239653124,0.7550761128894743,False,False,False
5292,217.0,2026-09-11,-0.015873015873015928,0.14210526315789473,0.08318422517429136,0.35547632924742256,,85.1,0.037545638897882094,0.4223248408123413,0.9004149377593361,False,False,False
5299,91.8000030517578,2026-09-11,-0.05652620583243284,-0.10873783444895346,-0.11810057415325304,0.2138821335592065,,53.6,-0.1637391604296623,0.20664788706726792,0.6699942880924042,False,False,False
5302,9.720000267028809,2026-09-11,-0.05631067116171329,-0.14361234005789947,-0.15844154921954345,-0.12825106730272318,,16.3,-0.20408013549595272,0.3807397947538414,0.6291262386424024,False,False,False
5309,49.650001525878906,2026-09-11,-0.045192278348482606,-0.10701433653836512,-0.2814760836141911,-0.16162478005891545,,5.4,-0.32711466989060034,0.36343930017342513,0.606968211168202,False,False,False
5310,24.5,2026-09-10,0.010309278350515427,-0.020000000000000018,0.035940820092180026,-0.10420476569355619,,52.7,-0.00969776618422924,0.6538501655642026,0.5645161091847184,False,False,False
5314,42.150001525878906,2026-09-11,0.3171875476837158,1.8583816213949516,2.0158141388336186,1.377459964142417,,98.7,1.9701755525572093,1.1416485432276418,0.9006410729276392,False,False,False
5315,18.100000381469727,2026-09-11,-0.034666646321614536,-0.0498687083274344,-0.15968585668827462,-0.15968585668827462,,14.7,-0.20532444296468388,0.7366619194128309,0.7584121446796098,False,False,False
5321,75.5,2026-09-11,-0.04911840618299956,0.217741935483871,1.094313497859484,2.0566800675278616,,98.5,1.0486749115830747,1.2464368814503273,0.8708189464536162,False,False,False
5324,12.300000190734863,2026-09-11,0.004081648223254186,0.012345726494988662,0.020746887638410483,0.14418606425440594,,71.2,-0.024891698637998783,0.5482092560150227,0.9919355297684065,True,False,False
5328,56.5,2026-09-11,-0.06822422127983707,-0.17386162568661556,0.22101655970469647,1.1208329580515377,,95.0,0.1753779734282872,0.1551686685835347,0.6897854200699215,False,False,False
5340,85.9000015258789,2026-09-11,0.0845960206540819,0.0928753586956026,-0.02828054249827283,-0.2794675331507068,,23.7,-0.0739191287746821,1.9739809524014464,0.6452529763422783,True,False,False
5344,13.5,2026-09-11,-0.018181818181818188,-0.02173914395568488,-0.14012737808868236,-0.0357142857142857,,24.9,-0.18576596436509163,0.3202957166688669,0.7142857287025597,False,False,False
5345,22.049999237060547,2026-09-11,0.006849297769089935,-0.06962031530644819,-0.31839257257771425,-0.04545459424543841,,6.6,-0.3640311588541235,0.3773970365429674,0.6237623815798135,False,False,False
5347,157.5,2026-09-11,0.050000000000000044,-0.033742331288343586,-0.07605946062650848,0.4142774345504545,,75.4,-0.12169804690291774,0.5778600326152662,0.7328528360176175,False,False,False
5348,16.450000762939453,2026-09-11,-0.012011943553934756,0.0,-0.012011943553934756,-0.04637676736582885,,48.2,-0.05765052983034402,0.06390650787866997,0.8287153877485955,False,False,False
5351,108.5,2026-09-11,-0.03555555555555556,-0.1589147286821705,0.1975717640987802,0.7006269795842541,,92.6,0.15193317782237092,0.6396996470146661,0.8007380073800738,False,False,False
5353,27.700000762939453,2026-09-11,-0.010714258466448134,-0.019468999541966236,-0.11046526691380631,0.16491009047502403,,50.0,-0.15610385319021558,0.35163166367045756,0.8386669547926019,False,False,False
5355,5.889999866485596,2026-09-11,-0.010084024319817808,-0.011744995170023698,-0.16096867770814127,-0.22295515491168694,,11.0,-0.20660726398455054,1.0619057842685866,0.6072164930209227,False,False,False
5356,25.899999618530277,2026-09-11,-0.005758142914525255,-0.0038461685180662952,-0.010501146674004036,0.12742897660049146,,66.0,-0.0561397329504133,0.5073166887772973,0.9722601682155292,False,False,False
5371,83.5,2026-09-03,0.0,-0.07734806629834257,0.14449468803207788,0.00742944457740391,,77.5,0.09885610175566861,0.0,0.68113648878617,False,False,False
5381,22.799999237060547,2026-09-11,-0.07505072657603695,-0.0731707770933635,-0.1971831146721521,-0.23550295540107835,,7.8,-0.24282170094856137,0.5689278977479226,0.5699999809265137,False,False,False
5386,318.0,2026-09-11,0.23017408123791094,0.14388489208633093,-0.029613203011263467,0.5282047814915793,,83.8,-0.07525178928767273,1.6300167063774684,0.8092011492583697,True,False,False
5388,71.69999694824219,2026-09-11,-0.05158732281210199,-0.1159063095282108,-0.1710983011763909,-0.05171642050082381,,19.7,-0.21673688745280018,0.5962223284010738,0.7011006277695578,False,False,False
5392,40.20000076293945,2026-09-11,-0.0640279383271376,-0.09099512166930268,-0.0828971124396014,0.04380019261125945,,43.0,-0.12853569871601067,0.23182292909029537,0.7051013616883643,False,False,False
5398,14.25,2026-09-11,0.003521140239892029,0.010638270529935712,-0.20833333333333337,-0.3132530120481928,,5.1,-0.25397191960974264,2.1041380222136894,0.46492659632480976,False,False,False
5403,92.8000030517578,2026-09-11,-0.010660980463382375,-0.0010764098221597296,-0.019027436061277547,-0.10989190477925859,,39.6,-0.06466602233768681,0.5706467574126184,0.793590330364637,False,False,False
5410,32.5,2026-09-11,-0.09972295363673789,-0.10344827586206895,-0.28050972902235516,0.11584913676921249,,16.2,-0.3261483152987644,0.7962092563669285,0.7194902709776448,False,False,False
5425,86.0999984741211,2026-09-11,-0.07319701765412301,-0.030405455910435086,-0.12675647101964516,0.469960010592289,,73.1,-0.17239505729605442,0.4109048015964447,0.6124833111539021,False,False,False
5426,27.600000381469727,2026-09-11,-0.041666628034025543,-0.041666628034025543,-0.2247190571782426,0.4010151935319777,,50.8,-0.27035764345465185,0.31918189616747594,0.6960907772842243,False,False,False
5432,149.0,2026-09-11,-0.03870967741935483,0.09963099630996308,0.03863554680482428,0.024504409417178463,,65.5,-0.007003039471584982,1.3157005625999894,0.8140656497026305,False,False,False
5434,527.0,2026-09-11,-0.020446096654275103,0.0,0.15391615153157323,0.6290581090863947,,90.9,0.10827756525516397,0.340770441299271,0.8842281879194631,False,False,False
5438,16.600000381469727,2026-09-11,-0.003002957249614635,-0.017751434546282918,-0.09743777422807542,-0.14856810682484334,,23.2,-0.1430763605044847,0.2734068403882521,0.572320078028035,False,False,False
5439,249.5,2026-09-11,-0.04588910133843216,-0.0020000000000000018,-0.22679010611801742,-0.06652476628625992,,12.0,-0.2724286923944267,0.6127471472992427,0.5814398609257972,False,False,False
5443,105.5,2026-09-11,-0.06222222222222218,-0.014018691588784993,0.026475810398436606,0.11458082121822155,,70.3,-0.01916277587797266,1.5052872732038074,0.783854300704557,False,False,False
5450,14.399999618530272,2026-09-11,-0.023728839421676473,-0.030303080900993207,-0.02285717207071747,-0.016299166086904515,,49.1,-0.06849575834712673,0.14608818412064747,0.7817142522259154,False,False,False
5452,26.049999237060547,2026-09-11,-0.03874542913760037,-0.035185213442201935,-0.2151225022932508,-0.1983464845804821,,7.9,-0.26076108856966007,0.3260627671714034,0.665504452954416,False,False,False
5455,29.649999618530277,2026-09-10,-0.013311135729978774,0.04035086380807984,0.09814813401963995,0.21020406606246023,,81.4,0.05250954774323069,0.7103404898229141,0.9457735010445396,False,False,False
5457,25.799999237060547,2026-09-11,-0.06690779048799367,-0.06859211095838547,-0.303692625137739,-0.17871448026632542,,3.8,-0.34933121141414825,0.6917936902674879,0.5266076708751791,False,False,False
5460,17.149999618530273,2026-09-11,0.05538459190955525,0.06191950610652741,0.12828946274568476,0.1786941164063376,,82.3,0.08265087646927549,0.9993156530748804,0.8886010516310401,False,False,False
5464,89.0999984741211,2026-09-11,0.2820143665341164,0.2008086541603542,0.2461538248128825,2.257769551421595,,97.5,0.20051523853647324,2.161138507215179,0.8288371951081032,False,False,False
5465,24.200000762939453,2026-09-11,-0.004115163673280464,0.04086024786836351,-0.044063677000981905,-0.07534884751382176,,37.9,-0.08970226327739117,0.7190724786803768,0.7223837227508424,False,False,False
5468,26.299999237060547,2026-09-11,0.0647772641578932,-0.1348684352933538,0.10041839568355004,0.6751592074249559,,90.4,0.05477980940714078,0.8706286964706019,0.7245179005461112,False,False,False
5469,72.30000305175781,2026-09-11,0.009776600454673545,-0.05981792435430666,-0.14798884496796316,-0.14896142646421606,,16.4,-0.19362743124437243,0.2580484221076677,0.6686186051325803,False,False,False
5471,51.5,2026-09-11,-0.15711945521876192,-0.11359722284779161,-0.09160724110712581,0.2594624462727544,,63.0,-0.13724582738353508,0.5886977446374918,0.771327608163937,False,False,False
5474,150.0,2026-09-11,0.006711409395973256,-0.04761904761904767,-0.12694013672999893,0.07830560438324907,,36.5,-0.1725787230064082,0.9190085177520475,0.7299693388224596,False,False,False
5475,175.0,2026-09-11,-0.07894736842105265,0.07361963190184051,-0.2662473794549266,-0.21875,,4.8,-0.31188596573133587,1.0282412671338939,0.4375,False,False,False
5478,96.9000015258789,2026-09-11,-0.011224474225725478,-0.03003002957134948,-0.05922328615651551,-0.07151569567438787,,35.3,-0.10486187243292477,0.7648560845689218,0.9042630281065414,False,False,False
5481,21.0,2026-09-11,0.03960392113094824,0.06329113924050622,0.0,-0.04328021548607153,,51.5,-0.045638586276409265,0.7935355930194748,0.828402354398011,False,False,False
5483,176.0,2026-09-11,-0.04087193460490468,-0.06133333333333335,0.019487969261043903,0.6704286905655754,,88.6,-0.026150617015365363,0.2792866162948151,0.6399304052959439,False,False,False
5484,39.84999847412109,2026-09-11,0.008860720863824945,-0.031591810535906206,-0.18088392139261789,-0.022085927015433438,,20.4,-0.22652250766902715,1.2584863979795027,0.688255568634308,False,False,False
5487,29.5,2026-09-11,0.001697766919023902,0.026086956521739202,0.06306306306306309,0.06690779048799356,,71.8,0.01742447678665382,0.8014144920773989,0.9394904572734766,False,False,False
5488,11.699999809265137,2026-09-11,-0.03305789748710786,-0.10344830358149648,-0.05634963079968791,0.18312648640141305,,62.5,-0.10198821707609718,0.16986234716138435,0.6563378345194845,False,False,False
5489,40.5,2026-09-11,-0.02173916649052099,-0.011061992034158585,0.04696568921697031,0.05354205909256793,,69.1,0.0013271029405610424,0.07965049615466249,0.6184509251396327,False,False,False
5490,25.350000381469727,2026-09-11,-0.043396212020010316,-0.17292004251302806,-0.08736134924413275,0.009068381390116231,,37.6,-0.132999935520542,0.3442029520290726,0.7161016748244431,False,False,False
5493,83.0999984741211,2026-09-11,-0.015402879481692944,0.03229811769094537,-0.07843092130061413,0.04519412999191075,,44.1,-0.1240695075770234,0.5608479226514616,0.8527952162405047,False,False,False
5498,50.59999847412109,2026-09-11,-0.05243451257957121,-0.05065667545192187,-0.2536873717322169,-0.18910260838477788,,6.0,-0.29932595800862616,0.585385559306486,0.6089049266334088,False,False,False
5508,52.900001525878906,2026-09-11,-0.03992735043859319,0.001893982770139191,-0.01236785556890374,0.03719728974089698,,57.8,-0.058006441845313006,0.4982826193542541,0.521506698641318,False,False,False
5511,69.30000305175781,2026-09-11,0.0,-0.017021233308399775,0.18221353207977753,0.1967093191273379,,86.1,0.13657494580336826,0.4713450704681598,0.9240000406901042,False,False,False
5512,7.739999771118164,2026-09-11,-0.003861030872843396,0.0038910159303191527,-0.026415099771729955,-0.052631615809095145,,45.0,-0.07205368604813922,0.5627522508727395,0.8775510248214834,False,False,False
5514,15.149999618530272,2026-09-11,0.006644480167978362,0.08214282989501931,0.07829177315746882,-0.04113927622518343,,66.9,0.03265318688105956,1.0590948618821407,0.841666645473904,True,True,False
5515,49.84999847412109,2026-09-11,-0.050476219540550704,-0.01091275863306096,0.23209964449048837,0.516828503456191,,91.4,0.1864610582140791,0.6406021451623484,0.8949730303646473,False,False,False
5516,11.75,2026-09-11,-0.02083333333333337,-0.048583025339010155,0.08796294374884606,-0.11985021241576777,,61.5,0.04232435747243679,0.13133057939537043,0.7014925373134329,False,False,False
5519,25.850000381469727,2026-09-11,-0.054844606182027134,-0.06846845472181162,-0.13032275129423165,-0.10979932783267587,,21.2,-0.17596133757064092,0.8725606430680537,0.8548952474837451,False,False,False
5520,82.0,2026-09-11,-0.009661872249663306,-0.012048192771084376,-0.0024330529886530394,-0.010248002866512396,,54.4,-0.048071639265062305,1.6863990759457117,0.9250018051810719,False,False,False
5521,10.449999809265137,2026-09-11,-0.01415099686852972,-0.027906994486963987,0.00027604854401275247,-0.2835860309194569,,27.3,-0.04536253773239651,0.4764259136331508,0.38767554355890316,False,False,False
5522,62.59999847412109,2026-09-11,-0.02187502384185802,0.008051529988496897,-0.12719863561810718,0.01370197093585701,,31.3,-0.17283722189451645,0.3094124728803965,0.8250202607452334,False,False,False
5523,30.350000381469727,2026-09-11,0.0,0.0,-0.0032840846950465963,-0.008169934538673762,,54.5,-0.04892267097145586,0.0900992886503125,0.9918300654613262,True,False,False
5525,21.950000762939453,2026-09-11,-0.009029293861635534,0.004576676417568093,0.03787266137292278,-0.05724806188214482,,58.0,-0.0077659249034864875,0.5114700788807834,0.7453964420327629,False,False,False
5529,23.799999237060547,2026-09-11,-0.024590179952874602,0.11475404270799183,0.06249998403446977,-0.03252839754893799,,64.6,0.016861397758060503,1.2927228221411702,0.8185066182447996,False,False,False
5530,49.45000076293945,2026-09-11,-0.010999984741210889,-0.0010100855971827416,-0.014940238816762985,0.02063983455630658,,55.2,-0.06057882509317225,0.523881280428042,0.8525862200506802,False,False,False
5531,7.159999847412109,2026-09-11,-0.024523201830223162,-0.03892617037283286,-0.12039317623795176,-0.19910512489027143,,16.7,-0.16603176251436103,0.7415502346501708,0.7617021423381296,False,False,False
5533,13.899999618530272,2026-09-11,-0.0035842431124376573,-0.0035842431124376573,0.029629601372612724,0.018791420800064573,,63.2,-0.01600898490379654,0.8963817742809467,0.9102054855857337,False,False,False
5534,74.0,2026-09-11,-0.033942539502784586,0.007492105700515284,-0.041415309005864986,0.048969164983242885,,52.4,-0.08705389528227425,0.8556624392466193,0.9079009233617689,False,False,False
5536,836.0,2026-09-11,-0.01992966002344665,-0.07419712070874862,-0.3270407966738176,0.24383477849300195,,18.6,-0.37267938295022685,0.6087196326068682,0.5825783972125436,False,False,False
5538,35.70000076293945,2026-09-11,-0.03252034453434538,0.05621306416467675,0.14755083547613013,0.22870984128134508,,85.2,0.10191224919972086,0.4090892878784949,0.9456953844487272,False,False,False
5543,28.649999618530277,2026-09-11,0.01957292632007368,0.1814432832383619,-0.030456840668933838,0.145999984741211,,64.0,-0.0760954269453431,0.5023623587646125,0.7764227217832852,False,False,False
5546,14.550000190734863,2026-09-11,-0.0168918916741978,0.0898876235936874,-0.07560722879828075,-0.09710484706072842,,30.9,-0.12124581507469001,1.3347210806807122,0.5667809581748507,False,False,False
5547,19.950000762939453,2026-09-11,0.015267234108558014,-0.004987455258165574,0.05845441744279056,0.007942565980461946,,67.6,0.012815831166381297,1.1553406477170383,0.8267997508426451,False,False,False
5601,31.0,2026-09-11,0.021416791115664413,0.04201680672268915,-0.025965304242610232,-0.1418900782349668,,35.2,-0.0716038905190195,0.8384667757540106,0.8146471734580129,True,False,False
5603,13.600000381469728,2026-09-11,-0.02508956505956006,-0.01315189975729858,-0.08087679681886639,-0.2032529745948447,,21.7,-0.12651538309527566,0.7603595446318884,0.6961675968991945,False,False,False
5604,31.049999237060547,2026-09-11,-0.009569414378269192,0.016366612520024137,0.0016128786148563723,-0.11538459866448636,,44.1,-0.04402570766155289,1.081473309631061,0.8190638813941041,False,False,False
5607,53.0,2026-09-11,-0.06690139591729338,0.015325655658390724,0.053963863269031354,0.11709471138047656,,73.6,0.008325276992622088,1.335800262126625,0.9265734142146955,False,False,False
5608,16.75,2026-09-11,-0.026162833894116,0.1964285714285714,0.10927149515539769,0.01208463880116617,,73.8,0.06363290887898843,0.623480398884459,0.8072289156626506,False,False,False
5609,78.80000305175781,2026-09-11,0.01025644938151049,0.014157093265375176,0.02355738843112154,0.050258800445546425,,65.1,-0.022081197845287726,0.7576443280107574,0.9911950069403498,False,False,False
5859,14.050000190734863,2026-09-11,0.0035714421953474407,0.03690036848426659,-0.0070670975612220355,-0.09935898415592437,,43.8,-0.0527056838376313,1.041036945930105,0.8593272087417461,True,True,False
5863,10.800000190734863,2026-09-11,0.0,0.01155299169775259,0.05838410320230558,-0.010342161289301877,,65.9,0.012745516925896316,0.3758779634503147,0.9446734027540674,False,False,False
5864,34.900001525878906,2026-09-11,-0.06056527342085405,0.029498523745983052,-0.2126395571075671,0.6544535149668138,,73.7,-0.25827814338397637,0.7429749328113808,0.7315400758692411,False,False,False
5871,111.5,2026-09-11,0.0,-0.021929824561403466,0.009516005887225898,0.17282003111303523,,71.8,-0.03612258038918337,0.7632768408999212,0.9529914529914529,False,False,False
5876,48.650001525878906,2026-09-11,0.05075598979572593,0.15147932605630543,0.19145970070443252,0.2940157999464872,,87.9,0.14582111442802326,0.852389359846514,0.9979487492487981,False,False,False
5878,38.09999847412109,2026-09-11,-0.01167317177290228,-0.012953368387701336,-0.03422058967579544,-0.07728097899242359,,40.3,-0.07985917595220471,0.793190488155881,0.9117343479694056,False,False,False
5880,27.200000762939453,2026-09-11,0.020637941924274816,0.12396693824052618,0.19189799478346314,0.25149290498256316,,87.4,0.14625940850705388,0.8026095719175216,1.0,True,True,False
5902,34.599998474121094,2026-09-11,0.005813864516596823,-0.004316590672774234,-0.0017035636376443453,-0.06118750669550321,,48.9,-0.04734214991405361,3.93710605411935,0.7589143876403357,False,False,False
5903,184.0,2026-09-11,-0.00540540540540535,-0.008086253369272267,0.008219178082191858,-0.002338071582386303,,57.8,-0.03741940819421741,0.5749639356758709,0.9697375201609401,False,False,False
5904,72.30000305175781,2026-09-11,0.002773988652836179,-0.11613691498261935,0.18314739230497112,0.4847798993220689,,90.2,0.13750880602856186,0.49491486464084483,0.8300804169731345,False,False,False
6005,31.5,2026-09-11,-0.03816793893129766,0.029411751872894687,-0.09838161433699644,0.29891431214076514,,65.6,-0.1440202006134057,0.49524324836159567,0.8015497628947027,False,False,False
6015,16.950000762939453,2026-09-11,0.00892866266017478,0.06269598530612086,-0.10079573369123351,0.3281298233204297,,68.0,-0.14643431996764278,1.542845076432602,0.7401747181350959,False,False,False
6016,22.25,2026-09-11,-0.006696411655569445,0.10696515312071164,-0.14248119405372484,0.46151025295333126,,70.9,-0.1881197803301341,1.1514406418579668,0.7003070016904633,False,False,False
6020,20.299999237060547,2026-09-11,-0.028708152747417337,-0.016949171328587198,-0.10964912647612479,0.0724428324339248,,39.9,-0.15528771275253406,0.3825597660701292,0.7898832153473727,False,False,False
6021,43.04999923706055,2026-09-11,0.06956519843628683,0.16508791199374873,0.0487210727690921,0.45404714312108974,,85.8,0.0030824864926828344,2.437640280586973,0.9717832952251098,True,True,False
6023,84.9000015258789,2026-09-11,-0.017361110804502866,-0.003521073158553323,0.023673432366201563,0.08120755041095173,,68.3,-0.021965153910207702,2.4353600937544377,0.9440544069253198,False,False,False
6024,60.70000076293945,2026-09-11,-0.04258676179743237,-0.014610352816156857,0.10026824678316837,0.21422466238451254,,81.8,0.0546296605067591,0.9964492791077997,0.9559055238258182,False,False,False
6026,15.100000381469728,2026-09-11,-0.0033002797570627074,0.0413793366530848,-0.051244488636683405,0.13916327049654176,,59.9,-0.09688307491309267,0.54526323068535,0.8528968600937624,False,False,False
6027,15.550000190734863,2026-09-11,0.11071429933820442,0.2851239421899985,0.2540323120250185,0.5754812939244569,,92.4,0.20839372574860926,1.167329594823834,1.0,True,True,False
6028,95.6999969482422,2026-09-11,-0.009316786129349719,-0.002085553435395182,0.20986092028247105,-0.03737581174188165,,80.5,0.1642223340060618,0.18524026099532095,0.7483173346241595,False,False,False
6035,50.0,2026-09-11,-0.00398407888246699,-0.04214560786944266,-0.009468511297796356,-0.0056949966064274715,,53.3,-0.05510709757420562,0.7637216032412095,0.7791195578078037,False,False,False
6103,30.299999237060547,2026-09-11,-0.18548390818187943,0.02711861820544237,-0.16986303460108088,-0.32964604589333923,,7.1,-0.21550162087749014,1.801348876242749,0.5826922930203952,False,False,False
6104,90.9000015258789,2026-09-11,-0.06288658220743393,-0.027807470311455584,-0.11317071682069357,0.004881175172821939,,32.9,-0.15880930309710284,0.3563051987022543,0.7706790286365712,False,False,False
6108,22.149999618530277,2026-09-11,-0.03485843650606968,0.020737273722098548,0.1329923520682783,0.40634918212890647,,87.8,0.08735376579186904,0.8812341978196302,0.8519230622511645,False,False,False
6109,10.649999618530272,2026-09-11,-0.027397278169907002,-0.04910716072333143,-0.04910716072333143,-0.13061227603834513,,32.3,-0.0947457469997407,0.29681104346145076,0.7499999832099589,False,False,False
6112,46.04999923706055,2026-09-11,0.0032679238822479473,-0.010741138736731215,0.028122572452020433,0.0012365613426157385,,61.8,-0.017516013824388832,1.0986008341648192,0.8654449702883799,True,False,False
6113,21.799999237060547,2026-09-11,-0.05831535221232276,-0.10838451710380703,-0.20582882946608272,0.011600928484956086,,19.4,-0.251467415742492,0.3661361274374638,0.7303182230641961,False,False,False
6114,23.299999237060547,2026-09-11,-0.07722775298770113,-0.14180480425649977,-0.2177224065971538,-0.2151363887257135,,7.4,-0.26336099287356307,0.3940981732302349,0.6982978008258908,False,False,False
6115,43.84999847412109,2026-09-11,-0.014606775862447519,-0.030939260240417932,-0.05377233633738654,-0.0009784228983985566,,44.4,-0.0994109226137958,0.6195724785757479,0.9329539298252305,False,False,False
6116,14.100000381469728,2026-09-11,0.0035587323883339295,0.010752729337312639,-0.14545452233516798,0.5860517251903354,,77.4,-0.19109310861157724,0.6190567711009716,0.6211453703776837,False,False,False
6117,61.29999923706055,2026-09-11,-0.042187511920928955,-0.061255798281154794,-0.18145814855633002,-0.1162037689890969,,14.7,-0.2270967348327393,0.5472904792530661,0.6651729751487151,False,False,False
6118,14.949999809265137,2026-09-11,-0.016447368627439896,-0.03548388327321694,-0.14326652403270101,-0.17630853314168082,,15.6,-0.18890511030911028,0.410403692854338,0.6443965223116209,False,False,False
6120,11.949999809265137,2026-09-11,-0.02845531512539068,-0.047808794609635274,-0.13816617083900573,-0.07590434171784455,,22.5,-0.183804757115415,0.6410967470456322,0.7547737600156514,False,False,False
6121,380.5,2026-09-11,-0.041561712846347576,-0.11819235225955971,-0.05093136913859031,0.11353792364453663,,57.7,-0.09656995541499958,0.5658848686396666,0.8384285489878787,False,False,False
6122,50.79999923706055,2026-09-11,-0.009746588838909442,0.07970244550070427,0.15185472542832623,0.04774471844228145,,79.4,0.10621613915191697,0.6226014237274996,0.8689430200207262,False,False,False
6123,42.5,2026-09-11,-0.02522932368389863,-0.024110201043746726,-0.01620372107817114,0.03225356937135304,,56.2,-0.061842307354580406,0.7026949511334143,0.8210757354429763,False,False,False
6124,26.649999618530277,2026-09-11,-0.0184162065202661,-0.03616636577925403,-0.1375404547724116,-0.20447762332745445,,14.5,-0.18317904104882088,0.5567177096187578,0.7022397650267156,False,False,False
6125,48.5,2026-09-11,-0.058252427184465994,-0.031936098260513135,-0.20197121016818254,-0.17786962433948683,,9.3,-0.2476097964445918,0.5289933255544262,0.5982779887067712,False,False,False
6126,29.0,2026-09-11,-0.005145784579527857,-0.028382411751571746,-0.2896577326515626,-0.08966905470331255,,7.2,-0.33529631892797185,0.45962830141843397,0.6880408115869834,False,False,False
6127,47.29999923706055,2026-09-11,-0.03567788026952212,-0.10416666817183451,-0.40126583244227154,0.3475783844245577,,15.8,-0.4469044187186808,0.602952367892987,0.4881320793831796,False,False,False
6128,18.799999237060547,2026-09-11,-0.0481013044526305,-0.08958839785205774,-0.12761021333451816,-0.1589177030565413,,18.3,-0.17324879961092743,2.1845969501118847,0.6711074380435387,False,False,False
6129,14.76179027557373,2026-09-10,0.0,-0.09965657626040503,-0.14658000911484448,-0.11784534369808486,,18.6,-0.19221859539125374,0.0,0.628297189916337,False,False,False
6133,23.549999237060547,2026-09-11,0.03377373090630442,0.06748370889701882,0.02300526524932134,0.01876041751498181,,62.1,-0.022633321027087927,1.485551543462519,0.8480872708969297,False,False,False
6134,28.200000762939453,2026-09-11,-0.03754261101583045,0.01989154256771064,-0.2257195687593977,-0.062175165036792435,,12.4,-0.27135815503580696,0.38012444252762867,0.7139721981574253,False,False,False
6136,24.700000762939453,2026-09-11,-0.006036201860267432,-0.027559010476525647,0.025419648849637877,0.09018306778710738,,69.0,-0.02021893742677139,1.41956924104731,0.9247087826352961,False,False,False
6138,265.0,2026-09-11,-0.07504363001745196,-0.12106135986733002,-0.1536172192858839,0.221930130129947,,47.1,-0.19925580556229316,0.3621736112103613,0.6290163217171849,False,False,False
6139,709.0,2026-09-11,-0.036684782608695676,-0.0921412552058487,-0.1742075791372294,0.3947065951863271,,60.5,-0.21984616541363866,0.45706872323412584,0.7652631420145174,False,False,False
6140,16.600000381469727,2026-09-11,-0.005988046521030466,-0.017751434546282918,-0.25056430395680573,-0.24886877398480078,,4.8,-0.296202890233215,0.7087497836496855,0.4604715875944984,False,False,False
6141,51.0,2026-09-11,-0.02857142857142858,0.3934426810443936,0.44680851063829796,1.5499999999999998,,96.9,0.4011699243618887,1.1867810817270001,0.8658743408961054,False,False,False
6142,8.850000381469727,2026-09-11,0.004540290572967676,-0.04633613834855055,0.012585882520851577,-0.09230765318259215,,48.6,-0.03305270375555769,0.3155371644650765,0.7866667005750868,False,False,False
6143,80.9000015258789,2026-09-11,-0.0754285539899554,-0.08068180084228516,-0.10607733120575791,-0.13498160972480788,,22.9,-0.15171591748216717,0.5164456668398714,0.5855056428437804,False,False,False
6146,179.0,2026-09-11,-0.019178082191780854,-0.04278074866310155,-0.0501819042717081,-0.028800415007460556,,42.4,-0.09582049054811737,0.6007631880682837,0.8184952481557429,False,False,False
6147,181.0,2026-09-11,-0.008219178082191747,0.10030395136778125,-0.21852685725617127,2.11658943843598,,95.5,-0.26416544353258054,1.4428552671951667,0.599854198508488,False,False,False
6148,31.0,2026-09-11,0.08202444721673885,0.08202444721673885,-0.09090905022983276,-0.10576355630050216,,26.9,-0.13654763650624202,1.2175954431944154,0.6648976892483607,True,False,False
6150,62.29999923706055,2026-09-11,0.028052818576644656,0.02635911785849565,-0.026225465016087912,0.09211516540576148,,60.2,-0.07186405129249718,1.7787168123866084,0.6778645510361738,True,False,False
6151,34.400001525878906,2026-09-11,-0.025495686420206942,-0.06775067470516738,-0.20092910254305185,0.23980467250555715,,38.1,-0.24656768881946112,0.5341481761629453,0.6907630934315125,False,False,False
6152,15.0,2026-09-11,0.08695650671590571,-0.02280132721639816,-0.003322271767520979,-0.21465970154887692,,32.9,-0.048960858043930244,1.8913845324981358,0.6802721323812448,False,False,False
6153,17.299999237060547,2026-09-11,-0.01983005037021479,0.002898506496263664,-0.2924335911153285,0.02670616293194228,,10.4,-0.3380721773917378,0.4136097591406812,0.7075664088846715,False,False,False
6154,13.899999618530272,2026-09-11,-0.010676197165001344,0.003610053117936163,0.01533966724497815,0.06013402523163314,,64.4,-0.030298919031431115,0.5424360034557738,0.9548226871835455,False,False,False
6155,55.29999923706055,2026-09-11,-0.01601426180891452,-0.1291338702825111,-0.38122811375809074,0.26274261294644186,,13.3,-0.4268667000345,0.41839293191929156,0.5666317147901864,False,False,False
6156,20.450000762939453,2026-09-11,-0.016826850334565435,-0.07882882611974673,-0.08870384219926375,0.048106569380170106,,42.3,-0.13434242847567301,0.21851677893072663,0.643602940849847,False,False,False
6158,17.100000381469727,2026-09-11,-0.0172413358412411,0.027027073468436136,-0.03389832517555691,-0.09042547471170115,,38.5,-0.07953691145196617,0.29868057674963283,0.6979591992436623,False,False,False
6160,14.5,2026-09-11,-0.016949152542372836,0.028368766504145215,-0.1265060441693675,-0.1021671614553531,,22.4,-0.17214463044577677,0.33566568947397535,0.6236559139784946,False,False,False
6161,47.59999847412109,2026-09-11,-0.07751938213730991,-0.08986617268646102,-0.08008660035229054,0.19477907358966529,,59.7,-0.1257251866286998,0.7591923001788532,0.7628205163474149,False,False,False
6163,38.59999847412109,2026-09-11,-0.04960104173505564,-0.07649908208986911,-0.24843682410431212,-0.276221072649,,4.2,-0.2940754103807214,0.27540130418879233,0.5284270139143763,False,False,False
6164,11.25,2026-09-11,-0.05857739083162239,-0.05462181843418834,-0.14448666719753323,-0.10358567099422022,,19.8,-0.1901252534739425,0.25886878895331805,0.6465517383126388,False,False,False
6165,47.34999847412109,2026-09-11,-0.03169740293233991,-0.03760167195387332,-0.029713130852638936,-0.023711371667606507,,47.4,-0.0753517171290482,0.3801420059187056,0.8440285162567986,False,False,False
6166,112.5,2026-09-11,-0.07407407407407407,-0.17883211678832112,-0.19500459120780977,0.8980662137494722,,84.8,-0.24064317748421904,0.4625520901501202,0.6756756756756757,False,False,False
6167,10.050000190734863,2026-09-11,-0.01470584522894025,-0.033653792368587676,-0.1410256107204081,-0.23863633818534413,,11.9,-0.18666419699681736,0.4242960788486267,0.6128049039330111,False,False,False
6168,29.450000762939453,2026-09-11,0.013769416054531414,0.16865078854482785,0.0670289984021808,0.3147321993066956,,82.8,0.02139041212577153,1.3102440009029985,0.8295774862799846,False,False,False
6170,48.09999847412109,2026-09-11,-0.007223989335539693,0.021231423193133425,0.003534341160700727,0.02728665744841763,,59.5,-0.04210424511570854,0.7898998349502435,0.9790118996624152,False,False,False
6171,25.950000762939453,2026-09-11,-0.00954198445496346,0.0657084335278828,0.08577410782968209,-0.04770639402057053,,67.5,0.040135521553272824,1.3468585849656807,0.845276876809263,False,False,False
6173,290.0,2026-09-11,0.11324376199616126,0.29753914988814323,-0.03972112590887111,3.6410934216679465,,98.0,-0.08535971218528038,2.2504908972010402,0.8328809308908451,False,False,False
6174,40.25,2026-09-11,-0.07258067776796273,-0.15263157894736845,-0.26714851116412464,0.9161555200520113,,80.4,-0.3127870974405339,0.24612356159919443,0.6388888888888888,False,False,False
6175,69.5,2026-09-11,-0.03203346732589729,-0.1366459627329193,-0.34444559746422654,0.4612976853532864,,32.4,-0.3900841837406358,0.15548844190511799,0.6077242556223391,False,False,False
6176,88.9000015258789,2026-09-11,-0.032644177912828476,-0.17988929636079998,-0.23056359892532607,-0.2724932962413562,,5.0,-0.27620218520173534,0.606954587923702,0.49005659141052077,False,False,False
6177,47.5,2026-09-11,-0.03455286049954698,0.06945656530833122,0.07285523342009403,0.10324101146492293,,74.7,0.02721664714368477,0.9385299321717115,0.9107692163656184,False,False,False
6179,35.75,2026-09-11,0.20777025470514232,0.30712978067164753,0.5168151964306569,0.3558125230887037,,94.0,0.4711766101542476,5.621195188171493,0.935863855654255,False,False,False
6182,104.5,2026-09-11,-0.058558558558558516,-0.0752212389380531,0.06960085224322143,2.270735446154206,,96.7,0.02396226596681217,0.44859075406502297,0.5514511873350924,False,False,False
6183,91.1999969482422,2026-09-11,-0.0043668289578836506,0.01778571504592441,0.04127298767921905,0.013431494157394752,,64.9,-0.004365598597190212,0.5771801767191702,0.9494573634544532,False,False,False
6184,40.04999923706055,2026-09-11,-0.006203474062850489,-0.05094790253575221,-0.0897066093911838,-0.10681030253217683,,27.0,-0.13534519566759307,2.5004370164458076,0.8455294249819701,False,False,False
6185,12.699999809265137,2026-09-11,-0.003921583587048083,-0.0729927017461498,-0.0736787299502718,-0.08020203221599664,,32.5,-0.11931731622668107,0.7077271036373387,0.7421096913891767,False,False,False
6186,30.049999237060547,2026-09-11,-0.039936103209866736,-0.11356938393879745,-0.1740350275304986,-0.1760373866498306,,11.9,-0.21967361380690786,0.8044248066188812,0.5072904315669653,False,False,False
6187,1250.0,2026-09-11,-0.04214559386973182,-0.015748031496062964,0.12025585593509702,0.8507152363746513,,92.5,0.07461726965868776,0.9015894959853424,0.8741258741258742,False,False,False
6188,62.59999847412109,2026-09-11,-0.060060061436101875,-0.12324924614309507,-0.22234154692967778,-0.31429745948223586,,4.6,-0.26798013320608705,0.6226967324830586,0.4958156844185502,False,False,False
6189,46.54999923706055,2026-09-11,-0.033229537655537045,-0.06054490506946719,-0.11660297775407791,0.09683522469980121,,41.5,-0.16224156403048717,0.6637810701411753,0.8662285314289581,False,False,False
6190,66.80000305175781,2026-09-11,-0.017647013944738,-0.020527770661732503,-0.1362507707105335,0.36173603260224607,,64.2,-0.18188935698694275,0.6008501723022877,0.7445143404900085,False,False,False
6191,82.30000305175781,2026-09-11,-0.0024242054332386243,-0.051843316149617014,-0.1807815546278988,-0.1519648422225398,,12.5,-0.22642014090430806,0.18148462909218924,0.6368263652280608,False,False,False
6192,111.0,2026-09-11,-0.047210300429184504,-0.0672268907563025,-0.047210300429184504,-0.03475616151857508,,42.3,-0.09284888670559377,0.7669422783318975,0.8314606741573034,False,False,False
6194,29.950000762939453,2026-09-11,0.010118082572307507,0.0033500964888364404,-0.0366766429870925,-0.014027963246883268,,46.6,-0.08231522926350177,0.4033367136135711,0.7932536571679198,True,False,False
6195,27.649999618530277,2026-09-10,-0.007181355842010073,-0.04159447996784804,0.0460665607603894,0.12355292762681147,,73.0,0.0004279744839801314,0.7608416945373467,0.9534482627079406,False,False,False
6196,511.0,2026-09-11,-0.009689922480620172,0.0,-0.09744391139145803,0.8737849790788283,,87.9,-0.1430824976678673,1.2352276469073136,0.8661016949152542,False,False,False
6197,300.0,2026-09-11,-0.04761904761904767,-0.038461538461538436,-0.07665317207450684,0.7440995547581952,,86.7,-0.1222917583509161,0.4516484248192869,0.8053691275167785,False,False,False
6198,19.399999618530277,2026-09-11,-0.017721538302264417,-0.01522848389800835,-0.07398573212231707,-0.11818183552135109,,29.3,-0.11962431839872634,0.29256169386902436,0.629870133087112,False,False,False
6199,98.4000015258789,2026-09-11,0.023933434841595602,0.01130522548427848,0.12973597301629392,0.0468085268710523,,77.8,0.08409738673988465,2.299867507666219,0.833898318015923,True,False,False
6201,45.0,2026-09-11,0.010101027399459506,-0.006622499825896577,0.011143468785558719,-0.063756047420779,,51.8,-0.034495117490850546,0.8143368065414476,0.8266663471138388,False,False,False
6202,55.20000076293945,2026-09-11,-0.06122446463999409,-0.10967740704936368,-0.1442533474144715,0.03515167253083473,,30.3,-0.18989193369088075,0.1937717781056379,0.7570512628011561,False,False,False
6203,59.900001525878906,2026-09-11,-0.013179558929247825,-0.006633461297555043,-0.053726416117671816,-0.03222017841993363,,41.2,-0.09936500239408108,0.46188391307989424,0.7350226693715066,False,False,False
6204,88.80000305175781,2026-09-11,-0.030567636124517406,0.032558175020439784,-0.19638006288001975,0.4185304347645924,,58.9,-0.242018649156429,0.4520619104589455,0.7104000244140625,False,False,False
6205,61.29999923706055,2026-09-11,-0.06980276452667367,-0.03159557700008708,-0.25016830985363436,0.09580672253320821,,19.0,-0.29580689613004363,0.3427116388565429,0.6360589238765877,False,False,False
6206,138.0,2026-09-11,-0.0036101083032491488,-0.11821086261980829,0.11660232661289194,0.39710146763371434,,87.3,0.07096374033648267,0.5598749564711745,0.8734177215189873,False,False,False
6207,112.0,2026-09-11,0.009009009009008917,0.009009009009008917,-0.17292236242541825,1.1303515507346162,,89.3,-0.21856094870182752,1.1533026323891538,0.6796529192493442,False,False,False
6208,74.30000305175781,2026-09-11,0.001347791207934712,-0.08834352083732744,-0.18730982792112894,0.6501682040859864,,76.2,-0.2329484141975382,0.2327153306474425,0.7076190766834077,False,False,False
6209,80.0,2026-09-11,-0.018404907975460127,0.13314450041134962,-0.07067836271510997,0.5645085076386795,,82.0,-0.11631694899151923,1.1700360214693961,0.8289319853090854,False,False,False
6210,17.850000381469727,2026-09-11,0.005633824308153512,0.008474554353937958,-0.13975901776049515,-0.1119402963829933,,19.8,-0.18539760403690442,0.3738829342211451,0.7968750306005993,False,False,False
6212,31.399999618530277,2026-09-10,0.014539542633215996,0.07534242459277785,0.10758374589137953,0.026143765591094548,,74.3,0.06194515961497027,1.6331631486702736,0.7251732141291809,False,False,False
6213,509.0,2026-09-11,-0.015473887814313358,0.08528784648187626,0.9479155535203103,2.7329144795724862,,98.6,0.902276967243901,0.6644216328023207,0.8730703259005146,False,False,False
6214,188.5,2026-09-11,0.016172506738544534,0.20447284345047922,0.37676759515226754,0.773673668255433,,94.9,0.3311290088758583,0.5761012271682777,1.0,True,True,False
6215,98.1999969482422,2026-09-11,-0.00808083890664446,-0.08224301917530652,-0.0819978861645626,-0.11081410028170646,,28.2,-0.12763647244097187,0.6208656818015732,0.7344017224956606,False,False,False
6216,19.799999237060547,2026-09-11,-0.03414637867997328,-0.07677554076864657,-0.0929016899223668,-0.18539011910711767,,21.2,-0.13854027619877607,1.2134785028260042,0.7126089731915497,False,False,False
6217,165.0,2026-09-11,-0.12466843501326264,-0.020771513353115778,-0.3426294820717132,0.21323529411764697,,15.0,-0.38826806834812244,0.8146332575424609,0.4838709677419355,False,False,False
6218,44.900001525878906,2026-09-11,0.06272192960660128,0.257703097096011,0.2846924333544023,0.9437229776799754,,94.8,0.23905384707799304,2.7809591116247145,0.9573560781464704,False,False,False
6219,11.899999618530272,2026-09-11,-0.055555614424338984,-0.028571459711814517,-0.08108109700384991,-0.19594598208316627,,22.3,-0.12671968328025918,0.36309539473107133,0.5613207165224788,False,False,False
6220,25.549999237060547,2026-09-11,-0.009689922767163739,-0.019193858527591257,-0.29524244543999034,-0.31738149991867015,,2.0,-0.3408810317163996,0.20022049105029016,0.5756297909676427,False,False,False
6221,23.299999237060547,2026-09-11,0.08624701204288332,0.10968241374780896,0.03930085233336933,-0.08285569428357975,,55.6,-0.006337733943039936,1.050317736707374,0.6088491917886092,True,True,False
6222,19.100000381469727,2026-09-11,-0.044999980926513694,-0.06601468611758032,-0.05911324633944082,-0.017994877518803354,,41.5,-0.10475183261585008,0.8253290106174763,0.8268398296993663,False,False,False
6223,5620.0,2026-09-11,0.09020368574199811,-0.13471901462663582,-0.12366668549820092,0.5885083995340645,,78.9,-0.1693052717746102,1.2307429000837438,0.7641198990862701,False,False,False
6224,87.5,2026-09-11,0.03183958550796562,0.39776361234533586,0.10062893081761004,1.192096902732294,,94.1,0.054990344541200775,1.9942583189180874,0.9210526315789473,False,False,False
6225,74.9000015258789,2026-09-11,0.24833335876464835,1.8309779681541065,2.1872341074842088,2.2077087923869425,,98.8,2.1415955212077993,1.4952540022207377,1.0,True,True,False
6226,30.0,2026-09-11,-0.10447761194029848,0.5306122151080499,1.439024352422197,1.9850745702131554,,98.7,1.3933857661457878,1.2731074368485615,0.8784772667511002,False,False,False
6227,127.5,2026-09-11,0.12334801762114544,0.043566096990560466,0.04769084503664822,0.6006387352796267,,88.3,0.0020522587602389564,2.065482916126836,0.9781025383862263,True,True,False
6228,17.299999237060547,2026-09-10,0.0,-0.03888893127441406,-0.19907412354020504,-0.2924335911153285,,6.1,-0.2447127098166143,0.0,0.525835818683853,False,False,False
6229,23.350000381469727,2026-09-11,-0.012684957374185069,-0.012684957374185069,-0.11339228927131617,0.10365258215285245,,42.8,-0.15903087554772544,0.4057219020889906,0.7670650974219746,False,False,False
6230,106.0,2026-09-11,-0.040723981900452455,-0.05777777777777782,-0.22909090909090912,-0.3801169590643275,,2.9,-0.2747294953673184,0.7291166681001515,0.5808219178082191,False,False,False
6231,208.5,2026-09-11,-0.01650943396226412,-0.07947019867549665,-0.24383714469755158,0.0005433909101193457,,14.0,-0.28947573097396084,1.4655569574892224,0.6129584452105086,False,False,False
6233,20.049999237060547,2026-09-11,-0.038369358742083026,-0.08863639831542969,-0.13899266315420888,-0.24028766226135523,,12.2,-0.18463124943061815,0.37231105810517096,0.6786264545927928,False,False,False
6234,33.45000076293945,2026-09-11,-0.02192982407218924,-0.06555061242031912,-0.21384133965257102,0.19882200213563728,,32.2,-0.2594799259289803,0.38682204397370973,0.5433370684702397,False,False,False
6235,38.20000076293945,2026-09-11,-0.0316856774607287,-0.015463878503069517,-0.09155763481507795,-0.20087767067024476,,20.3,-0.1371962210914872,0.25365706817215306,0.5111879494442677,False,False,False
6236,19.049999237060547,2026-09-10,0.0,0.24104226473227963,0.002631538792660315,-0.118055606452525,,43.9,-0.04300704748374895,0.0,0.6047618805416046,True,True,False
6237,33.150001525878906,2026-09-11,-0.05823861342693215,-0.03913039055423462,-0.28072590278476717,-0.1185554169329236,,6.7,-0.32636448906117643,0.44539778649064465,0.5923434030172721,False,False,False
6239,273.0,2026-09-11,-0.012658227848101222,-0.035335689045936425,-0.14869609812002849,0.3849570459084988,,64.1,-0.19433468439643775,0.6093997606299767,0.734502330116761,False,False,False
6240,22.799999237060547,2026-09-11,-0.09523815290547466,0.15736032254135512,0.2561983314745,0.20634919033048882,,88.6,0.21055974519809073,1.3912046050196638,0.815742347574187,False,False,False
6241,15.550000190734863,2026-09-11,-0.07164177965762009,-0.20657575422556673,-0.20379178231494488,-0.062316758968408825,,15.1,-0.24943036859135415,0.31398867717961626,0.6035088915400011,False,False,False
6243,36.79999923706055,2026-09-11,-0.06598990325192278,-0.16173125380492148,0.1645569238233333,0.144634447604572,,84.1,0.11891833754692405,0.11145123182139469,0.7049808179923921,False,False,False
6244,22.299999237060547,2026-09-11,-0.047008564077011705,-0.13229577528969805,-0.2971338340845564,-0.3036823364249758,,2.1,-0.34277242036096567,0.38696142289104146,0.6176702512634068,False,False,False
6245,81.30000305175781,2026-09-11,0.03964202333111877,-0.021116245726401917,0.04486244657242322,0.29182993624712594,,80.2,-0.0007761397039860451,0.9464625717769962,0.9328311734787045,False,False,False
6246,12.75,2026-09-11,-0.003906264842953311,-0.007782130622652206,-0.1747572713655302,-0.23652698098704716,,9.0,-0.22039585764193947,0.3399790136411333,0.7083333333333334,False,False,False
6248,16.799999237060547,2026-09-11,-0.008849647146145223,-0.011189407827601028,-0.011189407827601028,-0.10465908679686864,,42.6,-0.05682799410401029,0.7442869448787143,0.8180160762497654,False,False,False
6257,211.5,2026-09-11,-0.002358490566037763,-0.007042253521126751,-0.03223240223276469,0.6400336363420158,,86.3,-0.07787098850917396,0.9985389402695288,0.7869758505452279,False,False,False
6259,28.299999237060547,2026-09-11,-0.06135988075876175,-0.11562502384185791,-0.057287210179202686,0.6164594109611383,,84.7,-0.10292579645561195,0.11712369739545542,0.6716275491437166,False,False,False
6261,75.0,2026-09-11,-0.043367365557468895,-0.029527138322295476,-0.21155266553732677,0.1544281321396508,,28.8,-0.25719125181373603,0.6552921995046647,0.5793758601878539,False,False,False
6263,153.5,2026-09-11,-0.0943952802359882,-0.06686930091185406,-0.025396825396825418,0.29872804442316836,,74.6,-0.07103541167323468,0.8142462611966788,0.850890833181083,False,False,False
6264,6.019999980926514,2026-09-11,0.0016638521903247216,-0.004958712208686045,-0.009868411765204144,-0.11209442556983618,,41.9,-0.05550699804161341,0.7479502377827945,0.7698209525291546,False,False,False
6265,48.75,2026-09-11,-0.10055351819600011,-0.1723259976728404,-0.16523974783806605,0.21571076945205547,,43.6,-0.21087833411447532,0.6761117247287644,0.7629107799043902,False,False,False
6266,24.799999237060547,2026-09-11,0.002020171194365483,-0.023622062617355555,-0.0350195135860365,-0.0726214188861436,,40.8,-0.08065809986244576,0.7067489539424144,0.8625375409888593,False,False,False
6269,66.0999984741211,2026-09-11,-0.0236336565176557,0.016923053448016923,-0.10190217602568452,0.19963702912199532,,55.6,-0.1475407623020938,0.8023985904366213,0.7554285539899553,False,False,False
6270,28.049999237060547,2026-09-11,-0.015789500454015948,-0.08928571649738948,-0.18925575239348613,0.22474127142663347,,38.8,-0.2348943386698954,0.12236045596052841,0.6732495796046497,False,False,False
6271,220.0,2026-09-11,-0.07172995780590719,0.10552763819095468,-0.09836065573770492,0.4852320675105486,,76.9,-0.14399924201411418,0.5810328251097975,0.7652173913043478,False,False,False
6272,27.649999618530277,2026-09-11,-0.07214764005283725,0.16913319511709068,-0.15957451865827466,-0.1853639252065451,,13.0,-0.20521310493468392,1.6566455014019181,0.48634991987414444,False,False,False
6274,1365.0,2026-09-11,0.0,-0.14687499999999998,-0.13057324840764328,1.765664308086171,,94.8,-0.17621183468405255,1.0035470365375596,0.718421052631579,False,False,False
6275,45.150001525878906,2026-09-11,-0.062305293975693954,0.02149322955976074,-0.007228580552175012,-0.03853682938324776,,50.4,-0.05286716682858428,0.41638824075324776,0.7772354972988382,False,False,False
6276,19.899999618530277,2026-09-11,-0.038647396856210214,0.03645827227996712,-0.23461539928729702,-0.3486088341897775,,3.3,-0.2802539855637063,0.6054154438344772,0.4298056143940807,False,False,False
6277,76.30000305175781,2026-09-11,-0.049813198605008546,-0.09382415894077178,0.06126042685174715,0.30806509173745833,,82.1,0.015621840575337886,0.30175583680187185,0.8720000348772321,False,False,False
6278,186.5,2026-09-11,-0.0675,0.11011904761904767,-0.11186184751445927,0.9183784651279043,,88.2,-0.15750043379086853,0.45135301888284934,0.7782468461728258,False,False,False
6281,51.29999923706055,2026-09-11,-0.0019455697636119318,-0.0077369733070805635,-0.0019455697636119318,-0.10017218390523108,,45.3,-0.0475841560400212,0.5157151921161662,0.784098492847893,False,False,False
6282,42.75,2026-09-11,-0.02840909090909094,-0.09703850640250533,-0.25424359532832186,-0.056885034737352735,,10.0,-0.2998821816047311,0.31462454899886483,0.6140903287914351,False,False,False
6283,19.0,2026-09-11,-0.052369041247628645,-0.05472638609916747,-0.20502090781337012,-0.0865384280328908,,13.5,-0.2506594940897794,0.8769509601982713,0.7050092564794295,False,False,False
6284,75.5,2026-09-11,-0.045511991701224774,-0.07475488465916658,-0.2600565219979082,0.03711764947544305,,14.2,-0.30569510827431745,0.45054066590679676,0.6205977707126002,False,False,False
6285,222.5,2026-09-11,-0.08624229979466114,-0.0973630831643002,-0.17577202412740733,0.35074978870450013,,56.1,-0.2214106104038166,0.36733732800406527,0.7092495110027899,False,False,False
6290,258.0,2026-09-11,-0.0444444444444444,0.17006802721088432,-0.12688840473021368,0.2107680039596338,,51.5,-0.17252699100662294,1.1368952329439976,0.720852340935351,False,False,False
6291,478.0,2026-09-11,0.04709748083242049,0.23514211886304914,-0.14028776978417268,0.4287378079660702,,69.2,-0.18592635606058194,2.0776986016223016,0.7039764359351989,False,False,False
6292,65.19999694824219,2026-09-11,0.05161285400390625,-0.012121258359966802,0.0071098405609621995,0.5739790374186571,,86.6,-0.038528745715447066,1.7155325833929955,0.9581231316731564,False,False,False
6405,38.34999847412109,2026-09-11,-0.04364089941622762,-0.056580638755783896,-0.3864000244140626,0.24311176660977574,,11.8,-0.4320386106904719,0.4102862042148907,0.4734567712854455,False,False,False
6407,22.799999237060547,2026-09-11,-0.13307985176927262,0.0,-0.18841960600442742,0.3348945748773373,,51.6,-0.23405819228083669,1.0566233488354102,0.41264476851880616,False,False,False
6409,861.0,2026-09-11,-0.1077720207253886,-0.11419753086419748,-0.04595931324282587,0.16701846919860253,,63.0,-0.09159789951923514,0.5451870829802687,0.6929737456801586,False,False,False
6411,77.0999984741211,2026-09-11,-0.038653349028450745,-0.03140703577793136,-0.1760550524465676,-0.007146317555754678,,22.1,-0.22169363872297687,0.204305818760213,0.6967394418887103,False,False,False
6412,73.69999694824219,2026-09-11,-0.04780367577124156,-0.07412062360525129,-0.217622087729617,-0.04577341103591015,,14.5,-0.26326067400602626,0.5287015561532717,0.7237718831281461,False,False,False
6414,370.0,2026-09-11,-0.06329113924050633,-0.17960088691796006,0.006211890455811053,0.3908327162579248,,81.3,-0.03942669582059821,0.4293387045979765,0.73558648111332,False,False,False
6415,401.0,2026-09-11,-0.06417736289381559,-0.1376344086021506,-0.2504672897196262,0.4447077444769756,,49.8,-0.29610587599603544,0.6754298378201422,0.5958395245170877,False,False,False
6416,115.5,2026-09-11,0.14925373134328357,0.18098155824059625,0.3971774623371698,0.4500620491189944,,93.5,0.3515388760607605,1.9859272721771883,1.0,True,True,False
6417,103.0,2026-09-11,-0.04629629629629628,-0.0636363636363636,-0.217731884068888,-0.012065166564339425,,16.0,-0.26337047034529726,0.5248568399384311,0.7181915069395909,False,False,False
6418,34.54999923706055,2026-09-11,0.039097721415354725,0.12357721096131868,0.05819288276834156,0.14085449634279623,,75.1,0.012554296491932293,0.9132883501204565,0.4625289774021969,False,False,False
6419,151.5,2026-09-11,-0.025723472668810254,-0.09552238805970148,0.04844290657439454,0.8890275033024244,,91.5,0.0028043202979852744,0.7154967403135085,0.7789203084832905,False,False,False
6423,81.5,2026-09-11,-0.04566746435826563,-0.003667518833318284,-0.021608679301480915,-0.06977654681112933,,43.8,-0.06724726557789018,0.44559651585222193,0.649402390438247,False,False,False
6425,61.20000076293945,2026-09-11,-0.025477683018455766,0.04436864089623782,-0.21171118361741093,-0.06709277567353578,,13.8,-0.2573497698938202,1.0199568059931914,0.6052520147196181,False,False,False
6426,302.0,2026-09-11,0.12059369202226344,0.4007420753736035,0.44765693761086345,1.1307064211630298,,96.2,0.4020183513344542,3.2771436116528916,0.937888198757764,False,False,False
6432,53.59999847412109,2026-09-11,-0.11986868421761454,-0.30308261388547686,-0.2664026863466047,0.6275315873975429,,64.8,-0.31204127262301395,0.22301153293919634,0.6255414921052471,False,False,False
6434,14.899999618530272,2026-09-11,0.031141855723527456,-0.04487184268091071,-0.16526614565240472,1.564543849444862,,93.4,-0.21090473192881398,0.37543292405101275,0.40821916763096633,False,False,False
6435,233.5,2026-09-11,-0.05081300813008127,-0.15551537070524413,-0.15621840159040112,0.4263926889649272,,66.7,-0.2018569878668104,0.2331408130319386,0.5705570862225356,False,False,False
6438,148.0,2026-09-11,-0.054313099041533586,0.003389830508474523,-0.013068388618730165,0.013605513978013795,,54.8,-0.05870697489513943,0.5753421885946531,0.8108843942344968,False,False,False
6441,25.049999237060547,2026-09-11,0.19285710652669263,0.11333329942491321,0.10840702717862039,0.25249996185302725,,83.9,0.06276844090221112,6.188321089866532,0.7803738451033189,False,False,False
6442,1670.0,2026-09-11,-0.04843304843304841,0.06709265175718859,-0.12269712355591678,-0.003300828715133486,,30.8,-0.16833570983232604,1.0303767310545133,0.7107263855321164,False,False,False
6443,23.200000762939453,2026-09-11,-0.0701402784163212,-0.16245486917172458,-0.4368931957931297,-0.5415019473803959,,0.2,-0.48253178206953895,0.44983031624097675,0.44359466733031216,False,False,False
6449,217.0,2026-09-11,-0.08631578947368423,-0.125,-0.5266771058795525,0.36541119952501133,,6.2,-0.5723156921559618,1.1733999310902656,0.4733228941204475,False,False,False
6451,409.5,2026-09-11,-0.08797327394209353,-0.06077981651376152,-0.21812247951711616,0.9011778280816736,,83.6,-0.26376106579352543,0.7063065640984324,0.5658892955988784,False,False,False
6456,63.400001525878906,2026-09-11,-0.07848839078999048,-0.057949499985602726,-0.1374149452261373,0.0063492305695065365,,28.9,-0.18305353150254655,0.6087710622716335,0.695938557495026,False,False,False
6462,96.1999969482422,2026-09-11,-0.05221677883505216,-0.047524782690671286,-0.14867259337838756,-0.047524782690671286,,23.1,-0.19431117965479683,0.4241046154845033,0.6146964661229534,False,False,False
6464,76.5,2026-09-11,-0.014175238347304053,-0.00520158020730721,0.03831887537325396,0.07554948767972824,,69.5,-0.007319710903155308,0.2373528883260458,0.9610552948046985,False,False,False
6465,41.70000076293945,2026-09-11,-0.09347824428392493,-0.125786161510121,-0.37489899883470534,0.29071792004103325,,15.7,-0.4205375851111146,0.5777981118594303,0.5856741931218433,False,False,False
6470,43.25,2026-09-11,0.03468901410059977,0.029761904761904656,-0.06332900428608723,-0.12577377585344363,,30.4,-0.1089675905624965,1.254408315010014,0.8546904657963712,False,False,False
6473,6.389999866485596,2026-09-11,0.007886390014879785,-0.012364749041774648,-0.1828644851387483,-0.1828644851387483,,10.7,-0.22850307141515758,0.5316315669971989,0.375882345087388,False,False,False
6474,35.150001525878906,2026-09-11,-0.03830363174842666,-0.041645293304927056,-0.016491636664827225,0.06756887020105284,,59.6,-0.06213022294123649,0.4355431254261496,0.797269524051216,False,False,False
6477,33.70000076293945,2026-09-11,-0.03160915224818861,-0.03160915224818861,0.014883808666910081,-0.1392757847428775,,44.2,-0.030754777609499184,0.14113641832652318,0.7614469767438653,False,False,False
6485,59.70000076293945,2026-09-11,-0.037096761888073315,-0.11028312786080985,-0.3143465112016086,-0.2967040083205549,,1.8,-0.3599850974780179,0.3348145374045163,0.48298640706250334,False,False,False
6486,80.5,2026-09-11,-0.020681228848616673,0.08490570499824068,0.05507515812184094,0.011935439351896227,,67.3,0.009436571845431674,1.0161974707906276,0.9560570417773699,False,False,False
6488,902.0,2026-09-11,-0.0805300713557594,-0.12,-0.046855391221355736,1.0936123745871988,,91.7,-0.092493977497765,0.7751820995667273,0.5976814355580135,False,False,False
6494,49.84999847412109,2026-09-11,-0.10982145581926628,-0.0751392010594526,-0.2046344172167217,0.10207513881486174,,25.6,-0.250273003493131,0.4435467208468747,0.7203757322620427,False,False,False
6498,65.5,2026-09-11,-0.1312997523280024,-0.12080536912751683,-0.32259207860606287,-0.2300459108888231,,2.4,-0.36823066488247214,1.5547788587108644,0.6111725076250484,False,False,False
6504,36.70000076293945,2026-09-11,0.01602651872740446,-0.014520750594907428,0.0485280237852872,-0.029740472039000432,,62.3,0.0028894375088779345,0.9775565710735163,0.7584422925242387,False,False,False
6505,83.5999984741211,2026-09-11,0.07042253658714803,0.1977076621634295,0.6041275734201546,0.47668387637739795,,95.6,0.5584889871437453,1.02470435836883,0.8969957211538067,False,False,False
6506,18.100000381469727,2026-09-11,-0.005494526224051444,0.05232555689587448,0.023541663296068105,0.18149565396677203,,73.6,-0.02209692298034116,0.5896938100484866,0.9246487701669833,False,False,False
6508,25.100000381469727,2026-09-11,-0.02524270363224368,-0.04743832948401194,0.08671584552344691,-0.0892470961665911,,63.8,0.041077259247037645,0.5039324271661481,0.8734524819825434,False,False,False
6509,45.04999923706055,2026-09-11,-0.03739316300275042,-0.08061226046815206,-0.0058188151286162615,0.16153093360453052,,69.3,-0.05145740140502553,0.29474105039143517,0.8100415604950384,False,False,False
6510,3480.0,2026-09-11,0.0388059701492538,0.23404255319148937,-0.026768030430978085,-0.09240753563668491,,40.2,-0.07240661670738735,2.2921542561698502,0.8330402455415298,False,False,False
6512,20.350000381469727,2026-09-11,0.007425723409153262,0.017500019073486417,0.03826530537770134,0.030379766150365972,,66.1,-0.0073732808987079235,1.250504056884326,0.8905908114545423,False,False,False
6515,6890.0,2026-09-11,-0.02614840989399292,0.021497405485544796,-0.30066001242194407,0.10436741329103705,,13.4,-0.34629859869835333,1.6526556964639125,0.6429781483338238,False,False,False
6516,56.79999923706055,2026-09-11,-0.008726003606586596,-0.04377108117893924,0.001763641495159396,-0.046884443681428634,,51.3,-0.04387494478124987,0.5158070717314273,0.8793625949861532,False,False,False
6517,63.20000076293945,2026-09-11,-0.08670515101020027,-0.007849293469567753,-0.07258635400256985,0.11257715429139115,,52.7,-0.11822494027897912,0.26878812698012633,0.7873414137424108,False,False,False
6525,124.5,2026-09-11,-0.09782608695652173,-0.1727574750830565,-0.05323193916349811,0.5340813874816013,,82.1,-0.09887052543990738,0.27722859666627525,0.5633484162895928,False,False,False
6526,624.0,2026-09-11,-0.017322834645669305,0.0,-0.028203960502763636,0.19423340220135477,,68.8,-0.0738425467791729,0.7012438762798175,0.8453206100526981,False,False,False
6530,92.8000030517578,2026-09-11,-0.05498975625559899,0.08158507868324105,-0.025723235463903094,0.15206449865869298,,65.3,-0.07136182174031236,2.117929505053797,0.7093610486580351,False,False,False
6531,988.0,2026-09-11,0.08452250274423712,0.1421965317919076,0.06850666887927415,0.8734080410045029,,91.8,0.02286808260286488,1.172911072113053,0.8359492759895072,False,False,False
6532,93.1999969482422,2026-09-11,-0.04897962297712044,0.07126433273841615,0.03901895338992656,0.36815516983011976,,82.6,-0.006619632886482707,1.389796565526956,0.8460959752519261,False,False,False
6533,232.5,2026-09-11,-0.09641368544437512,-0.06813627254509014,0.12590799031476996,0.2109375,,83.4,0.08026940403836069,0.8460117919037997,0.7142857142857143,False,False,False
6536,16.799999237060547,2026-09-11,0.012048123553905166,0.012048123553905166,-0.18048784209460744,0.19572946683225978,,37.7,-0.2261264283710167,0.8034735019410527,0.3612903061733451,False,False,False
6538,368.0,2026-09-11,0.22666666666666657,1.0732394366197182,2.561081209742233,4.579205418461551,,99.0,2.515442623465824,0.8712956760309739,1.0,True,True,False
6546,59.09999847412109,2026-09-11,-0.054400024414062664,-0.10454547766483202,-0.1842925705052827,-0.216670165500928,,9.1,-0.22993115678169196,0.5981185061269404,0.6797561554557232,False,False,False
6548,70.0,2026-09-11,-0.06914889839451965,-0.06040268456375841,-0.23372062218774603,0.46146977183967897,,55.5,-0.2793592084641553,0.38663215432689874,0.717068844795795,False,False,False
6552,23.299999237060547,2026-09-11,-0.03917528919337954,-0.07355866439483627,-0.21812081095345548,-0.11742425857058825,,10.6,-0.26375939722986474,0.38030377638208546,0.6314362675762945,False,False,False
6555,14.0,2026-09-11,-0.0035587323883337074,-0.09967846763490062,-0.28205128205128205,-0.28205128205128205,,2.8,-0.3276898683276913,0.7096350140960548,0.44657096745284514,False,False,False
6556,61.5,2026-09-11,0.003262655227221245,0.02842810676636076,-0.11272226307706179,-0.047481256092877566,,28.4,-0.15836084935347106,0.5990246799731163,0.8694131134036096,False,False,False
6558,24.0,2026-09-11,-0.030303030303030276,-0.08045978355466499,-0.23199999999999998,-0.20265781741401678,,7.2,-0.27763858627640925,0.5225265520634945,0.441988956486387,False,False,False
6559,16.700000762939453,2026-09-11,-0.05649717270599308,0.006024119227211244,-0.19250136425943698,0.46754098415610335,,63.7,-0.23813995053584625,0.44786914530948635,0.3629402286757936,False,False,False
6560,30.299999237060547,2026-09-11,-0.03503185970806766,-0.04416408492695212,-0.18766756416029462,-0.24438901770495236,,8.2,-0.23330615043670389,0.3439120387893733,0.6345549578441999,False,False,False
6561,315.0,2026-09-11,-0.021739130434782594,-0.032258064516129004,-0.05879005895145739,-0.0906504806718561,,34.0,-0.10442864522786666,0.8945091143476548,0.7477257825917918,False,False,False
6565,17.5,2026-09-11,0.04477611940298498,-0.05149055412765735,-0.17257681722757012,0.06060606060606055,,27.1,-0.2182154035039794,2.849383137067357,0.5208333569859712,False,False,False
6568,132.5,2026-09-11,-0.03284671532846717,-0.03284671532846717,-0.2385057471264368,-0.32493797077762043,,3.6,-0.28414433340284606,0.5211515471311232,0.4878185250729774,False,False,False
6570,47.59999847412109,2026-09-11,-0.07751938213730991,-0.16928448328260504,-0.148479478089376,0.2500310803385426,,50.9,-0.19411806436578527,0.560423272650481,0.7404764213459948,False,False,False
6573,15.899999618530272,2026-09-11,-0.06194696738332717,-0.05637986596037048,0.052980080586108924,0.12367491499492833,,73.8,0.007341494309699659,0.19933162943032492,0.5688729583010608,False,False,False
6577,78.69999694824219,2026-09-11,-0.019925355450912452,-0.010062931468651781,0.05390338066722444,0.09655472921480635,,72.3,0.008264794390815178,0.31746752908259823,0.83368639487434,False,False,False
6578,17.549999237060547,2026-09-11,-0.04098360826601155,-0.03835620618846314,0.038461516757525294,-0.03305787295208307,,60.5,-0.007177069518883972,0.6070207430630353,0.7105262629543332,False,False,False
6579,148.0,2026-09-11,-0.01661129568106312,-0.0573248407643312,-0.09043929199390455,0.3767441860465117,,72.0,-0.1360778782703138,0.32705602890455876,0.8065395095367848,False,False,False
6581,111.5,2026-09-11,0.0182648401826484,0.037209302325581506,0.022935779816513735,0.06422272749251001,,66.3,-0.02270280645989553,1.1130215263938674,0.9867256637168141,True,True,False
6582,31.5,2026-09-11,-0.012539173144626714,-0.001584761910289223,-0.0047393244972570026,-0.001584761910289223,,54.9,-0.05037791077366627,0.3660493208430477,0.8422459549421033,False,False,False
6584,567.0,2026-09-11,-0.10213802755888735,-0.046491617656372,-0.0892087786765473,0.46523679132768936,,76.9,-0.13484736495295657,0.6121997393040548,0.7071360258979216,False,False,False
6585,103.0,2026-09-11,-0.08849557522123896,-0.14166666666666672,-0.2178609561847622,0.2648145979465666,,37.1,-0.26349954246117147,0.5498751605779368,0.7067834355589904,False,False,False
6588,107.5,2026-09-11,-0.009216589861751112,0.14727858592546816,-0.0401785714285714,0.29518072289156616,,72.9,-0.08581715770498066,1.7389002212110785,0.6739811912225705,False,False,False
6590,59.09999847412109,2026-09-11,0.029805014705223343,0.040844278705867376,0.020527525050918483,-0.02994175596915072,,57.6,-0.025111061225490783,1.8240930520556962,0.9101318314770634,False,False,False
6591,41.900001525878906,2026-09-11,-0.01873534479547101,-0.08714596660186946,-0.17485335095435695,-0.29695444306032215,,7.6,-0.2204919372307662,0.5769509193250933,0.5347810616869345,False,False,False
6592,59.79999923706055,2026-09-11,-0.019672143654745122,-0.0307941896658801,-0.002793552672542221,0.033845043249305595,,59.0,-0.048432138948951486,0.47422058588553045,0.9245528223016408,False,False,False
6593,31.75,2026-09-11,0.006339168550740348,-0.01244172649749109,-0.09415119283572626,-0.16993464052287577,,22.2,-0.13978977911213553,0.758883266674422,0.6117533538832074,False,False,False
6597,72.5,2026-09-10,-0.006849315068493178,0.06774666230851101,0.043165467625899234,0.26738521510173396,,79.6,-0.002473118650510031,0.5085518984691092,0.9282970731942244,False,False,False
6599,38.29999923706055,2026-09-10,-0.007772001267349005,0.003931787816047416,-0.13932585984133605,-0.3314752241829543,,8.5,-0.18496444611774532,0.44031149271186926,0.617099799383399,False,False,False
6603,24.350000381469727,2026-09-11,-0.01597982877862969,-0.1421800339622824,0.10978057463493651,0.09991584184262936,,78.4,0.06414198835852725,0.33883864889190235,0.7204689522126587,False,False,False
6606,25.700000762939453,2026-09-11,0.011811068854911122,-0.05514705727669611,0.015888915863583097,0.09037365980285372,,67.3,-0.029749670412826168,0.7301481307249098,0.9448529427233039,False,False,False
6609,39.09999847412109,2026-09-11,-0.02005020103167021,-0.011378022038437519,-0.050970928396374626,0.12356319917620051,,58.4,-0.09660951467278389,0.28348010401560103,0.7914979203722896,False,False,False
6613,260.0,2026-09-11,0.005802707930367523,-0.038817005545286554,-0.22510774317432525,0.4005308737421669,,50.6,-0.2707463294507345,0.5162859794976776,0.6805143220097462,False,False,False
6614,35.70000076293945,2026-09-11,0.009901055273724868,-0.008333312140570759,-0.08034407569162083,-0.1297648501674301,,26.7,-0.1259826619680301,0.40160588510450707,0.5102200579800663,False,False,False
6616,8.399999618530273,2026-09-11,0.014492740269210325,-0.031141921036647258,-0.12133899060361497,-0.1923076993614965,,17.2,-0.16697757688002424,0.5669026175529691,0.7741934860091148,False,False,False
6618,16.25,2026-09-11,-0.060693600194571595,-0.14921467667794996,-0.10714289457120396,-0.20343135765358733,,18.1,-0.15278148084761323,0.7826441910404504,0.5142405001212916,False,False,False
6624,39.34999847412109,2026-09-11,-0.03198039367674321,-0.019274773961076797,-0.09229552999348678,-0.3483338628393481,,11.5,-0.13793411626989605,0.3245203651022637,0.5465007129422352,False,False,False
6625,73.30000305175781,2026-09-11,-0.026560423890358842,-0.054193509009576646,-0.05541231323345053,-0.00019720124090050195,,44.2,-0.10105089950985979,0.6238248419546197,0.8637676614666013,False,False,False
6629,103.0,2026-09-11,-0.04629629629629628,-0.0803571428571429,-0.0782659836213595,-0.000736989274833455,,38.6,-0.12390456989776877,1.652994687144173,0.7011057915266445,False,False,False
6638,45.0,2026-09-11,-0.01746723254120064,-0.1089108910891089,-0.16666666666666663,0.21951214469301195,,43.7,-0.2123052529430759,2.3697256871265506,0.6726457245683719,False,False,False
6639,3.569999933242798,2026-09-11,-0.1774193991412537,-0.26391752506369215,-0.4607250762903451,-0.5277777830339193,,0.2,-0.5063636625667544,2.595217886382577,0.3305555435365122,False,False,False
6640,1170.0,2026-09-11,-0.06399999999999995,0.1758793969849246,0.06363636363636371,0.2238952398263958,,79.3,0.017997777359954448,1.7293950062792347,0.6738378075805488,False,False,False
6641,16.899999618530273,2026-09-11,-0.020289877186650762,-0.0505617784890926,-0.06441757889944122,-0.09150018122898373,,33.1,-0.11005616517585048,0.38628665849969296,0.6346138392099346,False,False,False
6642,76.5999984741211,2026-09-11,-0.08043222487607504,-0.1164936427869836,-0.11342595924402243,0.43186296429746207,,72.3,-0.1590645455204317,0.487308780835542,0.8335146594371997,False,False,False
6643,406.0,2026-09-11,-0.0036809815950920033,-0.09273743016759772,-0.17415499889256714,-0.1309677992924706,,14.6,-0.2197935851689764,0.9985993434299354,0.5841342903017205,False,False,False
6648,14.850000381469728,2026-09-11,-0.048076921901289094,-0.048076921901289094,-0.09999997688062257,-0.17955800726541737,,20.8,-0.14563856315703183,0.5963453923907429,0.502538096950114,False,False,False
6651,136.5,2026-09-11,-0.09602649006622521,-0.03873239436619713,0.011111111111111072,0.487323730097299,,84.9,-0.034527475165298194,0.4449748502077787,0.8076923076923077,False,False,False
6654,201.0,2026-09-11,-0.08428246013667429,0.11049723756906071,0.06631299734748008,1.1474359324436665,,93.8,0.02067441107107082,0.8969004522456522,0.8835164835164835,False,False,False
6655,122.5,2026-09-11,0.042553191489361764,0.047008547008547064,0.044873956131135984,-0.011824634125146227,,63.1,-0.0007646301452732818,2.4597323643478566,0.9072926544776792,True,True,False
6658,167.5,2026-09-11,-0.0589887640449438,-0.03735632183908044,-0.08967391304347827,1.4325544017264336,,93.6,-0.13531249931988754,0.2424239330415998,0.6517509727626459,False,False,False
6664,336.0,2026-09-11,-0.05485232067510548,-0.06276150627615062,-0.06762800772281796,0.26304877997017573,,68.1,-0.11326659399922723,0.7108144651313317,0.7196746692485073,False,False,False
6667,247.0,2026-09-11,0.03131524008350728,0.09534368070953447,-0.07497561919473683,0.04323241994221272,,44.9,-0.1206142054711461,1.8251873339715066,0.8746829641475665,False,False,False
6668,39.29999923706055,2026-09-11,-0.07746477359770898,0.07967026345094697,-0.013801737970396966,0.14577259799462583,,67.1,-0.05944032424680623,0.7858029534975942,0.8326270890215358,False,False,False
6669,2310.0,2026-09-11,-0.09941520467836262,0.1351326838446918,0.4468997490340567,0.7419677499500381,,95.3,0.40126116275764745,0.6932335995967258,0.8833661079621762,False,False,False
6670,275.0,2026-09-11,-0.001814882032667886,0.029962546816479474,0.01830823554751415,0.05520344505563668,,64.5,-0.027330350728895114,0.3221137639880282,0.9565217391304348,False,False,False
6671,23.0,2026-09-11,-0.008620722256998503,0.004366828957883762,-0.06882586778768318,-0.23018995602453074,,21.5,-0.11446445406409245,0.20443333241317302,0.5992704366834319,False,False,False
6672,292.0,2026-09-11,0.01038062283737018,0.10396975425330823,0.23991507430997872,2.060812017972193,,97.1,0.19427648803356945,1.570481838822625,0.926984126984127,False,False,False
6673,16.5,2026-09-11,0.07142859796867373,0.17437720825660663,0.10738257868677392,0.7497348320279225,,91.1,0.061743992410364656,1.6940396897331533,0.4059040438041717,False,False,False
6674,15.800000190734863,2026-09-11,0.00958470133296263,0.049833886411623896,-0.08933718482163877,-0.1294765552169036,,25.4,-0.13497577109804804,1.8011808789418329,0.6666666532535263,False,False,False
6679,194.5,2026-09-11,-0.05582524271844658,-0.08685446009389675,-0.2796296296296297,-0.21013123837745018,,4.3,-0.32526821590603894,1.6111667459877728,0.5738265363404884,False,False,False
6680,53.5,2026-09-11,-0.02193785642051549,0.04492185942945093,0.02419801959374146,-0.06607027974465784,,54.3,-0.021440566682667805,0.4090638983964167,0.7446196445055042,False,False,False
6682,35.20000076293945,2026-09-11,0.027737248552976768,-0.05248992416813414,-0.45201005347425904,-0.08690009183970437,,1.4,-0.4976486397506683,0.9385214249381436,0.4964739069870295,False,False,False
6683,1290.0,2026-09-11,-0.05147058823529416,-0.07526881720430112,-0.1819832073901788,0.14739524272574123,,33.4,-0.22762179366658808,1.3457034976952973,0.5054801872361431,False,False,False
6684,44.650001525878906,2026-09-11,-0.03563710018079025,-0.10610608921137188,-0.11758887604088075,-0.02617223529286461,,29.8,-0.16322746231729002,0.09322869682481562,0.6537335216814425,False,False,False
6689,64.0999984741211,2026-09-11,0.05081964711673925,0.009448794868048616,-0.014187521926916968,-0.0746835650759502,,45.4,-0.059826108203326234,1.4530546846975152,0.7759670547310844,True,False,False
6690,171.0,2026-09-11,0.05230769230769239,0.017857142857142794,0.0019756702074709143,0.07035976156615242,,62.9,-0.04366291606893835,1.8285439415701346,0.9618966674797877,True,True,False
6691,609.0,2026-09-11,-0.016155088852988664,-0.04868091479354941,-0.08512511906015008,0.12064769834307287,,50.6,-0.13076370533655934,0.4669854742559351,0.868958882881411,False,False,False
6692,23.950000762939453,2026-09-11,0.03904562063637096,-0.002083301544189453,-0.04206494173178099,-0.21368195002549006,,26.3,-0.08770352800819026,0.5587066418625041,0.6867699236434806,False,False,False
6693,169.0,2026-09-11,-0.06887052341597799,-0.08648648648648649,-0.08674816538823649,0.7321902887819494,,86.0,-0.13238675166464575,1.2863024735216921,0.612687917933467,False,False,False
6695,46.5,2026-09-11,-0.06060606060606055,-0.09708737864077666,-0.15913199563234404,0.16395492145113555,,38.8,-0.2047705819087533,0.25837352316727097,0.6748911316429297,False,False,False
6697,40.54999923706055,2026-09-11,-0.0012315083482677958,-0.01934701974804709,-0.032219623858117274,-0.043697172512082494,,44.5,-0.07785821013452654,0.3209279216144031,0.7867207728410294,False,False,False
6698,31.100000381469727,2026-09-11,-0.01269840058826266,-0.02116606255035136,-0.18099889727344154,0.044464115484134537,,24.8,-0.2266374835498508,0.2948842847238225,0.659488864245501,False,False,False
6705,99.9000015258789,2026-09-11,-0.030097072564282512,-0.16749998728434246,0.057966437154056694,0.7097020003005734,,89.8,0.012327850877647428,0.4980627332705796,0.6990522447884835,False,False,False
6706,137.5,2026-09-11,0.08267716535433078,0.12244897959183665,-0.15902140672782872,0.07843137254901955,,31.3,-0.20465999300423798,1.132905410480636,0.6351039260969977,True,False,False
6708,37.09999847412109,2026-09-11,-0.0425806845388107,-0.02110825909100722,-0.055979664265866536,-0.03886010516310401,,39.2,-0.1016182505422758,0.8658388218905886,0.7665288699274969,False,False,False
6715,321.5,2026-09-11,0.004687499999999956,-0.17669654289372594,-0.1783669823526416,0.05869436519663185,,26.2,-0.22400556862905086,1.2778273375314584,0.5674899604342802,False,False,False
6716,115.0,2026-09-11,-0.017094017094017144,-0.021276595744680882,0.2067155961951339,0.557197724279364,,91.3,0.16107700991872465,1.3834319030440174,0.8363636363636363,False,False,False
6719,180.0,2026-09-11,-0.05759162303664922,-0.13461538461538458,-0.23543199445613527,0.059819031314868765,,18.5,-0.28107058073254454,0.22540906066703112,0.5884115181506793,False,False,False
6720,131.0,2026-09-10,-0.0038022813688213253,-0.054151624548736454,-0.12080536912751683,-0.1797238571863029,,18.0,-0.1664439554039261,0.7741410703809233,0.7469553742587296,False,False,False
6721,49.70000076293945,2026-09-11,-0.009960159211175323,-0.046065216534963094,-0.11055515220032275,-0.12822628800598257,,22.8,-0.156193738476732,0.8234765866833573,0.8371245525497764,False,False,False
6723,33.29999923706055,2026-09-11,-0.08137933139143316,0.10631225299122637,-0.06162367125356305,-0.11285022359654717,,31.7,-0.10726225752997232,0.321457373706864,0.6500388412094509,False,False,False
6725,213.0,2026-09-11,-0.053333333333333344,-0.1306122448979592,-0.2724652763879438,-0.02018813509069839,,10.1,-0.3181038626643531,0.5089489591425084,0.5354228650543494,False,False,False
6727,507.0,2026-09-11,-0.06284658040665436,0.29007633587786263,0.2500590478321676,0.963694285735224,,94.6,0.20442046155575833,0.9988773507720698,0.7765518345148608,False,False,False
6728,107.5,2026-09-11,0.004672897196261738,0.023809523809523725,0.03894525773440649,-0.11063050489195392,,52.6,-0.006693328542002774,0.6485898318395462,0.7854569520062202,False,False,False
6729,49.70000076293945,2026-09-11,0.03974898653148484,0.2421258091515437,-0.020631557393099964,-0.12042903243228642,,38.1,-0.06627014366950923,1.1341669808673072,0.6928865062345951,False,False,False
6732,144.5,2026-09-11,-0.03344481605351168,-0.07667731629392971,-0.07961783439490444,-0.10254537238964478,,29.8,-0.1252564206713137,0.20811423209175062,0.5808088260818953,False,False,False
6735,60.59999847412109,2026-09-11,-0.042654041002873844,-0.07762555115700887,-0.33215096401342237,0.09949287160415965,,10.2,-0.37778955028983163,0.33137922845168755,0.42235690180547114,False,False,False
6737,27.0,2026-09-11,0.1344538178789738,-0.09395970834718503,-0.11037892386700199,-0.2822726135617739,,13.1,-0.15601751014341125,1.3449387116114848,0.47450863477924443,False,False,False
6738,78.5999984741211,2026-09-11,-0.016270375806397896,0.007692288129757641,0.18731120993213524,0.07230552799050916,,82.7,0.14167262365572597,0.2968812582173568,0.9469879334231457,False,False,False
6739,1270.0,2026-09-11,0.11894273127753308,0.2153110047846889,0.09956709956709964,0.12243549375999763,,78.5,0.05392851329069037,2.4104731973448987,0.7515722832003168,False,False,False
6741,58.400001525878906,2026-09-11,-0.026666641235351562,0.046595023734185226,-0.042622925805263834,0.008044358874408797,,47.7,-0.0882615120816731,0.47857852791061306,0.7354672624755328,False,False,False
6742,45.20000076293945,2026-09-11,0.005561735167001869,0.029612737855924776,-0.22068964201828534,0.062279707952868524,,20.9,-0.2663282282946946,0.3257359987189711,0.6375176275058498,False,False,False
6743,29.299999237060547,2026-09-11,0.024475484134760972,0.09124762833454803,0.12525186362786322,0.40474203511151385,,87.7,0.07961327735145396,0.7741790493806904,0.9304657611179712,False,False,False
6750,58.59999847412109,2026-09-11,-0.02006690264630928,0.015597880403490416,-0.05024308958591317,-0.0631748035529699,,37.8,-0.09588167586232244,1.576610614442806,0.8334339568592004,False,False,False
6751,41.0,2026-09-11,-0.001218008233612955,-0.017964071856287456,-0.1000997283948114,-0.16866356524150405,,21.4,-0.14573831467122067,0.5937877620291272,0.6270856999495317,False,False,False
6752,95.0,2026-09-11,-0.013499512051511453,-0.031188099052564144,-0.026368153290967866,-0.1343616940812159,,35.5,-0.07200673956737713,0.36324437120161274,0.7188161848173357,False,False,False
6753,134.0,2026-09-11,-0.025454545454545507,-0.061213786600915365,0.11263550777143716,-0.0023231499409300804,,73.5,0.0669969214950279,0.24506522132800296,0.7327112310646418,False,False,False
6754,42.04999923706055,2026-09-11,0.0011904580252510844,0.0023837538093547384,0.00973732908766567,0.010859224678300361,,59.3,-0.035901257188743596,0.6058856636987022,0.9115964804584268,False,False,False
6755,10.75,2026-09-11,-0.03153156481453967,-0.24561403508771928,-0.3695014380626259,-0.3484848484848485,,0.7,-0.4151400243390352,0.9930485625207626,0.41346153846153844,False,False,False
6756,96.0,2026-09-11,-0.054187192118226646,-0.03903905371681715,-0.04950495049504955,0.2410246992567706,,69.1,-0.09514353677145881,0.6790440868593879,0.8533333333333334,False,False,False
6757,54.20000076293945,2026-09-11,-0.03041146183426202,-0.003676484509735012,-0.031258904117901665,0.06927078410253285,,57.2,-0.07689749039431093,0.28984321264060003,0.6940766144400439,False,False,False
6761,162.0,2026-09-11,-0.11475409836065575,-0.09999999999999998,-0.18181818181818177,-0.004098391795599565,,21.6,-0.22745676809459103,0.6722265214946317,0.7043478260869566,False,False,False
6763,40.54999923706055,2026-09-11,-0.016969715465198876,-0.053675596708588125,-0.11015260593681464,-0.14938433236969684,,21.3,-0.1557911922132239,0.5331086528408738,0.6355489246037945,False,False,False
6768,61.5,2026-09-11,-0.040561599625790645,-0.06818181818181823,-0.25657290049829706,-0.29805162958669584,,3.4,-0.30221148677470633,0.6283352184380316,0.52972944981641,False,False,False
6770,70.69999694824219,2026-09-11,0.03211674376995899,-0.05297202039666726,-0.03230020572049164,0.10314765502301881,,60.1,-0.0779387919969009,0.7975334170143991,0.7996888158822989,False,False,False
6771,41.75,2026-09-11,-0.0011961540184961539,0.006024096385542244,0.07613675146779508,0.02373142375447168,,70.8,0.030498165191385818,0.6564047304956244,0.8479876576459587,False,False,False
6775,40.150001525878906,2026-09-11,0.026854299046911168,0.2468944277817997,-0.00248443413965449,0.9302886057005884,,90.8,-0.048123020416063755,1.5747877116724711,0.5553250322428963,False,False,False
6776,51.59999847412109,2026-09-11,-0.02824858838237143,-0.05321103717209019,-0.08529717159278771,-0.03843076593888861,,33.8,-0.13093575786919698,0.5299423523716636,0.7404737015435469,False,False,False
6781,1005.0,2026-09-11,-0.09865470852017932,-0.10666666666666669,-0.1267081276363694,0.016668103238559828,,31.6,-0.17234671391277867,0.4013498000801331,0.6811676459929806,False,False,False
6784,17.600000381469727,2026-09-11,-0.02762430881006428,-0.0856040043098395,-0.2820706591115323,-0.02580704147241253,,8.8,-0.32770924538794155,0.3034137809708318,0.4370767884091251,False,False,False
6786,51.400001525878906,2026-09-11,-0.015325655658390835,-0.12733446189648612,-0.3739341963315529,-0.34688686761090204,,0.7,-0.41957278260796216,1.0104137890943472,0.3724637791730355,False,False,False
6787,26.549999237060547,2026-09-11,-0.08762890415743663,-0.13890585767626595,-0.21099560079835433,0.12499994948758997,,26.4,-0.2566341870747636,0.8159160457626984,0.5347431706164597,False,False,False
6788,326.5,2026-09-11,-0.07375886524822695,-0.1017881705639615,-0.27282850779510026,0.0012738250248640615,,11.0,-0.3184670940715095,0.788551147987235,0.6470947861301855,False,False,False
6789,446.0,2026-09-11,-0.047008547008547064,-0.011086474501108667,-0.08187184577612538,0.2981348446367089,,68.7,-0.12751043205253465,0.6010509383998363,0.7340517277317978,False,False,False
6791,98.5,2026-09-11,-0.014014029074025935,-0.03431372549019607,-0.0574162679425837,-0.006129306732691742,,43.1,-0.10305485421899296,0.264285074276131,0.7060931899641577,False,False,False
6792,57.59999847412109,2026-09-11,-0.04159733882649752,-0.031932798754267466,-0.143526996877002,0.04880379571340199,,31.5,-0.18916558315341125,1.0323188721705252,0.8211787910798938,False,False,False
6793,6.420000076293945,2026-09-11,0.15260320977315822,0.13628318016451968,0.27888448220851214,0.019047600305720724,,86.4,0.23324589593210288,1.6330924611442335,0.7829268567835844,False,False,False
6799,78.69999694824219,2026-09-11,-0.02357322037033238,-0.057929309852449484,-0.10174659894926807,0.05614953113334398,,39.7,-0.14738518522567734,0.24563097899394676,0.7274644071664584,False,False,False
6803,270.0,2026-09-11,-0.001848428835489857,0.005586592178770999,-0.010448863471770542,-0.03552191653739534,,49.8,-0.05608744974817981,0.7864601990921183,0.9224087410805912,False,False,False
6804,17.799999237060547,2026-09-11,-0.021978104896205664,-0.05820107955934817,0.1231370485622465,0.10290036591093288,,79.2,0.07749846228583723,0.5662148465375754,0.8746928208054897,False,False,False
6805,2150.0,2026-09-11,-0.022727272727272707,0.18307916288658732,0.2478587498258873,0.23363815671507981,,88.9,0.20222016354947803,0.6525869070973404,0.9168443496801706,False,False,False
6807,33.45000076293945,2026-09-11,0.021374069097387816,-0.11973682202790914,0.0014969830771356385,-0.18817459299793038,,35.6,-0.04414160319927363,0.7129740206347032,0.7071257414818395,False,False,False
6811,225.5,2026-09-11,0.015765765765765716,-0.05052631578947364,0.026197236752556252,0.21301779130539544,,75.5,-0.019441349523853013,0.9441029330435564,0.9166666666666666,False,False,False
6812,62.09999847412109,2026-09-11,0.04898644719270173,0.10892854418073372,-0.08944279687798906,0.3769401457907986,,72.1,-0.13508138315439833,0.5544686092606543,0.597115369943472,True,False,False
6818,41.59999847412109,2026-09-11,-0.045871561238404746,-0.09859161216292434,-0.28151990711904196,-0.2484509089174899,,3.4,-0.3271584933954512,0.38466079096003414,0.42026924202246135,False,False,False
6819,66.30000305175781,2026-09-11,0.2898832895632706,0.506818251176314,0.8016305550623055,2.1875002636359384,,98.3,0.7559919687858963,6.506138632376997,0.9417613865730678,False,False,False
6820,309.0,2026-09-11,-0.06079027355623101,0.023178807947019875,-0.006430868167202619,1.4259757572824352,,94.4,-0.052069454443611884,2.32541704830077,0.7338361000578064,False,False,False
6821,39.59999847412109,2026-09-11,-0.06603780544792748,-0.07906980292741661,-0.41158994534270277,0.09902044286251921,,5.4,-0.45722853161911203,0.2624687886749448,0.5499999788072373,False,False,False
6823,59.5,2026-09-11,-0.013266985857088742,-0.05254775919030741,-0.08882086953595758,-0.1376811594202898,,25.0,-0.13445945581236685,0.45125406145590646,0.5639810426540285,False,False,False
6825,34.45000076293945,2026-09-11,-0.032303307878443155,-0.05196699144111738,-0.11283095470918092,0.12456319928273896,,45.5,-0.15846954098559018,1.247589036826705,0.8691986521486794,False,False,False
6826,427.5,2026-09-11,-0.03498871331828446,-0.11122661122661126,-0.22286655168224356,-0.15710914778027762,,8.7,-0.26850513795865283,0.7275556495768175,0.6902413591964923,False,False,False
6829,228.0,2026-09-11,-0.06365503080082136,0.027027027027026973,0.1623693490378848,1.1672213851386117,,94.7,0.11673076276147554,1.0548893527508088,0.8341463104193595,False,False,False
6830,551.0,2026-09-11,-0.07705192629815749,0.31034482758620685,0.07198443579766534,0.5789230297270269,,88.8,0.02634584952125607,0.8562261008919193,0.5651282051282052,False,False,False
6831,567.0,2026-09-11,-0.06280991735537189,-0.16371681415929207,-0.24096385542168675,0.7934391795885587,,77.9,-0.286602441698096,0.8135026803154417,0.5930962343096234,False,False,False
6832,64.0,2026-09-11,-0.05882352941176472,-0.0579063700028043,-0.22514193386232562,0.07336894421573104,,21.0,-0.2707805201387349,0.6368956947005532,0.4693584522991694,False,False,False
6833,21.75,2026-09-11,-0.04814005965451862,-0.009111651753431205,-0.07583736572984745,0.002304112225928412,,39.5,-0.12147595200625672,0.5466666857951994,0.6926751676507836,False,False,False
6834,108.0,2026-09-11,0.14893617021276606,0.0046511627906977715,0.1881187919370142,2.8314176618536355,,97.9,0.14248020566060493,1.8957465926480153,0.8181818181818182,True,False,False
6835,30.149999618530277,2026-09-11,-0.02741936714418458,-0.039808917681079525,-0.1565485969674283,-0.20002551653782374,,12.6,-0.20218718324383755,0.49866974945261017,0.7479279166915862,False,False,False
6839,11.850000381469728,2026-09-11,0.053333367241753526,-0.016597494282109104,-0.09885926043896265,-0.09885926043896265,,26.4,-0.1444978467153719,0.9155809116448115,0.6528925967233326,False,False,False
6840,89.0,2026-09-11,-0.040948307400791806,0.17724870100977452,0.35313516193323724,0.5090056285299585,,93.3,0.307496575656828,1.8998013415367845,0.904471530689898,False,False,False
6854,89.0999984741211,2026-09-11,-0.03987073767199212,-0.05212767580722244,-0.3224334716796875,-0.3790940872883547,,1.3,-0.36807205795609677,0.6164739721220932,0.46771652742320785,False,False,False
6855,115.0,2026-09-11,-0.0456431535269709,-0.029535864978902926,-0.02783671081726824,0.048245592989089925,,55.4,-0.0734752970936775,0.8286936708726456,0.9063777792743821,False,False,False
6858,21.5,2026-09-11,0.0,-0.08119656621813287,-0.10416666666666663,0.009389707516583634,,34.8,-0.1498052529430759,0.20313434949230116,0.6515151515151515,False,False,False
6859,117.0,2026-09-11,0.017391304347825987,0.13043478260869557,-0.052570240691783066,0.011935627232622092,,46.2,-0.09820882696819233,0.7650904083610156,0.8554132242837598,False,False,False
6862,133.0,2026-09-11,-0.050000000000000044,-0.10135135135135132,-0.32425741902617666,-0.296391729275724,,1.7,-0.36989600530258593,0.25175464529709657,0.5986842295052558,False,False,False
6863,91.1999969482422,2026-09-11,-0.12727275647615122,-0.18933336046006932,-0.044765907528109494,0.02855018307157753,,49.4,-0.09040449380451876,0.48418243765313934,0.6290249385854629,False,False,False
6869,63.5,2026-09-11,-0.015503875968992276,-0.046546524701883696,-0.16974311936672393,-0.36788169593982756,,5.7,-0.2153817056431332,0.5051640226933026,0.5233939606908942,False,False,False
6870,306.5,2026-09-11,0.05689655172413799,0.17208413001912048,0.20976439183104234,0.6531490288684059,,92.2,0.16412580555463308,1.430531390392696,1.0,True,True,False
6873,68.0999984741211,2026-09-11,0.0,0.0016431835320309673,-0.12911317290522328,-0.289286381980016,,10.8,-0.17475175918163255,0.3915819778908606,0.510584879759761,False,False,False
6874,67.9000015258789,2026-09-11,-0.027220651043095567,0.013812901747125794,-0.06986299279617936,-0.0631390806165828,,34.5,-0.11550157907258862,0.7801795622918295,0.8272281826406976,False,False,False
6877,112.0,2026-09-11,0.013574660633484115,-0.12840466926070038,-0.138315693926373,-0.0048690028959677,,27.5,-0.18395428020278226,0.4713373908781175,0.6045688236418655,False,False,False
6878,20.399999618530277,2026-09-11,-0.06422016823515453,-0.24444445857295272,1.0440882318877365,0.8545454198663889,,97.7,0.9984496456113272,0.14038884182908953,0.7022375268259894,False,False,False
6881,215.5,2026-09-11,0.007009345794392496,0.0774999999999999,-0.138,-0.00022893562208525786,,28.1,-0.18363858627640928,0.22452730065633292,0.841625411769305,False,False,False
6882,13.0,2026-09-11,-0.029850718650553554,-0.08771929824561409,-0.3121692982864239,-0.2073170547326496,,3.1,-0.3578078845628332,0.8513803511506319,0.5496828841305446,False,False,False
6884,31.0,2026-09-11,0.05263155167761835,0.0016154841947666476,-0.07340661205102383,-0.07075160422270454,,33.3,-0.1190451983274331,1.4692280055958202,0.47692307692307695,False,False,False
6887,37.34999847412109,2026-09-11,-0.018396866674774137,0.02469129471450393,0.15005536454679214,-0.10880380323207384,,71.6,0.10441677827038287,0.33466887844092114,0.5270452081793147,False,False,False
6890,150.0,2026-09-11,-0.11504424778761058,-0.15492957746478875,-0.31962190789218237,-0.03490980897194984,,6.9,-0.36526049416859163,0.8018633450756448,0.5426544959496878,False,False,False
6894,356.0,2026-09-11,0.008498583569405138,0.05169867060561306,-0.02732240437158473,0.08413020854534237,,59.2,-0.072960990647994,1.4272791450302027,0.8704156479217604,False,False,False
6895,153.0,2026-09-11,-0.022364217252396124,0.2966101694915255,-0.058461538461538454,-0.027957705578735004,,40.6,-0.10410012473794772,0.23633704433361166,0.5066018346176465,False,False,False
6898,80.0,2026-09-11,-0.022004926462152907,0.07671597192629376,-0.21182266009852213,-0.2624424363449902,,6.3,-0.2574612463749314,1.1459586596849327,0.6223998807168197,False,False,False
6899,49.5,2026-09-11,-0.010000000000000009,-0.02173910093463083,-0.1585468579596233,0.01964318183996938,,26.3,-0.20418544423603258,0.3593928803389726,0.7867141681483092,False,False,False
6901,14.75,2026-09-11,-0.013377913833897748,-0.14985592647286616,-0.078125,-0.01006708874970208,,37.6,-0.12376358627640927,0.23846086523307516,0.7007126144703705,False,False,False
6902,121.0,2026-09-11,-0.03200000000000003,-0.0692307692307692,-0.05836575875486383,0.5532733970461219,,82.4,-0.1040043450312731,0.7171204683893081,0.8203389830508474,False,False,False
6903,296.5,2026-09-11,-0.05120000000000002,-0.0748829953198128,-0.2506859789133884,-0.06451386786646607,,9.9,-0.29632456518979766,0.5107292960033081,0.6983813762704452,False,False,False
6904,120.0,2026-09-11,-0.03614457831325302,-0.004149377593360981,0.01973900463570777,-0.0006557612030426707,,60.2,-0.025899581640701497,0.9838081574093053,0.9427775645572257,False,False,False
6906,80.69999694824219,2026-09-11,-0.04270469719088055,0.083221435546875,-0.06617149745339401,0.167615955110604,,59.7,-0.11181008372980328,1.500655803050291,0.6822350482791697,False,False,False
6908,29.950000762939453,2026-09-11,-0.00498337596774967,-0.09924809735520446,-0.1961888858800398,-0.5024642276351665,,2.2,-0.24182747215644906,0.9047648796124159,0.4427285708211724,False,False,False
6909,43.900001525878906,2026-09-11,0.07862409589567632,0.05528853692599589,-0.07869884323011744,0.06010222121670572,,45.9,-0.12433742950652671,0.3858262509009674,0.6697052932228266,True,False,False
6914,120.0,2026-09-11,-0.008264462809917328,0.026017500427435447,0.06201810475428893,0.01568848097401898,,68.8,0.016379518477879662,0.3619423209491942,0.96,False,False,False
6916,18.5,2026-09-11,-0.010695227528323081,-0.008042875152728723,-0.14153129211324145,0.019283767979388244,,29.6,-0.1871698783896507,0.9172242689472789,0.8295964409386481,False,False,False
6920,94.0,2026-09-11,0.034103392982216096,0.17061016721769962,-0.06467661691542292,1.3618090905004356,,93.4,-0.11031520319183219,0.928080652334875,0.7175572519083969,False,False,False
6921,61.0,2026-09-11,-0.04088048013364387,-0.10948905109489049,-0.10948905109489049,-0.16093531553477025,,20.7,-0.15512763737129975,0.4173093067296617,0.5865384615384616,False,False,False
6922,186.0,2026-09-11,-0.1079136690647482,-0.09927360774818406,0.00769796282039148,0.2480965540925124,,75.4,-0.037940623456017786,1.0308558203273142,0.8732394366197183,False,False,False
6923,76.30000305175781,2026-09-11,0.013280211945179365,-0.003916389403906262,-0.018458291175374564,-0.07565769589741056,,44.0,-0.06409687745178383,0.3548017680286237,0.6344685485286129,False,False,False
6924,141.5,2026-09-11,0.15040650406504064,0.23580786026200884,0.34676230991739,0.9715302710514384,,95.4,0.3011237236409807,1.8522167487684729,0.762121289573486,True,True,False
6925,50.20000076293945,2026-09-11,0.004000015258789125,-0.06517690782633079,-0.24624621752137466,-0.2680386286261477,,4.5,-0.2918848037977839,0.3752725800962803,0.37311530347774813,False,False,False
6927,70.0,2026-09-11,-0.02777777777777779,-0.07529718861335499,0.10759492333816678,0.8111254136207486,,91.9,0.061956337061757516,0.6580887161056855,0.8663366009424568,False,False,False
6928,46.04999923706055,2026-09-11,-0.050515479648236106,-0.06592292191268145,-0.0446058400798206,-0.06402442026488109,,38.9,-0.09024442635622987,0.1689741336019913,0.6616379345781597,False,False,False
6933,320.0,2026-09-11,0.009463722397476282,0.620253164556962,1.1102626397281026,1.4434619003699067,,98.2,1.0646240534516933,0.7575161471371782,0.9467455621301775,False,False,False
6937,288.5,2026-09-11,0.019434628975264934,-0.017035775127768327,0.07820847259213437,0.05276985559667313,,72.5,0.032569886315725105,1.1195369710589782,0.8251438961699145,False,False,False
6940,17.25,2026-09-11,-0.12658227848101267,-0.18246446975663766,-0.3222004132463673,-0.24507659903634238,,2.3,-0.36783899952277654,2.466647456307481,0.44805194805194803,False,False,False
6944,690.0,2026-09-11,-0.008620689655172376,-0.08609271523178808,-0.08789224100546011,0.16624478476285742,,55.1,-0.13353082728186938,0.6252548428195865,0.8323281061519904,False,False,False
6947,68.5999984741211,2026-09-11,-0.0171920419078907,-0.08042895606869771,-0.250273240719988,-0.13493069566028892,,7.7,-0.2959118269963973,0.18127819530426006,0.7297872178097988,False,False,False
6951,70.19999694824219,2026-09-11,-0.011267648616307246,-0.026352310209283525,0.004512923480957776,0.04348647547987872,,61.0,-0.04112566279545149,0.8138297963066038,0.9538043261363056,False,False,False
6952,38.79999923706055,2026-09-11,0.015706766024549346,0.010416606648103066,0.07777775658501529,-0.030000019073486373,,67.7,0.032139170308606024,0.5111259225369186,0.7862208801770701,False,False,False
6953,229.5,2026-09-11,-0.037735849056603765,0.00879120879120876,-0.029598308668076112,0.06659140267241548,,57.4,-0.07523689494448538,2.4620822120314605,0.7846153846153846,False,False,False
6957,231.5,2026-09-11,0.0546697038724373,0.06928406466512693,0.25307766940654863,0.4619238470195237,,91.2,0.20743908313013937,0.6341884575407979,0.9534286478098128,True,False,False
6958,17.299999237060547,2026-09-11,-0.0028819102772229543,-0.014245014864278316,0.02942274036595416,0.04122120053724565,,65.2,-0.016215845910455107,0.5831930023384065,0.9061999920271987,False,False,False
6959,115.0,2026-09-11,0.05022831050228316,0.03139013452914807,-0.16967509025270755,0.49739577383217126,,69.6,-0.21531367652911682,0.908684670836215,0.5411764705882353,True,False,False
6962,30.399999618530277,2026-09-11,-0.04851333669472413,-0.09792288040652664,-0.16597130938227356,0.0480960002462032,,27.2,-0.21160989565868282,0.45794409694892496,0.6827987304287717,False,False,False
6965,69.80000305175781,2026-09-11,-0.05420053976413386,-0.07915566963635967,-0.09350645387327516,-0.09900036280968327,,27.0,-0.13914504014968443,1.192074918903367,0.7287497192161311,False,False,False
6968,41.70000076293945,2026-09-11,0.0,0.0035617732686239467,-0.011146555297302685,-0.0747752936660725,,45.9,-0.05678514157371195,1.0676799850709953,0.6873926322867381,False,False,False
6969,33.650001525878906,2026-09-11,0.007485029598166104,0.016616407163517755,0.2626642404332864,0.20178576878138954,,88.8,0.21702565415687713,1.201203642813017,0.8050239746426664,False,False,False
6977,214.0,2026-09-11,0.1536388140161724,0.30590511563393696,-0.06490739754202457,0.29001822160451307,,69.7,-0.11054598381843384,1.491425649340099,0.6505490378675308,True,False,False
6982,44.150001525878906,2026-09-11,-0.06758177510799968,-0.09805922701220215,-0.22812804783053153,-0.13219750370817696,,8.9,-0.2737666341069408,0.681448697110851,0.6277464311121496,False,False,False
6988,11.899999618530272,2026-09-11,0.004219344763796817,-0.048000030517578285,-0.1530249496809537,-0.24444446866474467,,10.7,-0.19866353595736297,1.1329118693305686,0.5666666485014415,False,False,False
6994,29.350000381469727,2026-09-11,-0.16619318905324965,-0.18245127760475277,-0.48598947170249474,-0.6468110599230652,,0.1,-0.531628057978904,1.089897030692194,0.2891625653346771,False,False,False
6997,68.0,2026-09-10,0.0,-0.01449275362318836,-0.07250710612700861,-0.12309764917967403,,29.0,-0.11814569240341788,0.8709102372776798,0.6698559789082716,False,False,False
7402,100.5,2026-09-11,-0.038277511961722466,-0.042857142857142816,0.09858086494481877,-0.1453412834904565,,60.9,0.052942278668409504,0.19567606285846476,0.6225291741079763,False,False,False
7419,51.29999923706055,2026-09-11,-0.026565493465105172,-0.032075486093197214,-0.27234043635375116,-0.31781913139745555,,2.6,-0.3179790226301604,0.8940330470381387,0.23424657185872397,False,False,False
7507,19.0,2026-09-11,-0.015544002534698453,-0.04761908404055015,-0.21325050517096844,-0.19831226209448116,,8.0,-0.2588890914473777,0.6402139169542956,0.4303510610042218,False,False,False
7516,8.479999542236328,2026-09-11,0.03414630969318089,-0.0319635478686795,-0.06298349574424167,-0.08817211093344512,,33.6,-0.10862208202065093,3.743323992284268,0.6473281904809327,False,False,False
7547,48.5,2026-09-11,-0.045275576212658875,-0.08002331131532225,-0.15306201706854639,-0.20288191715854942,,12.7,-0.19870060334495565,0.36385220250028943,0.4867837695657534,False,False,False
7551,12.649999618530272,2026-09-11,-0.03435120227752009,-0.026923106266902197,-0.038022814791220716,-0.06985299531563627,,40.2,-0.08366140106762998,0.8714331334760615,0.671087499338499,False,False,False
7556,243.0,2026-09-11,-0.02213279678068414,0.02748414376321362,-0.07047363606606516,0.4584399176069833,,78.2,-0.11611222234247442,0.45437214138576165,0.811514407532367,False,False,False
7558,17.700000762939453,2026-09-11,0.005681839733084004,-0.08290147862020225,-0.15714282081240705,-0.027878712708708675,,23.3,-0.2027814070888163,0.06529507290889662,0.6698362008725145,False,False,False
7578,24.0,2026-09-11,-0.014373732073371004,-0.07869479067562024,-0.21876870555408245,-0.17639683301651365,,8.4,-0.2644072918304917,0.4587195100463134,0.5559792332814687,False,False,False
7590,15.550000190734863,2026-09-11,-0.05182923460772526,-0.046647640965013504,-0.26631406416121894,-0.14403306201621624,,6.8,-0.3119526504376282,1.1667763641823168,0.4975307696438729,False,False,False
7610,1975.0,2026-09-11,0.08516483516483508,0.09116022099447507,0.3584903252317797,6.384939250964443,,98.9,0.31285173895537044,1.8778099343923542,0.7596153846153846,False,False,False
7702,21.100000381469727,2026-09-11,0.004761922927129847,0.004761922927129847,0.06799840511906585,-0.19194845171888353,,50.0,0.022359818842656587,2.1049636849433635,0.4527138991170045,False,False,False
7704,60.5,2026-09-11,0.015100697129542873,-0.028892443966352044,0.006655599601240514,0.38588271933652596,,81.2,-0.03898298667516875,0.7282775923024781,0.8934774175397197,False,False,False
7711,531.0,2026-09-11,-0.15981012658227844,0.08036622583926745,0.4901747583192493,1.7653116119417644,,97.4,0.44453617204284,2.0702799779692116,0.8045454545454546,False,False,False
7721,59.20000076293945,2026-09-11,-0.027914625949837624,-0.0835912978131863,-0.2699443199897634,0.19927319937172894,,23.5,-0.3155829062661727,0.38962373768874337,0.6537930586465193,False,False,False
7722,261.5,2026-09-11,-0.06607142857142856,-0.09982788296041312,-0.1603210656537145,-0.18155623890544725,,13.2,-0.20595965193012378,0.6410907984306292,0.44486379134383686,False,False,False
7728,616.0,2026-09-11,-0.003236245954692518,0.047407474134311345,-0.1186554823799979,-0.1861870191730841,,17.9,-0.16429406865640717,1.0392110048836534,0.6985908426820427,False,False,False
7730,172.0,2026-09-11,-0.07774798927613946,0.03789065024877836,0.03493383908834091,0.2526266707145941,,78.5,-0.010704747188068353,0.7803115695898604,0.7896994457345887,False,False,False
7740,129.0,2026-09-11,-0.022727272727272707,-0.09790209790209792,-0.10777492206355666,-0.27616052078567177,,13.7,-0.15341350833996592,0.5323633905845478,0.6204338089715813,False,False,False
7742,101.0,2026-09-11,-0.11403508771929827,-0.19199999999999995,-0.30584192439862545,1.2954545454545454,,88.0,-0.3514805106750347,0.7065958644651091,0.36330935251798563,False,False,False
7749,349.5,2026-09-11,-0.05156037991858886,-0.03453038674033149,-0.2827999095704409,-0.08444497172131382,,7.5,-0.32843849584685014,1.545758666851198,0.5909491468855707,False,False,False
7750,1995.0,2026-09-11,-0.17391304347826086,-0.15466101694915257,-0.08064516129032262,0.530724610831337,,80.0,-0.12628374756673189,1.0197427211976655,0.6498371335504886,False,False,False
7765,218.5,2026-09-11,-0.013544018058690765,-0.03532008830022071,-0.09446959030985658,-0.011790715676628594,,34.6,-0.14010817658626584,1.6827609761864772,0.68460284989833,False,False,False
7769,6310.0,2026-09-11,0.05518394648829439,-0.06794682422451992,-0.11308087119423538,0.6177853635947843,,80.9,-0.15871945747064464,1.4891907404665128,0.7736382720485363,False,False,False
7786,115.0,2026-09-11,-0.012875536480686733,-0.08730158730158732,-0.05305953212975978,-0.17061077304485017,,28.0,-0.09869811840616904,0.9127612162958213,0.4325951103224753,False,False,False
7788,286.5,2026-09-11,-0.14477611940298507,0.03992740471869327,0.1289576592415027,0.9139944977942656,,93.1,0.08331907296509344,1.7597418934121876,0.8552238805970149,False,False,False
7795,507.0,2026-09-11,0.003960396039603964,-0.0881294964028777,0.34840425531914887,0.27400620677665777,,91.3,0.3027656690427396,1.717987891570531,0.7612612612612613,False,False,False
7812,77.80000305175781,2026-09-11,-0.006385695791984669,0.05135139259132182,-0.048899753676892366,0.0318302583197585,,48.8,-0.09453833995330163,0.83311961636787,0.6854625819538134,False,False,False
7815,312.0,2026-09-11,0.006451612903225712,0.024630541871921263,-0.19794344473007708,0.36212293980993127,,52.4,-0.24358203100648634,0.9250431113514568,0.5376187391147047,False,False,False
7819,34.45000076293945,2026-09-11,-0.02130681772000531,-0.0922266121116384,-0.21343048703607925,-0.5636023908636427,,1.4,-0.2590690733124885,0.31993272265870576,0.2523115739120289,False,False,False
7823,81.0,2026-09-11,-0.02409638554216864,-0.05041035050313758,-0.02409638554216864,-0.012195121951219523,,49.4,-0.0697349718185779,0.9582234656408464,0.5472972972972973,False,False,False
7828,1975.0,2026-09-11,0.023316062176165886,0.05333333333333323,-0.050480769230769273,0.9884747564597132,,90.5,-0.09611935550717854,1.8230449494147358,0.8494623655913979,False,False,False
7833,21.799999237060547,2026-09-11,-0.08595392501552868,-0.11740896503250908,-0.17110266656049333,-0.33026114445374066,,7.0,-0.2167412528369026,0.3646721727601169,0.33189752301958186,False,False,False
7861,1225.0,2026-09-11,0.0,0.17788461538461542,-0.03470259188010116,0.7657879810389647,,88.3,-0.08034117815651043,1.8666224968321414,0.8728752738716626,False,False,False
8011,15.550000190734863,2026-09-11,-0.009554115946023956,-0.03416150172070087,-0.13091548174210932,-0.20759940485481865,,15.3,-0.17655406801851858,0.4008223145019664,0.6478946368770135,False,False,False
8016,277.5,2026-09-11,-0.054514480408858645,-0.12044374009508718,0.012773722627737127,0.43770800777613794,,83.5,-0.03286486364867214,0.3966765031491631,0.7644628099173554,False,False,False
8021,418.5,2026-09-11,-0.0035714285714285587,-0.02447552447552448,-0.16956537036203823,0.725667000850287,,80.7,-0.2152039566384475,1.3143386274959554,0.7232356197053033,False,False,False
8024,12.800000190734863,2026-09-11,-0.007751893856784542,-0.06909089521928269,0.05349799116151899,-0.015384600712702867,,64.5,0.007859404885109722,0.25837284281443823,0.7335243341604705,False,False,False
8027,167.5,2026-09-11,-0.07713498622589532,-0.11842105263157898,-0.299163179916318,0.536697247706422,,49.2,-0.3448017661927273,0.9544935394701414,0.5716723549488054,False,False,False
8028,225.5,2026-09-11,-0.05648535564853552,-0.15700934579439252,-0.29199372056514916,0.20382140648748925,,20.6,-0.3376323068415584,0.765485829983957,0.6382110566426926,False,False,False
8032,34.650001525878906,2026-09-11,-0.029411742706475286,-0.06477726749265245,-0.20419796483390973,0.02743316185486311,,20.6,-0.249836551110319,0.4517890486767509,0.7442991601971054,False,False,False
8033,172.5,2026-09-11,-0.019886363636363646,-0.05994550408719346,0.33720930232558133,0.21908127208480566,,90.6,0.29157071604917206,0.3552065223861901,0.640074211502783,False,False,False
8034,19.75,2026-09-11,0.015424124693721009,0.0477453368868368,-0.11851071750452113,-0.1710846398116148,,18.8,-0.1641493037809304,1.288059214346281,0.7188697291740704,False,False,False
8038,29.799999237060547,2026-09-11,-0.06583073374865711,-0.06875002384185791,-0.28019328167336577,-0.3085846799982227,,2.5,-0.32583186794977503,0.4395322108489361,0.5094016963600093,False,False,False
8039,272.0,2026-09-11,-0.08571428571428574,0.09018036072144286,0.8711946761129545,1.156259512598135,,97.6,0.8255560898365453,1.0246493510902215,0.7716312056737589,False,False,False
8040,77.19999694824219,2026-09-11,0.02933329264322926,0.04043126850925116,-0.20412374280162693,0.519685002119485,,66.5,-0.2497623290780362,1.6828628469908502,0.6175999755859375,False,False,False
8042,113.0,2026-09-11,0.02262443438914019,-0.030042918454935674,-0.3973333333333333,1.1117249202353885,,78.2,-0.4429719196097426,1.7239374234932683,0.5368171021377672,False,False,False
8043,136.0,2026-09-11,-0.04225352112676062,-0.1111068559164492,-0.3240022868754493,0.9307409805908768,,76.6,-0.36964087315185856,0.3844994890585749,0.6043688245658825,False,False,False
8044,23.100000381469727,2026-09-11,-0.0374999841054281,-0.1249999729069794,-0.20890411719481283,-0.02736840499074833,,16.2,-0.2545427034712221,0.5719237418477937,0.6507042360977388,False,False,False
8045,47.20000076293945,2026-09-11,-0.05976095526705194,-0.09055877889706598,-0.24974278344451895,-0.3682044250210552,,2.5,-0.2953813697209282,0.5805141377438082,0.4572996209126703,False,False,False
8046,1080.0,2026-09-11,0.023696682464454888,-0.11111111111111116,0.25844950735491623,1.1014884759531638,,95.2,0.21281092107850696,0.5195891889890746,0.7632508833922261,False,False,False
8047,47.400001525878906,2026-09-11,0.1023256168809048,0.037199140799972996,-0.0669290898079623,-0.13818179043856538,,28.4,-0.11256767608437157,1.9930575569055036,0.7900000254313151,False,False,False
8048,47.5,2026-09-11,-0.07945733711944503,-0.09351147677846783,-0.24689219587755873,-0.15400890924583943,,7.5,-0.292530782153968,0.643746115786743,0.6906049892802885,False,False,False
8049,24.450000762939453,2026-09-11,0.0,-0.022103450204053243,-0.07467852821326859,0.010429329375329477,,41.3,-0.12031711448967786,0.6104919168709066,0.9187355193807994,False,False,False
8050,56.09999847412109,2026-09-11,-0.00531920290144261,-0.04266211715182977,0.013611401031085046,0.43230420919622015,,83.1,-0.03202718524532422,0.2558112354138149,0.8130434561466824,False,False,False
8054,80.0,2026-09-11,-0.030303030303030276,-0.05660380753557426,-0.20792079207920788,-0.20792079207920788,,8.0,-0.25355937835561715,0.30270726022863237,0.5194805194805194,False,False,False
8059,22.329879760742188,2026-09-10,0.00751872581577806,-0.09459463012776537,-0.26170801260747445,-0.24079328049517723,,4.4,-0.3073465988838837,0.43256727445261417,0.41104291032147,False,False,False
8064,115.0,2026-09-11,0.02678571428571419,0.09004739336492884,-0.169547824352683,1.0613537069830494,,88.7,-0.21518641062909227,2.8460092264399326,0.6715831120457664,False,False,False
8066,14.399999618530272,2026-09-11,-0.020408176505266384,-0.023728839421676473,-0.06493506654355596,-0.2708860952642901,,19.3,-0.11057365281996523,0.30015387245683023,0.6343611953546735,False,False,False
8067,12.25,2026-09-11,0.042553191489361764,-0.06844103761509168,-0.027777807212169492,-0.19141912155451302,,31.0,-0.07341639348857876,0.719655718744338,0.6940510065019517,False,False,False
8068,16.200000762939453,2026-09-11,-0.03857564414331349,-0.08215291144077441,-0.1562499937911831,-0.2686229777906256,,9.4,-0.20188858006759236,0.24034641482056954,0.5605536670163912,False,False,False
8069,146.0,2026-09-11,-0.01683501683501687,-0.14619883040935677,-0.24740480373820894,-0.01052243183252799,,12.9,-0.2930433900146182,0.5538141411902168,0.6060053472460871,False,False,False
8070,49.0,2026-09-11,-0.02970297029702973,0.0010214348576353949,-0.10839366139722328,0.16163567718949956,,50.1,-0.15403224767363255,0.3163530376508644,0.7782781073352619,False,False,False
8071,21.850000381469727,2026-09-11,-0.060215037356140755,-0.13121269531269264,-0.18923934089393568,0.3083831966019501,,48.4,-0.23487792717034495,0.1611687071585025,0.6464497300198737,False,False,False
8072,26.100000381469727,2026-09-11,-0.003816808341898237,-0.011363607628614547,-0.06113706157857135,-0.030796823141799767,,38.9,-0.10677564785498062,0.31290210611709673,0.7582109636729194,False,False,False
8074,50.0,2026-09-11,-0.06191368263221275,-0.11504424778761058,-0.3074791951051832,-0.18254546978564024,,3.7,-0.35311778138159244,0.44292795118371653,0.5458515374771108,False,False,False
8076,21.75,2026-09-11,-0.018058673833820094,-0.0538535140608567,-0.16173186905794823,-0.11193371314557665,,17.0,-0.2073704553343575,0.5967217429573851,0.7840445033791584,False,False,False
8080,29.5,2026-09-11,0.02430558269038685,0.03508771929824572,0.036906826323475306,-0.04530743157973105,,59.1,-0.00873175995293396,0.5874487290531787,0.6178010471204188,True,True,False
8081,247.0,2026-09-11,-0.029469548133595258,-0.08178438661710041,-0.08278852733186604,0.0786254751481037,,46.8,-0.1284271136082753,0.26455371482344037,0.7623456790123457,False,False,False
8084,43.400001525878906,2026-09-11,-0.04720082869798059,-0.16538458604079032,-0.054466229126168386,-0.1302605170588823,,31.4,-0.10010481540257765,1.5478023671198886,0.6546002945429463,False,False,False
8085,14.449999809265137,2026-09-11,-0.04934210588231969,0.26754388533287354,0.12890621827682525,-0.17663815171279917,,63.5,0.08326763200041598,0.6717927048255927,0.6268980601974143,False,False,False
8086,106.0,2026-09-11,-0.05777777777777782,-0.08093204981461699,-0.3106990145622287,-0.21222747871415604,,3.0,-0.35633760083863797,0.647996318650554,0.6007315680910127,False,False,False
8087,24.200000762939453,2026-09-11,-0.1037036754466869,-0.11029411455339222,-0.29855070252349414,-0.25423728215816166,,2.7,-0.3441892887999034,0.687145111069265,0.6229086670121661,False,False,False
8088,42.0,2026-09-11,-0.026651251105731744,-0.1428571428571429,-0.32922249854695973,-0.23219934110298657,,2.2,-0.374861084823369,0.28745650329834865,0.5881920401776685,False,False,False
8089,18.0,2026-09-11,0.055718522313742636,-0.0027700409514637148,-0.1469194467025785,-0.24528303093927362,,11.4,-0.19255803297898777,1.2068807377818462,0.47745357123957116,False,False,False
8091,207.0,2026-09-11,-0.037209302325581395,-0.11158798283261806,-0.16121274745965464,0.5537682334476883,,73.9,-0.2068513337360639,0.395339737445578,0.7016949152542373,False,False,False
8092,12.800000190734863,2026-09-11,-0.011582982296490463,-0.003891065311326214,-0.13220337689933126,-0.03759398442327189,,26.0,-0.17784196317574053,0.2397223355040106,0.6719160474207939,False,False,False
8093,25.5,2026-09-11,-0.03225807852615736,0.05809126955892996,0.35278511851211825,0.28463473601766953,,91.6,0.307146532235709,0.6943975560127458,0.7688442800584556,False,False,False
8096,90.6999969482422,2026-09-11,-0.12773932647781572,-0.27369526411797773,-0.3735309511247662,0.20411160504931125,,11.1,-0.41916953740117546,0.7847677146775955,0.5377654396491204,False,False,False
8097,48.400001525878906,2026-09-11,-0.012244866818797884,-0.05098036223766855,-0.1698112837176221,-0.1919866395167218,,11.6,-0.21544986999403137,1.0130359938781763,0.6884779434539255,False,False,False
8099,59.29999923706055,2026-09-11,0.003384107751323251,0.060571786695779783,0.014993497439784287,0.026874678547171182,,61.7,-0.03064508883662498,0.7881952859843653,0.736296203180127,False,False,False
8101,12.149999618530272,2026-09-11,0.012499968210855972,0.07522118703080571,-0.19000002543131522,-0.19000002543131522,,9.8,-0.2356386117077245,0.19122050776782729,0.636125621773173,False,False,False
8102,63.0,2026-09-11,-0.03076923076923077,-0.08163263263385723,-0.11764707768016403,0.25990243522859524,,58.8,-0.1632856639565733,0.7174783763690821,0.7553721061576074,False,False,False
8103,113.0,2026-09-11,-0.07755102040816331,0.410736606149978,0.2064916163409809,0.36471991387352065,,89.2,0.16085303006457163,1.351832611429268,0.8932806324110671,False,False,False
8104,29.799999237060547,2026-09-11,-0.02773247608642182,-0.05696206084429989,-0.23393321161605674,-0.14121041550847002,,8.5,-0.279571797892466,0.1848886132321229,0.6681614407308072,False,False,False
8105,14.649999618530272,2026-09-11,-0.023333358764648593,-0.12537315710267039,-0.3154205663702524,0.14901957792394294,,14.3,-0.36105915264666166,0.2861902082625654,0.5825049638464525,False,False,False
8109,127.0,2026-09-11,-0.023076923076923106,-0.023076923076923106,0.0672268907563025,0.3359022839991652,,83.9,0.02158830447989324,0.29084832418977774,0.7863777089783281,False,False,False
8110,42.150001525878906,2026-09-11,-0.03214690552715915,-0.08667388662505193,-0.24496521961182438,-0.18393800943081706,,6.9,-0.29060380588823365,0.3079131848567208,0.49334658524421154,False,False,False
8111,71.69999694824219,2026-09-11,0.024285670689174088,0.23407915372284926,0.27807484667432525,0.08165623129690158,,87.4,0.23243626039791598,1.1630180388620732,0.8958092231957944,False,False,False
8112,84.5999984741211,2026-09-11,-0.0651933870262863,-0.13496936774788226,-0.0934365972896194,0.013892237688418518,,36.7,-0.13907518356602866,0.5397532708597831,0.845999984741211,False,False,False
8114,177.5,2026-09-11,-0.08740359897172234,-0.17249417249417254,-0.10129081902266113,0.0702576472243237,,41.8,-0.1469294052990704,0.6643224626892843,0.703483971129958,False,False,False
8119,9.949999809265137,2026-09-11,-0.001004039040515603,0.015306083225598899,-0.033980618930916306,0.30406286501008983,,74.1,-0.07961920520732557,1.7213493886594622,0.5801749288970443,False,False,False
8121,26.450000762939453,2026-09-11,-0.05197128585721489,-0.13278686023149333,-0.45799177917092404,0.08624231410968775,,3.2,-0.5036303654473333,0.2936836850979339,0.486213235680826,False,False,False
8131,60.29999923706055,2026-09-11,-0.017915346278203792,-0.08636364792332507,-0.1926556215638553,-0.032975217764796505,,18.1,-0.23829420784026456,0.5520761052153534,0.716482612451807,False,False,False
8147,130.0,2026-09-11,-0.03703703703703709,0.03585657370517925,-0.09191372088898586,0.023788351446575984,,38.3,-0.13755230716539513,1.3402865363207028,0.6959610848382287,False,False,False
8150,86.69999694824219,2026-09-11,-0.03773586663106843,-0.06673847659636045,-0.08438243681207469,0.45136732424687276,,76.6,-0.13002102308848396,0.4402790485421055,0.7077550771285076,False,False,False
8155,325.5,2026-09-11,-0.06599713055954093,0.020376175548589393,-0.12136058333309307,0.6037302346079219,,79.8,-0.16699916960950234,0.5011782002187625,0.7236986279899176,False,False,False
8162,61.20000076293945,2026-09-11,0.00990102811759308,0.02857144139394041,-0.14211050526630098,0.6789300994378489,,81.0,-0.18774909154271024,0.24874600022538368,0.7099768321301253,False,False,False
8163,29.600000381469727,2026-09-11,-0.06031744820731022,-0.0793157394520363,-0.3345913657763665,0.05434463220220098,,8.3,-0.38022995205277577,0.49529534269282616,0.6534216529799313,False,False,False
8171,19.850000381469727,2026-09-11,0.015345327678605303,-0.014888299887840462,-0.05250598288357233,-0.23359070757406686,,23.6,-0.0981445691599816,1.5804439068642273,0.6382636700318797,False,False,False
8176,9.920000076293944,2026-09-11,0.01535308203707153,-0.027450954726181087,-0.027450954726181087,-0.08571431082749958,,41.0,-0.07308954100259035,0.28166302457350306,0.7136690898228127,False,False,False
8182,37.09999847412109,2026-09-11,-0.045045046814241596,-0.12293146233401231,-0.34552682928011036,0.3919765788839973,,26.2,-0.3911654155565196,0.13200406232261758,0.6322876517690227,False,False,False
8183,28.649999618530277,2026-09-11,0.030575554129389504,-0.060655750212122106,-0.11745725756273351,-0.19383122616046566,,17.7,-0.16309584383914277,0.8415041861388488,0.7218830237053532,False,False,False
8201,11.949999809265137,2026-09-11,0.012711831873363,0.0,-0.10150378662476811,-0.12132356808259726,,24.3,-0.14714237290117738,0.8300984822758027,0.6530054812824471,False,False,False
8210,900.0,2026-09-11,-0.08722109533468558,-0.09090909090909094,-0.36390837443855173,0.017461959028277407,,5.6,-0.409546960714961,1.2558505914613765,0.5849588272387957,False,False,False
8213,32.25,2026-09-11,-0.021244332222498108,-0.0315315093428582,-0.09085049197442419,-0.005617682154764325,,35.4,-0.13648907825083345,0.5079868472967355,0.7993120776418142,False,False,False
8215,25.049999237060547,2026-09-11,-0.01956947220862315,-0.005952441322918833,-0.16984683957892277,0.1246642405467342,,33.5,-0.21548542585533204,0.44530235062347123,0.7779502684326582,False,False,False
8222,34.70000076293945,2026-09-11,-0.06216214154217692,-0.12262954659115077,-0.008726660569192246,-0.07183164642492201,,46.5,-0.05436524684560151,0.27347066212978605,0.670343841315255,False,False,False
8227,239.0,2026-09-11,0.5078864353312302,0.5174603174603174,0.31786470146856427,0.8989704249110582,,94.9,0.272226115192155,3.594186354039815,0.9685512034491893,True,True,False
8234,63.5,2026-09-11,-0.06457437940503485,-0.08467673245947094,-0.02903388715915134,0.0014039145133550868,,49.7,-0.0746724734355606,0.5018361753077896,0.6862467221551803,False,False,False
8240,50.5,2026-09-11,-0.01941747572815533,0.17169377698057597,-0.08218205173785587,0.1277762656447201,,52.1,-0.12782063801426513,3.4581110148849845,0.6920445266456238,False,False,False
8249,37.59999847412109,2026-09-11,-0.08180713617593349,-0.12456349694491176,-0.22712518121946512,-0.23016199253781655,,6.4,-0.2727637674958744,0.7893904890871642,0.6103544491919003,False,False,False
8261,162.0,2026-09-11,-0.10249307479224379,-0.19801980198019797,-0.1163359581214688,0.4807343537688926,,74.6,-0.16197454439787806,0.3106749425897001,0.46693611612955777,False,False,False
8271,206.0,2026-09-11,-0.05069124423963134,-0.10239651416122009,0.011135479141367366,0.2151109420608852,,74.2,-0.0345031071350419,0.36225351707984266,0.8092965283807351,False,False,False
8277,18.67371940612793,2026-09-10,0.007509181690604327,-0.008620893048614908,-0.20297047637182497,0.008771724654891289,,19.5,-0.24860906264823424,0.898858963434237,0.48936160109660426,False,False,False
8284,68.5999984741211,2026-09-11,0.03939391627456201,0.07187497615814209,0.14602294228181134,0.15871624616482571,,82.9,0.10038435600540208,0.5437397817299888,1.0,True,True,False
8289,41.04999923706055,2026-09-11,-0.07752810703234725,-0.14121339137525668,-0.4072202276236744,0.1907067430934155,,8.1,-0.45285881390008365,0.20948235253635572,0.5434467589375462,False,False,False
8291,30.0,2026-09-11,0.003344494406205545,-0.175824210373419,-0.23469389244597505,1.1897810523844954,,88.7,-0.2803324787223843,0.3854053612058959,0.22556390977443608,False,False,False
8298,39.20000076293945,2026-09-11,0.023498734825248446,-0.1659574305757563,-0.21765299362141788,0.3560680480306748,,47.7,-0.26329157989782714,0.33243479973111895,0.701414542711597,False,False,False
8299,1990.0,2026-09-11,-0.012406947890818865,-0.1271929824561403,-0.13597755481893936,0.11362894246073774,,38.4,-0.18161614109534863,0.6185288700581896,0.696018089037961,False,False,False
8341,74.4000015258789,2026-09-11,-0.01063823743123149,-0.026178009948370717,-0.03189879635575077,0.02237539830073043,,51.9,-0.07753738263216003,0.8257516308837398,0.8570075559507528,False,False,False
8342,87.0,2026-09-10,-0.011363636363636354,-0.011363636363636354,0.013920973611901699,0.0960003114056649,,67.5,-0.031717612664507566,1.0119290871232025,0.9508196721311475,False,False,False
8345,51.0,2026-09-11,-0.015444000942922531,-0.02857142857142858,-0.015896372115715374,0.14252937136778332,,66.4,-0.06153495839212464,0.566324172908953,0.9352798649269282,False,False,False
8349,38.400001525878906,2026-09-11,-0.014120647658211749,-0.01790273594781555,-0.024208074747902875,-0.07722796855454417,,42.7,-0.06984666102431214,1.1315949570373383,0.8446537503041694,False,False,False
8354,17.25,2026-09-11,-0.03361346603065585,-0.030898834867105984,0.05598392619575665,0.1243324796175167,,74.2,0.010345339919347385,0.41170217165068884,0.9142598351010703,False,False,False
8358,485.0,2026-09-11,-0.030000000000000027,0.15201900237529697,-0.21919921894767236,1.0174728538958728,,86.4,-0.2648378052240816,0.361253758563482,0.6960281345940762,False,False,False
8367,40.20000076293945,2026-09-11,-0.019512176513671875,-0.0012422170698273005,-0.002481351762139372,-0.06429786794618841,,48.5,-0.04811993803854864,0.6751269095389985,0.917808252583826,False,False,False
8374,78.5999984741211,2026-09-11,-0.0379436791911385,-0.0923787545145357,-0.14828264466554097,0.07188915975033572,,32.5,-0.19392123094195024,0.8430583342544115,0.6972022805561588,False,False,False
8383,64.5999984741211,2026-09-11,-0.009202431015409296,-0.0875706823501724,0.08785529782159185,0.5965645935197652,,89.1,0.042216711545182584,0.45287229800515094,0.7146017409704134,False,False,False
8390,91.1999969482422,2026-09-11,-0.05979384589441028,-0.09253734379858503,-0.19050218492166004,-0.05288752942056374,,17.3,-0.2361407711980693,1.0561455084731026,0.7313609735355211,False,False,False
8401,22.649999618530277,2026-09-11,-0.004395621163504337,-0.017353563200433353,-0.019480552186502575,-0.12147854332515917,,38.2,-0.06511913846291184,1.9068977906176077,0.8000026812443723,False,False,False
8404,13.899999618530272,2026-09-11,-0.14197537259818327,-0.14197537259818327,-0.14700358739177355,-0.28881687539779344,,9.2,-0.19264217366818281,2.5024926597889388,0.5117978355839946,False,False,False
8410,29.75,2026-09-11,-0.021381566667325602,-0.01677269106644097,-0.056753356485989004,-0.15476947457372336,,29.0,-0.10239194276239827,1.1129879006717076,0.7333908790129202,False,False,False
8411,13.0,2026-09-11,0.0,0.007751967785028624,0.06964689184186246,0.08290698359833182,,73.4,0.024008305565453192,0.47507319044446306,0.9774435950050699,True,False,False
8415,35.54999923706055,2026-09-11,-0.05326231799296732,-0.07180156800992821,0.04437872077091476,0.10171098705972192,,71.6,-0.0012598655054945063,0.6540554845489837,0.919792958177694,False,False,False
8416,170.0,2026-09-11,0.00591715976331364,0.0,-0.011492243789064438,0.058905938876665065,,59.8,-0.0571308300654737,0.43620709829594095,0.9440510258277919,True,False,False
8421,12.5,2026-09-11,-0.027237382963384515,-0.08759122817312681,-0.049429630219481324,-0.08088237872173154,,36.0,-0.09506821649589059,0.5379934764463385,0.7418397458166526,False,False,False
8422,26.049999237060547,2026-09-11,-0.0019157526313554607,-0.015122930598904571,-0.0537822688728935,-0.0992132882987311,,34.1,-0.09942085514930277,0.4305190644957013,0.5241571968606682,False,False,False
8424,68.80000305175781,2026-09-11,0.0,-0.004341467858000492,-0.005780258874628963,-0.014000093594915053,,53.1,-0.05141884515103823,0.6672805919086127,0.9679082125785347,False,False,False
8426,20.549999237060547,2026-09-11,-0.012019231210093517,-0.04195811160221019,0.02987710146778344,-0.1935868175417721,,41.8,-0.015761484808625825,0.4701400118917322,0.7135208197916084,False,False,False
8431,56.900001525878906,2026-09-11,-0.17296513078533748,0.18295225220209566,0.16122452093630413,-0.16323527167825136,,69.6,0.11558593465989486,3.114381498126745,0.7220812096733747,False,False,False
8433,53.29999923706055,2026-09-11,-0.02380951050166613,-0.02380951050166613,-0.011131767566468054,0.027297776236714588,,56.8,-0.05677035384287732,0.5835160071450313,0.901110081018985,False,False,False
8435,53.20000076293945,2026-09-11,-0.0037453325322945874,-0.01298702677407837,-0.011152388152968262,0.0013520275494820488,,53.9,-0.05679097442937753,0.583602418644327,0.9380386038931054,False,False,False
8437,9.079999923706056,2026-09-11,-0.016251313756179053,-0.005476472081941797,-0.13110046991047952,-0.32988931395626664,,8.8,-0.1767390561868888,0.3540934864634629,0.4961748799047786,False,False,False
8438,67.0,2026-09-11,-0.026162833894116,-0.023323593436006873,-0.17608261180479057,-0.028954584859260835,,20.5,-0.22172119808119983,0.18265398372485536,0.6382458657816612,False,False,False
8440,19.850000381469727,2026-09-11,-0.01732675090348834,0.0,-0.11174963553296091,-0.18077528628263917,,19.2,-0.15738822180937018,0.6277761164494012,0.6744122871132713,False,False,False
8442,45.75,2026-09-11,0.004390796186374724,0.1143084592793997,0.20532869362745299,-0.22705903825787999,,71.1,0.15969010735104372,0.39869729493716083,0.6484058297598196,False,False,False
8444,4.5,2026-09-11,-0.09090905587972986,-0.0740740995112027,-0.0425531526343631,-0.47735189553577395,,10.3,-0.08819173891077237,0.8234907532761137,0.3040540501355603,False,False,False
8454,241.0,2026-09-11,-0.01632653061224487,-0.09398496240601506,-0.24922118380062308,0.41251295094671026,,47.0,-0.29485977007703235,0.36030935734550024,0.5483503981797497,False,False,False
8455,22.899999618530277,2026-09-11,0.017777760823567856,-0.08216437201293525,-0.30500761492281736,0.07259949458388948,,11.5,-0.3506462011992266,0.5776839708777006,0.4940668904512735,False,False,False
8462,159.5,2026-09-11,-0.03625377643504535,-0.11142061281337046,0.1583399766447986,0.15435950778064078,,84.0,0.11270139036838933,0.46103509792885017,0.8885793871866295,False,False,False
8463,21.350000381469727,2026-09-11,-0.002336412988402814,0.03389834265717395,-0.004409981525609008,-0.18857585628123685,,35.0,-0.05004856780201827,0.29454136696945715,0.7911385100170977,False,False,False
8464,371.0,2026-09-11,-0.00669344042838016,0.008152173913043459,0.07848837209302317,0.003042478444607477,,69.7,0.03284978581661391,0.5495419372135895,0.8246525985359531,False,False,False
8466,14.050000190734863,2026-09-11,-0.06953643471581594,-0.11837522925546251,-0.1156542330964272,-0.25769934806497885,,13.9,-0.16129281937283646,0.6156208491651146,0.5447301195134567,False,False,False
8467,83.5,2026-09-11,-0.07427934783730361,-0.19323671497584538,-0.31127611155521295,-0.43914995016436786,,1.0,-0.3569146978316222,0.9807206897008383,0.44376538397817544,False,False,False
8472,80.0,2026-09-11,0.12517583286753964,0.15606941514514272,-0.08361973421043112,0.005025144893802347,,38.0,-0.12925832048684038,2.1305366898307723,0.8676789875048386,True,False,False
8473,38.29999923706055,2026-09-11,-0.05518236418331468,-0.052071101783832785,-0.1615890778019723,0.1437924282036387,,36.1,-0.20722766407838156,1.0348544724150137,0.7710386308968228,False,False,False
8476,19.899999618530277,2026-09-11,0.031088103895754893,-0.007481278016859494,0.018483428376080635,0.056006444542240796,,64.6,-0.02715515790032863,0.27185053475245397,0.8105906410167762,False,False,False
8477,15.300000190734863,2026-09-11,0.0032787010317942844,-0.04075232766790993,-0.08928566157412132,0.13333334746184167,,51.0,-0.1349242478505306,0.6322393197826593,0.737349406782403,False,False,False
8478,141.5,2026-09-11,-0.0035211267605633756,-0.03082191780821919,-0.017653821039754658,-0.09576077406949113,,42.0,-0.06329240731616392,0.3144240869820938,0.6386311143751199,False,False,False
8481,40.900001525878906,2026-09-11,-0.002438987173685181,-0.004866105977305857,0.041500861482694384,0.05024245805765548,,68.5,-0.004137724793714881,0.4261575492130257,0.9855422054428652,False,False,False
8482,47.59999847412109,2026-09-11,-0.017543906613693094,-0.004184116446269592,0.0407993584740034,0.013129790230752558,,64.9,-0.0048392278024058655,0.6145691701426498,0.8926495229768264,False,False,False
8487,70.5,2026-09-11,0.0,-0.023545665098308244,-0.1253101571380797,0.05779275079372437,,35.2,-0.17094874341448896,0.25848164514212707,0.8483754668413745,False,False,False
8488,10.050000190734863,2026-09-11,-0.033653792368587676,0.013104850145272184,-0.024271844210729476,0.031827559230128255,,54.3,-0.06991043048713874,1.5672260660735957,0.8481012546168699,False,False,False
8489,21.899999618530277,2026-09-11,-0.009049808121593728,-0.0373626541305373,-0.03097348456300897,-0.1657143002464656,,32.3,-0.07661207083941823,0.37977313156643494,0.45061729024933533,False,False,False
8499,251.5,2026-09-11,-0.005928853754940677,-0.036398467432950166,-0.10643476541119512,-0.06940405807326488,,27.4,-0.15207335168760439,0.3370070370727401,0.6488451305075039,False,False,False
8905,34.599998474121094,2026-09-10,0.011695839247322315,-0.008596075605766251,0.18686213165321353,-0.09701839865250372,,76.3,0.14122354537680426,0.3811444081316125,0.8708509752327079,False,False,False
8906,28.299999237060547,2026-09-11,-0.027491447901100474,0.016157947914795523,0.044280399951999616,-0.08116883317944501,,57.3,-0.0013581863244096493,0.3820752488345722,0.7092731367116699,False,False,False
8908,40.0,2026-09-11,0.0012515453343102667,0.03172372155967218,-0.016292062310308664,0.016147482171950056,,54.4,-0.06193064858671793,0.41808249704924877,0.8729111069616962,False,False,False
8916,41.0,2026-09-11,0.001220982567253115,0.01736974630748178,-0.01906282425725614,-0.06184829930553637,,45.7,-0.0647014105336654,0.4679436258717439,0.8714057031369589,False,False,False
8917,53.5,2026-09-11,0.01904761904761898,0.0,0.06842115407308635,-0.0147834079420881,,67.2,0.02278256779667709,0.30748983864434554,0.8032429592908449,False,False,False
8921,16.299999237060547,2026-09-11,-0.009118633369115003,-0.06590266335811834,-0.07073030564827043,-0.038313974463802136,,36.0,-0.1163688919246797,0.3570144365131637,0.8526288651873881,False,False,False
8924,50.09999847412109,2026-09-11,-0.023391828085497224,-0.029069768301491217,-0.11012434896905277,-0.21407661521074373,,17.2,-0.15576293524546203,0.4359095889712815,0.7138108285379671,False,False,False
8926,58.0,2026-09-11,0.008695652173912993,0.039426537509310355,-0.1753688083584991,0.2950824377888879,,50.1,-0.22100739463490837,0.8520015297681509,0.7160493827160493,False,False,False
8927,18.850000381469727,2026-09-11,-0.035805569458225106,-0.05276378176825802,-0.06003487908261318,-0.20464488022829486,,24.3,-0.10567346535902244,0.4869472274989674,0.492997203490698,False,False,False
8928,22.899999618530277,2026-09-11,-0.08216437201293525,0.0018940212615716767,0.12832352417661275,-0.012716962737125637,,74.5,0.08268493790020348,0.8569608609565045,0.8554076725102902,False,False,False
8929,12.949999809265137,2026-09-11,-0.01145042502569471,-0.037174721716766945,-0.0782918410346436,-0.18808777654388065,,23.1,-0.12393042731105286,0.3915500999143591,0.7115384212310112,False,False,False
8930,29.049999237060547,2026-09-11,-0.031666692097981786,-0.031666692097981786,0.04496403001096527,-0.03444402589039275,,61.4,-0.0006745562654439929,0.5868248448885177,0.9120878772096275,False,False,False
8931,41.25,2026-09-11,0.0060975609756097615,0.011029430670447038,0.01600979493936272,-0.07595656138571649,,51.2,-0.029628791337046545,1.7840641833497322,0.7910630267884607,False,False,False
8932,90.5999984741211,2026-09-11,-0.008752768472671146,0.03715056685040863,0.0572893536383019,0.18370432319229035,,77.5,0.011650767361892633,0.389796988994271,0.8409328444005677,False,False,False
8933,4.449999809265137,2026-09-11,-0.04301081333343315,-0.01766013175231118,-0.02625828400190522,-0.33878160525209555,,19.9,-0.07189687027831448,0.8294497763410629,0.4842219817685274,False,False,False
8935,17.850000381469727,2026-09-11,-0.01381215440503214,0.0028090531770965654,-0.19230768898825512,-0.06544502487092696,,15.9,-0.2379462752646644,0.22278460783591547,0.6660448093142384,False,False,False
8936,50.70000076293945,2026-09-11,0.00795231673848984,-0.005882337981579333,-0.12435234150592123,-0.0558659209939979,,25.8,-0.1699909277823305,0.3198726193456874,0.7316017103934808,False,False,False
8937,29.5,2026-09-11,-0.01666666666666672,0.20408163265306123,0.1216730363410119,-0.2435897435897436,,56.2,0.07603445006460263,1.2543766272863484,0.6555555555555556,False,False,False
8938,51.5,2026-09-11,-0.022770412629354975,-0.01904761904761909,-0.03195490110074806,-0.19559346570318814,,30.0,-0.07759348737715732,0.4018656744647322,0.729528231332218,False,False,False
8941,44.34999847412109,2026-09-10,0.01255706042558935,0.040750365974213665,0.09721388443778856,0.01646653108051166,,72.6,0.05157529816137929,0.3256752499411786,0.9977502297614864,False,False,False
8942,41.70000076293945,2026-09-11,-0.016509451361981786,-0.025700899386199128,0.022741232290629965,0.20908805442917866,,75.0,-0.0228973539857793,0.4591562973021102,0.9304721092147034,False,False,False
8996,1330.0,2026-09-11,0.023076923076922995,0.035019455252918386,0.05976095617529875,0.48744004531388585,,87.0,0.014122369898889486,2.0056300838150394,0.8364779874213837,False,False,False
9802,64.69999694824219,2026-09-11,-0.06438141176457612,-0.06952913359044555,-0.13275347533350257,-0.1927777600623667,,15.7,-0.17839206160991183,1.4572935053522322,0.6022579886185148,False,False,False
9902,13.399999618530272,2026-09-11,-0.018315018826859042,-0.03249102892022471,-0.025454573197798425,-0.09459463203797958,,40.4,-0.07109315947420769,1.0843058365094096,0.7465180528680889,False,False,False
9904,24.200000762939453,2026-09-11,-0.016260146842582146,0.012552349338808222,-0.042122823551190125,-0.1346634804318413,,33.2,-0.08776140982759939,0.5139572072534627,0.7927772236873232,False,False,False
9905,21.350000381469727,2026-09-11,-0.006976726443268522,-0.0046620222803209765,0.07458820032728553,0.03984405612374298,,71.5,0.02894961405087626,0.7021436681274121,0.9861432220625177,False,False,False
9906,39.20000076293945,2026-09-11,-0.06320708137956288,-0.01414810239690667,-0.05986534615348371,-0.0519745569388913,,36.9,-0.10550393242989298,0.7823145619308398,0.5796578115994007,False,False,False
9907,15.100000381469728,2026-09-11,-0.009836040559362047,0.0066666920979818745,-0.029966137797452053,-0.10231669053345527,,38.0,-0.07560472407386132,0.25750601663015044,0.8063557350546999,False,False,False
9908,28.950000762939453,2026-09-11,-0.003442288356191092,-0.00515462599876082,0.020658359676116955,-0.007879825519690131,,59.4,-0.02498022660029231,0.6921937410459955,0.8742160896459037,False,False,False
9910,67.80000305175781,2026-09-11,-0.01596514440871144,-0.03556187612338213,-0.1428570877414146,-0.1531496109513767,,16.8,-0.18849567401782386,0.9881880823430694,0.5256745639176182,False,False,False
9911,81.80000305175781,2026-09-11,0.0073892380057363205,-0.002438987173685181,-0.020359244889127992,-0.06037151716352651,,45.6,-0.06599783116553726,0.5337330976703112,0.9396284828364735,False,False,False
9912,13.0,2026-09-11,0.0038610186464320684,0.007751967785028624,0.0358565579622343,0.06557378715098938,,68.7,-0.009782028314174962,0.5073327777333805,0.9219857906588887,False,False,False
9914,69.69999694824219,2026-09-11,-0.1210593409088504,-0.18479535733050068,-0.019200789301486387,0.04457951575338792,,57.1,-0.06483937557789565,0.5996881956301803,0.6454008892621503,False,False,False
9917,105.5,2026-09-11,-0.009389671361502372,0.030465130905720894,-0.02101219754545358,0.03096942661558688,,54.9,-0.06665078382186285,0.47225564711058443,0.954914311399207,False,False,False
9918,43.20000076293945,2026-09-11,0.0023202388018275233,0.016470606186810732,0.03332236256512311,-0.06297677047880057,,56.7,-0.012316223711286156,0.4320280086678436,0.729899804122496,False,False,False
9919,13.949999809265137,2026-09-11,0.0,-0.0035714421953473297,-0.014134262519924223,-0.10576926486261662,,41.7,-0.05977284879633349,0.5900881480092229,0.7099236681974311,False,False,False
9921,87.5999984741211,2026-09-11,-0.11425685417002718,-0.15086629422906106,0.17006625877403936,0.25576121488499215,,86.7,0.12442767249763009,0.7347862991539048,0.7996326618532784,False,False,False
9924,38.20000076293945,2026-09-11,-0.0065019504561614205,-0.003911283367660445,-0.06601468611758032,-0.10044945632977598,,32.1,-0.11165327239398959,0.5750849066103572,0.7244594588435461,False,False,False
9925,39.54999923706055,2026-09-11,0.0,-0.011250019073486328,0.01856901388525256,0.021071640208524034,,61.8,-0.027069572391156704,0.5627030804737339,0.9741379488541158,False,False,False
9926,49.400001525878906,2026-09-11,0.0010132330963301683,0.002028444023649989,0.036824653372004246,0.016374410646086357,,64.3,-0.00881393290440502,0.7457181550874996,0.900877369949314,False,False,False
9927,69.9000015258789,2026-09-11,0.005755417638545479,0.004310388769180218,0.002869506261029553,0.04640716066613293,,61.0,-0.04276908001537971,0.8170437079692856,0.9362530840782265,False,False,False
9928,17.600000381469727,2026-09-11,-0.014005601941584733,-0.04347822030685733,-0.016759734271166393,-0.016759734271166393,,50.5,-0.06239832054757566,1.061829499203463,0.8421052967802584,False,False,False
9929,11.100000381469728,2026-09-11,-0.017699097866309743,-0.026315723429753968,-0.05932201677545412,0.09900989725056641,,54.0,-0.10496060305186339,0.7772694245139844,0.7400000254313153,False,False,False
9930,62.0,2026-09-11,-0.017432622832348033,-0.006410280706692251,-0.057995901600388144,-0.060687279662486326,,36.4,-0.10363448787679741,0.8318959427153685,0.9056734650708733,False,False,False
9931,34.20000076293945,2026-09-11,0.008849534618207366,0.010339802203711779,0.028492157816486507,-0.0987837892310125,,51.7,-0.017146428459922758,0.6073760843018317,0.7027027090578427,False,False,False
9933,41.70000076293945,2026-09-11,0.07256431885073567,0.026815026281395316,0.012420422220448035,0.28010629723152003,,77.7,-0.03321816405596123,1.0065402204594192,0.9904364944069276,True,False,False
9934,9.93000030517578,2026-09-11,-0.10540540865630421,-0.1289473125038586,-0.04035237720700047,0.04570565970126084,,52.2,-0.08599096348340973,1.2183083726422987,0.827500025431315,False,False,False
9935,18.100000381469727,2026-09-11,-0.07888036982956859,-0.11922135992941607,-0.009000501263601968,-0.016604109498188357,,52.3,-0.05463908754001123,1.1982863801178598,0.8660287421929891,False,False,False
9937,55.0,2026-09-11,-0.0036232021770864486,-0.0018148543900242675,0.02714658477564824,0.005484446670498189,,61.9,-0.018492001500761024,0.9527098529443299,0.9066888831201237,False,False,False
9938,38.150001525878906,2026-09-11,-0.07290400701718869,-0.09489916619680583,-0.07964294085583279,-0.16185148064361676,,24.4,-0.12528152713224205,1.1109353992651188,0.6757919264007497,False,False,False
9939,129.5,2026-09-11,-0.01520912547528519,-0.040740740740740744,0.019618886608361752,0.12961926497985576,,70.5,-0.026019699668047513,0.48750865419242373,0.8961937716262975,False,False,False
9940,20.100000381469727,2026-09-11,-0.019512176513671875,-0.049645354893557925,0.025510203585134228,0.029524590522682193,,63.4,-0.020128382691275037,0.42336228200552967,0.8398752849810391,False,False,False
9941,80.30000305175781,2026-09-11,-0.012300122539520397,0.0028463463662324884,0.04030202425876461,0.1406219283372061,,73.4,-0.005336562017644653,0.653544659793638,0.8383016690077867,False,False,False
9944,17.399999618530273,2026-09-11,0.011627839925551386,-0.008546987182399324,0.01709399517687582,0.07257187555002065,,66.0,-0.028544591099533445,0.6658456290670717,0.9430893712200642,False,False,False
9945,28.100000381469727,2026-09-11,-0.012302297788534866,0.03690036848426659,0.0838052385060497,0.05078603040558605,,73.1,0.03816665222964044,0.479137505164344,0.9304635652841842,False,False,False
9946,17.0,2026-09-11,-0.03409093002642438,-0.03537111263713222,-0.050365320083255116,0.012593892963952413,,46.6,-0.09600390635966438,0.4841969294267101,0.889706278706414,False,False,False
9950,10.300000190734863,2026-09-11,0.0,-0.00961532994840053,-0.055045820990249794,-0.04186044737350114,,39.1,-0.10068440726665906,0.5538493227233977,0.7744360934603685,False,False,False
9955,23.5,2026-09-11,-0.014675068170718286,-0.05622488513969348,-0.1485507364058738,-0.3314367288804152,,7.9,-0.19418932268228306,0.6324769684061283,0.5795314535671371,False,False,False
9957,5.699999809265137,2026-09-11,0.0,-0.04040408175814514,-0.0625000196067913,-0.05000003178914392,,36.5,-0.10813860588320057,0.6230920890182725,0.6284454245922226,False,False,False
9958,90.0999984741211,2026-09-11,0.022701475989099995,-0.13779905766391298,-0.148071197480107,-0.26500259343039956,,10.4,-0.19370978375651626,0.8533148584101179,0.5354981000262,False,False,False
9960,31.299999237060547,2026-09-11,0.019543923752777248,0.003205079220378604,0.018539978910725008,0.4097817993787247,,82.7,-0.027098607365684257,2.8728465901898885,0.9279071358577431,False,False,False
9962,9.979999542236328,2026-09-11,-0.03574887203828869,-0.03574887203828869,0.02044987880632343,-0.10493274585852996,,49.0,-0.025188707470085836,1.0044623612922556,0.8247933245952597,False,False,False
