ticker,last_close,last_date,ret_1w,ret_1m,ret_3m,ret_6m,ret_12m,rs_rating,rs_vs_bench_3m,vol_surge,near_high_pct,new_high_20d,new_high_60d,new_high_250d
1101,24.549999237060547,2026-09-22,0.03151260605219375,-0.006072936082818781,0.03230606691458293,0.1261522125832597,,68.3,-0.005844083223338403,0.5826439934689034,0.9564870322964958,False,False,False
1102,35.45000076293945,2026-09-22,0.007102272573335178,0.018678205176127838,0.051489464065398005,0.09391270221129622,,68.8,0.01333931392747667,0.5298628136756965,0.9733018207007874,True,True,False
1103,13.100000381469728,2026-09-22,0.0076923370361330345,-0.011320725926812991,0.0018141744237363255,0.0018141744237363255,,52.0,-0.03633597571418501,1.4532497581741917,0.9527743513168431,False,False,False
1104,26.600000381469727,2026-09-22,-0.0018761440066131785,-0.00746264407777486,-0.0037453325322945874,-0.038380091948554296,,47.0,-0.04189548267021592,0.5046126919107367,0.8676600810604743,False,False,False
1108,11.100000381469728,2026-09-22,0.004524904060797086,-0.055319116470661456,-0.13231767214827883,-0.19366897639233172,,12.5,-0.17046782228620017,0.7483804056226357,0.7826154020770062,False,False,False
1109,13.350000381469728,2026-09-22,-0.007434901800260518,-0.014760133317333057,-0.025765912368073463,-0.06729058331609283,,39.0,-0.0639160625059948,0.7714789194607646,0.897401748109211,False,False,False
1110,15.050000190734863,2026-09-22,-0.022727236134101325,-0.05345908479172523,0.0025162214940672722,0.02942944639364664,,54.4,-0.03563392864385406,0.9590515901773491,0.8815229114517151,False,False,False
1240,54.79999923706055,2026-09-22,-0.007246404354172786,0.007705792233810627,0.04970322875192679,0.024879207149438587,,62.7,0.011553078614005452,0.24999061913696058,0.9707655811335303,False,False,False
1301,64.5999984741211,2026-09-22,0.04193545926001763,0.13333330656352804,0.12436037051934035,0.4475672888553959,,86.4,0.08621022038141901,0.44507039695069517,0.9528022944896645,False,False,False
1303,231.5,2026-09-22,0.04514672686230248,0.2861111111111112,0.5007591544911292,2.2173952783026736,,97.9,0.46260900435320784,0.7678130584157464,0.9487704918032787,False,False,False
1304,12.25,2026-09-22,0.008230484329992516,0.03375524098343208,-0.07543250244025013,-0.19288571286385647,,19.1,-0.11358265257817146,0.44083507738079125,0.6788604875639853,False,False,False
1305,12.050000190734863,2026-09-22,0.02991456300645101,0.021186440335509094,-0.08679439877134343,-0.3157389018931994,,11.3,-0.12494454890926476,0.5383741428723644,0.658299961612796,False,False,False
1307,30.649999618530277,2026-09-22,0.01658374813685559,-0.004870117605385582,-0.07224876443608141,-0.03950454838009376,,32.3,-0.11039891457400275,0.43737529011176574,0.8731776453335659,False,False,False
1308,14.149999618530272,2026-09-22,0.017985612004385976,0.029090881347656028,0.021105140448367088,-0.1871655498240371,,36.1,-0.017045009689554247,0.3887387683356966,0.7395117114918714,False,False,False
1309,13.75,2026-09-22,0.007326035477244641,0.053639831343613054,-0.05182354323762561,-0.3054607906403073,,15.5,-0.08997369337554695,0.4896729477583387,0.5241805715744947,False,False,False
1310,8.729999542236328,2026-09-22,0.03313606382146683,0.08312643768466343,-0.13564364232568882,-0.2441558962709518,,10.0,-0.17379379246361015,0.555438899475954,0.7126530238560268,False,False,False
1312,14.699999809265137,2026-09-22,0.024390203379183628,0.24576267556396303,0.038869272477902284,0.053763441595309214,,63.3,0.0007191223399809488,0.5162818813542107,0.9392971353085342,False,False,False
1313,12.199999809265137,2026-09-22,0.03389827220887209,0.051724086902089184,-0.027888476187284628,-0.027186789004555623,,42.5,-0.06603862632520596,0.5802757355672015,0.8531468284293912,False,False,False
1314,8.739999771118164,2026-09-22,0.07768189162896166,0.09523806393836542,0.08706465330676494,0.0504807802523386,,70.7,0.048914503168843604,1.6128792063543604,0.840384624201871,False,False,False
1315,68.19999694824219,2026-09-22,0.03647406968350064,0.06225543559958102,0.12875289303294402,0.1603650451308818,,79.3,0.09060274289502268,1.14324233877455,0.9970759565325295,False,False,False
1316,10.550000190734863,2026-09-22,0.014423132471786504,-0.0663716802956289,0.024271844210729476,-0.14227642055796152,,41.6,-0.013878305927191859,0.6921524234887212,0.6413373678682847,False,False,False
1319,79.69999694824219,2026-09-22,0.008860720863825167,-0.03510897795945467,0.0012562622617839914,0.021050588267031323,,53.4,-0.03689388787613734,0.5231887445078393,0.7298292008586557,False,False,False
1321,32.5,2026-09-22,0.010886421695481596,0.0061919742310698744,0.04333869656507616,-0.015151515151515138,,57.9,0.005188546427154828,0.7807398908450964,0.8891929050177934,False,False,False
1323,21.350000381469727,2026-09-22,0.0,-0.011574073869668577,0.07828288909769121,0.17412390558673274,,75.8,0.040132738959769876,0.38571220525409566,0.905004275375583,False,False,False
1324,9.979999542236328,2026-09-22,-0.002000045776367143,-0.006965238524380246,-0.04038462420187072,-0.04038462420187072,,38.6,-0.07853477433979206,0.3303309992780442,0.7827450621361826,False,False,False
1325,25.850000381469727,2026-09-22,0.01972386558090511,-0.009578543921305527,0.023762391345335754,-0.05137613279010178,,51.3,-0.014387758792585581,0.38957480211285156,0.7220670651498095,False,False,False
1326,66.5,2026-09-22,0.010638250999647658,0.16462349872284476,0.11764705882352944,0.5641859902126753,,88.4,0.0794969086856081,0.385808004782315,0.8950201516637316,False,False,False
1336,16.899999618530273,2026-09-22,0.049689392428916124,0.008955201106285005,0.10839036051436124,0.18483105714455927,,78.6,0.0702402103764399,0.5070720274507001,0.9286513674351917,False,False,False
1337,4.420000076293945,2026-09-22,0.006833760984226611,-0.047413749250445836,-0.10162601468425825,-0.2961783553142854,,10.6,-0.13977616482217958,0.5486689126569916,0.687402829594784,False,False,False
1338,14.75,2026-09-22,0.03146851771069881,0.01724137931034475,-0.10597534522545682,0.04666291307549053,,33.7,-0.14412549536337815,0.8597965755511814,0.6765591199921751,True,False,False
1339,43.09999847412109,2026-09-22,0.009367627729149897,-0.0008761695156326299,0.030770185190760024,0.1044859109789753,,66.3,-0.0073799649471613105,0.6244914355165985,0.9797858995855266,False,False,False
1340,5.239999771118164,2026-09-22,0.0335304918542203,0.015503861641813277,-0.024208587935078407,-0.2361516517298241,,24.0,-0.06235873807299974,0.4409256727697223,0.6078886126085261,False,False,False
1341,60.0,2026-09-22,0.010100984153337045,0.006711435169794555,0.047120432790392464,0.11362987714531259,,69.5,0.008970282652471129,0.3043505967391007,0.9884678623699978,False,False,False
1342,100.5,2026-09-22,0.0,-0.024271844660194164,-0.11061946902654862,0.1851414667834348,,48.1,-0.14876961916446996,0.25633937222425957,0.8553191489361702,False,False,False
1343,31.899999618530277,2026-09-22,0.12920352631965581,-0.06314242780335155,0.14336917758749101,0.18587360858383462,,81.4,0.10521902744956968,0.49640321849895963,0.7065337439744261,False,False,False
1402,27.850000381469727,2026-09-22,0.0017986023662375228,-0.054329383362298644,0.02132386644258477,0.11915186048937598,,65.9,-0.016826283695336564,0.5727289573211453,0.9176276781358335,False,False,False
1409,24.100000381469727,2026-09-22,0.00836823289253874,0.029038629401515692,-0.07557712134509809,0.5826353204358612,,79.8,-0.11372727148301942,0.3399019057901912,0.7888213884380072,False,False,False
1410,24.25,2026-09-22,0.014644367659251367,-0.04150194738039603,-0.010457532821734561,-0.2203604767274182,,27.3,-0.048607682959655896,0.9392222059555251,0.695354192453981,False,False,False
1413,9.5,2026-09-22,0.030368733716037433,0.011714552998442374,0.01387407855162004,-0.01758015252871603,,52.4,-0.024276071586301295,0.263878506433377,0.8636363636363636,False,False,False
1414,17.200000762939453,2026-09-22,0.0,-0.11111108920644741,-0.005780258874628963,-0.01419712922175198,,49.0,-0.0439304090125503,0.5879982230193324,0.8325082186810783,False,False,False
1416,11.399999618530272,2026-09-22,0.013333299424913125,-0.053941955345724546,0.05555550159250355,0.05144410151093726,,66.1,0.01740535145458222,0.44566203601108145,0.9460580446542755,False,False,False
1417,8.020000457763672,2026-09-22,0.005012586290047416,-0.037214822182670915,-0.019655204491952016,-0.09885333271610808,,37.0,-0.05780535462987335,0.7250177257803717,0.8923787368103603,False,False,False
1418,17.350000381469727,2026-09-22,-0.011395946682919544,-0.028011203883169355,-0.028011203883169355,-0.08684208518580383,,36.4,-0.06616135402109069,1.7131662405626074,0.8032407442156342,False,False,False
1419,65.9000015258789,2026-09-22,0.0,-0.001515128395774168,0.01588075765379049,0.11629729208593087,,64.7,-0.022269392484130845,0.39315651908410604,0.8491133046620478,False,False,False
1423,35.349998474121094,2026-09-22,0.002836836145279298,0.009999956403459853,-0.05607482632941685,-0.03801369774135199,,35.5,-0.09422497646733818,0.3370363446383649,0.852136486171848,False,False,False
1432,15.0,2026-09-22,0.003344494406205767,0.0,-0.041533522963198344,-0.05988860061493262,,36.3,-0.07968367310111968,0.5821700071312318,0.8720929845724334,False,False,False
1434,17.950000762939453,2026-09-22,0.025714329310825956,0.011267648616307246,0.05868563719781639,0.12667455097937252,,72.0,0.020535487059895052,0.28897470223212807,0.9205128596379206,False,False,False
1435,22.600000381469727,2026-09-22,0.03908047730895303,-0.008771879924703185,0.09708737684291768,0.24861877929057807,,80.5,0.05893722670499635,0.25058451785263175,0.6838124327738944,False,False,False
1436,36.900001525878906,2026-09-22,0.02216075029286535,-0.04896901413768129,-0.08125641761850755,-0.22379039554446656,,16.8,-0.11940656775642888,0.8269299003098638,0.5619379234671992,False,False,False
1437,32.79999923706055,2026-09-22,0.01705423990885424,0.03144654163496252,0.10330176120021584,0.09424342425512355,,74.7,0.0651516110622945,0.9280637087934681,0.9717900994154334,False,False,False
1438,21.700000762939453,2026-09-22,0.023584904811610574,0.053687928588483036,-0.010238682193883242,-0.1757737220835962,,30.8,-0.04838883233180458,0.9491372800867396,0.6282946390140925,False,False,False
1439,28.299999237060547,2026-09-22,0.02166059413701693,-0.04230118552532125,0.1849693809601467,0.0320700714321438,,78.6,0.14681923082222537,0.35480126416163627,0.9318690829247828,False,False,False
1440,13.25,2026-09-22,0.015325655658390724,-0.02573532144503543,0.018968542418347667,0.05877193376853307,,60.5,-0.019181607719573668,0.7002027122254695,0.8687359813037362,False,False,False
1441,10.13247013092041,2026-09-21,0.003452741835721973,-0.015800854432217792,-0.03858825739464311,-0.12096731558284934,,30.6,-0.07673840753256445,0.3268952953810026,0.6228574493754815,False,False,False
1442,31.149999618530277,2026-09-22,0.04180602060025862,0.017973831052420897,0.1327272588556465,0.1754716837181236,,80.3,0.09457710871772518,2.532219131033294,0.686879838293842,False,False,False
1443,23.350000381469727,2026-09-22,0.015217407889988044,-0.0734127113277886,-0.13518517105667682,-0.033126262927420935,,22.3,-0.17333532119459816,0.5190462279459238,0.8065630316445931,False,False,False
1444,6.860000133514404,2026-09-22,0.030030073676354352,-0.061559481913488145,-0.010100966314309456,0.10466990199268777,,59.3,-0.04825111645223079,0.32270513340610435,0.6860000133514405,False,False,False
1445,10.050000190734863,2026-09-22,-0.009852160744207805,-0.042857124691917825,-0.060747628982893875,-0.16483716875526266,,23.8,-0.09889777912081521,1.00854533078998,0.6607300880100769,False,False,False
1446,13.649999618530272,2026-09-22,0.02631574607338938,0.0036764143866252486,-0.09914826987243386,-0.11774994603461364,,21.2,-0.1372984200103552,0.7052538640937593,0.7439870275588484,False,False,False
1447,6.400000095367432,2026-09-22,0.014263098796201579,-0.0817790117621432,0.047463167842227705,0.25490200294984566,,76.3,0.00931301770430637,0.22570329226940758,0.640640664864709,False,False,False
1449,12.350000381469728,2026-09-22,0.02066115637342092,-0.015936239539883545,-0.16271183854442517,0.02916669845581077,,23.2,-0.2008619886823465,0.815067992895375,0.7530488212643327,False,False,False
1451,17.100000381469727,2026-09-22,0.011834364938100972,-0.014409221585205634,-0.002915407473626064,0.020838352890057754,,53.1,-0.0410655576115474,0.6988751519456847,0.963380303181393,False,False,False
1452,10.75,2026-09-22,-0.022727272727272707,-0.06521739130434778,8.535004609089292e-05,-0.008965230323740747,,50.8,-0.03806480009183044,0.6965692101751138,0.7850132437389783,False,False,False
1453,10.899999618530272,2026-09-22,0.009259206113829244,-0.0020444616045921515,-0.02373908607042685,-0.09459670560738798,,36.6,-0.061889236208348186,0.8011133290648187,0.8019285613902244,False,False,False
1454,12.550000190734863,2026-09-22,0.0,0.016194316039473078,-0.015406037870975497,-0.007683730538723066,,47.8,-0.05355618800889683,0.9522424758863901,0.7621706328071118,False,False,False
1455,9.710000038146973,2026-09-22,0.011458297115234384,-0.02899999618530269,0.032957180916360684,0.11340190966260932,,67.6,-0.0051929692215606504,0.3996808883343485,0.8827272761951793,False,False,False
1456,14.199999809265137,2026-09-22,0.021582748127196405,0.04797045087679974,-0.020689668326542288,-0.020689668326542288,,45.2,-0.05883981846446362,1.1902014014500906,0.9102563757711465,False,False,False
1457,14.5,2026-09-22,0.010452934811344461,0.003460220857774976,0.02112677427918852,-0.04643755398707383,,51.2,-0.017023375858732814,0.8224633302921305,0.9250126787805398,False,False,False
1459,15.800000190734863,2026-09-22,0.029315947757784233,0.07482995889404132,0.2032002692321575,0.23486363245392106,,85.5,0.16505011909423617,0.7862408620108526,1.0,True,True,False
1460,6.300000190734863,2026-09-22,0.0031847102322188903,-0.06942389830366413,-0.09999997275216244,-0.1286306813119208,,20.4,-0.13815012289008377,0.23531882193495834,0.7342657630250461,False,False,False
1463,17.649999618530273,2026-09-22,0.002840865680502347,0.0,0.011461251968285291,-0.01944446563720703,,51.9,-0.026688898169636044,1.301147441665663,0.8914141564962274,False,False,False
1464,10.0,2026-09-22,0.004016060411629274,-0.033816460731379006,0.00407316783334033,-0.01047872843889397,,51.5,-0.034076982304581005,0.8180165644750556,0.8606341556301175,False,False,False
1465,11.600000381469728,2026-09-22,-0.02928865551311932,-0.037344381920519476,-0.06451606948963473,-0.014054376357566567,,36.3,-0.10266621962755607,1.3751014026963608,0.8703769986285469,False,False,False
1466,14.949999809265137,2026-09-22,0.017006802941754495,-0.06254850974069914,0.0661860279140285,-0.093422753787899,,55.0,0.028035877776107165,0.23679873471300963,0.7588892346456255,False,False,False
1467,8.149999618530273,2026-09-22,0.031645508879100115,-0.030915604470770797,0.15275805101078355,0.16096860978261995,,81.1,0.11460790087286221,0.1995886595187911,0.776190439860026,False,False,False
1468,13.0,2026-09-22,-0.007633616683796585,-0.015151500920837613,0.08786612615012523,0.08786612615012523,,72.6,0.0497159760122039,0.9335149047118755,0.8695652284853782,False,False,False
1470,24.450000762939453,2026-09-22,0.02515724829656185,0.027310989357795634,0.13601861466409937,0.13601861466409937,,79.0,0.09786846452617803,2.0321373171937767,0.98390343612113,False,False,False
1471,9.479999542236328,2026-09-22,0.01935476858170282,-0.07961171197221417,-0.1381818597966974,-0.27356326408586085,,9.0,-0.17633200993461873,0.6604192248904486,0.6470989617122862,False,False,False
1472,87.0999984741211,2026-09-22,-0.013590085347260139,-0.004571446010044666,0.03649570157883408,-0.035319379099136405,,54.8,-0.0016544485590872515,1.4757068814264171,0.9616970436021426,False,False,False
1473,19.5,2026-09-22,-0.007633568521234202,-0.025000000000000022,-0.020100483728542895,-0.15347704726274425,,31.1,-0.05825063386646423,0.8974933168386816,0.6156530240965793,False,False,False
1474,10.0,2026-09-22,0.02880655609866367,-0.004975143262281545,0.014851470774686515,0.02499997556209621,,56.5,-0.02329867936323482,1.052612752408206,0.8401639278586659,False,False,False
1475,26.100000381469727,2026-09-22,-0.005714271182105657,-0.015094325227557492,-0.043956003264710275,-0.023048666379091087,,39.4,-0.08210615340263161,0.47029277913869766,0.7039059196562961,False,False,False
1476,274.0,2026-09-22,-0.038596491228070184,-0.13015873015873014,-0.14641744548286606,-0.17669134425859712,,12.2,-0.1845675956207874,0.8620317448173899,0.633874835582064,False,False,False
1477,190.5,2026-09-22,-0.0078125,-0.052238805970149294,-0.11361309391828611,-0.2492646049829229,,11.7,-0.15176324405620745,0.8895152983839414,0.5988139801386089,False,False,False
1503,197.0,2026-09-22,0.01025641025641022,-0.01253132832080206,-0.1713758727271163,0.05362905519432859,,23.7,-0.20952602286503763,0.45936878733375347,0.7528730323565443,False,False,False
1504,68.5999984741211,2026-09-22,-0.005797123563462403,-0.04055946190040427,-0.03516174477711065,0.0923469893224047,,53.3,-0.07331189491503198,0.5856059937125687,0.5905072278454195,False,False,False
1506,9.729999542236328,2026-09-22,-0.004094259329901817,-0.05073175197694357,-0.03184085994282315,-0.1312500260770325,,31.0,-0.06999101008074449,0.3910993982570487,0.7154411227439116,False,False,False
1512,6.190000057220459,2026-09-22,0.00978791870463347,-0.046224919025847355,-0.10029070432312481,-0.1971465594560271,,16.2,-0.13844085446104615,0.7724223390869374,0.6750272634372919,False,False,False
1513,166.0,2026-09-22,0.024691358024691468,0.012195121951219523,-0.07017227620089628,0.0991573680785971,,47.5,-0.10832242633881761,0.6153387355822685,0.9198829947512691,False,False,False
1514,102.0,2026-09-22,0.024096401231396447,0.0049261083743843415,-0.13979145514278102,-0.059860567035265766,,19.5,-0.17794160528070235,0.29404024051177047,0.7106070508434793,False,False,False
1515,30.149999618530277,2026-09-22,0.034305317773119626,-0.09595199406302668,0.015151476230005567,0.28866931276521224,,75.3,-0.022998673907915768,0.18986788042446065,0.6722408170409891,False,False,False
1516,13.100000381469728,2026-09-22,-0.09027772718741411,-0.10273972334300718,-0.3383837936240992,-0.40990991300600355,,1.0,-0.37653394376202054,2.888656789241419,0.5137255051556756,False,False,False
1517,10.350000381469728,2026-09-22,0.004854387360093693,-0.06628578527663931,0.024366158949473915,-0.0703990510718695,,49.6,-0.01378399118844742,0.20987016663385358,0.7404190114408266,False,False,False
1519,712.0,2026-09-22,0.025936599423631135,0.0,-0.013959445354892908,-0.09566316464494562,,38.4,-0.05210959549281424,0.4358602615191095,0.7377044805458354,False,False,False
1521,26.399999618530277,2026-09-22,0.0666666512537486,0.02524270363224379,0.02976192247578502,0.0896077225690497,,64.9,-0.008388227662136316,2.8715086061336055,0.9153438705562315,True,True,False
1522,26.299999237060547,2026-09-22,0.049900201120592014,-0.07067137999710194,-0.09746160598045395,-0.1493155514810104,,19.0,-0.13561175611837528,0.9818780768399685,0.5187886671130376,False,False,False
1524,26.100000381469727,2026-09-22,0.011627951677542825,-0.04918034039883801,-0.10769229465060759,-0.03009330269834709,,26.8,-0.14584244478852892,0.6138375471968108,0.7650732761705401,False,False,False
1525,64.5999984741211,2026-09-21,0.001550363939861965,-0.040118936927242776,0.025396739087983233,0.10972221921875214,,65.8,-0.012753411049938101,0.2615795175311121,0.9389534245445151,False,False,False
1526,14.649999618530272,2026-09-22,-0.003401373563511889,-0.11746992277880941,0.020905869622688922,-0.1432748952213111,,40.8,-0.017244280515232413,0.12273933711206479,0.6220806833605167,False,False,False
1527,32.70000076293945,2026-09-22,0.015527949942643282,0.003067555015309198,0.016966708762921723,0.06441457849464127,,60.7,-0.021183441374999612,0.6449093773913607,0.9211555863797509,False,False,False
1528,26.149999618530277,2026-09-22,0.0608519279193982,0.40214478034348833,0.07613170533142433,0.2334905036533823,,77.8,0.03798155519350299,5.591639438679204,0.8249211037591615,False,False,False
1529,16.350000381469727,2026-09-22,0.07213117255539192,-0.04385964814437848,-0.18076921275808622,-0.2685438875339943,,6.3,-0.21891936289600755,3.279386196193048,0.6323393810529571,False,False,False
1530,26.799999237060547,2026-09-22,-0.01651378946566795,-0.0821918309305314,0.0005031383127649391,0.11462896584658888,,62.2,-0.037647011825156396,0.5135156516026512,0.818847555232467,False,False,False
1531,11.75,2026-09-22,0.01731600051622273,-0.03610666442189503,-0.009750297418068765,0.01808811664447174,,51.6,-0.0479004475559901,0.5142625528899518,0.9251968642887636,False,False,False
1532,22.5,2026-09-22,0.008968644384842461,-0.023861139057056446,0.01867195659093479,0.06034488570251084,,60.6,-0.019478193546986544,0.7241416449936028,0.8272193748268369,False,False,False
1533,30.75,2026-09-22,0.026711159154642727,-0.03453690324316938,-0.16779433382740283,0.02842810676636076,,21.9,-0.20594448396532417,0.6533592695796143,0.7573891910267043,False,False,False
1535,45.84999847412109,2026-09-22,0.03382187264054304,-0.002176328338584499,-0.02483939949011249,-0.07480020451028013,,38.2,-0.06298954962803383,0.5151260549693863,0.8706791126438785,False,False,False
1536,46.34999847412109,2026-09-22,0.007608662480893091,-0.056008148380074396,-0.035379829134903784,-0.0929549929909601,,33.8,-0.07352997927282512,0.3563761932300298,0.701210280545886,False,False,False
1537,115.0,2026-09-22,0.00877192982456143,-0.04166666666666663,-0.03649970225562138,-0.013094828805938818,,42.2,-0.07464985239354271,0.6244940092324134,0.9375599064957955,False,False,False
1538,8.300000190734863,2026-09-21,-0.06214691152855345,-0.09388642696541238,-0.29957806552362043,-0.4876543333428308,,0.9,-0.33772821566154176,0.132261927088593,0.2996389878024714,False,False,False
1539,15.649999618530272,2026-09-22,0.009677394743888401,-0.012618344361258083,-0.0031847255632040383,-0.05438064410993437,,45.4,-0.04133487570112537,0.30273794912801366,0.7262181054566458,False,False,False
1540,19.450000762939453,2026-09-22,0.018324626936096156,0.013020832815932026,-0.06262333780079532,-0.0583037262164573,,32.3,-0.10077348793871665,0.3563362773813036,0.7298146256614377,False,False,False
1541,21.0,2026-09-22,0.012048192771084265,-0.03448275862068961,-0.05405408656303867,-0.16666669189614514,,24.6,-0.09220423670096001,0.31636332821753743,0.715502546066693,False,False,False
1558,111.5,2026-09-22,0.02764976958525356,0.08780487804878057,0.2987026328125173,0.2679475244509648,,89.1,0.26055248267459596,0.9591645684814912,1.0,True,True,False
1560,950.0,2026-09-22,0.2925170068027212,0.3970588235294117,0.3100956773525778,1.1443271245092368,,95.3,0.2719455272146565,2.48263503003435,1.0,True,True,False
1563,72.4000015258789,2026-09-22,-0.021621601001636348,-0.11289336347063728,-0.10856060954771463,0.4401030421330785,,70.6,-0.14671075968563596,0.4270428083686083,0.8123398687842124,False,False,False
1568,30.600000381469727,2026-09-22,0.06250004139211551,0.06806285476102514,-0.26442304077232937,0.40300042037857486,,38.1,-0.3025731909102507,0.7292673582075327,0.6144578483988727,False,False,False
1569,64.19999694824219,2026-09-22,0.2995950397817313,0.4109889439174108,0.36595738187749327,0.28399993896484377,,91.0,0.32780723173957194,6.020513600199715,0.9344978136841804,True,True,False
1570,32.29999923706055,2026-09-22,-0.004622543061700624,-0.03437971598353551,-0.17602044366290726,0.04492043593128914,,22.0,-0.2141705938008286,0.3789076472325761,0.604452197079698,False,False,False
1580,96.5999984741211,2026-09-22,0.006249984105427986,-0.09719627594279356,-0.15314286203495375,-0.19891892644277331,,10.4,-0.1912930121728751,0.9811917188036541,0.7436558849023153,False,False,False
1582,70.5999984741211,2026-09-22,0.02170767052276812,-0.03287673323121787,-0.19772729006680578,-0.1099045793486556,,10.3,-0.23587744020472712,0.41811697665989817,0.61077674401413,False,False,False
1583,46.400001525878906,2026-09-22,-0.00960505790604771,-0.01585070521701437,0.0036373915901275478,0.16514229345862175,,66.8,-0.03451275854779379,0.7676598403726531,0.8447281931012547,False,False,False
1584,18.100000381469727,2026-09-22,0.005555576748318192,0.016853997599312276,-0.044854899590931585,-0.1605882313916538,,26.5,-0.08300504972885292,0.5229792881157133,0.694740424801678,False,False,False
1586,17.950000762939453,2026-09-22,-0.002777735392252567,-0.016438314359482065,-0.10249996185302734,-0.21615715886673514,,14.6,-0.14065011199094868,0.38016807134211067,0.5904605588217855,False,False,False
1587,23.75,2026-09-22,0.021505376344086002,-0.01041666666666663,-0.13636363636363635,-0.3155619747027312,,7.5,-0.1745137865015577,0.33354816034604357,0.41813380843328835,False,False,False
1589,5.539999961853027,2026-09-21,0.0,0.0,0.0,-0.281452667387468,,24.2,-0.038150150137921335,,0.23083333174387613,True,True,False
1590,1260.0,2026-09-22,-0.015625,-0.12195121951219512,-0.07409329376237062,0.3504831102277908,,69.1,-0.11224344390029195,1.3489124885576496,0.7899686520376176,False,False,False
1591,40.54999923706055,2026-09-22,0.03974357018103958,0.11707989226790283,0.3017656415295258,-0.0036855411072987954,,84.9,0.26361549139160445,1.3341275712038232,0.5989660423184615,False,False,False
1593,31.899999618530277,2026-09-22,0.01592356707243181,0.0015698347397710144,0.051070814417745636,-0.01565583287700767,,59.5,0.012920664279824301,0.7800318055782092,0.9620677039681413,False,False,False
1594,8.100000381469727,2026-09-22,0.02661603530263057,0.05194812754713096,0.008717391136529251,0.03846156197421835,,56.7,-0.029432759001392084,0.5958172394612213,0.5159235974442257,True,False,False
1595,74.5999984741211,2026-09-22,0.20907613535930647,0.20322578184066287,-0.08128077244052123,0.7761904398600261,,85.3,-0.11943092257844257,1.5941477137865645,0.7422885420310557,True,False,False
1597,135.0,2026-09-22,0.011235955056179803,0.026615969581748944,-0.1159371254726651,0.6569431887507744,,79.5,-0.15408727561058644,0.3641229528448524,0.6140436414783448,False,False,False
1598,20.450000762939453,2026-09-22,0.01741295397150311,-0.023866347579542757,0.07930286816772814,0.08488065512415521,,71.9,0.0411527180298068,0.5311705317781741,0.8621125939379718,False,False,False
1599,23.100000381469727,2026-09-22,0.006535930873366125,0.021786457267307435,0.013015828857199097,-0.08691421328553228,,45.4,-0.025134321280722238,0.38625694606501315,0.7613957389687059,False,False,False
1603,30.100000381469727,2026-09-22,0.00500833438094217,-0.032154340441610696,0.009960751155104308,-0.03408269687387777,,50.2,-0.028189398982817027,0.4027256651019781,0.7477706760696803,False,False,False
1604,23.549999237060547,2026-09-22,0.008565261341474617,0.010729614085237982,0.010729614085237982,0.0032517364357071976,,53.5,-0.027420536052683353,0.47701699539337866,0.9777785696948386,False,False,False
1605,37.0,2026-09-22,0.017881748367656103,-0.028871352183078014,-0.018567659118659208,0.23892275228514048,,69.1,-0.05671780925658054,0.704127096026503,0.8473895884074665,False,False,False
1608,35.599998474121094,2026-09-22,0.005649631062755178,-0.029972813786128483,0.11733118032301504,0.19088595719251433,,79.5,0.0791810301850937,0.3006577402362148,0.9319371142175262,False,False,False
1609,38.09999847412109,2026-09-22,0.024193486363534022,0.020080322105492376,0.03814707580593257,0.20132402386197024,,73.3,-3.074331988761614e-06,0.4900359370195203,0.8203544653803309,True,False,False
1611,11.5,2026-09-22,0.017699097866309854,-0.05737703444335551,-0.11538461538461542,-0.07652831518024494,,21.9,-0.15353476552253675,3.7406792732842895,0.7666666666666667,False,False,False
1612,35.04999923706055,2026-09-22,0.015942006871320302,0.010086411136189355,-0.001792464370710234,0.0631546329508097,,57.0,-0.03994261450863157,0.31104556700457137,0.9245390761438522,False,False,False
1614,31.100000381469727,2026-09-22,0.006472516679887352,0.009740297137676546,0.004938667726415602,0.0017982206904865183,,52.7,-0.03321148241150573,1.1037734441618314,0.8571535135953504,False,False,False
1615,43.150001525878906,2026-09-22,0.002322933579340658,-0.021541881657879403,0.02062164772693942,0.015001345078135664,,56.9,-0.017528502410981917,0.4870670538594344,0.9197817766260497,False,False,False
1616,18.450000762939453,2026-09-22,0.00544961195590532,-0.058673448783067794,-0.1232731571483302,-0.18861926317465305,,13.7,-0.16142330728625154,0.5646140979216508,0.5225292081904043,False,False,False
1617,19.600000381469727,2026-09-22,0.11363636117336173,0.12968299426685093,0.18654327717522645,0.3952112800355727,,87.6,0.14839312703730512,0.7150533509498253,0.7576989500355916,True,False,False
1618,39.20000076293945,2026-09-22,0.01950585136848426,-0.00507616129933619,-0.0032682686469299727,0.017833098685994697,,52.6,-0.04141841878485131,0.41185754332402874,0.8156886661127692,False,False,False
1623,201.0,2026-09-22,-0.014705882352941124,0.015151515151515138,-0.06074766355140182,0.04960835509138373,,43.9,-0.09889781368932316,0.3623766279902753,0.6158088350447268,False,False,False
1626,9.81999969482422,2026-09-22,0.043570653991547914,0.02291659423046921,-0.0030457548714359906,-0.03725491387713009,,47.1,-0.041195905009357325,0.5710357741266304,0.7671874647261582,True,False,False
1708,50.09999847412109,2026-09-22,0.04374996821085597,0.006024081157762096,-0.05113637882487543,0.21429286659407443,,61.8,-0.08928652896279676,0.5105423503341868,0.8119934822466649,False,False,False
1709,45.95000076293945,2026-09-22,0.29436621867435075,0.36612183673293486,1.211968356162119,1.6152553488035313,,98.2,1.1738182060241977,3.490882157752068,1.0,True,True,False
1710,16.75,2026-09-22,0.06687899385293106,0.094771228182285,0.20071686229523777,0.1166666666666667,,82.6,0.16256671215731644,0.7205679063847911,0.8885941464736463,False,False,False
1711,38.70000076293945,2026-09-22,0.015748092200736252,-0.0652174073291204,-0.1641468379990323,0.0025907329733552142,,20.7,-0.20229698813695363,0.5202364229394881,0.6241935606925718,False,False,False
1712,39.900001525878906,2026-09-22,0.0,0.002512620370234586,0.017857161972334668,-0.10837985417030382,,43.7,-0.020292988165586667,0.46512328444073014,0.888641429174158,False,False,False
1713,41.34999847412109,2026-09-22,-0.01664686743495869,-0.05808662786160956,-0.11630217723516867,-0.08146761078540599,,21.4,-0.15445232737309,1.0896742980338578,0.8400998014619597,False,False,False
1714,16.100000381469727,2026-09-22,0.06270632256501774,-0.03303298796766552,-0.1202760118006102,0.7350633050724733,,82.1,-0.15842616193853154,0.3659296257170297,0.7153799489057726,False,False,False
1717,71.0,2026-09-22,0.04258445801553057,-0.0042076162540980455,-0.06255463580595255,0.19452862158691087,,57.8,-0.10070478594387389,0.3393300077550267,0.8313817181664189,False,False,False
1718,10.699999809265137,2026-09-22,0.02884617324411609,-0.004651180533475685,0.05418721294636919,0.4134741831738722,,82.9,0.016037062808447855,0.3176436108553729,0.7039473647060817,False,False,False
1721,24.350000381469727,2026-09-22,0.15402843323425675,0.2423469340587745,0.0020576603283559702,0.3453038601258027,,76.3,-0.036092489809565365,1.02882624073774,0.7007194354379778,False,False,False
1722,41.84999847412109,2026-09-22,-0.0035714649018788736,-0.05316747167997293,-0.08581686648759768,-0.02791859866504942,,30.5,-0.12396701662551901,1.1242198736795062,0.8627941386730646,False,False,False
1723,80.69999694824219,2026-09-22,-0.007380148597702307,-0.08710412267790013,-0.0161042490396619,0.13080616701705328,,60.8,-0.054254399177583235,0.7133871506239342,0.8996655484259036,False,False,False
1725,33.54999923706055,2026-09-22,0.027565012836777036,0.07017540123831023,-0.012386089435963088,0.10241620944342533,,58.5,-0.05053623957388442,0.8957759800103744,0.8412118212852268,False,False,False
1726,76.9000015258789,2026-09-22,0.005228778116064037,-0.011568142552387362,0.023088167212800936,0.06780597051292503,,62.0,-0.015061982925120398,0.605945728259926,0.9808673473111493,False,False,False
1727,106.0,2026-09-22,0.17647060815928617,0.1777777777777778,0.13441231370474793,1.090177118393226,,93.4,0.0962621635668266,2.2661602869191504,1.0,True,True,False
1730,51.29999923706055,2026-09-22,0.001953095168574226,0.0,0.012283814004261595,0.03149222123105733,,56.8,-0.02586633613365974,0.2555943827357064,0.988439262597725,False,False,False
1732,26.200000762939453,2026-09-22,0.013539666394768002,0.017386155201548403,0.027131254885592204,0.027131254885592204,,58.9,-0.01101889525232913,0.2005021926825273,0.8026384262232243,True,False,False
1735,20.399999618530277,2026-09-22,0.056994840671157565,0.014925334893880038,-0.0933333502875432,-0.21827434800982726,,15.7,-0.13148350042546453,0.26800257905090225,0.6621240801944919,False,False,False
1736,124.5,2026-09-22,-0.0040000000000000036,-0.019685039370078705,0.0837323109871313,0.035856579774748765,,69.3,0.04558216084920996,0.7575982278302349,0.7047221345555195,False,False,False
1742,17.5,2026-09-22,-0.005681839733083893,-0.014084507042253502,0.17056857680724002,0.01449275362318847,,76.5,0.1324184266693187,0.9813697968707197,0.9459459459459459,False,False,False
1773,162.0,2026-09-22,0.02857142857142847,0.012499999999999956,-0.05813953488372092,0.1630517681799688,,55.6,-0.09628968502164226,0.7028339524131738,0.8499223994240578,False,False,False
1776,18.149999618530277,2026-09-22,0.022535189776353715,0.08035716921293967,-0.09022561782318261,0.20780086509865492,,53.9,-0.12837576796110395,1.039253162710685,0.8875305105818208,False,False,False
1785,96.0,2026-09-22,0.02345412448471107,-0.054187192118226646,-0.3149928177994452,0.09065388117484252,,9.4,-0.35314296793736655,0.5146814540074642,0.5276406728050594,False,False,False
1802,58.79999923706055,2026-09-22,0.04999998637608116,0.03339187452073267,-0.15517240623325934,0.1329479288693487,,32.8,-0.19332255637118068,0.7367714565815832,0.7676240262188232,False,False,False
1805,10.25,2026-09-22,0.014851446818306302,0.009852254702272356,-0.009661872249663417,-0.10869565217391308,,37.9,-0.04781202238758475,1.2593945424945447,0.7945736669074264,False,False,False
1806,7.980000019073486,2026-09-22,-0.0012515334582141602,-0.004987585586913923,-0.009092222492617874,-0.05408109165231001,,43.8,-0.04724237263053921,0.37443305336317256,0.8589263549515437,False,False,False
1808,35.0,2026-09-22,0.06060606060606055,-0.019607864089071114,0.12721419838957115,0.1494252585569169,,78.8,0.08906404825164982,1.435673592186444,0.8140954759913421,False,False,False
1809,40.59999847412109,2026-09-22,0.12777773539225246,0.07692301465501417,-0.212806487695005,0.4883550321824093,,57.2,-0.2509566378329263,0.796859333334796,0.6854923888646322,True,False,False
1810,23.850000381469727,2026-09-22,0.01705755247404661,-0.05168983128344562,0.1984925044551924,0.37615337308802,,87.7,0.16034235431727106,0.09303904084971534,0.6983894382375407,False,False,False
1815,122.0,2026-09-22,0.06550218340611358,0.19628226568193807,0.2018723335939392,0.3016228300125672,,86.5,0.16372218345601786,1.4611441767584739,0.9525951374874692,False,False,False
1817,40.29999923706055,2026-09-22,0.002487524184658252,0.007499980926513716,0.05797107835326942,0.10028982011405962,,70.1,0.019820928215348088,0.628132471879572,0.9950617095570505,False,False,False
2002,18.649999618530277,2026-09-22,0.0,-0.028645891799692458,-0.01324802717138307,-0.020957067868862977,,46.6,-0.051398177309304405,0.7294215150628729,0.884594138537732,False,False,False
2006,86.0999984741211,2026-09-22,0.06427684610832518,0.043636345140861676,0.2299999782017299,0.18431914839582264,,85.6,0.19184982806380857,1.0433060162216867,0.9728813386906339,False,False,False
2007,6.949999809265137,2026-09-22,0.04511273828502538,-0.01697317673021237,-0.022503561356500446,-0.18042450655223774,,28.3,-0.06065371149442178,0.46257235423500265,0.7696567015266499,False,False,False
2008,30.5,2026-09-22,0.0,0.0,0.0034083464045073786,0.1413089622405843,,64.7,-0.034741803733413956,0.43432631373726965,0.9713375914183402,False,False,False
2009,40.09999847412109,2026-09-22,0.0497381589851944,-0.04295949847748992,0.04757780915381127,0.0059867460535592,,60.9,0.009427659015889933,0.5020355968648706,0.7384564956583961,False,False,False
2010,22.049999237060547,2026-09-22,0.023201856969912393,-0.03289473794283748,-0.015040619547463496,-0.03089511942266232,,45.3,-0.05319076968538483,0.6090501948652995,0.9334208683275492,False,False,False
2012,14.149999618530272,2026-09-22,0.014336904085998636,-0.034129693721463794,-0.04688040400988147,-0.08609106154452828,,32.6,-0.0850305541478028,1.0231484563761237,0.8251292275266449,False,False,False
2013,41.34999847412109,2026-09-22,-0.0012078031380400311,-0.014302795659265732,-0.00487881993221595,-0.028098358151090186,,47.9,-0.043028970070137285,0.44684384370962604,0.9686727142727308,False,False,False
2014,16.600000381469727,2026-09-22,0.021538485013521624,-0.04046236337925746,-0.06741566893398276,-0.10027101923951276,,27.6,-0.1055658190719041,0.430550971331573,0.8320801878016503,False,False,False
2015,64.19999694824219,2026-09-22,-0.004651210104772319,-0.007727975634990836,0.05940591691035202,-0.01648046605903397,,61.0,0.021255766772430684,0.6129691725805966,0.9570133273890725,False,False,False
2017,8.9399995803833,2026-09-22,0.03712293492721597,-0.01866082137218772,-0.01866082137218772,-0.1235294365140398,,34.3,-0.056810971510109054,0.7136481929244881,0.8239630659968972,False,False,False
2020,21.5,2026-09-22,-0.002320150293767087,-0.020501172997644646,-0.009216624696208542,-0.04110193137428375,,45.5,-0.04736677483412988,0.6650269994377668,0.9063557192628668,False,False,False
2022,7.139999866485596,2026-09-22,-0.0069541293931773,-0.08108109600867663,-0.07031249660455308,-0.23799360152718174,,17.1,-0.10846264674247441,0.5221032158075304,0.7270875853742481,False,False,False
2023,13.600000381469728,2026-09-22,-0.007299228407855907,-0.02508956505956006,-0.0036629478723697595,-0.062068939208984264,,44.3,-0.041813098010291094,0.7285820882082513,0.8395061568504544,False,False,False
2024,12.949999809265137,2026-09-22,0.007782056406754112,-0.04428047033386695,-0.08156032206324804,-0.13377926592082745,,23.1,-0.11971047220116937,1.012249223122564,0.6709844726002935,False,False,False
2025,12.550000190734863,2026-09-22,0.059071711960427375,-0.03088800188584495,-0.05992510620788394,0.05020923774446673,,44.2,-0.09807525634580527,0.6968654415567195,0.8202614401491771,False,False,False
2027,46.5,2026-09-22,0.03333333333333344,-0.08823529411764708,0.2023762071531825,0.31704421975501074,,87.0,0.16422605701526116,0.5930003140831964,0.9117647058823529,False,False,False
2028,15.899999618530272,2026-09-22,0.019230719854141487,0.006329077632166724,-0.02424241998602661,-0.14814812543985267,,30.7,-0.062392570123947944,0.6917325859773381,0.7872860379387034,False,False,False
2029,21.100000381469727,2026-09-22,0.021791804903262157,-0.06013364523792408,0.046848867167590624,0.059615302093239064,,65.1,0.00869871702966929,0.8570424878061913,0.9398663547620759,False,False,False
2030,27.25,2026-09-22,0.22747743529319986,0.1847826086956521,0.43799466506053486,0.7178337557623706,,94.5,0.3998445149226135,2.024629772137135,1.0,True,True,False
2031,45.650001525878906,2026-09-22,0.05427257113683703,-0.009761322410776097,0.17201542058285235,0.20640110038004011,,83.9,0.13386527044493102,0.5240851327617649,0.9806659994429149,False,False,False
2032,17.450000762939453,2026-09-22,0.035608330438351654,0.005763710620809492,0.023460501101340014,0.06383367645887472,,61.4,-0.01468964903658132,1.0761477962298014,0.9356568965074654,True,False,False
2033,37.29999923706055,2026-09-22,0.46274506812002136,0.6954545107754795,1.2743902502848519,1.429967316618995,,98.1,1.2362401001469305,2.9519760820235903,1.0,True,True,False
2034,21.950000762939453,2026-09-22,0.0733496305153385,0.07073174453363196,0.14448605334016218,0.14165305999557343,,79.7,0.10633590320224084,1.7496855915166045,1.0,True,True,False
2035,27.0,2026-09-22,0.003717486352707411,-0.018181818181818188,-0.014598526426977121,-0.025270784969652516,,45.9,-0.052748676564898456,1.4675698971869326,0.8852459016393442,False,False,False
2038,12.100000381469728,2026-09-22,0.02978726650806207,-0.06201544656725266,-0.1037036754466868,-0.23659305424270738,,13.3,-0.14185382558460813,0.4384777819086882,0.7289156688801487,False,False,False
2049,331.0,2026-09-22,0.006079027355623046,-0.03639010189228531,-0.004685121392408398,0.4764206021927273,,81.2,-0.04283527153032973,0.4606263790522164,0.8130228074534906,False,False,False
2059,12670.0,2026-09-22,0.08151941954758857,-0.11764817896873603,0.7381667665206548,2.612127698255838,,98.4,0.7000166163827335,0.8446912067285803,0.8762708347741891,False,False,False
2061,55.09999847412109,2026-09-22,0.16737283015860793,0.0803921269435508,-0.20719426655940887,2.2797619628798147,,95.7,-0.2453444166973302,0.9702948736942734,0.6638554033026637,False,False,False
2062,18.049999237060547,2026-09-22,0.002777735392252678,-0.011789834091472273,-0.004029076539193488,-0.048847750076285945,,45.8,-0.04217922667711482,0.7695622872697251,0.8043570981124795,False,False,False
2063,23.899999618530277,2026-09-22,0.010570824694818182,-0.008298786712602202,-0.022494933629730207,-0.12293579381540265,,33.6,-0.06064508376765154,0.8939490700365176,0.8115449575338068,False,False,False
2064,11.949999809265137,2026-09-22,-0.016460890168268794,-0.05533595497028665,-0.14028775991227826,0.02136752171585732,,26.0,-0.1784379100501996,1.1075939958100354,0.775974032810113,False,False,False
2065,35.04999923706055,2026-09-22,0.0,-0.03176799728292401,0.05097453795263651,0.11647993652157296,,70.3,0.012824387814715177,1.0357836466382193,0.9346666463216146,False,False,False
2066,52.5,2026-09-22,0.035502942997513776,-0.03314915768602844,-0.2109835427793828,0.09151222381292179,,20.3,-0.24913369291730414,0.43301732586749275,0.7468635125295068,False,False,False
2067,5.289999961853027,2026-09-22,0.08401636020434422,0.06868690215936923,-0.19604862869458217,-0.33626096598356103,,4.1,-0.2341987788325035,0.9609056362092929,0.448305074266578,True,False,False
2069,25.600000381469727,2026-09-22,0.12280707184664652,0.2337349581431194,0.3653333536783854,0.4521194410619629,,92.3,0.32718320354046404,2.2596065365365523,1.0,True,True,False
2070,61.59999847412109,2026-09-22,0.02495840329589849,-0.05376344212037654,-0.022819734986085027,0.6126896996932725,,84.2,-0.06096988512400636,0.33291934738654744,0.7530455121424098,False,False,False
2071,31.5,2026-09-22,0.0,-0.07624629297547514,0.270161329397427,0.3876651515989211,,89.9,0.23201117925950565,0.06075211181849369,0.8713692578256164,False,False,False
2072,128.0,2026-09-22,0.0039215686274509665,-0.11394077438160444,-0.23580564961787132,-0.42997582533355005,,1.6,-0.27395579975579265,0.5119718733358268,0.4446737742168759,False,False,False
2073,25.850000381469727,2026-09-22,0.005836560859040052,-0.01711022314239108,-0.0481437044833416,-0.06012742828908013,,34.9,-0.08629385462126293,0.6827103601297149,0.9070175572445518,False,False,False
2101,29.950000762939453,2026-09-22,-0.0016666412353515403,-0.08936274403482669,-0.034609319105714076,-0.10943298248145328,,32.7,-0.07275946924363541,0.7189012780557691,0.7563867716542716,False,False,False
2102,16.649999618530273,2026-09-22,-0.06460672291130853,-0.10723860809159713,-0.08011053770053633,-0.12598423698942873,,23.9,-0.11826068783845767,4.9576080721254066,0.7909738822800692,False,False,False
2103,27.350000381469727,2026-09-22,0.06213593714445542,-0.033568865060135455,0.2750582474907919,0.4098556830814981,,90.6,0.23690809735287055,0.5715807705049016,0.9496528161804627,False,False,False
2104,10.600000381469728,2026-09-22,0.029126231570822947,0.02415458848171559,0.029126231570822947,-0.1275719576728711,,44.4,-0.009023918567098388,0.7219281661577163,0.7737226663536946,False,False,False
2105,30.0,2026-09-22,0.0,-0.0461049515982247,0.01351350045186761,0.04209300049816744,,57.8,-0.024636649686053724,0.6103077000025048,0.822847442716391,False,False,False
2106,16.450000762939453,2026-09-22,-0.009036121390558205,-0.05730658775235209,-0.029498523745983052,-0.04360464922862162,,40.7,-0.06764867388390439,0.6505286955720366,0.8033721267195763,False,False,False
2107,27.0,2026-09-22,0.011235926160607423,0.013133222757210072,0.04247105782514082,0.14035929619803045,,70.8,0.0043209076872194885,0.8523417827371149,0.9890110166503855,False,False,False
2108,28.600000381469727,2026-09-22,0.030630644377287464,-0.054545441934885086,0.01598581772779939,0.16534396859471578,,68.9,-0.022164332410121945,0.5128686071808539,0.8895800629573335,False,False,False
2109,14.800000190734863,2026-09-22,0.006802747127023556,-0.0033670161246094343,0.017182130358953218,0.016951501617831655,,56.2,-0.020968019778968117,0.5685184040988301,0.9304023987339416,False,False,False
2114,89.69999694824219,2026-09-22,0.01241533287884189,0.014705830315882018,0.0011160544176791465,0.07331284599541554,,58.2,-0.03703409572024219,0.5147771157753334,0.9911601872733944,False,False,False
2115,23.75,2026-09-22,0.0021096723818985197,-0.012473981146671087,0.15853658536585358,0.18946471489543804,,82.4,0.12038643522793224,0.5670116518477419,0.9427609121700021,False,False,False
2201,29.25,2026-09-22,-0.0134907124342859,0.02487733222483457,0.09848735990106938,0.08253831733795125,,73.4,0.06033720976314805,1.3430114692161936,0.6879799520064817,False,False,False
2204,52.70000076293945,2026-09-22,0.013461553133450987,-0.029465902331524685,0.017247120190622578,0.04362026454567203,,58.5,-0.020903029947298757,0.3900972530916171,0.8805545732656408,False,False,False
2206,63.79999923706055,2026-09-22,0.006309112011903872,-0.003125011920928955,0.08954393227373791,0.155292332056175,,75.9,0.05139378213581658,0.8231407933665137,0.9845678430925608,False,False,False
2207,521.0,2026-09-22,-0.016981132075471694,-0.0019157088122605526,0.0854166666666667,0.12346188974322914,,74.1,0.04726651652874536,1.017156932015534,0.8747083003928268,False,False,False
2208,19.25,2026-09-22,0.026666666666666616,0.0026041268267580353,0.10000000000000009,-0.06553399788691705,,63.8,0.061849849862078754,0.23623966415292846,0.7418111535276688,False,False,False
2211,80.0,2026-09-22,-0.0012484204247944497,-0.05660380753557426,-0.09069513378083327,-0.15340586737233397,,19.9,-0.1288452839187546,0.6526546634888712,0.7101595504829615,False,False,False
2221,154.0,2026-09-22,0.6024974239876901,1.4328594290067054,2.3078679143045524,4.240187088271651,,98.9,2.2697177641666313,3.1637292358598708,1.0,True,True,False
2227,45.29999923706055,2026-09-22,-0.006578930857438436,-0.05904351635004901,-0.06854810940363698,-0.07415926930833516,,29.7,-0.10669825954155832,1.1233834374130751,0.8032555084324721,False,False,False
2228,74.4000015258789,2026-09-22,-0.00667556728723484,0.0013458744281804602,-0.09831104790665546,-0.10140259143815844,,22.9,-0.1364611980445768,2.743562536931894,0.686701088017387,False,False,False
2230,21.350000381469727,2026-09-22,0.011848341018019681,-0.07173911384914233,-0.1604117673399319,-0.32287075892465555,,6.0,-0.19856191747785323,1.3714474806717727,0.20731065647858754,False,False,False
2231,92.5,2026-09-22,0.0393258426966292,0.010928961748633892,0.020369501184426042,-0.06483239247025696,,49.3,-0.017780648953495293,0.14479353258177163,0.6523204687003832,False,False,False
2233,165.0,2026-09-22,0.054313099041533475,-0.054441260744985676,-0.26838907019234703,-0.2554688076638769,,2.9,-0.30653922033026837,0.43720428438262904,0.4420349146363239,False,False,False
2235,28.399999618530277,2026-09-22,0.012477732299090327,0.05576208257515036,-0.015508191106647362,-0.11176956204459243,,36.5,-0.0536583412445687,0.4292737437780859,0.810210203968141,False,False,False
2236,112.5,2026-09-22,-0.04661016949152541,-0.07786885245901642,-0.1697416974169742,0.06635071090047395,,24.9,-0.20789184755489554,1.1567564103899057,0.6097560975609756,False,False,False
2237,27.0,2026-09-22,0.007462715247501972,-0.0391459205173218,-0.3224591961393921,-0.12903225806451613,,3.5,-0.36060934627731345,0.3392629689777651,0.6443913846476558,False,False,False
2239,18.950000762939453,2026-09-22,-0.01813463668169557,-0.047738636874455675,-0.1577777438693576,-0.15212525997758797,,12.2,-0.19592789400727895,1.9162015205907064,0.4909326816591523,False,False,False
2241,41.04999923706055,2026-09-22,0.2308845911616606,0.2109143772670159,-0.10371179212065107,0.29905059308582516,,60.0,-0.1418619422585724,2.0270149733562666,0.7955426443984941,True,False,False
2243,52.59999847412109,2026-09-22,0.10853525033457978,0.3232704018646815,-0.05225227974556601,1.7183461207831696,,94.7,-0.09040242988348735,0.6981440072150195,0.7969696738503195,False,False,False
2245,23.649999618530277,2026-09-22,0.0,-0.05400001525878895,0.0038944860014433758,-0.07805607514437829,,44.0,-0.03425566413647796,0.17913810393856552,0.8340046717242038,False,False,False
2247,232.0,2026-09-22,0.01089324618736387,0.026548672566371723,0.020637491636692262,0.009916534363401341,,56.1,-0.017512658501229073,0.6539604618326789,0.8174132298096242,False,False,False
2248,61.70000076293945,2026-09-22,0.04047220163164833,-0.028346444678118865,0.19064089124974593,0.33733172543262624,,86.8,0.1524907411118246,0.3785356895943948,0.9222720382012557,False,False,False
2249,91.0,2026-09-22,0.030577540825899696,-0.014084539640034643,-0.07889035170905945,-0.13307324069147142,,23.5,-0.11704050184698078,0.8221571903694227,0.7421891120103005,False,False,False
2250,56.400001525878906,2026-09-22,0.029197122465218994,-0.010796525425373127,-0.047374751348034705,-0.053461796882777524,,35.9,-0.08552490148595604,0.37582516448744024,0.6323723845692968,False,False,False
2252,29.100000381469727,2026-09-22,-0.008517887453174944,0.5478724235320567,0.5989010528354413,0.4195122137302305,,94.8,0.5607509026975199,1.3485227911251982,0.8899082477835968,False,False,False
2254,82.0999984741211,2026-09-22,0.12311901761784827,0.4010239012272001,0.3986370938167918,0.1645389854485262,,90.6,0.36048694367887046,4.485889340794219,0.9535423917434531,True,True,False
2255,17.899999618530273,2026-09-22,0.02285712105887283,0.297101403704914,-0.01648357867215422,-0.01648357867215422,,46.5,-0.054633728810075555,0.846107065598245,0.5966666539510092,True,False,False
2256,76.5999984741211,2026-09-22,0.06388886769612623,-0.14604235139138222,0.09607596199760393,0.27666664123535156,,81.3,0.0579258118596826,0.7055885366909245,0.7800407419003718,False,False,False
2258,30.899999618530277,2026-09-22,0.028286203096518747,-0.01748811227557412,-0.07207206226777452,0.02657804740604086,,39.2,-0.11022221240569585,0.7962127992397608,0.710344818816788,False,False,False
2301,284.5,2026-09-22,0.038321167883211604,-0.008710801393728262,0.33546300798112294,0.8766310567928488,,94.5,0.2973128578432016,0.628886090830191,0.8960629921259843,False,False,False
2302,43.70000076293945,2026-09-22,0.08706467496455028,0.024618973024501223,-0.08287498536931848,1.392499971544443,,92.6,-0.12102513550723981,0.9588246640116176,0.7888086563052882,False,False,False
2303,160.0,2026-09-22,0.15523465703971118,0.29554655870445345,-0.08830093609100642,1.880323671625972,,95.0,-0.12645108622892776,1.3684758470709741,0.9116990639089936,True,False,False
2305,60.0,2026-09-22,0.3348164400804421,1.251407161682689,0.5873016193390219,3.1522491897563105,,98.5,0.5491514692011006,1.2653336810500146,1.0,True,True,False
2308,1900.0,2026-09-22,0.13772455089820368,0.09510086455331401,-0.04040404040404044,0.3497775028179624,,72.9,-0.07855419054196178,1.2054508552076204,0.7579107863509446,True,False,False
2312,31.049999237060547,2026-09-22,-0.0016077538198029373,-0.022047268124077313,-0.14697807869636292,0.4066097553009431,,61.8,-0.18512822883428426,0.4924078123587159,0.7276126851208147,False,False,False
2313,222.0,2026-09-22,0.016018306636155666,0.04470588235294115,-0.047210300429184504,0.07023107485199809,,49.2,-0.08536045056710584,0.7060773941113807,0.7511337484490982,False,False,False
2314,11.100000381469728,2026-09-22,0.009090943769975324,-0.06722682879878517,-0.2099643963855946,-0.36571426391601547,,3.2,-0.24811454652351594,1.324454072473523,0.435294132606656,False,False,False
2316,160.5,2026-09-22,0.03548387096774186,0.03215434083601276,-0.30892003578613236,0.6205824282402896,,51.8,-0.3470701859240537,0.701739275074414,0.6910799642138676,False,False,False
2317,253.0,2026-09-22,0.026369168356997985,0.03901437371663241,0.0117835509432338,0.33607317673593506,,76.8,-0.026366599194687534,0.683513778660626,0.8431529591193616,False,False,False
2321,23.899999618530277,2026-09-22,-0.134411103094917,-0.12864064487842286,-0.05968411857188849,-0.10782314247465341,,28.1,-0.09783426870980982,0.5575648163599678,0.6772222979466526,False,False,False
2323,10.850000381469728,2026-09-22,0.043269305715902595,0.01401874531574343,-0.052401697623601695,-0.08823523283358092,,31.2,-0.09055184776152303,0.6955916208232544,0.8282442798106571,False,False,False
2324,37.04999923706055,2026-09-22,0.0027063185942175494,-0.10937498567195969,0.0054274293411413765,0.21106063311493983,,70.5,-0.03272272079677996,0.4855471807189299,0.787460145331455,False,False,False
2327,571.0,2026-09-22,0.06331471135940414,0.0362976406533575,-0.49244444444444446,1.2957966450289953,,75.0,-0.5305945945823658,0.6272408205038069,0.5008771929824561,False,False,False
2328,47.0,2026-09-22,0.04677056576291472,0.04677056576291472,-0.05367559978595349,0.07604519003284449,,48.4,-0.09182574992387482,0.681835963331537,0.7760779803930326,False,False,False
2329,43.29999923706055,2026-09-22,0.044632049217600445,-0.009153352835136186,-0.2390158510388245,-0.1734539793005867,,5.7,-0.27716600117674584,0.9776781140626198,0.6314386005902265,False,False,False
2330,2460.0,2026-09-22,0.034482758620689724,0.03883849885065627,0.0323185572194149,0.3667533307809978,,79.8,-0.005831592918506434,0.8594463530718065,0.9829647192873522,False,False,False
2331,19.200000762939453,2026-09-22,0.03783787907780822,-0.020408143405366563,-0.10489510116416734,-0.14093957784188327,,18.5,-0.14304525130208867,0.5642473782579216,0.641068456555694,False,False,False
2332,20.200000762939453,2026-09-22,0.07446816929221334,-0.007370988487393815,0.11602211807794482,0.3741497295944023,,85.1,0.07787196794002349,0.37265774682498926,0.7784200450501768,False,False,False
2337,118.0,2026-09-22,0.03056768558951961,-0.048387096774193505,-0.2693498452012384,-0.1355311355311355,,5.2,-0.3074999953391597,0.5312140658850104,0.6361185983827493,False,False,False
2338,47.34999847412109,2026-09-22,0.027114968359526204,0.23468058300115135,-0.05677295309769004,0.028230168482050955,,42.3,-0.09492310323561137,3.88581795571516,0.8177892439770937,False,False,False
2340,34.099998474121094,2026-09-22,0.09470301418032578,0.06065309037925082,-0.13010209667240658,0.21352306089675377,,46.9,-0.1682522468103279,0.7468434660213424,0.7830080154192607,False,False,False
2342,42.150001525878906,2026-09-22,0.09765624611948942,0.08914730477843569,-0.20770674959761037,0.3553054986775206,,45.5,-0.2458568997355317,1.20157108190002,0.7119932598424182,True,False,False
2344,171.0,2026-09-22,0.07210031347962387,-0.03389830508474578,-0.22095671981776766,0.7275907893630356,,73.6,-0.259106869955689,0.7622365882465408,0.7702702702702703,False,False,False
2345,1915.0,2026-09-22,0.040760869565217295,-0.0748792270531401,-0.1890090913687157,0.25743208982775356,,38.8,-0.22715924150663702,1.3167874921079232,0.7018757663500615,False,False,False
2347,89.9000015258789,2026-09-22,0.01581922628111765,0.0181200273932407,-0.006536769327467051,0.1931606506595338,,67.6,-0.044686919465388386,0.4769461621108737,0.9258496698106425,False,False,False
2348,72.5,2026-09-22,0.03276357766017535,0.01256985398127064,0.15196276758269378,0.04071867449077704,,76.1,0.11381261744477245,1.4956094461125073,0.9120773911303307,False,False,False
2349,10.350000381469728,2026-09-22,0.024752474312641715,-0.054794469246267075,-0.22761188984235736,-0.22761188984235736,,4.9,-0.2657620399802787,0.7590580736724196,0.6349693782768662,False,False,False
2351,238.5,2026-09-22,-0.05168986083499005,0.18952618453865333,0.14869994287490274,1.3422270863973251,,94.8,0.1105497927369814,0.9551913710977965,0.9280155642023347,False,False,False
2352,29.399999618530277,2026-09-22,0.038869272477902284,0.02617801081975979,-0.00327867771207202,0.2854122274244102,,73.4,-0.041428827849993355,0.571171394572239,0.826799372377576,False,False,False
2353,31.399999618530277,2026-09-22,0.01618122997322491,0.009646277600668496,-0.07100590747643432,0.19652440027301976,,56.4,-0.10915605761435565,0.8131060070380479,0.7485169830605884,False,False,False
2354,65.5999984741211,2026-09-22,0.015479876526631742,0.08429749544001819,0.1748997656027742,0.31204761769607714,,86.0,0.13674961546485287,1.0953894354007598,0.9213012425098869,False,False,False
2355,41.5,2026-09-22,0.02722768397462727,-0.0036014770800357754,-0.2272876108765528,-1.9210997882823655e-05,,12.6,-0.26543776101447414,0.432814520154979,0.6343161416701204,False,False,False
2356,61.20000076293945,2026-09-22,0.01157026054445387,-0.07413007298479812,-0.052716682498796685,0.4954743927063803,,78.0,-0.09086683263671802,0.3779664607985034,0.7398570646303582,False,False,False
2357,953.0,2026-09-22,0.0269396551724137,0.03250270855904658,0.35538742550077185,0.7943890864400815,,94.2,0.3172372753628505,0.6583521990326833,0.9297560975609757,False,False,False
2359,130.0,2026-09-22,0.040000000000000036,-0.10652920962199308,-0.019160814509320834,0.16912526110758752,,63.2,-0.05731096464724217,0.3159372708787061,0.7323943661971831,False,False,False
2360,2440.0,2026-09-22,0.17307692307692313,0.1787439613526569,0.1167048054919908,0.6625929072502048,,89.6,0.07855465535406947,0.8893700989388219,0.9373857488898238,True,True,False
2362,47.900001525878906,2026-09-22,0.03567570866765202,-0.019447225750589436,0.09485717773437496,0.3159616350805221,,82.3,0.05670702759645363,0.27621725978709766,0.9373777486536956,False,False,False
2363,60.29999923706055,2026-09-22,0.19880716007311783,0.19169962560177622,-0.19815129169036438,0.24786671661096604,,35.8,-0.23630144182828572,1.7667107749417092,0.8018487083096356,True,False,False
2364,67.5,2026-09-22,0.0546875,0.024660455332841336,0.14089072511764678,0.24697676463922447,,83.2,0.10274057497972544,0.5870054453127586,0.8676466578967343,False,False,False
2365,28.649999618530277,2026-09-22,0.057195542997866555,-0.04817278221139509,-0.12111625018986782,-0.13036759166691547,,17.3,-0.15926640032778916,0.3789538910572444,0.6685613357365758,False,False,False
2367,41.95000076293945,2026-09-22,0.060682719903315974,-0.012941158519071738,-0.25735193117222055,-0.382395220880399,,1.7,-0.2955020813101419,0.5150101093041538,0.5394170438649407,False,False,False
2368,1040.0,2026-09-22,0.06995884773662553,0.09704641350210963,-0.16129032258064513,0.1794595767962237,,36.2,-0.19944047271856646,1.1612095373443265,0.7005752909490742,False,False,False
2369,31.350000381469727,2026-09-22,0.08665511150584737,-0.02639752674937923,-0.27764978619237857,-0.039816265961849284,,7.2,-0.3157999363302999,0.9558224681067168,0.7037037243176893,False,False,False
2371,29.450000762939453,2026-09-22,0.04804271754956879,0.07285974296584441,0.07875463684849549,-0.034426204493788415,,62.7,0.04060448671057415,1.8935403896660505,0.6888889067354258,False,False,False
2373,53.09999847412109,2026-09-22,0.011428542364211092,-0.0018797422440646194,-0.027988310871491673,0.01366939564245473,,47.3,-0.06613846100941301,0.4990785855564668,0.9653994110304899,False,False,False
2374,66.5,2026-09-22,0.01217660713725821,-0.00894185525730673,-0.13768583141761015,-0.016267948199799376,,23.5,-0.17583598155553148,0.6128692007484552,0.7271123789461706,False,False,False
2375,118.5,2026-09-22,0.008510638297872353,-0.016597510373444035,-0.43555326786074844,0.556082107507099,,21.4,-0.4737034179986698,0.25015743000523677,0.5146783429353187,False,False,False
2376,366.5,2026-09-22,0.06851311953352779,0.07478005865102633,0.13788374826858307,0.6172474840158493,,89.5,0.09973359813066174,1.0024740619218178,0.9220125786163522,False,False,False
2377,153.5,2026-09-22,0.03716216216216206,0.06597222222222232,0.18374955726074726,0.7423437140476645,,91.6,0.14559940712282593,0.4207408220712316,0.9350921016514224,False,False,False
2379,755.0,2026-09-22,0.073968705547653,0.09191493989397492,-0.039544171082436796,0.627078122352857,,83.8,-0.07769432122035813,0.8120871793935261,0.8686789765196029,True,False,False
2380,16.5,2026-09-22,-0.017857098255025683,-0.14062503414849303,-0.3085457198983962,-0.28693776117755665,,1.5,-0.3466958700363175,1.94143194835428,0.6519426352410909,False,False,False
2382,342.0,2026-09-22,0.027027027027026973,0.05230769230769239,-0.02700962497349746,0.26678851510805,,69.8,-0.0651597751114188,0.7854607407602135,0.8551582152307079,False,False,False
2383,4860.0,2026-09-22,-0.04985337243401755,-0.10088552109594029,-0.13436317996085823,0.8183209913982483,,83.8,-0.17251333009877956,1.3742924215775922,0.768849115539407,False,False,False
2385,104.0,2026-09-22,-0.014218009478673022,-0.014218009478673022,-0.018867924528301883,-0.08669653729613291,,38.3,-0.05701807466622322,0.8003736420276312,0.7480983746798703,False,False,False
2387,37.400001525878906,2026-09-22,0.03601116639076185,0.028885917354449342,-0.04347818451623087,-0.07466824975555264,,34.2,-0.0816283346541522,0.5128181714646497,0.8597701500202047,True,False,False
2388,70.9000015258789,2026-09-22,0.02161383237780856,-0.016643508649627825,-0.06464381700002153,0.34617795686568864,,70.3,-0.10279396713794287,0.5811643388510068,0.8061770321475606,False,False,False
2390,10.149999618530272,2026-09-22,0.021126765292969196,-0.009756134777534453,-0.16803280514627694,-0.03333336966378364,,17.4,-0.20618295528419828,0.4751128336852719,0.7546468224883071,False,False,False
2392,43.45000076293945,2026-09-22,0.057177673383566274,-0.018079078803628135,0.15374451788983334,0.25056222372590153,,84.0,0.11559436775191201,0.8364416738585914,0.8766196074399119,False,False,False
2393,63.59999847412109,2026-09-22,0.030794127839344876,-0.027522981800628177,-0.006931199774324881,0.0061737864767883455,,50.9,-0.045081349912246216,0.6363693401788179,0.929824518352653,False,False,False
2395,703.0,2026-09-22,0.026277372262773824,0.06838905775075999,0.49608156964783623,1.1761188009380512,,96.4,0.4579314195099149,0.6572903046902556,0.9887482419127989,False,False,False
2397,62.5,2026-09-22,0.05932203389830515,-0.0031898047927564344,0.09708432965294933,0.19993596044898587,,78.2,0.058934179515027996,0.38497962312470013,0.9016093484738842,False,False,False
2399,47.5,2026-09-22,0.032608695652173836,-0.005235602094240788,-0.09177818942794935,0.5372168474563652,,76.4,-0.1299283395658707,1.5337801550106636,0.8636363636363636,False,False,False
2401,25.75,2026-09-22,0.08421052631578951,0.02182536588925066,-0.2621776826884673,0.25916865717997806,,25.6,-0.30032783282638864,0.6036601774512803,0.7378223173115327,False,False,False
2402,54.09999847412109,2026-09-22,0.013108556708616215,-0.005514761826157399,-0.16081449454629637,0.09865974571997271,,28.7,-0.1989646446842177,0.32493549761855334,0.7225419596338112,False,False,False
2404,1140.0,2026-09-22,0.10144927536231885,0.07042253521126751,-0.13800258445634117,0.2584240471903627,,49.9,-0.1761527345942625,0.9463602232689211,0.8495497937729811,True,False,False
2405,15.050000190734863,2026-09-22,0.02730379403550587,-0.029032245759041064,-0.1636457846310131,-0.10160168217959209,,14.2,-0.20179593476893443,0.6470527497750153,0.6976042321639365,False,False,False
2406,30.100000381469727,2026-09-22,0.16441005560087207,0.06360428243587979,-0.15211266531071188,-0.11470587113324338,,14.8,-0.19026281544863322,0.9895316614025012,0.7200957160492621,False,False,False
2408,497.0,2026-09-22,0.06766917293233088,-0.007984031936127733,0.04527748283549293,1.3029901249288698,,93.6,0.007127332697571598,0.6662540215854148,0.9152854511970534,False,False,False
2409,36.650001525878906,2026-09-22,0.31362014433638774,0.4514852089456993,0.2263335032039817,1.5447467199653127,,96.1,0.18818335306606038,2.135713015733766,1.0,True,True,False
2412,145.0,2026-09-22,0.010452961672473782,0.06227106227106227,0.04593257493007474,0.12398726685862038,,70.1,0.007782424792153408,0.9808286654018215,0.9965635738831615,False,False,False
2413,53.0,2026-09-22,0.0995850448357507,0.23112661879849172,0.05952590031392346,0.01537900715899898,,63.7,0.02137575017600213,4.691362275323443,0.8577921497406181,False,False,False
2414,53.09999847412109,2026-09-22,0.011428542364211092,0.011428542364211092,-0.06765890647102124,0.2925883076479636,,65.5,-0.10580905660894258,0.26870691673087604,0.8673947504215354,False,False,False
2415,27.0,2026-09-22,0.0018552592076102048,0.012558397740462413,-0.10341745483067766,0.004231374143115918,,30.3,-0.141567604968599,0.1884170652073812,0.732980458792135,False,False,False
2417,39.0,2026-09-22,0.02766796352968548,-0.09722223816585118,-0.1287407222826623,0.12019040445936668,,37.1,-0.16689087242058365,0.2744949646303983,0.689045072613615,False,False,False
2419,29.25,2026-09-22,0.09962404438070371,0.19387755102040827,0.042780777025974936,0.010362667673729176,,60.4,0.004630626888053602,3.3521956197079814,0.7748344370860927,False,False,False
2420,53.70000076293945,2026-09-22,0.005617963080303712,-0.008545151478036916,-0.07182951046573716,0.0802136833856617,,44.9,-0.10997966060365849,0.4055338782503971,0.8684718931971661,False,False,False
2421,167.0,2026-09-22,0.05696202531645578,0.16376306620209058,0.1477663230240549,0.31797636749155767,,85.2,0.10961617288613357,0.6174606091397988,0.9111076424486038,False,False,False
2423,73.80000305175781,2026-09-22,0.025000042385525223,0.00544961195590532,-0.05626590880043869,0.5707350167317924,,80.9,-0.09441605893836003,0.30355797256774647,0.8702830235361415,False,False,False
2424,8.25,2026-09-22,0.03513177128974765,-0.014336904085998858,-0.2253520849291334,-0.6719681858793556,,0.8,-0.2635022350670547,1.2929114437187983,0.13221153522854498,False,False,False
2425,37.20000076293945,2026-09-22,0.04494388644374414,-0.018469676378811695,-0.11951667195011961,0.2661618512495416,,53.7,-0.15766682208804095,0.1461017482910662,0.7032136047243979,False,False,False
2426,98.8000030517578,2026-09-22,0.08810572391104254,0.19612596703270202,0.160987130708385,2.0020909296494143,,96.9,0.12283698057046366,1.4413572453470023,0.9190697958303051,False,False,False
2427,23.600000381469727,2026-09-22,-0.03080082087270719,0.06546278952196483,0.08899997280403826,0.03570848011844685,,69.9,0.05084982266611693,1.1454898368145365,0.8335324783827638,False,False,False
2428,255.0,2026-09-22,0.007905138339920903,0.04236874725049078,-0.15222929613189595,0.6955414077362081,,78.1,-0.1903794462698173,0.5432405852352652,0.7601553781522467,False,False,False
2429,31.100000381469727,2026-09-22,0.03494180269775904,-0.04892967413270177,-0.20965688469027643,-0.3081201367384364,,4.2,-0.24780703482819777,0.27657042495521283,0.22618182095614348,False,False,False
2430,18.149999618530277,2026-09-22,0.00833331214057087,0.01966294362198684,-0.008196700807860946,-0.1693364164001251,,32.2,-0.04634685094578228,0.3719361824512189,0.7631441662157572,True,False,False
2431,10.25,2026-09-22,0.05020489340442369,-0.009661872249663417,-0.10087716289577675,-0.15289258868973832,,18.3,-0.13902731303369809,0.3446216946379934,0.5807365564608168,False,False,False
2432,27.299999237060547,2026-09-22,0.00924214443812188,-0.012658241819112681,-0.04210528992770013,0.062033688129552456,,49.5,-0.08025544006562146,0.40355266165220693,0.9024792567179494,False,False,False
2433,40.29999923706055,2026-09-22,0.0012422170698271895,-0.033573177464379045,-0.04275532784560554,-0.06467692921174151,,35.4,-0.08090547798352687,0.6978255743620763,0.8734126595029278,False,False,False
2434,66.69999694824219,2026-09-22,0.12478917042813187,0.24672891492041482,0.6288155239451663,1.2881645907755641,,97.3,0.5906653738072449,0.5850544735833493,0.7345814394986514,False,False,False
2436,71.0,2026-09-22,0.07088984512675034,0.12341770795728335,-0.03823849909963839,0.16238378487890048,,59.5,-0.07638864923755972,1.0384873075931584,0.9068037918870393,False,False,False
2438,20.0,2026-09-22,0.010101049022522401,0.09890105283544126,-0.08256877523190476,-0.06103283021713146,,28.3,-0.12071892536982609,0.9368901453464972,0.709219838968376,False,False,False
2439,78.0999984741211,2026-09-22,0.01958224582088941,-0.002565027465524894,-0.10274406293600746,-0.028503014265552795,,27.7,-0.1408942130739288,0.6944979792655069,0.7273331403104589,False,False,False
2440,14.399999618530272,2026-09-22,0.04347821880453595,0.039711135156097255,-0.15294119890998403,0.0034842672983554923,,22.5,-0.19109134904790537,0.5721957185057673,0.7024390057819645,False,False,False
2441,127.0,2026-09-22,0.10434782608695659,0.14822318379544552,-0.07898710039805823,0.4448262716895659,,73.7,-0.11713725053597956,0.8873026505411451,0.8987816285138623,False,False,False
2442,14.550000190734863,2026-09-22,0.006920441715549952,-0.10467895146699902,-0.09076210092810699,-0.14189276975927545,,20.9,-0.12891225106602833,0.7693595108420591,0.676497954336952,False,False,False
2444,14.550000190734863,2026-09-22,0.2489270958937977,0.3348624495361907,0.12355215482899062,0.11923078390268183,,77.0,0.08540200469106929,4.482358705619562,0.9700000127156575,True,True,False
2449,317.0,2026-09-22,0.2334630350194553,0.32635983263598334,-0.0011327755231249625,0.1997167559244315,,68.9,-0.0392829256610463,1.6998742355411123,0.9438449192851299,True,False,False
2450,28.299999237060547,2026-09-22,0.0017698844977185324,0.0017698844977185324,-0.030821969259027693,0.020187435853025182,,47.4,-0.06897211939694903,0.7580699214520885,0.947201028573362,False,False,False
2451,285.0,2026-09-22,0.04395604395604402,-0.09810126582278478,-0.01041666666666663,0.17351206364917693,,65.1,-0.048566816804587964,0.34390744321949246,0.8167773238221296,False,False,False
2453,54.0,2026-09-22,0.007462715247502194,0.03646836048992741,0.0036253312916414426,0.04229712491233362,,55.9,-0.03452481884627989,1.9338522638194866,0.8889701090688631,False,False,False
2454,5180.0,2026-09-22,0.16930022573363424,0.3758300132802126,0.20903719012455824,2.216635746922921,,97.3,0.1708870399866369,1.0702287827124635,1.0,True,True,False
2455,547.0,2026-09-22,0.05192307692307696,0.43381389252948876,0.4175412434357808,1.2709886679235338,,96.2,0.37939109329785947,2.004900685388561,0.9562937062937062,False,False,False
2457,22.100000381469727,2026-09-22,0.04988129132853136,-0.03493446508240139,-0.2405498250253445,-0.15809522356305805,,6.1,-0.27869997516326583,0.49291664443791966,0.5732814739000981,False,False,False
2458,129.5,2026-09-22,0.03600000000000003,-0.06834532374100721,-0.2580637124177224,0.07870161211447724,,13.5,-0.29621386255564375,0.35066589151260086,0.7066059558166462,False,False,False
2459,65.5999984741211,2026-09-22,0.004594110388103756,-0.023809502184254927,0.02499997615814209,0.06847482067402466,,62.4,-0.013150173979779245,0.46139565787310466,0.9747399034093756,False,False,False
2460,30.25,2026-09-22,0.0503472500469222,0.04671281658440307,-0.22236506906366937,0.23469387755102034,,29.9,-0.2605152192015907,0.3720922324621905,0.7478368214943334,False,False,False
2461,17.350000381469727,2026-09-22,-0.002873519434293592,-0.046703315705380444,-0.014204545146670244,0.02058825773351325,,50.9,-0.05235469528459158,0.5916113795247209,0.8631840821985637,False,False,False
2462,19.899999618530277,2026-09-22,0.05291005397796744,0.017902833510409666,-0.18572326989049548,-0.08763992888486849,,12.5,-0.22387342002841681,0.6467261646186973,0.7207153320017368,False,False,False
2464,190.5,2026-09-22,0.08238636363636354,0.01860254275980533,0.12677272591893307,1.6526107523664963,,95.8,0.08862257578101174,0.849249002098679,0.8581081081081081,False,False,False
2465,91.0999984741211,2026-09-22,0.01787707792314075,-0.0065430588232163744,0.1739690755857699,0.6746322779197615,,91.2,0.13581892544784857,0.3498753315900285,0.8676190330868676,False,False,False
2466,115.5,2026-09-22,0.13235294117647056,0.14356435643564347,0.9913793103448276,1.1751413054426036,,97.7,0.9532291602069063,0.7224739072624335,0.9467213114754098,True,False,False
2467,528.0,2026-09-22,0.023255813953488413,-0.009380863039399667,-0.09743589743589742,0.4484000839831592,,72.2,-0.13558604757381876,0.47712911119197454,0.7979209739508366,False,False,False
2468,46.84999847412109,2026-09-22,0.0832369589392159,0.37794113159179665,0.32125801227657025,0.28602444499081225,,90.0,0.2831078621386489,8.488846012804897,0.9099229042267759,True,True,False
2471,52.20000076293945,2026-09-22,0.009671179741227665,0.06857732637582514,0.05190034283057621,0.07835038499012903,,67.8,0.013750192692654872,2.3132229831321145,0.981203007788364,False,False,False
2472,217.5,2026-09-22,0.04567307692307687,-0.011363636363636354,-0.4438221804841912,0.8024701567927794,,42.4,-0.48197233062211253,0.6604092155070242,0.4868855546641933,False,False,False
2474,210.0,2026-09-22,0.03194103194103204,0.02689486552567244,0.05826674003438104,0.15370725496580273,,72.9,0.020116589896459702,0.873267832161336,0.8462015874887774,False,False,False
2476,123.5,2026-09-22,0.05555555555555558,0.06926406926406936,-0.031135488054501725,0.5124022012314189,,80.7,-0.06928563819242306,0.4854124637298382,0.929682509653543,False,False,False
2477,23.200000762939453,2026-09-22,0.06666670174434275,0.12077294240857772,0.06422025572821433,0.016779328841892927,,64.4,0.02607010559029299,1.4679554774007375,0.921575327520181,True,True,False
2478,120.0,2026-09-22,0.02564102564102555,-0.004149377593360981,-0.49859179139410925,0.9508164463457074,,46.9,-0.5367419415320306,0.2829352520774315,0.5014082086058907,False,False,False
2480,162.5,2026-09-22,0.009316770186335477,0.012461059190031154,0.08333333333333326,0.22159904947994624,,77.9,0.045183183195411925,1.0466117589660586,0.9608082857444707,False,False,False
2481,171.0,2026-09-22,0.1140065146579805,0.27611940298507465,-0.109375,0.793351465830181,,84.4,-0.14752515013792133,1.6616137126849417,0.7516483516483516,True,False,False
2482,16.399999618530273,2026-09-22,0.04792332385184017,0.021806878386732453,-0.04373177939838779,-0.040951976119062095,,37.8,-0.08188192953630913,0.30355327174610863,0.8186415326435091,True,False,False
2483,32.5,2026-09-22,0.07260728773380909,-0.09972295363673789,-0.3589743686205866,0.5811811588507387,,37.2,-0.39712451875850796,0.34313007684546576,0.46494991831963844,False,False,False
2484,69.5999984741211,2026-09-22,0.023529389325310124,-0.03467406453409738,0.004903339884632318,1.3892089994233623,,93.7,-0.033246810253289016,0.2222011398659031,0.728659114210505,False,False,False
2485,39.79999923706055,2026-09-22,0.059920107742088335,-0.05463181283662877,-0.30175439934981496,-0.4707446695183559,,1.0,-0.3399045494877363,0.5670482244546282,0.4883435489209883,False,False,False
2486,233.5,2026-09-22,0.02412280701754388,-0.06224899598393574,-0.06036217303822933,0.6022621270976436,,81.7,-0.09851232317615066,0.39300662371475076,0.761987847556779,False,False,False
2488,49.09999847412109,2026-09-22,0.016563131463710246,0.004089917014344913,-0.05272636281342702,0.09140242057142278,,50.2,-0.09087651295134835,0.39245034614496316,0.947273637186573,True,False,False
2489,41.95000076293945,2026-09-22,0.11866668701171879,0.1368563422285729,-0.09002164530463697,0.3665629322569113,,68.0,-0.1281717954425583,2.4099382518768326,0.7618890876971816,False,False,False
2491,40.04999923706055,2026-09-22,0.0025030906686205334,0.03488368081413329,0.0,1.5268137711771348,,94.3,-0.038150150137921335,0.7418269354457947,0.7101063502397916,False,False,False
2492,311.0,2026-09-22,0.036666666666666625,0.17358490566037732,-0.4780449878562085,1.5213793444711792,,84.2,-0.5161951379941299,0.9042219678607261,0.5067277805429741,False,False,False
2493,194.5,2026-09-22,0.13742690058479523,0.11781609195402298,-0.3156852165911581,0.871325138902387,,71.7,-0.35383536672907945,1.5959307611111384,0.6083969480951464,False,False,False
2495,38.45000076293945,2026-09-22,0.05486968335082998,0.025333353678385517,-0.26617805567820974,0.0830199420036215,,13.0,-0.30432820581613107,0.6091407752023913,0.729730036931615,False,False,False
2496,54.79999923706055,2026-09-22,-0.0018215352648254246,-0.003636377507990063,-0.08360870912597562,-0.10218425199379844,,25.3,-0.12175885926389696,0.26978757258608815,0.8712231810100337,False,False,False
2497,43.5,2026-09-22,0.012805569901994662,-0.03973508316503327,-0.22047241026360387,0.05023464644162168,,16.6,-0.2586225604015252,0.33473724729831283,0.6768352833667974,False,False,False
2498,40.09999847412109,2026-09-22,0.021656012079518172,-0.009876580885899044,-0.126361718059807,0.004629987132446667,,26.8,-0.16451186819772834,0.9931265171840146,0.6275049370171402,False,False,False
2501,21.450000762939453,2026-09-22,0.007042325410881345,-0.07142855373517065,-0.07925617245894745,-0.042192336263200514,,30.4,-0.11740632259686878,1.3211491223796992,0.837194839427413,False,False,False
2504,31.149999618530277,2026-09-22,0.021311462902632083,-0.023510972067985025,-0.07014926511849917,-0.12154888790611262,,25.8,-0.1082994152564205,0.7104219231472813,0.8463261525692727,False,False,False
2505,17.149999618530273,2026-09-22,0.0,-0.020000021798270096,-0.02696553948177194,-0.044889824219700225,,41.2,-0.06511568961969327,4.808234374094221,0.9073546621721784,False,False,False
2506,8.380000114440918,2026-09-22,-0.02217031355299226,-0.02444703543849258,-0.025960984642070306,-0.04654686473427594,,41.3,-0.06411113477999164,2.6133779943994684,0.8809397059666844,False,False,False
2509,14.550000190734863,2026-09-22,0.03558718812898798,-0.006825899685957815,0.08582094066736445,0.02464791451908055,,68.7,0.04767079052944312,0.9294949906076511,0.8818181933778705,False,False,False
2511,8.420000076293945,2026-09-22,0.005973738520729244,0.013237021795760695,0.07388696406818918,0.07786428313530092,,70.9,0.03573681393026784,0.6104498654338156,0.955218903813709,False,False,False
2514,11.800000190734863,2026-09-22,0.026086973107379396,-0.016666650772094727,-0.1094339478690669,-0.12915128969493328,,18.7,-0.14758409800698824,0.4628427563721337,0.7687296350154904,False,False,False
2515,11.899999618530272,2026-09-22,0.012765924981299692,-0.008333365122477399,-0.042437530024418746,-0.0878693508249967,,33.4,-0.08058768016234008,1.0861054981081564,0.6828519424913972,False,False,False
2516,14.850000381469728,2026-09-22,0.03484320464866708,0.027681700863976255,0.07608696929148029,0.04210528992770013,,68.6,0.037936819153558954,0.9984054555659299,0.9369085188686114,True,True,False
2520,37.25,2026-09-22,0.020547945205479534,0.021947852409208934,0.14071276324080495,0.2402987504054208,,82.8,0.10256261310288362,1.4352620084077237,0.9713168574214318,False,False,False
2524,35.400001525878906,2026-09-22,0.06306313324119261,0.008547095863237875,-0.038043416853436485,-0.055999959309895875,,37.7,-0.07619356699135782,1.8989541079514398,0.7468354511877309,False,False,False
2527,48.150001525878906,2026-09-22,0.13294121237362133,0.1250000557052764,0.24118469876360749,0.7303322636965419,,92.6,0.20303454862568615,0.5934191622220808,0.9868033332413418,True,False,False
2528,20.450000762939453,2026-09-22,0.048717987843048816,0.0,0.0938372598145707,-0.07764434117754038,,61.3,0.05568710967664936,1.1487573813351764,0.7782375494723553,False,False,False
2530,20.399999618530277,2026-09-22,0.012406948125700978,0.07340865828471621,0.11348262950544852,-0.16655484425592804,,57.1,0.07533247936752718,0.788744443544519,0.682808208298902,False,False,False
2534,17.0,2026-09-22,0.017964025350603707,-0.01449275362318836,0.011904807858458266,-0.07410709713034258,,46.3,-0.02624534227946307,0.6196704272419993,0.8341377355006631,False,False,False
2535,89.80000305175781,2026-09-22,0.01354406995827695,-0.013186779651013003,-0.05573076243324582,0.3122953835450575,,69.0,-0.09388091257116715,0.6436189749830586,0.9286453555921254,False,False,False
2536,19.5,2026-09-22,0.020942387986460087,-0.062499965612703656,0.01128449528094011,-0.02980602129325527,,51.0,-0.026865654856981225,0.41188046106741766,0.7758049050559429,False,False,False
2537,11.350000381469728,2026-09-22,0.02714933805941544,-0.013043445089588879,0.022522521748499003,0.10194176420301138,,64.6,-0.015627628389422332,1.0006582458294506,0.915322639567549,False,False,False
2538,8.609999656677246,2026-09-22,-0.0023175501156951217,-0.05071665420335936,-0.098193247835766,-0.098193247835766,,23.4,-0.13634339797368733,4.576665756715615,0.784688974838121,False,False,False
2539,35.25,2026-09-22,0.03524231394499866,0.0057061559855322574,0.12405469425975935,-0.08406010054688318,,66.3,0.08590454412183801,0.538142881518562,0.8756386362266648,False,False,False
2540,49.5,2026-09-22,0.042105263157894646,0.06911448845938706,0.025343578766209962,0.16020081933904073,,69.7,-0.012806571371711373,0.6655607317418731,0.9110429661064608,False,False,False
2542,45.45000076293945,2026-09-22,0.004419906363302806,-0.05900618052048112,0.04965361579126126,0.2784810615567679,,77.4,0.011503465653339928,1.984487163885028,0.9313524892111683,False,False,False
2543,38.150001525878906,2026-09-22,0.021419091952898484,-0.01293661009729108,-0.014411413313475951,-0.37834503847769785,,15.6,-0.052561563451397286,1.002047616799174,0.5003370503089987,False,False,False
2545,34.29999923706055,2026-09-22,0.03469072875558932,-0.011527421241619096,-0.03217431916398483,0.021149392548498014,,47.1,-0.07032446930190617,0.7219309999402412,0.8228129823704744,False,False,False
2546,106.0,2026-09-22,0.004739336492890933,-0.009345794392523366,0.3570785721834697,0.5160598683827893,,92.7,0.3189284220455484,0.7029520783375437,0.9098712446351931,False,False,False
2547,9.949999809265137,2026-09-22,0.02683181012806113,-0.01970441544648005,-0.020747425800952346,-0.007146737020328087,,46.6,-0.05889757593887368,0.5064950193214017,0.9243806544864575,False,False,False
2548,94.3000030517578,2026-09-22,0.02947603299796464,-0.023809476798071105,-0.03868928571789687,-0.11353071475368925,,31.5,-0.0768394358558182,1.2289962687799894,0.8025233592006716,False,False,False
2596,34.70000076293945,2026-09-22,-0.04539196094757281,0.014619882714792753,0.19575114108012004,0.1308654167891996,,83.0,0.1576009909421987,1.2279857898538833,0.9233015155349154,False,False,False
2597,168.5,2026-09-22,-0.005899705014749235,0.0,-0.008823529411764675,0.17408244507514015,,65.3,-0.04697367954968601,0.6990122230767081,0.8719289319099249,False,False,False
2603,242.5,2026-09-22,0.03854389721627416,-0.031936127744510934,0.31081081081081074,0.28804478162699976,,89.8,0.2726606606728894,0.7124687212470936,0.9642147117296223,True,False,False
2605,37.09999847412109,2026-09-22,0.05848785397099099,0.01366120275533711,0.24018532500672318,-0.07952672990588716,,78.4,0.20203517486880185,1.0055012945125255,0.8854379924319982,False,False,False
2606,76.69999694824219,2026-09-22,0.028150114169902984,0.06085745104788631,0.24311176660977596,0.3519388355656823,,88.7,0.20496161647185462,0.5383336963156232,0.9623588442299662,False,False,False
2607,53.70000076293945,2026-09-22,0.013207561564895443,0.02676867201341837,0.146278006881023,0.10398816170728908,,78.3,0.10812785674310166,0.5722625172318121,0.8122198554577347,True,True,False
2608,28.799999237060547,2026-09-22,0.006992966885427165,0.0034842672983557144,-0.006896578032394962,-0.0076727213364875535,,49.6,-0.0450467281703163,1.01044453822856,0.8830274564073918,False,False,False
2609,60.79999923706055,2026-09-22,0.03401360588350877,-0.05736435291378994,0.2320634709588747,0.20855082605846875,,86.2,0.19391332082095336,0.7575320008508418,0.9426356470862101,False,False,False
2610,20.5,2026-09-22,0.030150773516147256,0.0,-0.11937716107045304,0.13659058061706597,,40.8,-0.15752731120837438,0.44307032871893015,0.880622838929547,False,False,False
2611,14.25,2026-09-22,0.017857142857142794,-0.1389727699751272,0.036363636363636376,0.01970976960762605,,60.1,-0.001786513774284959,0.48018784080798743,0.8284883353438117,False,False,False
2612,62.900001525878906,2026-09-22,0.022764252453315592,0.04311778311301184,0.1648148430718317,0.17402757226323362,,82.2,0.12666469293391036,0.46701936328051025,0.8765862844989035,False,False,False
2613,22.299999237060547,2026-09-22,0.022935780619202317,-0.06694562372416146,0.03480278545486848,-0.032537962031431444,,54.7,-0.003347364683052856,0.26185259519888704,0.8356196163973139,False,False,False
2614,18.25,2026-09-22,0.03107340188437413,-0.01881722442427558,-0.008152153350004188,-0.1097560975609756,,38.1,-0.04630230348792552,0.9590832675323829,0.7716702027217259,False,False,False
2615,116.5,2026-09-22,0.0401785714285714,-0.06425702811244982,0.5517291033043537,0.6335094619616828,,95.1,0.5135789531664323,0.8665729493989205,0.9209486166007905,False,False,False
2616,13.350000381469728,2026-09-22,0.0075471986014890025,-0.011111082854094234,0.01119469938128459,-0.2330826631031112,,29.8,-0.026955450756636745,0.5533630542074087,0.5711769350195751,False,False,False
2617,33.099998474121094,2026-09-22,0.02160484306406829,0.0425196369801919,0.16334230613371514,0.13677342819365057,,81.1,0.1251921559957938,0.8240657567425514,0.9836551849385556,False,False,False
2618,42.5,2026-09-22,0.031553378956000744,-0.0035170344786010777,0.002336180167740176,0.263568241533668,,72.8,-0.03581396997018116,0.4915334801628138,0.9572071743112109,False,False,False
2630,47.0,2026-09-22,0.016216216216216273,-0.07297831769746377,0.11771702384662097,-0.039836582891655814,,68.7,0.07956687370869964,0.07992255051234275,0.7544141344393629,False,False,False
2633,25.600000381469727,2026-09-22,-0.009671179741227776,-0.022900777251825155,0.01956710129025807,0.027394905146545634,,57.5,-0.018583048847663264,1.411372737856211,0.9325308559544095,False,False,False
2634,63.09999847412109,2026-09-22,0.017741910872920652,-0.08017492889704436,0.3213215319364304,0.3024839761256082,,90.2,0.2831713817985091,0.1616823522007093,0.8608457823605491,False,False,False
2636,70.69999694824219,2026-09-22,0.021676301533971376,-0.052278841898794726,0.09096091264650963,0.1181550590543925,,74.6,0.052810762508588294,0.465070943975363,0.9477211581012053,False,False,False
2637,100.5,2026-09-22,0.03715168645440792,0.03501546425652169,0.32063077549438423,0.5157946482274467,,92.2,0.2824806253564629,0.6977461892395309,0.9804878048780488,False,False,False
2640,159.5,2026-09-22,0.022435897435897356,0.015923566878981,0.10785383440343987,0.02341380285018957,,71.6,0.06970368426551854,2.6040003336106294,0.8607172638375867,False,False,False
2641,17.549999237060547,2026-09-22,0.017391260119451912,-0.06896557655707691,-0.025000042385525223,-0.0064935156082891465,,45.8,-0.06315019252344656,0.4370967124402332,0.812258667362289,False,False,False
2642,20.5,2026-09-22,0.014851446818306524,-0.004854387360093471,-0.016786588732189522,-0.10251180364506385,,37.3,-0.05493673887011086,0.6421250106187579,0.6635457266606758,False,False,False
2643,62.900001525878906,2026-09-22,0.0015923931533958768,0.0015923931533958768,-0.01718747615814209,-0.0504562272041883,,42.4,-0.055337626296063425,0.2064598961904815,0.8869915005374497,False,False,False
2644,77.19999694824219,2026-09-22,0.0,-0.006435006687748768,-0.07878644531885504,-0.11348969953599686,,25.1,-0.11693659545677637,0.3032440658865493,0.7431416571008483,False,False,False
2645,172.5,2026-09-22,0.014705882352941124,-0.008620689655172376,0.015390244907963924,0.1984368215371255,,71.1,-0.02275990522995741,0.21341609959543734,0.6858846918489065,False,False,False
2646,20.299999237060547,2026-09-22,0.00995019163159827,-0.04694835848914347,-0.0751709097279295,-0.06451619708096568,,29.5,-0.11332105986585084,0.913960961703607,0.807157039561293,False,False,False
2718,41.09999847412109,2026-09-22,0.036569909014903645,-0.10231878998497368,-0.10590228317724704,-0.05795382887648559,,25.3,-0.14405243331516837,0.347973446658792,0.7479773107240332,False,False,False
2724,12.25,2026-09-22,0.1893203663257419,0.11363636363636354,0.012396662297629701,-0.38131310747370506,,18.1,-0.025753487840291633,0.5196678791227343,0.5568181818181818,True,True,False
2762,80.0999984741211,2026-09-22,0.008816082302139927,-0.0349397774202278,0.0007537919078703936,0.1619863078892112,,66.2,-0.03739635823005094,0.5629267928507604,0.9306230724051473,False,False,False
2801,28.350000381469727,2026-09-22,0.012500013623918838,0.18125001589457201,0.2781325956911982,0.46517635023392323,,91.1,0.23998244555327686,1.181791517499462,0.9577702708145055,False,False,False
2812,19.25,2026-09-22,-0.005167978268646012,0.01049872813382402,0.04549480461012245,0.030082145950036665,,62.6,0.0073446544722011176,0.9909506925560819,0.9070473927387993,False,False,False
2816,40.34999847412109,2026-09-22,0.031969310710519006,0.0803212884219695,0.20268254520700602,0.37986395878323154,,88.0,0.16453239506908468,1.0695763751526597,0.9853479297279677,False,False,False
2820,17.299999237060547,2026-09-22,-0.0028819102772229543,0.05167163736770597,0.020954358177595944,0.08800206704249369,,63.1,-0.01719579196032539,1.212423009027773,0.9885713849748884,False,False,False
2832,58.29999923706055,2026-09-22,0.013913030209748545,-0.039538739632837605,0.030035349978264403,0.3291322258706284,,78.0,-0.008114800159656932,0.9950843332606741,0.9479674672692772,False,False,False
2834,18.25,2026-09-22,0.01388888888888884,0.11620792502755162,0.104338753312466,0.3208038853344304,,83.3,0.06618860317454467,0.7764197645981682,0.9733333333333334,False,False,False
2836,12.300000190734863,2026-09-22,0.004081648223254186,0.01652890933552542,0.03706951915861012,0.05421116060058262,,63.0,-0.0010806309793112145,0.6813503538466087,0.9812272129257539,False,False,False
2838,21.5,2026-09-22,0.0023309666798210227,0.059113340297505035,0.021259262252410815,0.16133229084449519,,69.4,-0.01689088788551052,0.7749787998122728,0.9427009494422504,False,False,False
2845,13.5,2026-09-22,-0.007352969019470135,0.0443030984998638,0.08416197035693718,0.15467667358782133,,75.5,0.04601182021901584,0.6567957219389516,0.9818181818181818,False,False,False
2849,16.100000381469727,2026-09-22,0.022222246442522353,0.1103448538944638,0.13089446513923586,0.2831302403407481,,83.6,0.09274431500131453,0.9021296636604991,0.9907692542442909,False,False,False
2850,159.0,2026-09-22,0.022508038585209,-0.033434650455927084,0.11971830985915499,0.435311739013593,,86.3,0.08156815972123366,0.4803559714035348,0.9436201780415431,False,False,False
2851,47.400001525878906,2026-09-22,0.019354871524277506,0.10618443906143327,0.3103690899663054,0.6492206713323876,,93.0,0.2722189398283841,1.052830498260053,0.9844236765060765,False,False,False
2852,28.25,2026-09-22,0.018018018018018056,-0.03253427185334845,0.062030059957431716,0.1666239751273737,,73.9,0.02387990981951038,0.5982305104058706,0.9400998574788443,False,False,False
2855,56.900001525878906,2026-09-22,0.10485439856075551,0.23160174429093816,0.12896825006369173,0.9131121470742105,,92.2,0.09081809992577039,1.4300654814818599,0.9930192370592053,False,False,False
2867,9.699999809265137,2026-09-11,0.0,0.008316000484173136,0.15890082937763572,0.22784806229980004,,83.7,0.12075067923971439,0.0,0.9797979982856982,False,False,False
2880,46.54999923706055,2026-09-22,-0.007462735126463338,0.18598724170854886,0.27757346532451765,0.45789145922619867,,91.0,0.23942331518659632,0.7291140526138516,0.9718162370393872,False,False,False
2881,154.5,2026-09-22,0.023178807947019875,0.17045454545454541,0.17457729280863,0.8340129085171832,,92.3,0.13642714267070866,0.8559940629326342,1.0,True,True,False
2882,112.0,2026-09-22,0.018181818181818077,0.13245700982818742,0.040358800326960376,0.6384181030571654,,86.9,0.002208650189039041,1.0014497333307442,0.9739130434782609,False,False,False
2883,39.29999923706055,2026-09-22,0.03014410655793931,0.2677419108729209,0.3334992291346335,1.0541277568749092,,95.0,0.29534907899671214,1.0904933001588064,0.9715698021214243,False,False,False
2884,46.04999923706055,2026-09-22,0.00876227158404097,0.20707725806570965,0.3540389328517668,0.5214162190086618,,92.7,0.31588878271384546,0.9557129984188647,0.9735729382629545,False,False,False
2885,70.5999984741211,2026-09-22,0.033674894869629046,0.13141020429048278,0.13323935884670646,0.6759881836430881,,90.2,0.09508920870878512,0.9162964672728611,0.9971750767088172,False,False,False
2886,50.5,2026-09-22,-0.025096510737599664,0.0779082528229984,0.12287930262468283,0.34832230616839177,,84.8,0.0847291524867615,0.7884530634917644,0.9619047619047619,False,False,False
2887,42.900001525878906,2026-09-22,-0.011520736922137065,0.17534250755832614,0.4006546447933619,0.8472401970502901,,94.9,0.36250449465544055,1.1277697298078238,0.9662162173772514,False,False,False
2889,16.850000381469727,2026-09-22,0.0,0.12173690283648209,0.17034550765594547,0.03570403582396953,,77.2,0.13219535751802414,1.2926698063754571,0.9739885043100568,False,False,False
2890,45.400001525878906,2026-09-22,0.01907973744949598,0.16559693547109156,0.19226091269433798,0.5217514387245525,,89.6,0.15411076255641665,0.9636059672880324,0.988030484702317,False,False,False
2891,69.5999984741211,2026-09-22,-0.0014346984002789887,0.09433962490488756,0.02240591122183999,0.3881126356198834,,79.9,-0.015744238916081343,1.0135538059107774,0.977528110355339,False,False,False
2892,39.900001525878906,2026-09-22,0.008849615564350932,0.18926981917197527,0.2615360326189966,0.45153968069043016,,90.7,0.22338588248107527,0.7145068152760777,0.9791411417393596,False,False,False
2897,11.100000381469728,2026-09-22,-0.008928520490927516,0.08292686648485148,0.10173181706615608,0.1880322975267521,,78.2,0.06358166692823475,1.1914928450883318,0.986666700575087,False,False,False
2904,12.600000381469728,2026-09-22,0.003984078882467212,-0.023255755498597708,-0.06733827616463939,-0.20218100967257668,,19.7,-0.10548842630256072,1.0302425505292059,0.7482370181560514,False,False,False
2916,40.29999923706055,2026-09-22,-0.0024753040851818175,0.0037359328886938936,-0.037037020157097866,-0.09525828602689834,,33.5,-0.0751871702950192,0.22232169746953406,0.8721709806001371,False,False,False
2923,26.399999618530277,2026-09-22,0.14782607037088158,0.08059567187222871,0.04856224232818773,0.49879213700628244,,84.8,0.010412092190266398,0.7622041547461754,0.6470395883689971,False,False,False
2924,19.0,2026-09-22,0.04395600019366919,0.14457828695048391,0.05555555555555558,0.046831977924777224,,65.5,0.017405405417634245,1.5828497052293087,0.6620208883246741,True,True,False
2937,44.70000076293945,2026-09-22,0.005624296866344247,0.019067382963248836,-0.0036473917059421934,0.05955040005410872,,56.3,-0.04179754184386353,0.33799427692542156,0.9843844613280555,False,False,False
2938,18.399999618530277,2026-09-22,-0.15402300604458496,-0.2698413070847856,-0.3056603917535744,-0.2317328170192513,,2.2,-0.34381054189149574,7.176235349378907,0.586921830769932,False,False,False
2941,31.600000381469727,2026-09-22,0.029315947757784455,0.060402724513181294,-0.06370369240089702,-0.20698964335955883,,19.9,-0.10185384253881835,2.2361391086341538,0.5150290551910294,False,False,False
2942,37.900001525878906,2026-09-22,-0.0052492639436200195,0.0026455632496498183,0.08770626059144937,0.12197651555780209,,74.4,0.049556110453528035,0.10883074565159993,0.9805950848540634,False,False,False
2947,60.5,2026-09-21,0.0,-0.028892443966352044,-0.22435897435897434,-0.20947325438954678,,5.5,-0.2625091244968957,0.6108043415459535,0.6834056107499156,False,False,False
2948,36.650001525878906,2026-09-22,-0.026560423890358842,-0.035526275634765625,0.08980424518269592,0.0059730704006855095,,67.9,0.051654095044774584,0.9068873879323652,0.9445876867665495,False,False,False
2949,65.0,2026-09-21,0.017214373205853617,0.09797295882285662,-0.039695973458544254,0.12008836935170608,,55.2,-0.07784612359646559,0.28049693932897696,0.803309154579647,True,False,False
3002,19.5,2026-09-22,0.1711711980039854,0.1470588235294117,-0.07818741251174943,0.03463851718101818,,38.4,-0.11633756264967077,3.1399721750817853,0.6791473537401839,False,False,False
3003,58.29999923706055,2026-09-22,0.030035349978264403,-0.08763696643341101,-0.13561837156850332,0.171869255141623,,41.1,-0.17376852170642465,0.4134249251457951,0.808599174353467,False,False,False
3004,117.5,2026-09-22,0.030701754385964897,-0.02083333333333337,-0.0926640926640927,0.1730230652228717,,50.4,-0.13081424280201404,0.27604848198522647,0.7366771159874608,False,False,False
3005,118.5,2026-09-22,0.0304347826086957,0.02155172413793105,0.20672101509796614,-0.014232856480355105,,78.4,0.1685708649600448,0.5472283742065965,0.7657029668217428,False,False,False
3006,278.5,2026-09-22,0.05492424242424243,-0.012411347517730542,0.16589030186721687,0.7272448875687187,,91.2,0.12774015172929554,0.8797077220043544,0.8926282051282052,False,False,False
3008,6405.0,2026-09-22,0.05780346820809257,0.18941504178272983,0.2514042885751966,1.885492445331574,,97.0,0.21325413843727525,1.0322809879194343,0.8201024327784892,False,False,False
3010,124.5,2026-09-22,0.01632653061224487,-0.015810276679841917,-0.011904761904761862,0.03782886117579798,,52.9,-0.0500549120426832,0.3867514046561288,0.9135817038939599,False,False,False
3011,10.050000190734863,2026-09-22,0.06461871159604371,-0.05188680857939798,-0.29473682872036044,-0.19599998474121094,,3.2,-0.3328869788582818,0.7858692825623294,0.6525974311481187,False,False,False
3013,83.0999984741211,2026-09-22,0.019631883118050197,0.01795054061621615,-0.1965478227438081,-0.10451147823047147,,10.7,-0.23469797288172944,0.49027919702320344,0.6198059496365411,False,False,False
3014,139.0,2026-09-22,0.06513409961685834,0.07335907335907343,-0.1267062868971105,0.2576922561839097,,51.9,-0.16485643703503183,1.6568347926530846,0.8732937131028895,False,False,False
3015,53.09999847412109,2026-09-22,0.04940711611441251,0.011428542364211092,-0.13235297692550752,0.08679174278977508,,32.7,-0.17050312706342885,0.26971315722982075,0.7098929987660372,False,False,False
3016,132.5,2026-09-22,0.20454545454545459,0.3269303824258496,-0.0035195468540392127,1.191600486802474,,92.4,-0.04166969699196055,1.9259601496459966,0.8723288600400365,True,False,False
3017,3390.0,2026-09-22,0.08828250401284099,0.1873905429071805,0.3613216509460322,0.7532702314944153,,94.1,0.32317150080811086,0.6953947350286163,0.9495798319327731,False,False,False
3018,11.899999618530272,2026-09-22,0.05777774386935741,-0.11851854677553542,-0.012448180068903691,0.0,,49.1,-0.050598330206825026,0.5729464219067749,0.689855050349581,False,False,False
3019,135.0,2026-09-22,0.022727272727272707,0.015037593984962516,-0.09999999999999998,0.11706672008301844,,42.6,-0.1381501501379213,0.6257125929617763,0.8428776025180694,False,False,False
3021,25.299999237060547,2026-09-22,0.026369153289626857,0.2587064058160278,-0.1060070699956529,0.6292725228171476,,79.2,-0.14415722013357424,3.0926089638959624,0.6324999809265137,False,False,False
3022,91.5,2026-09-22,0.07394370043915588,-0.024520287600509838,0.14943768728662055,0.514251160442843,,88.4,0.11128753714869921,0.4739417284994778,0.8402083656620507,False,False,False
3023,320.5,2026-09-22,0.006279434850863463,0.007861635220125729,0.016607786439013728,0.32098136677056677,,76.5,-0.021542363698907607,0.44885055700296916,0.9426470588235294,False,False,False
3024,14.449999809265137,2026-09-22,0.010489483673395972,-0.0034482890161974256,0.17679473564972215,0.44215041023734036,,88.3,0.1386445855118008,0.8245590032534099,0.8264008826041185,False,False,False
3025,51.70000076293945,2026-09-22,0.027833032745801622,-0.020327302466796815,-0.21316513503141743,-0.0903039237191684,,9.9,-0.25131528516933876,0.39713205758816134,0.6949708619634554,False,False,False
3026,780.0,2026-09-22,0.07438016528925617,0.213063763608087,0.011673151750972721,5.461300324859383,,98.8,-0.026476998386948614,1.1809922229073357,0.7761194029850746,False,False,False
3027,18.799999237060547,2026-09-22,0.07122507432139136,0.04155124829368906,-0.08737869471246862,-0.03836317285262292,,29.7,-0.12552884485038995,1.1707863365143198,0.6584938612767598,False,False,False
3028,62.29999923706055,2026-09-22,0.02635911785849565,-0.06596698519485611,-0.19922883299099126,0.2192028598717488,,32.6,-0.2373789831289126,0.3961398553021697,0.749699162226362,False,False,False
3029,121.0,2026-09-22,0.021097046413502074,0.06607929515418509,0.23848519733425655,0.20999999999999996,,86.3,0.20033504719633521,2.7943616634974937,0.968,False,False,False
3030,268.0,2026-09-22,0.03675048355899424,-0.047957371225577305,-0.18787878787878787,0.1681736146699051,,30.1,-0.2260289380167092,0.28398534947630566,0.6530076617284111,False,False,False
3031,28.700000762939453,2026-09-22,0.24782612012780225,0.21353070722472212,0.0013050780258585526,0.3030083366362304,,74.8,-0.03684507211206278,2.589930655978596,0.8648953910537779,True,False,False
3032,77.9000015258789,2026-09-22,0.10496456065076454,-0.02012576697007662,-0.027465630338968983,0.22677167757289607,,66.7,-0.06561578047689032,0.9254198595592048,0.7712871438205833,False,False,False
3033,41.45000076293945,2026-09-22,0.015931410245921818,-0.11431620857558633,-0.12315779008567274,0.3026990749238434,,56.9,-0.16130794022359407,0.2692246496264589,0.7766992699396317,False,False,False
3034,557.0,2026-09-22,0.02957486136783727,0.027675276752767486,0.036869891569301316,0.5721189567382903,,85.7,-0.0012802585686200185,0.8022530794896608,0.9982078853046595,False,False,False
3035,203.0,2026-09-22,0.1941176470588235,0.1941176470588235,-0.11353711790393017,0.38395393355884977,,65.4,-0.1516872680418515,1.3962893800533138,0.871244635193133,True,False,False
3036,205.0,2026-09-22,0.06493506493506485,0.02244389027431426,-0.05747126436781613,-0.0911680566699491,,30.1,-0.09562141450573747,1.1080877484521139,0.6993334020440394,False,False,False
3037,1120.0,2026-09-22,0.17770767613038907,0.041860465116279055,0.10028763252112283,1.4397682349942609,,94.9,0.06213748238320149,0.590799904893612,0.9491525423728814,False,False,False
3038,20.25,2026-09-22,0.009975100775553747,-0.016990309465458098,-0.09192822005364187,-0.033412923028516284,,29.2,-0.1300783701915632,0.8439109725076719,0.8035714042430029,False,False,False
3040,34.900001525878906,2026-09-22,0.017492778488754857,-0.09114582971152352,-0.07915566963635967,-0.2935222581400927,,12.9,-0.117305819774281,1.2782773628807378,0.5232384276263248,False,False,False
3041,23.700000762939453,2026-09-22,0.07972664870949409,0.06278033963123342,-0.18974356366018963,0.02597404205893583,,18.4,-0.22789371379811096,0.7695774798930958,0.7596153904935545,False,False,False
3042,183.5,2026-09-22,0.013812154696132506,0.033802816901408406,-0.018716577540106916,1.04579220279477,,90.9,-0.05686672767802825,0.526428186322688,0.7369477911646586,False,False,False
3043,20.700000762939453,2026-09-22,0.02985076468072445,-0.023584904811610685,-0.08407077816193875,0.012224938419223008,,35.0,-0.12222092829986009,0.5897084738661427,0.8313253445809198,False,False,False
3044,539.0,2026-09-22,0.09887869520897041,0.19777777777777783,0.04117246406730857,0.6243511705577962,,86.5,0.0030223139293872325,1.080017966822339,0.9666732709899808,True,True,False
3045,123.0,2026-09-22,-0.008064516129032251,0.06956521739130439,0.06992040761663776,0.17251550240505265,,75.1,0.031770257478716424,0.8459573015245831,0.9879518072289156,False,False,False
3046,54.09999847412109,2026-09-22,0.03639842305386676,-0.05087721975226167,0.03639842305386676,0.2123490429043806,,73.6,-0.0017517270840545773,0.2842176237771511,0.8683787983409555,False,False,False
3047,14.800000190734863,2026-09-22,0.10447765761639216,0.0763636502352627,-0.051282062254635274,-0.06329113847646661,,33.7,-0.08943221239255661,1.992703936781126,0.69320842746121,False,False,False
3048,50.5,2026-09-22,0.022267174901702047,-0.09335728351370731,-0.2344175834903156,0.3551923129682626,,39.3,-0.27256773362823694,0.23014672383118231,0.6821014145146839,False,False,False
3049,12.850000381469728,2026-09-22,0.08898306557310942,0.011811068854911344,-0.06204375471746826,-0.11986301056684179,,27.0,-0.10019390485538959,0.9469477521278343,0.7138889100816516,False,False,False
3050,11.600000381469728,2026-09-22,0.04977377205803357,0.0,-0.06640647126682897,-0.14082337828450897,,24.8,-0.1045566214047503,0.8820573817477446,0.7749435873872751,False,False,False
3051,23.049999237060547,2026-09-22,0.10287079702260127,0.0,-0.15323766040177922,0.1674421381450819,,36.9,-0.19138781053970055,1.011127896897715,0.7656601295246939,False,False,False
3052,10.350000381469728,2026-09-22,0.014705938726424117,-0.027677703344618165,0.027101091469082128,-0.005579432882882096,,55.8,-0.011049058668839207,0.5917432327062352,0.8929490773370266,False,False,False
3055,206.5,2026-09-22,0.3111111111111111,0.8858447488584476,1.0309368114560509,2.6089816365921177,,98.7,0.9927866613181295,1.1025566340149884,1.0,True,True,False
3056,14.25,2026-09-22,0.047794088257226086,0.003521140239892029,0.01136911426497944,0.004535473013854929,,53.9,-0.026781035872941894,1.3007432986942347,0.7046031039451943,False,False,False
3057,16.5,2026-09-22,0.05431312474048178,-0.006024119227211244,-0.1891892043881952,0.0,,17.2,-0.22733935452611653,0.6733399845331957,0.6903765800568101,False,False,False
3058,8.199999809265137,2026-09-22,0.03274556047493227,0.0024449270590736205,-0.10772576891422148,-0.16326534187034014,,17.1,-0.1458759190521428,0.7613828389844923,0.6693877395318479,False,False,False
3059,37.84999847412109,2026-09-22,0.014745288158453107,-0.008727204791845522,-0.20535999883392642,0.054488447989062605,,18.1,-0.24351014897184775,0.392651517248002,0.7276759158534216,False,False,False
3060,26.700000762939453,2026-09-22,0.04705885344860605,-0.02554740384439358,-0.2762803206630816,-0.20208026433600335,,3.9,-0.31443047080100295,0.3251796939443986,0.6446578533046238,False,False,False
3062,22.350000381469727,2026-09-22,0.10370372254171478,0.08759129981683889,-0.10420842893647309,-0.04282655176286798,,26.4,-0.14235857907439442,2.174800089204773,0.6855828658768761,False,False,False
3066,28.049999237060547,2026-09-22,0.16149066998484773,0.19616197545677538,0.1687499682108562,0.4384614993364384,,87.8,0.13059981807293486,3.0033324971829636,0.9288078982925946,False,False,False
3067,16.549999237060547,2026-09-22,-0.020710082211242375,-0.048850597707169596,-0.11497333893910211,-0.04335260306794286,,24.9,-0.15312348907702344,1.1122264400906985,0.7769952971765687,False,False,False
3071,23.049999237060547,2026-09-22,0.010964912647612568,-0.059183704609773624,-0.25939338939834233,-0.18109701267503986,,4.6,-0.29754353953626367,0.5790707227740935,0.6867834496438624,False,False,False
3073,20.299999237060547,2026-09-22,-0.03333336966378353,-0.06451619708096568,-0.07727276195179333,-0.2939130700152853,,13.0,-0.11542291208971467,0.7198371673719999,0.504347807131939,False,False,False
3078,45.650001525878906,2026-09-22,0.049425322433997776,-0.07719936659445037,-0.07547457848938044,-0.1397893967773427,,23.6,-0.11362472862730177,0.7425495099124025,0.6039329789334331,False,False,False
3081,2825.0,2026-09-22,0.05607476635514019,0.02169981916817365,0.46831906703266357,1.2234543574753594,,96.3,0.43016891689474224,1.1493158562855201,0.8002832861189801,False,False,False
3085,11.600000381469728,2026-09-21,-0.02928865551311932,-0.03333330154418934,-0.0042917801457277305,0.01754392716069586,,52.3,-0.042441930283649065,0.8477042540621955,0.7388535364582711,False,False,False
3088,128.0,2026-09-22,0.044897959183673564,0.02400000000000002,-0.08354687102774827,0.5546973133096853,,77.8,-0.1216970211656696,0.3726942192463003,0.8311688311688312,False,False,False
3090,164.5,2026-09-22,0.03459119496855356,0.009202453987730008,-0.47963466258921317,0.8295428829235969,,37.7,-0.5177848127271345,0.32207934862692494,0.4838235294117647,False,False,False
3092,22.899999618530277,2026-09-22,0.06018514880100634,-0.06720976251760691,-0.2516340087238135,-0.2683706013827728,,3.6,-0.2897841588617348,0.5486012371011835,0.6058201079559349,False,False,False
3093,45.29999923706055,2026-09-22,0.04982613291200444,0.002212355584805259,-0.3556664358484274,0.16765010465969654,,9.2,-0.3938165859863487,0.18315852799634963,0.6085372770445001,False,False,False
3094,52.59999847412109,2026-09-22,0.2449703780857062,0.38421048616108133,0.21478058662644628,1.312054698117989,,95.3,0.17663043648852494,2.4886679743182936,0.9260563236029223,False,False,False
3095,33.25,2026-09-22,-0.05405409511803416,-0.09028725871256527,-0.16666669853548133,0.05891721031671504,,24.6,-0.20481684867340266,1.2864674049176603,0.6963350785340314,False,False,False
3097,25.299999237060547,2026-09-22,0.007968081774949676,-0.011718794528859933,0.011236712280686012,0.08870208468468821,,61.6,-0.026913437857235323,1.5331901001702057,0.8320302079127414,False,False,False
3105,501.0,2026-09-22,0.1035242290748899,0.4112676056338027,0.08207343412527002,0.6048008829120064,,87.7,0.04392328398734868,1.4717203898750941,0.8154052731246432,True,True,False
3114,31.899999618530277,2026-09-22,0.08688242602785468,-0.0013848237220248638,-0.40723446849466893,0.3205625217925201,,11.0,-0.44538461863259027,0.24561452296904313,0.5927655315053311,False,False,False
3115,8.260000228881836,2026-09-22,-0.011961654533746202,-0.08222219679090714,-0.08222219679090714,-0.14581177210833018,,21.7,-0.12037234692882848,1.864471107377626,0.6478431552064186,False,False,False
3117,27.049999237060547,2026-09-22,-0.023465758410684212,-0.05749134083681162,0.056640579452506,2.8642856052943637,,97.6,0.018490429314584667,0.8861045677109224,0.530392141903148,False,False,False
3122,23.850000381469727,2026-09-22,0.014893633254030814,-0.06470586739334405,-0.2684048620308186,-0.11992619757386669,,5.6,-0.3065550121687399,0.41148655111888655,0.5932835803191611,False,False,False
3128,20.450000762939453,2026-09-22,-0.016826850334565435,-0.020619917469176574,-0.11836240579394586,-0.10586961614244716,,19.2,-0.1565125559318672,1.1372060862819369,0.6612281412821808,False,False,False
3130,209.0,2026-09-22,0.004807692307692291,-0.018779342723004744,0.010822206522784317,0.006279150324852711,,54.0,-0.027327943615137018,0.5250241536485051,0.9766355140186916,False,False,False
3131,2410.0,2026-09-22,0.0387931034482758,0.032119914346895095,-0.31250532351918414,0.014196694790737041,,6.9,-0.3506554736571055,0.5734782247248321,0.6285162533749442,False,False,False
3135,160.0,2026-09-22,0.009463722397476282,-0.03488448722163706,-0.10562597677798435,0.29413213779083147,,59.1,-0.1437761269159057,0.25750340713887454,0.6557598905782732,False,False,False
3138,100.0,2026-09-22,0.1560693641618498,0.0787486870774512,-0.17775713611164412,-0.40266472999372094,,3.8,-0.21590728624956546,4.030043514700052,0.4668827490685463,False,False,False
3141,89.19999694824219,2026-09-22,-0.026200890456968273,0.23855969029498003,0.19238180867486832,1.092239949313616,,94.1,0.15423165853694698,1.5211167064214448,0.8736377923478452,False,False,False
3147,232.0,2026-09-22,0.022026431718061623,0.07159353348729791,-0.3074395955001561,0.45691054916226226,,34.7,-0.34558974563807743,1.0918987770073043,0.6826666666666666,False,False,False
3149,64.0999984741211,2026-09-22,0.07912452571561857,0.0,-0.3590000152587891,0.4959160036571244,,28.8,-0.39715016539671044,0.6975410575858663,0.6133971145848909,False,False,False
3150,15.5,2026-09-22,0.029900319173561618,-0.08284021598410107,-0.19689695380820194,-0.09422750689377679,,11.3,-0.23504710394612327,0.8176474175903569,0.7007294637673449,False,False,False
3152,221.0,2026-09-22,0.018433179723502224,-0.12301587301587302,-0.3803553635457805,-0.03914560622145402,,2.8,-0.4185055136837018,0.3178624482982819,0.5916271403173011,False,False,False
3158,85.5999984741211,2026-09-22,-0.005807201032068332,0.015421060205242476,0.023923445412730615,-0.014178728954314157,,54.3,-0.01422670472519072,1.2926192713226852,0.7239746428009816,False,False,False
3162,75.0999984741211,2026-09-22,0.10441174226648675,0.23519735882404436,-0.07794326837709697,0.37973221285916225,,70.7,-0.11609341851501831,1.3768175747606977,0.7912958085669216,False,False,False
3163,667.0,2026-09-22,0.050393700787401574,-0.08253094910591474,-0.017625010427723686,-0.06328961155088897,,41.3,-0.05577516056564502,0.481352096983909,0.6068725736904496,False,False,False
3167,864.0,2026-09-22,0.09090909090909083,0.299248120300752,0.1059822114993969,1.738788728494891,,95.9,0.06783206136147557,1.27040243492843,0.9129296056031393,False,False,False
3168,42.34999847412109,2026-09-22,-0.015116314555323584,0.02542371081010386,-0.03530758537318268,0.10080807049186746,,54.1,-0.07345773551110402,0.3641200949116121,0.8662788914768138,False,False,False
3169,107.0,2026-09-22,0.07000000000000006,0.07754276648137415,-0.036036036036036,0.1232283152092648,,56.0,-0.07418618617395734,0.7798231462681181,0.8949298299584674,False,False,False
3171,59.400001525878906,2026-09-22,0.0033783912223301904,-0.06012656948081674,-0.08455118983299359,0.03285212269799964,,37.2,-0.12270133997091492,0.5464396040318887,0.8013058760614707,False,False,False
3178,72.5,2026-09-22,0.21848739495798308,0.21848739495798308,0.1222910481808086,0.4077669902912622,,85.8,0.08414089804288727,5.7863287318837395,0.955204196870541,False,False,False
3188,23.5,2026-09-22,0.0021321635579460985,-0.024896280994711528,-0.00843885048527937,-0.1938122139258689,,29.9,-0.046589000623200705,0.7542084840851153,0.7515900292912734,False,False,False
3189,909.0,2026-09-22,0.1433962264150943,0.14483627204030225,0.12137453964559497,1.8410487556699628,,96.2,0.08322438950767364,1.2750427567543798,0.9945295404814004,False,False,False
3191,16.850000381469727,2026-09-22,0.02121214433149854,-0.06906077202516059,-0.15326629625763832,0.2527881502171081,,46.0,-0.19141644639555966,0.4498641159268534,0.6370510357443614,False,False,False
3206,35.400001525878906,2026-09-22,0.020172932206015126,0.02906976615241441,-0.019459608529738714,0.015559683500847798,,49.3,-0.05760975866766005,0.8433577763979322,0.8801517064365879,False,False,False
3207,38.0,2026-09-22,0.036834881798513575,-0.05590062111801242,-0.43536406720850107,-0.4411764705882353,,0.2,-0.4735142173464224,0.757219664587628,0.45454546284188196,False,False,False
3209,45.84999847412109,2026-09-22,0.03615815760725627,-0.038838997222147564,-0.1720692286757044,0.1695245460677366,,33.1,-0.21021937881362573,0.38418231562129634,0.6163710477911198,False,False,False
3211,385.0,2026-09-22,0.06648199445983383,0.1809815950920246,-0.029088151658184236,0.25358230464472165,,68.6,-0.06723830179610557,0.6393947898717577,0.8415300546448088,False,False,False
3213,125.0,2026-09-22,0.03305785123966931,-0.019607843137254943,0.061135429157843646,0.32641928644730456,,80.6,0.02298527901992231,0.30177827017663555,0.8771929824561403,False,False,False
3217,129.5,2026-09-22,0.019685039370078705,-0.054744525547445244,-0.26709072849363513,-0.11054703863171012,,5.9,-0.30524087863155647,0.3416139952978303,0.6638670850316406,False,False,False
3219,108.5,2026-09-22,0.29940119760479034,0.41276036052861365,0.5602602607544622,0.6509460487636576,,95.6,0.5221101106165409,2.5329598412171874,1.0,True,True,False
3221,48.0,2026-09-22,0.03671707971819349,0.008403393670199044,-0.1293504499310042,0.3053851898797342,,55.6,-0.16750060006892553,0.25404593506396767,0.7275110610438258,False,False,False
3224,31.899999618530277,2026-09-22,-0.025954210121212906,-0.07267447082721479,-0.15608464914321185,-0.2863534882760358,,7.1,-0.19423479928113319,0.8500457388855682,0.6076190403529577,False,False,False
3226,58.0,2026-09-22,0.04504504504504503,0.10056924402907597,0.3004484749849081,0.28176795580110503,,89.4,0.2622983248469868,2.6476640726816365,1.0,True,True,False
3227,184.0,2026-09-22,0.022222222222222143,-0.04663212435233166,-0.1529400128801528,0.019609255692474514,,23.9,-0.19109016301807413,0.37923261066993336,0.7512910004194875,False,False,False
3228,171.5,2026-09-22,0.06853582554517135,0.22939068100358417,-0.028328611898016942,0.38306451612903225,,75.6,-0.06647876203593828,0.805835176455998,0.6660194174757281,False,False,False
3229,57.29999923706055,2026-09-22,-0.049751244410567,-0.04020103007048503,0.2705100038958974,1.6224255485896837,,96.4,0.23235985375797608,2.2527301742609795,0.8488888775860822,False,False,False
3230,41.29999923706055,2026-09-22,0.0,-0.01666668483189171,0.13931032378098052,0.01474197697478763,,74.0,0.10116017364305918,0.4224425570611948,0.6952861645814488,False,False,False
3231,180.5,2026-09-22,-0.010958904109588996,0.028490028490028463,0.16949444276868864,0.45053582189819297,,88.1,0.1313442926307673,0.6105230368078016,0.9116161616161617,False,False,False
3232,21.200000762939453,2026-09-22,-0.01624122907249037,0.07070715049617071,-0.022634017882211532,-0.024825443155440663,,44.1,-0.06078416802013287,2.521360541947161,0.8039331796046755,False,False,False
3234,173.0,2026-09-22,0.05810397553516822,0.08402069460258899,0.2767527675276753,0.9771428571428571,,94.4,0.23860261738975397,0.9722045179986397,0.8199052132701422,False,False,False
3236,43.09999847412109,2026-09-22,0.01531207772672416,0.005687296430854971,-0.3780807373898539,0.38842487518695656,,17.6,-0.41623088752777526,0.3298660771129404,0.5972129162500562,False,False,False
3257,48.95000076293945,2026-09-22,0.05042923531689425,-0.007099360639705399,-0.2801470476038316,-0.05152251863164725,,6.8,-0.3182971977417529,0.2513396014869045,0.6577564204294051,False,False,False
3259,10.25,2026-09-22,-0.05963299461270222,-0.046511627906976716,-0.36923076923076925,-0.5072115203861647,,0.3,-0.4073809193686906,0.4784161734667156,0.4297693851595803,False,False,False
3260,384.0,2026-09-22,0.0354433852578262,-0.08262311403476164,-0.017656236142633897,0.04080147319559724,,52.0,-0.05580638628055523,0.49049230007921624,0.7918696202064036,False,False,False
3264,276.5,2026-09-22,0.251131221719457,0.34549878345498786,0.23682445781312667,0.938116794808787,,93.7,0.19867430767520533,2.497900490772755,0.9735915492957746,False,False,False
3265,189.5,2026-09-22,0.18068535825545173,0.14156626506024095,0.030390408588621964,0.46198800256208417,,83.1,-0.00775974154929937,1.473221493292024,0.9844155844155844,True,False,False
3266,14.0,2026-09-22,0.018181818181818077,0.0,0.06767984290337825,0.1000338551177804,,71.4,0.029529692765456916,0.8922491006967931,0.9893993199594269,False,False,False
3268,19.950000762939453,2026-09-22,0.17352945664349728,0.13352274605311587,-0.07424587149727135,0.2829582326838964,,63.9,-0.11239602163519269,0.9013509460811278,0.8400000321237664,True,False,False
3272,14.050000190734863,2026-09-22,0.0,0.010791408368430844,-0.12187498807907104,-0.1586826617448699,,15.8,-0.16002513821699238,0.3251434927256558,0.5665322831840602,False,False,False
3276,13.899999618530272,2026-09-22,0.02583021570986621,-0.02456143027857738,-0.1084778430056259,0.0037641138775124094,,29.6,-0.14662799314354724,0.15347325420722638,0.7595628523514065,False,False,False
3284,19.799999237060547,2026-09-22,0.028571388938210207,-0.041162246836410676,-0.3088381466886869,0.04934197924080563,,8.4,-0.34698829682660826,0.517177391002566,0.6530751188801703,False,False,False
3285,42.150001525878906,2026-09-22,0.10052225497417111,0.1361186862387722,-0.05667221767748509,0.5722129034245531,,81.0,-0.09482236781540643,1.068541719059338,0.833702736262757,False,False,False
3287,42.59999847412109,2026-09-22,0.23837199373591234,0.15224965192102236,0.3364705403645831,0.5627512920090547,,92.9,0.2983203902266618,3.707222742549579,1.0,True,True,False
3288,21.450000762939453,2026-09-22,0.038740976231849134,-0.006944426661166014,-0.06941425280173386,0.46917809606112915,,75.7,-0.10756440293965519,1.162340403597435,0.7320819563642887,False,False,False
3289,138.5,2026-09-22,0.06949806949806958,0.03745318352059934,-0.15361073801471603,0.0019420159279968097,,22.2,-0.19176088815263737,0.5039979955287242,0.6634405138513408,False,False,False
3290,46.59999847412109,2026-09-22,0.0,-0.060483872828448915,-0.33219484179034775,0.10091358656875515,,8.4,-0.3703449919282691,0.7371562592425567,0.6678051582096522,False,False,False
3294,30.649999618530277,2026-09-22,0.06980802885269277,0.01658374813685559,-0.22208125808323664,-0.10117299149467884,,9.1,-0.260231408221158,0.48424444743098827,0.6009803846770643,False,False,False
3296,28.100000381469727,2026-09-22,0.04074075486924911,0.15400410436353584,-0.04745761418746686,0.3223529591279872,,71.0,-0.08560776432538819,2.167692258959008,0.9153094359330308,False,False,False
3297,34.0,2026-09-22,0.10210695557794369,0.2408759296845473,0.04615384615384621,-0.007299270072992692,,59.4,0.008003696015924877,5.988345789668376,0.5811965811965812,False,False,False
3303,48.34999847412109,2026-09-22,0.0,-0.07904764811197929,-0.13382722785407108,0.10599260662402066,,34.2,-0.17197737799199242,0.20977604066284414,0.7711323426761372,False,False,False
3305,103.0,2026-09-22,0.049949047931652446,-0.041860465116279055,-0.22217500361821518,0.05006370579086061,,16.4,-0.2603251537561365,0.3699469784294177,0.6269037435216138,False,False,False
3306,45.09999847412109,2026-09-22,-0.005512679347556393,0.01234566209830601,-0.010056853496931195,-0.005862226411635807,,48.9,-0.04820700363485253,0.2871552536099623,0.6820247249736078,False,False,False
3308,21.600000381469727,2026-09-22,-0.018181800842285156,0.07730679318651279,-0.0114416473974992,0.018867905855434186,,51.3,-0.049591797535420534,0.4142223872988421,0.8197343479607548,False,False,False
3310,67.80000305175781,2026-09-22,-0.01596514440871144,-0.0014727315445344225,0.044684151890543866,-0.05623639049911344,,54.2,0.006534001752622531,1.0954861111111112,0.8115506779800167,False,False,False
3311,36.75,2026-09-22,-0.0013586749482916716,0.15023471431738833,-0.010893141503651504,0.16866304438807633,,64.5,-0.04904329164157284,3.3240091534761307,0.9040868347512431,False,False,False
3312,55.0,2026-09-22,0.177730173478869,0.10576003861668637,-0.09042320979305085,0.5907972014700997,,79.0,-0.1285733599309722,1.39559495063593,0.7704066453044796,True,False,False
3313,10.449999809265137,2026-09-22,-0.018779325486279697,-0.01415099686852972,-0.09130436441172729,-0.16733070514373927,,18.6,-0.12945451454964862,0.5381210730236721,0.5318066163935501,False,False,False
3317,60.5,2026-09-22,0.12453533193220023,-0.06201550387596899,-0.3430065296229071,0.3793889456928363,,22.1,-0.38115667976082845,0.29472826947634306,0.577905141087936,False,False,False
3321,18.700000762939453,2026-09-22,0.11309533405736905,0.03888893127441406,-0.30353815652661664,0.13333337957208813,,11.9,-0.341688306664538,0.5902520889535251,0.6964618434733834,True,False,False
3322,11.0,2026-09-22,0.04265400958573751,-0.009009043066040667,-0.2307692410293093,-0.14396889700777837,,7.1,-0.2689193911672306,0.466498864815717,0.6111111111111112,False,False,False
3323,27.950000762939453,2026-09-22,0.050751893312384055,-0.060504176035648616,-0.17914827050808746,-0.212676034846776,,8.2,-0.2172984206460088,0.31638223374698554,0.5156826636440001,False,False,False
3324,1600.0,2026-09-22,0.26984126984126977,0.5763546798029557,0.5841584158415842,0.610294918919503,,95.6,0.5460082657036629,1.9111145989328133,1.0,True,True,False
3325,12.25,2026-09-22,0.10360356567645468,0.09375001862645171,-0.020000000000000018,-0.06130269571205382,,40.9,-0.05815015013792135,1.5284021563546224,0.6265984899261744,False,False,False
3332,60.20000076293945,2026-09-22,-0.01954398588139572,-0.029032245759041064,-0.04392196387178582,0.10186290891234306,,52.8,-0.08207211400970715,0.3505070276128233,0.7816989913794051,False,False,False
3338,66.80000305175781,2026-09-22,0.03245759200260179,0.09688015399099381,-0.08867666752224135,0.1089967824867979,,44.4,-0.12682681766016268,0.7208360659080019,0.7664205654958128,False,False,False
3339,46.09999847412109,2026-09-22,0.11084333672580926,0.2005207458924949,0.029017840607129308,0.23758385165425744,,74.2,-0.009132309530792027,2.0283768594002143,0.6456582281362019,False,False,False
3346,24.049999237060547,2026-09-22,0.2461139993663255,0.20028466138346146,-0.014837605309713675,0.2864753803986737,,72.4,-0.05298775544763501,2.1136113085200328,0.8254517304755842,False,False,False
3349,19.700000762939453,2026-09-22,-0.01990047815616136,-0.1825725953893923,0.08839780926788054,-0.21669975897635074,,47.7,0.05024765912995921,0.25124345091955924,0.6156250238418579,False,False,False
3354,28.799999237060547,2026-09-22,0.03783781034452427,0.4083128685869486,0.06469501106685316,0.10133841901291807,,71.3,0.026544860928931824,2.7570403193204025,0.8135592654143396,False,False,False
3356,67.0,2026-09-22,-0.039985377575786574,-0.06321734859808337,-0.03370013558398499,0.24164751915069727,,67.1,-0.07185028572190633,0.4001874869671574,0.8895860029720993,False,False,False
3357,210.5,2026-09-22,0.057788944723618174,0.0023809523809523725,-0.32239491722313773,0.42748812144960224,,29.2,-0.36054506736105907,0.5670402835082512,0.6152965645546937,False,False,False
3360,15.0,2026-09-22,0.06761564386964247,-0.02280132721639816,-0.2822966376180812,0.003344494406205767,,8.6,-0.32044678775600255,0.1565438179963119,0.6564551312727458,False,False,False
3362,172.5,2026-09-22,0.02678571428571419,-0.08488063660477452,-0.18246445497630337,0.7931393500231496,,79.6,-0.2206146051142247,0.4627874702318993,0.8175355450236966,False,False,False
3363,660.0,2026-09-22,0.0185185185185186,0.16402116402116396,0.049284578696343395,-0.007518796992481258,,59.9,0.01113442855842206,0.7510527498885671,0.6666666666666666,False,False,False
3372,16.200000762939453,2026-09-22,0.14084513947453492,0.08361210499144223,-0.22939378856335413,-0.22115378090615567,,5.0,-0.26754393870127546,2.1637419998657115,0.6315789865055639,False,False,False
3373,15.899999618530272,2026-09-22,0.006329077632166724,-0.036381259312604164,-0.03927490323230509,-0.07537146841301179,,35.3,-0.07742505337022643,0.19952084738774223,0.7746281822749436,False,False,False
3374,487.0,2026-09-22,0.19216646266829862,0.6099173553719008,0.615257048092869,2.12767416559017,,98.0,0.5771068979549476,0.8851841313149849,0.9979508196721312,False,False,False
3376,180.5,2026-09-22,0.043352601156069426,-0.03217158176943702,-0.07985735715588616,-0.13991323841288417,,22.7,-0.11800750729380749,0.6717174421620147,0.7041550168132906,False,False,False
3379,27.5,2026-09-22,0.0204081343781215,-0.05821920268910019,-0.16612725091369085,-0.26283928600644624,,7.2,-0.20427740105161218,0.3450215571718984,0.46582794769955377,False,False,False
3380,32.95000076293945,2026-09-22,0.11505927626606316,0.21362803778643857,-0.005691321577799502,-0.008637420689455722,,49.8,-0.04384147171572084,2.275256470240325,0.8052584474970984,False,False,False
3388,81.80000305175781,2026-09-22,0.022500038146972656,-0.09613256296400208,-0.06514282226562496,0.2977394025929274,,66.4,-0.10329297240354629,0.3076722034711448,0.7014227937335396,False,False,False
3390,21.799999237060547,2026-09-22,0.018691571292548614,0.009259206113829244,-0.20320347745412526,0.013437033159259038,,16.5,-0.2413536275920466,0.6343962626907086,0.7342766081424266,False,False,False
3402,126.5,2026-09-22,0.028455284552845628,0.054166666666666696,-0.1170568248418935,0.05179287316566228,,32.5,-0.15520697497981484,0.26374352138597035,0.8354430941017059,False,False,False
3406,923.0,2026-09-22,0.008743169398907069,0.40487062404870633,0.2160737812911726,1.0827182704759775,,94.2,0.17792363115325127,1.8000272091813678,0.8315315315315316,False,False,False
3413,283.0,2026-09-22,0.03284671532846706,-0.005272407732864637,-0.08414239482200647,-0.025738645622085277,,31.0,-0.1222925449599278,0.25299989725163863,0.7408376963350786,False,False,False
3416,162.0,2026-09-22,0.012499999999999956,-0.028220583962905388,0.03194512146226125,0.16953786495209577,,71.3,-0.006205028675660085,0.303861235384751,0.8676601588537061,False,False,False
3419,11.050000190734863,2026-09-22,0.0279069944869641,-0.09426226528765358,-0.21071427209036686,-0.32621948489257735,,4.0,-0.2488644222282882,1.4549420062733542,0.6155988702546071,False,False,False
3430,106.5,2026-09-22,0.054455445544554504,-0.06578947368421051,-0.308767362684345,0.4852932836375936,,37.6,-0.34691751282226635,0.4342893461551756,0.5876419117720111,False,False,False
3432,14.949999809265137,2026-09-22,0.04545451817206381,0.023972562921274143,-0.17630853314168082,-0.1205882465138155,,12.1,-0.21445868327960216,2.087403425650393,0.6615044051735058,False,False,False
3434,32.25,2026-09-22,-0.007692307692307665,0.08585855796483721,0.10890293277137975,0.18322088680992898,,78.5,0.07075278263345841,3.636894800452932,0.9317865396501815,False,False,False
3437,21.600000381469727,2026-09-22,0.2342857360839843,0.21348321951033422,-0.03999998304578989,-0.02483066575768389,,40.2,-0.07815013318371122,5.3311058990034,0.722408048730653,False,False,False
3438,62.09999847412109,2026-09-22,0.018032761870837577,0.10106377294381375,-0.13790762754714603,0.4037609496753629,,62.9,-0.17605777768506736,0.2830491814645505,0.8031644967583598,False,False,False
3441,181.0,2026-09-22,0.06784660766961648,0.6088888888888888,0.9504309703422098,5.01840692927652,,98.9,0.9122808202042885,0.9943450645731291,0.9402597402597402,False,False,False
3443,8375.0,2026-09-22,0.3877381938690969,0.5610438024231128,0.7268041237113403,2.35854493860209,,98.1,0.688653973573419,0.9918401155055995,1.0,True,True,False
3444,79.69999694824219,2026-09-22,0.032383420969253285,-0.09122007158929946,-0.12633695116925103,0.3600021975755847,,61.1,-0.16448710130717237,1.0135354706163708,0.6944692226618555,False,False,False
3447,27.799999237060547,2026-09-22,0.03731343389805564,0.012750399431450399,-0.2750977746238966,-0.26806412300406557,,2.5,-0.31324792476181795,0.7782985470417328,0.4083156487765215,False,False,False
3450,526.0,2026-09-22,0.06802030456852792,0.03747534516765283,-0.10238907849829348,1.0507984040960836,,88.9,-0.14053922863621482,1.2675477742000096,0.8142414860681114,False,False,False
3455,247.5,2026-09-22,0.09756097560975618,0.07901347476297538,0.030269489035201547,1.0479234614463904,,91.5,-0.007880661102719788,1.2788266632083827,0.8092600791550331,False,False,False
3465,29.100000381469727,2026-09-22,0.0034482890161975366,-0.011884562730136716,-0.24611394995314628,-0.28676468319546355,,3.4,-0.2842641000910676,0.37496305805126173,0.5606936324839912,False,False,False
3466,24.200000762939453,2026-09-22,-0.004115163673280464,-0.012244866818797884,-0.20785592905736772,-0.3202246685338682,,4.0,-0.24600607919528905,0.7539287878300166,0.493374131281428,False,False,False
3467,84.80000305175781,2026-09-22,0.1977401044709759,0.8374864625780276,0.35973405016329485,1.271640651409451,,96.0,0.3215839000253735,7.788091661433272,1.0,True,True,False
3479,129.5,2026-09-22,0.0,0.01171875,-0.07139063511761956,0.5405500875474267,,78.3,-0.1095407852555409,0.3067003675885798,0.8274760383386581,False,False,False
3481,50.5,2026-09-22,0.07905984665079768,0.11111109245961526,-0.28772921137995733,1.1088278070266266,,83.5,-0.32587936151787866,0.8224912670687534,0.7122707886200427,True,False,False
3483,77.9000015258789,2026-09-22,0.06130790063285518,0.0956399887157926,-0.10106509232067895,0.004757451735422968,,30.7,-0.13921524245860029,0.8254676480072358,0.7112625067291414,False,False,False
3484,45.54999923706055,2026-09-22,0.03995433859549635,-0.040121510373069214,-0.07711100366136392,0.0573496399409581,,41.6,-0.11526115379928525,0.3151388364826838,0.869291096562573,False,False,False
3485,199.0,2026-09-22,0.06417112299465244,-0.13478260869565217,-0.28499649122807014,-0.01557487922705314,,7.8,-0.32314664136599147,0.33162528785040984,0.5272341526520051,False,False,False
3489,22.649999618530277,2026-09-22,0.06338030186972121,-0.03205128257378609,0.13649177475588403,0.1415094684225704,,79.1,0.0983416246179627,0.37359185061595473,0.862857128324963,False,False,False
3490,45.5,2026-09-22,0.08333333333333326,-0.0845070563071566,0.45855656906435494,0.8239149492784883,,95.2,0.4204064189264336,1.3988955099154479,0.8333333566220842,False,False,False
3491,1480.0,2026-09-22,0.09225092250922518,0.1472868217054264,0.11028529669794307,0.15780721236381212,,77.5,0.07213514656002173,0.9068532937891085,0.6762646942279752,False,False,False
3492,19.200000762939453,2026-09-22,0.021276677771900232,0.004107468894237298,-0.10474496295476776,-0.15166610483735044,,17.9,-0.1428951130926891,0.24876143449213356,0.7124212583044676,False,False,False
3494,7.119999885559082,2026-09-22,0.007072095146209323,0.0028168987598808926,-0.11221951631353766,-0.1177199312503604,,19.4,-0.150369666451459,1.599206104413362,0.6472727168690074,False,False,False
3498,205.5,2026-09-22,0.18443804034582123,0.11081081081081079,0.7341772151898733,1.8621168699932102,,97.9,0.696027065051952,1.1172228578235561,0.9879807692307693,False,False,False
3499,13.399999618530272,2026-09-22,0.03474902053227691,0.06772903704200162,-0.08532423430365954,-0.26373631556012866,,13.7,-0.12347438444158088,1.1065142395658754,0.6276346313398904,False,False,False
3501,38.04999923706055,2026-09-22,-0.003926741436728776,-0.04636597037768175,-0.009758485040268994,-0.15761783354822378,,32.9,-0.04790863517819033,0.6210600247320287,0.6906080882586615,False,False,False
3504,78.0,2026-09-22,0.01298701298701288,0.0,-0.1013825200733055,0.4054054054054055,,69.3,-0.13953267021122684,0.44652503280408506,0.8271473751404724,False,False,False
3508,26.5,2026-09-22,0.21559637281772615,0.17256635188944403,0.44808749206574205,-0.3324937155986619,,84.1,0.4099373419278207,3.1329004660504642,0.5066921680033546,True,True,False
3511,19.75,2026-09-22,0.08815429284286047,0.010230218452403683,-0.18891171701871157,0.05898125490451944,,21.1,-0.2270618671566329,0.1420762220176971,0.7015985885484411,False,False,False
3512,19.299999237060547,2026-09-22,0.013123360105633974,-0.012787724284207602,0.04039200860300052,-0.008567634519445533,,58.0,0.002241858465079183,0.6717904295056442,0.9301518236384816,False,False,False
3515,213.5,2026-09-22,0.062189054726368154,-0.0339366515837104,-0.07994585122527487,0.051799007747280745,,39.9,-0.1180960013631962,0.8521555106583214,0.6638020699409198,False,False,False
3516,25.25,2026-09-22,-0.00394478816429622,-0.009803921568627416,-0.06649239857092648,0.33533242416661957,,69.2,-0.10464254870884782,0.19638801858692703,0.8681939693566223,False,False,False
3518,32.25,2026-09-22,0.08585855796483721,0.17700731565666628,0.08768972731604374,0.4726027653768661,,85.7,0.04953957717812241,0.9365838523438471,0.8290488106676583,True,False,False
3520,17.299999237060547,2026-09-22,0.008746333636544312,-0.030812388384044098,0.07788162363981077,0.16498308368045556,,75.3,0.039731473501889436,0.14525422324162554,0.8759493284587618,False,False,False
3521,12.0,2026-09-22,-0.0041493933563011565,-0.008264494075791218,-0.0041493933563011565,-0.12727272727272732,,37.3,-0.04229954349422249,0.40335105435759117,0.7142857467236177,False,False,False
3523,15.0,2026-09-22,-0.053627783029170484,-0.006622541651882696,-0.2268041085076895,0.0,,12.7,-0.26495425864561084,1.0454835447945101,0.6451612903225806,False,False,False
3526,271.5,2026-09-22,0.03625954198473291,-0.026881720430107503,-0.1284109149277689,-0.0012220180598214725,,26.1,-0.16656106506569024,0.47416761216142245,0.6873417721518987,False,False,False
3527,51.09999847412109,2026-09-22,0.051440330833162795,0.013888827917649005,-0.21783436202758333,0.007586634549597626,,14.4,-0.25598451216550466,0.8798649701516036,0.7368066770220498,False,False,False
3528,83.80000305175781,2026-09-22,0.042288575389946015,0.021702102920555078,-0.16460827415378798,0.3788018440121479,,55.9,-0.20275842429170932,0.4768858102686672,0.6086424994705328,False,False,False
3529,3110.0,2026-09-22,0.18476190476190468,0.4136363636363636,-0.04160246533127887,0.23480983136058087,,64.9,-0.0797526154692002,1.012876068192434,0.6653013738093989,True,True,False
3530,58.29999923706055,2026-09-22,0.04856116613377548,0.03736652038456767,-0.1936376656121993,0.02863279022338827,,18.0,-0.23178781575012064,0.7395584518319379,0.7460842888549528,False,False,False
3531,21.200000762939453,2026-09-22,-0.004694764211404467,-0.03196341862026941,-0.08026024014554434,-0.0018493109289489107,,33.9,-0.11841039028346567,0.701515099695612,0.9002123757854349,False,False,False
3532,434.5,2026-09-22,0.06756756756756754,0.154050464807437,0.17052528423127855,2.2987532216703848,,97.4,0.13237513409335722,0.9181202542902203,0.8307839388145315,False,False,False
3533,1745.0,2026-09-22,0.14802631578947367,0.08385093167701863,-0.20182319933604387,-0.09158904683777913,,10.9,-0.2399733494739652,0.706763115069325,0.6231380017303965,True,False,False
3535,86.30000305175781,2026-09-22,0.06411843003050155,0.009356760839272615,-0.2838174020601011,-0.26239313630976224,,2.4,-0.3219675521980224,1.0013012903948657,0.5811448016953388,False,False,False
3537,52.900001525878906,2026-09-22,0.021235565733973116,-0.04166665226940969,-0.31186989885035565,0.2983586327900809,,20.8,-0.350020048988277,0.188725267483575,0.6144018869150033,False,False,False
3540,23.0,2026-09-22,0.05022832879590444,-0.07815634081406397,-0.043490910936938576,-0.16369848625330308,,26.4,-0.08164106107485991,0.5329108060664797,0.6235876016638761,False,False,False
3541,24.600000381469727,2026-09-22,0.11564631440545647,0.12585812137249142,0.1284404239633692,0.027139857946730794,,73.5,0.09029027382544785,4.273581168779941,0.9196261824848496,True,True,False
3543,47.0,2026-09-22,0.11904761904761907,0.13526565864063,0.5666666666666667,-0.004991128255997901,,91.8,0.5285165165287453,0.5650146316749256,0.8623853211009175,False,False,False
3545,52.0,2026-09-22,0.07327139692794438,0.0358565579622343,-0.09641313182695388,0.2452256791402796,,56.4,-0.13456328196487521,0.6955683789511592,0.7660845584102969,False,False,False
3548,78.80000305175781,2026-09-22,0.03141363191028157,0.03957783481817989,-0.07365811032595104,0.003149168856017681,,36.2,-0.11180826046387238,0.5718086925592022,0.6883678306778159,False,False,False
3550,24.049999237060547,2026-09-22,0.13443388545076318,0.04565214074176294,-0.2701062616025549,0.3511236105553963,,31.8,-0.30825641174047624,0.7768107086035507,0.6456375634110214,False,False,False
3551,182.5,2026-09-22,0.08308605341246289,0.054913294797687806,-0.05819090558033735,0.05354916771842588,,45.0,-0.09634105571825868,1.4137981998886522,0.828792018752373,False,False,False
3552,39.150001525878906,2026-09-22,-0.028535923894611015,-0.13576154116466832,-0.2055451933568221,-0.13141934113912468,,9.3,-0.24369534349474342,5.250227079210818,0.5171744998525013,False,False,False
3555,172.0,2026-09-22,0.005847953216374213,0.06832298136645965,-0.07774798927613946,0.03614457831325302,,38.9,-0.1158981394140608,0.5316233517504259,0.6231884057971014,False,False,False
3556,57.09999847412109,2026-09-22,0.02329747768521684,-0.09508716553235341,-0.2113260045483415,0.40037891867936604,,49.4,-0.24947615468626283,0.20153402690776098,0.7306703408729018,False,False,False
3557,23.100000381469727,2026-09-22,0.01538463215251551,-0.05133470145451191,-0.10132626329296335,-0.2275861941410332,,14.2,-0.13947641343088468,0.7548163944252249,0.5657510455908048,False,False,False
3558,124.0,2026-09-22,0.03765690376569042,-0.0005579878787371761,-0.0735099279611302,0.057742808628402864,,42.0,-0.11166007809905154,0.6256415070649886,0.776325024505957,False,False,False
3563,711.0,2026-09-22,0.1057542768273716,0.069172932330827,0.0253099379956776,0.06923014578453501,,62.5,-0.012840212142243734,0.7689697619861956,0.7563937345612136,True,False,False
3564,49.0,2026-09-22,0.04925051819026516,0.08407077816193875,0.10292878047691478,0.1669614264830679,,77.2,0.06477863033899345,0.5834864403002311,0.8505314523769354,False,False,False
3567,25.5,2026-09-22,0.020000000000000018,0.01796410286007899,-0.11309525704914902,0.030680317850578342,,30.9,-0.15124540718707036,0.21941751148289015,0.8106118849658012,False,False,False
3570,168.0,2026-09-22,0.0029850746268655914,0.03384615384615386,0.007360654311288073,0.06786282299799873,,59.1,-0.030789495826633262,1.5145581420124645,0.9141345002321443,False,False,False
3576,17.600000381469727,2026-09-22,0.09657328461612136,0.035294140086454595,0.020289877186650873,-0.14975846701512485,,39.7,-0.01786027295127046,0.8291103221092839,0.6591760254141696,False,False,False
3577,115.5,2026-09-22,0.0547945205479452,0.013157894736842035,-0.03481387505549138,0.8555397156389739,,88.1,-0.07296402519341272,0.27915104692022336,0.721875,False,False,False
3580,101.5,2026-09-22,0.15340909090909083,0.3233377319231585,0.08143394813545468,0.44851234089570613,,85.2,0.043283797997533346,2.9608534345962805,0.910127199363285,True,True,False
3581,101.0,2026-09-22,0.0883620331743824,0.004975124378109541,-0.3517298926786844,0.4051839800004755,,22.9,-0.3898800428166057,0.5310879820796823,0.36233667814106435,False,False,False
3583,704.0,2026-09-22,0.06024096385542177,0.023255813953488413,-0.16406497259591435,0.5720017927439933,,72.0,-0.20221512273383568,0.44883447516719777,0.7355536065787978,False,False,False
3585,45.95000076293945,2026-09-22,0.02338528288145736,-0.08283428817518412,-0.3937994866363813,0.7050092564794295,,42.6,-0.43194963677430265,0.5053748674465905,0.27848485310872395,False,False,False
3587,239.0,2026-09-22,0.04366812227074246,-0.03238866396761131,-0.18194262762482483,0.012345975843205848,,18.5,-0.22009277776274616,0.4284702518922357,0.6135430132592256,False,False,False
3588,53.09999847412109,2026-09-22,0.04940711611441251,0.02115381681002093,-0.25705276616939543,0.08174315201216142,,14.0,-0.29520291630731677,0.3502455159189072,0.7047720685208047,False,False,False
3591,24.350000381469727,2026-09-22,-0.07662846195262385,0.06200490489640287,-0.1659850909142222,0.08223361519438721,,26.6,-0.20413524105214353,2.6489664659683294,0.8044922183681448,False,False,False
3592,228.5,2026-09-22,0.04100227790432798,0.017817371937639104,-0.13465195443575495,0.15035524332760253,,38.9,-0.17280210457367629,0.42226972208155705,0.8114458975776445,True,False,False
3593,8.800000190734863,2026-09-22,-0.11557785332412052,-0.19999998266046692,-0.4358974374649479,-0.30980390660903034,,0.5,-0.47404758760286925,1.0229972879181126,0.44110274958396856,False,False,False
3594,46.650001525878906,2026-09-22,0.026402656607168895,-0.07992456129830883,-0.030600986076076864,0.1978560670649523,,63.9,-0.0687511362139982,0.1755620563828767,0.7835975693837494,False,False,False
3595,1480.0,2026-09-22,0.10861423220973787,0.11698113207547167,-0.2611562922065145,0.11057443622190943,,15.4,-0.2993064423444358,1.6591995996810047,0.6043942732254777,False,False,False
3596,154.5,2026-09-22,-0.003225806451612856,-0.034375000000000044,-0.20769230769230773,-0.09076964314818381,,10.2,-0.24584245783022907,0.5918984096307811,0.7201425817037928,False,False,False
3597,27.049999237060547,2026-09-22,0.02851711109341548,0.018832392254914287,0.03441681191813539,0.20996261842511088,,73.3,-0.003733338219785942,0.6367434153180995,0.8747182621281203,True,False,False
3603,6.150000095367432,2026-09-22,-0.050925914002271644,-0.045031049577069826,-0.20336784164410493,-0.22932329816191221,,6.2,-0.24151799178202626,0.4133352277864607,0.458955244063057,False,False,False
3605,171.5,2026-09-22,0.3450980392156864,0.48484848484848486,1.2446937433744187,1.9890680005933232,,98.6,1.2065435932364974,2.6771191273532957,1.0,True,True,False
3607,13.899999618530272,2026-09-22,0.02583021570986621,-0.007142884390694881,-0.14147057326689672,0.0065517130646493005,,24.4,-0.17962072340481805,0.4314111432305456,0.7975409492501907,False,False,False
3609,23.549999237060547,2026-09-22,0.13493972226797823,0.12142853509812124,-0.09073360679852716,-0.16489366666932703,,18.8,-0.1288837569364485,0.9519054713781051,0.4528846007127028,False,False,False
3611,182.5,2026-09-22,0.011080332409972193,-0.018817204301075252,-0.017857113529723856,0.023936179320330098,,50.5,-0.05600726366764519,0.801827978787037,0.8932714781791045,False,False,False
3615,37.45000076293945,2026-09-22,0.1417683425012064,0.04027779897054029,-0.28068147772351615,0.22946533567271676,,20.1,-0.3188316278614375,1.1045127846463287,0.6248267966512014,False,False,False
3617,244.0,2026-09-22,0.03389830508474567,-0.05242718446601946,0.13538476438051594,0.49288208368860276,,87.6,0.09723461424259461,0.47207891299305366,0.9384615384615385,False,False,False
3622,45.150001525878906,2026-09-22,0.007812551222742492,-0.10739090582333866,-0.1362883333194682,-0.18050565087364223,,12.7,-0.17443848345738955,0.6225874844589875,0.6578406569445869,False,False,False
3623,28.0,2026-09-22,0.0748560775451097,0.2844037146753333,0.16424120117445096,0.19402981189882929,,83.0,0.12609105103652962,2.705883637780203,0.8777429572047762,False,False,False
3624,122.0,2026-09-22,-0.012145748987854255,0.41695705182467924,-0.20121046397955522,1.5574551961495158,,92.1,-0.23936061411747656,2.4497182524598426,0.6969608505033432,False,False,False
3625,11.449999809265137,2026-09-22,-0.06910572099909396,0.00881052197660459,-0.31845236135448096,-0.3284457289372208,,1.3,-0.3566025114924023,0.2535114247566143,0.3318840524424677,False,False,False
3628,72.80000305175781,2026-09-22,0.011111153496636383,0.09638556293382838,0.0775448302185513,0.14732553306906016,,74.8,0.03939468008062996,0.640055961552182,0.7656524771500842,False,False,False
3630,26.0,2026-09-22,0.009708737864077666,0.02564101020706122,-0.19129086264361472,-0.09090910303463828,,12.1,-0.22944101278153606,0.3931175590857752,0.6753246753246753,False,False,False
3631,39.900001525878906,2026-09-22,0.0871934794663789,0.028350575011549806,0.15988371383827937,0.39510492984925216,,86.7,0.12173356370035804,1.2157912974088925,0.9027149510670148,False,False,False
3632,7.190000057220459,2026-09-22,0.012676077999545843,-0.0013888544874417486,-0.0898734214653133,-0.2391534177417537,,14.9,-0.12802357160323463,0.7832652783574147,0.7049019795754746,False,False,False
3633,143.0,2026-09-22,0.010600706713780994,-0.023890784982935176,0.22188932933201255,0.6476394550982045,,91.4,0.18373917919409122,0.27117067968298597,0.9315960912052117,False,False,False
3645,69.30000305175781,2026-09-22,0.037425147990830965,0.06288353213835784,-0.2318550687109624,-0.06433411775128028,,9.8,-0.27000521884888373,0.5713891969617433,0.59882613256307,False,False,False
3646,24.549999237060547,2026-09-22,-0.012072480475005753,0.04468081859832118,0.09950720114699663,0.04116600380784874,,71.7,0.06135705100907529,0.8598683739163365,0.8720877801525766,False,False,False
3652,34.349998474121094,2026-09-22,0.036199001297342326,0.033082660875822345,-0.13290786853730974,0.3413850385966877,,58.2,-0.17105801867523107,0.17493732229120915,0.8356168858224993,False,False,False
3653,5830.0,2026-09-22,0.09792843691148767,0.13094083414161006,0.7304419396340138,0.48511346593061755,,95.8,0.6922917894960925,0.8252391971055828,0.9732888146911519,False,False,False
3659,7.659999847412109,2026-09-21,0.04076082995319941,-0.3876884711719838,-0.6369480335392532,-0.7265008638006247,,0.1,-0.6750981836771746,1.7786087473988457,0.2122891154337388,False,False,False
3661,3715.0,2026-09-22,0.10730253353204167,0.0024194473314833598,-0.11488492010217954,0.20387029286220226,,49.0,-0.15303507024010088,1.341360191074708,0.6965649658671887,False,False,False
3663,60.59999847412109,2026-09-22,0.009999974568684733,-0.006557402063588791,-0.23484847463158798,-0.14647889473068887,,6.7,-0.2729986247695093,0.7247242411567261,0.6608506051349735,False,False,False
3664,8.25,2026-09-22,0.07561928525903006,0.539179066137579,0.13324172558192626,-0.32926830308389576,,45.1,0.09509157544400493,1.7076064130576183,0.41044775340430883,False,False,False
3665,2245.0,2026-09-22,0.13383838383838387,0.09512195121951228,0.17951679359918393,0.30905914505832843,,86.0,0.1413666434612626,1.4344282449124255,0.770296693632926,False,False,False
3666,25.149999618530277,2026-09-22,0.005999984741211106,0.0,-0.0019841723371180064,-0.023300985688144538,,48.7,-0.04013432247503934,0.6197741824718739,0.7632776642244502,False,False,False
3669,32.54999923706055,2026-09-22,0.01718747615814209,-0.13084115957423292,-0.053779133917381206,-0.00011284605243888635,,40.0,-0.09192928405530254,0.18408574489702775,0.7649823694640606,False,False,False
3672,12.0,2026-09-22,0.016949136104436047,-0.008264494075791218,0.030042952182850247,0.07142858967489163,,63.5,-0.008107197955071088,0.26242545381179033,0.7741935483870968,False,False,False
3673,65.5999984741211,2026-09-22,0.06666664185562765,0.0396196523051473,-0.1791094349796608,0.49070821583770297,,63.6,-0.21725958511758214,0.6131029947809222,0.7152227080585221,False,False,False
3675,302.0,2026-09-22,0.12267657992565062,0.15587392389497468,-0.20543034382863645,0.5239134770044802,,61.9,-0.2435804939665578,1.8607351128589933,0.6806813460739509,True,False,False
3678,49.79999923706055,2026-09-22,-0.017751509119044995,-0.004000015258789014,0.07409987535121743,0.13854589222791658,,73.7,0.03594972521329609,0.7195340421126546,0.6585419509426824,False,False,False
3679,109.0,2026-09-22,0.0092592592592593,-0.004566210045662156,-0.013574660633484115,-0.007867630203394427,,48.2,-0.05172481077140545,0.9153090962097264,0.9043668272920772,False,False,False
3680,538.0,2026-09-22,0.10133060388945747,0.15948275862068972,0.0653465346534654,0.4057090376124708,,83.6,0.02719638451554407,0.9621528119460685,0.8808500921612705,False,False,False
3684,54.0,2026-09-22,-0.0036900509248001256,0.003717486352707633,-0.025270784969652516,-0.10964676141778484,,34.4,-0.06342093510757385,0.472945807267871,0.8077954982777865,False,False,False
3685,35.650001525878906,2026-09-22,0.0,-0.009722179836697098,0.196308806664097,0.18046359686280322,,84.4,0.15815865652617567,0.5090301526513116,0.7792350060301401,False,False,False
3686,15.399999618530272,2026-09-22,0.092198524956709,0.06574393230483011,-0.10465122468410659,-0.15846993111657037,,17.5,-0.14280137482202793,2.112973139406274,0.6609442112785703,False,False,False
3687,61.0,2026-09-22,-0.006514682670004768,-0.019292616530873885,-0.17578979845827158,-0.10129155887190255,,12.8,-0.21393994859619292,0.32700327550840885,0.7369408637408308,False,False,False
3689,108.0,2026-09-22,0.023696682464454888,0.0046511627906977715,-0.05179894791958828,0.0034773493090740626,,41.1,-0.08994909805750961,0.3275527866918962,0.7879416962900918,False,False,False
3691,110.5,2026-09-22,0.17428269704371102,0.12410983285339827,-0.28013029315960913,-0.008968609865470878,,8.3,-0.31828044329753047,1.1353782732463515,0.6519174041297935,True,False,False
3693,700.0,2026-09-22,0.05105105105105112,0.33249339899444896,0.40916464469700253,0.47962293147197,,93.1,0.3710144945590812,1.4932943105853287,0.9755755647446753,False,False,False
3694,50.5,2026-09-22,0.04123711340206193,0.005976080328708333,-0.1061444788709266,-0.040660505946615966,,26.3,-0.14429462900884793,0.3595847482524209,0.6250588784111234,False,False,False
3701,41.59999847412109,2026-09-22,0.0721649302092271,0.04522611235088747,-0.10920775600641242,-0.26110126042884396,,11.4,-0.14735790614433375,0.9878520822268784,0.529262077375457,False,False,False
3702,113.0,2026-09-22,0.05607476635514019,0.053558417609763875,0.09294379209420245,0.28936043225866426,,81.4,0.054793641956281114,0.8634542537580419,0.8995767879615367,False,False,False
3703,19.75,2026-09-22,0.012820512820512775,-0.002525214090259187,-0.029600740130962366,-0.08718488858030804,,36.0,-0.0677508902688837,0.5868387255589023,0.8616823008534366,False,False,False
3704,41.29999923706055,2026-09-22,0.037688442933517585,-0.014319863173460234,-0.126731929119962,0.28962508183333346,,54.6,-0.16488207925788334,0.8675720903812782,0.8194444044977701,False,False,False
3706,79.30000305175781,2026-09-22,0.021907275915780566,-0.017360205111915272,0.05849271556279145,0.13981268445587158,,72.3,0.020342565424870118,0.379430463569789,0.8458048882820901,False,False,False
3707,69.5,2026-09-22,0.17996601357410436,0.12096774193548376,-0.18997671878781908,0.19415805994724566,,32.1,-0.2281268689257404,0.9621867871723411,0.6915422885572139,True,False,False
3708,98.5999984741211,2026-09-22,0.03354294441362393,-0.04271846141630009,-0.0912792700814099,-0.11438233684749355,,23.0,-0.12942942021933124,1.158343851006025,0.78279315874693,False,False,False
3709,63.5,2026-09-22,0.0444079078424342,-0.06891491434829644,-0.14114702882575803,-0.02723064438896461,,21.8,-0.17929717896367936,0.21898496346531204,0.7026138223701593,False,False,False
3710,7.71999979019165,2026-09-22,-0.07226255212287247,-0.09346827337480945,-0.2107310749892627,-0.2159322345157879,,6.1,-0.24888122512718402,1.1540935166111281,0.51230265842148,False,False,False
3711,693.0,2026-09-22,0.17060810810810811,0.17060810810810811,0.09100500517871546,1.1032608650348372,,93.1,0.052854855040794124,0.8594908312001824,0.9619453301208934,True,False,False
3712,20.75,2026-09-22,0.00973239758465616,0.0024154219911944885,0.11859842875595006,-0.09586059650560441,,64.2,0.08044827861802872,0.37083418246405264,0.5193992391421735,False,False,False
3713,14.050000190734863,2026-09-22,0.0,-0.0506756750225934,-0.03767124495646745,-0.1536144657913009,,28.0,-0.07582139509438879,1.0487578475199462,0.5509803996366613,False,False,False
3714,68.9000015258789,2026-09-22,0.14642268344727305,0.20454546515530847,0.03567841478096745,0.4985700225958831,,84.3,-0.002471735356953886,2.212133821393046,0.8588242723014116,True,True,False
3715,128.5,2026-09-22,0.07531380753138084,0.18981481481481488,-0.2694239872244695,-0.22335164184026735,,3.8,-0.3075741373623908,0.9014740112155581,0.6354395870770292,False,False,False
3717,25.25,2026-09-22,0.20238095238095233,0.12472156534100409,0.13858725193791543,0.22343403799332484,,82.1,0.1004371017999941,2.18538436164075,0.8670332477954079,True,False,False
4113,15.649999618530272,2026-09-22,-0.01572327081748126,0.053872001111784806,0.0,-0.07121666087670353,,43.9,-0.038150150137921335,2.021037372854263,0.6161417265184915,False,False,False
4154,11.649999618530272,2026-09-21,-0.012711912693219252,-0.04508198355193205,-0.07905138578306015,0.131067903184096,,48.8,-0.11720153592098148,1.7080491048812554,0.6508379813857686,False,False,False
4171,16.450000762939453,2026-09-22,0.0185759226932094,-0.038011672750290715,-0.02083324345330939,-0.11559137496965932,,34.8,-0.058983393591230726,0.1178467514031797,0.6207547457713001,False,False,False
4303,34.650001525878906,2026-09-22,-0.005738793601115955,-0.06416204326167696,0.07067906444284966,-0.08648469958495364,,56.6,0.032528914304928325,0.4528293253365542,0.6533672117237799,False,False,False
4304,20.799999237060547,2026-09-22,0.3419354346490675,-0.2195122125781236,-0.08370050493482328,-0.16800003051757817,,19.8,-0.12185065507274462,2.2573877595034038,0.5892351186008857,False,False,False
4305,42.150001525878906,2026-09-21,0.0035714649018787625,-0.02430553746566888,0.026092179533838022,0.03194890506313275,,59.2,-0.012057970604083312,0.47770066745398815,0.9429530381759023,False,False,False
4306,14.600000381469728,2026-09-22,0.013888942238726942,-0.03947364706081635,-0.03833074749678256,0.15400314649804558,,58.4,-0.07648089763470389,0.552608071100158,0.9238997994352033,False,False,False
4401,13.850000381469728,2026-09-22,0.02214023516693353,-0.017730495974209393,0.04068746759670483,-0.03562959216794137,,55.5,0.0025373174587834946,0.8888322626196571,0.8149609202223947,False,False,False
4402,13.75,2026-09-22,-0.04181187216165605,-0.08333333333333337,-0.15123460787386445,-0.19117647058823528,,11.0,-0.18938475801178578,1.0778150084968525,0.6756756630098373,False,False,False
4406,10.25,2026-09-22,0.014851446818306302,0.01990047815616136,0.03955378873250193,0.014851446818306302,,60.2,0.0014036385945805918,1.9323037924191333,0.9579439423096549,False,False,False
4413,19.850000381469727,2026-09-22,0.05585112696915995,0.02056553227969249,0.2985818016543724,0.11307004626028383,,86.6,0.2604316515164511,1.0932347709812924,0.9925000190734863,False,False,False
4414,8.25,2026-09-22,0.018518470551362576,-0.01902495247503999,-0.040697716970323206,-0.3125,,16.5,-0.07884786710824454,0.4980900365496165,0.6762295187688971,False,False,False
4416,13.5,2026-09-22,0.1637930651765669,-0.1059602874866945,0.10655739434910427,0.003717486352707633,,70.2,0.06840724421118294,2.8888900828707107,0.22651007291320377,False,False,False
4417,50.0,2026-09-22,0.011122330203738873,0.06157115965666771,0.1341361375236978,0.057415144677387175,,75.6,0.09598598738577646,0.6474642569044331,0.9494396855676432,False,False,False
4420,36.150001525878906,2026-09-22,-0.02851399076337957,0.03616374842946368,0.04755011164169942,-0.17293014696288433,,43.2,0.009399961503778087,2.738193191214006,0.7878000594393169,False,False,False
4426,7.809999942779541,2026-09-22,0.045515416618126414,0.0,0.00644326191017508,-0.13414639174908938,,38.5,-0.031706888227746255,0.53487555571533,0.7509615605046772,True,False,False
4430,17.450000762939453,2026-09-22,0.011594247126924806,-0.025139601406749534,0.02997835529513959,-0.004354305120441215,,56.6,-0.008171794842781743,0.3046299989719338,0.9285814985574691,False,False,False
4431,19.5,2026-09-22,-0.020100483728542895,0.054054054054053946,0.1470588235294117,0.10795452144027795,,78.7,0.10890867339149035,0.5644790866020409,0.9112149695140618,False,False,False
4432,15.550000190734863,2026-09-22,-0.01269840058826266,-0.009554115946023956,0.005371606621409342,0.04492723447557623,,56.7,-0.03277854351651199,0.942117038984351,0.9054056950520454,False,False,False
4433,18.5,2026-09-22,0.0054348034534204,-0.02631578947368418,-0.0597655396868958,-0.06878462117021944,,31.8,-0.09791568982481713,2.3127923875799588,0.8023074969663231,False,False,False
4438,56.20000076293945,2026-09-22,-0.001776171855705222,-0.03295414221399873,-0.01997358966432705,0.031971266039692026,,50.8,-0.058123739802248386,0.8678102605328892,0.6961807926498773,False,False,False
4439,97.5,2026-09-22,0.04278074866310155,0.0030864512466759475,0.11585741845159636,0.217786758101302,,80.7,0.07770726831367503,0.44504551601868375,0.8986175115207373,False,False,False
4440,17.600000381469727,2026-09-22,-0.002832818024996131,0.005714307512555861,0.02623911212529917,0.03225813308036263,,59.3,-0.011911038012622166,0.6334784626730945,0.8384869292374627,False,False,False
4441,170.0,2026-09-22,-0.005847953216374324,-0.039548022598870025,-0.05322676151802974,-0.10280838646484947,,30.0,-0.09137691165595108,0.6673635853909617,0.6087544071519376,False,False,False
4442,53.59999847412109,2026-09-22,-0.053003534997826396,0.048923680521558044,0.038759691068654956,-0.07657699665019813,,51.7,0.0006095409307336208,0.15991834435055122,0.7382920055188056,False,False,False
4502,15.75,2026-09-22,0.0031847255632038163,0.006389800888641828,0.0,-0.0031645689956499856,,51.4,-0.038150150137921335,0.5691495485881973,0.875,False,False,False
4503,23.299999237060547,2026-09-22,0.04954947911341634,-0.037190144525003244,-0.3659864153180804,-0.3642565275036018,,0.9,-0.40413656545600174,0.29794523455341415,0.4116607750036227,False,False,False
4506,118.0,2026-09-22,-0.00421940928270037,-0.032786885245901676,0.031169302888968353,0.05772297314163266,,62.5,-0.006980847248952982,0.7997002594363316,0.9299979790359707,False,False,False
4510,43.95000076293945,2026-09-22,0.05017926799010408,0.012672793035101382,0.015011582848310168,0.03900712897491698,,57.7,-0.023138567289611167,0.3986133540278795,0.8093922906161467,False,False,False
4513,16.75,2026-09-22,0.09836065573770503,0.006006029054705486,0.03076923076923066,-0.02898550724637683,,54.2,-0.007380919368690675,0.2491123416959489,0.734649147390036,True,False,False
4523,23.649999618530277,2026-09-22,0.008528735568610557,-0.012526143417640356,-0.13001547102428002,-0.13868647059460948,,16.1,-0.16816562116220135,0.9614588533574157,0.6513954288360819,False,False,False
4526,31.950000762939453,2026-09-22,0.07214770405782667,0.07575757381150017,-0.18641984266932377,-0.04868315524800759,,14.6,-0.2245699928072451,0.6470687041326326,0.7416865891692607,False,False,False
4527,40.79999923706055,2026-09-22,0.0,-0.006090134096136457,0.022556332750962582,0.02705475288690873,,57.9,-0.015593817386958753,0.6097590353807824,0.949941758144645,False,False,False
4528,14.850000381469728,2026-09-22,0.0,-0.006688925021486214,-0.051118163358503166,-0.1414453098594639,,27.1,-0.0892683134964245,1.6768201296096932,0.6939818598130575,False,False,False
4529,3.4100000858306885,2026-09-22,-0.036723129215597616,0.0623053100644726,-0.24724063401865604,0.01791050236005942,,11.7,-0.28539078415657737,0.6075825943512473,0.5608552843125906,False,False,False
4532,25.149999618530277,2026-09-22,0.07708776049909649,0.04356843238342378,0.05010433475424847,0.005383969218689222,,61.0,0.011954184616327135,1.2348171214808266,0.8642611439464197,True,False,False
4533,24.899999618530277,2026-09-22,0.029933119048787482,-0.031703783237879035,-0.121580681891433,-0.26238614104622193,,10.3,-0.15973083202935434,0.4948379420975531,0.6079726144398707,False,False,False
4534,30.600000381469727,2026-09-22,0.12293579381540276,0.03904922202845773,-0.016077170220805348,0.16571430024646583,,63.7,-0.05422732035872668,0.7953649103491187,0.7225502121368089,False,False,False
4535,27.0,2026-09-22,0.003717486352707411,-0.060869565217391286,0.01514945938635126,0.004155008915953662,,54.4,-0.023000690751570074,0.7021181262200104,0.9195072231111496,False,False,False
4536,165.0,2026-09-22,0.01538461538461533,-0.03790087463556846,0.042760002923813545,0.15784725197266636,,71.8,0.00460985278589221,0.6366813240274685,0.887682848823082,False,False,False
4537,163.0,2026-09-22,0.04153354632587858,0.3697478991596639,-0.07646489650054322,1.040770445496189,,89.4,-0.11461504663846456,0.6595307765673762,0.8173285432787413,False,False,False
4538,17.5,2026-09-22,0.01156073825199977,0.005747148486326958,-0.07407405538557066,-0.01393595286688143,,34.1,-0.112224205523492,0.9839325767515469,0.9234828124241967,False,False,False
4540,59.900001525878906,2026-09-22,0.04537525869872483,0.054577505817917205,0.016977928252864816,0.37070939313754314,,78.9,-0.02117222188505652,1.028201493544581,0.774902964567435,False,False,False
4541,60.09999847412109,2026-09-22,0.06749554686599568,-0.10432190997291524,0.28748556519587387,0.4906911600863859,,91.3,0.24933541505795254,0.1474449016089774,0.7939233936193264,False,False,False
4542,332.5,2026-09-22,0.33000000000000007,0.33000000000000007,-0.18704156479217604,0.8941447132638687,,82.7,-0.22519171493009738,1.400782597047645,0.6730769230769231,True,False,False
4543,28.549999237060547,2026-09-22,0.0344202479152369,-0.0787492120536678,-0.171127361262438,-0.0600946647873275,,15.8,-0.20927751140035933,0.6604287262358236,0.6509377100441275,False,False,False
4544,13.5,2026-09-21,0.03846153846153855,-0.0391459205173218,-0.016472470867850975,-0.14016764688053163,,33.2,-0.05462262100577231,1.549759906601469,0.8148410718173235,False,False,False
4545,33.599998474121094,2026-09-22,0.030674848061536863,0.040247655348825795,-0.081005835191294,0.05562077586473979,,40.1,-0.11915598532921534,0.7013413711728621,0.7945131562259777,False,False,False
4546,65.0,2026-08-07,,,,,,,,,,False,False,False
4549,97.0,2026-09-22,0.029724024866967236,-0.015522383575541254,-0.0023763622691893582,0.1425299350588547,,64.0,-0.04052651240711069,0.34130544062487916,0.7409886481841618,False,False,False
4550,23.950000762939453,2026-09-22,-0.01033057818671046,-0.020449897112391313,-0.0244398571391945,0.025776386479554825,,49.4,-0.06259000727711583,0.5286053703424348,0.8864733980633793,False,False,False
4551,157.0,2026-09-22,0.0228013029315961,0.01948051948051943,-0.35383241301814083,0.259521956721511,,13.1,-0.39198256315606217,0.33560293949215064,0.5716978781648642,False,False,False
4552,15.899999618530272,2026-09-22,0.03583056829917042,-0.09659095034618925,-0.2337349581431194,-0.23741010419063246,,4.5,-0.27188510828104073,1.5979110962043013,0.6437246610286369,False,False,False
4553,15.100000381469728,2026-09-22,-0.016286644546393392,-0.06790125491760357,-0.14204535848837396,-0.14683842803795277,,14.1,-0.1801955086262953,1.210996028910257,0.4926319720881569,False,False,False
4554,28.299999237060547,2026-09-22,0.007117396899492867,0.011499614211680775,0.033591668264816965,0.14823613282388148,,70.0,-0.00455848187310437,0.16808371059827618,0.9449081307563557,False,False,False
4555,42.5,2026-09-22,0.020408125881891115,-0.0740741048551371,-0.11273489256490843,0.20436637293098703,,49.7,-0.15088504270282976,0.3682924742326574,0.7379594544630069,False,False,False
4556,85.0999984741211,2026-09-22,0.0011764526367188388,0.1453565945998676,0.13599986067633285,1.9035386971175403,,96.5,0.09784971053841152,1.564040346545632,0.642264139427329,False,False,False
4557,49.70000076293945,2026-09-22,-0.009960159211175323,-0.042389223473191406,0.05520174889701801,-0.13682615376491813,,48.8,0.017051598759096676,0.657171752503631,0.6292883530216625,False,False,False
4558,17.200000762939453,2026-09-22,-0.002898506496263553,-0.03098587251045337,-0.054945052641772074,-0.08021390047067656,,31.7,-0.09309520277969341,0.6960574526837587,0.6590038510172197,False,False,False
4559,7.849999904632568,2026-09-22,-0.05649036147008901,-0.1277777883741591,-0.018750011920928955,-0.024844755448886202,,45.1,-0.05690016205885029,0.3909245662765262,0.5164473686274399,False,False,False
4560,28.899999618530277,2026-09-22,-0.0017271552017775749,-0.12820517984081603,-0.06775083841016505,-0.054842788841748535,,31.6,-0.10590098854808638,0.6427001873880125,0.8246338518923517,False,False,False
4561,41.59999847412109,2026-09-22,0.05316451833217939,-0.06094809953587288,0.03532971425207854,0.28501759223832246,,76.6,-0.002820435885842798,0.2598831464533749,0.7363965184076338,False,False,False
4562,30.600000381469727,2026-09-22,0.049742736943903854,-0.016077170220805348,-0.11432703162996882,-0.025477683018455877,,26.2,-0.15247718176789016,0.4372283300274838,0.6545454627052348,False,False,False
4563,50.09999847412109,2026-09-22,0.1220603978049899,0.25563901148290746,0.22195118229563615,0.22493879229860192,,86.1,0.18380103215771482,2.3043151673966653,0.7324561017029498,True,True,False
4564,16.049999237060547,2026-09-22,0.015822724259983545,-0.050295881695626155,0.02884607978121223,-0.16187991870611063,,40.5,-0.009304070356709104,0.20407878977563612,0.7430555071114521,False,False,False
4565,135.0,2026-09-22,0.0037174721189590088,0.08000000000000007,0.13855423779874565,0.5662983557457548,,88.8,0.10040408766082431,1.4009788943887882,0.9090909090909091,False,False,False
4566,65.0,2026-09-22,0.03503185970806744,-0.007633587786259555,0.03503185970806744,0.09076148573695764,,65.8,-0.0031182904298538983,0.2499065708479637,0.8519003591114865,False,False,False
4568,39.650001525878906,2026-09-22,-0.005018744188210245,0.0012627033758725315,-0.0024796906826279885,-0.011934909825125795,,50.0,-0.04062984082054932,0.7108434243815492,0.9422903471721027,False,False,False
4569,155.0,2026-09-22,0.006493506493506551,-0.034267912772585674,-0.09928013027438576,0.11714721691434238,,42.8,-0.1374302804123071,0.5518286090241131,0.7711040630821616,False,False,False
4571,150.0,2026-09-22,0.016949152542372836,-0.038461538461538436,-0.12023460410557185,-0.04597717658777678,,23.8,-0.1583847542434932,0.3778678624006346,0.6661711584970164,False,False,False
4572,139.0,2026-09-22,-0.017667844522968212,-0.0071428571428571175,0.0013496421876295628,0.008376735006082603,,52.5,-0.03680050795029177,0.4354287937636516,0.8330068640393852,False,False,False
4573,672.0,2026-09-22,0.20430107526881724,0.3686354378818737,0.5448275862068965,1.6508875739644973,,97.4,0.5066774360689752,1.3330551732386586,0.986784140969163,False,False,False
4575,22.799999237060547,2026-09-22,0.004405218976219372,-0.010845987343810481,-0.1460674687055532,0.058317217893932405,,27.8,-0.18421761884347454,0.28374136593391286,0.6302180774376773,False,False,False
4576,232.0,2026-09-22,0.006507592190889477,0.1717171717171717,0.06317478289472223,0.9565989707760707,,91.4,0.02502463275680089,0.607495831157496,0.8184017055777059,False,False,False
4577,85.80000305175781,2026-09-22,0.015384651500092383,0.16260161929240158,-0.1749999706561749,-0.011520736922137065,,17.9,-0.21315012079409623,0.4309459883731855,0.4740331660318111,False,False,False
4580,81.4000015258789,2026-09-22,0.007425723409153262,0.030379766150365972,0.04588088483534314,0.07885325426722578,,66.7,0.007730734697421804,0.5996204136819033,0.935632201446884,False,False,False
4581,48.34999847412109,2026-09-22,0.025450623741412715,0.012565413070598774,0.027842252214481222,0.055307673061543605,,61.5,-0.010307897923440112,0.6176600699458296,0.9437632414258403,False,False,False
4582,22.649999618530277,2026-09-22,0.02257336381991215,-0.0064648142008044696,-0.06769654186124774,-0.2508807500930631,,16.8,-0.10584669199916907,0.2382760318872442,0.5427646090608711,False,False,False
4583,429.0,2026-09-22,0.021428571428571352,-0.08917197452229297,-0.28500000000000003,-0.3175351695229994,,1.8,-0.32315015013792137,0.47897821665265666,0.5355628131567635,False,False,False
4584,37.5,2026-09-21,-0.002659533994127994,-0.03350513563461177,-0.02374807488570474,-0.08800479153732577,,37.4,-0.061898225023626074,0.7010468643659135,0.7245759910347873,False,False,False
4585,297.5,2026-09-22,0.0050675675675675436,0.017094017094017033,-0.01490066225165565,-0.0038275337177762214,,48.4,-0.053050812389576985,0.43741711290169694,0.44530394654715494,False,False,False
4587,39.84999847412109,2026-09-22,-0.01604942039207191,-0.09637188542067632,-0.32342958502959995,0.388501652082871,,26.1,-0.3615797351675213,0.17397586913456586,0.5334672035091539,False,False,False
4588,55.400001525878906,2026-09-22,0.037453182450392974,0.07156674484213466,-0.02040526419310995,-0.001985545165225311,,47.2,-0.058555414331031286,1.3868203013881137,0.7889708843943053,False,False,False
4590,90.6999969482422,2026-09-22,0.044930803679336995,0.05710948394172588,0.22419299614100408,0.2850645697862608,,87.2,0.18604284600308274,0.44862080377009456,0.9257579535538281,False,False,False
4609,4.059999942779541,2026-09-22,-0.04245279199417362,-0.1115974200710873,-0.23106064745271881,-0.15592515778006422,,6.6,-0.26921079759064015,0.5972632001007716,0.5259067426320164,False,False,False
4702,9.300000190734863,2026-09-22,0.005405426025390625,-0.034267904442824904,-0.027171831653038048,-0.027171831653038048,,42.7,-0.06532198179095938,0.6044490741036427,0.9311355936022745,False,False,False
4706,33.79999923706055,2026-09-22,-0.008797631979022502,0.018326380308306467,0.01680870636158205,0.14284529489207332,,67.4,-0.021341443776339286,0.45815716831475595,0.8633460515887361,False,False,False
4707,29.700000762939453,2026-09-22,0.13575530386981693,-0.14331533773437666,0.20271816932088704,1.963218936766943,,96.9,0.1645680191829657,0.4523527427465434,0.6815402854201841,False,False,False
4711,16.299999237060547,2026-09-22,0.0,-0.026865717190415084,-0.0242048386840783,0.07243957366170672,,53.5,-0.062354988821999635,0.3157825538757259,0.9047805636410279,False,False,False
4714,12.199999809265137,2026-09-22,0.09909904414343451,0.13488370318745457,-0.012145794945047639,-0.14385966250770965,,33.5,-0.050295945082968974,2.5077835148319365,0.5702210755361473,False,False,False
4716,16.899999618530273,2026-09-22,0.036809841076896,-0.011695950788175535,-0.3016529303415809,0.16955016204873807,,13.8,-0.33980308047950225,0.25085308310968857,0.6983470696584191,False,False,False
4720,19.100000381469727,2026-09-22,0.06703915019624906,0.06406682839282252,-0.16983761601269243,0.17732121153123104,,34.0,-0.20798776615061376,0.8633530014844254,0.6540673311953685,False,False,False
4721,74.5,2026-09-22,0.04929577464788726,0.021947852409208934,-0.17480857024572627,0.04983320697172067,,22.7,-0.2129587203836476,0.5359234970508254,0.7598297584135684,False,False,False
4722,189.5,2026-09-22,0.024324324324324298,-0.06419753086419755,-0.3348429206841068,0.11902897789788658,,9.0,-0.37299307082202815,0.9424073967116409,0.6206685889839386,False,False,False
4729,18.799999237060547,2026-09-22,0.02732240551067444,0.005347511766912616,-0.1550562140646945,-0.07843139271514377,,16.7,-0.19320636420261583,0.35714376117544294,0.6911764231520141,False,False,False
4738,6.440000057220459,2026-09-22,-0.010752714162868826,-0.015290505384687236,-0.13090415791714438,0.2037383499098866,,45.7,-0.16905430805506572,0.7196473341332563,0.3481081112011059,False,False,False
4739,79.9000015258789,2026-09-22,0.051315809551038205,-0.04994051158674628,-0.29603522884688194,-0.07304674396106192,,5.3,-0.33418537898480327,0.47666812109663914,0.6196325722757037,False,False,False
4741,37.79999923706055,2026-09-22,0.027173913606849176,-0.09243702635703843,-0.36789298128227543,0.5220985975832393,,29.6,-0.40604313142019677,0.24797142499800065,0.4688439434463765,False,False,False
4749,728.0,2026-09-22,0.03262411347517724,-0.024128686327077764,-0.21467098166127296,-0.14907171280576748,,8.0,-0.2528211317991943,0.7173319276614685,0.6249796695825096,False,False,False
4754,37.34999847412109,2026-09-22,0.005383497712721841,-0.027343828386313773,0.013568521593050775,0.055016557841675695,,59.0,-0.02458162854487056,0.4392885194765143,0.9626288455811498,False,False,False
4755,115.0,2026-09-22,0.03603603603603611,-0.012875536480686733,-0.14705209636361105,-0.17962999186121864,,11.9,-0.18520224650153239,0.626524499336649,0.6969515214095572,False,False,False
4760,263.0,2026-09-22,0.023346303501945442,0.04782093147173949,-0.21221098999703547,0.5379780726179342,,62.0,-0.2503611401349568,0.5199702587762528,0.573166982913367,False,False,False
4763,48.04999923706055,2026-09-22,0.06659267593354445,0.09622024768657056,0.15287876028194058,0.17130386120535124,,81.5,0.11472861014401925,1.3653325343498997,0.7726371422724869,False,False,False
4764,196.5,2026-09-22,-0.029629629629629672,-0.048426150121065326,-0.35148514851485146,0.5300904272275697,,33.3,-0.3896352986527728,0.41822460552818297,0.5461051711667456,False,False,False
4765,15.550000190734863,2026-09-22,-0.009554115946023956,-0.08529410642736102,-0.06886230656687542,-0.1901041889149273,,20.6,-0.10701245670479675,0.2376092984438791,0.49919744401809224,False,False,False
4766,342.0,2026-09-22,0.027027027027026973,-0.032531824611032545,-0.011560693641618491,0.06328358730085237,,55.1,-0.049710843779539826,0.36063472262932955,0.8618461377079679,False,False,False
4767,27.700000762939453,2026-09-22,-0.0018017743084881577,0.01094894702868121,0.06081500003506157,0.13823143734658472,,72.4,0.022664849897140238,0.35008344581341383,0.9310924626198136,False,False,False
4768,311.5,2026-09-22,0.06495726495726495,0.006478906626083747,-0.15229718338517007,-0.2810865256476959,,7.8,-0.1904473335230914,1.1447093302024833,0.5892952196294412,False,False,False
4770,250.0,2026-09-22,0.13636363636363646,0.21359223300970864,0.179245283018868,0.1740908588957626,,83.4,0.14109513288094666,2.609433906275463,0.8348243215549255,False,False,False
4772,243.5,2026-09-22,0.020964360587002018,-0.07939508506616255,-0.090170314381817,-0.16289480108778454,,19.2,-0.12832046451973833,0.548405058060875,0.6545450309548875,False,False,False
4903,42.04999923706055,2026-09-22,0.22953211400590612,0.1696800652201802,-0.009422886188217072,-0.12395834922790527,,36.5,-0.04757303632613841,2.8879509610684893,0.7904135081583251,True,True,False
4904,105.5,2026-09-22,-0.009389671361502372,0.039408866995073843,0.009691967959077674,0.16917383155507926,,68.2,-0.02845818217884366,0.6902740332276599,0.9737918160506791,False,False,False
4905,77.5999984741211,2026-09-22,0.014379065021190796,-0.12802464907516675,0.1470023822613158,-0.10731036267142668,,68.1,0.10885223212339445,0.6823474999966193,0.803602547746948,False,False,False
4906,38.70000076293945,2026-09-22,0.10256417223130665,0.1382353165570427,-0.10520229449850971,0.2911761398668846,,58.7,-0.14335244463643104,1.373601587408396,0.7326335947736112,True,False,False
4907,45.45000076293945,2026-09-22,0.035307498478031496,-0.037076270587140914,0.1340843291657241,0.16075212447505538,,79.6,0.09593417902780277,0.46685367442973386,0.9249385370478236,False,False,False
4908,222.5,2026-09-22,-0.006696428571428603,0.5084745762711864,0.1456196767621183,1.0547583368132951,,93.3,0.10746952662419695,2.1146221920359354,0.7630959030882605,False,False,False
4909,34.599998474121094,2026-09-22,0.03437960194176637,-0.08222817575817609,-0.24371588034707992,-0.3686131577403098,,2.1,-0.28186603048500125,0.7560049623208522,0.4957019621971169,False,False,False
4911,29.0,2026-09-22,0.0211267742791883,-0.001721144178095546,0.04617808767284082,-0.09515796935867804,,51.5,0.008027937534919483,0.24688006629482492,0.6246890596321831,False,False,False
4912,97.4000015258789,2026-09-22,0.11060438899856928,0.09239463451870766,0.12880777934369814,0.1021047222874003,,76.8,0.0906576292057768,1.0714641926286967,0.8615584011542863,False,False,False
4915,64.9000015258789,2026-09-22,-0.010670685434822635,0.0727272979484117,-0.059754615358768026,-0.034838770726564494,,35.2,-0.09790476549668936,1.2488433990814845,0.7784258427292228,False,False,False
4916,103.5,2026-09-22,0.12134340821160894,0.04969575660962078,0.04598180342982383,0.7403877745472711,,88.6,0.007831653291902496,1.0556099335014062,0.835945307071108,False,False,False
4919,133.5,2026-09-22,0.20270270270270263,0.15086206896551735,-0.24788732394366197,0.34036146631756314,,35.0,-0.2860374740815833,1.986952252523608,0.6095890410958904,True,False,False
4923,61.400001525878906,2026-09-22,0.15630891318768914,0.19688113916231487,0.031932798754267244,0.6891335379172532,,87.5,-0.006217351383654091,2.2080189647547455,0.9233082936222392,False,False,False
4924,18.75,2026-09-22,0.38888888888888884,0.9250513799393525,0.40977441587269703,0.7857142857142858,,94.6,0.3716242657347757,3.4257238755196067,1.0,True,True,False
4925,115.0,2026-09-22,-0.008620689655172376,0.11263465338232281,-0.20415224913494812,0.045454545454545414,,17.8,-0.24230239927286945,1.1544598790478968,0.5528846153846154,False,False,False
4927,43.5,2026-09-22,0.08614234278803612,0.25360227791289236,-0.10677619469149247,0.022326692831336592,,31.5,-0.1449263448294138,1.103479365701309,0.7027463477818121,False,False,False
4930,15.850000381469728,2026-09-22,-0.0031446061798814373,-0.009374976158141979,-0.07848839078999037,-0.19107895530960095,,18.7,-0.1166385409279117,2.562207071534142,0.6953279371976493,False,False,False
4931,240.5,2026-09-22,0.068888888888889,-0.045634920634920584,-0.054183086715801965,0.6939020567142118,,84.6,-0.0923332368537233,0.6168586013521408,0.8589285714285714,False,False,False
4933,53.09999847412109,2026-09-22,0.037109329743544084,-0.016666694923683556,-0.16491873585535477,-0.03344397235591423,,17.7,-0.2030688859932761,0.6388801749703508,0.7171622113158319,False,False,False
4934,14.399999618530272,2026-09-22,0.09090907777308077,0.01408449379940424,-0.17478515822685892,-0.18644073458566046,,9.6,-0.21293530836478025,1.029727335409152,0.6939758852303746,False,False,False
4935,33.20000076293945,2026-09-22,0.07269789804639437,-0.02496324502691738,-0.12285331304203206,-0.04938714981218062,,23.3,-0.1610034631799534,1.742221657988246,0.7352636891542456,False,False,False
4938,90.0,2026-09-22,0.01925251290473584,0.007838711358570505,0.04651162790697683,0.2310257201483974,,75.5,0.008361477769055492,0.6611185354647893,0.943396211325908,False,False,False
4939,76.69999694824219,2026-09-22,-0.016666705791766878,0.1763803763538372,0.2869127334213959,1.7038865796670768,,96.7,0.24876258328347456,0.390088627257266,0.8194444251988798,False,False,False
4942,31.299999237060547,2026-09-22,-0.0031847255632040383,-0.05864663948690085,-0.12067371483129208,-0.11361072148661688,,18.2,-0.1588238649692134,1.2446591327327126,0.7977503248080003,False,False,False
4943,7.010000228881836,2026-09-22,-0.06905710045654145,-0.15643804152717788,-0.18583037068469277,-0.3627272519198331,,4.1,-0.2239805208226141,0.9469916803377275,0.389444457160102,False,False,False
4949,75.5999984741211,2026-09-22,0.05734263600169354,0.07999997820173,-0.1389522113164946,0.2684563827119453,,50.6,-0.17710236145441594,0.8110902156421518,0.6999999858714916,False,False,False
4950,15.5,2026-09-22,-0.012738841509227883,-0.022082042463476226,-0.034267866866346086,0.061643807877741486,,51.1,-0.07241801700426742,0.9645730559622079,0.5893536292639215,False,False,False
4951,92.9000015258789,2026-09-22,0.15835417781664995,0.20963538846828977,-0.0682045700151166,0.4344013978611536,,74.5,-0.10635472015303793,3.5526581176976757,0.6895373097748285,False,False,False
4952,49.04999923706055,2026-09-22,0.06283851820796693,-0.030632396913080395,-0.1379613722022146,0.2263028420338249,,46.4,-0.17611152234013594,0.3372783229830707,0.8161397750813814,False,False,False
4953,118.0,2026-09-22,-0.024793388429752095,-0.03673469387755102,-0.027187250510873895,0.06546157958259169,,52.5,-0.06533740064879523,1.114248930221017,0.8605651037296561,False,False,False
4956,42.20000076293945,2026-09-22,0.316692722854798,0.1482993404881483,0.07515925510673771,0.19040902270040738,,76.0,0.037009104968816375,5.210522521151301,0.7714808075748868,False,False,False
4958,489.0,2026-09-22,0.02408376963350789,0.12284730195177951,-0.18770764119601324,1.4992007683728716,,91.7,-0.22585779133393458,0.8395252086206395,0.7569659442724458,False,False,False
4960,23.399999618530277,2026-09-22,0.19999998043745015,0.12230211944393266,-0.14754102119651402,-0.040983607198115,,19.8,-0.18569117133443536,2.757697010741672,0.5205784031448382,False,False,False
4961,180.5,2026-09-22,0.011204481792717047,0.09393939393939399,0.08515603893783719,0.34297689126838105,,82.5,0.04700588879991585,1.5780374361293812,0.9836512261580381,False,False,False
4966,582.0,2026-09-22,0.11281070745697908,0.044883303411131115,-0.1017942378551322,0.21769387861432898,,52.9,-0.13994438799305353,0.853336242746645,0.6793326452251237,False,False,False
4967,272.0,2026-09-22,0.022556390977443552,-0.021582733812949617,0.017397668895919427,0.11873215403388104,,65.2,-0.020752481242001908,0.5596688824691819,0.9221732752039064,False,False,False
4968,92.9000015258789,2026-09-22,0.05568183552135131,0.03222223917643219,-0.1944230387041953,-0.1023571494760328,,11.1,-0.23257318884211664,0.5831006473942743,0.5660810998401419,False,False,False
4971,568.0,2026-09-22,0.08812260536398475,0.07169811320754715,0.09884140104961348,0.30700314078653235,,82.3,0.06069125091169214,1.0976315165626072,0.6527521173856673,False,False,False
4972,16.399999618530273,2026-09-22,0.009230745755709036,-0.015015015359025496,-0.026706276127704265,-0.07344638917367408,,38.0,-0.0648564262656256,1.1500536607445322,0.8324872580402487,False,False,False
4973,137.0,2026-09-22,0.014814814814814836,-0.13015873015873014,-0.24725274725274726,0.9355218538208063,,80.3,-0.2854028973906686,0.2896006026133792,0.6523809523809524,False,False,False
4974,70.69999694824219,2026-09-22,0.005689813358754625,0.027616189130907687,0.002836836145279298,0.052304595882939564,,57.0,-0.03531331399264204,0.5665512579306156,0.9085752742308408,False,False,False
4976,35.95000076293945,2026-09-22,0.030085936709256522,-0.03877007229361007,-0.15112155706670205,0.25261323370283617,,46.3,-0.18927170720462339,0.30572793238072793,0.8189065948379761,False,False,False
4977,170.5,2026-09-22,0.06230529595015577,0.21189477862688144,-0.021259826587646025,-0.045526142971264005,,42.1,-0.05940997672556736,1.099906162831292,0.6404325502103235,False,False,False
4979,605.0,2026-09-22,0.18860510805500974,0.1060329067641681,0.27891752777172263,0.5713832323349539,,91.9,0.2407673776338013,0.8206452412572818,0.8469711335033601,False,False,False
4980,38.34999847412109,2026-09-22,0.06085745104788609,-0.06804381404450055,-0.10917539712505642,0.42565052111388835,,69.4,-0.14732554726297775,0.5493883011468598,0.7168224013854408,False,False,False
4989,60.70000076293945,2026-09-22,0.04116640750062417,0.0,-0.303925846187173,-0.08721803364000824,,4.8,-0.34207599632509433,0.2648525249517834,0.5210300494672915,False,False,False
4991,473.0,2026-09-22,0.13157894736842102,0.08735632183908049,-0.1583629893238434,0.18993710691823895,,38.0,-0.19651313946176474,1.2999900672139098,0.5436781609195402,False,False,False
4994,83.0999984741211,2026-09-22,0.022140164265644025,-0.01656806539501665,-0.09080965988176437,-0.055324009166721866,,27.5,-0.1289598100196857,1.1340676507879006,0.8187191967893703,False,False,False
4995,50.5,2026-09-22,-0.026974980437733165,0.03166494816960386,0.12222222222222223,0.27767872223171297,,82.9,0.0840720720843009,0.21668136169178984,0.9730250195622668,False,False,False
4999,17.899999618530273,2026-09-22,-0.0027855789573232315,-0.05291005397796755,-0.10928702378118615,-0.16853164969222012,,16.7,-0.1474371739191075,0.904342307598428,0.6840003513018393,False,False,False
5007,55.5,2026-09-22,-0.0017985337565724624,-0.01595747343137821,-0.01595747343137821,0.03385700575120132,,51.7,-0.054107623569299546,0.4617952022444347,0.9487179487179487,False,False,False
5009,32.099998474121094,2026-09-22,0.0046947639311367695,-0.060029369257987186,-0.04710309249048128,0.024730690450501136,,44.3,-0.08525324262840261,0.4302916055721589,0.8294830638943176,False,False,False
5011,17.899999618530273,2026-09-22,0.0028010776466118603,0.011299369885315658,-0.31021198103029757,0.29241870942322445,,20.5,-0.3483621311682189,0.4395664596224447,0.670411951574777,False,False,False
5013,32.29999923706055,2026-09-22,0.0766666412353516,0.17086641061954166,0.2093958142176282,0.09526406438673418,,82.6,0.17124566407970687,2.936710744618928,1.0,True,True,False
5014,9.880000114440918,2026-09-22,0.01229506995337748,-0.02178220383361973,-0.05454542633760129,-0.023327635411434455,,37.5,-0.09269557647552262,0.30269483857574186,0.8699771083649358,False,False,False
5015,21.350000381469727,2026-09-22,-0.02064215006144643,-0.011574073869668577,-0.058778830264010984,-0.18368849978304225,,22.6,-0.09692898040193232,0.5759994915595352,0.7266666437288525,False,False,False
5016,24.549999237060547,2026-09-22,0.00821350523439901,-0.004056810670072242,0.008377481728976566,0.03491375685190845,,56.3,-0.02977266840894477,0.4500555930323399,0.7914046563081794,False,False,False
5201,29.25,2026-09-22,-0.040983606557377095,0.10795456146405757,0.06751826303744157,-0.2394118492538606,,40.4,0.029368112899520238,1.588898211836347,0.5957481192983023,False,False,False
5202,14.5,2026-09-22,0.024735009957977727,0.22872714363030355,-0.010421058564612617,0.05696957765227073,,54.6,-0.04857120870253395,5.792245859529508,0.7390839382364905,False,False,False
5203,58.59999847412109,2026-09-22,0.03169012783870051,0.0017093756260013748,-0.07336484883975769,-0.0018560508915965723,,35.8,-0.11151499897767903,0.5827664748388934,0.6027626658480013,False,False,False
5205,17.25,2026-09-22,-0.07754014458722014,-0.16058391044167142,-0.2628205008029205,-0.4211409247773682,,1.3,-0.30097065094084186,1.0403190353576588,0.5043859536603525,False,False,False
5206,22.950000762939453,2026-09-22,0.07746486314459666,0.0021834561241091954,0.10056348906251666,-0.1090677332018305,,60.1,0.06241333892459533,1.708381638043852,0.6967705046341304,False,False,False
5209,169.5,2026-09-22,-0.017391304347826098,0.059374999999999956,0.05951443957582603,0.09430452639384201,,69.9,0.021364289437904693,1.7051240670761685,0.9630681818181818,False,False,False
5210,30.0,2026-09-22,0.05263157894736836,0.04895103496003261,-0.09774436090225569,0.357466039917095,,66.0,-0.13589451104017702,0.9040528142176447,0.9022556390977443,True,False,False
5211,20.200000762939453,2026-09-22,-0.019417456850636006,0.05208333126372766,0.05483034805876197,-0.12173909726350207,,50.4,0.016680197920840634,0.39550006942896715,0.6292835427772566,False,False,False
5212,48.0,2026-09-22,0.035598739594353335,0.016949136104436047,0.05032821003639332,-0.0377653915981182,,57.3,0.012178059898471982,2.1117981117342226,0.8971961977096843,False,False,False
5213,20.75,2026-09-22,0.017156881765419296,-0.041570421911692135,-0.07572386214551141,-0.14498766677944774,,23.1,-0.11387401228343275,1.103916891377999,0.8380048799891788,False,False,False
5215,38.0,2026-09-22,0.020134228187919545,-0.050000000000000044,-0.09942928888570679,0.05724372924762644,,36.7,-0.13757943902362813,0.32757193268803464,0.791356423597526,False,False,False
5220,19.799999237060547,2026-09-22,0.0025316069397745,0.0,-0.043445192605571004,0.0489635463285325,,47.9,-0.08159534274349234,0.6073961869000503,0.8116222653520884,False,False,False
5222,107.5,2026-09-22,0.06435643564356441,0.018957345971563955,0.00635248291640389,-0.09073602922604684,,43.2,-0.031797667221517445,0.4129228502579671,0.7649363908407675,True,False,False
5223,22.700000762939453,2026-09-22,-0.008733574625433116,-0.0236558811638945,-0.09561751322928635,-0.16081325681374758,,18.4,-0.1337676633672077,0.36509717914116735,0.7479407076646694,False,False,False
5225,55.900001525878906,2026-09-22,0.050751893312384055,-0.06208048729814575,-0.2352940808108408,-0.3292692081157883,,2.8,-0.27344423094876213,0.44449532272587366,0.5307267263952218,False,False,False
5227,30.850000381469727,2026-09-22,0.06013745625633615,-0.006441187133818249,-0.1272983956688346,0.2800829831185403,,53.6,-0.16544854580675594,0.6596715628424107,0.7415865748327174,False,False,False
5228,39.59999847412109,2026-09-22,0.02061853744307318,-0.030599756344957707,-0.40000002311937743,0.5776891582581847,,28.7,-0.43815017325729877,0.31944556403877866,0.5196850401584511,False,False,False
5230,21.75,2026-09-22,0.18852463971433542,0.24285714285714288,-0.004576676417568093,0.327008958703199,,75.2,-0.04272682655548943,3.4706076087354285,0.90625,True,True,False
5234,296.5,2026-09-22,0.04955752212389375,-0.011666666666666714,-0.22786458333333337,-0.1671348314606742,,6.5,-0.2660147334712547,0.620711467055404,0.6417748917748918,False,False,False
5236,135.5,2026-09-22,0.04230769230769238,0.0037037037037037646,-0.22571428571428576,0.12275683403573101,,20.4,-0.2638644358522071,0.49566184464586177,0.754874651810585,False,False,False
5240,17.049999237060547,2026-09-22,-0.025714329310825845,-0.03070835165845609,-0.1646380176886354,-0.28767587651086124,,6.7,-0.20278816782655673,1.1659765751561955,0.5577530621289581,False,False,False
5243,88.5,2026-09-22,0.03751461704286818,0.015987528440300824,-0.14002191633848138,0.3016886342139391,,53.2,-0.1781720664764027,0.583031862626669,0.6720570096029895,False,False,False
5244,35.75,2026-09-22,0.053019122138738384,0.04838714368656394,-0.025885578833523826,-0.04138876602910968,,41.7,-0.06403572897144516,1.4914743928462064,0.7114103283017811,False,False,False
5245,20.399999618530277,2026-09-22,-0.03087884285458231,-0.12258066156859027,-0.2486187880235926,-0.1500000158945718,,5.9,-0.28676893816151394,2.1311839184672663,0.6017698731652602,False,False,False
5248,31.399999618530277,2026-09-22,-0.01567398137865672,-0.2100629026784836,0.02950818421410739,0.30020704407949883,,76.7,-0.008641965923813943,0.17124335642143548,0.3139999961853028,False,False,False
5251,30.350000381469727,2026-09-22,0.04116640750062395,0.2115768984363091,-0.04107422599460109,0.004966874660293108,,43.3,-0.07922437613252242,5.038192202365445,0.6619411426720122,False,False,False
5254,39.54999923706055,2026-09-22,0.02860854232235388,0.11759262253554525,-0.012948547021631396,0.2939627481626379,,72.7,-0.05109869715955273,0.2379694448299119,0.7163807766251828,False,False,False
5258,42.400001525878906,2026-09-22,0.010727074010854487,-0.11666663487752282,-0.12577316441486797,-0.05882347960178458,,21.6,-0.1639233145527893,0.5168230846783763,0.5421995291629227,False,False,False
5262,41.79999923706055,2026-09-22,0.012106537753911795,-0.043478295027633895,-0.08687101867171199,-0.25376984298589056,,14.4,-0.12502116880963332,0.4818125366241899,0.6482518598695547,False,False,False
5263,90.0,2026-09-22,0.006711392213426315,0.02156641950949667,-0.09999999999999998,-0.04255319148936165,,27.2,-0.1381501501379213,0.7495628139471439,0.72,False,False,False
5267,49.150001525878906,2026-09-22,0.053590566307123,0.08093148996463762,-0.005757010407375307,0.9536680086999667,,90.1,-0.04390716054529664,0.2753521574012397,0.5160253532270944,False,False,False
5269,1475.0,2026-09-22,0.07664233576642343,0.0535714285714286,0.06061419982929328,0.31773280424232486,,80.1,0.022464049691371946,1.095990526489177,0.9572209412044117,False,False,False
5271,15.0,2026-09-22,0.046874898082276184,0.009036177427634629,-0.3853210894443354,-0.41228071093204577,,0.4,-0.42347123958225674,1.2591872345086437,0.19822486072144663,True,False,False
5272,17.149999618530273,2026-09-22,0.03939391627456201,0.01780410862129478,-0.21330274225997026,-0.20785219765770546,,6.3,-0.2514528923978916,0.658772410953584,0.6340110943527671,False,False,False
5274,20905.0,2026-09-22,0.1932077625570776,0.38306318226926894,0.3257711305240516,1.1174666826251114,,95.5,0.28762098038613026,0.7678108767096824,1.0,True,True,False
5278,24.200000762939453,2026-09-22,0.038626676195224086,0.005033178261169224,0.021818738246817793,0.05206811667520883,,60.4,-0.016331411891103542,0.9605970741907384,0.7315795785960659,False,False,False
5283,54.20000076293945,2026-09-22,0.024574654056003897,0.06607498657858879,0.11702016841697782,0.12901683981239875,,76.9,0.07887001827905649,0.49818197773909995,0.9626998489772851,False,False,False
5284,302.0,2026-09-22,0.04137931034482767,-0.04504592658212336,-0.17955724656437388,0.1266006291062387,,27.9,-0.21770739670229522,0.5181008885859957,0.6661638542109556,False,False,False
5285,93.5,2026-09-22,0.12110309699439359,0.20025671589927585,-0.0788177339901478,0.983109341692171,,88.5,-0.11696788412806913,1.192554583868495,0.8617511520737328,True,False,False
5287,137.5,2026-09-22,0.02230483271375472,0.01094173454275671,0.055191706665324025,-0.02237052148556462,,59.7,0.01704155652740269,1.0849934050972216,0.8939099015163494,False,False,False
5288,189.0,2026-09-22,0.032786885245901676,-0.0052631578947368585,0.0720198605283251,0.4177074015764253,,84.1,0.03386971039040376,0.660862542010944,0.9569620253164557,False,False,False
5289,1295.0,2026-09-22,0.015686274509803866,-0.14898443821641172,-0.23212967076650526,0.3661496824936705,,41.4,-0.2702798209044266,0.4479637719805255,0.6714042279839312,False,False,False
5291,58.20000076293945,2026-09-22,0.026455026099055035,0.03743319689727076,-0.0168918916741978,-0.13134327219493358,,33.8,-0.055042041812119136,0.33266427086626266,0.7385786612814246,False,False,False
5292,218.0,2026-09-22,0.04306220095693769,0.03562945368171011,0.12801749073404323,0.2323591436552539,,81.9,0.08986734059612189,0.3638980648210863,0.9045643153526971,False,False,False
5299,96.4000015258789,2026-09-22,0.044420350363607364,-0.02131978146315827,-0.2222287128789664,0.28292174165201955,,34.3,-0.26037886301688773,0.2253473358525013,0.7035669743716985,False,False,False
5302,9.710000038146973,2026-09-22,0.011458297115234384,-0.07081337651911424,-0.2559387052698434,-0.1556521705959154,,5.3,-0.29408885540776475,0.22636934781935128,0.6284789746291148,False,False,False
5309,51.79999923706055,2026-09-22,0.051776634255036535,-0.009560229584968938,-0.21515152671120386,-0.1267857359889718,,8.6,-0.2533016768491252,0.3712540238809598,0.6332518007888682,False,False,False
5310,25.5,2026-09-22,0.020000000000000018,0.022044056923537614,0.0736842105263158,-0.022988520026831494,,62.8,0.03553406038839446,2.796921345278185,0.5902777673530973,True,False,False
5314,26.149999618530277,2026-09-22,-0.23416168206204824,-0.08420730249192077,0.8772337807387252,0.5378468801467886,,96.8,0.8390836306008038,2.6508006283074113,0.559651092921604,False,False,False
5315,19.350000381469727,2026-09-22,0.07500002119276261,0.010443904277988691,-0.10934779942476625,-0.08786266097198947,,22.1,-0.14749794956268758,0.9852364070599083,0.8107886729044415,False,False,False
5321,68.80000305175781,2026-09-22,0.036144600462750365,-0.12356684010499597,0.1903114871953877,1.8726513929060014,,96.6,0.15216133705746637,0.8402021167443212,0.7935410089210241,False,False,False
5324,12.550000190734863,2026-09-22,0.02448981148856033,0.020325202936851694,0.03719006570894634,0.13574660399170946,,69.7,-0.0009600844289749944,0.5317298811017841,0.9843137404497933,False,False,False
5328,52.0,2026-09-22,0.009708737864077666,-0.15490510397097312,-0.18135563518366804,1.092455082172855,,87.2,-0.21950578532158938,0.13107177160078903,0.634846758294441,False,False,False
5340,83.19999694824219,2026-09-22,0.01711483917180967,0.094736801950555,-0.12879584347390383,-0.15578456709727473,,15.3,-0.16694599361182516,1.1260824661990092,0.6249714168671832,False,False,False
5344,13.0,2026-09-22,-0.011406815428260608,-0.029850718650553554,-0.21212121212121215,-0.10652922133443488,,9.7,-0.2502713622591335,0.841710335383526,0.6878307017135761,False,False,False
5345,21.5,2026-09-22,0.023809523809523725,-0.016018323815067292,-0.2904290250376339,-0.04656316064680355,,6.4,-0.32857917517555524,0.1338956974610146,0.608203703763655,False,False,False
5347,173.0,2026-09-22,0.130718954248366,0.14569536423841067,-0.1950251388504899,0.567207775018872,,67.5,-0.23317528898841122,1.1597664889947865,0.8049748611495101,True,False,False
5348,16.549999237060547,2026-09-22,0.03437495231628418,-0.020710082211242375,-0.017804221817056876,-0.037790784712024794,,43.6,-0.05595437195497821,0.46296371843876655,0.8337530941566238,False,False,False
5351,106.0,2026-09-22,0.034146341463414664,-0.10169491525423724,0.1336898395721926,0.5142857142857142,,87.9,0.09553968943427127,0.39747194972070843,0.7822878228782287,False,False,False
5353,28.0,2026-09-22,0.014492739601511984,0.0,-0.11595495027238167,0.17274947919525152,,45.6,-0.154105100410303,1.1319435630291101,0.8477499670545472,False,False,False
5355,6.949999809265137,2026-09-22,0.06269110853265825,0.2003453981096166,0.09794627062113581,-0.02112677427918841,,67.1,0.05979612048321448,2.4741519983241336,0.7164948397861528,False,False,False
5356,26.049999237060547,2026-09-22,0.007736899521834761,0.013618617265794386,0.018710505739117256,0.1385587355903486,,67.4,-0.01943964439880408,0.5012783194110771,0.9778910043735407,False,False,False
5371,83.5,2026-09-03,0.0,-0.07734806629834257,,,,,,,,False,False,False
5381,23.549999237060547,2026-09-22,0.03973508316503316,-0.0465587647917971,-0.2016949411165916,-0.1481915065869861,,8.8,-0.23984509125451292,0.44933513220007565,0.5887499809265136,False,False,False
5386,281.5,2026-09-22,0.007155635062611854,0.16322314049586772,-0.21044897333112378,0.31104452427158535,,39.6,-0.2485991234690451,0.6536778020340078,0.7163211431328022,False,False,False
5388,72.30000305175781,2026-09-22,0.004166709052191742,-0.068298911424989,-0.0985036682929391,-0.019906846478715212,,29.3,-0.13665381843086044,0.3981107615865131,0.7069676385609814,False,False,False
5392,39.79999923706055,2026-09-22,0.015306083225598899,-0.11180423502618664,-0.10889202399535103,0.07143721970400185,,36.1,-0.14704217413327236,0.22398760087156064,0.6980854011107054,False,False,False
5398,14.0,2026-09-22,-0.01754385964912286,-0.02439026983732251,-0.18367345123009526,-0.3187347678946898,,4.8,-0.2218236013680166,0.4449571919353577,0.45676998937174296,False,False,False
5403,93.1999969482422,2026-09-22,0.001074097483996228,0.006479465270064599,0.006479465270064599,-0.08122349500915493,,44.5,-0.031670684867856735,0.4362213228376265,0.7970109260329136,False,False,False
5410,32.900001525878906,2026-09-22,0.0030488503397696487,-0.10354221139139264,-0.21259941293745188,0.1595551318340278,,25.5,-0.2507495630753732,0.34203356874058166,0.7283455696313705,False,False,False
5425,93.5,2026-09-22,0.04586127968839304,0.08594659299678287,-0.24584343292216626,0.6233539181663641,,63.5,-0.2839935830600876,0.9305472525426305,0.6651241650149684,False,False,False
5426,28.600000381469727,2026-09-22,0.0534070270096727,0.032591710928472795,-0.12913956208859634,0.486507302352694,,71.1,-0.16728971222651767,0.6004769093437426,0.7291945946771348,False,False,False
5432,153.5,2026-09-22,0.07342657342657333,0.04421768707482987,-0.04228063382631586,0.16654533242759784,,58.9,-0.0804307839642372,1.0718093789346044,0.83865152502922,False,False,False
5434,534.0,2026-09-22,-0.005586592178770999,0.0249520153550864,0.08357594120117873,0.7207731530424097,,89.5,0.04542579106325739,0.5245094028391641,0.8959731543624161,False,False,False
5438,16.549999237060547,2026-09-22,0.012232345622296581,-0.006006029054705375,-0.10945714647275606,-0.12081607069813471,,19.4,-0.1476072966106774,0.4729322860173784,0.5705961829550146,False,False,False
5439,253.5,2026-09-22,0.06736842105263152,0.05845511482254695,-0.19250399364399884,-0.053280528404873295,,13.4,-0.23065414378192017,0.4370352721426975,0.5907615420628842,False,False,False
5443,106.5,2026-09-22,0.044117647058823595,0.049261083743842304,0.024038461538461453,0.08260270099104372,,63.2,-0.014111688599459882,0.6285066284023789,0.7912841992894343,False,False,False
5450,14.850000381469728,2026-09-22,0.03484320464866708,-0.009999974568684733,0.02129587307071734,0.04603314501447664,,59.8,-0.016854277067203993,0.20838170697389785,0.806142864671824,False,False,False
5452,27.799999237060547,2026-09-22,0.09233785476121414,0.016453340011494344,-0.16114173356143047,-0.1960439190448905,,9.8,-0.1992918836993518,0.4180307655171074,0.7102120470726278,False,False,False
5455,30.399999618530277,2026-09-22,0.032258024821049336,0.035775101308805235,0.12177118784533314,0.2746330873080227,,82.7,0.0836210377074118,0.4531639078394946,0.9806451489848477,False,False,False
5457,23.799999237060547,2026-09-22,-0.024590179952874602,-0.11524165150300858,-0.3042907091041178,-0.25914152936085766,,2.1,-0.34244085924203915,3.0192365391112124,0.4857853696001674,False,False,False
5460,17.0,2026-09-22,0.017964025350603707,0.055900596099744515,0.10749182915474864,0.16438353122074867,,77.6,0.0693416790168273,0.30737806704591597,0.8808290503636909,False,False,False
5464,91.3000030517578,2026-09-22,0.07159631833345337,0.3309038641772002,-0.15069764603016,2.307971079343006,,96.1,-0.18884779616808134,1.360626914112417,0.84930235396984,False,False,False
5465,31.799999237060547,2026-09-22,0.31404951382315405,0.31404951382315405,0.3312163041112397,0.2851357646019761,,90.3,0.29306615397331837,7.692261291971123,0.9629258409392946,True,True,False
5468,24.450000762939453,2026-09-22,0.01033057818671046,-0.07034214934554728,-0.1849999745686849,0.36974791262868867,,51.6,-0.22315012470660622,0.4565237338552296,0.6735537541823743,False,False,False
5469,72.69999694824219,2026-09-22,0.016783174101289378,0.02974502152278169,-0.1293446950876207,-0.08357676244633327,,19.3,-0.16749484522554203,0.7585692639641701,0.6723176832769819,False,False,False
5471,52.29999923706055,2026-09-22,0.04809614504594695,-0.06773617362598461,-0.1500527538802573,0.3139383762081098,,52.7,-0.18820290401817863,0.2122427786562231,0.7833093848251969,False,False,False
5474,166.0,2026-09-22,0.10299003322259126,0.08143322475570036,-0.005562700191620862,0.2882484459928565,,73.1,-0.0437128503295422,1.8115642530458427,0.8588322634286485,False,False,False
5475,181.0,2026-09-22,0.06470588235294117,0.13479623824451403,-0.32713754646840154,-0.05974025974025976,,4.4,-0.3652876966063229,1.2004344084235128,0.4525,False,False,False
5478,97.0999984741211,2026-09-22,0.005175983518612037,-0.01621072465645712,-0.07081341173089861,-0.013211412922751964,,35.1,-0.10896356186881995,0.6607733643618461,0.906129383557333,False,False,False
5481,22.049999237060547,2026-09-22,0.04009426620432066,0.04999996366954984,0.01612896137399411,0.006849297769089935,,55.0,-0.022021188763927224,1.6481710722872904,0.9074074045003068,False,False,False
5483,195.0,2026-09-22,0.10795454545454541,0.07438016528925617,0.1295463295789976,0.7139638310542211,,90.7,0.09139617944107625,0.6630346314450525,0.7090138013222106,True,False,False
5484,39.400001525878906,2026-09-22,0.01025644938151049,-0.03431367003335528,-0.12928173423472034,0.018087874654767466,,27.3,-0.16743188437264167,0.36952918624100745,0.6804836008211284,False,False,False
5487,29.399999618530277,2026-09-22,-0.006756782444660159,-0.010101048373827859,0.02617801081975979,0.05755397213596858,,61.3,-0.011972139318161545,0.4280129229108289,0.9363057317102728,False,False,False
5488,11.800000190734863,2026-09-22,0.017241362300696395,-0.03278685449048113,-0.09550683194707033,0.17899111868782192,,50.5,-0.13365698208499166,0.16209976706418136,0.6619475810917013,False,False,False
5489,43.20000076293945,2026-09-22,0.09644667740849222,0.05365855519364526,-0.3403190015340063,0.13518711667357497,,9.1,-0.37846915167192763,1.0542405519486564,0.6596809984659937,False,False,False
5490,25.5,2026-09-22,0.020000000000000018,-0.12220307505315298,-0.08196113435619012,-0.0528684051575794,,29.3,-0.12011128449411146,0.18912946812177356,0.7203389520014121,False,False,False
5493,92.4000015258789,2026-09-22,0.10924367515889388,0.18918925553406063,-0.002119754992675138,0.19121955719992734,,68.2,-0.04026990513059647,1.5938466924061434,0.9482344251356892,True,True,False
5498,51.20000076293945,2026-09-22,0.04899520394282564,0.0069122672901396065,-0.17144578057399495,-0.05590432383015298,,16.0,-0.2095959307119163,0.5377207711287078,0.6191722916866572,False,False,False
5508,53.79999923706055,2026-09-22,0.03660881802159954,0.009380863173677811,0.0412948950930252,0.10409669842265945,,68.0,0.003144744955103862,1.9623242345389282,0.6135197138005086,False,False,False
5511,69.30000305175781,2026-09-22,0.002894422316255474,-0.04676745583503883,0.12613422662445672,0.18540442200590057,,80.0,0.08798407648653539,0.25190239457159247,0.9240000406901042,False,False,False
5512,7.670000076293945,2026-09-22,0.0,-0.012870000627804856,-0.03400503513611208,-0.032786854687631095,,40.9,-0.07215518527403342,1.028216659107823,0.8696145512107988,False,False,False
5514,14.899999618530272,2026-09-22,-0.01650165058052011,0.024054943175758847,0.045614008317913735,-0.07165106998104076,,53.2,0.0074638581799924,0.09912069337666202,0.8277777565850151,False,False,False
5515,50.20000076293945,2026-09-22,0.03719006570894656,-0.05992510620788383,0.25814533441508836,0.43881213307069533,,90.4,0.21999518427716702,0.4011518670564095,0.9012567338480275,False,False,False
5516,12.050000190734863,2026-09-22,0.012605090505298566,0.004166682561238533,0.09545456279407838,-0.06589143045976698,,62.8,0.057304412656157044,0.22906717724991438,0.7194029964617829,False,False,False
5519,25.799999237060547,2026-09-22,0.023809462537933257,-0.07360865767790681,-0.12188249860118605,-0.10225244101497177,,18.8,-0.16003264873910739,0.6584051341842604,0.8532416405168841,False,False,False
5520,82.0999984741211,2026-09-22,0.0036674255644399967,-0.015587566282650789,-0.008454161254066062,-0.02421983458634347,,47.5,-0.046604311391987396,0.3900333678736774,0.9261298389503081,False,False,False
5521,10.600000381469728,2026-09-22,0.02415458848171559,-0.0407239639364394,0.029126231570822947,-0.17899834143705373,,38.7,-0.009023918567098388,0.5882102178301597,0.39324028560913776,False,False,False
5522,61.900001525878906,2026-09-22,0.019769369816418747,-0.02519682636411169,-0.05927053715804831,-0.03927889289253972,,34.7,-0.09742068729596964,0.9496368119081832,0.8157948345657363,False,False,False
5523,30.350000381469727,2026-09-22,0.0,0.0,-0.0016447117660512989,0.028813572253211017,,53.6,-0.039794861903972634,0.3256872658959655,0.9918300654613262,True,False,False
5525,22.549999237060547,2026-09-22,0.03917043521826846,0.008948494504574578,0.08571741854291348,-0.0601892690916368,,61.6,0.04756726840499215,0.9337310412892336,0.8241667303937456,True,True,False
5529,25.799999237060547,2026-09-22,0.044534349803404094,0.20560746247492023,0.19444438802852648,0.030619933284829592,,79.4,0.15629423789060515,1.1628749855441194,0.8872886892097641,False,False,False
5530,48.900001525878906,2026-09-22,-0.019057110879057704,-0.02976190386085198,0.013471534215106828,0.05274490253387043,,58.6,-0.024678615922814506,0.6017419918199607,0.843103474584119,False,False,False
5531,7.070000171661377,2026-09-22,0.005689894830617437,-0.04459458370988967,-0.12064674064601466,-0.21005582990712068,,12.9,-0.158796890783936,4.156667081872003,0.7521277083590776,False,False,False
5533,14.100000381469728,2026-09-22,0.018050541019080546,0.010752729337312639,0.05567503116524808,0.026248571417663902,,64.0,0.017524881027326744,1.06752684338056,0.9817778154362186,False,False,False
5534,74.4000015258789,2026-09-22,0.017783899848069717,-0.009796275128746479,0.007796146447838215,0.049066601144986954,,57.4,-0.03035400369008312,0.9270208285072203,0.9128085146413847,False,False,False
5536,888.0,2026-09-22,0.06093189964157708,0.032558139534883734,-0.33548410847441157,0.19612861567254103,,11.8,-0.3736342586123329,0.9565923821642789,0.6188153310104529,True,False,False
5538,35.349998474121094,2026-09-22,0.007122507432139047,-0.05354752561464615,0.12250601057628874,0.24743922196905088,,82.0,0.0843558604383674,0.39695952321361205,0.9364238006389694,False,False,False
5543,27.0,2026-09-22,-0.016393469961101248,0.125,-0.08783784959331908,-0.03398929291619612,,30.0,-0.12598799973124042,0.6412444966806893,0.7317072868158072,False,False,False
5546,14.300000190734863,2026-09-22,-0.013793090294147325,0.032490960062874885,-0.06933154415568576,-0.0860501979348074,,28.4,-0.1074816942936071,0.6872792020316842,0.6009040749536076,False,False,False
5547,20.100000381469727,2026-09-22,0.010050289787604472,0.01772153830226464,0.02891252886991036,0.033455182359203084,,60.0,-0.009237621268010976,0.7517268762166206,0.8330162742754517,False,False,False
5601,30.0,2026-09-22,-0.006622541651882585,0.003344494406205545,-0.055118110236220486,-0.17409043110746247,,24.1,-0.09326826037414182,1.1722897605614178,0.7883682323787221,False,False,False
5603,13.449999809265137,2026-09-22,-0.007380101849600251,-0.08503401470877214,-0.06973357028170357,-0.19841595703528847,,19.6,-0.1078837204196249,1.1170911882068906,0.7006288166514949,False,False,False
5604,31.0,2026-09-22,0.0048622242034190855,0.011419262180287992,-0.001610281426379867,-0.10014515780942701,,40.5,-0.0397604315643012,0.6646486516303861,0.8177449580388766,False,False,False
5607,52.400001525878906,2026-09-22,-0.0019047328404018238,-0.055855828362542215,0.06864601852252372,0.17481823105020422,,75.1,0.030495868384602387,0.5115940946280011,0.9160839305412996,False,False,False
5608,17.149999618530273,2026-09-22,0.05214726510766465,-0.04722224341498482,0.17465747742698667,0.030030030718050993,,77.5,0.13650732728906534,0.4035331176980421,0.8265060057123024,False,False,False
5609,78.69999694824219,2026-09-22,0.0038264721495477882,-0.010062931468651781,0.027415124229154708,0.0729166341630747,,62.9,-0.010735025908766627,0.4885817820403522,0.9899370685313482,False,False,False
5859,14.050000190734863,2026-09-22,-0.014035074334395548,0.0035714421953474407,0.0071684862248750925,-0.11912223456119353,,40.3,-0.030981663913046242,1.6451946631743741,0.8593272087417461,False,False,False
5863,11.449999809265137,2026-09-22,0.036199059875642536,0.07719986416340929,0.11178890095997884,0.0537824038750756,,73.2,0.07363875082205751,0.7898560075298118,1.0,True,True,False
5864,36.79999923706055,2026-09-22,0.07917891154712264,0.08235291873707484,-0.12865714697848063,0.6738954768257528,,79.2,-0.16680729711640196,0.9195302824788298,0.7713659901677993,False,False,False
5871,108.0,2026-09-22,-0.03139013452914796,-0.06493506493506496,0.003225311273366671,0.10882790117082042,,62.1,-0.034924838864554664,1.060145212171712,0.9230769230769231,False,False,False
5876,49.70000076293945,2026-09-22,-0.0020080015191380474,0.14516126763967807,0.2432568271949751,0.33036417213286007,,88.5,0.20510667705705377,0.5670019541161437,0.9949949950714417,False,False,False
5878,38.150001525878906,2026-09-21,0.0013124161091970787,-0.010376075722385414,-0.024296598089919352,-0.07606998768499074,,38.2,-0.06244674822784069,0.43767028109373807,0.9129309228149889,False,False,False
5880,27.049999237060547,2026-09-22,0.0018518235948350448,0.08199996948242183,0.1404620490921733,0.2500261120079539,,83.4,0.10231189895425197,0.8091540860013313,0.9818511791707277,False,False,False
5902,34.349998474121094,2026-09-22,-0.0014535770215067245,-0.012931056689800768,0.01477104941030527,-0.07988938210891305,,46.2,-0.023379100727616065,2.7336692691197513,0.7646403170567094,False,False,False
5903,185.0,2026-09-22,0.0027100271002709064,-0.0026954177897574594,0.01638748096080045,0.008363383950999115,,55.2,-0.021762669177120886,0.7578842082759971,0.9750078327705104,False,False,False
5904,70.69999694824219,2026-09-22,-0.03150689111997007,-0.06851125788006374,0.11313982816152635,0.42932346599129456,,85.8,0.07498967802360501,0.8776012928143492,0.8117106565650328,False,False,False
6005,32.400001525878906,2026-09-22,0.041800679371816196,0.07107443060756724,-0.04274414968212126,0.3481498400697578,,72.5,-0.08089429982004259,1.0498605780720156,0.8244512235192458,False,False,False
6015,17.799999237060547,2026-09-22,0.05637975276460838,0.1265822165938002,-0.01385041609789639,0.3639659564119069,,76.0,-0.052000566235817725,1.5143656656397202,0.7772925560512718,False,False,False
6016,23.649999618530277,2026-09-22,0.0799086771909927,0.22222217841289482,-0.05476667598477203,0.56252865690817,,80.9,-0.09291682612269336,0.922829429490444,0.7443712504644288,True,False,False
6020,20.700000762939453,2026-09-22,0.012224938419223008,0.007299344596003232,-0.08810572391104265,0.09930030376522403,,43.4,-0.126255874048964,1.0532506736907115,0.8054474765926769,False,False,False
6021,45.09999847412109,2026-09-22,0.020361938815536273,0.16087516719372008,0.10268940810637117,0.5781358653572188,,88.0,0.06453925796844984,2.140798742215334,0.992299179693221,False,False,False
6023,87.9000015258789,2026-09-22,0.04146919356306911,0.06416468704195344,0.057721664529415406,0.12060117341272147,,71.5,0.01957151439149407,0.8989875717742244,0.9774132192913323,False,False,False
6024,61.29999923706055,2026-09-22,0.013223127885298336,-0.02232857270882871,0.11475164535787208,0.2576685296790615,,81.8,0.07660149521995074,0.5338204756464249,0.9653543186938669,False,False,False
6026,15.949999809265137,2026-09-22,0.06333332061767583,0.08503401470877225,0.03806059632546077,0.19092565047264864,,72.6,-8.955381246056326e-05,1.0840264930003185,0.9009075769635349,True,False,False
6027,14.100000381469728,2026-09-22,0.014388544491241051,0.27081552663698427,0.2286308310100582,0.451470749642211,,89.8,0.19048068087213688,0.6429663686463581,0.9494949507923331,False,False,False
6028,96.4000015258789,2026-09-22,0.02335461410731776,0.035445790610567185,0.2217997422251008,0.002615140119520243,,80.6,0.18364959208717946,0.240269023711335,0.7537909561128322,False,False,False
6035,51.400001525878906,2026-09-22,0.0,-0.0019417179440989196,0.03197386052615947,0.012502649758010742,,58.3,-0.006176289611761865,0.24766275736666163,0.8009349292032641,True,False,False
6103,33.849998474121094,2026-09-22,0.15332190917082444,0.05124216372940915,0.09017711129984618,-0.2782516551637416,,41.5,0.052026961161924845,2.981691426858679,0.6509615091177133,False,False,False
6104,90.4000015258789,2026-09-22,0.013452966577263581,-0.06321241942094402,-0.11804876560118138,0.021919826845830492,,29.5,-0.15619891573910272,0.4243934043784526,0.7822102411640888,False,False,False
6108,23.600000381469727,2026-09-22,0.05357146354354203,0.008547041290593471,0.2688171987878698,0.4390244469764628,,90.8,0.23066704864994847,0.9461274624784166,0.9076923223642203,False,False,False
6109,10.5,2026-09-22,0.0047847073346865,-0.023255813953488413,-0.182879401689243,-0.125,,11.2,-0.22102955182716433,0.43304502554364616,0.7394366296504468,False,False,False
6112,48.79999923706055,2026-09-22,0.013499432826233448,0.09539843036550444,0.15397359431535285,0.13334398227562394,,80.4,0.11582344417743151,3.804705197551273,0.9171273526493695,False,False,False
6113,22.600000381469727,2026-09-22,0.024943363421290554,-0.034188002141121276,-0.17818180431019182,0.1356784328993299,,28.9,-0.21633195444811315,0.35180567243308186,0.7571189310771114,False,False,False
6114,23.5,2026-09-22,0.030701788875572733,-0.06374503414951893,-0.20180267330200263,-0.20708875103475854,,6.9,-0.23995282343992397,0.6390536935718614,0.7042917964266279,False,False,False
6115,44.29999923706055,2026-09-22,0.011415525312999053,-0.001127378551990632,-0.030264762498359188,0.0028177909679398816,,45.7,-0.06841491263628052,0.5547484666993356,0.9425281600377239,False,False,False
6116,15.449999809265137,2026-09-22,0.1318681495266354,0.08802817019648179,-0.20769231747358274,0.8547418908488251,,80.2,-0.24584246761150408,1.7525208741187364,0.6806167088103875,True,False,False
6117,62.29999923706055,2026-09-22,0.02131146290263186,0.02131146290263186,-0.14026390148508938,-0.09546070185275912,,17.2,-0.17841405162301072,0.8202017860685011,0.6760240841768954,False,False,False
6118,15.300000190734863,2026-09-22,0.013245020146527287,-0.0032573413350024394,-0.10526316670059366,-0.14763233758050442,,18.0,-0.143413316838515,0.6923469067734246,0.7083333296540343,False,False,False
6120,13.149999618530272,2026-09-22,0.11914890370470399,0.04365073177850087,-0.09621996933691335,0.03259678946924205,,34.5,-0.13437011947483468,1.7527317969172336,0.830566930100464,True,False,False
6121,377.0,2026-09-22,0.01072386058981234,-0.03580562659846542,-0.08080499327505541,0.11919270143711236,,47.3,-0.11895514341297675,0.8076144797228634,0.8307163284321426,False,False,False
6122,52.900001525878906,2026-09-22,0.043392519326106216,0.08735868174103256,0.17952116303558285,0.12793176556058894,,81.8,0.14137101289766152,1.0179140670858944,0.9048639325857212,True,True,False
6123,43.09999847412109,2026-09-22,0.0034923797093633357,-0.004618955345576103,0.01531207772672416,0.06265068490445036,,60.2,-0.022838072411197174,0.6060282831102849,0.8326673634054148,False,False,False
6124,26.799999237060547,2026-09-22,0.011320725926813102,0.0018691303574036588,-0.1256117595232239,-0.15055467875955952,,15.9,-0.16376190966114523,0.38124235899848274,0.7061923240653112,False,False,False
6125,48.900001525878906,2026-09-22,0.02839121578294712,-0.06679389118474444,-0.17386142406675287,-0.148222647868816,,10.9,-0.2120115742046742,0.38834554970472546,0.6358183577639591,False,False,False
6126,30.700000762939453,2026-09-22,0.07719300922594563,0.06350064679668144,-0.2090885102514648,0.0022430169580600623,,15.2,-0.24723866038938613,1.5685739599610973,0.7283742565742715,False,False,False
6127,48.150001525878906,2026-09-22,0.02994655670329216,-0.0010373285533014087,-0.4855768983886083,0.19627332983550083,,3.4,-0.5237270485265296,0.32024957826075834,0.49690403269002603,False,False,False
6128,19.100000381469727,2026-09-22,0.010582051162761008,-0.05679010461877898,-0.0705595576361796,-0.08345963269743861,,28.4,-0.10870970777410094,0.46775469848397155,0.681816640575722,False,False,False
6129,15.100000381469728,2026-09-22,0.11439115637760033,9.978943166899512e-06,-0.31805937163169684,-0.1354753229184491,,3.7,-0.3562095217696182,0.9316112652016313,0.642692222982711,False,False,False
6133,27.200000762939453,2026-09-22,0.1851851790289727,0.26595750158326426,0.24648122892340707,0.23025799761551058,,87.1,0.20833107878548573,3.8121919085969953,0.9714285986764091,False,False,False
6134,29.25,2026-09-22,0.0390763906350331,0.042780777025974936,-0.1626665420301927,-0.002567237044545756,,20.6,-0.20081669216811404,0.6500532242262176,0.7405562493299684,False,False,False
6136,24.799999237060547,2026-09-22,0.008130034654042939,-0.013916516372901033,0.03161390568177236,0.08319460526292777,,64.5,-0.006536244456148976,0.9016419100404066,0.928452485647996,False,False,False
6138,275.0,2026-09-22,0.037735849056603765,-0.001814882032667886,-0.2109581824998945,0.29374428723213564,,37.8,-0.24910833263781584,0.2819613862342466,0.6527527866876447,False,False,False
6139,715.0,2026-09-22,0.0028050490883591017,-0.02769000514102804,-0.1577017069206661,0.1661566344062675,,35.7,-0.19585185705858743,0.6562757206740828,0.771739275797433,False,False,False
6140,22.100000381469727,2026-09-22,0.10224444999578575,0.2592593357383679,0.08333337229061799,0.12755101792567092,,74.0,0.045183222152696656,7.441404529564916,0.6567607542149285,False,False,False
6141,50.79999923706055,2026-09-22,0.0506721993848831,0.10314875306615101,0.20094563010187594,1.4075828587033445,,95.7,0.1627954799639546,0.6416496001167683,0.8624787422924012,False,False,False
6142,9.050000190734863,2026-09-22,0.04022992978654916,0.021444756367956064,-0.023732497968169675,-0.0940940542462183,,36.8,-0.06188264810609101,0.36760458487321845,0.8044444613986546,False,False,False
6143,82.0,2026-09-22,0.008610048240669244,-0.08685971922809566,-0.071347710464574,-0.12233786847868877,,25.6,-0.10949786060249533,0.3095137837764312,0.5954922584206837,False,False,False
6146,179.5,2026-09-22,0.008426966292134797,-0.04752878109928271,-0.05483679667317565,-0.011331308098524562,,38.6,-0.09298694681109698,0.9881509139010534,0.820781547731597,False,False,False
6147,219.0,2026-09-22,0.09499999999999997,0.394904458598726,-0.08939708939708935,2.4376584787738294,,96.6,-0.12754723953501068,1.7408507036311014,0.7257904390793307,False,False,False
6148,38.75,2026-09-22,0.03333333333333344,0.41423359633165324,0.21283252189928703,0.12091360249613725,,83.7,0.1746823717613657,8.222776151910601,0.8415654850516431,False,False,False
6150,61.5,2026-09-22,0.023294535131839433,-0.0032415034111245022,-0.015878666681316878,0.07996617388722704,,55.7,-0.05402881681923821,0.6935548072131477,0.6691600385112887,False,False,False
6151,35.20000076293945,2026-09-22,0.027737248552976768,-0.020862308319424816,-0.13193584648039847,0.19872855751256524,,44.7,-0.1700859966183198,0.7007847415742153,0.7068273353856609,False,False,False
6152,15.350000381469728,2026-09-22,0.019933567238062277,0.11636366410688925,0.12867646697895752,-0.15659342098892448,,60.9,0.09052631684103618,1.545361981281851,0.6961451661036889,False,False,False
6153,17.100000381469727,2026-09-22,0.011834364938100972,0.03636365948301368,-0.24503308302575066,0.052307715782752506,,13.4,-0.283183233163672,0.5437628895346883,0.6993864968458149,False,False,False
6154,14.050000190734863,2026-09-22,0.0,0.01444041904379434,0.02181819568980825,0.06764924504317382,,61.7,-0.016331954448113084,0.8551667933300033,0.992932902438778,False,False,False
6155,56.0,2026-09-22,0.0071942722456206365,0.0035842431124375462,-0.3754726902375065,0.30681437521592825,,13.2,-0.41362284037542785,0.2646299940817704,0.5738042760583789,False,False,False
6156,20.799999237060547,2026-09-22,0.037406485213909324,0.0,-0.15872373246445914,0.08257259240000625,,27.7,-0.19687388260238048,0.2254523744037852,0.654618101672996,False,False,False
6158,17.299999237060547,2026-09-22,0.02976190611348417,0.04848480224609375,0.0,-0.04683197792477756,,46.8,-0.038150150137921335,0.6323651441597392,0.706122417839206,False,False,False
6160,14.100000381469728,2026-09-22,-0.013986000461364778,-0.0754098110511654,-0.15568863848435455,-0.12422359954114637,,13.6,-0.19383878862227588,0.6160067833212168,0.606451629310526,False,False,False
6161,48.5,2026-09-22,0.016771472206811966,-0.06007749158511755,-0.024694274946655104,0.23371997510044484,,67.8,-0.06284442508457644,0.25617971483155116,0.7772436182527157,False,False,False
6163,41.75,2026-09-22,0.05031446540880502,0.01441553851739319,-0.1495612721607641,-0.2882042279627438,,7.6,-0.18771142229868543,0.672519850999339,0.5715499664000324,False,False,False
6164,12.300000190734863,2026-09-22,0.11312216999309133,0.025000015894572014,-0.07518796884654388,-0.012048162315524302,,33.9,-0.11333811898446522,0.7364893563820858,0.7068965781835924,False,False,False
6165,49.09999847412109,2026-09-22,0.04468081859832096,0.026123302818411576,0.032597250513780596,0.050267347040023225,,62.1,-0.005552899624140739,0.7175957002393263,0.8752228130054389,False,False,False
6166,127.0,2026-09-22,0.16513761467889898,0.0672268907563025,-0.1283414249666912,1.124938702380374,,89.1,-0.16649157510461254,0.9205143658871571,0.7627627627627628,True,False,False
6167,10.350000381469728,2026-09-22,0.03707423408864097,-0.02816894345597587,-0.14107882011257145,-0.26855119007100303,,8.9,-0.17922897025049278,0.5142392376007808,0.6310975989155095,False,False,False
6168,44.0,2026-09-22,0.5042735042735043,0.6206261737834187,0.34146344583705446,0.6923076923076923,,93.4,0.3033132956991331,5.430423356341223,1.0,True,True,False
6170,48.09999847412109,2026-09-22,0.002083301544189231,0.009443797142331345,-0.011699591657069242,0.007416489491022693,,50.1,-0.049849741794990576,0.5675305160068038,0.9790118996624152,False,False,False
6171,26.399999618530277,2026-09-22,0.021276565916602985,0.11864403355090869,0.10229639989748907,-0.0311926745493476,,66.9,0.06414624975956773,2.3481833410195234,0.8741721507148958,False,False,False
6173,303.0,2026-09-22,0.028862478777589073,0.4926108374384237,-0.004857889590356823,4.049851990905266,,98.3,-0.04300803972827816,1.5154822765849072,0.8702169726204347,False,False,False
6174,43.900001525878906,2026-09-22,0.03415785010315853,-0.003405169438809974,-0.10341214751471806,1.0463787588563451,,88.7,-0.1415622976526394,0.33075996973010346,0.6968254210456969,False,False,False
6175,70.0,2026-09-22,0.01449275362318847,-0.04371580712639678,-0.3879036274307376,0.5776377063225167,,30.5,-0.4260537775686589,0.22821922323184882,0.6120963725692624,False,False,False
6176,92.1999969482422,2026-09-22,0.002173879872197748,-0.09162564583012611,-0.21959834703741732,-0.20187935001398116,,6.0,-0.25774849717533865,0.785699649411377,0.508247642935789,False,False,False
6177,47.09999847412109,2026-09-22,0.0053361794694208875,-0.002118692525464705,0.09157242443743074,0.055990228120563756,,71.6,0.05342227429950941,0.8810569413573331,0.9030995516020439,False,False,False
6179,35.849998474121094,2026-09-22,0.028694405847465854,0.3302410931067785,0.39867400839916245,0.35205151797634127,,92.1,0.3605238582612411,3.2133650449390925,0.864897414095458,False,False,False
6182,119.0,2026-09-22,0.12796208530805697,0.08181818181818179,-0.04800000000000004,2.531157190087266,,97.1,-0.08615015013792138,0.9612834946283585,0.6279683377308707,True,False,False
6183,91.0999984741211,2026-09-22,0.0010988843310011376,0.012320292332470117,0.05052111857608588,0.015578833953604487,,62.3,0.012370968438164542,0.5625831600277887,0.9484163076346556,False,False,False
6184,40.400001525878906,2026-09-22,0.021491840839831466,-0.02884608154465884,-0.08286033540065973,-0.09711962160010568,,25.7,-0.12101048553858107,2.9764319875585974,0.8529186194799594,False,False,False
6185,12.649999618530272,2026-09-22,0.03265303008410392,-0.015564261245304412,-0.1027787339565176,-0.067404353917486,,25.0,-0.14092888409443893,0.6199000153734825,0.7391879885015451,False,False,False
6186,29.75,2026-09-22,0.00506755461476871,-0.09044561235442095,-0.1978750660184898,-0.17828721611718523,,8.0,-0.23602521615641114,1.3160559956750637,0.5299077293589312,False,False,False
6187,1215.0,2026-09-22,0.0,0.008298755186721962,0.11352425715209158,0.41593121780884945,,85.6,0.07537410701417024,0.44364635783536205,0.8496503496503497,False,False,False
6188,62.29999923706055,2026-09-22,0.011363649030503353,-0.0770370483398437,-0.1829048007054861,-0.3175835656167406,,4.9,-0.22105495084340743,0.638332756170752,0.49343957689979834,False,False,False
6189,48.0,2026-09-22,0.030042952182850247,-0.02932256300441083,-0.04950495049504955,0.08256399888155208,,50.0,-0.08765510063297088,0.5856703736098963,0.8932109600441648,False,False,False
6190,69.0,2026-09-22,0.045454545454545414,0.06153846153846154,-0.15166491508552227,0.3476409680429595,,55.4,-0.1898150652234436,1.4478029798048146,0.7690342387261129,False,False,False
6191,84.30000305175781,2026-09-22,0.040740778416763046,0.03945751711275114,-0.1296069458962763,-0.05334033130351079,,21.5,-0.16775709603419764,0.3019434072284399,0.6523020964944999,False,False,False
6192,110.5,2026-09-22,0.009132420091324311,-0.04741379310344829,-0.09795918367346934,-0.006111982118676362,,30.3,-0.13610933381139068,0.38698705906468267,0.8277153558052435,False,False,False
6194,30.450000762939453,2026-09-22,0.0049505455331970705,0.03395585650572963,-0.008446782747043469,-0.020594450458320757,,48.0,-0.0465969328849648,0.9196347363424116,0.8064966227265301,True,False,False
6195,27.899999618530277,2026-09-22,0.007220175093222592,0.0,0.07702607332545264,0.17256869493727556,,75.7,0.0388759231875313,1.1726354014860119,0.962068952363113,False,False,False
6196,535.0,2026-09-22,0.032818532818532864,0.0851926977687627,-0.04293381037567079,0.9303180262283248,,88.8,-0.08108396051359212,0.7914949971408455,0.9067796610169492,False,False,False
6197,317.5,2026-09-22,0.08732876712328763,0.09482758620689657,-0.13267818572893542,0.8671163081137447,,85.0,-0.17082833586685675,0.99613179109389,0.8523489932885906,False,False,False
6198,19.549999237060547,2026-09-22,0.007731939251534481,0.0025640634390025063,-0.05326878459032247,-0.09490745871318784,,30.4,-0.0914189347282438,0.11255348738199485,0.6516666412353516,False,False,False
6199,116.5,2026-09-22,0.13658536585365844,0.24598930481283432,0.16500000000000004,0.15920398009950243,,81.9,0.1268498498620787,4.145372142593357,0.9872881355932204,True,True,False
6201,44.54999923706055,2026-09-22,-0.007795150933717188,-0.005580357237890077,-0.013505792420294593,-0.05280835049119903,,43.1,-0.05165594255821593,1.0832447425861735,0.8198107035403759,False,False,False
6202,57.79999923706055,2026-09-22,0.07635006361025365,0.028469723352320564,-0.1701323347704926,0.15232126381203082,,31.9,-0.20828248490841395,0.31096756058587155,0.7927094530350223,False,False,False
6203,59.5,2026-09-22,0.003372694190769243,-0.006677821630874159,-0.05444213238358653,-0.02539272799618497,,37.4,-0.09259228252150786,0.534450574224101,0.7301143190907948,False,False,False
6204,103.0,2026-09-22,0.15083798882681565,0.22006171514605732,-0.17133410116581715,0.7121196326386401,,77.1,-0.2094842513037385,2.4504376239532832,0.8286658988341828,False,False,False
6205,65.5,2026-09-22,0.08803985332045627,0.0953177397267746,-0.1634738512500027,0.07646016392000687,,26.5,-0.20162400138792402,1.464710356648262,0.6796388259778102,False,False,False
6206,140.5,2026-09-22,0.025547445255474477,0.010791366906474753,0.1368306296312416,0.4781081170022097,,87.5,0.09868047949332026,0.4411909295957387,0.8892405063291139,False,False,False
6207,115.5,2026-09-22,0.11057692307692313,0.15500000000000003,-0.24920617428924174,1.0788108052513437,,84.6,-0.2873563244271631,0.9731510662395436,0.7008920729758862,False,False,False
6208,75.0,2026-09-22,0.04166666666666674,-0.08088233575413906,-0.2857142857142857,0.613002337281473,,55.3,-0.32386443585220703,0.3920672226993046,0.7142857142857143,False,False,False
6209,77.0999984741211,2026-09-22,0.019841270241737874,0.13716806790205838,-0.13141561453393158,0.44333534811205877,,67.7,-0.16956576467185291,0.8744863937569942,0.7988831850310082,False,False,False
6210,17.450000762939453,2026-09-22,0.03869056877365873,-0.014124293176498326,-0.1446077897428587,-0.12749996185302737,,15.1,-0.18275793988078004,0.8934107784715901,0.7790179044692499,False,False,False
6212,32.0,2026-09-22,-0.034690843829408124,0.02893889413154227,0.12280701754385959,0.049180327868852514,,74.1,0.08465686740593825,1.6550132095313823,0.7390300361162857,False,False,False
6213,543.0,2026-09-22,0.046242774566473965,0.12538860103626948,0.6128464821130917,3.1325388160953027,,98.5,0.5746963319751703,1.2281927566208042,0.9313893653516295,False,False,False
6214,190.5,2026-09-22,0.002631578947368318,0.06128133704735372,0.471042471042471,0.8253822658361998,,95.4,0.43289232090454965,0.7338108621623581,0.9794344473007712,False,False,False
6215,97.5,2026-09-22,0.01880880991805367,0.014568174277920676,-0.0669431383429222,-0.020522360176039922,,35.1,-0.10509328848084354,0.2507253296515003,0.729166702327567,False,False,False
6216,19.700000762939453,2026-09-22,0.020725468481408438,-0.07733742592707571,-0.11106924476886348,-0.1765880148191411,,16.1,-0.14921939490678482,0.8142754849829251,0.7090099927516529,False,False,False
6217,170.5,2026-09-22,0.08945686900958472,0.15202702702702697,-0.38,0.1071428571428572,,5.7,-0.41815015013792134,1.1686765750965524,0.5,False,False,False
6218,61.0,2026-09-22,0.23857868020304562,0.5803109432995632,0.519302557452759,1.406311600870413,,97.2,0.48115240731483766,6.117464320220844,0.9010340140286203,False,False,False
6219,12.149999618530272,2026-09-22,0.012499968210855972,-0.012195168282808755,-0.08301889671469653,-0.1678082670497043,,20.0,-0.12116904685261787,0.3812430386075866,0.5731131689282841,False,False,False
6220,25.149999618530277,2026-09-22,-0.011787863867023574,-0.01757815454038736,-0.34687550058532257,-0.1773143316844068,,2.0,-0.3850256507232439,0.5986824820759015,0.5666179826045437,False,False,False
6221,30.549999237060547,2026-09-22,0.08525753644950052,0.4134905631821182,0.3981598792573524,0.22305812676677994,,91.1,0.3600097291194311,7.974030560721361,0.7982979808446338,False,False,False
6222,19.049999237060547,2026-09-22,0.024193486363534245,-0.05459059068458494,-0.09069219363657532,-0.07748186009814595,,26.0,-0.12884234377449666,2.1724030346878327,0.8246752780290864,False,False,False
6223,5345.0,2026-09-22,-0.01746323529411764,-0.039532794249775405,-0.22327804457159728,0.4613801392498802,,53.0,-0.2614281947095186,1.1824847915220305,0.7267296905010879,False,False,False
6224,81.80000305175781,2026-09-22,-0.04883717381676966,0.06510416407965969,0.03544307660452928,1.1140668876425353,,92.5,-0.002707073533392057,1.1877150096970817,0.8610526637027138,False,False,False
6225,51.29999923706055,2026-09-22,-0.19212599626676308,-0.27848100790420316,1.3860464761423512,1.4370546839138107,,98.4,1.3478963260044299,1.6179610799307622,0.6849131934841917,False,False,False
6226,44.20000076293945,2026-09-22,0.21763090060380463,0.8969958030142657,1.6626505871818593,2.2740741305881076,,98.8,1.624500437043938,1.8611898508938294,0.9671772434363627,False,False,False
6227,135.0,2026-09-22,0.018867924528301883,0.1792347961274372,0.15497074114852194,0.6470534357454694,,90.4,0.1168205910106006,2.9756750325848143,0.9818181818181818,False,False,False
6228,16.399999618530273,2026-09-21,-0.05202310163125723,-0.06285716465541291,-0.23185014868832043,-0.31666668256123864,,3.3,-0.27000029882624177,0.28384697809410947,0.49848020844710755,False,False,False
6229,23.600000381469727,2026-09-22,0.017241362300696395,0.01287558601856098,-0.12816232537453265,0.14726384756849376,,39.7,-0.16631247551245398,0.4566483260880027,0.7752777856970325,False,False,False
6230,111.0,2026-09-22,0.0183486238532109,0.03738317757009346,-0.13953488372093026,-0.26,,9.5,-0.1776850338588516,0.7293699812932138,0.6082191780821918,False,False,False
6231,224.5,2026-09-22,0.09245742092457432,0.06904761904761902,-0.2604225165485681,-0.135306023353175,,5.6,-0.2985726666864894,1.0148086201791724,0.6599960237398521,False,False,False
6233,21.149999618530277,2026-09-22,0.0548628640063229,-0.0047059003044575,-0.16000498753835046,-0.18967018094630494,,10.2,-0.1981551376762718,0.5113844543723425,0.7158578454822102,False,False,False
6234,38.650001525878906,2026-09-22,0.15373138883220605,0.11529301376148005,-0.20156458215947637,0.3562273571488328,,46.7,-0.2397147322973977,1.9362601321668425,0.6278020342740327,False,False,False
6235,38.84999847412109,2026-09-22,0.03462048637746662,0.030503917451166984,-0.0335821458506772,-0.1725240076079445,,27.4,-0.07173229598859854,0.3588812906329013,0.5198861429124932,False,False,False
6236,16.75,2026-09-22,-0.12073487292251683,0.10927149515539769,-0.11842105263157898,-0.22453705073220553,,12.4,-0.15657120276950032,1.8817825153601302,0.5385852023969792,False,False,False
6237,34.0,2026-09-22,0.024096362008327654,0.014925373134328401,-0.30867090993947055,-0.08009377311274612,,4.7,-0.3468210600773919,0.5954508126739964,0.6075316674379335,False,False,False
6239,292.0,2026-09-22,0.08955223880597019,0.08348794063079779,-0.08665474869550138,0.5507841477406534,,77.4,-0.12480489883342272,0.9993055779301642,0.7856215399051071,False,False,False
6240,24.200000762939453,2026-09-22,-0.016260146842582146,0.09750574150883828,0.31165310364376975,0.3188011040793872,,90.0,0.2735029535058484,1.739999559198427,0.8658318462383605,False,False,False
6241,15.25,2026-09-22,-0.03481013823388335,-0.1966013532408336,-0.31101712755881683,-0.057027741485183414,,5.1,-0.34916727769673817,0.3258400052368332,0.5918656259225471,False,False,False
6243,37.5,2026-09-22,0.030219737033226224,-0.10501196576714467,-0.1515837250518156,0.25418061800775704,,46.5,-0.18973387518973694,0.08641855125394848,0.7183907940979181,False,False,False
6244,23.700000762939453,2026-09-22,0.09216589537709696,-0.03462315684466255,-0.13506150360015556,-0.1624233723403058,,13.9,-0.1732116537380769,1.5065661961985817,0.6564477994178328,False,False,False
6245,85.69999694824219,2026-09-22,0.02389486347576275,0.10141088710147916,0.12766787693510517,0.3236395713540483,,84.5,0.08951772679718384,1.478876626653148,0.9694569623186454,False,False,False
6246,12.800000190734863,2026-09-22,0.00787404590327423,0.03225811165403902,-0.2049689510897772,-0.2049689510897772,,6.8,-0.24311910122769853,0.2568130554073888,0.7111111217074924,False,False,False
6248,16.799999237060547,2026-09-22,0.0,-0.016592693721639074,-0.013898397267140039,-0.11348009696923844,,36.8,-0.052048547405061374,0.6090010144007252,0.8180160762497654,False,False,False
6257,249.0,2026-09-22,0.19999999999999996,0.26075949367088613,0.06276214173501571,0.9995049779127028,,91.8,0.024611991597094374,2.567098625645008,0.9265105758192044,False,False,False
6259,29.450000762939453,2026-09-22,0.0593525745022061,-0.00506755461476871,-0.2195548288606992,0.726028208867062,,73.8,-0.25770497899862055,0.15529938261638793,0.6989198716582032,False,False,False
6261,79.9000015258789,2026-09-22,0.0582781659056808,0.04834603993256659,-0.14166665778772147,0.20644205879540722,,43.4,-0.1798168079256428,1.1464011456753802,0.6172284281742257,False,False,False
6263,157.0,2026-09-22,0.02614379084967311,-0.02786377708978327,-0.08720930232558144,0.33374053147653737,,65.7,-0.12535945246350277,0.41184221934632176,0.8702922528301631,False,False,False
6264,6.010000228881836,2026-09-22,-0.0016610883847775204,-0.0033167463069042613,-0.014754045435702912,-0.07109730699020445,,41.0,-0.052904195573624246,1.7585175625550604,0.7705128310151508,False,False,False
6265,47.29999923706055,2026-09-22,0.004246300836917127,-0.23954986082181462,-0.14000001387162642,0.16216212163147947,,39.1,-0.17815016400954775,0.2981221717819434,0.7402190627163676,False,False,False
6266,24.899999618530277,2026-09-22,0.0020120417019322545,-0.009940358003655891,-0.021611046283742885,-0.06561488343063826,,39.8,-0.05976119642166422,0.6451847217368643,0.8660155283188731,False,False,False
6269,64.5999984741211,2026-09-22,0.020537112997300433,0.04361868952641923,-0.1488801426163998,0.08026754679431147,,29.1,-0.18703029275432115,0.5623707655673196,0.7382856968470982,False,False,False
6270,29.149999618530277,2026-09-22,0.03921570094078208,-0.0017123679144774862,-0.29623283902150954,0.18690889463588145,,15.7,-0.3343829891594309,0.3142207789918575,0.6996515337769329,False,False,False
6271,228.0,2026-09-22,0.03167420814479649,0.18134715025906734,-0.16022099447513816,0.5978274468758107,,73.2,-0.1983711446130595,0.39864571024004664,0.7930434782608695,False,False,False
6272,25.799999237060547,2026-09-22,-0.02272728750528419,0.10967738654023851,-0.18095240517268107,-0.15410505093206073,,9.9,-0.2191025553106024,1.1121534639348347,0.45380932133135266,False,False,False
6274,1440.0,2026-09-22,0.051094890510948954,-0.010309278350515427,-0.15294117647058825,1.6830274034760122,,93.5,-0.19109132660850958,1.9971967091064002,0.7578947368421053,False,False,False
6275,45.45000076293945,2026-09-22,0.014508962878311715,0.01337797790928752,-0.04860182271308444,-0.012047610329114944,,39.6,-0.08675197285100578,0.45437303936278195,0.7823998394544498,False,False,False
6276,19.450000762939453,2026-09-22,0.018324626936096156,-0.020151113896384576,-0.1077980989158035,-0.41149769404141967,,6.5,-0.14594824905372483,0.3460508823368724,0.4209956805572562,False,False,False
6277,78.30000305175781,2026-09-22,0.026212318741891893,-0.035714211890092384,0.13496662759930822,0.36965455483288934,,85.4,0.09681647746138689,0.2545449719274416,0.894857177734375,False,False,False
6278,213.5,2026-09-22,0.18282548476454297,0.1927374301675977,0.07127125536078349,1.2781182904330808,,93.8,0.03312110522286216,0.8846173146165911,0.8909152903908756,True,True,False
6281,51.09999847412109,2026-09-22,-0.001953169674379196,-0.013513528441109313,-0.003898650407678228,-0.10664339523524324,,39.3,-0.04204880054559956,0.8140149788342559,0.7821718492224676,False,False,False
6282,43.0,2026-09-22,0.03489773260082574,-0.030439650971100574,-0.25499398988931976,-0.030335812765095005,,9.4,-0.2931441400272411,0.2836458457156813,0.6176815003048353,False,False,False
6283,18.75,2026-09-22,0.03878120734222534,-0.06716419680838903,-0.22997947818232112,-0.07635464508938516,,9.5,-0.26812962832024245,0.7807957176125605,0.6957328188941738,False,False,False
6284,75.5999984741211,2026-09-22,0.00799997965494792,0.010695125531074101,-0.24454854061424058,-0.055685621772903704,,9.2,-0.2826986907521619,0.23419437102704355,0.6214197419723911,False,False,False
6285,233.5,2026-09-22,0.05180180180180183,0.013015184381778733,-0.07432357349741459,0.42177255345889275,,73.0,-0.11247372363533592,0.5922746858601429,0.7443135317714671,False,False,False
6290,276.0,2026-09-22,0.08875739644970415,0.205240174672489,-0.09146071513063814,0.36062486060278265,,67.5,-0.12961086526855947,1.28100060313406,0.7711443647215382,False,False,False
6291,501.0,2026-09-22,0.12331838565022424,0.3688524590163935,-0.15656565656565657,0.5063323834475248,,68.5,-0.1947158067035779,2.186364311349182,0.7378497790868925,False,False,False
6292,65.80000305175781,2026-09-22,0.02652113288774971,0.07516343515479096,0.08223690587893162,0.5645631854797857,,87.1,0.044086755741010286,1.0513157506544013,0.966940305811673,False,False,False
6405,41.95000076293945,2026-09-22,0.13072782987313225,0.09960679122077698,-0.3575804165018305,0.4196278120483763,,23.3,-0.3957305666397518,1.2919794957383774,0.5179012439869068,False,False,False
6407,22.200000762939453,2026-09-22,-0.0389610218038019,0.002257388048320541,-0.2149928670014104,-0.013040888290793196,,13.3,-0.25314301713933174,0.53470959662994,0.4017857229157303,False,False,False
6409,888.0,2026-09-22,0.020689655172413834,-0.12079207920792079,-0.07803103720963334,0.2459040315109675,,59.8,-0.11618118734755467,0.5175746331259138,0.7147046296910347,False,False,False
6411,78.80000305175781,2026-09-22,0.03957783481817989,0.016774232925907295,-0.20412121152343854,0.07808278331332197,,20.3,-0.24227136166135987,0.40147230911197734,0.7121020912281708,False,False,False
6412,74.30000305175781,2026-09-22,0.006775067470516705,-0.04375796692436418,-0.2002152655394709,0.02578792275904851,,17.3,-0.23836541567739222,0.4143201909639521,0.7296642517226097,False,False,False
6414,376.0,2026-09-22,0.017591339648173276,-0.04930467762326174,0.006693440428380271,0.4720556555284281,,81.7,-0.031456709709541064,0.34469819538782803,0.7475149105367793,False,False,False
6415,430.0,2026-09-22,0.059113300492610765,-0.0444444444444444,-0.30081300813008127,0.5354781494501524,,44.7,-0.3389631582680026,0.5804656331994866,0.6389301634472511,False,False,False
6416,115.5,2026-09-22,-0.021186440677966156,0.16666666666666674,0.4625626178401767,0.5032921097207055,,93.9,0.4244124677022554,0.959060255989866,0.9545454545454546,False,False,False
6417,101.5,2026-09-22,0.00995024875621886,-0.06880733944954132,-0.21153769791999177,-0.007820092455140037,,14.1,-0.2496878480579131,2.5514669452811707,0.7077324073239658,False,False,False
6418,35.099998474121094,2026-09-22,0.01152731130798279,0.08668728492872124,0.1304347612423309,0.23992432641194994,,82.2,0.09228461110440955,0.4033494997612431,0.4698919467309119,False,False,False
6419,151.0,2026-09-22,0.05594405594405605,-0.05031446540880502,0.020270270270270174,0.8665018189362701,,89.7,-0.01787987986765116,0.37379043364694026,0.7763496143958869,False,False,False
6423,85.4000015258789,2026-09-22,0.07151825339890983,0.07556674917751005,0.04273504193884614,0.0030397073307200095,,59.7,0.004584891800924806,0.34761686860284496,0.6804780998078,False,False,False
6425,72.69999694824219,2026-09-22,0.21979863774340958,0.26434777301290757,-0.03286279669719694,0.20812878901841492,,64.3,-0.07101294683511827,3.6923516210944975,0.7189839718054318,False,False,False
6426,356.0,2026-09-22,0.18666666666666676,0.49543178553758427,0.6666378069099401,1.459727560699799,,97.5,0.6284876567720188,1.6832256959967153,0.9518716577540107,False,False,False
6432,62.0,2026-09-22,0.1877394462418911,-0.04320992160326542,-0.2359830496826164,0.8603134538469559,,77.9,-0.27413319982053774,0.49928870605230663,0.7235741346009671,False,False,False
6434,14.199999809265137,2026-09-22,-0.006993033575937835,-0.06885247152359764,-0.2565445274523884,0.7816813278640848,,72.8,-0.29469467759030976,0.5044365570870744,0.38904109066479825,False,False,False
6435,246.0,2026-09-22,0.04458598726114649,-0.03339882121807469,-0.2858207800809818,0.4982928676644842,,43.6,-0.3239709302189031,0.2531366989230098,0.6011008274550054,False,False,False
6438,152.5,2026-09-22,0.07017543859649122,0.06271777003484313,0.00328947368421062,-0.0986890181131741,,41.9,-0.034860676453710715,0.5187764950282938,0.8355396629781132,False,False,False
6441,24.549999237060547,2026-09-22,0.01028806616663247,0.1365740186801836,0.11337868873020751,0.24936385311221532,,81.5,0.07522853859228618,2.0400923418435646,0.7647975203753568,False,False,False
6442,1510.0,2026-09-22,0.0,0.03424657534246567,-0.1833566345572566,-0.21289932096378905,,7.9,-0.22150678469517793,0.7530309338229421,0.6426328396128718,False,False,False
6443,28.399999618530277,2026-09-22,0.251101262731972,0.09864600384642497,-0.21978026296677367,-0.3508571515764508,,2.9,-0.257930413104695,2.5458051744512686,0.5430210331323604,True,False,False
6449,211.0,2026-09-22,0.007159904534606243,0.002375296912114022,-0.43126684636118595,0.38369544182185433,,11.5,-0.4694169964991073,0.43615056149376197,0.4602356251585918,False,False,False
6451,425.0,2026-09-22,0.07868020304568524,0.0625,-0.3074730394158156,0.4662467603678757,,35.7,-0.34562318955373694,0.7585820234576056,0.5873087927460886,False,False,False
6456,73.5999984741211,2026-09-22,0.1948051996306681,0.12366409884154339,0.029370608029665624,0.2538330071128181,,75.2,-0.008779542108255711,1.940172348804981,0.8079033996364857,False,False,False
6462,98.0,2026-09-22,0.015544041450777257,-0.009100116400336034,-0.21285140562248994,0.010309278350515427,,15.2,-0.2510015557604113,0.9165150279023443,0.6261980830670927,False,False,False
6464,77.9000015258789,2026-09-22,-0.0012820317195012532,-0.013924031317988583,0.06551716905053384,0.08800834815639735,,70.4,0.027367018912612506,0.2687475009219214,0.9786432540096734,False,False,False
6465,42.0,2026-09-22,0.02189784815796547,-0.07793631825513148,-0.3428612270416499,0.02731996715949503,,5.5,-0.38101137717957123,0.5072174599615209,0.589887665733066,False,False,False
6470,43.0,2026-09-22,0.0,0.029940119760478945,-0.08736841270064877,-0.07063989376849611,,26.9,-0.1255185628385701,0.6250278202162307,0.8497500584796291,False,False,False
6473,6.639999866485596,2026-09-22,0.05396820086620879,0.024691334404499887,-0.07777777189089907,-0.1647798709696613,,21.0,-0.11592792202882041,1.1613596463692848,0.39058822744032917,True,False,False
6474,35.29999923706055,2026-09-22,0.002840865680502347,-0.035087863817391596,0.0035086048876467046,0.05706664808492912,,57.3,-0.03464154525027463,0.19085374804051305,0.8180776602778571,False,False,False
6477,34.5,2026-09-22,0.029850746268656803,-0.0403338173064588,0.11915421143278726,0.0030459699235978466,,71.8,0.08100406129486593,0.5634142458522919,0.779522851719128,False,False,False
6485,69.0,2026-09-22,0.17948717948717952,0.15191983710033097,-0.19280980562837757,-0.20116007089950272,,7.7,-0.2309599557662989,2.4162023756279525,0.5582254884660047,False,False,False
6486,81.5999984741211,2026-09-22,0.02512562862234513,0.10419481446892442,0.07210403929209597,0.04904805201556384,,68.5,0.03395388915417463,0.4393981608261165,0.9691211571454176,False,False,False
6488,971.0,2026-09-22,0.06236323851203496,-0.03861386138613865,-0.06273645354210766,1.2589898882039647,,91.9,-0.100886603680029,1.1849469199327733,0.6434020775242029,False,False,False
6494,51.79999923706055,2026-09-22,0.05606524042353489,-0.031775715195130005,-0.21752263406356553,0.11957428494398026,,21.3,-0.25567278420148687,0.616663408902659,0.7485549352813428,False,False,False
6498,67.19999694824219,2026-09-22,0.04672897418388655,-0.10160435552732272,-0.29809517495109483,-0.21270721540713178,,2.7,-0.33624532508901617,0.7042356805247859,0.6270349717137829,False,False,False
6504,36.70000076293945,2026-09-22,0.004104009001641984,-0.00542007465227845,0.03698987799637199,-0.059985463055613364,,52.8,-0.0011602721415493455,0.6769153719763473,0.7684930229875683,False,False,False
6505,87.19999694824219,2026-09-22,0.0518696663837932,0.2474963525710132,0.5599283464754996,0.618544810779859,,95.2,0.5217781963375783,0.638459316368573,0.9356223154885718,False,False,False
6506,18.149999618530277,2026-09-22,0.01396648074456941,0.034188057410435846,0.026369083251090997,0.1703111650280662,,70.6,-0.011781066886830338,0.4810400241912585,0.9272030095085834,False,False,False
6508,29.0,2026-09-22,0.1717171717171717,0.11969113618255856,0.20935075975599116,0.04853290168211011,,81.3,0.17120060961806982,4.672217095626063,0.9948542154204721,False,False,False
6509,47.150001525878906,2026-09-22,0.021668471656262955,0.04661492395966094,0.014538826512168868,0.13898575163158977,,66.6,-0.023611323625752467,0.3978313376653735,0.8478015862416797,False,False,False
6510,3700.0,2026-09-22,0.13671274961597546,0.39622641509433953,0.08453508444377134,0.16248601660150808,,75.9,0.04638493430585,1.4973088942553314,0.8857037093401323,True,True,False
6512,20.200000762939453,2026-09-22,-0.007370988487393815,-0.014634109124904704,0.012531327841571738,0.01507543468140704,,55.1,-0.025618822296349597,1.3585534950511866,0.8840262768363322,False,False,False
6515,5765.0,2026-09-22,-0.08637083993660855,-0.06183889340927584,-0.3617988499242,-0.2908876450983571,,1.1,-0.3999490000621213,1.6345560071955054,0.5379926016174883,False,False,False
6516,57.5,2026-09-22,0.010544788366098734,-0.006908489038642274,0.005244741836698097,-0.02570965678766801,,50.1,-0.03290540830122324,0.8166863516574805,0.8928571217019899,False,False,False
6517,64.19999694824219,2026-09-22,0.05245896636462599,0.0015600386349692297,-0.1004996688400508,0.1621862048134448,,47.7,-0.13864981897797213,0.2798638708586032,0.7997992998305226,False,False,False
6525,133.0,2026-09-22,0.05976095617529875,-0.029197080291970767,-0.13636363636363635,0.7115643910151337,,80.0,-0.1745137865015577,0.2854155956881065,0.6018099547511312,False,False,False
6526,764.0,2026-09-22,0.2263242375601926,0.32179930795847755,0.12620929805088066,0.6219288245100978,,89.2,0.08805914791295932,3.306338931451803,1.0,True,True,False
6530,100.5,2026-09-22,0.12290502793296088,0.24999997627675885,0.12416105463832627,0.13323001890389086,,77.7,0.08601090450040494,1.8584714936940347,0.7682196448891404,False,False,False
6531,934.0,2026-09-22,0.04943820224719109,0.10532544378698216,-0.15090909090909088,0.8770640747888792,,84.5,-0.18905924104701222,0.7805269498162418,0.7902597406621454,False,False,False
6532,98.5,2026-09-22,0.07415488852846841,0.09444444444444455,0.08004389578982885,0.3519900097650881,,82.5,0.04189374565190751,1.2732494882898462,0.8942109044123371,False,False,False
6533,254.5,2026-09-22,0.13363028953229406,0.032454361054766734,0.2567901234567902,0.3609625668449199,,89.2,0.21863997331886886,1.7766534788196793,0.7818740399385561,False,False,False
6536,35.93954086303711,2026-09-21,1.0614208134640535e-07,-0.020408080508966253,-0.16209463733844254,0.2537314684125398,,44.0,-0.20024478747636387,0.10512831728456005,0.36129036934059583,False,False,False
6538,445.5,2026-09-22,0.2205479452054795,1.3082901554404147,2.44015444015444,5.920175112170865,,99.0,2.402004290016519,0.9194074508310472,1.0,True,True,False
6546,60.0,2026-09-22,0.015228452607710441,-0.043062212601046146,-0.1337558121309126,-0.1325460678271957,,16.0,-0.17190596226883392,0.5797484684349479,0.6901077898538802,False,False,False
6548,73.5999984741211,2026-09-22,0.0264993250592529,0.03954795623831209,-0.15011547608612053,0.5974550074578764,,74.3,-0.18826562622404186,0.6362074977717512,0.7539466554687184,False,False,False
6552,24.25,2026-09-22,0.038543880249548135,-0.0376984418324533,-0.20230262156916456,-0.09345794392523366,,10.7,-0.2404527717070859,0.3338648767034142,0.6571815446401231,False,False,False
6555,12.25,2026-09-22,-0.10583940360966426,-0.1580756124112943,-0.35695535482393015,-0.41666666666666663,,0.7,-0.3951055049618515,2.2484778863929926,0.4029605313722777,False,False,False
6556,61.5,2026-09-22,0.018211894806820395,0.03885133796316431,-0.10039898180459506,-0.02305772815687057,,28.5,-0.1385491319425164,0.18064518679815403,0.8741063129235295,False,False,False
6558,24.450000762939453,2026-09-22,0.06073759532399192,-0.020040079547520295,-0.15834762805269353,-0.15834762805269353,,11.8,-0.19649777819061487,0.4623855306669789,0.4994892825711823,False,False,False
6559,16.149999618530273,2026-09-22,0.0031055426009860554,0.07308966205014378,-0.18599004162796784,-0.46046612127803865,,2.3,-0.22414019176588917,0.2772217001548006,0.35098708304679427,False,False,False
6560,33.099998474121094,2026-09-22,0.03924640746248187,0.047468293498216685,-0.1598985484206089,-0.17866007194159483,,10.6,-0.19804869855853025,1.7096257793296223,0.6931936853219077,False,False,False
6561,312.5,2026-09-22,0.014610389610389518,-0.026479750778816147,-0.05102088004283012,-0.09403412624811402,,30.8,-0.08917103018075145,0.6235403742962112,0.7680650551101679,False,False,False
6565,17.450000762939453,2026-09-22,0.008670608814685288,-0.014124293176498326,-0.13184077453915466,0.19931275149063232,,44.8,-0.169990924677076,0.6356916982951889,0.5193452843868294,False,False,False
6568,141.0,2026-09-22,0.07224334600760463,0.1279999999999999,-0.18260869565217386,-0.2993259162050581,,5.4,-0.2207588457900952,1.1963955468664262,0.5191125436625647,False,False,False
6570,47.04999923706055,2026-09-22,0.01839823506676086,-0.10551329654108466,-0.08640778180464959,0.26827495377340815,,60.3,-0.12455793194257092,0.3652978387412441,0.7319205079036228,False,False,False
6573,16.200000762939453,2026-09-22,0.041800679371816196,-0.05263155546508358,-0.22857139224097844,0.19117649327512343,,25.4,-0.2667215423788998,0.21453522445199144,0.5796064515468631,False,False,False
6577,79.69999694824219,2026-09-22,0.0037782798060213008,-0.02088457672935362,0.07702698578705669,0.1075961305101949,,72.5,0.038876835649135355,0.1892988880655161,0.8442796150420946,False,False,False
6578,17.100000381469727,2026-09-22,0.005882375380572125,-0.06301367772768618,0.06211179977057313,-0.04201680582475409,,59.0,0.023961649632651794,0.6235902752209899,0.7533039562442475,False,False,False
6579,153.0,2026-09-22,0.03728813559322042,0.04081632653061229,-0.02547770700636942,0.373316953616452,,75.4,-0.06362785714429076,0.2895965741711853,0.8337874659400545,True,False,False
6581,109.0,2026-09-22,0.0,0.004608294930875667,0.01869158878504673,0.030988583305442186,,57.7,-0.019458561352874604,0.40756811867809145,0.9646017699115044,False,False,False
6582,31.299999237060547,2026-09-22,0.003205079220378604,-0.04281350132155337,-0.04863228615840065,-0.01261834436125786,,39.5,-0.08678243629632199,1.2321863901672603,0.8368983411779417,False,False,False
6584,553.0,2026-09-22,0.029795158286778367,-0.052578293362439465,-0.23737761690942538,0.028127966320471876,,13.2,-0.2755277670473467,0.5860834857695097,0.6896758771103186,False,False,False
6585,105.5,2026-09-22,0.029268292682926855,-0.07048458149779735,-0.20377358490566033,0.2241879010918284,,32.4,-0.24192373504358167,0.28670560299691755,0.7239383733152766,False,False,False
6588,112.0,2026-09-22,0.1200000000000001,0.10344827586206895,0.13821136446369198,0.16303215421295492,,80.2,0.10006121432577064,1.2497280637568766,0.7021943573667712,False,False,False
6590,68.30000305175781,2026-09-22,-0.005822327718380094,0.22157803925806774,0.16366621323092145,0.11647115906077787,,80.5,0.12551606309300012,4.223334212008291,0.9539106774763966,False,False,False
6591,45.45000076293945,2026-09-22,0.09518074127564957,0.060676835038596666,-0.09834887615663046,-0.21789686313128642,,15.3,-0.1364990262945518,0.9608015496331966,0.5800906629243112,True,False,False
6592,58.20000076293945,2026-09-22,-0.025125627819609142,-0.04901960723204257,-0.03689453272459298,-0.044201895874084185,,39.0,-0.07504468286251431,0.9941360853927276,0.8998156463183642,False,False,False
6593,32.0,2026-09-22,0.012658215623466695,-0.019908162189937517,-0.06569343065693434,-0.1633986928104575,,23.4,-0.10384358079485567,0.3345159788783869,0.6165703094255948,False,False,False
6597,69.0,2026-09-22,-0.0482758620689655,-0.046961346052784236,0.007299270072992803,0.12838169479936967,,64.4,-0.030850880064928532,1.5713416529615094,0.8834827317296756,False,False,False
6599,38.79999923706055,2026-09-22,0.007792187975598663,0.018372724172546206,-0.08705884148092835,-0.29939424305661555,,12.0,-0.12520899161884969,2.6372822127350948,0.6251559326950972,False,False,False
6603,27.950000762939453,2026-09-22,0.11576852751310507,0.07602138818166315,0.21397290991804652,0.29122564685524654,,86.9,0.17582275978012518,2.3794346203920185,0.8269859321785585,False,False,False
6606,25.149999618530277,2026-09-22,0.003992031317980427,-0.013725505155675388,0.018218576586686464,0.09377031246733836,,63.1,-0.01993157355123487,0.4741569064749385,0.9246323129813164,False,False,False
6609,39.79999923706055,2026-09-22,0.024453045051527678,0.007594917393937806,-0.0209102646226772,0.18100885270095834,,64.1,-0.059060414760598534,0.3818452197473492,0.8056679758645502,False,False,False
6613,267.0,2026-09-22,0.04705882352941182,0.06374501992031867,-0.25124725712975104,0.3103172860056569,,31.3,-0.2893974072676724,0.535537574370651,0.69883586144847,False,False,False
6614,35.79999923706055,2026-09-22,0.009873017393189798,-0.0027855789573232315,-0.06389994749324113,-0.12116719160778444,,26.6,-0.10205009763116246,0.4361958316476109,0.5137606035347433,False,False,False
6616,8.15999984741211,2026-09-22,-0.045614074224860746,-0.028571402621105912,-0.10428099287235726,-0.18805973208489624,,16.3,-0.1424311430102786,0.6159755089617458,0.7520736922137108,False,False,False
6618,3.0899999141693115,2026-09-22,-0.37701615112815245,-0.8481572552213317,-0.8352000045776367,-0.8386422989178909,,0.1,-0.873350154715558,6.726396727297146,0.10282861872283933,False,False,False
6624,37.59999847412109,2026-09-22,-0.04325701770844648,-0.10498264604441243,-0.06520402718705998,-0.3803725881235588,,10.0,-0.10335417732498131,1.2624315168750784,0.5221963600900266,False,False,False
6625,74.30000305175781,2026-09-22,0.013642564234191079,-0.03631641346015213,-0.051085566335877686,0.02128874723563623,,42.8,-0.08923571647379902,0.352123109742921,0.8755516672715763,False,False,False
6629,106.0,2026-09-22,0.029126213592232997,-0.04932735426008972,-0.04932735426008972,0.04795576836712945,,46.2,-0.08747750439801105,0.8037354311080012,0.7215263485614012,False,False,False
6638,45.70000076293945,2026-09-22,-0.04989600389432214,-0.03382660676382132,-0.12284065064532801,0.2537722854975888,,52.2,-0.16099080078324934,1.0540516030478972,0.683109113910279,False,False,False
6639,3.7799999713897705,2026-09-22,0.007999992370605558,-0.13302755604668326,-0.371048281624934,-0.5655172351424389,,0.3,-0.4091984317628553,3.2417252453395093,0.3499999911696824,False,False,False
6640,1035.0,2026-09-22,-0.05909090909090908,0.06921487603305776,-0.004807692307692291,-0.02408031005781819,,48.3,-0.042957842445613625,1.051924733906186,0.5960872913212547,False,False,False
6641,16.950000762939453,2026-09-22,0.00892866266017478,-0.05833329094780815,-0.04613953909728108,-0.06670793308790524,,34.6,-0.08428968923520241,0.0967680409669485,0.636491437963464,False,False,False
6642,78.80000305175781,2026-09-22,0.04926770509738043,0.03820818797862757,-0.05741621423413246,0.49187149347567294,,77.3,-0.09556636437205379,0.23275242805804255,0.8574537730510031,False,False,False
6643,489.5,2026-09-22,0.1939024390243902,0.20566502463054182,-0.010329877371731744,0.06712254181620181,,55.5,-0.04848002750965308,1.9531612185982636,0.7042702835041679,True,False,False
6648,14.600000381469728,2026-09-22,0.020979034037302835,-0.08749997615814198,-0.1461988271479282,-0.2626262149474101,,8.8,-0.18434897728584954,0.8379536243147345,0.49407785984504976,False,False,False
6651,152.0,2026-09-22,0.07420494699646651,0.09352517985611519,-0.009771986970684043,0.735770138536157,,86.7,-0.04792213710860538,0.775833521310131,0.8994082840236687,False,False,False
6654,201.0,2026-09-22,0.01005025125628145,0.22188449848024305,0.05789473684210522,1.2333333333333334,,93.3,0.019744586704183886,0.5146985162604697,0.8835164835164835,False,False,False
6655,124.5,2026-09-22,0.012195121951219523,0.0873362445414847,0.02415681115833479,0.012155004544891934,,57.1,-0.013993338979586545,2.834631297813589,0.922105595775274,True,True,False
6658,176.5,2026-09-22,0.08282208588957052,0.12779552715654963,-0.1452784503631961,1.7328282202436087,,93.9,-0.18342860050111742,0.38362176914149554,0.6867704280155642,False,False,False
6664,347.0,2026-09-22,0.04204204204204198,-0.016997167138810165,-0.06609162760972676,0.2996467103970517,,66.5,-0.10424177774764809,0.47639917644452645,0.7432354471108096,False,False,False
6667,263.5,2026-09-22,0.11652542372881358,0.2239552738118189,-0.01495327102803734,0.11745528201601374,,59.6,-0.053103421165958675,2.7997030884612557,0.9331132026432541,True,False,False
6668,49.400001525878906,2026-09-22,0.1569086801692654,0.3895921965134632,0.1818182398931738,0.5176652130189117,,89.3,0.14366808975525247,4.32589129042219,0.9821074010967672,False,False,False
6669,2115.0,2026-09-22,-0.08639308855291572,0.0013667442819598197,0.3880330886461645,0.7426358235832273,,94.3,0.34988293850824315,1.1074484677009724,0.8087962417056288,False,False,False
6670,271.0,2026-09-22,0.001848428835489857,0.020715630885122405,0.10386965376782076,0.039855031309372846,,72.1,0.06571950362989942,0.48891901538853416,0.9426086956521739,False,False,False
6671,23.0,2026-09-22,0.01098901098901095,-0.004329020771356551,-0.023769078040595915,-0.22277600916584428,,25.2,-0.06191922817851725,0.19001723779358046,0.5992704366834319,False,False,False
6672,302.0,2026-09-22,0.037800687285223455,0.1660231660231659,0.04317789291882557,1.3833927318816368,,94.0,0.005027742780904232,1.3650473059599426,0.9587301587301588,False,False,False
6673,15.5,2026-09-22,-0.018987353614766667,0.1071428571428572,-0.18635167345068715,0.2704918231415643,,40.7,-0.22450182358860848,0.6018196907684791,0.38130379872513104,False,False,False
6674,18.200000762939453,2026-09-22,0.1666666870443223,0.08333342794388487,0.055072507996489994,0.00831033419496885,,62.4,0.01692235785856866,7.357808832308659,0.798245674208446,True,True,False
6679,199.0,2026-09-22,0.025773195876288568,0.012722646310432628,-0.30419580419580416,-0.1652510708737508,,3.6,-0.3423459543337255,0.5311933859024743,0.5871027286979804,False,False,False
6680,55.0,2026-09-22,0.02230484721109116,0.08267718161451065,0.11290300793463026,-0.018253651625736222,,69.5,0.07475285779670893,0.3151231015412257,0.765496830800051,False,False,False
6682,35.29999923706055,2026-09-22,0.01001426227412927,0.01001426227412927,-0.4699699692819491,0.001418418072639538,,1.4,-0.5081201194198705,0.3542112379521625,0.4978843226706539,False,False,False
6683,1590.0,2026-09-22,0.096551724137931,0.45871559633027514,-0.15221145038630013,0.4528012584948009,,64.8,-0.19036160052422146,2.833255613450102,0.6230337191515253,False,False,False
6684,49.25,2026-09-22,0.10923419611357965,0.07415488852846885,-0.22926449414787242,0.12700226865367292,,20.2,-0.26741464428579376,0.7589575059121193,0.7210834231248614,False,False,False
6689,64.0999984741211,2026-09-22,-0.0750361377870794,0.04397389057236745,0.009820179324282252,-0.20544689265007765,,32.0,-0.028329970813639083,2.8649712617305063,0.7759670547310844,False,False,False
6690,180.0,2026-09-22,-0.019073569482288777,0.09422492401215798,0.0843373493975903,0.14022836696576957,,74.9,0.046187199259668965,3.279977718074178,0.9574468085106383,False,False,False
6691,635.0,2026-09-22,0.044407894736842035,0.03927986906710301,-0.09394270832562235,0.19359943682900593,,52.1,-0.13209285846354368,0.9025062555654169,0.9060572916743777,False,False,False
6692,23.299999237060547,2026-09-22,-0.006396653347490289,-0.018947400544819026,-0.09847186312612055,-0.22106777244911202,,14.9,-0.13662201326404189,1.0065689866188823,0.6681310307801964,False,False,False
6693,179.5,2026-09-22,0.03458213256484144,0.11490683229813659,-0.26256731651430776,0.7554494841897863,,71.2,-0.3007174666522291,0.984759078064363,0.6507543270358421,False,False,False
6695,50.29999923706055,2026-09-22,0.10307019561868636,0.06680800867954839,-0.2225656629118723,0.2686001841445218,,33.0,-0.26071581304979363,0.530016018278418,0.7300435141234042,False,False,False
6697,41.70000076293945,2026-09-22,0.015834385821183572,0.023312902158023396,-0.0023923080369923078,-0.019843598621501535,,49.2,-0.04054245817491364,1.141958385290169,0.8090322427850519,True,True,False
6698,31.350000381469727,2026-09-22,-0.003179662290742069,0.021172625484587648,-0.29770501321105614,0.023991400092266524,,8.2,-0.33585516334897747,0.51601505202799,0.6647902216101013,False,False,False
6705,100.5,2026-09-22,0.023421620399540766,-0.07798165137614677,0.14473591248352013,0.446997664083959,,87.3,0.1065857623455988,0.29777771732717323,0.7032507460276988,False,False,False
6706,149.0,2026-09-22,0.03832752613240409,0.3013100436681222,-0.03870967741935483,0.2365145228215768,,65.6,-0.07685982755727616,3.6647154525238257,0.6882217090069284,False,False,False
6708,38.900001525878906,2026-09-22,0.04149941405839086,0.019659239056418976,-0.027499961853027388,0.013020832815932026,,47.4,-0.06565011199094872,2.7628269079873875,0.8037190144525003,False,False,False
6715,451.5,2026-09-22,0.26293706293706287,0.11895910780669139,-0.0552737647968351,0.6370707638050699,,83.2,-0.09342391493475644,3.666057442818517,0.7969571295056844,True,False,False
6716,118.0,2026-09-22,0.026086956521739202,-0.03673469387755102,0.24210526315789482,0.711950204722356,,92.5,0.2039551130199735,0.7477430152497897,0.8581818181818182,False,False,False
6719,187.5,2026-09-22,0.04748603351955305,-0.02088772845953002,-0.35180977895806165,0.17149983439980376,,9.6,-0.389959929095983,0.24143545039715456,0.612928664740291,False,False,False
6720,128.5,2026-09-22,-0.007722007722007707,-0.03383458646616544,-0.08540925266903909,-0.1943573667711599,,17.7,-0.12355940280696043,0.34861600871765036,0.7327005007041737,False,False,False
6721,50.20000076293945,2026-09-22,0.014141429554332285,-0.04562733423580645,-0.09874326615197249,-0.10160701503587699,,22.8,-0.13689341628989382,0.43720904026424956,0.8455463286030879,False,False,False
6723,31.450000762939453,2026-09-22,-0.08575583232809414,-0.16578249001374,-0.12862179429251608,-0.1263672055060162,,17.0,-0.1667719444304374,0.22734003815889564,0.6287878319869326,False,False,False
6725,218.0,2026-09-22,0.0531400966183575,-0.022421524663677084,-0.33295085102314015,-0.20238962969314978,,2.0,-0.3711010011610615,0.5648069365829037,0.5479914769100853,False,False,False
6727,475.0,2026-09-22,0.011714589989350266,0.0674157303370786,0.12321765834866327,0.894183570834431,,92.0,0.08506750821074194,0.8081329485378393,0.7275387009754612,False,False,False
6728,108.0,2026-09-22,0.0046511627906977715,-0.004608294930875556,0.05820772835775467,-0.03516358209708015,,58.8,0.02005757821983334,0.6749059062937783,0.7973300847832812,False,False,False
6729,56.0,2026-09-22,0.10891089108910901,0.36585365853658547,0.1163951726613961,-0.1561365847915781,,58.3,0.07824502252347476,2.20087521367043,0.7807171781387805,False,False,False
6732,150.0,2026-09-22,0.034482758620689724,-0.0033222591362126463,-0.12023460410557185,0.017420258403880506,,28.6,-0.1583847542434932,0.18047823193107465,0.6210758276193629,False,False,False
6735,63.900001525878906,2026-09-22,0.07394960547695639,0.00788643514142362,-0.305626863295849,0.15521825353585994,,12.6,-0.3437770134337703,0.5247981197823288,0.445356556920714,False,False,False
6737,28.850000381469727,2026-09-22,0.06851853264702701,0.008741258624666903,-0.0253378375112967,-0.15277351305978326,,30.2,-0.06348798764921804,1.1941222451538889,0.5078777293245029,True,False,False
6738,77.4000015258789,2026-09-22,-0.012755101792567114,-0.028858161987846964,0.1871166433845306,0.06027399350519058,,79.9,0.14896649324660927,0.33470039113847155,0.9325301388660109,False,False,False
6739,1080.0,2026-09-22,0.014084507042253502,0.11111111111111116,-0.027027027027026973,-0.03281749450126592,,42.1,-0.06517717716494831,0.9028595497762621,0.6391323353199545,False,False,False
6741,57.0,2026-09-22,-0.0306122323199971,-0.0017512868089901712,-0.07766989152618076,-0.03068505325092563,,32.0,-0.11582004166410209,0.5608946522919167,0.7178361792084638,False,False,False
6742,52.70000076293945,2026-09-22,0.19230768898825512,0.22558141309161517,-0.25669958210503496,0.2838002860511899,,27.9,-0.2948497322429563,2.7238763448614964,0.743300417894965,False,False,False
6743,29.850000381469727,2026-09-22,0.011864419710838181,0.19161681798807217,0.1326570344239506,0.39495658475343354,,85.9,0.09450688428602927,0.9617878760169342,0.9919227053115601,True,True,False
6750,56.70000076293945,2026-09-22,-0.008741258624666903,0.03278687043773676,-0.10438913984616072,-0.11887690746146484,,20.7,-0.14253928998408205,0.6826139409761892,0.8064113860113045,False,False,False
6751,43.79999923706055,2026-09-22,0.05542166836290474,0.05669477517168664,-0.03417859513148702,-0.10507084900173513,,33.2,-0.07232874526940836,1.0409918585310338,0.6699110531551479,True,False,False
6752,97.0,2026-09-22,-0.02020202020202022,0.00110220593943966,0.009191961189320752,-0.09297981617158968,,43.5,-0.028958188948600583,1.6354882931499697,0.7580570342939853,False,False,False
6753,133.5,2026-09-22,0.026923076923076827,-0.04481699994322874,0.09053277401454896,0.06889522584772223,,72.1,0.05238262387662762,0.10055749003262722,0.8339367874432743,False,False,False
6754,41.79999923706055,2026-09-22,0.012106537753911795,-0.014150996868529497,-0.0007022139529182514,0.024195329570467106,,53.3,-0.038852364090839586,1.1134985179066994,0.9153486110033273,False,False,False
6755,11.949999809265137,2026-09-22,0.07657652239493551,0.025751090176663105,-0.2691131785655082,-0.24842766692029994,,3.1,-0.30726332870342954,0.8571970838246216,0.45961537727942836,False,False,False
6756,97.5999984741211,2026-09-22,0.04051167695875768,-0.008130112188539096,-0.028855736575909563,0.3332223411349906,,73.0,-0.0670058867138309,0.5443304070779377,0.8675555419921875,False,False,False
6757,54.29999923706055,2026-09-22,0.02840909131959113,-0.03035715648106163,-0.13451351959046454,0.045596862214605016,,28.5,-0.17266366972838587,0.36152951750539386,0.7195933007097648,False,False,False
6761,165.0,2026-09-22,0.03125,-0.09836065573770492,-0.14948453608247425,-0.014972034469565854,,21.5,-0.18763468622039559,0.2582151204510445,0.717391304347826,False,False,False
6763,41.59999847412109,2026-09-22,0.01711483917180945,-0.00715997710817573,-0.08230121017157777,-0.07939091436711887,,27.0,-0.1204513603094991,0.6198612357436979,0.6520057901649344,False,False,False
6768,62.400001525878906,2026-09-22,0.0,-0.053110772670097006,-0.22815139226644576,-0.2697582572680941,,4.2,-0.2663015424043671,0.4698241259217386,0.5374816012495444,False,False,False
6770,71.80000305175781,2026-09-22,0.07324366837246554,0.01745781985479411,-0.13418245854141253,0.1488997641274774,,38.8,-0.17233260867933387,0.6479011812135799,0.8121310028180025,False,False,False
6771,42.400001525878906,2026-09-22,0.01678658873218941,-0.028636883305924066,0.09137717351836083,0.05278499268111725,,71.4,0.0532270233804395,1.342587171889214,0.882719673180502,False,False,False
6775,40.0,2026-09-22,0.04166662527455389,0.29032258064516125,-0.03614457831325302,0.6736401940771155,,85.0,-0.07429472845117435,0.4732510786255093,0.5532503224289628,False,False,False
6776,52.400001525878906,2026-09-22,0.013539666394768002,-0.02056071914245039,-0.04379557928093092,-0.10423638694996062,,31.4,-0.08194572941885225,0.4185302014404001,0.7519539581035998,False,False,False
6781,1015.0,2026-09-22,0.033604887983706755,-0.028708133971291905,-0.13284188449787793,-0.053286129411220906,,21.1,-0.17099203463579926,0.37198650517845583,0.6879454335152988,False,False,False
6784,18.700000762939453,2026-09-22,0.06552715532035092,-0.02094229021659888,-0.15956997955883923,-0.37725511279160673,,4.7,-0.19772012969676056,0.5377678033784427,0.464394096565993,False,False,False
6786,50.70000076293945,2026-09-22,0.014000015258789134,-0.039772698948205565,-0.3139377575630372,-0.38915661731398254,,1.1,-0.35208790770095855,0.8622362232908993,0.36739130987637286,False,False,False
6787,26.950000762939453,2026-09-22,-0.023550710490811255,-0.12071774556740589,-0.2735848552193799,0.13953493436099484,,15.6,-0.31173500535730125,0.5343491763119715,0.5427995958649144,False,False,False
6788,336.5,2026-09-22,0.05651491365777073,-0.04674220963172804,-0.2404063205417607,-0.07603716755903045,,8.7,-0.27855647067968203,0.5093931324509599,0.6669139219994101,False,False,False
6789,468.5,2026-09-22,0.10235294117647054,0.1289156626506025,-0.12265917602996257,0.5004204103122549,,72.2,-0.1608093261678839,0.7010369989367,0.7710834852967428,False,False,False
6791,100.0,2026-09-22,0.0,-0.00497512437810943,-0.014778325123152691,0.0799431652225211,,56.0,-0.052928475261074026,0.35128609451112336,0.7168458781362007,False,False,False
6792,58.79999923706055,2026-09-22,0.0017035514961054599,0.01030925199752164,-0.09399078806471184,0.08012867588320138,,40.0,-0.13214093820263317,0.5386890842696332,0.8382866938908342,False,False,False
6793,6.190000057220459,2026-09-22,-0.001612863282630106,0.16792449706727175,0.11531528729566665,-0.011182135639295376,,70.5,0.07716513715774531,0.5127166991792116,0.7548780733173202,False,False,False
6799,85.19999694824219,2026-09-22,0.0993547993321573,0.08396944786575444,-0.15565844649732363,0.12004492482473683,,31.4,-0.19380859663524497,0.750361923227041,0.7875472385507054,True,False,False
6803,267.0,2026-09-22,-0.0074349442379182396,-0.011111111111111072,-0.019744915708574062,-0.03317314322692888,,43.8,-0.0578950658464954,0.6823757605071022,0.9121597550685846,False,False,False
6804,18.25,2026-09-22,0.0,0.005509663006693755,0.15153101206794606,0.11076882928004883,,79.1,0.11338086193002472,0.4733410645311515,0.896805879994875,False,False,False
6805,2500.0,2026-09-22,0.23456790123456783,0.4619883040935673,0.4385613824237722,0.3719250674356771,,92.9,0.40041123228585085,1.0341984987058708,1.0,True,True,False
6807,32.45000076293945,2026-09-22,-0.004601157000075129,-0.07681367413175211,-0.02259036092665434,-0.1931459969704703,,27.4,-0.060740511064575675,0.8821296935796002,0.6873497937645106,False,False,False
6811,251.5,2026-09-22,0.0019920318725099584,0.11777777777777776,0.21497584541062809,0.42216270528633193,,89.0,0.17682569527270675,2.2961743287958076,0.9437148217636022,False,False,False
6812,58.0,2026-09-22,-0.008547008547008517,0.07806692978624152,-0.20547945205479456,0.1553784684963384,,26.2,-0.2436296021927159,0.46092121354684856,0.5576923076923077,False,False,False
6818,43.09999847412109,2026-09-22,0.1051281660031047,-0.009195437376526727,-0.27072758736205615,-0.3319079875577805,,1.9,-0.3088777374999775,0.39866705117113654,0.43542318159353754,False,False,False
6819,66.5,2026-09-22,0.03100775193798455,0.7454068940493326,0.8169399664598465,1.5576923076923075,,97.8,0.7787898163219251,1.8418014411274104,0.93267878195919,False,False,False
6820,375.0,2026-09-22,0.23355263157894735,0.20578778135048226,0.3812154696132597,1.7601363356404849,,97.2,0.34306531947533836,1.5384814360426022,0.8905777913322893,False,False,False
6821,40.84999847412109,2026-09-22,0.018703242606954662,-0.021556922775542886,-0.33032789386686745,-0.013051290986490494,,5.2,-0.3684780440047888,0.3239116484981055,0.5673610899183484,False,False,False
6823,60.0,2026-09-22,0.041666694261410564,-0.0445859756540915,-0.13793101558314824,-0.10979230502001702,,16.9,-0.17608116572106958,0.33933530647468435,0.5687203791469194,False,False,False
6825,34.95000076293945,2026-09-22,0.02794119890998381,-0.05156031994183008,-0.06113325590341634,0.16498817455877113,,55.4,-0.09928340604133767,0.6727431583100814,0.8818140169222521,False,False,False
6826,439.5,2026-09-22,0.05903614457831319,-0.003401360544217691,-0.20667870036101088,-0.29038344475588684,,4.5,-0.24482885049893222,0.9337783915770566,0.7096165552441132,False,False,False
6829,210.0,2026-09-22,0.02941176470588225,-0.023255813953488413,-0.046493898003247436,0.94168522164249,,89.0,-0.08464404814116877,0.625846263275026,0.7682926543336206,False,False,False
6830,547.0,2026-09-22,0.03291610062314643,0.22508398656215012,0.03402646502835549,0.33452797914800025,,78.7,-0.0041236851095658444,0.9776936623121916,0.561025641025641,False,False,False
6831,512.0,2026-09-22,-0.0019493177387914784,-0.06739526411657559,-0.4188422247446084,0.5260413322022865,,21.6,-0.45699237488252975,0.8276714337534657,0.5355648535564853,False,False,False
6832,64.0,2026-09-22,-0.04477611940298509,-0.06463570100796379,-0.20054330143298993,0.05605651028708669,,18.9,-0.23869345157091126,0.910825025234191,0.4693584522991694,False,False,False
6833,21.0,2026-09-22,-0.045454545454545414,-0.08096281621815593,-0.09090910592167334,-0.12133889810951437,,22.3,-0.12905925605959467,0.6336092862740534,0.6687898170421359,False,False,False
6834,111.5,2026-09-22,0.1483007389512654,0.24026694224141076,-0.11155378486055778,2.6527948250860254,,97.0,-0.14970393499847912,1.5251278643751642,0.8446969696969697,False,False,False
6835,31.75,2026-09-22,0.0461284876749144,0.025848116876898253,-0.10325957959474752,-0.13068647078680606,,19.6,-0.14140972973266885,0.5773309151259789,0.7876189603784627,True,False,False
6839,11.550000190734863,2026-09-22,-0.012820480425263736,-0.02941171756429317,-0.06477734137848346,-0.11494252705566688,,26.9,-0.10292749151640479,0.7984441894546564,0.6774193963381142,False,False,False
6840,104.5,2026-09-22,0.1611111111111112,0.26360343236047945,0.6454483646726208,0.6713608962393225,,96.0,0.6072982145346995,2.2258997034234413,0.9675925925925926,False,False,False
6854,93.6999969482422,2026-09-22,0.07208232622853994,0.030803029431920814,-0.2443548633206274,-0.3234657260054715,,2.6,-0.2825050134585487,0.6880373011970258,0.49186350104064147,False,False,False
6855,112.0,2026-09-22,0.0,-0.030303030303030276,-0.021637446543516292,0.05294625342483972,,52.4,-0.05978759668143763,0.406009081359104,0.8827331415541808,False,False,False
6858,21.700000762939453,2026-09-22,0.00930236106695137,-0.018099529937821268,-0.07264952492753918,-0.0977130373667453,,27.2,-0.11079967506546051,1.1933304808951468,0.6575757806951349,False,False,False
6859,117.5,2026-09-22,0.012931034482758674,0.06818181818181812,-0.0779106734346997,-0.0007484187342801096,,34.9,-0.11606082357262104,1.1496665511559323,0.8590688363533484,False,False,False
6862,138.5,2026-09-22,0.06538461538461537,0.010948905109489093,-0.2839056324744079,-0.21683343701654645,,3.3,-0.32205578261232926,0.7055916877432323,0.623441848018631,False,False,False
6863,97.5999984741211,2026-09-22,0.05059200076474624,-0.10867581302172513,0.0549632673560041,0.1019549524770762,,69.8,0.016813117218082763,0.3718827888575273,0.6871913847012008,False,False,False
6869,69.5,2026-09-22,0.09448818897637801,0.04354356745226906,-0.05282981201131265,-0.2105174849998821,,21.2,-0.09097996214923398,1.1871141140909296,0.5751490875814131,True,False,False
6870,299.0,2026-09-22,-0.09118541033434646,0.14779270633397323,0.22138054719479872,0.7909192341494586,,92.8,0.18323039705687738,1.4766719091195493,0.9088145896656535,False,False,False
6873,69.0999984741211,2026-09-22,0.029806259992261497,0.045982787217889065,-0.1260118883400414,-0.21321907831945264,,12.3,-0.16416203847796274,0.6879910513467811,0.5180824552546237,False,False,False
6874,68.80000305175781,2026-09-22,-0.008645510964396141,-0.00012507093451274987,-0.07196539688763404,-0.130351670381755,,24.7,-0.11011554702555537,0.7316817869595496,0.8381929338910037,False,False,False
6877,123.5,2026-09-22,0.1435185185185186,0.0786026200873362,-0.10147836450930481,0.1753173505080745,,48.6,-0.13962851464722614,0.5700326593287917,0.6666450867836641,True,False,False
6878,21.450000762939453,2026-09-22,0.04634150063119291,0.048899753676892255,1.2113403283215618,1.0046730042336902,,98.0,1.1731901781836405,0.19291640087320516,0.7383821454829715,False,False,False
6881,215.5,2026-09-21,0.011737089201877993,-0.020454545454545503,-0.08686440677966101,-0.019292354873335582,,31.2,-0.12501455691758234,0.4545496025408817,0.841625411769305,False,False,False
6882,12.550000190734863,2026-09-22,-0.03831417568522233,-0.11619715779529027,-0.3377308873106265,-0.03831417568522233,,4.4,-0.37588103744854784,0.6379041325832806,0.530655407744771,False,False,False
6884,31.899999618530277,2026-09-21,-0.0139103207671184,0.04590162683705823,-0.018461550199068366,-0.018461550199068366,,45.9,-0.0566117003369897,0.576643351943507,0.4907692249004658,False,False,False
6887,39.0,2026-09-22,0.0497980726281364,0.048387075272691815,0.15898994041928582,-0.03034322150404689,,73.8,0.12083979028136449,0.23848443864850755,0.5503283523086399,False,False,False
6890,148.5,2026-09-22,0.0,-0.09174311926605505,-0.3739561374786995,-0.06751419961993821,,2.5,-0.4121062876166208,0.5382983190076723,0.537227950990191,False,False,False
6894,370.0,2026-09-22,0.049645390070921946,0.12804878048780477,-0.015957446808510634,0.010928961748633892,,49.7,-0.05410759694643197,1.553987817737282,0.9046454767726161,False,False,False
6895,143.0,2026-09-22,-0.020547945205479423,0.03623188405797095,-0.0714285714285714,-0.07706910177783144,,29.0,-0.10957872156649273,0.5109030965605825,0.5029813984352677,False,False,False
6898,88.5999984741211,2026-09-22,0.10749998092651358,0.2054421561104911,-0.05744682474339258,-0.18673764394675196,,22.5,-0.09559697488131391,1.1124165364157779,0.6893078560225422,True,False,False
6899,50.20000076293945,2026-09-22,0.021363157771372432,0.008032159277248097,-0.09073818180235282,0.028015300361182494,,35.3,-0.12888833194027416,0.6639675162778139,0.7978394311365737,False,False,False
6901,15.350000381469728,2026-09-22,0.01655629097246858,-0.07530120308884747,-0.18997362725759104,0.10431660451317137,,24.5,-0.22812377739551237,0.26871350703470875,0.7292161965709043,False,False,False
6902,169.5,2026-09-22,0.3614457831325302,0.34523809523809534,0.25555555555555554,1.2569907249519914,,95.4,0.2174054054176342,5.667208241492398,1.0,True,True,False
6903,303.5,2026-09-22,0.04475043029259895,-0.003284072249589487,-0.2157622739018088,0.013899527065168726,,15.0,-0.25391242403973013,0.3217255838234647,0.7148693008366952,False,False,False
6904,120.0,2026-09-21,-0.020408163265306145,-0.040000000000000036,0.007403486660421121,-0.008587084182772875,,52.1,-0.030746663477500213,1.1144648247039701,0.9427775645572257,False,False,False
6906,82.80000305175781,2026-09-22,-0.0024096017860504304,0.15966388350491822,-0.07026780952074185,0.23828359837838686,,60.6,-0.10841795965866319,0.6585503937998028,0.7117529496127147,False,False,False
6908,29.600000381469727,2026-09-22,-0.0166112954705413,-0.021487590695215664,-0.23116882126052662,-0.5294603397337628,,1.2,-0.26931897139844796,1.0338902512200283,0.43755477567166773,False,False,False
6909,41.900001525878906,2026-09-22,0.038413955647406794,0.04750003814697257,-0.2825342391932699,-0.025154915644538645,,7.4,-0.32068438933119126,0.6393823586591841,0.6391948025647323,False,False,False
6914,120.5,2026-09-22,0.008368200836819994,0.0302925733458832,0.0627143874879661,0.023354564755838636,,64.8,0.02456423735004476,0.3066378657157586,0.964,False,False,False
6916,18.149999618530277,2026-09-22,0.011141997052376285,-0.0268096520228992,-0.14588237089269285,0.016806679588196705,,24.5,-0.18403252103061418,0.4642987624525718,0.81390135603084,False,False,False
6920,99.5999984741211,2026-09-22,0.07096772552818376,0.24499998092651376,-0.018719226855949844,1.3827751266036903,,93.2,-0.05686937699387118,0.9295959593920515,0.7603053318635198,True,False,False
6921,68.0,2026-09-22,0.13522534670757236,-0.013062431145823172,-0.024390201186157423,-0.01449275362318836,,45.0,-0.06254035132407876,1.081422535079264,0.6538461538461539,False,False,False
6922,204.0,2026-09-22,0.12396694214876036,-0.004878048780487809,0.17332574130048606,0.28885321526331587,,85.4,0.13517559116256472,0.6129830670921382,0.9577464788732394,False,False,False
6923,76.0999984741211,2026-09-22,0.0013157693963301575,-0.007822666205918871,0.016021320744934453,0.005091266642771819,,54.8,-0.022128829392986882,1.0636409181274817,0.6328054212809486,False,False,False
6924,135.0,2026-09-22,0.0546875,0.21402881029606013,0.1726741070851645,0.9309093444723666,,93.0,0.13452395694724317,0.7819346776359422,0.7454207399004529,False,False,False
6925,56.400001525878906,2026-09-22,-0.07084018423416438,0.11904761544340792,-0.09904148721034345,-0.22277340095231657,,14.7,-0.13719163734826478,5.6938359385619846,0.41919727820023156,False,False,False
6927,68.9000015258789,2026-09-22,-0.025459625177650547,-0.032303307878443155,0.08333338331626527,0.8107753720733477,,90.8,0.04518323317834394,0.7328608264883465,0.8527227589551432,False,False,False
6928,46.0,2026-09-22,0.01098901098901095,-0.03664921465968585,-0.04958680682263317,0.008771963580348041,,42.0,-0.0877369569605545,0.14474973171869626,0.6609195547195863,False,False,False
6933,318.5,2026-09-22,0.11363636363636354,0.6375321336760926,1.2307386903637854,1.5980489132132694,,98.3,1.192588540225864,2.517129230851062,0.9218523878437048,False,False,False
6937,301.5,2026-09-22,0.08648648648648649,0.15738963531669858,0.12054490895103043,0.21000955987641912,,80.8,0.08239475881310909,1.0713854171708925,0.862325423553654,False,False,False
6940,14.600000381469728,2026-09-22,-0.14117644814883956,-0.27182040214330816,-0.4480151243728284,-0.27182040214330816,,0.6,-0.48616527451074976,2.124858203863941,0.39620084086904306,False,False,False
6944,722.0,2026-09-22,0.04486251808972508,0.02411347517730489,-0.04081957326001473,0.2360572137561956,,65.2,-0.07896972339793606,0.5564746570919453,0.8709288299155609,False,False,False
6947,68.5,2026-09-22,0.028528552093243675,-0.021428571428571463,-0.2594594594594595,-0.1092327875058895,,6.4,-0.2976096095973808,0.1650229274946518,0.7287234042553191,False,False,False
6951,69.30000305175781,2026-09-22,-0.008583668970292613,-0.02668530867867236,0.012133514455954009,0.04052690242636747,,57.5,-0.026016635681967326,0.8589772312822382,0.9415761479414265,False,False,False
6952,38.45000076293945,2026-09-22,-0.007741915795110854,0.015852108665964648,0.07703081067871587,-0.022871607270163574,,63.3,0.03888066054079453,0.9981396217470317,0.7791287122957553,False,False,False
6953,237.5,2026-09-22,0.057906458797327476,0.06263982102908283,0.017130620985010614,0.1398757156995527,,67.0,-0.02101952915291072,0.701848678803108,0.811965811965812,False,False,False
6957,303.0,2026-09-22,0.23673469387755097,0.4060324825986079,0.6274161494684265,0.9670949041133996,,96.5,0.5892659993305052,2.8158653217819376,1.0,True,True,False
6958,17.5,2026-09-22,0.02040818596238081,-0.011299477645120626,0.05024919700643071,0.07481638291833104,,67.2,0.012099046868509378,0.7455756136504219,0.9166763329389894,False,False,False
6959,128.0,2026-09-22,0.1327433628318584,0.23076923076923084,-0.05535055350553508,0.4206437532489493,,74.9,-0.09350070364345642,1.589392865573505,0.6023529411764705,True,False,False
6962,31.899999618530277,2026-09-22,0.04418986629079935,0.017543835099461225,-0.15399127970148074,0.08001108115167788,,28.1,-0.19214142983940208,0.4954522039654061,0.7164894576819016,False,False,False
6965,69.19999694824219,2026-09-22,0.002898506496263664,-0.08344374902990481,-0.12515804951776144,-0.11744310006145664,,17.5,-0.16330819965568277,0.7180224299571153,0.7332687121246418,False,False,False
6968,41.54999923706055,2026-09-22,0.0,-0.010714303879510778,0.02217306594495727,-0.07025758585327302,,48.9,-0.015977084192964064,1.190149772373963,0.7014108154121939,False,False,False
6969,32.25,2026-09-22,0.0015527713004930277,-0.05976674293466333,0.27470359575184444,0.14768681715986554,,86.4,0.2365534456139231,0.33139312978288255,0.8164556962025317,False,False,False
6977,214.0,2026-09-22,0.06203473945409432,0.07537688442211055,-0.06819420930108644,-0.014502819354378582,,35.4,-0.10634435943900777,0.2933409071606458,0.6505490378675308,True,False,False
6982,43.5,2026-09-22,-0.007981721466367775,-0.08421052631578951,-0.2090909090909091,-0.1514635593921575,,8.3,-0.24724105922883044,0.6529658342726589,0.6263007261361221,False,False,False
6988,11.899999618530272,2026-09-22,0.008474527642289953,0.012765924981299692,-0.12500005259233238,-0.1678322056079118,,15.0,-0.1631502027302537,1.3969533352260879,0.5666666485014415,False,False,False
6994,27.299999237060547,2026-09-22,0.045976966975172395,-0.22662890008227,-0.45508981899146705,-0.610556350480679,,0.2,-0.4932399691293884,0.6690897590022996,0.26896550972473443,False,False,False
6997,67.0,2026-09-22,0.004497797083718114,-0.021897810218978075,-0.009992266466451571,-0.1422315456678065,,34.1,-0.048142416604372906,0.8161698192855851,0.6600051556890324,False,False,False
7402,100.0,2026-09-22,0.010101010101010166,-0.05213270142180093,0.004484359918260017,-0.16723662679751872,,34.6,-0.03366579021966132,0.08998396241934764,0.6271748860556369,False,False,False
7419,51.900001525878906,2026-09-22,0.059183704609773624,0.027722802492651688,-0.34220531657586983,-0.49365852169874236,,0.5,-0.38035546671379117,0.7147813973410991,0.2369863083373466,False,False,False
7507,17.700000762939453,2026-09-22,-0.03804341685343671,-0.11278195057414542,-0.16509433368127446,-0.47941174226648664,,2.6,-0.2032444838191958,0.8309001586706675,0.4009060056898173,False,False,False
7516,8.329999923706055,2026-09-22,0.0,-0.004778968028666286,-0.1004319959167086,-0.10909095359879972,,21.8,-0.13858214605462993,0.5219946892565254,0.6358778382548022,False,False,False
7547,51.79999923706055,2026-09-22,0.01768168338313414,0.005825227904088237,-0.08304401862535526,-0.22838285227417243,,16.4,-0.1211941687632766,1.4822120073401253,0.5492331437848831,True,False,False
7551,13.0,2026-09-22,0.023622062617355555,0.015624984866008385,-0.04411767387060084,-0.04411767387060084,,37.6,-0.08226782400852217,1.157815456232447,0.6896551584571584,False,False,False
7556,258.5,2026-09-22,0.0838574423480083,0.04868154158215021,-0.018233182554013183,0.6246936506921157,,84.7,-0.05638333269193452,0.8824102180553935,0.8632776722103576,False,False,False
7558,17.799999237060547,2026-09-22,0.040935604676908044,-0.011111153496636272,-0.1523809887114025,0.036057700580680585,,25.4,-0.19053113884932382,0.1511974118026677,0.6736205282799218,False,False,False
7578,23.75,2026-09-22,0.0021096723818985197,-0.07226563882431924,-0.22441270245443024,-0.3394723795436657,,3.0,-0.26256285259235157,0.48670515633868505,0.5501877829347868,False,False,False
7590,15.100000381469728,2026-09-22,0.01683501640255569,-0.11402591687851471,-0.24950249642893296,-0.1798277221010336,,5.1,-0.2876526465668543,1.2070191398298808,0.4831327793739642,False,False,False
7610,1905.0,2026-09-22,0.1510574018126889,0.11403508771929816,0.016242416159688133,5.413872524480853,,98.7,-0.0219077339782332,1.8396574552053147,0.7326923076923076,False,False,False
7702,22.899999618530277,2026-09-22,0.07009345919338927,0.12254902189944805,0.11980434054705946,-0.07039610424402254,,66.6,0.08165419040913813,2.674877573217983,0.5003250434745647,True,True,False
7704,62.09999847412109,2026-09-22,0.011400601479580441,-0.0016077538198030483,-0.037209325982618835,0.4257024078212479,,76.4,-0.07535947612054017,0.632942069210681,0.917106549849227,False,False,False
7711,537.0,2026-09-22,0.14743589743589736,0.07939698492462322,0.6316697421251263,1.034328657933226,,96.8,0.5935195919872049,1.2750319733065796,0.8136363636363636,False,False,False
7721,62.09999847412109,2026-09-22,0.0799999734629755,0.02306421241491008,-0.14943500802802212,0.24559024042382882,,46.1,-0.18758515816594346,0.7537513012214268,0.6858200577888619,False,False,False
7722,260.5,2026-09-22,-0.013257575757575801,-0.06294964028776984,-0.17364049100256518,-0.1305038181250906,,11.5,-0.2117906411404865,0.3681480817929809,0.4526537582123747,False,False,False
7728,576.0,2026-09-22,-0.09291338582677167,0.0013081368360574608,-0.1519533090070202,-0.2693948768988821,,8.1,-0.19010345914494153,2.9465868769291594,0.6532278009494425,False,False,False
7730,172.0,2026-09-22,0.01775147928994092,0.052932594312784964,0.011871241398186294,0.12814213307907196,,65.0,-0.02627890873973504,0.9452301681963992,0.7896994457345887,False,False,False
7740,120.0,2026-09-22,-0.028340080971659964,-0.13669064748201443,-0.12229286524786132,-0.24733604264743558,,11.1,-0.16044301538578265,1.0730972676960377,0.5771477292758895,False,False,False
7742,98.5999984741211,2026-09-22,-0.002024337767802753,-0.04734300991187346,-0.32000001052330285,-0.18174275125210715,,2.4,-0.3581501606612242,0.2859347594781643,0.3546762535040327,False,False,False
7749,380.0,2026-09-22,0.07801418439716312,-0.005235602094240788,-0.16042228901141686,-0.0007082286539281668,,21.0,-0.1985724391493382,0.9876508674096766,0.7145670719222262,True,False,False
7750,1945.0,2026-09-22,0.02910052910052907,-0.09112149532710279,-0.07380952380952377,0.5696541516811671,,79.4,-0.1119596739474451,0.4644435012601393,0.6335504885993485,False,False,False
7765,241.0,2026-09-22,0.025531914893617058,0.0758928571428572,0.0855855855855856,0.12671050283086993,,74.5,0.047435435447664265,3.3109296013474547,0.8099937986983217,False,False,False
7769,6155.0,2026-09-22,0.0032599837000815146,-0.015987210231814597,-0.09923690414421593,0.6756131493222943,,81.6,-0.13738705428213727,2.0677187455790627,0.7546344793120033,False,False,False
7786,118.0,2026-09-22,-0.012552301255230103,-0.028806584362139898,-0.024516299282626886,-0.0434210214632097,,41.8,-0.06266644942054822,0.6631794196344798,0.4736993791754024,False,False,False
7788,290.5,2026-09-22,0.035650623885918,0.14822134387351782,0.14920880934563718,1.0932017643921443,,93.5,0.11105865920771585,0.5838909966961607,0.8671641791044776,False,False,False
7795,505.0,2026-09-22,0.08369098712446355,-0.1109154929577465,0.20525059665871126,0.259534033360316,,86.1,0.16710044652078992,0.9656307994831446,0.7582582582582582,False,False,False
7812,70.0,2026-09-22,,,,,,,,,,False,False,False
7815,352.5,2026-09-22,0.1519607843137254,0.3377609108159392,-0.13496932515337423,-0.011908201985196487,,24.1,-0.17311947529129557,0.9379387115073802,0.6074057869805558,True,False,False
7819,34.349998474121094,2026-09-22,0.005856425748345329,-0.015759399074810276,-0.1642335827396728,-0.5726765527399558,,1.7,-0.20238373287759415,0.34753610067697666,0.2515791578212372,False,False,False
7823,80.0,2026-09-22,-0.0037360278998301855,-0.04534609681828772,-0.006211180124223614,-0.01599019683837155,,48.5,-0.04436133026214495,1.0448423680515067,0.5405405405405406,False,False,False
7828,1920.0,2026-09-22,0.04065040650406515,0.2387096774193549,-0.16521739130434787,0.3951936257999551,,57.4,-0.2033675414422692,1.2083605572368823,0.8258064516129032,False,False,False
7833,24.950000762939453,2026-09-22,0.1880952744256883,-0.0019999694824218706,0.03526972481391688,-0.21786830528843215,,35.9,-0.002880425324004454,1.4164613062678175,0.3988776769749055,True,False,False
7861,1190.0,2026-09-22,0.02145922746781115,0.15533980582524265,0.05338308093761168,0.5095830887943595,,85.3,0.015232930799690347,0.9219923421729311,0.8479359803324723,False,False,False
8011,16.049999237060547,2026-09-22,0.04220776848254948,-0.003105661069842447,-0.08547008918566967,-0.17402255304772019,,19.0,-0.12362023932359101,0.8376153062241058,0.6687272218663726,False,False,False
8016,282.0,2026-09-22,0.029197080291970767,-0.045685279187817285,-0.14674735249621784,0.5098480810071235,,70.2,-0.18489750263413918,0.34635813970446033,0.7768595041322314,False,False,False
8021,477.0,2026-09-22,0.10544611819235228,0.2277992277992278,-0.14014801898873241,1.0733226808666543,,88.2,-0.17829816912665375,1.7987615422100136,0.8243330719221736,True,False,False
8024,12.699999809265137,2026-09-22,-0.015503861641813055,-0.03422051880754573,-0.23493978810735983,-0.007812529685906622,,11.6,-0.27308993824528116,0.5043006549828629,0.7277936535245069,False,False,False
8027,181.0,2026-09-22,0.10365853658536595,0.08059701492537319,-0.223175965665236,0.5877192982456141,,64.3,-0.26132611580315734,1.012871640287047,0.6177474402730375,False,False,False
8028,263.5,2026-09-22,0.16335540838852092,0.08659793814432981,-0.1274834437086093,0.46481000778518267,,69.6,-0.16563359384653065,2.1021731456386354,0.7457588178507739,True,False,False
8032,35.79999923706055,2026-09-22,0.027259707447186976,0.0028010776466118603,-0.18325538447613843,0.06923600665643836,,23.0,-0.22140553461405976,0.6572286708743492,0.7690016794746822,False,False,False
8033,169.5,2026-09-22,0.018018018018018056,-0.08378378378378382,0.22382671480144412,0.15306122448979598,,84.9,0.18567656466352278,0.21654762082547785,0.6289424860853432,False,False,False
8034,20.950000762939453,2026-09-22,0.06615782033823825,0.14168939114002788,-0.04268876046105374,-0.056976998957370295,,36.6,-0.08083891059897508,1.1672703690318211,0.7625479177038407,True,False,False
8038,32.25,2026-09-22,-0.022727272727272707,0.05220229694562217,-0.20761672247028173,-0.2330558719350313,,5.8,-0.24576687260820307,0.8800197123766395,0.5512820512820513,False,False,False
8039,262.5,2026-09-22,-0.02777777777777779,-0.009433962264150941,0.8561775315035618,1.4214678938597785,,97.7,0.8180273813656405,0.5129099583546832,0.7446808510638298,False,False,False
8040,85.0999984741211,2026-09-22,0.09664948643653881,0.22446040969958414,-0.2695279100933812,0.7122735848643869,,66.8,-0.3076780602313025,2.224999422443976,0.6807999877929688,True,False,False
8042,111.5,2026-09-22,0.013636363636363669,0.1262626262626263,-0.44389027431421446,1.1148920559831383,,71.0,-0.4820404244521358,0.4650009496554167,0.5296912114014252,False,False,False
8043,131.0,2026-09-22,0.01945525291828787,-0.029629629629629672,-0.3374028202390137,0.8676604937526315,,68.4,-0.375552970376935,0.161840672718754,0.5821493824862544,False,False,False
8044,23.649999618530277,2026-09-22,0.008528735568610557,-0.06336635174137517,-0.22459017644163026,0.03728071973301139,,15.4,-0.2627403265795516,2.530838661953247,0.6661971723529655,False,False,False
8045,53.79999923706055,2026-09-22,0.022813703379285455,0.01127816664504766,-0.09536154404251895,-0.23131137353205777,,14.5,-0.1335116941804403,1.7480117200314826,0.5528346040938467,False,False,False
8046,1165.0,2026-09-22,0.07373271889400912,0.026431718061673992,0.1148325358851674,1.3776882945188573,,94.6,0.07668238574724606,0.8651043175366447,0.823321554770318,False,False,False
8047,45.79999923706055,2026-09-21,-0.019271980967356606,-0.020320871934533802,-0.03578948974609375,-0.08764943145433657,,34.5,-0.07393963988401508,0.30409756062249427,0.7633333206176758,False,False,False
8048,49.09999847412109,2026-09-22,0.011328511754964188,-0.04101566909230259,-0.1724092390651939,-0.08749117800212913,,14.0,-0.21055938920311523,0.5944608232004318,0.7138674509448963,False,False,False
8049,24.450000762939453,2026-09-22,-0.004073257728258395,0.0,-0.05260666085073262,0.024462981458182265,,43.0,-0.09075681098865396,0.8723340155481412,0.9187355193807994,False,False,False
8050,59.29999923706055,2026-09-22,0.04035086380807984,0.03130433455757475,0.13480352525442685,0.5121396638420532,,87.9,0.09665337511650551,0.393059672060827,0.8594202787979789,True,False,False
8054,86.0999984741211,2026-09-22,0.06956519843628683,0.06956519843628683,-0.3376923194298378,-0.11237114975132889,,3.0,-0.37584246956775913,1.0730254037965274,0.5590908991826045,True,False,False
8059,18.149999618530277,2026-09-22,-0.18718775859960035,-0.18718782802747913,-0.35552171012267175,-0.42065512822378304,,0.6,-0.3936718602605931,1.2969836655977574,0.3788411613070179,False,False,False
8064,134.0,2026-09-22,0.2407407407407407,0.38144329896907214,-0.0658256162940638,1.089600744295391,,90.5,-0.10397576643198514,2.272108368804247,0.7825403218620235,False,False,False
8066,15.199999809265137,2026-09-22,0.04827584891483694,0.03401360588350877,-0.01298700092333005,-0.20209971558977724,,28.0,-0.051137151061251385,0.9129976733030578,0.6696034933215073,False,False,False
8067,11.550000190734863,2026-09-22,-0.07599998474121095,-0.06097560881055497,-0.15384611622586408,-0.19512195932416332,,10.5,-0.19199626636378542,1.2102887062636836,0.6543909597940626,False,False,False
8068,17.649999618530273,2026-09-22,0.11006289572236883,0.03823527167825147,-0.06366051663951688,-0.2031602743792098,,20.2,-0.10181066677743822,0.8723042741064398,0.6107266384603458,True,False,False
8069,145.0,2026-09-22,-0.006849315068493178,-0.08517350157728709,-0.23734452601808842,0.05536480515101605,,14.8,-0.27549467615600975,0.7616900047565333,0.6018546256896071,False,False,False
8070,49.900001525878906,2026-09-22,0.009100116400335923,0.018367378079161334,-0.11681413228532911,0.15783039293429724,,43.5,-0.15496428242325044,0.42893569680636945,0.7925730355834227,False,False,False
8071,21.850000381469727,2026-09-22,0.035545023054059266,-0.07218679026178221,-0.29058438562626987,0.3323171274212424,,26.7,-0.3287345357641912,0.1700179532656863,0.6464497300198737,False,False,False
8072,27.299999237060547,2026-09-22,0.012986956000476058,0.04198467336218825,-0.06045477651615805,0.041820395105379715,,43.1,-0.09860492665407938,2.148172655903658,0.8089780175744103,False,False,False
8074,51.70000076293945,2026-09-22,0.05834191152182311,-0.03544771950131642,-0.24963716084213894,-0.06402771443354416,,8.5,-0.2877873109800603,0.4664921445748919,0.564410498080366,False,False,False
8076,21.399999618530277,2026-09-22,0.016627097109510602,-0.049015875921920915,-0.12449082642866871,-0.117486709517446,,17.6,-0.16264097656659005,0.5940012200391794,0.7714276815275747,False,False,False
8080,28.149999618530277,2026-09-22,-0.03264607389986118,0.005357129233224178,0.005357129233224178,-0.03924913476023839,,48.5,-0.03279302090469716,0.527861093456301,0.5895287878226236,False,False,False
8081,252.0,2026-09-22,0.024390243902439046,-0.0039525691699604515,-0.18352966767849554,0.14060556049520367,,28.2,-0.22167981781641688,0.2635628089178673,0.7777777777777778,False,False,False
8084,40.79999923706055,2026-09-22,-0.008505523106681956,-0.10520505747934195,-0.1856287329402696,-0.05555558989567955,,14.5,-0.22377888307819094,1.21028909335648,0.6153845755513705,False,False,False
8085,14.5,2026-09-22,0.03202845574065427,0.146245093854372,0.19834706965841886,-0.09937890332668842,,74.4,0.16019691952049753,0.32536607245652677,0.6807511980925797,False,False,False
8086,110.0,2026-09-22,0.037735849056603765,-0.0036721567044847303,-0.25854668790484336,-0.0777791842643617,,7.3,-0.2966968380427647,0.6803653729205447,0.623400683868032,False,False,False
8087,24.799999237060547,2026-09-22,0.03333330154418945,-0.06060607593140577,-0.24848487160422583,-0.27272726255745816,,3.7,-0.28663502174214717,0.8067069442474533,0.6383526437865994,False,False,False
8088,42.20000076293945,2026-09-22,0.034313763530839037,-0.08855288426958063,-0.35035211722520354,-0.20292283131333444,,1.6,-0.3885022673631249,0.35063274206980705,0.5909929653393458,False,False,False
8089,19.149999618530277,2026-09-22,0.06685230109117368,0.049315047590700045,-0.04726371865222745,-0.17811157744285921,,25.0,-0.08541386879014878,1.5683992807597407,0.5134048260114497,False,False,False
8091,215.5,2026-09-22,0.056372549019607865,-0.0023148148148147696,-0.18371212121212122,0.4186458353632456,,56.2,-0.22186227135004255,0.4239693260458045,0.7305084745762712,False,False,False
8092,12.800000190734863,2026-09-22,0.00787404590327423,-0.003891065311326214,-0.10175437258000963,0.015873000254767122,,31.9,-0.13990452271793097,1.402754244903184,0.6719160474207939,False,False,False
8093,24.100000381469727,2026-09-22,-0.014314943580707173,-0.11721607857214622,0.23589745545998597,0.24547803133630808,,86.8,0.19774730532206464,0.7693415413434909,0.726633233047043,False,False,False
8096,84.19999694824219,2026-09-22,-0.020930268043695466,-0.20170843070930744,-0.4558269803611259,-0.012614807867508904,,1.4,-0.49397713049904723,0.6630330736829286,0.4992265700203377,False,False,False
8097,49.25,2026-09-22,0.019668753166574016,-0.003036468041409335,-0.16666664515117102,-0.10291441473304141,,13.6,-0.20481679528909236,2.6248327098997932,0.7253313533612988,False,False,False
8099,60.59999847412109,2026-09-22,0.03061223231999688,0.08195341517060206,0.06723296697051073,0.03896190701607316,,67.0,0.029082816832589398,0.3315009199469397,0.7524375946590417,False,False,False
8101,11.350000381469728,2026-09-22,-0.03813557643994503,-0.20070418775187993,-0.20629369020403754,-0.17753621560889776,,7.4,-0.24444384034195887,0.2822778540714559,0.6168478596075277,False,False,False
8102,61.0,2026-09-22,0.008264462809917328,-0.13105409327902484,-0.13105409327902484,0.15414858180209845,,39.9,-0.16920424341694618,0.21137173282939847,0.7493857353381832,False,False,False
8103,122.5,2026-09-22,0.07456140350877183,0.26028810541249037,0.20328853341191233,0.548349270392557,,90.3,0.165138383273991,3.030953274019732,0.928030303030303,False,False,False
8104,30.75,2026-09-22,0.0640138548750544,0.0,-0.2135549565212299,-0.059633049463090115,,11.4,-0.25170510665915125,0.5025667124085691,0.689461906996309,False,False,False
8105,15.300000190734863,2026-09-22,0.08127212743515533,0.1086956506715906,-0.39165008259236833,0.19531249708961695,,7.6,-0.42980023273028967,0.41947357522565676,0.6083499174076317,False,False,False
8109,131.0,2026-09-22,0.035573122529644285,0.01945525291828787,0.09623430962343105,0.36426674056987274,,84.0,0.05808415948550971,0.3658770170422787,0.8111455108359134,False,False,False
8110,48.95000076293945,2026-09-22,0.20864199414665308,0.0746432839259541,-0.2022389496568625,-0.057598152438511296,,12.3,-0.24038909979478384,3.3648448347569495,0.5729374816100714,False,False,False
8111,77.5,2026-09-22,0.13803233093244538,0.22820922145956501,0.4116575199632344,0.29049970135673564,,91.6,0.3735073698253131,2.0042718465179736,0.9615384797418274,False,False,False
8112,82.19999694824219,2026-09-22,-0.004842633574675292,-0.13836482564474584,-0.09877754955163542,0.08078492976579899,,39.2,-0.13692769968955676,0.33408859183859413,0.8219999694824218,False,False,False
8114,176.0,2026-09-22,0.0,-0.09974424552429673,-0.06878306878306883,0.05520064558028448,,42.7,-0.10693321892099017,0.3616009475642619,0.6975390361626626,False,False,False
8119,9.859999656677246,2026-09-22,0.001015154804087981,0.001015154804087981,-0.014000034332275368,0.20390722366994152,,67.3,-0.0521501844701967,0.5269255416202361,0.5749271064719844,False,False,False
8121,27.950000762939453,2026-09-22,0.07293672097985437,0.03136532728800012,-0.4324872941535136,0.14549185245532437,,4.3,-0.47063744429143495,0.30981942975312565,0.513786764319174,False,False,False
8131,61.400001525878906,2026-09-22,0.06782611349354628,-0.016025640633762994,-0.17136011474364155,0.0371808878932407,,22.2,-0.20951026488156288,0.3565600416471589,0.7295528035557425,False,False,False
8147,137.5,2026-09-22,0.061776061776061875,0.15062761506276146,-0.0019254403569818335,0.031098999440809072,,53.8,-0.04007559049490317,0.6336211970744754,0.7361126858865881,False,False,False
8150,105.5,2026-09-22,0.24999997740108304,0.20296469408388718,0.11299922232254644,0.8712421657163696,,91.5,0.07484907218462511,1.1417868727491978,0.8612244897959184,True,False,False
8155,344.5,2026-09-22,0.09888357256778302,0.08333333333333326,-0.10688988849668313,0.3986103815008277,,67.9,-0.14504003863460446,0.6088579343667428,0.7659421730953199,False,False,False
8162,59.79999923706055,2026-09-22,0.017006802941754495,-0.011570260544453759,-0.2880952471778506,0.5709379784476942,,51.1,-0.32624539731577196,0.47739210274315297,0.6937355145495745,False,False,False
8163,30.299999237060547,2026-09-22,0.043029261026806154,-0.016233766635889046,-0.3066361851701158,0.10257224793429831,,10.1,-0.34478633530803715,0.48307293256827927,0.6688741666086322,False,False,False
8171,20.600000381469727,2026-09-22,0.040404099759346446,0.045685258054578126,-0.007228897278567348,-0.20309477456578306,,29.1,-0.04537904741648868,1.0852730455947914,0.6623794253630877,True,False,False
8176,9.770000457763672,2026-09-22,-0.014127082926746692,-0.017102528148504548,-0.022999954223632768,-0.1755274140715326,,28.8,-0.0611501043615541,0.5964610292874979,0.7028777500640472,False,False,False
8182,39.70000076293945,2026-09-22,0.0461133060558192,0.001261014757538259,-0.18114173382613763,0.47303826756681344,,61.4,-0.21929188396405896,0.18126019227188486,0.6765989566047298,False,False,False
8183,28.200000762939453,2026-09-22,0.023593522463859706,-0.030927821537190536,-0.10019816437022755,-0.15421269514850178,,18.3,-0.13834831450814888,2.018511790763839,0.7105445755774953,False,False,False
8201,12.300000190734863,2026-09-22,0.06034480915908769,0.04237288067101819,-0.0681817902677968,-0.0538461391742413,,31.6,-0.10633194040571814,0.6108940729051788,0.7432024627041295,True,False,False
8210,898.0,2026-09-22,0.027459954233409523,-0.07135470527404342,-0.3011673151750973,0.04561017447952875,,8.7,-0.33931746531301865,0.7173180640593247,0.5836589187338206,False,False,False
8213,33.25,2026-09-22,0.029411789021017487,0.018376675224518024,-0.0652034445192553,0.06647846888312947,,44.8,-0.10335359465717664,0.4785128425857442,0.8240969482663666,False,False,False
8215,28.350000381469727,2026-09-22,0.15714287271305016,0.1886792422651815,-0.02869123815169905,0.21362261029416274,,65.3,-0.06684138828962038,5.058049648452682,0.880434773594761,False,False,False
8222,35.25,2026-09-22,0.029197080291970767,-0.08914730477843558,0.00984582014368196,-0.028782098248542942,,50.7,-0.028304329994239374,0.12964764116499278,0.694269053511058,False,False,False
8227,305.0,2026-09-22,0.222444889779559,1.0333333333333332,0.6944444444444444,1.533072318757978,,97.6,0.6562942943065231,1.2952612609812626,1.0,True,True,False
8234,61.09999847412109,2026-09-22,-0.003262655227221356,-0.08383235314002968,-0.11546983098441599,-0.0394555510804373,,25.2,-0.15361998112233732,0.32379055446404187,0.660309821677986,False,False,False
8240,51.900001525878906,2026-09-22,0.059183704609773624,0.24162685342500034,-0.022058761691841067,-0.02385316177315211,,44.6,-0.0602089118297624,1.1635579709811041,0.711229940373941,False,False,False
8249,39.25,2026-09-22,0.05795152599207354,-0.018750000000000044,-0.20304568527918787,-0.1744843451600938,,7.9,-0.2411958354171092,0.5343224339480211,0.6371386463558115,False,False,False
8261,176.5,2026-09-22,0.06969696969696959,-0.005633802816901401,-0.29912765293127963,0.6973733870915675,,60.8,-0.33727780306920097,0.4382652020813376,0.5087297808448576,False,False,False
8271,201.5,2026-09-22,0.010025062656641603,-0.1443736730360934,0.008393207178905016,0.343429405809762,,76.9,-0.02975694295901632,0.32345876065796136,0.7916177207219326,False,False,False
8277,16.0,2026-09-22,-0.14318087082590136,-0.13890229908124418,-0.34930260270178093,-0.14530451312328108,,2.2,-0.38745275283970226,1.941236764812463,0.4192943809028351,False,False,False
8284,69.0,2026-09-22,0.0,0.028315969733019974,0.11942052330619113,0.16547263503998666,,78.8,0.0812703731682698,0.26359520399066444,0.9985528440473331,False,False,False
8289,44.29999923706055,2026-09-22,0.04235292322495399,-0.019911537847071004,-0.23620690970585267,0.20969904762460323,,25.7,-0.274357059843774,0.34456854911041895,0.5864723862060718,False,False,False
8291,29.450000762939453,2026-09-22,-0.003384043204836318,-0.11295180463327148,-0.3611713288998991,1.1035714830671037,,77.6,-0.39932147903782045,0.5398325011803634,0.22142857716495828,False,False,False
8298,38.5,2026-09-22,-0.08767774161247976,0.03494621533329845,-0.20723062218516075,0.0711950770137344,,19.1,-0.24538077232308209,0.2886395733875551,0.6888892696126449,False,False,False
8299,2185.0,2026-09-22,0.13802083333333326,0.023419203747072626,-0.11072478767612348,0.3062054669594494,,59.4,-0.14887493781404482,0.9608949859552433,0.7642208666070075,True,False,False
8341,74.69999694824219,2026-09-22,0.006738544751541786,-0.02352945165696485,0.0016842607100127083,0.03052860086148601,,54.3,-0.036465889427908627,0.623377067925936,0.8604631787792892,False,False,False
8342,83.5,2026-09-22,0.006024096385542244,-0.036908847299643055,-0.051136363636363646,0.03224657617451698,,44.2,-0.08928651377428498,1.9525764286485903,0.912568306010929,False,False,False
8345,51.0,2026-09-22,-0.009708737864077666,-0.019230769230769273,-0.037735849056603765,0.15566199731530928,,58.7,-0.0758859991945251,0.6973202385017633,0.9352798649269282,False,False,False
8349,37.95000076293945,2026-09-22,-0.0026280808443143178,-0.031887754481417674,-0.02851735978127401,-0.04729004759161304,,40.4,-0.06666750991919534,1.3330007228944218,0.8391956636737183,False,False,False
8354,17.350000381469727,2026-09-22,0.032738164844429596,-0.016997124280138,0.0718797388338066,0.1570620987434861,,74.7,0.03372958869588527,0.4513062453176064,0.919559912334262,False,False,False
8358,491.5,2026-09-22,0.01970954356846466,0.17865707434052758,-0.21627072588089713,1.2291170346262872,,88.3,-0.25442087601881846,0.7263373004934153,0.7053563467071926,False,False,False
8367,40.5,2026-09-22,0.0,-0.010989029415274465,0.007462667446939797,-0.053180408149287595,,47.8,-0.030687482690981538,0.8137028403407827,0.9246575503529161,False,False,False
8374,76.5,2026-09-22,0.006578947368421018,-0.06019657781358989,-0.13062415794726545,0.11128907878675309,,35.6,-0.16877430808518679,0.3081236900402639,0.6785747518825579,False,False,False
8383,66.4000015258789,2026-09-22,0.04897318050840327,0.01840497904607763,0.11090629968930221,0.5207072583212566,,87.4,0.07275614955138088,0.3372972672446654,0.7345132788174844,False,False,False
8390,90.4000015258789,2026-09-22,0.00110740277676169,-0.09599998474121096,-0.1307365664791721,0.04080324381044953,,28.9,-0.16888671661709342,0.5429506897159964,0.7249455628940533,False,False,False
8401,22.549999237060547,2026-09-22,-0.006607996512660974,-0.02591794347112919,-0.015283859707426184,-0.1105327965947338,,36.9,-0.05343400984534752,0.5177236589475869,0.7964706470435509,False,False,False
8404,13.550000190734863,2026-09-22,-0.00732596561099208,-0.16358027453103363,-0.15592117387048166,-0.2761914751583614,,7.5,-0.194071324008403,0.8857230221826876,0.49891086043886385,False,False,False
8410,28.700000762939453,2026-09-22,-0.01880339272001874,-0.0761306850300979,-0.08174692746314649,-0.1688987788659625,,20.0,-0.11989707760106783,1.0096526382791113,0.7201555762779582,False,False,False
8411,12.449999809265137,2026-09-22,-0.023529426724303026,-0.03488370717614053,0.04573410700590852,0.04139495925685144,,63.6,0.007583956867987185,1.01667016564833,0.9360901977985038,False,False,False
8415,34.95000076293945,2026-09-22,0.011577468443178418,-0.09102730638625944,0.03696122639840538,0.08958313091302661,,66.2,-0.0011889237395159569,1.9020832330589281,0.9042690655403457,False,False,False
8416,168.5,2026-09-22,-0.005899705014749235,0.0,-0.02034883720930236,0.05582867199628572,,53.1,-0.0584989873472237,1.0890160064529018,0.9357211638351938,False,False,False
8421,12.800000190734863,2026-09-22,0.011857753101024882,-0.06909089521928269,-0.019157087842611165,-0.05882354178643123,,41.5,-0.0573072379805325,0.34939757885072315,0.7596439110358284,False,False,False
8422,25.700000762939453,2026-09-22,-0.00963391108477496,-0.05514705727669611,-0.0499731050670702,-0.06973101724637865,,33.4,-0.08812325520499154,0.8685271759174747,0.5171148082052462,False,False,False
8424,68.9000015258789,2026-09-22,0.0,-0.005772027536278146,0.0014534661291492057,-0.007265289817370735,,51.2,-0.03669668400877213,0.43003564403295225,0.9693150343816429,False,False,False
8426,20.600000381469727,2026-09-22,0.014778382053408423,-0.007228897278567348,0.034876564591697745,-0.13095556696722344,,45.3,-0.0032735855462235897,0.41668896889474066,0.7152569199801191,False,False,False
8431,64.0,2026-09-22,0.06489187395833707,0.4065934065934067,0.18738401091272316,-0.016897058370260454,,76.7,0.14923386077480183,2.80133331810617,0.8121827096626278,False,False,False
8433,53.0,2026-09-22,-0.0056285035901454394,-0.058614552074243376,0.0018903302691244406,-0.043723978144790565,,47.6,-0.036259819868796894,1.0282995064830611,0.8960381796928534,False,False,False
8435,52.900001525878906,2026-09-22,-0.0018867636626621609,-0.011214924749927024,-0.00376642097908253,-0.011319046859583515,,49.8,-0.041916571117003865,1.0826340743790894,0.9327489260460083,False,False,False
8437,9.029999732971191,2026-09-22,0.005567950254306009,-0.007692378633420538,-0.10149258093587044,-0.2945312813739288,,10.8,-0.13964273107379177,0.5478666881339559,0.49344262893104046,False,False,False
8438,74.5999984741211,2026-09-22,0.1101190753264234,0.12180448833264812,-0.19996224805547635,0.22267476967242406,,32.8,-0.2381123981933977,0.7716685993481227,0.7106438897526272,True,False,False
8440,20.049999237060547,2026-09-22,0.010075508904147101,-0.029055709082498993,-0.07390302123147785,-0.13167985340287847,,24.3,-0.11205317136939918,0.7681184919472558,0.6812073341171472,False,False,False
8442,46.20000076293945,2026-09-22,0.01204817565556393,-0.0055763350044384374,0.1949999274774088,-0.04143763621819163,,76.2,0.15684977733948746,0.3467296543025052,0.6618337331860485,False,False,False
8444,4.510000228881836,2026-09-22,-0.019565147307958775,-0.14583332392603499,-0.32282277294130923,-0.48220433879110225,,0.7,-0.36097292307923057,1.375773989190995,0.31538462718370575,False,False,False
8454,241.0,2026-09-22,-0.004132231404958664,-0.03984063745019917,-0.28803545051698676,0.3925622100881605,,32.4,-0.3261856006549081,0.5183756738926188,0.5483503981797497,False,False,False
8455,22.350000381469727,2026-09-22,-0.04893615398001161,-0.07644629434486916,-0.23458904803056457,0.07451928852225409,,16.3,-0.2727391981684859,0.580418933816992,0.4822006713538201,False,False,False
8462,160.0,2026-09-22,-0.0031152647975077885,-0.0883190883190883,0.16788321167883202,0.19493498247099894,,83.3,0.1297330615409107,0.29075720121042653,0.8913649025069638,False,False,False
8463,21.149999618530277,2026-09-22,0.0,-0.00936771706632078,-0.01398606684096293,-0.03963393695149697,,44.6,-0.052136216978884264,1.176202490336822,0.7837273482949868,False,False,False
8464,375.0,2026-09-22,-0.01832460732984298,0.04022191400832176,0.05485232067510548,0.021798365122615904,,63.4,0.016702170537184147,1.1202647209890464,0.8648592038354479,False,False,False
8466,16.0,2026-09-22,0.1764705552361836,0.032579980835631295,0.013339341093289603,-0.07826195307497896,,46.1,-0.024810809044631732,1.7627195267874098,0.6372954618249094,True,False,False
8467,89.0,2026-09-22,0.05575322393946447,-0.0641429923448531,-0.24164366377898916,-0.39231050935256895,,1.8,-0.2797938139169105,0.5338169219942619,0.4729954392102708,False,False,False
8472,78.30000305175781,2026-09-22,-0.023690697865120236,0.15486724966641097,-0.023690697865120236,0.0,,46.7,-0.06184084800304157,0.9986195296738494,0.8492408421196873,False,False,False
8473,38.650001525878906,2026-09-22,0.021136144887953012,-0.021936161473409155,-0.1215173015345905,0.10450557460013465,,37.0,-0.15966745167251184,0.6867954102937754,0.7780847220445252,False,False,False
8476,19.5,2026-09-22,0.0,-0.027431384438355688,-0.17042937004548464,0.01606332824719403,,20.8,-0.20857952018340598,0.43206396679560716,0.7942973770265094,False,False,False
8477,14.25,2026-09-22,-0.06557377049180324,-0.08653848387550744,-0.14925373134328357,0.025179884250006612,,24.8,-0.1874038814812049,0.8675864583640541,0.6867469879518072,False,False,False
8478,139.5,2026-09-22,-0.014134275618374548,-0.014134275618374548,-0.04423966101312182,-0.08618529595740487,,33.1,-0.08238981115104316,0.5499264009762512,0.6323360330968473,False,False,False
8481,41.09999847412109,2026-09-22,0.007352922614469959,0.002438987173684959,0.050340430771342204,0.05791506018973913,,65.6,0.012190280633420869,0.5115956894140213,0.9903614090149659,False,False,False
8482,48.0,2026-09-22,0.014799170702543885,0.004184116446269481,-0.010725406019750139,0.059562426203567,,54.9,-0.048875556157671474,1.4807780833275088,0.900150808327916,False,False,False
8487,71.5,2026-09-22,0.021428571428571352,0.0028050061666478054,-0.09263962904878298,0.08218381626387528,,40.6,-0.1307897791867043,0.275543262383122,0.8604091614065005,False,False,False
8488,9.989999771118164,2026-09-22,0.013184596244167235,-0.0010000228881835715,-0.015763532357184085,0.020428989790034713,,50.6,-0.05391368249510542,0.47836096801563327,0.8430379282299337,False,False,False
8489,23.399999618530277,2026-09-22,0.0833332965403435,0.017391287762186014,0.05882349387426111,-0.050709939932831904,,57.6,0.020673343736339778,2.385514299737533,0.4814814887492331,True,False,False
8499,252.5,2026-09-22,0.005976095617529875,-0.047169811320754707,-0.15133502425190803,0.04123357546379958,,25.8,-0.18948517438982937,0.3795648346671817,0.6514250316228419,False,False,False
8905,34.75,2026-09-22,0.013119556062649584,-0.0028693968005579773,0.20205817816514626,-0.10897435897435892,,74.2,0.16390802802722493,0.736112292777991,0.874626379303773,False,False,False
8906,29.799999237060547,2026-09-22,0.03472222314204698,0.04929576187799678,0.03472222314204698,0.003366951904118398,,58.1,-0.003427926995874353,0.9335604227683688,0.746867120236385,False,False,False
8908,40.5,2026-09-22,0.008717271751421896,0.042011993387629065,-0.0004172761358723909,0.026408416662863754,,53.7,-0.038567426273793726,0.7162773510920827,0.8838224957987174,True,True,False
8916,40.95000076293945,2026-09-22,0.003676508055976857,0.009864402796667004,0.03622012569631261,-0.06398814856668011,,52.3,-0.0019300244416087242,0.5552707338393639,0.8703430294704453,False,False,False
8917,54.5,2026-09-22,0.04807692307692313,0.01869158878504673,0.06990948470957492,0.027268158813449794,,66.4,0.031759334571653586,0.3485723606155193,0.8182568463803934,True,True,False
8921,17.350000381469727,2026-09-22,0.04204208882746174,0.02058825773351325,0.00037072367328550015,0.03567798196432315,,54.7,-0.037779426464635835,1.2111784647719244,0.9075528729239986,True,False,False
8924,49.95000076293945,2026-09-22,0.0010019886880086037,-0.01479289918567872,-0.11278860675261049,-0.20714284503270708,,13.8,-0.15093875689053182,1.0176038817634758,0.7116737029140477,False,False,False
8926,58.70000076293945,2026-09-22,0.02264806973000577,0.03893806660069821,-0.22632700415046247,0.3727286489724999,,43.0,-0.2644771542883838,0.5634483305852462,0.724691367443697,False,False,False
8927,19.149999618530277,2026-09-22,0.018617042323053612,-0.051980252710464914,-0.05666414518261076,-0.16418415276340936,,24.3,-0.0948142953205321,0.762278511429646,0.5008432927176024,False,False,False
8928,23.399999618530277,2026-09-22,0.019607792620098596,-0.014736858167146205,0.16404562803735367,0.04362704991594568,,77.1,0.12589547789943234,0.27379384240517063,0.8740846962386686,False,False,False
8929,12.850000381469728,2026-09-22,-0.011538432194636239,-0.026515108549451827,-0.06204375471746826,-0.1789136936300768,,22.4,-0.10019390485538959,0.5445455304093775,0.7060439474066453,False,False,False
8930,29.200000762939453,2026-09-22,0.003436439180715789,-0.020134177499404382,0.06375227509511383,-0.01882649310300677,,61.2,0.025602124957192496,0.557372005109769,0.9167975011996534,False,False,False
8931,43.04999923706055,2026-09-22,-0.0011600751468834325,0.05128201306461588,0.06793676959815498,0.0021623399590922077,,64.1,0.029786619460233643,1.481293771206524,0.8332690831100573,False,False,False
8932,93.6999969482422,2026-09-22,0.09207451766311503,0.067554324554979,-0.016358168139539497,0.37349989644045967,,76.1,-0.05450831827746083,0.40807408263824574,0.8697064710935606,False,False,False
8933,4.349999904632568,2026-09-22,-0.01805867422258045,-0.05434782721369846,-0.04395610499304026,-0.34090909583509466,,14.3,-0.08210625513096159,0.5658128539286762,0.473340598830706,False,False,False
8935,17.25,2026-09-22,-0.011461361271927095,-0.05994552362955441,-0.14603963621386395,-0.046961346052784236,,19.5,-0.1841897863517853,0.3535673686374702,0.6534091003505981,False,False,False
8936,52.0,2026-09-22,0.019607843137254832,0.011673121718080326,-0.12310285549714284,-0.03525049113341239,,24.2,-0.16125300563506417,0.5329466478252588,0.7503607173171836,False,False,False
8937,27.700000762939453,2026-09-22,0.001808359678083571,0.027829312755766944,-0.02636203795737646,-0.2488135386321504,,22.6,-0.0645121880952978,0.4801636945691884,0.6155555725097657,False,False,False
8938,52.900001525878906,2026-09-22,0.017307721651517394,0.013409976105525967,-0.022181090241919388,-0.1409774189240185,,32.2,-0.06033124037984072,0.710634957507318,0.7493600883620597,True,False,False
8941,44.0,2026-09-22,-0.022222222222222254,0.019818148043326156,0.08349192115632453,0.030755640550750973,,69.0,0.0453417710184032,0.757360640429751,0.9691629630214686,False,False,False
8942,40.70000076293945,2026-09-22,-0.007317054562452352,-0.0412249698126701,0.009065096489193847,0.14296309119763184,,65.9,-0.029085053648727488,0.563331976967897,0.9081586297856656,False,False,False
8996,1655.0,2026-09-22,0.35655737704918034,0.445414847161572,0.13356164383561642,1.1554016795992261,,93.8,0.09541149369769508,0.825480827572555,1.0,True,True,False
9802,63.5,2026-09-22,-0.004702182455298187,-0.08046253339826648,-0.10885094052190925,-0.16803756523296742,,16.9,-0.14700109065983058,0.6659350898079611,0.5910878528768572,False,False,False
9902,13.449999809265137,2026-09-22,0.022813703379285455,-0.032374087885961855,-0.01824817543653745,-0.06271780824248407,,41.2,-0.056398325574458785,0.6201875566851621,0.7493035786959261,False,False,False
9904,24.600000381469727,2026-09-22,0.01443300542143211,-0.017964026718414572,-2.442276977465685e-05,-0.09109042778101639,,41.9,-0.03817457290769599,0.6831998953763712,0.8058809665409206,False,False,False
9905,21.200000762939453,2026-09-22,0.0,-0.013953452886537043,0.05445542253187741,0.08254022671690975,,68.3,0.016305272393956072,0.748888751068922,0.9792148330937767,False,False,False
9906,40.09999847412109,2026-09-22,0.08525027459109169,0.03560297965151338,-0.04846357535445789,-0.013651280201608995,,39.5,-0.08661372549237922,2.1046208622513483,0.6533166092485795,False,False,False
9907,14.899999618530272,2026-09-22,0.0,-0.026143827922748497,-0.03246753327177798,-0.11175287191973104,,33.0,-0.07061768340969932,0.4048632600979429,0.7956754861714315,False,False,False
9908,29.0,2026-09-22,0.0,-0.005145784579527857,0.018972802151883572,0.010453001964170427,,55.8,-0.019177347986037763,0.5859538169686418,0.8757259389155557,False,False,False
9910,68.5999984741211,2026-09-22,0.002923931926617218,-0.03380283839266063,-0.0171920419078907,-0.1157214340366357,,35.5,-0.05534219204581203,0.7912368461949836,0.5318771778683267,False,False,False
9911,81.5,2026-09-22,0.0024599869709089894,-0.01925389294224067,-0.021608679301480915,-0.050443517024671425,,41.7,-0.05975882943940225,0.7210123825485684,0.9361823776793485,False,False,False
9912,13.0,2026-09-22,0.0,0.011673121718080104,0.04417672282416896,0.02766801517978168,,62.2,0.006026572686247622,0.19620700880529038,0.9219857906588887,False,False,False
9914,66.69999694824219,2026-09-22,-0.020558025803934843,-0.2106509236894416,-0.04981263081036591,0.018757604264878935,,42.9,-0.08796278094828724,0.3517504349653992,0.6346205790075764,False,False,False
9917,106.0,2026-09-22,0.0,0.011818209889310038,0.03055558831603533,0.035855537642201174,,60.5,-0.007594561821886003,0.8834258368273036,0.9594399716428051,False,False,False
9918,43.0,2026-09-22,0.00467291510524781,-0.006928388968741039,0.027352147021868722,-0.09017949761846111,,48.1,-0.010798003116052612,0.6516900482870939,0.7265206255318537,False,False,False
9919,14.0,2026-09-22,0.0071942722456206365,0.010830297068508354,0.0071942722456206365,-0.09967846763490062,,42.3,-0.0309558778923007,0.27502648213603154,0.7124682072155242,False,False,False
9921,89.69999694824219,2026-09-22,-0.015367744778575498,-0.1221498252163088,0.22545518789382868,0.28586505827601694,,87.3,0.18730503775590734,0.5677773776898044,0.8188019243989318,False,False,False
9924,37.79999923706055,2026-09-22,0.0026524793659790102,-0.02577319638307707,-0.06086958417240873,-0.11379877908849667,,27.6,-0.09901973431033007,0.5450920557420404,0.7168734671370756,False,False,False
9925,39.650001525878906,2026-09-22,0.005069727733119311,-0.012453299651252081,0.024912427953478478,0.02239740649287625,,58.1,-0.013237722184442857,0.42733410873841954,0.976601059508716,False,False,False
9926,49.29999923706055,2026-09-22,0.006122433409398997,0.0,0.03890644109663621,0.030578528938488114,,61.2,0.0007562909587148781,0.42473440419809627,0.8990536898651666,False,False,False
9927,70.19999694824219,2026-09-22,0.007173601461866408,0.01298692434129034,0.01445086768931425,0.05089810989754007,,58.6,-0.023699282448607084,1.0540078098228753,0.9402712762565626,False,False,False
9928,17.649999618530273,2026-09-22,-0.0028249232911827793,-0.03551910631853561,-0.05361930404579862,-0.013966480744569298,,38.5,-0.09176945418371996,0.8275794096687167,0.8444976048172508,False,False,False
9929,11.0,2026-09-22,0.004566227543908896,-0.02654868899744267,-0.02654868899744267,-0.14062501280568518,,31.1,-0.064698839135364,1.804473734847027,0.7333333333333333,False,False,False
9930,60.79999923706055,2026-09-22,-0.0032787010317942844,-0.050000011920928955,-0.0911808990984656,-0.07754978185909922,,25.9,-0.12933104923638694,0.8622121918541165,0.8881442900860497,False,False,False
9931,33.95000076293945,2026-09-22,0.001474903681711659,-0.0029368128153216544,0.029788078474026092,-0.1031294570610024,,47.0,-0.008362071663895243,0.5822649756131071,0.6975659934629462,False,False,False
9933,40.900001525878906,2026-09-22,-0.023866347579542757,0.022871112986927233,-0.02633918557756143,0.1643916100563252,,61.7,-0.06448933571548277,1.0316701604067042,0.9567251818919043,False,False,False
9934,9.81999969482422,2026-09-22,0.0071794558794071595,-0.12711113823784703,-0.03725491387713009,0.046121098310644815,,48.6,-0.07540506401505143,0.329777255383372,0.8183333079020184,False,False,False
9935,18.350000381469727,2026-09-22,0.02513970796254128,-0.09605906053586544,0.01780330732900559,-0.0055646171593009,,54.0,-0.020346842808915744,0.43619955339901806,0.8779904648993544,False,False,False
9937,54.20000076293945,2026-09-22,-0.010948877417416458,-0.014545440673828125,0.01952789679552991,-0.0038888297643370207,,54.5,-0.018622253342391426,0.8711331907357576,0.8935006937610805,False,False,False
9938,38.34999847412109,2026-09-22,0.01321004016266647,-0.0955189364624408,-0.0768995565304128,-0.1334357131762275,,23.7,-0.11504970666833414,0.7036290554014387,0.6793346870172905,False,False,False
9939,125.5,2026-09-22,0.0,-0.06691449814126393,0.026573335100711803,0.12267804691643502,,67.2,-0.011576815037209531,0.3323636603737479,0.8685121107266436,False,False,False
9940,20.350000381469727,2026-09-22,0.025188916392503424,-0.02398081490897097,0.057142876959466404,0.04752828546818577,,66.0,0.01899272682154507,1.1462378571034333,0.8678901593067005,False,False,False
9941,79.69999694824219,2026-09-22,-0.0160494203920718,-0.00232942396442537,0.06459494808406419,0.09730984436626544,,70.9,0.02644479794614285,0.8132532022551424,0.8360965675857206,False,False,False
9944,17.200000762939453,2026-09-22,0.0029155186892921847,-0.01714281354631697,-0.0364145436772676,0.06024353346083733,,50.3,-0.07456469381518893,0.7564208169956854,0.9322493252948326,False,False,False
9945,28.950000762939453,2026-09-22,0.03577817433643715,-0.0017241116227775244,0.12281566882491202,0.21544227066062915,,81.0,0.08466551868699068,0.9739725375310464,0.9586092725688284,False,False,False
9946,17.25,2026-09-22,0.03293408454693614,-0.028852336496768882,-0.06309940121646263,0.019039910922706405,,40.1,-0.10124955135438396,1.1206811379369042,0.9027901945697436,False,False,False
9950,10.149999618530272,2026-09-22,-0.009756134777534453,-0.019323744499326834,-0.03333336966378364,-0.03791474549506424,,40.3,-0.07148351980170498,0.7559053072441251,0.763157855110486,False,False,False
9955,23.299999237060547,2026-09-22,0.008657958973509627,-0.07722775298770113,-0.12897199113792346,-0.2459547079383173,,10.5,-0.1671221412758448,0.5126431401696439,0.5745992521688036,False,False,False
9957,5.610000133514404,2026-09-22,0.0017857551878819322,-0.04591836320945142,-0.061872890364372934,-0.09223296288949134,,29.4,-0.10002304050229427,0.6537803143144,0.618522637516266,False,False,False
9958,91.0999984741211,2026-09-22,0.006629817393603243,-0.06372049725773055,-0.19015160691775812,-0.22651215814971182,,7.0,-0.22830175705567946,1.2713248473107934,0.5414414752658789,False,False,False
9960,35.25,2026-09-22,0.15196076995300123,0.1614497382847475,0.15603931589757747,0.6154261482905476,,89.9,0.11788916575965613,2.6807411566535655,1.0,True,True,False
9962,9.970000267028809,2026-09-22,-0.0079601912624645,-0.03203882695098381,0.029958672800657782,-0.09363633936101745,,48.2,-0.008191477337263553,0.44117620800585666,0.823966938240526,False,False,False
